time,duration,src_device,dst_device,protocol,src_port,dst_port,src_packets,dst_packets,src_bytes,dst_bytes
86556.1105742608,0.098,Proxy0001,Ext0002,6,31060,443,26,108,905,3773
86622.77147170452,0.041,Web0006,DNS0001,17,17440,53,2,2,62,66
86649.30246036404,10.44,Web0005,DB0001,6,57338,3306,16,82,417,52232
86921.76960186241,21.266,Web0003,DB0004,6,53648,3306,18,339,750,37490
86987.18859478233,30.395,Web0006,DB0002,6,36148,3306,10,243,148,7985
87029.28243264715,7.997,Proxy0002,Ext0035,6,34104,443,6,45,166,85797
87103.51315313275,0.683,Proxy0001,Ext0014,6,36835,443,9,89,7874,1862
87165.45940889315,0.183,FS0003,DNS0001,17,56857,53,4,2,38,113
87427.00918425464,33.607,Web0004,DB0001,6,47212,5432,46,166,2297,21749
87442.50005538882,9.058,Web0006,DB0004,6,36522,3306,83,187,11721,52753
87480.41247003358,39.78,Web0002,DB0004,6,24481,3306,29,27,233,2801
87522.95775889103,8.694,Web0001,DB0004,6,14364,3306,54,60,437,36328
87566.94149383913,4.107,Web0006,DB0001,6,29509,3306,22,306,1410,7690
87608.95417995549,1.586,DC0002,DC0001,6,17696,445,33,484,2544,10035
87636.92058564884,0.17,Mail0001,Ext0018,6,32873,25,4,8,363,879
87714.07843243753,19.253,Proxy0001,Ext0006,6,50532,80,7,49,904,33807
87786.47180281597,1.886,Mail0002,Ext0018,6,37987,25,4,22,110,1168
87901.70944748953,0.297,Mail0002,DNS0001,17,22396,53,3,2,94,145
87926.57757429141,0.508,FS0001,DC0002,6,14034,88,5,3,674,725
88026.09164067481,10.103,Web0001,DB0003,6,40434,5432,11,41,763,3485
88162.64049205155,4.905,Mail0002,DC0001,6,4357,389,5,5,189,109
88236.6410550837,0.072,Mail0002,DNS0001,17,16089,53,2,2,62,99
88265.3362787856,4.873,Proxy0002,Ext0023,6,54080,80,6,38,1580,5333
88287.57763585045,27.516,DC0002,DC0001,6,15028,445,11,9,2609,29281
88298.90844123586,3.468,Web0002,DB0004,6,25081,3306,11,52,1668,13199
88329.02425867482,3.019,Web0005,DB0003,6,14198,3306,37,153,218,9448
88343.38095509374,0.018,DB0003,DNS0002,17,53011,53,2,3,72,146
88395.43186489833,3.973,Web0006,DB0002,6,28041,5432,53,69,2817,9811
88414.92635195922,3.487,Web0006,DB0001,6,53626,5432,30,125,3408,1848
88448.02513780305,0.067,DB0002,DNS0002,17,21808,53,3,2,58,172
88453.94533750082,2.283,Web0001,DB0003,6,23545,3306,10,206,1561,42450
88461.95727836373,12.069,Proxy0002,Ext0024,6,50458,80,14,38,505,13707
88471.36301070508,0.933,Proxy0002,Ext0033,6,37919,443,10,16,931,11803
88513.24776446629,0.172,DB0004,DNS0001,17,14848,53,2,3,140,197
88520.56067926576,5.197,Proxy0002,Ext0021,6,2629,443,16,12,740,9755
88562.50807457742,2.573,Mail0001,Ext0003,6,51454,25,5,2,232,7103
88668.70295897797,0.05,Web0002,DNS0002,17,62158,53,2,3,51,125
88753.39838299657,0.165,Web0004,DNS0002,17,29776,53,3,3,81,310
88875.30303795873,0.222,Mail0001,DC0001,6,28078,389,10,6,1279,1131
89037.36444192646,0.507,Web0006,DNS0002,17,32508,53,3,2,83,36
89253.8369590554,2.043,Proxy0001,Ext0008,6,6326,443,3,39,420,15433
89324.99253170479,1.731,Web0004,DB0004,6,46217,3306,46,13,2438,33565
89408.80614143607,0.055,DB0003,DNS0001,17,44160,53,2,3,47,179
89467.76286526234,0.309,Proxy0001,Ext0032,6,42626,443,5,45,1849,3749
89522.85759076703,0.081,Web0003,DNS0001,17,12226,53,2,3,98,58
89649.78323963545,1.139,Proxy0002,Ext0027,6,45922,443,8,29,320,3416
89711.15417052314,0.276,Proxy0002,Ext0021,6,15083,80,25,108,2598,1162
89721.07117094733,0.432,Web0004,DNS0002,17,60789,53,3,4,54,221
89747.41439941186,1.218,Proxy0002,Ext0020,6,53876,443,4,79,2735,7691
89775.07407278601,0.259,DC0002,DNS0001,17,45806,53,3,2,61,330
89844.29899845574,8.853,Proxy0001,Ext0034,6,21520,443,6,76,524,6151
89933.16993133014,0.77,Mail0002,Ext0031,6,8323,25,4,2,630,604
89951.59499147875,0.122,Web0002,DB0004,6,63302,5432,41,407,1321,6593
89980.43816775513,0.743,Proxy0002,Ext0022,6,48613,443,3,31,302,7334
90128.42425526968,0.121,Proxy0002,DNS0002,17,2546,53,2,3,59,131
90165.8833398913,1.104,Proxy0001,Ext0000,6,27738,443,7,66,309,2549
90240.43955946848,0.031,Web0004,DNS0002,17,34205,53,2,2,123,78
90357.28587660583,5.545,Proxy0001,Ext0011,6,50170,443,8,39,320,2477
90395.72733831227,0.272,FS0003,DNS0001,17,54831,53,2,2,48,197
90406.60195977552,10.462,Proxy0002,Ext0030,6,53687,443,25,23,557,2236
90618.07727514407,13.186,Web0001,DB0002,6,26520,5432,50,24,7910,3920
90771.17056695973,5.051,Proxy0001,Ext0028,6,28360,443,7,22,941,1251
90882.08104640823,0.604,Web0001,DB0001,6,37064,5432,11,54,2817,32747
90958.5841241735,0.039,Web0004,DNS0002,17,1561,53,2,3,93,93
90960.2868951887,0.369,Web0006,DB0001,6,18565,3306,12,59,1998,25792
90968.15077317713,3.447,Web0004,DC0001,6,58997,389,6,6,1718,848
91093.56292626071,13.689,Web0001,DB0004,6,28408,3306,6,294,1638,64928
91102.35137980548,0.16,FS0003,DNS0002,17,19044,53,3,2,77,150
91123.47404326257,1.083,Web0006,DB0003,6,15763,3306,110,366,1035,1980
91287.93580949178,11.482,Web0006,DB0001,6,22091,3306,25,31,541,60018
91353.7478873447,2.508,Proxy0001,Ext0014,6,9713,443,5,38,288,4082
91364.7345731797,44.218,Web0005,DB0003,6,6736,5432,16,91,4039,17703
91426.96064975458,7.002,Web0004,DB0001,6,23476,5432,3,162,3855,16166
91833.9637093404,0.315,Proxy0001,Ext0028,6,20147,80,11,45,1330,4961
91851.1695408548,5.241,Proxy0001,Ext0020,6,10428,443,13,34,142,28957
91892.74246739066,0.856,Web0002,DB0004,6,8891,3306,25,12,2636,80346
92050.98285573519,9.36,Proxy0002,Ext0029,6,58899,443,8,26,1773,1756
92141.52623005325,2.211,Proxy0001,Ext0008,6,55886,443,4,22,4290,3164
92504.41621234092,1.62,Web0006,DB0004,6,23363,5432,31,433,1692,14496
92679.49641675431,9.521,Web0002,DB0002,6,14983,3306,23,164,31632,4130
92710.83737296273,0.031,Proxy0002,DNS0001,17,56828,53,2,3,57,112
92752.37630115643,17.937,Proxy0002,Ext0004,6,44847,443,11,29,543,2229
92830.9273261206,10.743,Web0003,DB0002,6,42266,5432,40,145,2614,4231
92878.49758262037,0.093,FS0001,DNS0001,17,10466,53,2,3,138,146
93192.55734317409,4.681,Web0002,DB0002,6,5406,3306,30,69,1572,17360
93258.81457251115,0.762,Web0005,DB0003,6,43516,3306,6,79,1276,106005
93357.94895672996,6.032,Web0002,DB0002,6,28364,3306,13,128,3668,34374
93406.07729068493,0.451,Proxy0002,Ext0015,6,9300,80,16,85,1062,1803
93417.29366972993,16.961,Web0004,DB0004,6,37366,3306,53,68,2453,2583
93856.34260225465,0.043,DB0004,DNS0001,17,9398,53,2,2,33,176
93943.58509907151,0.697,Web0005,DNS0001,17,49276,53,2,3,51,174
94007.52741870123,19.572,Comp0080,Web0001,6,46410,443,7,36,3611,15411
94092.44551868379,1.785,Web0005,DC0002,6,10182,389,4,5,1045,229
94427.53455193967,3.222,Web0002,DB0002,6,35569,5432,16,59,1536,12187
94497.79657439084,7.38,Web0004,DB0002,6,18411,5432,30,50,2474,28492
94541.12370856076,3.566,Mail0001,Ext0027,6,4247,25,13,4,235,473
94548.76981819676,4.677,Proxy0001,Ext0018,6,41597,443,4,16,3304,5950
94553.34153011761,3.869,Proxy0002,Ext0017,6,25055,443,8,74,3538,6764
94647.77407479742,2.805,Web0006,DB0004,6,38645,3306,24,21,1978,16835
94799.13136905455,3.388,Proxy0002,Ext0030,6,14505,443,19,116,304,2285
94860.32320804182,23.613,Web0001,DB0002,6,51171,3306,29,68,1463,3399
94875.6664225229,7.002,Web0001,DC0002,6,11384,389,8,13,320,633
94886.17210053038,11.825,Proxy0001,Ext0032,6,24155,443,5,37,669,17727
94895.53706537542,5.778,Proxy0002,Ext0008,6,42445,443,5,171,5007,3162
95078.47573407747,3.064,Proxy0001,Ext0001,6,30678,80,3,30,361,1362
95171.22210703779,2.282,Web0005,DB0003,6,23386,5432,152,56,2592,7469
95320.91783891733,8.427,Web0004,DB0002,6,15244,3306,35,496,2433,32841
95423.74671661682,1.326,Proxy0002,Ext0012,6,21304,80,4,63,546,3228
95464.95593260237,18.449,Web0003,DB0002,6,37645,3306,26,344,19180,1515
95490.57914934779,0.156,Proxy0001,DNS0001,17,58256,53,3,2,98,213
95503.14406795535,0.043,FS0003,DNS0001,17,53111,53,3,3,45,231
95552.56301475811,7.249,Web0001,DB0003,6,48187,3306,4,715,1849,76649
95640.74759147518,2.551,Web0002,DB0001,6,9141,3306,10,144,1738,21946
95651.89807545369,0.381,FS0001,DNS0002,17,7531,53,2,3,63,229
95652.11603532814,7.601,Proxy0002,Ext0028,6,58972,443,5,16,199,19220
95697.45654506114,0.137,DB0004,DNS0002,17,33654,53,3,3,92,306
95718.32809216766,0.014,DB0004,DNS0001,17,10932,53,2,3,58,108
95768.18194665907,0.118,Proxy0002,DNS0001,17,37215,53,2,4,49,101
95854.56439323329,3.394,Proxy0001,Ext0039,6,12812,80,6,57,224,5725
95916.34644871374,27.588,Web0003,DB0003,6,49273,3306,19,41,23104,100381
95925.5524374857,0.41,Web0004,DNS0002,17,55936,53,2,3,55,191
96009.56958645498,0.21,Web0003,DNS0002,17,3432,53,2,4,85,204
96304.03417781791,0.054,Mail0001,DNS0001,17,41012,53,3,2,61,76
96375.47788034755,0.559,Proxy0001,Ext0036,6,29269,443,14,76,447,18187
96444.02660335005,0.265,Proxy0001,DNS0002,17,59195,53,3,2,86,259
96632.37739595506,0.698,FS0003,DNS0001,17,41621,53,4,3,69,180
96676.80720772094,4.442,Mail0001,Ext0028,6,51229,25,4,7,1489,1290
96721.96778327123,4.163,Web0001,DB0004,6,44652,5432,16,156,5338,2259
96748.54052714017,3.853,Proxy0001,Ext0025,6,30611,80,5,40,1438,18724
96764.05210580135,3.171,Proxy0001,Ext0004,6,35689,443,13,14,604,2316
96863.41861094371,1.687,Proxy0002,Ext0011,6,49098,80,9,12,439,28420
97013.16761822283,12.871,Proxy0002,Ext0029,6,43254,80,7,39,115,4787
97200.30796951195,5.438,Proxy0002,Ext0020,6,3611,443,5,18,257,8423
97441.5861283231,0.134,Mail0002,Ext0034,6,54086,25,9,4,279,1113
97485.04811170987,5.709,Web0004,DB0004,6,28740,3306,14,146,931,12440
97508.12251359572,15.558,Proxy0002,Ext0017,6,43010,443,5,14,480,21723
97543.6432078295,0.325,Mail0001,DNS0002,17,13174,53,2,4,88,84
97724.84878281667,13.218,Web0005,DB0002,6,6283,5432,53,29,2561,16461
97753.5682040717,0.179,Web0002,DNS0002,17,41336,53,4,3,30,97
98045.7275369626,2.099,Proxy0001,Ext0016,6,9485,443,12,17,237,2347
98118.90932361726,3.838,Web0003,DB0002,6,62947,3306,18,949,8079,4360
98128.04637250674,4.394,Proxy0002,Ext0019,6,2637,80,12,58,1231,1624
98168.49863707901,40.93,Web0006,DB0002,6,15752,3306,37,38,480,6967
98342.92077233359,0.117,Web0004,DNS0002,17,23208,53,2,2,50,196
98465.58625648127,0.033,Proxy0002,DNS0001,17,15567,53,3,3,75,156
98471.71025861835,2.007,Mail0002,DC0001,6,43956,389,7,3,211,600
98482.25210428,0.263,Web0002,DC0002,6,9490,389,3,38,241,627
98530.59107497844,1.992,Web0001,DB0002,6,36431,5432,18,32,5528,11012
98533.03474944714,2.522,Proxy0002,Ext0010,6,27935,443,7,34,1771,2505
98564.30961625511,0.214,DC0001,DNS0002,17,58435,53,3,2,49,221
98610.0847806038,1.214,Proxy0001,Ext0032,6,54319,443,12,122,495,9652
98613.55549558673,0.019,DB0002,DNS0002,17,34956,53,3,2,74,72
98620.27595637628,10.067,Proxy0001,Ext0006,6,52940,443,4,73,665,12099
98845.03355218268,0.688,Proxy0001,Ext0028,6,36520,443,10,21,970,18945
98944.00663836826,0.647,Mail0002,Ext0027,6,42534,25,6,5,945,2484
98971.84500346628,0.929,Web0006,DNS0002,17,50901,53,3,2,66,604
99056.8146663719,1.337,Comp0065,Mail0002,6,6831,587,3,6,385,2271
99178.84085792842,12.84,Comp0003,Proxy0001,6,2245,3128,5,57,2626,4893
99312.95871857124,7.053,Proxy0002,Ext0015,6,62268,443,17,20,794,3454
99407.9423469629,16.185,Proxy0002,Ext0011,6,52722,80,7,51,1978,1391
99425.77992403554,0.969,Comp0007,Web0004,6,50479,443,10,55,376,13485
99479.22954282681,0.324,Proxy0001,DNS0001,17,8081,53,2,2,51,351
99629.08406505964,30.127,Web0005,DB0002,6,64981,3306,16,37,5108,28392
99683.0710714654,2.292,Proxy0002,Ext0024,6,38369,80,19,85,761,995
99700.5473018445,4.686,Web0005,DB0001,6,40178,3306,21,132,3912,4158
99727.00527372725,0.379,Web0002,DB0002,6,21597,3306,13,580,746,88260
99786.93601353676,6.99,Comp0034,Web0002,6,26253,80,3,15,207,40214
99891.4707848161,0.285,Proxy0002,DNS0001,17,53503,53,3,3,55,152
99983.62276288233,1.884,Proxy0002,Ext0028,6,59129,80,10,39,402,2914
99985.41823996889,1.744,Proxy0001,Ext0012,6,14114,80,4,21,2124,16161
100138.67351250415,0.383,Proxy0001,Ext0015,6,30833,443,7,21,5193,13687
100272.68207896603,6.78,Proxy0002,Ext0028,6,41630,443,6,26,395,10551
100276.77098806298,0.18,Web0001,DB0002,6,9539,3306,19,166,654,42168
100313.44503557635,1.009,Proxy0001,Ext0026,6,59510,443,8,70,751,4220
100327.24540512674,20.961,Web0001,DB0004,6,31424,3306,22,571,2398,3740
100437.24062038677,0.132,Web0005,DNS0002,17,37668,53,2,2,77,157
100514.01815256059,5.324,Web0006,DB0004,6,44638,3306,15,245,1593,16496
100540.67428475776,10.692,Proxy0001,Ext0016,6,33562,80,10,39,1650,4367
100605.69245238959,0.066,Comp0020,Proxy0001,6,48017,3128,12,50,130,4775
100621.1347752976,0.142,Proxy0001,DNS0001,17,62661,53,3,2,74,51
100701.2377495025,0.028,Web0005,DB0002,6,22760,3306,17,249,3427,15155
100749.09623660459,39.034,Web0004,DB0001,6,50507,5432,11,96,1377,5161
100866.74298566606,5.56,Proxy0001,Ext0036,6,34626,80,6,122,109,12880
100889.86478175208,5.077,Web0003,DB0001,6,45299,3306,17,22,5139,24630
100974.3523255456,11.697,Proxy0002,Ext0011,6,25476,443,2,26,1127,12690
101044.46906495011,4.401,Proxy0002,Ext0031,6,39748,80,4,108,1008,14932
101128.29815189446,0.41,Proxy0001,DNS0001,17,22542,53,2,3,35,58
101165.03661411445,11.966,Proxy0002,Ext0039,6,39014,80,3,41,1786,21948
101200.94019094208,4.927,Comp0018,Web0002,6,50958,443,6,84,829,1676
101372.29161021819,0.869,FS0003,DC0002,6,29559,88,8,4,982,402
101462.91457425305,3.402,Comp0036,Mail0002,6,17908,993,5,8,724,1238
101550.95161342574,0.037,Proxy0002,DNS0001,17,6157,53,3,3,51,204
101571.12910278473,9.65,Proxy0001,Ext0018,6,9934,80,6,19,280,8744
101626.57684907856,0.058,Web0005,DNS0001,17,5653,53,2,2,61,85
101629.91274962369,11.751,Comp0021,Web0005,6,24150,443,20,67,297,5249
101661.36095494241,1.805,Proxy0002,Ext0008,6,29225,80,14,50,228,4028
101834.73147400194,3.289,Web0005,DB0004,6,48744,3306,16,14,2379,34599
101851.92248282356,0.177,DNS0002,DC0002,6,35083,389,3,3,747,1516
101857.40360781562,0.041,FS0001,DNS0001,17,51796,53,2,2,40,180
101951.2355278249,0.422,Comp0002,DNS0002,17,25297,53,2,2,56,270
102007.76435762383,1.978,Proxy0001,Ext0023,6,57283,443,11,22,797,2239
102100.10192826606,0.037,Proxy0002,DNS0001,17,7002,53,2,3,75,260
102124.71354961746,0.785,Proxy0001,Ext0002,6,16183,443,5,39,115,17954
102126.3578975762,11.69,Comp0027,Web0003,6,55872,443,11,42,803,3154
102135.43349155888,9.716,Proxy0002,Ext0000,6,42130,80,18,112,275,6610
102169.64481287311,0.977,Mail0002,Ext0032,6,50851,25,4,16,462,297
102298.01712367534,4.179,Web0001,DB0003,6,62284,3306,17,50,1426,24334
102443.54981012903,1.646,Proxy0001,Ext0031,6,34831,443,8,60,422,2565
102466.40644044377,6.523,Web0005,DB0004,6,11387,5432,23,29,1104,6199
102570.81959504253,0.201,Web0003,DNS0002,17,37538,53,2,2,47,203
102592.97415399819,0.014,Web0006,DNS0001,17,19182,53,2,3,39,125
102630.57862973645,8.457,Comp0025,Web0001,6,38071,80,8,25,1140,3656
102655.56608037108,5.164,Proxy0002,Ext0023,6,61218,80,21,38,283,1069
102673.77287507303,0.117,Proxy0001,DNS0002,17,11413,53,2,4,58,429
102695.23175266775,3.472,Mail0001,Ext0016,6,12070,25,10,17,466,464
102710.088680093,7.826,Comp0046,Mail0002,6,45135,993,5,11,370,2095
102742.9141359556,0.398,Web0001,DB0001,6,8157,3306,80,37,1490,32657
102747.35802952427,3.353,Proxy0002,Ext0028,6,48058,80,15,35,960,41824
102850.60088471843,9.553,Proxy0001,Ext0031,6,3141,443,14,34,368,32984
102890.24939113623,0.436,Mail0001,Ext0020,6,50990,25,3,5,289,190
102926.7143560733,0.132,Web0001,DNS0001,17,2050,53,3,4,75,72
102983.44118171562,10.562,Web0003,DB0001,6,64856,5432,29,65,3252,190397
103029.59535537775,12.631,Proxy0002,Ext0006,6,57247,80,22,70,1013,15773
103100.00495465263,16.163,Comp0079,FS0001,6,2953,445,57,119,17473,7865
103180.6415060533,7.827,DC0002,DC0001,6,44025,445,12,84,742,7067
103192.4289469303,3.895,Proxy0001,Ext0025,6,28648,80,7,33,1072,33336
103247.89869528919,0.089,DB0003,DNS0002,17,42994,53,3,2,67,173
103279.82507073923,9.349,Proxy0002,Ext0024,6,35063,443,42,18,1782,22721
103477.96785166145,41.669,Web0006,DB0003,6,49500,3306,6,41,1440,64962
103496.64195358392,1.56,Mail0001,Ext0027,6,36228,25,4,15,323,131
103535.05755805733,12.87,Web0003,DB0001,6,26709,3306,25,129,1824,737
103746.53327212764,0.924,Web0004,DNS0001,17,42294,53,2,3,43,59
103888.5823423859,9.152,Proxy0002,Ext0025,6,59915,443,3,34,623,13557
103903.89130186784,0.213,Proxy0001,DNS0001,17,1808,53,2,3,51,42
104004.44611416552,18.275,Web0004,DB0004,6,21471,3306,38,143,904,9031
104073.73670459902,31.967,Comp0033,FS0001,6,3715,445,29,32,1949,10062
104124.2932082308,0.591,Comp0038,DNS0002,17,24356,53,3,2,53,54
104158.65669096562,0.89,Comp0053,Web0003,6,46246,80,5,60,137,1831
104168.1099284843,5.158,Comp0032,Proxy0002,6,46173,3128,9,13,861,8105
104220.20233254107,0.324,Comp0044,DNS0002,17,40602,53,3,3,94,276
104226.92932243826,0.258,Web0001,DB0001,6,36706,3306,59,124,741,2959
104238.07719085121,0.242,DC0002,DNS0002,17,47405,53,2,3,49,63
104272.34727094349,1.357,Web0003,DB0001,6,14071,3306,14,561,2108,1095
104283.0730635367,0.726,Comp0051,DNS0001,17,12425,53,2,3,36,114
104283.32002626677,0.086,Web0003,DNS0001,17,62609,53,2,2,32,74
104368.53291983882,4.588,Proxy0001,Ext0010,6,24071,443,4,87,187,4141
104455.78918144373,9.65,Proxy0002,Ext0002,6,8750,443,15,37,398,24612
104564.64737094323,8.947,Web0003,DB0002,6,50080,3306,18,66,4137,7008
104575.47365717118,4.776,Comp0002,DC0001,6,28864,389,10,11,225,501
104613.28612086909,0.074,Mail0002,DNS0002,17,33863,53,3,2,47,53
104623.91885144364,14.405,Proxy0002,Ext0003,6,50828,80,9,32,2417,1704
104653.66007059207,2.157,Web0005,DB0002,6,3004,5432,16,79,1444,2827
104682.5217325446,4.405,Proxy0001,Ext0012,6,14362,443,7,34,908,10026
104723.88030579915,3.893,Mail0001,Ext0005,6,22083,25,3,5,255,253
104739.4107934058,0.274,Web0001,DB0002,6,27312,3306,6,364,4382,9639
104764.43567580922,3.397,Comp0043,Proxy0001,6,46153,3128,8,66,358,24343
104820.54682357667,10.36,Proxy0001,Ext0025,6,19249,443,13,96,286,3904
104888.17195950812,7.7,Web0001,DB0002,6,7985,3306,11,35,3150,195456
104894.08997048312,4.127,FS0001,DC0001,6,48023,88,8,5,374,185
104896.78348063663,0.138,DC0002,DNS0002,17,2254,53,2,3,78,202
104942.29968567159,7.424,Web0003,DB0004,6,2089,5432,45,164,3720,6350
104944.17316780254,3.939,Proxy0002,Ext0004,6,60208,80,13,62,1936,48165
105035.6889879348,0.029,DB0001,DNS0001,17,63091,53,2,3,33,134
105140.2650238233,1.184,Web0006,DB0004,6,33370,3306,10,85,3054,5224
105243.9160863841,0.351,Web0005,DB0001,6,23627,3306,40,62,3150,129214
105249.50119170254,16.585,Web0006,DB0003,6,25317,5432,8,24,2073,18351
105294.35337293443,4.045,Web0001,DB0004,6,39753,3306,13,183,1122,7919
105303.51774614479,0.128,Web0006,DNS0002,17,48943,53,3,5,44,115
105311.77567866292,7.573,Comp0013,Web0006,6,7206,443,38,139,872,11990
105453.34460329093,5.894,Mail0001,Ext0007,6,22065,25,3,3,249,569
105483.65787451559,0.057,Proxy0001,Ext0012,6,24060,443,5,24,239,10892
105591.09997998922,17.094,Web0002,DB0002,6,13756,3306,22,50,847,29723
105597.00034507501,7.244,DC0001,DC0002,6,30813,445,31,85,4977,22327
105689.41910665444,0.194,Comp0043,DC0001,6,34420,389,4,24,824,1951
105798.60134319142,0.25,Comp0024,DNS0001,17,7900,53,2,2,92,123
105828.79423729697,4.706,Web0002,DB0004,6,43566,3306,62,362,1596,6066
105862.1910869382,0.026,Comp0014,DNS0002,17,63147,53,2,2,37,124
105866.84562919087,0.441,Web0001,DNS0002,17,27706,53,2,3,54,65
105882.19659890031,0.038,Web0002,DNS0002,17,22264,53,2,2,34,199
105889.76825389404,0.162,Proxy0001,DNS0002,17,2983,53,2,3,68,330
105901.39711864153,6.794,Comp0004,Web0006,6,30613,80,12,108,918,5318
105910.28827047035,0.151,Web0002,DNS0002,17,3266,53,3,2,66,211
105946.85749845664,0.611,Proxy0002,Ext0036,6,39310,443,13,30,1288,2992
105996.89061604976,1.08,DB0001,DNS0002,17,32742,53,4,2,52,140
106041.46137542487,0.329,Web0002,DNS0002,17,26186,53,3,3,91,121
106079.45790489188,0.591,Comp0063,Web0001,6,1929,443,12,33,586,6428
106106.00123576775,0.176,Comp0042,DNS0002,17,61571,53,2,4,82,98
106126.82286892395,34.202,Comp0046,DC0002,6,7535,445,88,83,2380,50001
106159.55075988789,52.882,Comp0044,FS0002,6,25206,445,9,70,2666,27421
106210.38417718657,0.269,Web0002,DNS0001,17,42275,53,2,2,58,252
106287.69253815139,5.09,Web0002,DB0001,6,19790,3306,7,35,4061,46249
106468.72773155979,3.886,Comp0014,Proxy0002,6,17345,3128,5,73,762,24760
106545.80162857474,1.186,Comp0043,DC0002,6,33648,88,8,5,758,1437
106707.00288731005,4.175,Web0003,DB0004,6,63202,3306,43,432,1112,41482
106723.76959951078,0.111,Comp0058,DNS0002,17,50389,53,3,3,99,158
106783.73427059579,1.775,Comp0046,Mail0001,6,34042,993,7,12,148,1493
106803.27533981112,5.856,Comp0023,Web0005,6,62350,443,5,24,1229,9948
106834.2207699572,1.377,Proxy0001,Ext0005,6,60057,443,3,23,238,2735
106846.0334514045,1.129,Comp0014,Mail0001,6,37973,993,12,10,1486,641
106906.53300468384,5.699,Proxy0001,Ext0038,6,59751,80,5,30,3905,14000
106924.54855111547,4.328,Proxy0001,Ext0016,6,20231,80,8,65,734,17720
106949.60329815389,1.625,Comp0070,Proxy0001,6,45855,3128,8,59,341,1542
106986.34616404708,50.745,Comp0007,DC0002,6,12681,445,6,27,4246,5395
106992.50013413577,1.734,Web0001,DB0001,6,34532,3306,7,53,3469,41801
107054.94968718087,1.444,Proxy0002,Ext0003,6,63000,443,20,41,622,2294
107220.57139501534,5.744,Proxy0001,Ext0004,6,53225,443,59,23,456,6748
107248.91318819491,1.711,Comp0040,Mail0001,6,44230,587,6,7,181,1381
107358.2230372256,1.418,Comp0015,Web0002,6,32306,443,10,23,858,16533
107448.44412464755,11.043,Web0006,DB0003,6,19467,3306,40,75,2066,29105
107473.37544299506,0.055,Mail0002,DNS0002,17,26439,53,2,2,78,258
107520.50640351517,1.983,Comp0051,Web0004,6,36862,443,9,56,297,2533
107557.5899739073,7.408,Comp0080,Web0006,6,27684,443,20,28,914,7915
107719.65817169577,0.205,Comp0039,DNS0002,17,56713,53,2,3,62,117
107746.49197923407,3.823,Comp0069,DC0002,6,55489,445,10,113,3949,21238
107880.10923790056,17.788,Comp0074,Web0001,6,5114,443,7,12,379,13026
107899.86565533654,0.576,Proxy0002,DNS0002,17,63528,53,3,3,79,113
107940.8220885809,4.881,Proxy0001,Ext0020,6,47978,80,12,30,183,1797
107942.36474367586,1.596,Web0005,DB0001,6,8879,3306,10,27,3807,16142
107948.87136442256,1.813,Comp0027,Web0002,6,41367,443,5,56,532,12544
107995.50513436124,0.445,Comp0027,DNS0001,17,35383,53,2,3,82,95
108059.69283994158,1.904,Comp0016,Proxy0002,6,38405,3128,8,8,1602,6902
108090.1302349593,2.491,Proxy0001,Ext0008,6,36740,443,4,78,172,31373
108108.14756392059,6.253,Web0003,DB0002,6,28003,3306,17,144,1494,1533
108134.80871110514,0.48,Web0002,DNS0001,17,23860,53,2,2,76,146
108137.02695427985,3.907,Mail0001,Ext0021,6,53163,25,4,4,207,152
108156.43301018281,0.187,Comp0037,DNS0002,17,2238,53,3,3,110,204
108181.47102576941,22.538,Comp0079,FS0003,6,11867,445,37,302,469,12046
108214.70931018356,8.867,Proxy0002,Ext0037,6,26049,80,12,22,654,2997
108242.58275055108,25.068,Comp0072,FS0003,6,25913,445,28,56,416,3796
108283.26112136792,1.649,Comp0063,Mail0002,6,43951,993,2,3,161,686
108322.67975994702,5.515,Proxy0002,Ext0011,6,49282,443,43,16,252,2814
108333.38937880867,1.359,Comp0065,DC0001,6,46203,88,4,9,296,1771
108344.88355448746,2.371,Proxy0002,Ext0003,6,1172,80,6,39,269,878
108374.54448507767,1.409,Web0004,DB0002,6,37841,5432,18,312,2162,39058
108433.34051541713,0.425,Comp0021,FS0002,6,25702,445,9,108,375,26314
108444.29531224532,0.805,Comp0009,DNS0001,17,2568,53,3,2,65,357
108507.20434270082,8.483,Comp0053,Web0003,6,44882,80,9,123,149,3682
108527.34555297866,31.853,Web0006,DB0004,6,50652,3306,10,117,6376,12477
108567.08085830652,20.636,Comp0063,FS0002,6,34654,445,66,140,2296,4815
108631.43505142097,0.055,Comp0037,DNS0001,17,11532,53,2,2,32,133
108646.50209245845,6.048,Comp0078,Mail0002,6,33284,587,9,3,559,663
108705.9547833883,1.738,Proxy0001,Ext0023,6,10009,80,2,29,955,1544
108727.88639068941,0.028,Comp0055,DNS0002,17,34494,53,2,3,130,266
108817.59975620039,1.216,Comp0050,Web0002,6,20151,443,17,25,1572,5647
108855.09356305504,4.686,Comp0008,FS0002,6,21930,445,58,66,531,10949
108900.58711348372,4.778,Proxy0002,Ext0027,6,51696,80,5,32,1405,4740
108963.9227778462,0.243,Proxy0002,Ext0022,6,62254,443,8,28,326,2637
108970.725768684,3.136,Comp0080,Web0005,6,1456,443,10,20,3433,11705
108976.43552343253,5.697,Comp0003,Web0005,6,6929,443,12,90,3085,5518
109122.9549836274,2.975,Proxy0002,Ext0004,6,53364,443,7,37,773,1029
109125.75350587534,0.706,Comp0036,Mail0002,6,59345,587,5,5,373,235
109128.55704353089,0.383,Web0003,DNS0001,17,12736,53,2,3,120,167
109143.71426670215,0.351,Web0003,DNS0001,17,59691,53,2,3,62,82
109246.3726559653,3.699,Proxy0002,Ext0018,6,36335,443,7,10,147,1559
109267.15302548566,1.638,Comp0075,Web0001,6,35235,80,3,45,469,3262
109315.17307684137,0.027,Comp0076,DNS0002,17,20850,53,3,2,53,66
109319.52355723729,0.035,Comp0032,DNS0001,17,23777,53,2,2,126,97
109325.24737830766,6.68,Comp0042,Web0004,6,9098,80,7,267,2224,956
109367.2627895597,12.289,Proxy0001,Ext0035,6,63932,443,6,42,832,7185
109404.76463692564,0.057,Comp0078,DNS0001,17,55478,53,2,3,117,100
109419.98864894224,5.89,Comp0014,Web0004,6,38491,443,34,44,395,26591
109421.13786134035,2.67,Comp0049,Mail0002,6,2592,993,7,10,373,165
109457.43359221349,0.688,Comp0013,DC0002,6,12686,88,7,5,823,381
109459.83587972887,11.685,Comp0046,DC0002,6,59852,445,28,92,5655,38783
109485.1442299606,3.061,Proxy0001,Ext0006,6,41634,80,17,36,826,1610
109595.15936223551,1.762,Proxy0001,Ext0032,6,31619,443,7,16,1212,7122
109645.18808869443,7.669,Comp0005,Web0003,6,28111,443,5,31,181,1655
109655.08049614588,0.827,Comp0006,Web0001,6,9670,80,21,53,202,12818
109679.46196057294,3.428,Comp0079,Web0006,6,31604,443,10,58,2139,3876
109742.98692898596,0.131,Comp0040,DNS0001,17,23103,53,2,2,46,101
109789.51900164303,0.068,Comp0066,DNS0002,17,43204,53,3,2,81,102
109793.84665630822,0.665,Proxy0002,Ext0014,6,11810,443,9,33,1798,1322
109794.4588861173,0.088,Comp0067,DNS0002,17,45574,53,2,3,30,191
109797.48874612676,0.132,Comp0072,Proxy0001,6,4189,3128,3,22,814,1816
109842.48612973727,2.917,Proxy0002,Ext0024,6,15350,80,8,10,5829,369
109862.82247457324,1.975,Web0002,DB0001,6,63039,3306,37,60,1057,18244
109893.97996273042,1.392,Mail0002,Ext0039,6,27840,25,2,3,216,235
109925.60981061551,10.752,Proxy0001,Ext0039,6,33826,443,9,10,837,7881
110008.35943368713,0.123,Comp0063,DNS0001,17,50635,53,2,3,60,153
110009.91175953363,1.673,Comp0007,Web0005,6,2068,80,3,7,345,11790
110015.10228074295,0.71,Web0006,DNS0002,17,60106,53,2,3,85,204
110094.1128156797,13.509,Proxy0001,Ext0001,6,53991,443,15,17,314,1787
110134.55474392616,14.694,Proxy0002,Ext0029,6,40628,80,14,55,898,9503
110150.0451576116,0.003,Proxy0001,DNS0001,17,54892,53,2,2,75,199
110166.1799768992,39.459,Web0006,DB0004,6,15717,5432,17,88,1411,2123
110172.31300479124,0.07,Proxy0001,DNS0002,17,28491,53,2,3,68,150
110223.38476688393,1.308,Comp0052,Web0003,6,8134,80,7,70,779,18572
110370.18192899853,5.168,Comp0046,Mail0002,6,27312,993,5,13,3458,2625
110416.75320433817,0.081,Comp0061,Web0006,6,44087,443,24,29,804,1636
110450.34715182289,19.158,Comp0080,Web0002,6,22452,443,3,21,306,24523
110461.68165816538,0.111,Comp0014,DNS0001,17,40118,53,2,2,72,149
110483.10397985908,0.224,Comp0057,DNS0002,17,18367,53,3,2,123,92
110494.20498287526,13.222,Proxy0001,Ext0020,6,34982,443,14,112,345,1863
110545.04645479753,0.034,Web0002,DNS0001,17,37396,53,2,2,62,116
110565.31476404463,4.177,Proxy0001,Ext0036,6,60054,443,3,31,2351,8777
110594.01114303345,4.949,Proxy0002,Ext0020,6,46566,443,6,5,403,9547
110605.70441530702,0.236,Comp0035,DNS0002,17,64236,53,2,2,82,189
110657.122704435,0.209,Comp0076,DNS0002,17,52026,53,2,3,88,116
110674.0870924045,5.01,Comp0076,FS0003,6,38364,445,42,53,2194,2021
110733.14219454964,1.456,Comp0012,Web0003,6,37627,443,6,17,1248,16142
110746.79438140671,0.555,Web0006,DB0003,6,19103,5432,20,54,328,21508
110781.12382240062,0.024,Web0003,DNS0002,17,46701,53,3,2,57,119
110802.73837925802,1.768,Comp0030,DC0001,6,5627,88,5,4,494,2578
110832.30516298566,5.097,Comp0073,DC0002,6,7468,389,3,8,332,405
110857.81209949948,13.488,Comp0008,Web0005,6,37646,443,26,40,1025,1172
110870.61533280289,0.229,Comp0073,DC0002,6,59894,445,8,305,8760,2582
110922.03604747988,3.769,Comp0039,Proxy0001,6,12290,3128,15,42,3080,4377
110952.8696953608,0.122,Comp0010,DNS0002,17,2010,53,2,3,34,70
110960.7010910959,11.663,Comp0025,FS0003,6,45516,445,18,105,905,47382
111007.88010820429,4.81,Comp0020,FS0002,6,22965,445,53,290,2891,29961
111050.14239047418,8.834,Comp0031,Web0004,6,20537,443,4,37,276,108216
111116.32794902935,0.047,Comp0075,DNS0002,17,1517,53,3,2,111,104
111175.0310909941,4.791,Comp0038,Web0006,6,44426,443,7,51,3565,1012
111212.37675107531,0.081,Comp0015,DNS0001,17,56079,53,2,2,77,143
111218.56859113683,4.213,Web0003,DB0004,6,46081,3306,13,95,8618,20781
111238.76030611675,0.033,Comp0030,DNS0002,17,42774,53,4,3,108,230
111258.37400507761,7.536,Comp0013,FS0001,6,64212,445,20,147,1659,1288
111261.61200324706,11.767,Comp0018,Proxy0002,6,50918,3128,4,14,476,7910
111277.51911790334,11.363,Proxy0002,Ext0014,6,42649,443,9,16,220,5771
111314.09982642056,18.798,Comp0069,Mail0002,6,56534,993,3,15,1354,307
111328.1352958864,28.549,Comp0003,Proxy0001,6,40258,3128,8,176,1253,821
111334.77742844915,5.066,Comp0072,DC0001,6,2427,88,2,4,1109,499
111371.62033512973,1.767,Comp0069,Mail0001,6,16467,587,3,5,95,326
111372.18445901762,0.006,Comp0069,DNS0001,17,32262,53,2,3,95,136
111383.86550708451,0.158,Web0003,DNS0001,17,25002,53,2,3,58,75
111398.30014262444,16.645,Web0001,DB0004,6,3071,3306,11,103,646,14665
111415.17015614409,9.678,Comp0020,DC0002,6,44141,445,33,127,2405,24411
111495.24083489693,0.87,Comp0072,Web0002,6,1606,443,6,14,160,24798
111527.78297387951,7.108,Proxy0001,Ext0028,6,2170,443,7,21,373,43316
111541.27392359689,0.095,Comp0042,DC0001,6,2611,88,4,6,624,376
111571.38010095971,1.672,Comp0038,Web0004,6,48798,443,2,9,294,1458
111627.84024990692,5.551,Comp0020,Web0006,6,10116,443,12,13,266,8266
111642.22155584238,1.069,Comp0023,Proxy0002,6,49560,3128,20,74,293,6996
111683.24838153977,20.879,Comp0002,Web0003,6,59727,443,6,45,1132,19398
111695.86473365099,4.558,Comp0034,Web0005,6,55349,80,10,107,559,3444
111710.59329707944,0.065,Comp0046,DNS0001,17,59376,53,2,3,27,137
111721.51003898832,5.701,Comp0047,Proxy0001,6,64025,3128,9,9,1067,16062
111726.49680485192,1.225,Web0004,DB0002,6,5877,3306,61,55,1969,15570
111752.36406425337,0.717,Comp0069,DNS0001,17,10107,53,2,2,77,166
111755.69789512508,8.102,Web0005,DB0004,6,24512,3306,50,218,1109,9025
111766.70196183861,0.356,Comp0026,DNS0002,17,62139,53,3,3,81,414
111826.18965634111,0.013,Comp0050,DNS0001,17,46237,53,3,2,158,158
111833.60251366605,1.786,Web0004,DB0001,6,38366,3306,16,80,2340,8412
111852.98195871158,3.892,Comp0070,DC0002,6,54626,389,3,11,2483,291
111892.96444282625,0.353,Comp0065,DNS0002,17,28138,53,3,2,36,149
111949.48030271186,3.737,Comp0014,Proxy0001,6,31334,3128,12,27,203,22862
111964.15855295646,4.267,Comp0002,DC0002,6,15408,88,5,2,761,1952
111971.07709059826,4.186,Proxy0002,Ext0032,6,18557,443,12,55,475,2162
111991.85343847467,0.621,Comp0004,Mail0002,6,16606,993,4,4,577,765
112032.28146323237,12.377,Comp0052,Web0003,6,31653,443,4,17,102,2539
112046.47548360037,3.775,Proxy0001,Ext0021,6,24927,443,3,68,1614,874
112051.82124047901,1.384,Comp0011,DC0002,6,10893,389,4,6,291,230
112054.05245455887,28.727,Web0006,DB0003,6,10283,5432,80,83,1224,5530
112058.24562776226,0.901,Comp0019,Mail0002,6,34096,587,4,12,699,1874
112075.26548659174,0.069,Web0006,DNS0002,17,63149,53,2,2,60,159
112125.57460646093,4.351,Comp0035,Web0004,6,12952,443,10,126,3003,3419
112132.96587972995,0.247,Comp0075,Mail0001,6,2461,993,5,17,569,256
112139.89509284476,7.999,Comp0021,FS0002,6,43121,445,15,129,431,1857
112145.64016990378,1.415,Proxy0002,Ext0036,6,13155,443,12,92,535,5836
112146.70693047551,9.574,Proxy0002,Ext0007,6,42695,443,9,33,269,5349
112161.06701357174,0.888,Comp0049,FS0002,6,59984,445,165,105,801,78637
112189.18107806484,9.77,Comp0066,DC0002,6,43423,445,38,423,1738,16833
112225.153683782,0.11,Mail0001,DC0001,6,11022,389,5,9,283,893
112269.67227621879,3.899,Comp0051,FS0002,6,18620,445,9,59,3389,6465
112288.24487572485,8.411,Proxy0001,Ext0006,6,34702,80,10,56,381,6094
112299.58942298681,1.975,Comp0030,Proxy0001,6,7359,3128,14,18,997,6242
112311.91796249265,0.001,DB0004,DNS0002,17,16707,53,2,2,75,61
112317.32605532132,21.818,Comp0057,Proxy0001,6,11360,3128,21,16,757,3914
112329.7821023861,0.286,Comp0017,DNS0002,17,15336,53,2,2,73,261
112376.21000288743,0.317,Comp0003,DNS0002,17,18734,53,3,2,190,104
112379.64188664996,12.338,Web0003,DB0004,6,50118,3306,115,169,2891,5047
112434.3750983083,0.032,Comp0079,DNS0001,17,20158,53,2,2,94,185
112452.83374550262,0.388,Comp0003,DNS0001,17,3866,53,2,2,79,98
112492.54796484193,9.587,Web0004,DB0001,6,45927,3306,16,183,3740,16154
112509.93073406433,0.067,Comp0042,DNS0002,17,22435,53,2,2,81,167
112512.17099541768,0.065,DB0003,DNS0001,17,4490,53,2,2,44,86
112519.39041967377,1.567,Comp0042,Web0004,6,12032,443,7,57,321,1667
112524.71075829602,1.535,Comp0031,Web0004,6,15078,443,6,29,754,1595
112558.82867932557,3.089,Comp0052,DC0001,6,35492,445,45,62,3687,15580
112565.96788446356,0.155,Comp0020,DNS0001,17,3381,53,3,2,48,114
112572.28017299276,4.125,Comp0036,Web0001,6,13115,443,9,167,6316,1091
112584.91763831138,2.283,Comp0077,Mail0002,6,46024,993,3,8,224,859
112642.03349931465,0.801,Comp0053,Mail0002,6,50636,587,4,6,116,520
112681.8648472249,0.348,Mail0001,DNS0001,17,36115,53,3,3,61,302
112696.93286924384,3.72,Comp0018,DC0001,6,46770,389,3,7,252,1641
112728.264066451,6.504,Comp0064,Web0006,6,15197,443,8,85,1870,2118
112730.5694302456,1.456,Comp0050,DC0002,6,22572,389,7,9,1021,939
112737.80020479146,8.645,Web0006,DB0004,6,34707,3306,34,365,1823,4744
112744.50556864432,0.422,Comp0022,DNS0001,17,21743,53,2,2,63,224
112769.37365167623,0.473,Comp0014,DC0001,6,52181,445,6,52,1544,17407
112776.57130544813,7.743,Proxy0001,Ext0007,6,29698,80,19,102,2200,8200
112802.78097320828,0.145,DC0001,DNS0001,17,37341,53,2,2,50,232
112877.88539023395,0.894,Proxy0001,Ext0028,6,54498,80,7,332,1636,105622
112882.88591442993,0.107,Comp0069,DNS0002,17,12751,53,2,2,66,52
112893.61665138061,0.142,Comp0042,DNS0001,17,53113,53,2,3,120,117
112903.23367243918,0.227,Comp0070,DNS0002,17,20559,53,3,2,133,214
112913.04522984155,0.534,Comp0059,DNS0001,17,10861,53,2,2,62,304
112944.37245697597,1.703,Comp0046,Web0005,6,47494,443,24,49,311,6713
112952.73290550233,0.91,Proxy0002,Ext0006,6,37336,80,13,35,389,3990
112981.98193646311,1.655,Comp0069,DC0002,6,37219,389,5,5,384,515
112985.59442204585,0.347,Comp0072,Web0003,6,57345,443,4,54,775,5121
113029.37284100403,8.695,Proxy0002,Ext0000,6,48847,443,6,13,1081,4167
113096.71257438263,8.797,Proxy0002,Ext0001,6,14427,80,7,25,1536,11093
113198.77202294764,1.282,Comp0010,Mail0002,6,62142,993,2,4,1482,356
113283.90424478552,11.372,Web0006,DB0004,6,14999,5432,19,128,1265,2414
113308.5051452495,0.211,Comp0079,DNS0001,17,40041,53,3,2,86,117
113373.13184275736,1.786,Comp0020,Mail0001,6,51161,587,5,5,116,2236
113378.54627639134,3.232,Proxy0001,Ext0010,6,57999,80,3,38,161,11279
113394.88970723464,0.008,Comp0014,DNS0002,17,1926,53,2,3,73,203
113404.60708035252,3.748,Comp0067,DC0001,6,31348,389,5,5,548,365
113442.9581974474,6.353,Proxy0002,Ext0021,6,51409,443,3,31,3096,4205
113443.9061975514,3.643,Comp0053,DC0001,6,39288,88,9,9,1722,1291
113445.62546121742,6.435,Proxy0001,Ext0024,6,3567,443,5,24,989,6340
113466.24548463075,0.186,Comp0028,DNS0001,17,65308,53,3,2,104,72
113481.42346193467,4.198,Comp0025,Mail0002,6,11659,587,3,3,159,697
113485.77931908322,0.243,Comp0051,DNS0001,17,54125,53,3,3,50,151
113492.75227242742,0.37,Comp0052,DNS0002,17,21818,53,2,2,116,148
113552.65715586931,0.341,Comp0020,Web0006,6,6534,443,20,126,601,2060
113553.74975245411,13.492,Proxy0001,Ext0001,6,51965,80,5,16,651,8445
113585.7209009942,0.239,Comp0011,DNS0001,17,41636,53,2,2,97,187
113598.09342699125,3.026,Comp0045,DC0001,6,59058,445,21,170,1814,34339
113598.62517531872,1.296,Comp0072,Mail0002,6,37465,993,5,3,619,573
113651.42919048817,9.446,Web0002,DB0001,6,22204,5432,17,152,589,12877
113664.67741576301,0.068,Web0004,DB0003,6,28816,5432,21,32,883,4531
113685.28945553297,0.105,Comp0031,DNS0001,17,52425,53,2,2,54,262
113708.1714722788,6.735,Comp0066,Proxy0002,6,39124,3128,5,61,769,926
113712.0923726685,10.302,Web0001,DB0004,6,15626,3306,20,62,2112,3699
113718.92310859836,0.386,DB0002,DNS0001,17,23848,53,2,3,48,195
113729.15353252749,1.721,Comp0070,DC0002,6,53432,88,10,11,547,743
113737.2751363087,0.47,Comp0018,DC0001,6,15345,445,16,46,517,7069
113738.95042876097,5.33,Comp0077,Mail0001,6,35480,993,5,9,218,764
113755.19079324379,0.556,Comp0017,Mail0002,6,13732,587,7,7,438,153
113790.00074811402,6.709,Comp0032,Web0005,6,62503,443,23,9,975,10871
113790.3615818986,0.407,Comp0048,DNS0002,17,36619,53,2,2,50,297
113797.52286934922,0.01,Web0001,DNS0001,17,19759,53,2,2,90,572
113819.57492672624,0.1,Comp0062,DNS0001,17,6927,53,2,3,100,171
113821.36674010521,16.486,Comp0063,FS0002,6,13393,445,57,337,1081,11758
113834.1092928247,1.889,Web0001,DB0004,6,25798,3306,7,35,2398,82464
113852.11908843496,0.202,Comp0002,DC0001,6,28847,88,5,12,665,484
113856.13783054806,1.587,Comp0048,Web0003,6,15540,443,13,30,399,3326
113887.16993948247,0.41,Comp0015,DNS0002,17,20153,53,3,2,94,202
113906.05971052925,3.284,Comp0003,Web0001,6,44670,443,7,15,1470,16723
113921.30545762394,0.299,Comp0067,Web0003,6,47701,443,12,21,1652,6518
113935.55355050559,5.231,Comp0077,Proxy0002,6,48547,3128,2,103,247,2944
113942.95124535786,2.049,Comp0037,Web0002,6,19215,443,10,10,799,29575
113943.79844044012,0.117,Comp0071,DNS0001,17,22926,53,2,2,34,150
113944.80739227509,1.674,Mail0002,Ext0023,6,61115,25,4,11,525,912
113947.24275685444,0.064,Comp0021,DNS0001,17,21428,53,3,3,56,178
113950.11940907201,0.091,Web0006,DC0002,6,20574,389,3,6,187,651
113953.70267457221,5.881,Comp0003,FS0003,6,50755,445,17,69,1221,41013
114028.89903860833,0.845,Comp0037,DNS0001,17,58205,53,2,5,104,69
114036.06013364528,0.057,Comp0037,DNS0002,17,62376,53,3,2,23,176
114048.51845142547,9.138,Comp0051,FS0003,6,13084,445,36,5,2945,23825
114066.29702395272,0.181,Comp0017,Web0004,6,61275,443,8,117,407,2683
114086.89927302636,0.186,Comp0052,DNS0001,17,58881,53,2,3,119,139
114100.23554411512,0.124,Comp0043,DNS0001,17,52245,53,2,3,31,129
114113.37426129953,9.013,Comp0023,Web0006,6,9447,80,6,40,1555,3840
114138.93568969148,3.642,Proxy0001,Ext0001,6,19415,80,23,146,591,4941
114151.77592533197,1.901,Comp0078,Mail0001,6,7644,993,3,18,766,431
114158.1765314323,3.699,Proxy0002,Ext0034,6,33177,443,6,76,382,1064
114178.3262532576,1.513,Comp0007,Web0006,6,7967,443,30,29,483,33634
114187.94943149814,0.033,Comp0036,DNS0001,17,10362,53,3,3,51,102
114203.06625221549,8.746,Comp0052,DC0001,6,39542,88,7,5,129,2073
114210.32790973934,5.457,Comp0073,Proxy0001,6,32257,3128,6,62,196,8044
114282.64767287835,3.078,Comp0020,Web0003,6,42250,80,6,29,950,18029
114295.74310684588,8.746,Proxy0001,Ext0032,6,29364,80,12,106,82,4335
114308.91620890153,0.782,Comp0017,Web0003,6,16919,80,6,61,5734,208
114317.37716808535,11.379,Comp0001,Web0004,6,29019,80,14,70,110,2502
114318.73382498344,13.789,Comp0006,FS0003,6,15324,445,14,356,11434,20423
114320.00789533975,4.105,Comp0018,Web0001,6,27474,443,34,393,207,6140
114338.90842719788,7.143,Comp0012,DC0002,6,48635,445,19,66,284,18238
114368.0627673366,0.075,Comp0063,DNS0001,17,11473,53,2,2,64,181
114379.07774375765,12.109,Web0004,DB0003,6,48807,3306,15,100,1384,27425
114408.05411590217,9.861,Comp0067,Web0001,6,15499,443,6,29,193,19372
114448.73642474081,0.609,Comp0040,FS0003,6,49293,445,27,188,425,300437
114455.88987417072,2.283,Comp0035,DC0001,6,31353,88,2,5,303,425
114477.29873142228,0.893,Comp0052,Web0004,6,28583,443,3,104,3380,17315
114483.39810522541,1.342,Comp0016,Web0006,6,17831,443,16,37,828,4090
114494.14276276348,11.246,Comp0005,Proxy0001,6,63974,3128,9,24,1828,1476
114502.93810814242,1.077,Mail0002,Ext0023,6,18175,25,6,5,830,386
114532.4793298311,9.685,Comp0078,Proxy0001,6,55612,3128,5,24,131,2372
114536.9283115656,0.229,Comp0070,DNS0001,17,10179,53,2,2,69,157
114543.4715970279,0.054,Comp0032,DNS0002,17,60086,53,3,2,73,300
114545.72869837045,0.243,Comp0065,DNS0002,17,43355,53,2,3,76,132
114576.18510828717,20.163,Web0004,DB0001,6,59572,3306,37,162,3147,6496
114612.0848102697,4.837,Comp0076,Web0003,6,48862,443,4,46,309,4433
114644.33378066155,1.606,Comp0033,Web0003,6,20307,443,7,17,516,15019
114705.66876627324,6.977,Web0001,DB0004,6,31190,5432,39,52,2219,30998
114715.92836730424,0.568,Comp0063,DNS0001,17,48718,53,2,3,53,62
114731.09382121636,0.026,Comp0035,DNS0002,17,27767,53,2,3,46,73
114745.46364767668,5.943,Web0005,DB0004,6,19685,3306,10,221,179,14649
114858.38100179462,0.448,Comp0040,DC0002,6,35647,389,3,7,309,469
114925.57105181293,25.866,Comp0059,FS0002,6,37732,445,12,82,1843,21151
114962.01651962202,2.538,Comp0019,Proxy0002,6,48828,3128,4,12,626,2661
114966.38150068733,0.768,Comp0034,Web0006,6,64030,80,8,28,572,15064
114972.88103659578,0.373,Comp0072,DNS0002,17,28585,53,2,3,103,286
114977.0544238535,9.888,Comp0024,Web0002,6,35031,443,28,12,100,1497
115018.99286203558,0.112,Comp0025,DNS0001,17,4881,53,2,4,80,105
115020.27092619224,0.214,Comp0009,DNS0001,17,31239,53,2,2,79,229
115026.6434994743,0.952,Comp0022,DC0002,6,50438,88,3,4,1375,237
115026.7590688595,0.068,Comp0064,DC0002,6,52283,389,7,9,201,484
115058.29879407337,0.374,Comp0057,DNS0001,17,18286,53,2,4,100,82
115084.58718810983,0.289,Comp0017,FS0002,6,28194,445,8,91,2430,842
115101.60944934595,4.378,Comp0039,DC0001,6,47265,88,5,5,1111,1730
115103.44717155687,0.086,Web0004,DB0003,6,45268,5432,18,551,1510,16214
115120.17139217966,1.509,Comp0041,Web0005,6,21171,443,14,30,905,51332
115133.44597101209,4.143,Comp0029,DC0002,6,34863,88,5,12,271,1064
115163.14884606766,1.049,Comp0062,FS0002,6,53561,445,17,28,502,155324
115186.66918666141,3.589,Proxy0001,Ext0022,6,36558,443,4,76,1248,4331
115208.55315708279,19.628,Comp0067,FS0003,6,13514,445,9,151,3092,6215
115220.90617381808,14.13,Comp0074,FS0002,6,24553,445,40,56,2050,31943
115221.96953330738,0.378,Web0006,DB0004,6,12343,3306,37,114,215,5816
115222.04094634826,5.759,Comp0077,Web0006,6,50645,443,4,30,601,25224
115244.64562704416,0.289,Comp0056,DNS0001,17,60528,53,2,3,100,125
115261.76833389426,1.731,Comp0067,Proxy0001,6,61727,3128,7,43,323,20918
115263.93103655124,15.707,Comp0004,Web0002,6,7943,443,10,55,906,4742
115271.35714494997,3.237,Proxy0001,Ext0004,6,23950,80,14,24,1148,21852
115284.66853557355,0.308,Comp0017,Mail0002,6,13314,587,5,4,242,272
115303.03308681656,8.42,Web0002,DB0003,6,59228,3306,23,48,1355,12421
115303.77102078174,3.304,Comp0036,Mail0002,6,10241,587,8,8,1620,196
115355.33763341793,0.007,Comp0040,DNS0001,17,18075,53,2,2,53,105
115355.92139356973,17.699,Comp0074,FS0002,6,46581,445,16,103,1240,21161
115366.58586931531,7.599,Comp0003,Web0002,6,28043,80,14,117,565,3473
115391.83725792138,1.012,Comp0043,Mail0001,6,32152,993,6,4,290,617
115397.43992949271,0.641,Comp0015,DNS0002,17,30467,53,2,3,61,87
115398.88543807837,4.797,Comp0048,FS0001,6,32042,445,109,76,992,11319
115406.98729260397,1.439,Comp0072,DC0002,6,50030,88,3,2,148,403
115422.80954288649,4.695,Comp0060,FS0001,6,34439,445,80,208,930,90674
115448.82934579554,3.492,Comp0058,Web0006,6,27164,80,9,41,1660,6988
115452.08023680706,10.082,Web0005,DB0001,6,55457,3306,16,122,15815,5475
115459.5229981152,0.36,Comp0004,DNS0002,17,46955,53,2,3,68,186
115468.01496896708,4.833,Comp0030,FS0001,6,19698,445,40,16,2240,11522
115480.50721845824,11.599,Proxy0002,Ext0010,6,45815,443,16,22,1215,7685
115481.8983419761,6.263,Comp0001,Proxy0002,6,21428,3128,5,104,1099,8621
115485.77409977689,1.887,Comp0076,Proxy0002,6,24188,3128,7,26,545,26890
115495.96879100135,0.419,Comp0020,DNS0002,17,2899,53,3,3,136,184
115516.1272438534,0.042,Comp0026,DNS0002,17,21274,53,3,3,71,168
115525.32331021113,0.43,Comp0038,Web0001,6,17869,443,17,49,762,1554
115532.72445724162,10.563,Web0006,DB0002,6,54657,5432,21,145,8268,7667
115537.40062322166,0.565,Web0005,DNS0001,17,46379,53,2,3,58,187
115554.59696527189,0.012,Comp0002,DNS0001,17,52340,53,2,3,44,72
115568.01890821013,0.157,Comp0034,DC0002,6,32042,389,10,8,389,6711
115573.55456298355,8.559,Comp0055,Web0001,6,58091,443,16,43,1725,7769
115577.36253786329,13.297,Comp0033,Proxy0001,6,51104,3128,7,39,297,8725
115578.34294097991,3.046,Comp0034,Proxy0002,6,61384,3128,17,15,220,2570
115590.77038984765,0.606,Comp0002,Web0001,6,25269,443,10,6,1587,2480
115607.44747853703,0.374,Comp0009,DNS0001,17,42618,53,3,3,51,175
115640.95749183909,0.058,Comp0012,DNS0002,17,62806,53,2,3,64,123
115646.4501007979,0.567,Comp0076,DNS0001,17,56933,53,2,2,48,273
115655.31946923329,0.309,Comp0009,DNS0002,17,28526,53,3,3,59,97
115696.65277840427,35.899,Web0003,DB0002,6,46534,3306,10,40,1083,9859
115715.611119573,0.443,Comp0004,DNS0001,17,33793,53,3,4,40,308
115726.7125641771,10.756,Web0001,DB0004,6,28754,3306,79,90,1258,32096
115757.38230182012,0.021,Web0006,DNS0002,17,37206,53,4,3,53,124
115759.99441966538,1.535,Comp0048,Web0003,6,56337,443,4,128,326,4272
115777.54988185907,3.393,Comp0064,DC0002,6,32556,88,11,8,682,609
115785.5903405912,40.648,Comp0027,DC0001,6,31243,445,46,63,6569,70992
115796.58071177168,3.255,Comp0071,DC0001,6,5174,389,6,3,98,513
115815.98642552765,4.522,Web0006,DB0001,6,38354,3306,28,203,2722,11057
115827.05054793113,0.321,Comp0049,DNS0002,17,17252,53,2,2,61,749
115830.8302793473,0.142,Comp0004,DNS0002,17,54684,53,2,2,54,127
115847.16511033439,0.036,Comp0020,Proxy0002,6,10924,3128,34,58,3095,110475
115872.826639881,15.432,Comp0035,Web0005,6,25974,443,8,29,843,24334
115885.06483271076,9.355,Comp0009,Web0004,6,24631,443,3,35,909,22704
115896.08915931078,5.407,Web0001,DB0002,6,47972,3306,19,45,4160,27401
115901.18877774934,30.385,Web0005,DB0001,6,53279,3306,8,93,2149,142278
115902.61352261792,0.094,Comp0032,Web0003,6,24545,80,6,20,1124,22767
115902.64318206898,0.845,Comp0038,DNS0002,17,22744,53,2,3,173,227
115905.78532286301,0.083,Comp0048,DNS0001,17,1496,53,3,2,57,87
115914.01906589739,4.314,Comp0033,Web0002,6,8617,80,18,15,2529,15326
115945.53395112036,17.018,Comp0011,Web0002,6,32085,80,11,13,689,970
115953.35695736686,0.394,Comp0009,DNS0002,17,54515,53,2,2,71,82
115955.40230207684,3.679,Comp0001,DC0002,6,44356,88,5,7,460,1900
115969.30493941405,0.563,Comp0061,DNS0001,17,44211,53,3,2,69,78
115972.37945719082,3.74,Comp0058,Proxy0002,6,59057,3128,5,31,298,20386
115975.79115278731,4.206,Comp0057,Mail0001,6,42495,993,9,4,354,2499
115983.50078422006,5.875,Comp0052,Web0002,6,43326,443,16,26,552,16552
116003.64241233232,1.328,Comp0059,FS0002,6,4558,445,16,20,1628,71777
116024.29915094152,25.476,Comp0019,DC0001,6,13480,445,24,181,1665,6983
116025.24455209798,0.559,Comp0021,DNS0002,17,55903,53,3,3,38,93
116038.23810860253,5.737,Comp0068,Web0006,6,26196,443,10,43,1521,9537
116047.06799966516,0.226,Comp0033,DNS0001,17,11087,53,2,2,152,126
116051.15325725055,0.061,Comp0045,DNS0002,17,2189,53,3,2,79,403
116052.44119035928,0.334,Comp0042,Web0004,6,5341,443,6,56,1489,4600
116057.49879784972,0.23,DC0001,DNS0001,17,41771,53,3,2,66,175
116111.19882957487,0.064,Comp0029,DNS0002,17,54812,53,2,2,25,118
116112.81314973684,1.233,Comp0067,Mail0002,6,11362,993,3,8,300,1170
116124.19369105858,2.671,Comp0018,Proxy0001,6,20014,3128,10,21,2498,27991
116132.25540850197,1.193,Comp0021,Proxy0002,6,38536,3128,16,29,1398,4953
116132.83800122669,28.615,Web0004,DB0003,6,48081,5432,11,126,8288,44634
116144.04005744305,0.347,Comp0071,Proxy0002,6,32517,3128,5,51,591,6519
116145.33965555664,12.965,Comp0063,Web0004,6,49968,443,4,142,360,893
116146.28048759975,0.083,Comp0053,DNS0001,17,23063,53,2,3,66,184
116176.84413935963,0.168,Comp0045,DNS0001,17,22620,53,2,2,49,105
116178.28774338364,1.905,Comp0015,DC0002,6,14773,389,17,11,353,2306
116183.9531999712,9.599,Comp0047,FS0003,6,48441,445,7,334,2790,2787
116199.06931023703,5.308,Comp0057,Mail0002,6,28304,993,7,8,104,124
116226.07447756335,2.281,Comp0041,DC0002,6,55819,389,6,8,382,686
116226.78272203225,31.306,Proxy0001,Ext0006,6,53872,443,4,112,1572,2302
116259.46573998008,7.887,Comp0057,FS0002,6,42265,445,60,519,342,1703
116259.52298084971,0.06,Comp0019,DNS0002,17,13564,53,2,2,85,271
116264.83220872095,0.062,Comp0054,DNS0001,17,25044,53,3,3,29,156
116274.20701542345,18.16,Comp0044,FS0002,6,52659,445,16,64,816,53498
116295.05685448163,0.89,Proxy0001,Ext0023,6,41510,443,8,103,289,5659
116297.05711471959,10.731,Comp0058,DC0001,6,63991,88,4,7,232,2638
116306.32756875354,5.299,Comp0029,DC0001,6,47973,445,27,68,3614,29499
116306.4961733683,1.972,Comp0072,DC0002,6,64435,88,3,11,492,494
116314.94208396788,0.928,Proxy0002,Ext0030,6,13417,80,6,109,1510,833
116315.58079812808,8.586,Comp0055,Web0003,6,63697,443,4,158,1120,7769
116329.30402834927,0.059,Comp0077,DNS0001,17,17189,53,2,5,87,317
116356.03416674715,5.811,Comp0043,DC0001,6,34362,88,3,10,470,487
116356.1977955272,4.542,Comp0005,DC0001,6,38344,88,7,27,708,214
116356.32847135294,1.385,Comp0069,Web0003,6,6579,443,9,56,551,4751
116356.33831416539,7.669,Comp0033,FS0003,6,51033,445,13,34,1214,438067
116372.2282530205,3.886,Comp0065,Web0002,6,3738,443,4,20,643,1458
116372.36748332318,2.843,Comp0035,Proxy0002,6,26024,3128,8,34,4480,3344
116375.19346481752,2.678,Comp0010,Proxy0001,6,5812,3128,10,24,1545,5194
116386.9739155231,2.032,Comp0054,Web0002,6,61976,443,3,21,84,2982
116387.72127115594,1.626,Comp0051,Proxy0001,6,60143,3128,10,74,732,1711
116392.30599587434,0.429,Comp0028,DNS0001,17,49454,53,3,4,53,75
116393.60438765504,0.039,Comp0056,DNS0001,17,17150,53,2,3,108,96
116404.77524998569,0.908,Comp0001,Web0005,6,9875,443,5,48,326,25093
116434.94359830188,23.399,Comp0073,FS0003,6,28830,445,37,311,925,6905
116452.11757915227,0.22,Comp0040,DNS0002,17,28109,53,3,2,89,220
116461.91525519824,2.69,Web0002,DB0002,6,39703,3306,9,81,2186,90027
116475.51984738855,0.054,Web0002,DNS0001,17,57511,53,2,3,73,204
116477.04921142315,2.312,Comp0006,Web0001,6,31573,443,11,104,243,921
116479.75401405021,8.322,Comp0029,Web0005,6,28963,443,12,25,206,6439
116487.76096173387,12.4,Comp0031,Web0006,6,31373,443,22,116,1548,426
116488.02307354905,2.041,Comp0045,Web0006,6,30318,80,20,17,98,6553
116504.42592641937,2.133,Comp0049,Mail0002,6,28442,993,3,14,762,1683
116509.10232853657,0.886,Proxy0001,Ext0038,6,43201,443,6,19,1570,16449
116525.73061111986,0.452,Comp0038,DC0002,6,19539,389,9,7,232,532
116529.36482653796,0.167,Web0004,DNS0001,17,36445,53,2,2,59,164
116537.39630669041,17.752,Comp0077,Web0006,6,62615,80,9,45,135,7041
116556.62247392646,2.134,Comp0057,Web0001,6,5353,443,8,34,817,7380
116565.97733702784,7.845,Comp0070,Web0003,6,18908,80,8,6,598,1746
116587.30431613192,0.302,Comp0039,DNS0001,17,31279,53,2,3,46,135
116605.92354493427,0.035,Comp0073,DNS0002,17,44428,53,3,3,76,223
116616.63005245288,0.104,Comp0055,DNS0002,17,40718,53,2,3,59,75
116642.7456853904,6.767,Comp0005,Web0005,6,58635,443,5,34,875,45566
116648.4228684754,7.874,Comp0047,Proxy0002,6,3328,3128,11,24,208,4922
116648.66067832401,12.832,Comp0038,Web0003,6,15974,80,7,76,248,7845
116668.94380622909,2.406,Web0002,DB0004,6,41976,3306,33,162,4278,44465
116691.60164768463,0.053,Comp0022,DNS0001,17,47322,53,2,2,85,148
116694.79962083382,14.946,Comp0010,Web0002,6,13036,443,11,168,1027,278
116708.24090610631,0.094,Proxy0001,DNS0001,17,30681,53,2,2,71,122
116709.14114884398,0.095,Comp0050,DC0001,6,58506,389,7,12,232,494
116725.49223881717,5.112,Mail0002,Ext0038,6,17487,25,10,13,499,503
116730.35989937006,6.405,Comp0027,Proxy0002,6,35696,3128,8,13,496,40045
116732.533850338,2.644,Comp0038,Web0005,6,47473,443,6,27,738,23680
116740.25194874748,0.026,Comp0045,DNS0001,17,43092,53,2,2,57,203
116745.3796864631,9.573,Comp0038,Mail0002,6,37861,587,12,13,635,74
116751.14249760234,0.025,Comp0077,DNS0001,17,23044,53,2,2,79,268
116753.50886995628,0.014,Comp0045,DNS0002,17,44130,53,2,3,49,177
116753.72697905789,0.999,Proxy0001,Ext0002,6,7702,443,6,61,684,3854
116756.08088329513,8.93,Comp0067,DC0001,6,58029,445,80,215,1372,230467
116781.48382917537,0.18,Comp0033,Web0002,6,24312,80,26,15,457,1351
116825.48498905255,14.707,Comp0002,Proxy0001,6,11842,3128,18,26,162,26360
116828.68401815998,6.436,Comp0069,Web0005,6,55207,443,11,63,847,19238
116833.66674911679,7.075,Proxy0001,Ext0004,6,52043,80,7,13,372,15249
116834.37839902278,6.205,Web0002,DB0002,6,14743,3306,21,175,3914,13216
116837.05613987772,2.361,Comp0074,DC0001,6,30938,389,8,5,768,570
116839.37505980564,1.945,Comp0003,Web0002,6,63102,443,7,21,230,4137
116840.33652716273,3.496,Comp0018,DC0001,6,6815,88,6,5,3569,542
116854.64268882011,0.985,Comp0073,FS0002,6,42477,445,40,123,2245,54835
116855.0247739227,0.915,Comp0009,Proxy0001,6,37574,3128,12,22,5078,5330
116867.91453565465,12.712,Web0003,DB0003,6,28190,3306,22,109,3844,19095
116885.86582095275,0.964,Comp0051,Mail0001,6,44618,587,7,16,34,113
116899.29579658913,30.396,Comp0038,FS0003,6,35486,445,18,34,3556,4884
116909.13391801967,7.142,Comp0045,Web0005,6,54805,443,8,40,218,2181
116915.86827890751,14.426,Proxy0002,Ext0022,6,54813,443,8,20,340,1880
116933.85062379541,8.786,Comp0017,Proxy0002,6,46800,3128,14,25,462,5052
116948.48415646282,4.789,Comp0060,Web0003,6,45384,443,8,33,727,12173
116948.50110709427,0.02,Comp0003,DNS0001,17,61294,53,3,3,57,183
116948.52633408282,2.149,Comp0077,Proxy0001,6,42872,3128,14,25,610,1865
116965.12290678702,3.661,Comp0032,Web0006,6,7830,443,16,31,695,1248
116967.12933569793,0.255,Comp0061,DNS0002,17,8336,53,2,2,81,127
116970.3120207822,0.116,Comp0068,DNS0001,17,10425,53,3,3,117,222
116975.7358976542,3.901,Comp0037,FS0003,6,14069,445,106,19,364,10152
116982.22322103976,4.34,Comp0046,Proxy0002,6,34086,3128,14,35,476,22746
116985.38262259975,0.357,Comp0062,DNS0002,17,59556,53,2,2,79,83
117013.42361143025,6.556,Comp0044,FS0001,6,51509,445,12,90,3698,41490
117020.83593030646,3.689,Comp0008,Web0002,6,40239,443,8,52,362,11709
117028.41366142423,2.485,Proxy0001,Ext0023,6,63107,443,17,23,214,6869
117029.19557546447,0.912,Comp0038,Mail0002,6,2580,587,6,6,902,5111
117030.8114652043,3.62,Comp0025,DC0001,6,23616,389,5,8,165,647
117040.65712784135,0.145,Comp0048,DNS0002,17,4609,53,2,3,53,163
117047.91219007995,2.591,Comp0066,DC0002,6,55996,88,4,14,581,1077
117054.17322454431,1.861,Comp0058,DC0002,6,7358,88,9,5,194,163
117058.00900795043,0.043,Comp0052,DNS0002,17,16722,53,2,3,154,288
117060.33262369697,0.627,Comp0014,Web0006,6,44559,443,9,45,427,5318
117070.4118230885,2.404,Comp0067,Mail0002,6,5860,587,4,22,239,696
117078.86312493187,4.106,Comp0068,Mail0002,6,46029,993,3,4,177,473
117084.72585768605,2.111,Comp0076,Mail0001,6,46979,993,4,3,480,263
117124.03842494667,1.259,Comp0020,DC0001,6,23705,389,7,15,245,609
117132.63535753392,0.037,Comp0052,Proxy0001,6,54492,3128,11,73,176,5180
117173.0957792231,0.051,Comp0069,DNS0001,17,28277,53,3,3,25,36
117179.39383303726,0.579,Web0006,DB0002,6,12698,5432,9,1126,6911,55602
117184.99365194346,0.52,Comp0041,DC0001,6,30730,389,5,9,1059,505
117210.0491388086,1.593,Comp0073,Web0002,6,29938,443,26,41,874,2783
117220.4566968118,6.096,Comp0009,DC0002,6,51240,88,11,3,1719,4054
117221.66727803512,5.385,Comp0006,DC0002,6,3782,445,10,175,852,24870
117225.02928037324,4.439,Comp0079,Web0001,6,52856,443,8,19,348,4851
117253.8043336319,13.378,Proxy0001,Ext0014,6,58506,443,16,23,258,50793
117260.6107164283,0.352,Web0005,DNS0001,17,56889,53,2,3,101,175
117279.67121620214,7.271,Comp0034,Proxy0002,6,26055,3128,6,32,335,7143
117284.14816726987,2.514,Comp0006,Web0004,6,39217,443,5,81,361,6173
117293.05812968277,5.251,Comp0026,Web0005,6,1533,443,13,47,2139,9323
117295.01375753226,0.628,Comp0027,DNS0002,17,60168,53,2,2,166,148
117310.72019031907,2.441,Comp0054,Web0005,6,43500,443,7,115,101,5856
117310.85903963495,14.407,Comp0058,Web0005,6,35299,443,7,26,1006,148886
117334.16348125882,1.071,Comp0055,Proxy0001,6,21166,3128,3,42,430,26369
117338.17813763782,0.043,Comp0015,DNS0001,17,46528,53,2,3,93,99
117347.80950736339,0.029,Comp0062,Web0004,6,46658,443,10,31,1764,9618
117357.14551483122,1.072,Comp0077,Proxy0001,6,60519,3128,4,11,1444,8761
117389.14832556879,3.923,Comp0069,Web0004,6,60890,443,9,71,157,97003
117394.56625643987,0.507,Comp0063,DNS0001,17,61072,53,2,3,70,187
117397.44782734822,1.893,Comp0047,Web0004,6,3071,443,12,36,1160,4491
117407.04431009467,0.507,Comp0015,DNS0002,17,37048,53,2,2,30,171
117418.44772736443,25.998,Comp0026,FS0002,6,26445,445,28,120,335,127696
117420.77732520603,2.939,Comp0078,DC0002,6,2228,88,3,7,163,1019
117443.590881754,17.01,Comp0070,Web0001,6,43049,443,4,94,405,10152
117458.26197319981,0.33,Comp0029,DNS0001,17,59867,53,2,2,78,104
117483.28782128355,0.12,Comp0042,DNS0002,17,16417,53,2,4,104,161
117491.10363221078,0.011,Comp0068,DNS0001,17,52616,53,2,3,32,146
117491.82777020423,2.039,Comp0018,Web0002,6,13733,443,8,58,473,2558
117494.99941131713,10.937,Proxy0002,Ext0038,6,50164,80,7,50,160,31669
117506.37554108737,0.442,Comp0061,DNS0002,17,4131,53,2,2,77,103
117511.26957383456,0.017,Comp0070,DNS0001,17,28509,53,2,2,50,68
117531.05153842972,21.016,Comp0055,DC0001,6,34429,445,69,73,723,1007
117531.78012218505,0.264,Comp0003,DNS0002,17,64606,53,2,4,32,228
117560.56429247504,0.469,Web0004,DB0001,6,11556,3306,44,92,1070,53883
117562.94789311054,16.185,Comp0068,Proxy0002,6,7610,3128,15,77,333,3035
117570.96232547268,8.162,Comp0049,Web0004,6,36661,443,4,116,942,1273
117603.78985120272,0.051,Web0003,DNS0002,17,30142,53,2,2,89,112
117617.28779699911,7.312,Comp0048,Web0004,6,36338,80,6,8,540,7564
117653.67768593275,16.023,Web0006,DB0001,6,13034,5432,25,512,486,170527
117661.44463934693,2.904,Comp0030,Web0005,6,47272,80,10,24,397,70461
117670.1063838974,23.454,Comp0038,DC0001,6,48813,445,12,200,1483,9290
117678.51654523307,18.655,Comp0034,Web0001,6,44303,443,21,39,643,859
117681.61648446365,15.326,Proxy0001,Ext0018,6,44584,443,4,99,935,10426
117728.13339317185,1.7,Comp0033,Mail0001,6,36765,993,10,2,423,1113
117747.36346893957,0.013,Comp0044,DNS0001,17,49627,53,3,3,82,166
117750.01628750314,0.022,Comp0055,DNS0001,17,23577,53,2,3,88,136
117755.36459242128,0.201,Comp0017,DNS0002,17,45575,53,2,3,48,180
117758.48364864098,0.209,Comp0010,DNS0002,17,42260,53,2,2,79,520
117759.44196503141,0.185,Comp0016,DNS0002,17,41800,53,2,3,81,115
117761.50377929621,0.035,Comp0026,DNS0002,17,12606,53,2,2,65,85
117769.89756413494,6.677,Web0004,DB0002,6,56062,3306,28,70,2793,10312
117773.40931860694,1.611,Proxy0001,Ext0035,6,29060,80,17,66,96,2029
117777.75788737755,2.956,Comp0057,DC0002,6,45513,445,15,209,291,59224
117797.096636584,12.538,Comp0074,FS0001,6,20055,445,7,192,5831,35977
117813.12982255023,0.837,Comp0016,FS0002,6,7211,445,21,292,599,2278
117832.28825603453,0.051,Comp0028,DNS0001,17,41779,53,2,2,103,92
117875.24070869127,0.376,Comp0023,DNS0001,17,28367,53,2,4,97,113
117876.89580398152,0.075,Comp0035,DNS0001,17,13511,53,3,2,129,225
117884.30804846306,0.051,Comp0021,DNS0002,17,2004,53,3,2,101,137
117887.30911068869,2.91,Web0005,DB0003,6,32620,3306,6,36,1327,7423
117907.07210062975,2.937,Comp0053,Mail0001,6,36024,993,8,3,1208,608
117926.47898570911,22.044,Web0004,DB0002,6,36680,3306,33,137,1013,41174
117935.90167758707,0.034,Comp0035,DNS0002,17,62960,53,2,3,73,173
117958.03910860582,0.007,Web0004,DNS0001,17,59441,53,3,2,58,179
117959.28028741383,13.76,Comp0035,Web0006,6,24317,443,5,12,379,2515
117974.3760217798,1.736,Comp0031,Proxy0001,6,26338,3128,9,40,236,4132
117979.4700974414,4.809,Proxy0002,Ext0018,6,13538,80,13,40,368,115348
117980.69763070463,7.331,Comp0020,Web0002,6,61453,80,20,10,2914,10046
117985.62799909507,15.354,Comp0038,Web0004,6,27371,443,6,39,1133,973
117985.93099818533,3.63,Mail0001,Ext0024,6,14125,25,10,21,722,641
118011.41390044967,1.634,Comp0037,Proxy0002,6,41775,3128,12,21,690,1763
118018.07669205868,2.438,Comp0049,Web0003,6,23593,443,15,19,1502,5171
118019.65601726774,4.007,Comp0013,Web0001,6,13824,443,18,15,475,3564
118040.37343511955,0.582,Comp0073,Proxy0002,6,12619,3128,12,13,545,1273
118040.88255444923,3.357,Comp0032,Web0002,6,7160,443,7,81,174,2638
118067.90938147521,2.692,Comp0062,Web0001,6,40767,443,11,38,582,6588
118082.55027735185,0.72,Comp0042,DC0002,6,56551,389,5,13,686,864
118086.53198765797,2.496,Comp0038,Proxy0002,6,37447,3128,6,26,469,5007
118089.48760639284,5.054,Comp0043,Web0004,6,20086,80,8,13,555,27304
118101.8991454137,4.266,Comp0058,DC0002,6,2367,445,20,47,2107,2410
118111.78961404941,0.016,Comp0049,DNS0001,17,1491,53,3,2,118,181
118128.98651924163,4.122,Mail0002,Ext0031,6,33047,25,8,8,138,395
118129.87872742335,0.373,Mail0001,Ext0017,6,24094,25,9,20,394,308
118142.14285373496,0.067,Comp0064,DNS0002,17,48335,53,2,3,76,256
118153.26697125,3.609,Comp0078,Proxy0002,6,53710,3128,4,10,717,12222
118161.28102984666,27.553,Comp0037,DC0001,6,28295,445,19,126,3577,10495
118184.96856667168,33.697,Comp0079,DC0001,6,12288,445,54,310,1260,639
118215.0389053054,3.126,Comp0040,Web0001,6,30616,443,14,54,399,1322
118223.58311770525,9.33,Comp0037,Mail0001,6,10408,993,7,7,184,2741
118232.84892655275,1.491,Comp0068,Mail0002,6,36773,993,11,3,399,1741
118233.76217930297,4.097,Proxy0002,Ext0020,6,2808,80,4,31,314,495
118238.65350941336,10.001,Web0004,DB0001,6,33664,5432,21,56,650,9658
118256.02677797437,0.754,Comp0017,Web0005,6,7443,80,30,9,637,4412
118266.89953245188,1.251,Comp0048,Web0006,6,11112,443,4,46,501,50790
118268.79536900399,0.102,Comp0052,DNS0002,17,62191,53,2,2,82,65
118272.1862685109,18.373,Web0006,DB0003,6,20269,3306,34,92,552,7975
118277.56686410306,2.454,Comp0059,DC0002,6,12337,445,21,340,4761,48252
118297.2978369549,4.245,Comp0067,DC0001,6,62070,445,11,109,6757,6881
118310.20506421413,0.193,Comp0037,Web0006,6,32348,443,19,33,226,4904
118314.9644683596,0.027,Comp0016,DNS0002,17,33287,53,2,3,50,239
118315.42560045532,9.034,Comp0049,DC0001,6,37829,389,7,4,746,599
118321.80376289618,0.277,Comp0007,DNS0002,17,37867,53,2,2,68,238
118323.29626344191,11.982,Comp0064,Web0005,6,33914,80,27,71,775,2027
118335.79941123369,4.114,Comp0027,Web0002,6,25319,443,8,47,1555,3714
118338.58743043912,1.238,Comp0077,Web0001,6,1472,443,4,45,1664,20214
118338.97592479158,0.439,Comp0052,DNS0002,17,9218,53,2,3,49,188
118388.61630383183,0.422,Comp0058,DNS0002,17,27890,53,2,2,37,156
118403.13288404117,0.087,Comp0048,DNS0001,17,54125,53,3,2,90,53
118408.60512331495,5.402,Comp0020,FS0002,6,59745,445,10,116,7230,5749
118409.05249028245,0.01,Comp0066,DNS0002,17,34209,53,2,2,42,100
118423.64060231493,1.403,Comp0012,Web0003,6,48157,443,13,59,2207,5378
118428.17767057172,0.429,Comp0061,DNS0002,17,41021,53,3,2,85,95
118436.27507793657,0.619,Comp0012,DNS0001,17,15936,53,2,3,99,138
118439.29534692888,0.131,Comp0036,DNS0002,17,58466,53,2,2,86,206
118443.5441682944,11.182,Comp0080,DC0002,6,6675,445,5,101,1095,6137
118444.99828923683,7.94,Comp0065,Mail0001,6,4969,587,6,6,418,1546
118446.72859827138,0.031,Comp0074,DNS0001,17,59758,53,2,2,41,150
118461.5264348193,0.253,Comp0019,DNS0002,17,57760,53,2,2,35,154
118475.06405932226,1.034,Comp0023,DC0001,6,19714,445,19,72,696,17287
118491.72560777047,0.017,Comp0020,DNS0001,17,32855,53,3,2,75,163
118494.33471854441,0.398,Comp0025,Proxy0002,6,16667,3128,4,135,1498,3249
118497.36080597286,6.519,Comp0037,Web0001,6,15687,443,5,17,3254,4536
118511.38887669762,1.905,Comp0065,Web0005,6,11901,80,11,46,540,3624
118559.15714988048,4.431,Comp0073,Proxy0002,6,33058,3128,6,46,526,63735
118562.93597638322,12.342,Web0006,DB0003,6,12881,5432,20,251,524,3771
118573.35670197086,0.014,Comp0026,DNS0001,17,51808,53,2,3,48,125
118574.43641644483,0.075,Comp0015,DNS0002,17,37872,53,2,3,56,279
118575.92161912903,5.678,Comp0022,Web0001,6,19781,443,13,35,5649,6545
118583.744970359,2.286,Comp0034,Web0005,6,61070,443,14,68,839,1178
118588.50116483259,1.856,Comp0025,Web0003,6,31058,443,5,22,1527,3675
118592.59049292668,1.659,Comp0005,Mail0001,6,23623,587,13,9,136,520
118595.93957722282,0.522,Comp0016,Web0004,6,26628,443,4,9,440,5449
118614.98951881449,0.134,Comp0069,DNS0002,17,35711,53,2,3,98,230
118627.60146445365,1.766,Comp0030,Web0001,6,56575,443,6,9,612,9337
118639.03953964116,9.036,Comp0014,Web0002,6,12514,443,24,173,503,11217
118651.01441839605,5.409,Comp0052,Web0006,6,5074,443,13,79,990,6461
118658.7288496047,0.048,Comp0034,DC0002,6,2432,88,8,4,167,259
118660.09899132038,6.751,Comp0031,Web0005,6,41111,443,12,44,189,13489
118661.51274715795,0.158,Comp0001,DNS0001,17,53277,53,3,3,47,133
118669.34691630764,0.459,Proxy0001,DNS0002,17,38948,53,2,2,50,322
118670.79412352435,0.317,Comp0060,Proxy0002,6,64073,3128,8,48,1137,4101
118690.99124274215,3.214,Comp0039,DC0001,6,22495,389,4,5,148,511
118694.02457150246,0.128,Comp0055,DNS0001,17,14466,53,3,2,81,135
118697.37524313615,0.232,Comp0075,Proxy0002,6,12454,3128,12,83,675,1097
118700.7013135378,0.383,Comp0048,DC0002,6,46371,389,4,5,580,777
118705.47316433725,0.003,Comp0031,DNS0002,17,10382,53,3,3,46,166
118718.59487904573,4.969,Comp0009,DC0001,6,16426,88,10,9,345,489
118722.03287311108,2.173,Proxy0001,Ext0002,6,1433,443,37,42,276,18154
118739.49788230515,1.336,Comp0009,Web0006,6,54714,443,7,13,113,4406
118743.28915833485,0.514,Comp0030,DNS0002,17,6755,53,2,3,46,279
118749.41873810331,14.086,Comp0055,Web0001,6,23975,80,4,87,736,10818
118753.23190917149,1.475,Comp0037,DC0002,6,50536,445,30,34,2508,7485
118767.18425467053,8.18,Comp0076,Proxy0002,6,28383,3128,5,74,2554,24999
118768.33361510359,2.018,Proxy0002,Ext0026,6,38419,443,9,65,522,1384
118830.27508974682,1.44,Comp0070,Web0002,6,32653,80,6,26,526,4956
118832.14965348947,0.313,Comp0025,Web0003,6,15798,80,16,35,238,51096
118840.7810099372,0.076,Comp0067,DC0002,6,15569,389,15,4,171,1444
118848.76695345898,0.152,Comp0060,DNS0002,17,32112,53,2,2,70,93
118855.86440242348,1.484,Comp0017,DC0002,6,65021,389,5,6,139,657
118867.03168379013,9.652,Comp0072,DC0001,6,62645,445,21,33,321,16790
118874.12063345427,0.206,Comp0062,DC0001,6,3981,88,3,8,547,1953
118884.7026915194,3.264,Comp0012,DC0002,6,52623,389,6,3,181,791
118889.23697970834,3.105,Comp0031,Proxy0001,6,33591,3128,5,19,1099,6620
118902.00620165573,0.776,Comp0073,Mail0001,6,4922,993,3,11,304,1046
118902.89079636944,4.655,Comp0044,DC0001,6,47270,389,7,12,299,636
118918.68258997057,3.557,Comp0042,Mail0001,6,7265,993,8,4,632,1195
118925.21107094367,1.38,Comp0049,Web0006,6,61890,443,9,40,1375,7395
118927.54764111554,0.307,DB0003,DNS0002,17,48077,53,2,3,107,111
118939.8718394128,0.113,Comp0058,DNS0001,17,4522,53,3,2,82,217
118959.80383962434,0.234,Comp0002,DNS0001,17,33423,53,3,2,81,191
118963.09195609496,0.043,Comp0064,DNS0001,17,45738,53,2,3,87,264
118978.15134208904,0.076,Comp0025,Proxy0001,6,51275,3128,8,21,275,5204
118980.47689382726,8.499,Comp0020,FS0002,6,58919,445,32,30,2087,11773
118992.70843498375,0.047,Proxy0002,DNS0001,17,7632,53,2,2,39,119
118993.09495293278,0.123,Comp0017,DNS0001,17,53310,53,2,2,149,162
119004.62560116916,0.093,Comp0021,DNS0001,17,9237,53,3,3,63,111
119005.19648376103,2.691,Comp0025,Web0005,6,62309,443,15,73,382,1751
119013.77074676342,0.038,Comp0025,DC0001,6,41371,389,8,10,670,701
119019.84001841128,7.408,Comp0004,FS0001,6,18683,445,15,122,849,7584
119042.14181588184,1.586,Comp0047,Web0006,6,27522,443,46,19,314,37461
119044.58352318188,8.369,Comp0070,Web0002,6,24846,80,10,125,2618,830
119053.82728084007,0.006,Comp0016,DNS0001,17,58050,53,2,3,58,107
119063.38473339751,0.021,Comp0070,DC0002,6,57396,88,2,12,98,1554
119077.74777564188,8.122,Proxy0002,Ext0012,6,33085,80,4,74,426,30969
119086.54531570291,0.16,Comp0062,Web0002,6,38823,443,7,14,1452,951
119098.93085274023,0.02,DB0003,DNS0001,17,58039,53,2,2,50,241
119100.51169680283,1.22,Comp0070,Web0003,6,48564,443,7,34,345,9650
119118.4998120911,2.06,Comp0029,DC0001,6,8255,88,8,3,133,1387
119129.28147286452,0.952,Comp0049,Mail0002,6,59042,587,6,3,584,431
119141.45064159897,0.207,Comp0078,DNS0001,17,7208,53,3,2,96,99
119142.14067326652,18.655,Comp0024,Web0005,6,37796,443,6,42,400,24521
119154.67769276304,4.592,Comp0047,Mail0002,6,19528,993,4,9,704,369
119155.6933313816,29.861,Comp0002,FS0001,6,23112,445,32,150,2251,5223
119162.9212676179,4.384,Comp0026,Web0004,6,62414,443,3,158,1194,2605
119164.89759588093,16.24,Comp0032,DC0001,6,40401,88,11,7,339,225
119167.90503928979,3.025,Comp0060,DC0001,6,25965,88,9,6,135,1120
119183.87886644856,20.846,Comp0079,FS0003,6,6508,445,8,50,1519,8412
119192.83884613193,1.624,Comp0065,Web0003,6,13957,443,16,18,586,16104
119207.88068505502,0.837,Comp0078,Web0004,6,19559,443,7,122,838,4387
119219.35331174792,3.722,Comp0021,Proxy0001,6,56072,3128,7,39,198,19586
119224.1451706813,16.531,Web0004,DB0003,6,42519,3306,49,43,959,42380
119226.50055656602,3.386,Comp0009,DC0002,6,52041,389,7,5,259,449
119226.97545822544,0.169,Proxy0002,DNS0001,17,46195,53,2,2,32,126
119239.24796911352,7.004,Comp0059,Web0004,6,20260,443,24,40,877,189
119239.87702251259,22.19,Proxy0002,Ext0019,6,34156,443,17,100,163,2510
119240.94473412201,0.005,Comp0053,DNS0002,17,59796,53,2,3,62,110
119248.0318351587,14.78,Comp0022,Web0002,6,5752,443,7,256,2043,33499
119250.58882393505,3.585,Comp0038,DC0001,6,23520,389,7,5,735,924
119251.43421922224,1.341,Comp0066,FS0003,6,3790,445,10,27,2947,341179
119253.75977603786,0.178,Comp0010,DNS0001,17,53035,53,2,2,38,154
119264.67852441063,2.389,Comp0055,Web0004,6,9196,443,5,82,3146,5581
119274.5505442533,5.031,Comp0061,Web0005,6,63521,443,33,58,150,667
119283.78154954486,4.178,Comp0060,Web0002,6,18354,443,4,370,531,6755
119286.82918231632,4.22,Comp0041,Web0001,6,56713,443,14,27,1504,21756
119294.4366894614,2.03,Comp0038,DC0001,6,34789,88,5,5,152,606
119298.32878952046,1.578,Comp0002,DC0001,6,29621,389,5,11,979,355
119314.19878050977,6.068,Comp0044,Mail0002,6,35120,993,6,3,194,1099
119330.2116316309,4.014,Comp0004,Web0006,6,13079,443,5,39,947,10942
119330.63447223158,4.046,Comp0052,DC0002,6,53527,389,15,8,736,796
119337.21738612538,0.084,Comp0011,DNS0001,17,27267,53,3,2,150,139
119340.6095696254,0.151,Proxy0001,Ext0028,6,9786,443,7,60,626,3044
119343.16144495402,0.101,Comp0036,DNS0002,17,24822,53,2,3,73,82
119358.3383941547,0.185,Comp0060,DNS0001,17,25538,53,2,3,40,196
119359.46640228093,8.342,Comp0055,Web0003,6,11239,443,9,36,780,2619
119370.555357382,0.082,Comp0063,DNS0002,17,18980,53,3,2,44,80
119386.53646800813,1.677,Comp0074,FS0001,6,34384,445,20,98,247,25847
119387.81243990608,14.348,Comp0038,Web0006,6,28656,443,12,18,203,1810
119405.90885199283,0.062,Comp0025,DNS0001,17,63168,53,2,2,92,76
119408.0050238407,8.068,Web0001,DB0003,6,42621,3306,35,87,3707,1490
119420.0640666764,0.671,Comp0078,DNS0002,17,20204,53,2,2,47,70
119424.1299979519,4.765,Comp0059,Proxy0002,6,5082,3128,11,44,739,43905
119428.075920154,0.081,Comp0028,DNS0002,17,7102,53,3,2,31,56
119428.54453480022,0.088,Comp0028,DNS0002,17,13401,53,2,2,81,159
119430.3754135255,7.138,Comp0053,DC0002,6,34738,445,26,169,2015,15811
119432.49045475484,1.512,Comp0060,FS0003,6,15860,445,10,70,1137,10486
119436.64080029161,0.05,Comp0007,DNS0002,17,8446,53,2,2,66,172
119456.49212538538,0.383,Comp0063,DNS0001,17,46101,53,3,2,156,92
119473.4670254541,0.195,Comp0046,DNS0002,17,9785,53,2,3,52,53
119481.67082897553,6.245,Comp0059,Web0006,6,31470,80,14,30,1423,12050
119489.90917997743,6.81,Comp0070,FS0001,6,40271,445,31,327,10906,46790
119492.34130763056,0.888,Comp0006,DC0002,6,37820,88,7,33,91,157
119498.86794918249,0.255,Comp0067,DNS0002,17,4140,53,3,2,45,504
119499.49734721838,1.161,Comp0035,Web0004,6,46494,443,4,17,622,2205
119514.99700546026,3.911,Comp0056,Mail0001,6,6875,587,5,11,208,199
119521.2934333716,0.297,Comp0069,Proxy0001,6,26605,3128,3,11,637,901
119522.79455433444,0.154,Comp0069,Web0003,6,13395,443,11,11,205,2506
119525.7396447104,0.287,Comp0003,DNS0002,17,7067,53,2,3,90,54
119532.83774669102,1.515,Comp0076,Web0002,6,53961,443,34,13,294,2959
119537.0449210169,14.319,Comp0078,Web0006,6,49173,80,4,44,243,2358
119548.06830906979,0.135,Comp0058,DC0001,6,56315,88,9,6,188,1651
119548.26522124693,1.543,Comp0057,Web0004,6,29764,80,16,61,1907,13590
119557.74276773952,0.095,Comp0055,DNS0002,17,15524,53,3,3,65,67
119567.40850927055,2.644,Comp0074,Web0005,6,27402,80,13,8,1190,2144
119590.2059416103,8.536,Comp0053,DC0001,6,3175,389,5,7,405,437
119593.15981695449,1.488,Comp0011,DC0002,6,22935,389,8,11,237,2864
119597.07312594962,6.15,Comp0046,Web0002,6,40601,443,9,38,381,5847
119603.83679235075,0.101,Comp0076,DNS0001,17,22898,53,2,3,94,205
119624.0022315136,1.54,Comp0023,Web0006,6,39181,443,11,28,1589,10768
119629.23321368179,0.294,Comp0053,FS0001,6,52965,445,52,247,3205,33215
119631.52568697755,2.012,Comp0079,DC0001,6,54524,389,8,6,642,1018
119632.76633132307,0.086,Comp0054,Web0004,6,9019,443,10,51,278,8897
119639.47897289353,8.443,Comp0015,DC0002,6,22868,389,11,5,478,468
119644.45472661917,0.257,Comp0064,Web0001,6,40738,443,10,20,2288,2736
119647.09531558622,0.349,Proxy0001,DNS0001,17,16095,53,2,2,88,65
119647.93290514678,0.237,Comp0043,DNS0001,17,18555,53,3,3,111,57
119648.94619083463,0.092,Comp0067,DNS0002,17,26349,53,3,3,85,177
119656.80528589195,5.818,Comp0054,Proxy0002,6,20412,3128,5,72,382,1150
119677.76025019148,0.143,Comp0024,DC0002,6,23857,88,12,6,949,446
119685.31227744394,3.557,Comp0030,Web0006,6,42719,443,4,26,846,11078
119694.75762828643,0.224,Comp0077,DNS0001,17,9669,53,2,2,31,102
119696.72316714458,0.487,Comp0066,FS0001,6,35218,445,19,103,2717,55723
119700.27603142791,1.854,Comp0074,Mail0001,6,43562,993,2,4,761,1160
119701.02026009157,0.323,Comp0010,DNS0001,17,21838,53,3,3,17,168
119710.5691801121,7.947,Comp0065,Web0001,6,64658,443,17,29,337,68366
119712.6786690478,2.762,Comp0061,DC0002,6,15895,389,12,5,118,224
119718.4553916695,0.833,Comp0030,Mail0001,6,44719,993,3,15,733,487
119721.17384816037,0.005,Comp0074,DNS0002,17,60037,53,2,3,46,184
119732.06826231837,0.926,Comp0003,Web0001,6,3877,443,16,26,193,3043
119734.4124856173,3.438,Comp0025,Proxy0002,6,46639,3128,4,27,352,7007
119736.94500927365,0.066,Comp0011,DNS0002,17,60201,53,2,3,85,133
119737.9130191103,7.103,Proxy0001,Ext0033,6,64803,443,18,25,1493,462
119762.23236306981,0.327,Comp0019,Web0004,6,53033,80,21,35,3753,2090
119778.12890345947,10.288,Comp0001,DC0002,6,49670,445,24,160,1805,2822
119786.81190176096,2.453,Comp0065,Web0003,6,38216,443,13,52,997,8795
119798.30123326827,16.954,Comp0080,Proxy0001,6,22160,3128,27,67,197,8746
119801.25725638741,0.132,Comp0080,DNS0001,17,37304,53,3,2,117,164
119803.83730686158,0.159,Comp0079,DNS0001,17,12190,53,3,2,37,202
119844.01726239994,5.761,Comp0013,Web0005,6,45097,80,10,78,1423,6511
119844.0308039372,0.19,Comp0062,DNS0001,17,44233,53,3,2,73,196
119845.06560820517,0.139,Comp0063,DNS0002,17,37150,53,3,2,68,237
119851.35272473781,4.394,Comp0077,Web0001,6,55996,443,19,60,1369,15576
119860.05417904432,1.794,Comp0073,DC0001,6,4418,389,3,7,150,2348
119869.76757726501,0.136,Comp0068,Proxy0002,6,15491,3128,8,10,1712,3268
119891.24904766602,11.484,Comp0043,FS0001,6,62282,445,10,76,564,22326
119891.99386422557,7.849,Comp0043,Web0004,6,51075,443,11,70,599,2919
119894.62704930134,15.091,Comp0059,Proxy0002,6,63450,3128,6,12,559,27362
119895.36192026093,0.508,Comp0048,Web0003,6,1105,443,24,75,478,12989
119909.37472696631,0.189,Comp0041,DNS0002,17,29901,53,2,3,65,91
119909.73023894356,0.009,Comp0020,DNS0002,17,48824,53,2,3,62,274
119916.21996264876,4.343,Comp0053,FS0002,6,53149,445,120,172,424,1752
119926.87298251156,0.006,Comp0039,DNS0001,17,12516,53,2,2,62,273
119937.67063559475,1.2,Comp0073,Proxy0002,6,15067,3128,13,23,2032,42955
119945.75562949026,5.742,Comp0016,Web0005,6,54697,443,7,63,384,7079
119957.6728410628,0.802,Proxy0002,Ext0036,6,5766,443,7,51,896,5753
119963.97692496618,4.14,Comp0030,Web0001,6,59694,443,9,127,1009,55992
119977.2855419415,0.157,Comp0035,DNS0001,17,26728,53,3,3,59,238
119980.43513527808,35.623,Comp0043,FS0002,6,63499,445,29,6,20694,53517
119983.29457618852,2.166,Comp0067,DC0002,6,46598,88,4,32,1532,748
119983.908713907,1.006,Comp0052,Web0004,6,23363,443,20,75,623,6747
119989.34673057502,0.654,Web0006,DC0001,6,5492,389,10,5,207,1380
119994.25932393923,0.328,Comp0080,DC0001,6,37328,88,6,3,430,967
120000.27616752611,0.122,Mail0001,DNS0001,17,64944,53,2,3,69,147
120015.07366893362,0.192,Web0006,DC0002,6,35644,389,4,7,868,1223
120021.55393312735,7.615,Comp0070,Proxy0001,6,19508,3128,9,23,871,2453
120032.29373157892,1.156,Comp0059,DC0001,6,35436,88,5,5,250,208
120036.02889477552,3.597,Comp0006,Web0002,6,36533,443,20,19,1928,4247
120051.9982220594,2.14,Comp0026,Mail0002,6,45290,993,3,7,271,1655
120057.68247464285,1.209,Comp0037,FS0001,6,23457,445,13,55,404,6687
120058.81997185845,0.134,Comp0025,DNS0001,17,31444,53,3,3,86,138
120065.55936558655,3.071,Web0006,DB0004,6,63322,3306,27,179,2182,130382
120066.23547561205,0.016,Comp0069,DNS0001,17,25940,53,3,2,157,100
120081.73788914032,4.246,Comp0009,Web0004,6,14537,443,18,46,238,5897
120084.54043076793,0.319,Comp0027,DNS0001,17,10075,53,3,2,80,137
120086.71522470983,4.694,Comp0054,Proxy0002,6,14533,3128,7,7,1114,968
120089.16651197417,0.132,Comp0001,DNS0001,17,33740,53,2,3,78,128
120097.30857919884,0.155,Comp0062,DNS0001,17,58179,53,3,2,137,124
120102.00407920833,2.567,Comp0018,Web0001,6,29866,443,16,69,295,3438
120102.33272598745,0.025,Comp0017,DNS0001,17,23805,53,3,3,75,88
120105.3598873332,3.34,Comp0034,Web0005,6,34287,443,11,83,166,7306
120105.74635379676,0.465,Comp0005,DC0001,6,8303,88,12,34,688,569
120109.94694385427,1.805,Comp0019,Web0002,6,20901,443,9,6,380,7731
120116.82633619256,1.806,Comp0014,Mail0002,6,45001,993,4,10,578,505
120126.03138045399,3.041,Comp0050,Mail0001,6,27313,993,5,6,303,2052
120128.6192880602,2.536,Comp0010,Web0001,6,50597,443,6,49,233,10539
120141.11716452091,3.985,Comp0075,Proxy0001,6,64898,3128,6,168,1377,4796
120149.49721502722,0.862,Comp0054,DNS0002,17,22401,53,2,2,42,203
120154.46045716187,6.651,Proxy0002,Ext0010,6,64531,443,5,23,654,30797
120167.77792305735,6.711,Comp0075,Web0003,6,45505,80,9,18,886,24917
120171.47478700924,0.121,Comp0023,DNS0001,17,54870,53,2,4,54,68
120181.46138200743,1.332,Comp0080,DC0001,6,29395,88,10,8,540,374
120182.55989051104,4.88,Comp0061,Web0004,6,59221,443,5,52,1676,2227
120188.37452899251,0.299,Comp0030,DNS0001,17,13188,53,3,2,109,186
120216.7500507333,9.164,Comp0009,FS0002,6,50297,445,20,271,3498,7375
120221.41796419071,0.066,Comp0061,DNS0002,17,4479,53,3,2,80,159
120227.02679114946,1.309,Comp0032,Web0002,6,18781,443,6,129,1166,34341
120232.28530221403,11.118,Proxy0002,Ext0018,6,43638,443,20,43,8612,4090
120239.29825340072,0.157,Comp0023,DC0001,6,18842,88,7,5,353,1152
120243.45273940891,2.398,Comp0078,Web0004,6,18375,443,24,28,634,12970
120256.51868431683,2.348,Comp0023,Web0004,6,62211,443,5,54,440,2122
120257.0440603901,2.112,Comp0065,Proxy0002,6,49615,3128,7,22,1570,13307
120273.00932328192,3.525,Comp0035,Mail0001,6,40699,993,2,15,156,461
120277.1650712783,7.156,Comp0042,Mail0002,6,58480,587,9,16,340,766
120284.06026762628,0.366,Comp0025,Mail0001,6,4369,587,6,8,745,342
120290.09545052976,13.687,Comp0024,Web0005,6,64948,80,13,22,1057,4271
120297.74601616507,0.31,Comp0071,DNS0001,17,53032,53,3,3,85,138
120298.53998712031,0.432,Comp0068,Proxy0002,6,14168,3128,22,127,245,44100
120298.72351778418,7.424,Comp0071,Proxy0001,6,2121,3128,4,20,1079,8273
120307.80734120987,0.076,Comp0056,Web0004,6,24703,80,23,54,364,2332
120322.36654251645,3.017,Comp0040,DC0001,6,48743,389,2,14,482,526
120330.7158226114,11.942,Comp0076,FS0001,6,24749,445,32,44,1185,4739
120336.15392676531,4.531,Comp0039,FS0002,6,62590,445,21,290,1053,31160
120337.5944036794,0.347,Comp0080,Proxy0001,6,26527,3128,8,11,133,19030
120339.68367625176,2.983,Comp0048,DC0002,6,3750,88,3,7,1691,480
120340.63662763126,7.5,Comp0054,Web0005,6,58593,80,12,79,570,1876
120347.44398064753,0.765,Comp0004,DNS0001,17,33602,53,3,2,135,226
120376.0473061849,7.848,Comp0024,Web0001,6,15250,443,9,28,750,3935
120378.45190164135,2.545,Comp0006,Web0006,6,15823,80,10,46,4175,132820
120378.95990151362,1.742,Comp0007,DC0001,6,42784,389,4,3,1422,992
120395.24354117396,1.933,Comp0028,DC0002,6,42951,88,4,12,1091,417
120396.37119721009,1.137,Comp0048,Web0006,6,16551,443,12,17,269,1206
120397.13476901557,12.335,Comp0031,FS0003,6,65338,445,9,59,16971,2149
120399.39052625297,0.235,Comp0066,DNS0001,17,33758,53,3,3,119,67
120401.07436055326,2.407,Comp0034,Mail0001,6,44897,587,7,3,1074,437
120402.63876475403,2.116,Comp0028,Web0006,6,12406,443,14,93,2140,3929
120405.5341108274,6.312,Comp0056,FS0003,6,37391,445,33,180,2744,15796
120413.81348958402,0.224,Comp0004,Web0001,6,16320,80,13,15,699,3431
120420.53938437699,0.899,Comp0022,Proxy0002,6,39640,3128,11,41,91,32517
120424.83912344166,14.148,Comp0041,FS0002,6,9322,445,5,146,399,13176
120445.1167863912,1.421,Comp0070,Web0005,6,58813,443,14,34,1491,8121
120447.96348673613,15.554,Comp0025,DC0001,6,2259,445,13,122,1312,3427
120450.05514308851,0.011,Comp0068,DNS0001,17,26493,53,2,2,35,56
120464.19991588025,65.475,Comp0060,FS0003,6,16863,445,13,61,4363,16122
120472.33084407012,0.195,Comp0035,DNS0002,17,46316,53,3,3,41,149
120473.4792120292,0.07,Comp0060,DNS0002,17,44534,53,2,2,52,123
120494.55148764745,8.088,Web0004,DB0001,6,35957,5432,19,130,939,49143
120496.53715660595,3.522,Comp0027,Web0001,6,64184,80,10,69,1322,4521
120498.37759909578,1.428,Comp0015,Proxy0002,6,58554,3128,4,76,422,7163
120515.68084655538,3.025,Comp0077,Web0006,6,26083,443,14,158,327,32804
120518.14095746612,3.103,Comp0003,Mail0001,6,46972,587,4,5,994,262
120521.98057872662,1.75,Comp0001,Web0003,6,25455,443,6,28,1154,7039
120534.91175934726,13.524,Comp0053,Web0005,6,56583,443,7,10,150,758
120541.42299409326,12.15,Comp0074,Web0006,6,25921,443,8,26,1838,1874
120544.63948132063,0.031,Comp0011,DNS0002,17,26932,53,2,3,135,237
120552.82375322952,0.161,Comp0040,DNS0001,17,51609,53,2,2,59,204
120553.96557888041,0.412,Comp0051,DC0001,6,2975,445,69,68,1135,9087
120563.2904026022,0.152,Comp0067,DNS0002,17,22424,53,3,3,37,67
120566.38385162692,0.236,Comp0005,DNS0001,17,55532,53,3,3,43,190
120572.17561436638,0.012,Comp0040,DNS0001,17,51997,53,3,3,80,156
120581.25055878173,0.196,Comp0064,DNS0001,17,22875,53,3,2,48,68
120584.30103224567,1.314,Comp0065,Web0005,6,60401,443,12,61,1710,3153
120584.7283537038,2.353,Comp0009,DC0001,6,5155,389,5,9,331,928
120593.03488064211,6.175,Comp0021,Web0005,6,20385,80,5,42,855,3382
120597.6272151923,3.722,Comp0013,DC0001,6,45690,88,6,8,713,725
120606.91477340733,4.29,Comp0014,DC0001,6,37477,445,32,53,816,5814
120613.41287720553,2.305,Comp0078,Proxy0002,6,54353,3128,7,111,270,3088
120615.70796445661,1.596,Comp0004,DC0001,6,5931,445,19,93,853,3067
120625.78464374237,0.139,Comp0051,Proxy0001,6,17142,3128,14,16,747,4056
120634.5639749434,3.118,Comp0010,DC0002,6,22673,88,6,6,836,379
120635.70073558913,3.646,Comp0009,FS0002,6,58673,445,8,52,10694,8369
120638.29751761076,17.924,Comp0001,FS0003,6,39650,445,45,15,1172,12732
120649.14541039214,8.366,Comp0011,Web0003,6,29663,443,13,50,1061,7348
120649.94473482574,6.744,Comp0033,FS0001,6,43570,445,18,265,2852,2256
120656.4795202543,0.729,Comp0035,Mail0002,6,3460,587,8,6,880,480
120658.0172807721,11.256,Comp0060,FS0002,6,4294,445,27,77,1170,6979
120666.91803673065,0.886,Comp0044,Web0003,6,54272,80,13,19,472,2903
120668.75052655577,8.3,Comp0052,Proxy0002,6,27904,3128,17,8,216,1520
120672.33300204086,10.185,Comp0052,Web0005,6,60734,443,10,28,299,14117
120672.84136112445,2.231,Comp0028,Mail0001,6,46736,993,11,28,760,404
120683.10458397193,4.112,Proxy0002,Ext0012,6,24498,80,51,158,335,9832
120694.86170857277,0.041,Comp0027,DNS0001,17,16203,53,3,5,70,201
120696.81477853082,1.073,Comp0074,DC0002,6,1841,445,7,201,537,1288
120700.9739137353,8.617,Comp0078,Proxy0002,6,60907,3128,8,6,980,21405
120713.30473104739,2.553,Comp0057,FS0003,6,23320,445,10,96,3349,68415
120714.96587592509,0.152,Comp0075,DNS0002,17,11272,53,2,3,27,134
120734.45030974512,0.075,Comp0017,DNS0001,17,36545,53,3,2,76,219
120744.86531696722,0.226,Comp0045,DNS0002,17,42244,53,3,3,83,165
120745.89114452383,21.919,Web0004,DB0004,6,14849,3306,4,138,574,12266
120753.01960374998,8.959,Comp0062,Web0002,6,12190,443,5,28,941,3726
120763.94935401613,4.844,Comp0032,FS0002,6,40382,445,15,128,330,1210
120773.22738509666,1.756,Comp0068,Proxy0002,6,61016,3128,6,40,491,17469
120785.3136067478,0.244,Comp0063,DNS0002,17,23167,53,2,3,132,267
120788.8255762737,2.349,Comp0057,FS0002,6,37123,445,37,82,1224,23943
120794.49302705828,1.971,Comp0022,Web0006,6,4642,443,7,86,605,26218
120795.10491697575,0.259,Comp0034,DNS0001,17,41217,53,3,3,61,176
120797.26829753682,11.331,Comp0062,DC0001,6,29874,389,7,11,37,323
120803.52318222915,4.821,Comp0022,Web0004,6,3316,443,10,38,400,59083
120816.61071696086,0.532,Comp0070,FS0003,6,18656,445,16,162,1500,17946
120826.53275080935,21.8,Comp0068,Web0003,6,53554,443,8,14,583,4524
120827.21113645742,49.412,Comp0034,FS0002,6,26270,445,23,48,2882,2923
120838.83903637374,33.826,Comp0052,DC0001,6,3176,445,51,106,1387,29053
120852.13086784806,0.325,Comp0046,Web0003,6,46836,80,6,29,209,3912
120854.14551857399,0.012,Comp0072,Mail0002,6,11418,993,8,8,426,263
120858.27457842618,1.203,Comp0046,Web0001,6,42443,443,6,32,208,8376
120865.60124656951,8.317,Comp0030,Proxy0002,6,10218,3128,7,44,121,1210
120871.4590527888,7.213,Comp0045,DC0001,6,30362,389,4,4,495,247
120883.4945494303,4.48,Comp0015,Proxy0002,6,10999,3128,11,42,598,10068
120884.29285728213,5.272,Comp0028,Proxy0001,6,51261,3128,12,8,236,5757
120890.15740288507,10.474,Comp0046,Web0002,6,17781,443,9,42,2518,3546
120908.05722350249,5.859,Comp0020,FS0002,6,31106,445,6,94,5431,5864
120915.13417853398,2.426,Comp0042,Proxy0001,6,26664,3128,11,43,256,3074
120926.43773221379,3.148,Comp0033,DC0002,6,37040,389,4,3,236,2453
120937.22715634533,0.08,Comp0078,DNS0002,17,57527,53,3,2,53,103
120942.20311547667,2.383,Comp0015,DC0002,6,7699,88,6,4,3849,1602
120949.43479136474,0.475,Comp0074,DNS0001,17,44596,53,2,2,75,95
120957.60628748329,1.781,Comp0072,Web0001,6,56613,443,9,32,852,7505
120970.08919098014,1.938,Comp0029,Web0004,6,1439,443,30,72,666,1761
120970.60057846436,0.027,Proxy0002,DNS0001,17,57690,53,3,3,60,249
120970.97023697876,4.914,Comp0079,Web0006,6,25918,443,5,52,1574,8321
120971.56606855878,5.666,Comp0049,Proxy0002,6,17589,3128,14,21,2144,15775
120974.46824571563,11.389,Comp0059,Proxy0001,6,4360,3128,4,60,1487,8699
120976.37146332694,10.427,Proxy0002,Ext0006,6,44667,443,14,13,320,8947
120977.90514160166,1.086,Comp0024,Web0001,6,4958,443,4,70,162,4119
120987.76956262396,8.324,Comp0075,Web0001,6,7912,80,6,14,1225,50193
120990.94451965319,4.814,Comp0056,Web0004,6,50766,443,8,92,1610,6561
120997.12148308902,0.52,Comp0002,DC0002,6,52520,389,3,12,2233,800
121012.25704233671,3.259,Comp0007,Proxy0002,6,57284,3128,8,20,302,18097
121055.82603175355,2.228,Web0002,DB0003,6,29609,3306,28,26,743,2495
121056.55858232133,6.072,Comp0049,Proxy0001,6,45629,3128,11,43,431,11178
121058.56889810954,7.852,Comp0054,Proxy0002,6,21555,3128,7,39,1390,1242
121061.92014828774,5.87,Comp0026,Web0006,6,63513,80,8,47,136,8115
121067.44514462334,0.141,Comp0024,DNS0001,17,34671,53,2,2,33,145
121075.19040823865,18.59,Comp0010,DC0002,6,13120,445,11,194,1320,40667
121075.76349272425,0.17,Comp0026,DNS0002,17,40183,53,3,2,150,184
121082.11666287063,2.114,Comp0047,FS0002,6,34901,445,68,306,1536,28132
121082.25613593766,1.883,Comp0035,Proxy0001,6,22260,3128,5,82,918,7924
121086.8912160938,0.872,Comp0003,Proxy0001,6,41289,3128,6,27,624,8829
121090.33394160453,0.246,Comp0033,DNS0001,17,26363,53,2,2,47,157
121102.77870283346,0.712,Comp0064,Proxy0002,6,34259,3128,11,257,447,1835
121105.1251332826,4.625,Comp0075,Mail0001,6,41162,587,8,4,266,1050
121105.37871118373,0.154,Comp0062,DNS0002,17,12060,53,2,2,44,176
121118.90324077073,13.6,Comp0043,Web0006,6,3541,443,8,44,430,2830
121122.19794154676,3.098,Comp0071,Web0005,6,49238,443,3,43,721,11105
121157.25046550635,0.089,Comp0025,DNS0001,17,3806,53,2,2,107,239
121175.67567630747,0.217,Comp0001,DC0002,6,22012,88,3,13,734,350
121179.8376689106,0.118,Comp0016,DNS0002,17,65303,53,2,3,58,160
121192.78234887293,0.269,Comp0008,DNS0002,17,49787,53,3,3,61,68
121209.21583014735,0.061,Comp0028,DNS0002,17,33697,53,2,3,62,169
121219.51904531539,0.022,Comp0067,DNS0002,17,51552,53,2,2,80,295
121220.08890027284,5.334,Comp0004,Proxy0001,6,18486,3128,6,37,77,4457
121223.06570206507,2.487,Comp0060,Web0001,6,15276,443,5,30,2557,2428
121224.9495156568,6.285,Comp0017,Web0003,6,47358,443,4,40,614,1577
121227.51502221549,0.019,Comp0002,DNS0001,17,3594,53,2,3,67,461
121234.75375010053,0.222,Comp0049,DNS0002,17,58472,53,2,2,37,371
121236.53581649711,0.081,FS0002,DNS0002,17,31699,53,2,3,61,101
121237.56735370509,2.523,Comp0021,Mail0001,6,51348,993,11,8,318,862
121239.87415499249,0.469,Comp0028,Web0001,6,10587,80,6,19,576,2945
121240.07674209995,5.765,Comp0023,Mail0001,6,36951,587,3,5,97,1169
121244.38962416083,23.049,Comp0073,FS0002,6,18784,445,20,179,2559,36466
121251.58616229349,0.102,Comp0007,DNS0002,17,43726,53,3,3,49,72
121266.97133083802,0.007,Comp0077,DNS0001,17,15508,53,2,2,77,209
121271.06335661726,5.772,Comp0075,Proxy0002,6,29719,3128,23,60,375,8691
121275.9625360695,12.96,Comp0037,Web0004,6,11582,80,4,13,155,4099
121277.48288768152,5.855,Comp0021,Web0002,6,10805,443,8,70,2051,1421
121283.32321708623,0.509,Comp0002,DNS0001,17,13358,53,2,2,75,48
121283.69307971676,7.192,Comp0063,Proxy0002,6,6798,3128,12,26,490,5540
121283.83316598472,0.096,Comp0056,DNS0002,17,22315,53,2,2,58,181
121288.65981782091,12.878,Comp0030,Web0004,6,17038,443,14,26,470,8965
121295.70024044576,8.516,Comp0007,Proxy0002,6,25493,3128,5,36,291,17722
121302.8430417313,0.052,Comp0038,Proxy0002,6,22049,3128,12,26,370,38634
121304.74124614988,17.888,Web0003,DB0001,6,53922,3306,33,95,938,1238
121305.75447028749,21.109,Comp0015,Proxy0002,6,16865,3128,6,34,255,3045
121308.02480653595,5.752,Comp0043,Mail0002,6,57522,993,5,10,608,2505
121309.25548818879,6.495,Comp0068,DC0001,6,22524,88,4,7,581,89
121317.32636702107,2.775,Comp0050,Proxy0001,6,56299,3128,5,20,909,3950
121323.97652019045,1.191,Comp0030,DC0002,6,19257,389,10,9,962,243
121335.46447790979,0.385,Comp0055,Web0001,6,31963,443,3,7,798,1919
121339.10171339428,1.846,Comp0013,Web0003,6,28015,443,8,105,576,7317
121339.28061342181,4.24,Comp0032,Web0005,6,42764,443,5,63,1551,7268
121340.30968613442,4.092,Comp0029,Proxy0002,6,19219,3128,8,30,598,28543
121346.94537340118,3.896,Mail0001,Ext0006,6,30232,25,3,3,1077,998
121353.3691042642,0.195,Comp0068,DNS0002,17,7478,53,3,3,50,308
121362.76495200559,7.388,Comp0070,Proxy0002,6,39155,3128,14,34,1705,3188
121363.78071978647,0.441,Comp0022,DC0001,6,34008,88,4,5,63,639
121372.61542647742,0.272,Comp0060,DNS0002,17,29251,53,2,4,61,432
121372.61830375958,0.021,Comp0026,DNS0001,17,56518,53,2,2,43,107
121414.82129587705,0.075,Comp0031,DNS0001,17,2973,53,2,3,44,529
121433.9044473148,9.013,Comp0070,Web0001,6,43479,443,35,40,139,8124
121445.58691559617,6.405,Comp0016,Web0004,6,52536,80,6,130,207,2353
121445.86436414243,0.969,Comp0052,Proxy0002,6,40525,3128,5,18,609,17541
121469.62394369014,0.083,Comp0017,DNS0002,17,42996,53,2,3,67,306
121471.91552763768,4.366,Comp0054,Web0004,6,16014,443,8,12,694,40499
121483.558205674,0.07,Comp0071,DNS0002,17,55629,53,3,3,73,66
121483.59907622827,6.246,Comp0080,DC0002,6,35795,389,6,8,310,427
121490.68488624712,0.176,Comp0026,DNS0001,17,2895,53,2,3,95,283
121494.6153864929,12.456,Comp0024,FS0002,6,3704,445,27,103,1430,5935
121501.79932665298,15.372,Comp0055,FS0001,6,14836,445,9,57,910,45047
121512.69922830598,0.278,Comp0041,DNS0002,17,39913,53,2,2,76,177
121540.26426109104,0.454,Comp0030,Proxy0001,6,31422,3128,33,12,1876,6664
121549.40958280917,0.085,Comp0039,DNS0002,17,7397,53,2,3,80,127
121561.16044916408,5.309,Proxy0001,Ext0026,6,45498,443,20,61,2775,13298
121568.92198751066,1.679,Comp0043,Web0004,6,38361,443,12,21,3800,4745
121582.12473685227,3.388,Comp0029,Web0006,6,16548,443,5,6,941,41703
121587.34842885024,0.082,Comp0040,DNS0002,17,50112,53,2,3,102,266
121588.82286471456,1.361,Comp0020,Web0001,6,47140,443,8,68,424,3316
121597.67529528891,3.734,Comp0040,Web0001,6,53569,80,5,46,467,1425
121603.48268703846,1.939,Comp0050,Mail0002,6,35415,993,5,5,340,784
121606.6210900577,8.796,Comp0020,DC0001,6,20298,445,38,55,1859,31464
121606.75416645358,7.947,Comp0017,FS0003,6,33781,445,44,117,2722,1131
121610.34429966114,1.67,Comp0075,Web0005,6,4913,443,8,14,936,14977
121613.13608789112,0.076,Mail0002,DNS0001,17,8475,53,3,3,92,147
121621.12580198888,1.028,Comp0054,Proxy0001,6,59267,3128,10,47,110,3875
121622.82424064675,0.375,Comp0030,DNS0002,17,7963,53,2,3,60,141
121624.88885615955,9.669,Comp0047,Web0006,6,31526,443,6,20,1403,718
121627.06960031681,7.604,Comp0066,Web0004,6,29338,443,12,45,1039,12719
121702.30803333104,7.435,Comp0073,Web0003,6,17257,443,11,43,500,9740
121713.37642942523,0.637,Comp0019,Web0001,6,7770,443,12,41,401,4149
121713.84202739681,0.032,Comp0075,DNS0001,17,46256,53,2,3,37,183
121721.78373271663,2.799,Comp0056,Mail0002,6,8541,587,5,7,84,330
121722.7232553297,13.893,Comp0006,FS0002,6,63281,445,50,110,311,8037
121725.06649574128,6.395,Comp0054,Proxy0002,6,35364,3128,5,48,1223,11415
121726.13589413703,57.848,Web0003,DB0001,6,28668,5432,8,178,764,8944
121733.40662346978,0.033,Comp0043,Web0003,6,25233,443,15,59,287,1772
121735.45526449509,0.463,Comp0053,DNS0002,17,45494,53,2,2,60,187
121735.9758950141,11.451,Comp0053,FS0001,6,20892,445,15,590,3309,155656
121737.64179829038,13.662,FS0002,DC0002,6,46262,88,8,7,1430,1277
121739.10609494027,3.644,Comp0054,Web0002,6,18944,443,6,74,657,4672
121740.50540083242,5.358,Comp0028,Proxy0001,6,22811,3128,15,128,999,18475
121742.10594892487,9.572,Comp0046,Web0003,6,25277,443,5,9,1345,888
121751.03781132412,35.831,Comp0067,FS0003,6,16127,445,40,67,727,16491
121753.73854095815,4.664,Comp0036,Mail0001,6,63753,993,5,5,821,1144
121754.06946940193,0.843,Comp0034,Proxy0001,6,46552,3128,10,165,687,14600
121758.46800975828,1.491,Comp0019,Web0005,6,27073,443,3,34,3784,1906
121759.07850184609,0.508,Comp0047,DNS0002,17,49596,53,4,2,73,99
121766.7138043695,9.495,Comp0050,DC0001,6,29352,445,11,25,2370,3147
121768.01168904857,0.949,Proxy0001,Ext0003,6,42319,80,6,26,781,3328
121775.40688495728,0.998,Comp0068,Mail0001,6,62347,993,5,5,581,436
121784.71894540242,0.903,Comp0061,Mail0001,6,51132,587,4,15,555,203
121787.66156703566,0.066,Comp0042,DNS0002,17,20874,53,2,2,63,195
121798.26738154849,5.07,Comp0016,Proxy0002,6,25392,3128,10,13,227,12802
121803.53562589918,3.666,Comp0019,Web0006,6,38546,80,5,84,2057,3134
121804.4186036532,0.038,Comp0022,DNS0002,17,1110,53,2,3,93,188
121808.0475277876,5.349,Comp0078,DC0001,6,42831,88,6,4,356,1072
121823.69533738497,3.255,Comp0008,Proxy0001,6,32467,3128,5,26,703,10357
121825.31005364383,0.441,Comp0078,Mail0001,6,53769,587,9,13,232,818
121827.45367444909,1.514,Comp0011,Proxy0002,6,39709,3128,23,71,142,5557
121834.31205277992,0.129,Comp0068,DNS0001,17,37071,53,2,2,44,109
121840.55659948333,0.235,Comp0010,DNS0002,17,41532,53,2,3,77,238
121848.3054552708,1.66,Comp0051,Web0006,6,43352,443,3,59,376,2500
121848.72340433137,0.216,Comp0054,DC0001,6,3120,389,9,4,98,1078
121849.35966950562,3.153,Comp0024,Web0002,6,3538,443,8,30,514,1380
121855.37308809237,4.234,Comp0059,Web0001,6,63601,80,7,30,698,7089
121868.34876742418,0.591,Comp0061,DC0001,6,39542,88,15,8,368,770
121870.31243180989,0.038,Comp0014,DNS0001,17,29048,53,2,2,109,155
121870.72925397128,7.941,Comp0051,Web0002,6,44027,443,21,13,445,1649
121873.6893362446,0.746,Comp0021,Web0005,6,46610,443,8,60,4468,1917
121873.77863674528,1.543,Comp0060,Mail0002,6,33850,993,3,7,483,867
121881.01571643712,0.022,Comp0051,DNS0002,17,65298,53,2,2,59,145
121881.15860745651,2.644,Comp0077,Proxy0001,6,17041,3128,5,33,120,1074
121891.8254532124,0.092,Comp0021,Web0006,6,48567,80,24,27,1219,12370
121892.24072377705,15.515,Comp0016,Web0003,6,8967,443,10,80,883,1430
121895.45876860883,0.037,Comp0031,Proxy0002,6,58588,3128,6,42,314,2132
121903.66622648088,22.725,Comp0033,FS0003,6,9774,445,7,565,1161,5007
121903.8559532761,0.447,Comp0027,DNS0002,17,64276,53,2,4,95,181
121904.54848449267,5.591,Comp0020,Web0003,6,32306,443,15,24,408,10587
121908.92751862624,6.529,Comp0079,DC0001,6,42124,88,4,4,845,1693
121914.34306281555,0.732,Comp0031,Web0002,6,41777,443,10,165,243,4040
121914.46328165993,10.08,Comp0060,Web0003,6,27480,443,8,72,371,3734
121915.11314228846,4.256,Proxy0002,Ext0010,6,16001,80,20,29,2226,5625
121923.86248263663,1.777,Comp0028,Web0003,6,44371,80,7,17,467,752
121928.93481039119,0.248,DC0001,DNS0002,17,7384,53,2,4,81,224
121931.1412757982,59.173,Comp0056,FS0001,6,62037,445,29,104,2619,26176
121932.19874827279,0.278,Proxy0001,Ext0033,6,42504,443,5,297,883,10398
121934.22753259793,5.614,Comp0033,Web0001,6,27885,443,12,25,319,27080
121936.23283785219,0.085,Comp0004,DNS0002,17,5700,53,3,2,158,354
121942.79561225971,1.63,Comp0032,Web0002,6,6117,443,3,56,715,6818
121944.56220321725,14.073,Web0004,DB0002,6,47418,5432,21,327,1509,247339
121945.98988850375,0.476,Comp0017,Mail0002,6,13323,587,4,14,503,1328
121954.30253544245,4.846,Comp0060,Proxy0002,6,30284,3128,9,141,1330,10647
121964.82497757755,0.042,Comp0023,DNS0001,17,13758,53,2,2,102,95
121969.80735521254,4.335,Comp0012,Proxy0002,6,21386,3128,9,63,2608,16171
121973.70658012705,2.322,Comp0010,Web0005,6,2289,443,11,32,1490,4029
121986.9918026787,0.809,DB0001,DC0002,6,39396,389,4,4,356,730
121990.04411373864,0.125,Comp0013,DNS0001,17,49342,53,2,2,26,180
121991.25504843156,0.256,Comp0003,DNS0002,17,62423,53,2,2,50,220
121996.38315096783,0.003,Comp0041,DNS0001,17,63448,53,2,2,66,168
121998.73746159015,0.07,Comp0044,DNS0001,17,58656,53,2,3,121,97
121999.52261550601,0.29,Comp0036,Web0005,6,59606,443,11,27,497,14446
122002.19339750739,0.512,Comp0005,Proxy0002,6,3856,3128,11,12,432,3620
122008.91695214063,0.223,Comp0065,DNS0002,17,11709,53,3,4,48,249
122033.43117504886,0.064,Comp0074,DNS0001,17,50386,53,2,2,87,205
122034.32408395023,0.052,Comp0015,DNS0001,17,25115,53,2,2,60,106
122035.55444820932,1.575,Comp0030,DC0002,6,5885,88,5,3,319,1103
122045.59605738634,0.318,Comp0045,DNS0001,17,36123,53,3,2,42,85
122052.92002853731,1.788,Comp0049,Web0005,6,3061,80,6,14,860,8276
122053.20162131292,0.041,Comp0074,DNS0001,17,20200,53,2,2,58,133
122055.23032534789,0.007,Comp0019,DNS0001,17,38128,53,3,2,116,169
122063.15977614268,0.569,Comp0039,DC0001,6,29849,88,6,7,148,829
122066.69972634062,0.519,Comp0067,Mail0001,6,9512,993,7,15,528,929
122067.4821976863,0.635,Comp0019,Web0005,6,27694,80,5,15,1197,7059
122068.27315389033,1.762,Comp0024,Proxy0002,6,36384,3128,6,60,1609,8501
122078.20209271285,0.493,Web0004,DC0002,6,17209,389,4,14,555,868
122080.98507490705,5.303,Comp0021,Mail0001,6,8505,993,4,9,74,1053
122088.88714559606,1.782,Comp0015,DC0001,6,1923,389,4,2,848,437
122092.58194600581,3.342,Comp0057,Mail0001,6,54692,587,2,5,758,718
122098.21869162924,6.337,Comp0021,Proxy0002,6,22660,3128,11,20,1555,7673
122105.20865486829,0.838,Comp0032,Web0005,6,34195,80,8,50,1060,9468
122106.06821419454,25.204,Comp0074,FS0001,6,29944,445,14,12,2905,8502
122110.5320798385,6.636,Comp0079,FS0003,6,65145,445,10,38,1470,2380
122114.64077505565,1.965,Comp0008,Web0003,6,20021,443,11,279,2157,1619
122116.83270887306,4.228,Comp0042,Web0005,6,17045,80,11,251,1402,3601
122125.06714241451,2.419,Comp0011,FS0003,6,34271,445,5,73,645,26652
122126.12783291814,1.522,Comp0013,Web0005,6,65374,443,16,33,1970,6607
122128.55568650125,0.873,Comp0077,Mail0001,6,42943,993,3,3,395,260
122129.08846961509,12.085,Comp0060,Proxy0001,6,38977,3128,15,30,1205,8799
122133.15825100569,2.047,Comp0033,Proxy0002,6,29551,3128,34,87,1389,5904
122152.89724035171,0.263,Comp0042,DNS0002,17,21581,53,2,2,88,73
122163.85008707305,0.043,Comp0025,DNS0002,17,55168,53,3,2,81,81
122167.4360984271,0.953,Comp0050,DNS0001,17,59248,53,2,2,70,221
122189.75455724428,1.283,Comp0039,Web0002,6,59571,443,9,54,516,17564
122205.97819777779,0.142,Comp0008,DNS0001,17,56965,53,3,2,57,94
122206.58304018679,2.094,Comp0040,Web0003,6,61657,443,8,52,65,1583
122206.6744763284,3.945,Comp0049,Web0006,6,57398,80,6,59,2132,2848
122208.7556648993,2.097,Comp0008,DC0001,6,52665,389,8,6,612,1381
122212.44645872942,8.587,Comp0019,Web0001,6,7408,443,4,68,947,4091
122234.18014813279,1.24,Comp0011,DNS0002,17,59270,53,3,2,32,113
122241.99138146604,2.019,Comp0038,Web0003,6,52250,443,3,27,2580,6629
122243.713130991,0.099,Comp0071,DNS0002,17,50316,53,2,3,134,140
122252.46594802116,4.099,Comp0063,Proxy0002,6,58926,3128,10,28,577,6710
122274.06639677077,16.906,Comp0063,Web0005,6,49786,443,4,80,2063,2283
122276.99006996427,29.536,Comp0068,FS0002,6,13868,445,21,295,775,59278
122277.3334868529,2.589,DB0004,DC0002,6,33437,389,7,13,1118,1901
122279.39003849683,3.809,Comp0005,Web0006,6,18999,443,5,52,652,8579
122286.43185308392,1.328,Comp0048,Mail0002,6,26684,993,3,17,352,1628
122287.86014374206,0.011,Comp0078,DNS0002,17,51042,53,3,3,106,129
122288.53838163977,0.118,Comp0042,DNS0002,17,7078,53,2,2,66,74
122292.2360151776,1.315,Comp0040,Web0001,6,16019,443,14,33,591,24520
122296.48092725259,0.107,Comp0011,DNS0001,17,7488,53,3,3,34,138
122296.69610168361,2.139,Comp0031,DC0001,6,54388,445,77,171,1809,9515
122301.702937325,0.065,Comp0042,DNS0001,17,37585,53,3,2,68,177
122304.22690088971,2.659,Comp0033,DC0002,6,50676,88,2,4,1686,711
122322.93758461814,0.395,Comp0027,DNS0001,17,59892,53,2,2,68,182
122329.61765731151,3.039,Comp0026,Web0001,6,45797,443,6,110,427,22299
122332.39347776664,3.431,Mail0001,Ext0033,6,61527,25,4,4,166,578
122340.76719753532,2.165,Comp0003,Proxy0002,6,41721,3128,14,36,1437,1874
122341.23067999547,7.575,Comp0055,Web0005,6,56103,443,9,99,892,92949
122345.1947369946,2.273,Comp0069,Mail0001,6,2130,993,6,2,1873,377
122348.7199739444,4.466,Comp0058,Web0001,6,61491,80,7,61,627,15423
122350.67532577075,0.327,Comp0012,DC0001,6,45978,88,10,9,714,1295
122351.24033654117,0.493,Comp0018,Mail0001,6,62041,993,6,7,185,610
122353.50272767508,7.842,Web0004,DB0002,6,50699,3306,32,828,1155,71394
122378.64727962078,12.214,Comp0034,Web0004,6,13223,80,5,102,564,4799
122392.6784949546,0.703,Proxy0001,Ext0021,6,2202,443,16,47,7492,19628
122393.87127931276,0.132,Comp0058,DNS0002,17,16167,53,2,2,50,131
122394.84808318241,0.038,Comp0068,DNS0001,17,64592,53,3,2,50,62
122400.34728847178,11.903,Comp0021,Proxy0002,6,25752,3128,10,29,1099,1600
122407.82496734249,2.999,Comp0002,FS0001,6,49354,445,14,26,4189,48532
122414.3054089387,0.141,Comp0004,DNS0002,17,13039,53,3,3,41,67
122415.07561718996,0.411,Comp0034,DNS0001,17,29905,53,2,2,43,130
122416.83971092773,0.052,Comp0023,DNS0002,17,55206,53,2,2,209,120
122428.91657921529,0.46,Comp0047,DNS0002,17,15898,53,2,3,21,231
122433.23017875722,7.619,Web0004,DB0003,6,3880,3306,83,20,527,37186
122436.29293959547,16.707,Comp0047,Proxy0001,6,7674,3128,12,77,346,2628
122439.80743891296,6.227,Comp0066,Web0003,6,2356,443,7,35,947,13791
122466.51768782959,4.775,Comp0003,FS0003,6,33884,445,7,156,869,35523
122482.01045780344,1.172,Comp0026,DC0001,6,61691,88,9,6,304,576
122490.9745685075,2.315,Comp0066,DC0002,6,51550,88,13,8,1193,2696
122495.0478929551,8.423,Comp0046,Web0006,6,17017,443,19,24,363,36526
122517.6771333784,0.198,Comp0063,DNS0002,17,59316,53,2,3,47,74
122517.77939433049,6.621,Comp0021,Web0004,6,56792,80,10,11,6455,2544
122531.63666006178,36.862,Comp0010,DC0001,6,50088,445,47,11,1659,2245
122535.17929447896,2.282,Comp0005,Web0001,6,15051,80,9,17,699,5612
122539.09329677443,19.448,Comp0008,DC0002,6,26349,445,44,112,6355,16997
122540.33544094523,0.294,Comp0038,Web0001,6,45069,443,15,14,649,30343
122542.4282124129,11.553,Comp0067,Proxy0001,6,18909,3128,4,11,609,1695
122542.559043433,0.015,Comp0069,DNS0002,17,32289,53,2,2,102,58
122549.79469704058,1.02,Comp0026,Web0001,6,44407,443,3,45,173,12028
122555.84484085072,8.864,Comp0017,Mail0002,6,26579,587,10,6,183,1337
122557.54405121205,1.053,Comp0003,Mail0001,6,60229,993,8,11,698,1095
122564.94850941582,0.004,Comp0014,DNS0002,17,28097,53,2,3,57,201
122565.18026721932,0.284,Comp0036,DNS0002,17,54818,53,2,3,73,73
122580.84148531171,0.233,Comp0024,DNS0002,17,56151,53,2,3,34,136
122581.0759451534,0.243,Comp0031,DNS0001,17,13699,53,2,2,45,152
122583.2510634536,4.682,Comp0033,Mail0002,6,64752,587,4,5,249,1334
122592.59767858627,12.219,Comp0039,Web0005,6,7991,443,3,76,2974,4147
122610.8562274387,1.17,Comp0045,Web0006,6,25430,443,10,41,3599,6479
122621.190413262,0.389,Comp0043,DNS0002,17,30625,53,2,3,48,471
122621.60924181245,0.66,Comp0038,DNS0002,17,51958,53,2,2,33,162
122621.86961502685,1.925,Comp0078,Web0001,6,4835,443,36,50,2021,1954
122622.63699493164,1.639,Comp0069,Web0001,6,34819,80,10,48,2208,4104
122631.87951570295,1.862,Proxy0001,Ext0027,6,35938,443,29,20,1469,8159
122637.31821556724,0.175,Comp0021,DNS0001,17,42168,53,2,2,47,248
122638.8914303333,1.275,Comp0049,Proxy0001,6,4867,3128,11,68,11532,6919
122644.77703964745,0.497,Proxy0001,Ext0029,6,30468,443,8,37,91,9307
122654.54501981803,10.437,Comp0065,DC0001,6,46714,445,15,65,597,2297
122657.16992856398,21.941,Comp0035,FS0002,6,24665,445,8,42,428,17545
122660.8938303852,0.111,Comp0051,DNS0001,17,34590,53,2,3,64,186
122662.44865116046,4.094,Comp0038,Proxy0002,6,28948,3128,6,7,373,2571
122665.67915005119,0.352,Comp0075,DC0001,6,37900,389,20,7,938,1842
122667.81959111628,8.463,Comp0068,FS0002,6,27122,445,59,39,2317,15871
122673.99530645896,6.288,Comp0010,Proxy0002,6,61519,3128,18,71,2400,13199
122676.01452022279,27.341,Comp0024,FS0001,6,12458,445,18,275,4439,26018
122695.500743431,0.227,Comp0057,DNS0001,17,32088,53,2,2,68,53
122710.06855697773,0.14,Comp0067,DNS0002,17,31335,53,2,3,63,57
122714.66447271378,10.404,Comp0079,Web0001,6,19749,443,4,45,728,1239
122715.28544653037,7.477,Comp0049,Web0002,6,48482,443,10,88,129,3131
122716.83934307928,10.55,Comp0039,Web0005,6,46706,443,16,23,567,630
122721.18935683131,0.056,Comp0065,DNS0001,17,38509,53,3,2,90,311
122745.18482652647,3.792,Comp0019,Web0003,6,22883,80,6,25,1974,15131
122757.41429400662,0.237,Comp0024,DNS0001,17,11225,53,3,2,53,143
122760.7721206178,7.862,Comp0037,Web0006,6,42139,443,5,178,45,14270
122774.21436481082,6.634,Comp0073,Proxy0002,6,34577,3128,23,55,1354,7165
122782.71396814428,2.802,Comp0039,Mail0002,6,43787,587,5,9,424,549
122788.62534256972,13.722,Comp0068,DC0002,6,16828,389,9,12,416,421
122789.99353670489,2.736,Proxy0002,Ext0010,6,3900,443,40,115,388,11618
122796.41321835498,0.566,Comp0056,Mail0002,6,11171,587,14,5,72,985
122812.62451232436,0.306,Comp0004,DNS0002,17,64791,53,3,2,61,86
122813.40335653056,9.986,Comp0020,Web0001,6,34393,443,12,36,203,56319
122818.0883301947,0.665,Comp0080,Mail0001,6,37064,993,5,10,1109,645
122822.14047198027,0.207,Comp0020,DNS0001,17,9964,53,2,2,65,117
122826.45745635818,3.676,Comp0074,DC0001,6,46667,389,3,7,821,1005
122831.65363720767,0.326,Comp0076,DNS0001,17,63513,53,2,3,37,208
122834.87559113244,0.161,Comp0030,DNS0002,17,51886,53,3,2,92,73
122856.77785914291,6.307,Comp0016,Web0001,6,61636,443,7,33,295,13927
122862.69115436898,0.007,Comp0004,DNS0002,17,64200,53,4,4,112,61
122865.84799355033,1.874,Comp0030,Web0003,6,5627,443,85,15,196,36195
122877.77826177489,1.549,Comp0026,Mail0002,6,49512,993,19,4,527,1917
122884.9800598118,0.049,Comp0075,DNS0001,17,12233,53,2,3,55,220
122912.58948931533,3.836,Comp0010,Web0001,6,9100,443,36,37,113,17914
122918.93766191995,12.151,Comp0002,Web0003,6,52862,443,8,39,1271,8601
122922.69950165853,1.717,Comp0016,FS0001,6,61128,445,9,75,1833,12844
122924.90313599886,1.954,Comp0008,DC0001,6,48171,389,7,7,497,324
122928.46575461137,0.238,Comp0048,DNS0002,17,29901,53,4,2,87,281
122937.88418685485,0.566,Comp0030,Web0003,6,17433,443,3,259,723,9502
122939.15393871407,4.296,Comp0035,Web0002,6,41189,443,24,75,525,11235
122940.51940915789,5.088,Proxy0002,Ext0036,6,60848,80,6,278,198,1163
122947.19532142044,5.497,Comp0042,Web0001,6,26724,443,3,43,627,10904
122947.5034982169,5.798,Comp0018,DC0001,6,52236,88,4,3,373,727
122950.94280656619,13.41,Comp0064,Web0002,6,32440,443,27,3,1354,1218
122953.95668018721,0.025,Comp0059,DNS0002,17,42641,53,3,3,63,101
122955.51881785305,0.153,Comp0062,DNS0001,17,46279,53,2,2,90,422
122971.40648912403,5.036,Comp0002,Web0005,6,61984,80,11,70,1944,455
122973.32559083829,10.993,Comp0074,Web0002,6,45950,443,6,27,1403,16387
122974.3090369642,2.247,Comp0054,Proxy0002,6,2401,3128,6,52,4135,9590
122990.59554781402,0.229,Comp0076,DNS0002,17,3403,53,3,2,57,74
123002.56031724677,0.707,Comp0038,DNS0001,17,64529,53,2,4,81,106
123005.46564914903,0.024,Web0005,DNS0002,17,50892,53,2,3,64,116
123012.45019894042,4.171,Comp0022,FS0001,6,52247,445,9,184,5253,6774
123017.7792761192,15.723,Comp0035,Web0003,6,60573,80,5,85,895,5952
123017.85997214093,1.188,Comp0078,DC0001,6,56493,88,2,2,725,1134
123024.94889576436,0.106,Comp0055,DC0002,6,49405,88,5,4,642,483
123025.6012278168,9.031,Comp0077,Web0002,6,28636,443,27,34,2041,61057
123032.67842170146,0.032,Comp0053,DNS0001,17,46394,53,3,3,51,157
123032.73438264456,1.642,Comp0070,Web0003,6,12815,443,3,17,1503,7991
123035.6124211671,0.558,Comp0019,Web0006,6,63636,443,8,17,339,56612
123046.7736428554,0.021,Comp0007,DNS0001,17,17077,53,2,2,103,75
123053.56534421812,11.543,Comp0028,FS0003,6,6698,445,36,937,403,3103
123061.83907341718,0.433,Comp0056,DNS0001,17,2901,53,3,3,59,146
123067.04193919263,0.146,Comp0064,DNS0002,17,8744,53,3,2,61,143
123067.32475967635,4.628,Comp0010,Proxy0001,6,64552,3128,10,10,1919,4199
123070.71056199018,1.001,Comp0050,FS0003,6,20564,445,33,43,392,7703
123072.35688129703,2.589,Comp0064,DC0002,6,60908,389,4,9,226,2145
123073.2856411046,0.478,Comp0031,DNS0001,17,23819,53,3,3,72,428
123079.74055360258,2.307,Proxy0001,Ext0000,6,57072,443,9,18,735,3969
123080.72545869744,12.739,Comp0071,FS0001,6,56836,445,12,89,6525,14400
123082.9224142789,0.22,Comp0061,DNS0001,17,60749,53,2,2,29,244
123083.21992554664,6.269,Comp0030,Proxy0002,6,12419,3128,13,27,204,1522
123089.3118429169,2.322,Comp0022,Proxy0002,6,58050,3128,24,51,1609,35184
123092.92812249693,0.286,Comp0018,DNS0001,17,34244,53,2,2,52,75
123099.08480780455,3.084,Comp0059,Web0002,6,61192,443,9,68,716,12639
123101.96766963723,0.095,Comp0014,Web0002,6,15796,443,9,39,184,11001
123102.12279536441,3.912,Comp0036,DC0001,6,27435,389,10,31,475,872
123103.04078656794,2.271,Comp0074,DC0001,6,10807,88,8,17,377,358
123103.04458524159,6.828,Comp0066,Web0003,6,5046,443,3,64,349,3551
123106.7022344419,2.378,Comp0026,Mail0002,6,16008,587,2,5,862,1337
123112.80903246798,0.775,Comp0009,Proxy0002,6,21623,3128,12,56,627,3214
123122.619278344,16.667,Comp0013,FS0001,6,24822,445,32,187,2457,5037
123129.2542566668,0.088,Comp0073,DC0002,6,17408,389,11,9,311,985
123138.51978573573,1.152,Comp0036,DC0001,6,46291,88,16,5,408,1568
123145.4247296714,12.878,Comp0019,Mail0001,6,13211,993,9,4,227,1555
123147.24567284275,7.503,Comp0067,FS0002,6,58140,445,7,68,7276,7622
123154.30343178914,0.222,Comp0029,DNS0001,17,20546,53,2,3,83,161
123155.39613209805,0.308,Web0006,DNS0001,17,58378,53,3,2,67,97
123159.49300890368,0.07,Web0002,DNS0001,17,10320,53,2,3,71,150
123160.45165589581,5.594,Comp0027,Web0004,6,43808,80,6,42,319,6456
123162.04166429603,7.29,Comp0001,Web0006,6,14066,443,4,176,255,3701
123162.23906048914,4.084,Comp0038,Web0003,6,28452,443,13,45,2287,31690
123168.64446238734,0.268,Comp0073,DNS0001,17,22021,53,2,3,68,134
123173.53463165212,2.463,Comp0063,DC0001,6,29370,445,61,144,896,10901
123182.43665957739,3.638,Comp0012,Web0004,6,29720,443,10,137,248,5274
123191.96544868198,1.157,Comp0051,DC0002,6,26048,389,8,13,246,220
123195.87489591778,16.028,Comp0005,Web0004,6,26842,443,3,90,2806,12183
123198.92749952489,0.042,Comp0023,DNS0001,17,30203,53,3,3,59,341
123202.8311319298,10.449,Comp0048,Web0006,6,64383,443,4,54,164,15642
123212.4747585861,1.824,Proxy0002,Ext0024,6,32771,443,12,16,529,4249
123223.64763100917,4.044,Comp0013,FS0003,6,60690,445,23,51,1075,37464
123225.71111263474,0.121,Comp0069,DNS0002,17,46919,53,3,2,49,80
123227.13806199201,5.391,Comp0075,DC0001,6,37677,389,6,6,260,756
123229.71690900112,0.607,Comp0050,DNS0002,17,12460,53,2,3,97,155
123230.21807337206,3.023,Comp0013,Proxy0001,6,43568,3128,7,25,473,102057
123233.49901083078,1.733,Comp0044,Web0001,6,59811,443,12,35,939,5486
123235.71819692988,0.15,Mail0002,DNS0002,17,8730,53,2,2,103,93
123246.71377987441,4.805,Comp0075,Web0006,6,15444,443,18,134,553,2671
123246.88754994533,0.369,Comp0036,DNS0001,17,32008,53,4,4,39,185
123252.24500824622,3.66,Comp0058,Mail0002,6,63448,993,4,3,100,551
123259.828130465,2.133,Comp0033,Proxy0001,6,47087,3128,17,24,548,12471
123268.14986759494,1.463,Comp0053,Web0002,6,49147,443,6,52,1125,7650
123269.7217034163,6.637,Comp0025,Mail0001,6,41907,993,8,16,982,811
123294.46778226731,4.839,Comp0044,Web0002,6,22718,80,10,33,455,2441
123298.68313923304,15.828,Comp0030,Web0004,6,9330,80,9,31,914,20237
123298.73286493844,2.187,Comp0033,Proxy0002,6,21227,3128,10,28,4703,12521
123313.71744596606,0.081,Comp0064,DNS0002,17,46579,53,3,2,73,240
123315.66588452354,0.021,Comp0065,DNS0002,17,26829,53,3,3,92,198
123326.20931255764,6.69,Comp0054,Proxy0002,6,9651,3128,9,155,768,6722
123335.09221088122,0.652,Comp0054,DNS0002,17,23936,53,2,3,116,220
123349.12059683367,1.396,Comp0012,Web0005,6,49815,443,9,14,1887,2585
123349.96441280737,1.485,Comp0057,Proxy0001,6,43417,3128,9,49,710,5638
123354.0237809633,0.114,Comp0041,DNS0001,17,45376,53,2,2,69,213
123357.53248892727,0.045,Comp0041,DNS0001,17,45138,53,2,3,91,154
123372.57673566422,0.268,Comp0072,DNS0002,17,61649,53,2,3,92,143
123373.29286465317,0.149,Comp0052,DNS0001,17,21988,53,2,3,52,95
123373.49924455385,14.097,Proxy0001,Ext0005,6,28303,443,18,78,1761,16894
123391.05208047666,9.295,Comp0024,Web0002,6,24475,80,5,72,441,29305
123403.0739919892,15.214,Comp0011,Web0004,6,2308,443,5,61,289,8357
123408.35454564232,12.932,Comp0055,Web0003,6,12093,443,30,111,1082,3176
123410.88389609083,0.917,Comp0033,DNS0002,17,63101,53,2,3,98,166
123416.89394957444,0.093,Comp0027,DNS0002,17,40985,53,3,2,69,77
123419.13381780527,0.201,Comp0003,DNS0001,17,10543,53,3,3,65,130
123421.81390362444,21.953,Proxy0001,Ext0025,6,41131,80,8,79,563,5042
123432.45068751028,9.949,Comp0050,FS0001,6,63797,445,24,384,588,8843
123447.4322667227,2.003,Mail0001,DC0001,6,8331,389,5,5,286,299
123450.38283199203,0.015,Comp0067,DNS0001,17,29263,53,2,3,67,233
123453.50624667946,0.198,Comp0058,DNS0002,17,32684,53,4,4,57,143
123479.18218945275,3.456,Comp0037,DC0001,6,48033,88,5,5,232,1095
123483.34518938299,0.486,Comp0011,DNS0001,17,49487,53,4,3,82,122
123489.76008300656,9.102,Comp0062,FS0002,6,2309,445,18,188,979,3370
123504.64699342215,0.04,Comp0034,DNS0001,17,28766,53,2,3,103,95
123515.31376619136,15.829,Comp0051,DC0002,6,58823,445,10,26,790,50879
123518.47480991606,0.009,Mail0002,DNS0002,17,47475,53,2,2,87,90
123521.57116598447,0.663,Comp0037,Proxy0001,6,52634,3128,8,51,631,12638
123523.59432293201,7.636,Comp0034,Proxy0001,6,20928,3128,11,16,225,731
123531.94223258503,20.445,Comp0009,FS0003,6,62892,445,14,58,334,79472
123534.38520879336,7.788,Comp0079,Proxy0002,6,50799,3128,4,18,1450,3813
123536.05584164753,12.697,Comp0049,FS0003,6,37437,445,14,111,5567,163173
123537.66491849112,2.967,Comp0011,Web0006,6,43328,443,19,46,487,16270
123538.84362169054,0.286,Comp0062,DNS0001,17,32389,53,2,2,50,73
123542.89158926217,0.156,Comp0020,DNS0001,17,11874,53,3,2,124,119
123547.36797765299,1.127,Comp0025,Web0002,6,38019,443,8,9,4501,3610
123548.9401113755,10.621,Comp0060,FS0003,6,6011,445,12,17,768,13547
123558.30599336736,3.356,Comp0018,Web0002,6,52667,443,12,36,1329,3092
123566.16597811163,13.384,Comp0003,FS0002,6,19113,445,22,429,1773,100839
123568.02292222253,0.345,Comp0010,DNS0001,17,9788,53,2,3,64,81
123588.80215472507,4.22,Comp0026,Web0002,6,36516,80,5,52,462,1440
123590.9000886272,0.029,Comp0022,DNS0002,17,29048,53,2,2,45,184
123594.74813428408,18.498,Comp0041,Web0006,6,55993,443,36,40,538,6773
123598.32748302439,0.063,Comp0067,DNS0001,17,44786,53,2,2,83,77
123605.4206746635,3.656,Comp0027,Mail0001,6,38338,587,3,6,602,638
123606.45534347193,22.464,Comp0058,FS0001,6,58830,445,9,175,3640,16654
123606.67845013428,0.244,Comp0027,DNS0002,17,9748,53,2,2,49,99
123613.72599034633,1.126,Comp0006,Web0003,6,47903,443,16,60,2017,45158
123614.69064707441,3.355,Comp0072,Proxy0002,6,10162,3128,19,17,610,10784
123628.66499543274,0.189,Comp0006,DNS0001,17,65375,53,2,3,65,335
123636.03545669295,39.584,Comp0056,DC0001,6,34355,445,41,72,527,9442
123638.75377690335,0.223,Comp0080,DC0002,6,39679,88,4,9,204,880
123645.64647179641,0.903,Comp0067,Web0002,6,52549,80,4,38,220,2751
123646.60248696015,1.942,Comp0007,Mail0002,6,47075,993,10,12,296,1177
123655.75317345116,0.132,Comp0076,DNS0001,17,28349,53,2,4,42,171
123662.80837779614,2.146,Comp0062,Web0005,6,15811,443,4,123,5881,33034
123675.59742692392,0.044,Comp0051,DNS0001,17,58611,53,2,3,76,353
123676.47069494429,5.105,Comp0010,DC0002,6,28240,389,4,2,342,1229
123680.77618261939,21.611,Comp0052,Proxy0001,6,26161,3128,6,25,199,1551
123692.45399681378,4.312,Comp0023,Mail0002,6,35424,993,4,8,1361,361
123694.84204165127,4.771,Comp0066,DC0002,6,14647,389,11,6,442,849
123700.52214963466,0.002,Comp0052,DNS0002,17,39735,53,2,3,78,128
123709.83984226121,10.669,Comp0080,Proxy0001,6,50224,3128,11,88,1311,9249
123714.59279519873,9.292,Comp0031,FS0003,6,63072,445,28,132,1514,1974
123721.13637809464,0.213,Comp0044,DNS0002,17,22593,53,2,3,49,87
123743.11020934547,6.266,Comp0042,Proxy0001,6,24838,3128,8,94,355,2514
123751.08158100152,0.012,Comp0078,DNS0002,17,25096,53,3,3,38,157
123752.07954632274,0.185,Comp0008,DNS0001,17,19474,53,2,3,51,139
123775.47585994485,9.098,Comp0053,Web0001,6,25606,443,12,17,1968,16156
123778.18828388484,3.19,Comp0011,Web0001,6,7236,80,8,17,2190,10448
123780.33383301955,3.339,Comp0045,Proxy0002,6,56926,3128,3,24,643,16144
123793.04499215732,0.085,Comp0042,DNS0002,17,23145,53,2,2,108,77
123797.37575272878,15.9,Comp0012,FS0003,6,7392,445,29,147,4947,2508
123797.86691350958,21.694,Web0004,DB0002,6,14438,3306,15,28,6169,62334
123830.2440902918,16.72,Comp0010,Web0004,6,2755,443,10,55,714,1129
123835.51115775698,0.486,Comp0075,DC0001,6,60909,88,2,5,3782,2198
123835.61957103,0.214,Comp0051,DNS0001,17,28349,53,3,2,57,178
123838.13971709662,1.134,Comp0012,DC0002,6,58387,389,8,12,1709,975
123842.48199035515,38.817,Comp0015,FS0003,6,65257,445,66,95,2666,7207
123848.14190671608,8.15,Proxy0002,Ext0035,6,30177,80,8,63,369,11959
123853.02256996118,18.98,Comp0078,Web0004,6,39437,443,16,12,391,8736
123857.02753974257,7.702,Comp0041,Proxy0001,6,27537,3128,10,61,338,3694
123881.43865245057,0.103,Comp0017,DNS0001,17,41991,53,2,2,70,268
123888.81337027697,24.475,Comp0080,FS0003,6,39740,445,42,160,2083,2284
123898.23874528185,4.053,Comp0023,DC0002,6,26277,445,13,83,2475,14346
123899.13355102522,0.395,Comp0038,Mail0001,6,9721,587,21,7,771,552
123900.04244699403,3.424,Comp0018,DC0002,6,36191,389,3,5,423,4841
123905.18707066652,4.225,Comp0047,Web0006,6,48477,80,29,126,728,7954
123905.9595743712,0.494,Comp0023,Proxy0002,6,57594,3128,6,18,1130,14519
123909.22808453793,2.375,Comp0071,DC0002,6,37301,445,24,216,3424,6232
123914.12050444886,0.309,Comp0044,DNS0002,17,21319,53,2,3,36,59
123914.65629503825,11.677,Comp0015,Web0006,6,43331,80,16,17,920,2963
123930.64592276455,0.019,Comp0026,DNS0002,17,9332,53,3,2,64,400
123931.3470422706,2.802,Comp0036,Web0002,6,6465,443,17,20,1449,20918
123936.8128534882,0.076,Comp0044,DNS0002,17,14786,53,2,2,40,143
123943.6430801044,2.034,Comp0009,FS0001,6,15137,445,36,42,1534,3581
123947.25732823813,4.284,Comp0030,Web0001,6,33521,443,5,28,916,21831
123956.70052905884,0.388,Mail0001,DNS0002,17,32723,53,2,2,107,399
123966.19384087677,0.455,Comp0047,DNS0002,17,14183,53,3,3,106,168
123967.4138240985,7.302,Comp0070,DC0002,6,1542,389,9,6,711,650
123969.38967926674,0.691,Comp0030,DNS0001,17,9038,53,2,3,135,182
123973.06530417522,0.088,Comp0052,DNS0001,17,34478,53,2,3,35,202
123974.32190006504,4.768,Comp0005,Web0003,6,57320,443,6,106,293,5143
123976.19879838263,0.97,Comp0055,DC0001,6,13017,88,6,8,333,3269
123980.83986913663,1.095,Comp0038,Web0004,6,42137,443,12,28,3571,20935
123981.15178483813,2.559,Web0005,DB0004,6,29740,5432,132,62,2223,24345
123981.54467046203,0.281,Comp0076,DNS0001,17,21822,53,2,2,87,129
123988.4334439449,0.397,Comp0013,DNS0002,17,39018,53,2,3,100,198
123996.10034937401,3.073,Comp0029,Web0006,6,31130,443,8,38,822,4376
123997.96597498475,0.034,Comp0035,DNS0001,17,42711,53,3,3,55,85
124001.85302560223,0.302,Comp0039,DNS0001,17,16790,53,2,3,96,130
124006.30708648465,16.345,Comp0073,Web0003,6,61078,443,2,20,770,2064
124008.26606118446,23.555,Comp0022,Proxy0002,6,44048,3128,13,15,461,2847
124013.92347223015,0.441,Comp0058,DNS0001,17,57063,53,2,2,93,470
124017.0520004781,5.631,Comp0025,Proxy0001,6,50802,3128,6,274,785,7331
124025.36272031808,0.068,Comp0077,DNS0002,17,20567,53,2,2,60,169
124029.72939155236,0.598,Comp0052,DNS0002,17,47326,53,3,3,84,100
124033.80440952964,0.413,Comp0032,DNS0002,17,26464,53,2,2,84,222
124038.58982920254,8.082,Comp0009,FS0003,6,24184,445,24,52,3189,32954
124049.46611447891,4.378,Comp0043,Mail0001,6,55597,993,4,6,347,1611
124066.90945467245,2.193,Comp0023,DC0001,6,6618,389,11,5,30,567
124073.60056374948,0.272,Comp0006,Web0006,6,27895,443,22,19,709,2586
124081.65754767373,5.539,Comp0017,FS0002,6,40964,445,8,112,21498,20530
124083.1494979383,0.081,DC0001,DNS0001,17,12617,53,3,2,39,231
124087.77143564672,12.505,Comp0055,FS0002,6,59282,445,36,327,4446,47278
124090.11834906111,0.406,Comp0013,DNS0002,17,14484,53,2,3,118,133
124092.7309274912,6.967,Proxy0002,Ext0021,6,63196,443,26,94,1101,2716
124093.15073122291,0.15,Comp0078,Web0005,6,40896,443,56,70,134,2767
124093.48314815672,0.309,Comp0044,DNS0001,17,52314,53,2,2,67,286
124097.42216890404,1.127,Proxy0001,Ext0036,6,48783,443,6,24,651,3320
124102.23575929516,5.245,Comp0033,Web0001,6,30991,443,10,36,326,14071
124109.38526199257,6.601,Comp0002,Proxy0002,6,38778,3128,11,66,732,7062
124115.13402447276,1.393,Comp0058,DC0002,6,15356,88,8,9,332,443
124117.76025854707,22.091,Comp0050,Web0006,6,53816,443,14,58,944,5194
124130.58496625381,4.842,Comp0024,Mail0002,6,44940,993,4,4,239,485
124133.51154762514,0.004,Comp0056,DNS0002,17,51705,53,2,2,41,303
124136.4976350315,7.212,Comp0070,Web0005,6,28996,443,23,41,1485,6361
124139.86741682839,25.447,Comp0026,DC0001,6,20696,445,20,72,6388,23503
124140.30039917774,20.036,Comp0011,FS0001,6,38121,445,38,116,202,12836
124147.69376907105,9.448,Comp0013,Web0002,6,41102,443,16,15,884,7954
124149.22780480288,0.172,Comp0063,DNS0001,17,60971,53,3,2,52,71
124149.43834424418,8.865,Comp0039,Proxy0001,6,16402,3128,10,49,1290,35747
124150.25595768396,7.293,Comp0048,FS0001,6,20286,445,25,68,7101,5219
124155.51861013085,4.704,Comp0063,Mail0001,6,33817,587,5,6,63,254
124156.78154738435,6.653,Comp0041,Web0003,6,45655,443,6,28,790,20731
124160.67431763501,19.509,Comp0058,Web0005,6,43424,80,4,6,307,35436
124162.86276225289,1.081,Comp0009,Web0003,6,23753,80,4,60,129,3438
124165.24103482207,3.746,Comp0080,Web0004,6,42829,443,11,73,261,3348
124165.45160418736,2.636,Comp0028,DC0001,6,64960,389,3,10,292,795
124166.23285749959,0.735,Comp0068,DNS0002,17,37946,53,3,2,117,160
124168.45483244148,11.013,Comp0001,Web0004,6,17830,80,3,134,829,3137
124174.13442981435,0.016,Comp0076,DNS0001,17,18433,53,2,3,42,358
124175.54325356439,0.006,Comp0006,DNS0001,17,45495,53,2,3,57,147
124184.49325173805,0.04,Comp0039,DNS0001,17,65513,53,2,2,127,82
124201.29140843943,0.312,Web0003,DNS0002,17,46044,53,2,2,61,219
124201.57681648017,36.87,Comp0023,DC0001,6,46797,445,25,84,1311,2571
124207.35484888763,2.688,Comp0021,FS0002,6,8168,445,8,170,2180,63270
124213.25180768587,6.009,Comp0034,Web0002,6,37326,443,14,259,166,3628
124217.60288473437,0.29,Comp0021,DNS0002,17,29828,53,3,2,64,145
124227.65470740448,0.035,Comp0068,DNS0002,17,52959,53,2,2,45,74
124229.36316837868,0.134,Comp0046,Mail0002,6,29722,993,4,3,200,452
124229.8791605162,6.317,Comp0075,Proxy0001,6,61904,3128,10,10,605,20182
124231.17854510999,0.151,Comp0069,DNS0001,17,20455,53,2,3,53,203
124231.29456313403,0.187,Proxy0001,DNS0001,17,32470,53,2,2,115,275
124248.01031754562,2.04,Comp0035,Proxy0002,6,4342,3128,22,41,1872,9984
124254.19043821376,16.92,Comp0001,DC0002,6,8592,445,81,346,4889,34677
124261.4048068526,0.367,Comp0029,DNS0002,17,13274,53,2,2,105,167
124261.9508152293,0.074,Comp0052,DNS0001,17,62683,53,2,3,98,127
124263.24356530135,1.477,Comp0037,DC0002,6,35125,88,20,4,213,239
124266.75838630533,9.98,Comp0017,Web0005,6,58677,443,6,225,1099,1877
124267.12234313341,0.774,Comp0042,Proxy0002,6,64103,3128,5,25,478,6868
124267.17671137636,18.556,Comp0074,Web0005,6,29396,80,10,51,341,4007
124270.08025570333,1.812,Comp0036,Web0005,6,47671,443,14,52,709,4676
124283.78165801402,23.158,Comp0069,DC0001,6,50138,445,8,39,3426,7038
124284.53014592163,0.672,Comp0073,DC0001,6,16550,88,14,12,464,220
124291.85359988452,3.442,Comp0001,FS0003,6,8179,445,24,105,7263,14883
124293.65927094348,0.02,Comp0054,Web0001,6,32370,80,6,68,125,2148
124298.74147045084,0.17,Comp0072,DNS0002,17,17144,53,2,3,42,62
124302.00160368066,4.567,Comp0001,Web0001,6,38592,443,6,26,695,4812
124302.84871644201,6.602,Comp0070,Proxy0002,6,16117,3128,12,73,1242,10755
124307.30674537978,4.325,Comp0032,Mail0001,6,61384,587,4,6,325,472
124311.3415102679,0.041,Comp0041,DNS0001,17,2099,53,3,3,62,80
124316.87917683387,20.672,Comp0056,FS0002,6,47456,445,4,52,5730,26587
124329.92225727224,1.467,Comp0069,Web0003,6,43544,443,4,11,426,9218
124331.1993568012,6.699,Comp0032,Proxy0001,6,59114,3128,3,7,692,8003
124332.52853869353,3.392,Comp0003,Web0006,6,18368,443,15,38,222,32368
124335.30179534352,0.355,Comp0041,Mail0001,6,54416,993,10,5,275,471
124336.21055342202,0.661,Comp0031,Mail0002,6,35904,993,6,18,691,422
124339.40381654119,0.217,Web0002,DNS0001,17,63502,53,4,2,65,54
124351.98426106329,14.952,Comp0019,FS0003,6,29767,445,48,79,1252,8120
124356.39029112362,2.516,Comp0031,Mail0001,6,8270,587,16,11,1160,556
124373.36872201355,8.822,Comp0039,FS0001,6,59385,445,14,177,3744,2723
124392.58427704721,0.769,Comp0014,Mail0001,6,6002,993,9,5,132,1923
124395.9443402784,0.033,Comp0014,DNS0001,17,33083,53,2,2,74,117
124398.60846719795,4.024,Comp0056,FS0002,6,36861,445,8,112,2990,8785
124411.71436182628,4.181,Comp0077,Proxy0002,6,49024,3128,10,33,1582,4021
124412.43654449552,5.829,Comp0019,Web0003,6,47449,443,10,38,779,1934
124421.45381687928,20.665,Web0003,DB0001,6,36216,3306,46,45,2790,1550
124427.15678785401,0.131,Comp0076,DNS0001,17,45503,53,2,2,152,259
124429.85032228057,18.01,Comp0063,FS0002,6,38651,445,30,87,21504,699
124438.33624471456,0.724,Comp0019,Web0002,6,27970,443,13,138,1811,2851
124439.43538848989,5.137,Comp0057,Proxy0001,6,36923,3128,5,52,471,1047
124439.70261747924,5.615,Comp0065,Proxy0002,6,41819,3128,15,52,412,256601
124439.74500630256,0.117,Comp0027,DNS0001,17,31675,53,2,3,147,68
124443.16398767866,5.97,Comp0051,Web0003,6,5300,443,8,58,154,26052
124445.34771454836,1.16,Comp0039,DC0002,6,29467,389,14,22,450,521
124446.8092180935,0.156,Comp0019,DNS0001,17,29440,53,2,3,39,73
124455.10016254996,25.64,Comp0045,DC0002,6,1510,445,46,124,165,13108
124459.58775021159,1.99,Comp0027,Proxy0002,6,17529,3128,8,32,776,1559
124461.3023481027,0.938,Comp0042,FS0002,6,11357,445,18,243,806,23142
124471.26133435938,12.393,Comp0067,Web0005,6,33130,80,5,18,712,57819
124473.29461101559,9.421,Comp0038,Proxy0001,6,37630,3128,15,254,2466,1225
124474.875562798,0.851,Comp0049,Proxy0001,6,1590,3128,7,35,184,34073
124486.64717076407,7.904,Comp0024,Proxy0002,6,27101,3128,10,16,1028,13584
124487.34275975227,0.056,Comp0006,Proxy0002,6,19710,3128,5,27,1133,11237
124495.47217294146,7.12,Proxy0002,Ext0000,6,3773,443,8,24,41,2348
124495.9400810344,0.019,Comp0009,DNS0001,17,21822,53,3,3,124,176
124500.38685960401,58.557,Comp0013,DC0001,6,41527,445,14,418,4371,192489
124500.66266035008,3.481,Comp0021,Proxy0002,6,7406,3128,10,100,184,12558
124500.88674120267,0.708,Comp0080,DNS0002,17,23941,53,2,3,79,255
124503.22023464856,0.039,Comp0006,DNS0001,17,60488,53,2,2,77,108
124508.6755476514,0.157,Comp0062,DNS0001,17,60276,53,2,2,138,200
124510.08559106957,0.1,Comp0017,DNS0002,17,28513,53,2,2,59,270
124518.96613595467,0.233,Comp0068,DNS0001,17,25074,53,3,2,67,314
124537.84063103981,0.028,Comp0033,DNS0001,17,56013,53,2,2,107,280
124539.43537742097,0.344,Comp0042,Web0005,6,19343,443,7,144,940,702
124544.83898796634,0.262,Comp0071,DNS0001,17,42149,53,3,2,70,218
124549.3254649761,2.679,Comp0079,Web0003,6,57075,443,17,65,504,11429
124555.254662633,0.913,Comp0008,Web0003,6,27972,443,33,78,476,1309
124565.83942736307,0.562,Comp0074,Web0003,6,53021,443,11,49,907,6340
124567.07943038538,0.02,Comp0066,DNS0001,17,29049,53,2,3,60,150
124568.30875027983,1.316,Mail0002,Ext0023,6,60874,25,13,5,837,4522
124573.87271747302,1.668,Comp0019,Web0003,6,34326,443,4,20,485,3370
124577.20841081184,1.733,Comp0073,Web0004,6,23722,80,4,12,329,1990
124577.5851354324,3.166,Comp0035,Mail0002,6,26093,993,5,4,354,1902
124580.61987498013,1.109,Comp0066,DC0001,6,64126,389,7,12,632,2546
124601.66341795312,4.525,Comp0001,Proxy0001,6,63989,3128,23,39,400,1567
124605.3272801977,8.272,Comp0055,Web0002,6,36295,443,14,44,818,8025
124616.64767999697,2.261,Comp0052,Mail0001,6,18077,993,3,11,411,413
124621.72671937087,3.182,Comp0009,Proxy0001,6,19926,3128,8,198,867,10810
124629.12872562738,7.073,Comp0062,Web0001,6,47216,80,6,41,396,17549
124631.74417328679,6.659,Comp0064,Web0003,6,58758,443,15,31,5465,86809
124634.1506778755,0.294,Comp0044,DNS0002,17,1032,53,2,3,58,215
124636.50390366354,0.479,Comp0033,Proxy0001,6,53739,3128,35,40,260,18134
124640.95437556296,0.033,Comp0034,DNS0001,17,61227,53,3,2,32,97
124643.03333771325,0.057,Comp0068,DNS0002,17,53127,53,2,3,44,127
124643.90537612337,1.696,Comp0036,Web0004,6,31837,443,18,16,688,3560
124658.82301068056,10.62,Comp0012,Web0004,6,27245,80,25,20,1906,14313
124659.26308064055,8.506,Comp0005,Proxy0001,6,58043,3128,4,7,255,7559
124663.91732128433,10.472,Comp0059,DC0002,6,33212,445,25,382,487,8159
124665.90860756344,13.201,Comp0021,Proxy0001,6,37134,3128,15,45,3862,21276
124668.83546261094,0.654,Comp0061,FS0003,6,46148,445,28,180,2713,10916
124671.23993047906,1.321,Comp0054,Proxy0002,6,48037,3128,5,8,1316,40951
124687.41681843769,50.758,Comp0043,FS0002,6,6502,445,25,41,1251,3102
124688.2833131412,0.065,Comp0059,DNS0001,17,3770,53,2,2,76,265
124696.86306056549,0.415,Comp0010,DNS0001,17,10863,53,2,2,59,72
124698.52221121424,2.774,Comp0042,Web0003,6,57412,443,6,16,1904,926
124702.23527394928,8.315,Comp0037,Web0002,6,49461,443,12,49,667,1721
124704.90128432476,0.099,Comp0014,DNS0001,17,47048,53,2,3,52,131
124707.33558993699,32.511,Comp0018,Web0003,6,27812,443,13,118,1726,6279
124714.6371643894,11.612,Comp0078,FS0002,6,50719,445,35,177,3503,49631
124720.02723689636,11.369,Comp0063,Web0004,6,21088,443,4,78,167,12478
124722.22248516323,14.144,Comp0076,Web0002,6,6819,80,8,16,274,17999
124726.46048115662,0.34,Comp0002,DNS0001,17,16730,53,3,2,79,201
124728.07962104093,0.075,Comp0029,Web0006,6,25488,80,15,35,1381,1183
124732.40796458945,0.316,DB0002,DNS0001,17,55756,53,2,2,127,59
124732.77250572102,0.017,Comp0080,Proxy0001,6,28794,3128,10,13,787,11329
124735.69360328205,8.381,Comp0072,Proxy0001,6,61330,3128,11,14,1143,39903
124736.9606388704,10.775,Comp0077,Proxy0002,6,24359,3128,7,43,934,4641
124744.21597903155,1.113,Comp0068,Mail0002,6,41894,587,5,6,1030,223
124744.51245871246,0.531,Comp0041,DNS0001,17,28047,53,3,3,77,127
124766.60135227718,0.108,Comp0074,DNS0002,17,2821,53,2,2,109,175
124773.56420612097,0.143,Comp0076,DNS0002,17,59414,53,3,2,65,96
124776.61170678379,17.434,Comp0050,Web0001,6,20277,443,6,49,493,13129
124777.25624120134,0.027,Comp0035,DNS0001,17,42414,53,3,2,51,135
124783.69346317677,5.107,Comp0044,Proxy0002,6,9769,3128,5,107,421,9650
124791.24470914407,4.532,Comp0044,Proxy0002,6,60765,3128,11,101,1226,7685
124797.48130141199,0.022,Comp0040,DNS0001,17,59013,53,3,2,59,125
124798.16968388105,1.51,Comp0070,FS0001,6,2207,445,26,61,1433,27464
124804.06436210808,7.624,Comp0074,Web0001,6,52316,443,27,115,2324,2307
124806.5214966872,1.006,Comp0027,Web0006,6,14407,443,6,41,1161,25508
124823.09478917855,0.203,Comp0017,DNS0002,17,57334,53,3,2,40,101
124826.63939670517,1.495,Comp0036,Web0004,6,7777,80,6,15,240,5298
124827.71911412964,1.117,Comp0041,DC0001,6,32306,389,3,7,540,315
124849.74556232273,5.657,Comp0056,FS0003,6,6917,445,6,69,3539,14835
124855.8275533824,3.424,Comp0001,Web0003,6,34168,443,5,53,803,2240
124860.32638999555,5.16,Comp0016,Web0001,6,5099,443,2,14,472,4226
124863.20055725143,5.653,Comp0060,Mail0001,6,21324,587,3,17,241,557
124869.94465416542,2.842,Comp0029,Mail0002,6,11592,993,6,5,161,1041
124873.0775573698,20.657,Comp0056,FS0003,6,10629,445,12,86,3532,21257
124875.39908336275,1.34,Comp0012,Web0005,6,57071,443,4,17,365,5658
124875.82069474299,0.013,Comp0032,DNS0002,17,10644,53,3,4,97,246
124876.56063523222,8.614,Comp0002,Web0003,6,39125,80,33,92,242,1643
124879.27830059668,0.37,Comp0066,Proxy0002,6,20889,3128,5,31,782,266
124880.23685016444,3.695,Comp0032,Web0005,6,7691,443,6,19,1904,49776
124880.44321831502,8.675,Comp0038,DC0002,6,16365,389,4,4,201,155
124882.04560998605,0.215,Comp0080,DNS0002,17,2291,53,2,2,55,97
124892.41659094256,4.122,Comp0062,Web0004,6,43872,80,10,37,810,515
124893.81199154991,0.17,Comp0019,DNS0002,17,17211,53,2,4,52,282
124899.5823769885,3.582,Comp0080,Mail0001,6,35229,993,6,7,114,317
124906.14922082519,0.351,Comp0076,DNS0001,17,15205,53,2,3,73,131
124909.94892683958,2.802,Comp0069,Web0003,6,4305,443,7,21,862,83628
124912.52706737921,6.283,Comp0077,Proxy0002,6,27397,3128,6,21,797,3942
124915.66651449118,2.948,Comp0014,Mail0002,6,33375,587,14,23,153,313
124918.7784477318,1.46,Comp0073,Proxy0001,6,57929,3128,5,22,724,28845
124934.03910280368,7.698,Comp0077,DC0001,6,15854,389,7,8,277,455
124940.5329668917,0.132,Comp0053,DNS0002,17,22014,53,3,2,78,260
124943.63261732183,12.933,Comp0004,Web0002,6,56739,443,18,56,233,23002
124948.5939351896,0.786,Comp0070,Proxy0002,6,48573,3128,7,50,988,20082
124954.64658572567,0.588,Comp0028,DNS0002,17,56533,53,3,2,87,55
124962.605624102,1.012,Comp0017,DC0001,6,5346,88,3,4,542,134
124964.49326148775,15.58,Comp0024,FS0003,6,27107,445,4,150,1373,14971
124965.2402255329,0.027,Comp0006,DNS0002,17,13345,53,3,2,48,160
124966.82783890747,0.324,Proxy0002,Ext0008,6,59816,443,7,49,1958,10242
124973.63015066968,2.393,Comp0072,Web0003,6,53547,443,18,21,1390,5362
124978.13703667774,0.182,Comp0019,DNS0001,17,43520,53,2,2,157,81
124980.9966587174,0.346,Comp0068,DNS0001,17,65283,53,2,3,106,221
124986.45868085677,1.928,Comp0043,Web0006,6,63580,443,7,12,716,1283
124989.72295178953,0.16,Comp0002,DNS0002,17,20821,53,2,2,91,219
124991.96738468614,1.866,Comp0010,DC0001,6,1175,389,4,5,89,2071
124996.1597589759,0.728,Comp0021,Web0002,6,17767,443,6,19,4146,8988
124997.30301482981,5.808,Comp0033,Proxy0001,6,35651,3128,6,74,589,41574
124998.36430688371,4.119,Comp0069,Web0006,6,15616,443,7,55,1023,2481
124998.4808392197,2.622,Comp0068,Web0001,6,52185,80,9,8,200,23394
124998.7831035221,8.008,Web0001,DB0002,6,37555,5432,32,83,1950,14989
124999.44397888078,4.787,Comp0079,Web0002,6,19201,80,6,30,30,17733
124999.56771286126,11.417,Comp0005,DC0002,6,41598,445,28,35,283,59144
125000.68692344082,0.416,Comp0045,DNS0002,17,29144,53,3,3,71,114
125001.23120788459,0.197,Comp0079,DNS0001,17,61022,53,3,2,48,142
125005.54177406005,0.12,Comp0001,DNS0001,17,50925,53,2,2,75,279
125011.63361393011,5.665,Comp0019,Web0005,6,46543,80,6,23,1105,48859
125016.05233530587,3.278,Comp0007,Web0004,6,11391,443,8,70,178,1286
125017.07302916261,0.687,Comp0045,Web0003,6,63920,443,11,14,480,6890
125017.1789029254,5.269,Comp0067,Proxy0002,6,27199,3128,6,39,252,1112
125028.78423150061,5.424,Comp0063,FS0003,6,41323,445,76,118,3517,4143
125034.03484653891,0.154,Comp0074,DNS0002,17,19207,53,2,3,64,124
125039.64098102096,1.086,Proxy0001,Ext0010,6,56997,443,14,45,1566,1877
125041.07776262016,1.459,Comp0078,Mail0001,6,37962,993,5,4,1281,969
125044.16426596139,1.132,Comp0026,Web0006,6,8509,443,10,120,952,23501
125044.31793320997,0.154,Comp0013,DNS0001,17,52778,53,2,2,66,144
125048.94545533508,1.927,Comp0013,Web0002,6,64417,80,13,35,333,7811
125051.48183789547,9.233,Comp0002,FS0001,6,39454,445,8,43,1043,55255
125054.92972118978,0.056,Comp0007,DNS0002,17,31319,53,2,3,38,135
125058.30009997106,9.288,Comp0048,Proxy0002,6,37534,3128,15,15,717,4333
125058.9381107064,0.167,Comp0001,DNS0001,17,40744,53,3,2,95,348
125059.8557040208,1.017,Comp0078,Proxy0002,6,60919,3128,9,23,374,17139
125067.77343762641,0.324,Comp0033,DC0001,6,49240,88,16,6,1554,854
125068.273226688,0.117,Comp0026,DNS0001,17,56242,53,3,3,96,179
125071.81260985407,26.39,Comp0077,Proxy0001,6,15648,3128,5,97,493,7195
125076.19858761143,1.223,Comp0079,Web0004,6,44492,443,16,14,1958,1124
125080.24333437756,5.665,Comp0080,Web0001,6,63694,443,6,105,993,38466
125081.23567478546,0.484,Proxy0002,Ext0039,6,23241,80,8,14,515,887
125083.71161386822,2.145,Comp0062,Mail0001,6,41869,993,4,5,454,1201
125086.79127634503,0.09,Comp0017,DNS0002,17,7774,53,2,3,74,81
125088.29279865677,5.169,Comp0012,Web0001,6,63028,443,11,79,439,4291
125103.03750015996,0.497,Comp0029,DNS0002,17,13868,53,2,3,64,119
125111.34071866318,10.477,Web0003,DB0004,6,12679,3306,25,43,4386,6754
125119.92356440594,5.433,Comp0044,DC0001,6,40642,445,37,96,732,42032
125124.9404660053,0.655,Comp0024,Web0001,6,28060,443,4,24,77,10802
125126.43893923567,1.949,Comp0010,Mail0002,6,28326,587,8,15,94,474
125131.56870473955,0.082,Proxy0001,DNS0001,17,2231,53,2,3,62,163
125135.58678493756,0.407,Comp0004,Web0006,6,33005,443,11,22,1394,10345
125139.03683899864,0.518,Comp0003,Mail0001,6,60154,993,5,14,296,3802
125150.52822128989,0.277,Comp0038,DNS0001,17,5876,53,3,3,49,115
125152.04662555465,1.453,Comp0001,Proxy0001,6,52656,3128,13,157,1311,2617
125152.98971510146,1.292,Comp0021,Web0003,6,23288,443,20,27,2013,6280
125157.25749802616,0.083,Comp0077,DNS0002,17,37872,53,2,2,70,201
125157.91277144216,10.197,Comp0006,DC0001,6,1607,389,7,5,358,418
125165.99635024308,0.082,Comp0045,DNS0001,17,62455,53,2,2,79,224
125185.01853146165,12.237,Comp0064,FS0001,6,2638,445,15,79,803,6502
125185.77780490155,14.853,Comp0042,Web0002,6,11609,443,7,69,1415,2192
125190.01899148119,6.966,Comp0056,Web0003,6,56489,443,31,55,751,8904
125193.55875200871,0.391,Comp0062,Web0004,6,54893,443,5,59,2305,2604
125201.0857301488,0.15,Comp0012,DNS0001,17,10252,53,3,2,81,195
125208.12116352541,0.045,Comp0077,DNS0002,17,45768,53,3,2,46,266
125209.3794119895,8.684,Comp0035,FS0001,6,55255,445,157,296,1010,84856
125212.7051644148,0.079,Comp0044,DNS0002,17,11563,53,2,2,71,451
125213.78142804303,0.901,Comp0017,Proxy0002,6,12572,3128,4,17,799,3387
125219.00372656126,0.172,Comp0002,DNS0001,17,44404,53,3,2,72,396
125221.10745612497,9.572,Comp0076,Web0004,6,30204,443,5,31,211,61928
125228.67890523604,2.698,Comp0030,Web0004,6,50447,80,9,50,301,8882
125229.05551331685,2.425,Proxy0002,Ext0012,6,64312,443,4,52,1561,16148
125231.57937860706,4.083,Comp0019,Mail0002,6,20902,993,6,12,372,2870
125234.55044921319,10.934,Comp0058,Web0005,6,60259,443,4,20,1092,11187
125260.54355162477,3.059,Comp0015,Mail0001,6,11027,993,7,8,703,864
125263.21529986429,0.384,Comp0011,Web0002,6,35750,443,2,43,389,2437
125269.94136837414,1.152,Comp0024,DC0002,6,56873,88,7,7,2176,21618
125272.74447135258,0.048,Comp0047,DNS0001,17,62886,53,3,2,73,259
125274.33316906402,0.162,Comp0079,DNS0001,17,56738,53,2,4,93,396
125275.24140221023,1.535,Comp0039,Web0005,6,37319,443,3,40,1458,8943
125275.68427996058,12.565,Comp0074,Web0004,6,43797,443,4,58,1083,14369
125276.38819913546,0.901,Comp0025,Web0005,6,34659,80,7,25,2091,5617
125291.73440988953,0.009,Comp0059,DNS0001,17,50190,53,2,3,117,131
125292.52524522197,0.427,Comp0001,Web0003,6,46680,443,21,20,119,194940
125310.86903098982,0.041,Comp0011,DNS0002,17,3330,53,2,3,118,228
125312.80436175657,67.904,Comp0052,FS0003,6,50611,445,11,51,389,1020
125317.63852263754,0.184,Comp0016,DNS0001,17,39465,53,2,3,54,236
125321.5329467155,0.634,Comp0027,DC0002,6,35237,389,3,11,893,361
125331.90657388112,1.034,Comp0042,Proxy0002,6,16229,3128,15,7,521,6730
125339.4741440721,4.0,Comp0044,Web0004,6,55100,443,18,39,2969,12135
125349.99265277936,2.029,Comp0005,Web0006,6,8382,80,21,72,994,25394
125351.17847549278,3.617,Comp0076,Web0006,6,55177,443,5,16,925,5588
125352.86098951369,0.114,Comp0005,DC0002,6,11124,88,2,4,332,922
125359.0658806627,9.18,Comp0007,Web0004,6,7573,443,10,20,376,10114
125363.53322782327,0.056,Comp0011,DNS0002,17,16013,53,2,3,96,105
125363.6719309065,0.68,Comp0029,Proxy0002,6,2804,3128,6,77,1043,7921
125364.90840573929,0.449,Comp0002,DNS0001,17,43908,53,3,2,51,42
125367.42061208052,0.922,Comp0077,Mail0002,6,36789,993,4,17,272,1046
125367.92576301974,0.544,Comp0010,Web0004,6,26572,443,5,32,825,13927
125370.99199974179,0.357,Comp0062,DNS0002,17,50342,53,3,2,71,93
125371.54329819577,13.895,Web0001,DB0002,6,11701,3306,66,99,2145,10246
125375.72835890262,9.986,Proxy0002,Ext0026,6,3938,443,12,68,841,3648
125384.12049993828,0.041,Comp0062,DNS0001,17,2129,53,3,2,91,136
125408.27976644573,0.185,Comp0064,DNS0002,17,51132,53,2,2,63,110
125424.2577385381,1.464,Comp0062,Mail0002,6,17834,587,6,14,518,539
125426.09269958801,0.073,Comp0026,DNS0002,17,38151,53,2,3,50,101
125431.20133548586,0.008,Comp0034,DNS0002,17,9298,53,3,3,79,215
125432.47806391952,3.591,Comp0041,DC0001,6,2233,445,10,30,3970,35183
125443.46524637079,0.106,Comp0009,DNS0002,17,4240,53,2,2,58,198
125446.79956891474,0.033,Comp0068,DNS0002,17,15630,53,2,2,51,115
125455.66228617544,0.166,Comp0015,DNS0002,17,30292,53,3,2,70,170
125456.11664883498,0.088,Comp0001,DNS0002,17,53192,53,3,2,93,243
125456.38166126475,4.969,Comp0053,Web0003,6,39226,443,12,63,185,21343
125458.25666875555,0.198,Comp0025,DNS0001,17,39659,53,3,3,79,159
125458.55534898446,1.449,Comp0052,FS0001,6,12175,445,72,118,3374,39915
125459.57526058919,0.328,Comp0056,DNS0001,17,45495,53,3,2,99,283
125468.86051318767,23.474,Web0004,DB0003,6,53152,5432,10,56,2198,10135
125469.30213952245,1.169,Comp0077,Web0005,6,53849,443,12,114,583,21536
125482.58421593832,0.14,Comp0050,DNS0001,17,47001,53,3,2,111,146
125484.20364408306,0.03,Comp0013,DNS0002,17,12555,53,2,2,90,462
125487.18426074841,0.182,FS0003,DNS0002,17,1095,53,2,4,37,221
125489.70070058516,0.087,Comp0068,DNS0002,17,15153,53,2,3,42,367
125492.44411048348,4.116,Mail0001,DC0002,6,62144,389,6,5,387,298
125499.80046807794,17.215,Comp0032,FS0003,6,49315,445,66,122,3646,36302
125503.7434426853,0.079,Comp0024,DNS0002,17,44251,53,2,3,120,168
125504.40096192397,1.621,Comp0034,Web0001,6,14096,80,5,70,950,1927
125515.9384582217,0.401,Comp0076,Proxy0002,6,11260,3128,5,23,568,3690
125516.29498657431,0.071,Comp0070,DNS0002,17,15471,53,3,2,125,115
125519.440753576,2.545,Comp0006,Web0003,6,17625,443,7,17,1278,7669
125519.46368319017,0.456,Comp0024,DNS0001,17,62494,53,2,3,39,101
125520.31913382454,0.11,Comp0051,DNS0001,17,60291,53,2,2,87,139
125522.23107101426,2.483,Comp0032,Web0003,6,54252,80,9,118,559,50564
125523.07871443102,0.17,Comp0055,DNS0001,17,3329,53,2,2,54,212
125533.66874317304,7.413,Comp0070,Proxy0001,6,52215,3128,4,25,320,16169
125537.02412805027,0.532,Web0006,DNS0001,17,5487,53,2,2,76,200
125547.94074824524,0.024,Comp0051,DNS0001,17,63939,53,3,4,84,90
125554.25047811984,7.711,Comp0061,Mail0002,6,26348,587,6,14,198,2132
125559.38828575777,6.957,Comp0066,Proxy0002,6,22169,3128,18,34,5168,5598
125559.7462904001,15.335,Comp0069,FS0003,6,30524,445,6,128,1867,5872
125562.12233069725,0.008,Comp0054,DNS0001,17,2014,53,3,3,45,103
125564.52899994024,2.436,Comp0001,Web0006,6,48774,443,5,83,257,1100
125572.20167124961,1.488,Proxy0002,Ext0001,6,60604,80,7,66,328,1864
125582.52475062055,0.11,Comp0017,DNS0002,17,45239,53,2,2,138,167
125604.36338682545,4.464,Comp0016,Web0005,6,38630,443,18,62,448,20760
125615.23168112025,2.898,Comp0019,Web0003,6,13383,443,9,27,4189,4293
125629.16868977303,0.102,Comp0049,DNS0001,17,30499,53,3,3,42,270
125630.11828043337,7.34,Comp0068,Web0005,6,27760,443,6,5,1287,14859
125631.22484965992,0.009,Comp0052,DNS0001,17,44436,53,2,2,77,336
125636.38285158921,0.174,Comp0062,DNS0001,17,44903,53,2,3,62,269
125636.82299008813,2.236,Comp0008,Web0006,6,28822,80,4,40,1843,12031
125638.47735024738,0.137,Comp0030,DNS0001,17,46503,53,2,2,59,187
125639.78980635983,6.303,Comp0005,Web0003,6,38148,443,6,33,218,28505
125643.44221970606,0.062,Comp0020,DNS0002,17,29764,53,3,2,53,220
125649.76947652992,4.546,Comp0053,Web0002,6,11658,443,5,83,3091,519
125659.47743142626,2.489,Comp0065,FS0002,6,50391,445,8,231,719,12242
125663.43945412511,14.822,Comp0051,Proxy0001,6,32472,3128,7,128,131,11115
125664.68633149535,0.229,Comp0013,DNS0002,17,17111,53,2,2,51,74
125675.24813049543,5.542,Comp0067,Web0001,6,22910,443,6,25,617,2752
125678.18566010648,1.199,Comp0054,Web0005,6,24780,443,7,77,192,33779
125681.47381390638,0.304,Comp0046,DNS0001,17,2997,53,2,3,49,127
125681.91820356293,4.255,Comp0077,Proxy0001,6,15454,3128,12,89,256,26594
125687.30397888218,2.699,Comp0079,Mail0002,6,14986,993,7,5,696,743
125691.9612826845,1.118,Web0001,DB0003,6,31827,3306,50,206,1573,9169
125698.1425760802,0.793,Proxy0002,Ext0037,6,65259,80,18,58,466,3252
125701.36852478576,0.192,Comp0008,DNS0001,17,12501,53,2,3,116,140
125714.29967941003,0.886,Comp0055,Proxy0001,6,32245,3128,9,53,1466,322
125719.45493154562,0.233,Comp0050,Mail0001,6,19485,587,3,5,277,99
125723.03879054773,5.392,Comp0006,Proxy0002,6,10812,3128,7,18,6188,1045
125724.45213546515,1.318,Comp0058,Proxy0002,6,12814,3128,6,42,213,6807
125733.44835846193,1.269,Comp0026,Web0004,6,58047,443,11,39,1417,6934
125736.56802281637,0.415,Comp0048,DNS0001,17,10122,53,3,2,52,156
125738.59552570787,3.322,Comp0018,Proxy0001,6,17932,3128,6,49,301,11165
125742.3499910961,0.149,Comp0026,DC0002,6,60231,88,5,4,505,353
125748.22141256157,0.045,Comp0063,DNS0002,17,18102,53,3,2,99,205
125748.24084273292,1.987,Comp0027,Proxy0001,6,1267,3128,6,18,1422,11507
125753.1488236391,3.687,Comp0063,Web0001,6,43345,443,7,9,453,1408
125775.31340329323,3.573,Comp0009,FS0002,6,39684,445,13,55,1414,10929
125775.61536014179,1.089,Mail0002,Ext0015,6,36242,25,12,11,583,816
125777.53910959276,0.107,Comp0077,DNS0002,17,50453,53,2,3,82,87
125793.22142516116,0.3,Comp0079,DNS0001,17,33267,53,3,3,32,62
125800.43586822493,0.228,Comp0017,DNS0002,17,55359,53,2,3,91,94
125810.88484719422,4.096,Comp0057,FS0001,6,5848,445,11,91,3485,26890
125811.49037623036,0.151,Comp0026,DNS0002,17,48790,53,3,2,76,117
125814.0050760488,0.187,Comp0027,DNS0002,17,1966,53,2,2,72,175
125817.75877833183,1.472,Comp0052,Web0004,6,56368,443,3,78,760,4459
125823.7796899128,4.957,Comp0047,Mail0001,6,51006,587,10,6,565,2948
125826.24159512919,4.259,Web0004,DB0002,6,3638,3306,17,173,2401,38261
125828.06714536517,5.057,Comp0066,FS0002,6,31936,445,23,38,913,821
125828.136715059,0.505,Comp0061,Web0001,6,35779,443,9,69,368,3645
125833.32438246201,0.356,Comp0057,DNS0001,17,21165,53,3,2,82,159
125837.59966559877,1.413,Comp0040,Proxy0002,6,17670,3128,4,30,813,19057
125839.66210518399,4.345,Comp0032,Web0004,6,14105,443,6,17,716,41177
125839.75753269307,0.181,Proxy0001,DNS0002,17,12947,53,2,2,64,82
125848.24931052793,0.358,Comp0045,DNS0002,17,64001,53,3,3,69,115
125855.59198221921,0.046,Comp0009,DNS0002,17,28022,53,2,2,38,136
125858.99801257264,8.102,Comp0014,Web0003,6,38701,443,8,22,132,1099
125859.17671979038,20.729,Comp0043,Web0005,6,34188,443,23,29,690,8137
125859.21146099345,0.473,Comp0002,Mail0001,6,28570,993,3,13,116,1637
125861.6404013553,0.824,Comp0046,Web0006,6,33695,443,25,14,529,917
125871.0528215233,0.011,Comp0007,DNS0002,17,25712,53,3,3,100,155
125875.67276412548,3.683,Comp0047,Web0003,6,57403,443,17,30,1120,4559
125881.9306551847,5.081,Comp0003,Mail0002,6,6165,993,7,7,206,1330
125889.83260916224,2.303,Comp0051,DC0002,6,37918,88,11,9,445,1104
125895.03555471814,0.241,Comp0011,DNS0001,17,58990,53,3,2,58,103
125896.04740309302,0.278,Comp0026,DNS0002,17,51879,53,3,3,87,97
125903.70698108518,19.768,Comp0013,FS0002,6,2378,445,26,57,3383,3420
125904.06545877366,5.176,Comp0073,Web0001,6,11771,443,7,66,145,28212
125906.82094908191,6.561,Comp0019,Web0004,6,23097,80,17,30,276,103555
125907.21396082599,4.095,Comp0041,DC0002,6,37036,389,5,9,266,762
125908.40918438851,1.038,Comp0008,FS0003,6,36444,445,47,55,8836,13913
125912.20856106927,2.073,Comp0031,Proxy0002,6,6519,3128,12,57,273,1751
125915.63518738688,8.419,Comp0078,Mail0002,6,59594,587,2,9,775,456
125916.94918227426,7.32,Comp0013,Web0004,6,57560,443,11,73,1692,1425
125918.93367451805,0.057,Comp0057,DNS0001,17,43493,53,2,3,66,81
125919.66019147841,1.253,Comp0047,DC0001,6,3628,389,6,15,193,1506
125925.0085343239,38.467,Comp0043,FS0003,6,44619,445,11,82,1536,30888
125931.81154374074,7.531,Proxy0002,Ext0006,6,8632,80,17,81,740,4075
125937.78013756697,0.553,Comp0066,DNS0001,17,64043,53,2,2,60,290
125943.021748342,0.568,Comp0039,Web0005,6,62750,443,6,34,513,3698
125943.86442208294,0.792,Comp0035,DC0001,6,27658,389,5,19,365,623
125944.19618506567,0.078,Comp0042,DNS0002,17,36458,53,2,2,51,139
125947.47589266137,3.255,Comp0032,Mail0001,6,49626,587,4,5,656,1600
125948.07485325924,5.801,Comp0038,FS0002,6,63482,445,6,124,1750,136707
125954.31786248964,0.002,Comp0043,DNS0001,17,34536,53,2,3,64,299
125965.36038685401,25.231,Comp0065,FS0001,6,5437,445,16,266,1067,2079
125966.62574032479,0.85,Comp0025,Web0005,6,43810,443,7,19,1316,3458
125968.00914084949,0.398,Comp0047,DNS0002,17,6500,53,2,2,105,50
125968.99011144732,1.459,Comp0028,FS0001,6,65139,445,45,56,4721,8739
125971.75194355,0.379,Comp0071,Mail0001,6,1353,993,5,7,587,469
125976.19891341569,2.092,Comp0067,Web0004,6,31628,443,9,50,227,18540
125980.04449888256,4.063,Comp0023,Web0004,6,3148,80,6,71,932,34198
125985.97473829635,6.799,Comp0024,Web0004,6,43083,80,5,69,383,6910
125987.23279777053,0.254,Comp0007,DNS0001,17,43709,53,2,4,65,549
125993.6758354493,5.309,Comp0046,DC0002,6,8347,389,3,4,403,529
125994.06571049569,1.249,Comp0074,Web0004,6,17421,443,9,76,524,23387
125995.45234949046,0.898,Comp0016,Web0004,6,58161,443,7,13,2072,2343
125998.67896011696,0.526,Comp0018,DNS0002,17,49295,53,2,2,86,98
126005.76583798288,0.067,Comp0031,DNS0001,17,1293,53,3,2,93,88
126007.50982975654,6.11,Comp0066,DC0001,6,4613,389,6,4,540,155
126014.7249350399,21.895,Comp0060,Proxy0001,6,36707,3128,6,13,118,2300
126015.27065216324,5.325,Comp0073,Web0006,6,31275,80,8,52,305,13107
126017.19623455322,1.822,Comp0067,Web0001,6,38903,80,12,49,521,2969
126021.87738687285,0.002,Comp0043,DNS0002,17,42277,53,3,2,29,200
126026.38607881268,0.123,Comp0022,DNS0002,17,22279,53,2,2,40,221
126028.79510698467,8.159,Comp0074,Web0005,6,33206,443,10,24,106,6236
126032.84532195679,2.348,DNS0001,DC0002,6,58540,389,8,7,914,511
126034.28242033583,0.262,Comp0050,Mail0002,6,44302,993,6,5,941,193
126046.11096035992,4.258,Comp0038,Mail0002,6,21472,993,7,2,175,1370
126046.93085767613,0.716,Comp0039,DC0002,6,36731,389,6,5,681,338
126051.97680328757,2.108,Comp0020,Web0006,6,61511,443,8,26,163,13182
126066.29308215667,11.697,Comp0043,Web0005,6,39944,443,2,28,289,792
126067.80420782752,22.253,Comp0019,DC0002,6,45309,445,23,68,1349,165387
126070.35624334624,0.973,Proxy0002,Ext0027,6,50577,443,7,115,678,3215
126074.13095891455,0.021,Comp0036,DNS0001,17,64601,53,3,3,76,88
126089.15034201038,0.444,Comp0072,DNS0001,17,50857,53,3,2,107,141
126090.00437670966,9.31,Comp0047,DC0002,6,4466,445,33,83,20918,36649
126091.01587109859,2.567,Web0005,DB0003,6,58603,5432,28,143,1969,48497
126097.08902229852,0.097,Comp0036,DNS0002,17,56220,53,3,2,85,103
126097.98204913436,0.003,Comp0029,DNS0001,17,62843,53,2,3,138,161
126098.50865564967,7.3,Comp0052,Web0006,6,56544,443,6,63,2543,10734
126106.81548975302,0.029,Comp0005,DNS0001,17,17035,53,2,2,72,461
126111.73349576484,0.189,Comp0068,DNS0002,17,15789,53,3,3,158,132
126113.46867601704,3.432,Comp0065,Web0006,6,50901,443,9,70,528,4944
126122.21618629797,2.621,Comp0064,Web0004,6,22504,443,9,43,585,16652
126123.08162961344,5.608,Comp0029,DC0002,6,56589,88,3,9,352,827
126126.29603165473,0.107,Comp0002,DNS0002,17,17291,53,3,3,70,94
126129.33090160991,2.173,Comp0058,Web0002,6,16865,443,6,23,4180,15326
126130.09977120155,0.014,Comp0075,DNS0002,17,19101,53,3,3,63,300
126131.79154056538,12.408,Comp0074,FS0002,6,50011,445,21,57,1528,1352
126144.74807147766,4.768,Comp0076,Web0004,6,8895,443,34,33,603,23065
126145.48587159759,0.482,Comp0070,Proxy0001,6,5694,3128,16,31,792,7142
126147.22713419853,0.103,Comp0010,DNS0001,17,6424,53,2,4,60,143
126157.53634862186,2.815,Comp0001,Mail0002,6,42379,993,5,5,595,2630
126170.26832450274,1.869,Comp0067,Web0005,6,52321,443,8,22,667,5697
126171.80581643639,12.353,Comp0071,Web0004,6,22399,80,5,7,3917,3335
126172.44384860969,4.759,Comp0040,Web0004,6,35243,443,24,54,99,7450
126173.76192043035,0.34,Comp0077,DNS0002,17,60803,53,3,3,71,172
126175.96771963924,1.296,Comp0022,Web0004,6,8975,443,5,104,29,7959
126186.65465763792,0.101,Comp0041,DNS0001,17,4543,53,2,2,33,108
126192.59524798587,0.021,Comp0074,DNS0001,17,16188,53,2,3,76,120
126197.82194159548,0.008,Comp0064,DNS0001,17,18867,53,2,2,64,124
126199.38520972704,14.008,Comp0060,Web0004,6,12136,443,8,91,159,780
126211.8913515487,0.795,Comp0062,DC0002,6,1463,88,4,10,179,722
126212.79291067753,6.986,Comp0056,Web0004,6,35719,443,4,37,1113,10782
126215.00887655087,1.093,Comp0078,Web0002,6,33386,443,15,248,2384,2425
126216.01710230246,5.547,Comp0030,Web0001,6,39346,443,32,13,744,2643
126218.51895836102,3.862,Comp0040,DC0001,6,13166,88,6,4,1110,569
126219.22131258775,8.129,Comp0030,Web0005,6,49243,443,6,83,347,4935
126222.54289023622,8.779,Comp0068,FS0002,6,17937,445,14,89,2138,29627
126231.82630506574,0.055,Comp0052,DNS0002,17,63800,53,2,3,73,236
126238.43266963906,3.168,Comp0058,FS0003,6,8278,445,14,71,2785,2311
126247.69324024185,1.108,Comp0070,Web0006,6,29273,80,12,16,3416,3019
126251.39601407602,0.734,Comp0079,Mail0002,6,34386,993,6,7,154,933
126261.7802820144,3.075,Comp0019,FS0002,6,51218,445,36,179,7273,17938
126262.39376270756,12.587,Comp0074,Proxy0001,6,60043,3128,26,72,548,5687
126263.17335196244,1.109,Comp0078,Mail0001,6,36944,993,3,10,3328,349
126274.18448364921,0.016,Comp0052,DNS0002,17,45469,53,2,3,108,80
126276.45709883248,2.616,Comp0006,Web0003,6,49167,80,3,24,1299,2162
126276.72273684407,2.202,Comp0012,Web0004,6,25157,443,10,133,519,9267
126281.23365080322,0.06,Comp0036,DNS0001,17,46840,53,3,2,107,113
126281.96979180799,2.27,Comp0024,Mail0002,6,2521,587,6,6,159,526
126282.64240390118,3.418,Comp0021,Web0005,6,25845,80,22,26,425,6146
126285.28863548188,0.059,Comp0058,DNS0002,17,9501,53,2,3,82,150
126291.19443896804,4.653,Comp0026,Web0002,6,26576,80,7,35,1059,12484
126297.9570172524,0.483,Comp0058,Proxy0001,6,24910,3128,14,28,758,3488
126310.3063440664,0.057,Proxy0002,Ext0020,6,44452,443,4,14,845,1046
126311.88922908643,29.296,Web0001,DB0003,6,55945,3306,12,34,796,4714
126318.61745371079,7.188,Comp0050,DC0001,6,39631,445,8,61,271,1843
126325.71835538233,0.136,Comp0033,DNS0002,17,61537,53,4,2,236,165
126326.16193090015,0.115,Comp0056,DNS0002,17,37618,53,2,2,60,179
126330.22906450782,1.96,Comp0076,Mail0002,6,33474,993,3,7,346,225
126330.65170393285,9.861,Comp0005,Web0001,6,50101,443,35,60,140,20955
126334.49856960232,0.841,Comp0080,DC0001,6,1629,88,5,3,314,517
126337.83408974417,38.273,Comp0029,Proxy0001,6,33742,3128,10,60,1002,5328
126344.55888300984,0.427,Comp0022,Proxy0002,6,64109,3128,17,84,473,3075
126344.72535750795,2.06,Comp0075,Mail0001,6,34106,993,4,10,694,706
126348.00034671802,0.411,Comp0016,DNS0001,17,57492,53,3,2,55,89
126352.46873997722,0.07,Comp0035,DNS0001,17,35228,53,3,2,59,275
126371.12384812863,2.226,Comp0066,Proxy0001,6,14478,3128,4,58,259,7167
126392.2736841905,5.314,Comp0021,Mail0002,6,30093,587,3,13,151,2054
126395.74316157101,1.926,Comp0035,FS0003,6,40686,445,10,285,6612,331
126396.79737838663,3.653,Comp0053,Web0001,6,59650,443,4,33,1579,9027
126403.26611110604,0.874,Comp0057,DC0002,6,6762,88,5,14,245,872
126414.94744030992,2.922,Comp0063,Proxy0001,6,2490,3128,47,15,1754,29263
126415.91205933946,0.835,Comp0067,DC0002,6,3976,88,15,9,247,277
126419.41175432487,2.726,Comp0024,Web0004,6,6826,443,8,23,969,5138
126424.96067843249,0.321,Comp0020,DNS0002,17,31880,53,2,3,98,285
126425.09494665923,1.586,Comp0077,Proxy0002,6,17328,3128,8,8,259,8227
126425.65214229062,3.348,Comp0056,DC0001,6,37842,88,4,17,427,391
126446.75160801099,10.508,Comp0055,Web0005,6,35968,443,7,41,362,4473
126449.12565468054,1.178,Comp0051,Proxy0001,6,48120,3128,8,67,1086,11399
126449.17948065247,4.723,Comp0053,Mail0001,6,15680,993,5,12,495,479
126458.655236825,0.698,Comp0010,FS0001,6,48694,445,23,19,2058,1867
126462.11252083948,0.139,Comp0017,DNS0001,17,39335,53,2,4,116,237
126464.45608116771,0.804,Comp0002,Web0003,6,20538,443,17,18,1606,73405
126464.49323295688,0.055,Comp0044,DNS0002,17,54335,53,3,3,42,126
126467.86807894995,4.459,Comp0022,FS0001,6,35119,445,23,184,107,27699
126468.33964452991,2.304,Comp0061,Web0005,6,31700,443,3,69,1512,25489
126472.51089284023,10.886,Comp0063,Web0006,6,52663,443,5,13,138,67702
126477.05122327116,0.117,Comp0001,DNS0002,17,51400,53,3,2,53,127
126480.99885306213,0.551,Comp0029,DNS0002,17,58405,53,2,2,57,245
126485.42770308109,3.192,Comp0041,Web0003,6,29529,443,15,11,4963,8316
126487.56938164539,0.103,Comp0048,DNS0002,17,41208,53,2,3,57,236
126492.06984096784,2.189,Comp0044,Web0006,6,49762,80,3,77,434,4331
126506.03272826491,3.723,Comp0075,FS0001,6,11431,445,10,12,2887,16948
126509.06049714895,12.789,Comp0020,FS0003,6,21026,445,23,113,10032,48532
126510.11267839123,0.02,Comp0001,Web0004,6,60592,443,16,26,243,5347
126511.5478837276,10.419,Comp0041,FS0001,6,22142,445,15,19,8629,27549
126514.07217241797,1.31,Comp0070,FS0001,6,52615,445,10,88,1199,10327
126514.5800269692,0.232,Comp0037,DNS0001,17,55198,53,2,3,40,104
126519.03292332082,24.201,Comp0076,FS0002,6,60175,445,44,307,5831,10392
126533.6289027415,0.354,Comp0058,DNS0002,17,24310,53,2,3,95,164
126535.3561333805,0.005,Comp0030,DNS0002,17,10121,53,2,2,42,61
126535.36272048471,0.626,Comp0001,Web0004,6,16593,443,23,38,593,7812
126539.08723530581,1.484,Comp0026,Web0004,6,20859,443,5,34,1423,11364
126542.54632974448,0.855,Comp0079,DNS0001,17,57714,53,3,2,65,118
126546.50062865608,9.443,Comp0014,Web0006,6,42246,443,4,17,556,2704
126553.29152365829,2.703,Comp0044,FS0001,6,59353,445,11,68,3896,17801
126558.61287248248,0.116,Comp0003,DNS0002,17,9075,53,2,3,80,194
126561.57118299627,3.558,Comp0009,FS0001,6,1926,445,11,62,880,55319
126575.27845637387,0.843,Comp0049,Mail0001,6,53990,993,4,3,247,1068
126585.97626934657,0.175,Comp0024,DNS0001,17,35157,53,2,2,48,245
126588.28957375578,0.745,Comp0008,Web0004,6,20332,80,18,47,62,5467
126604.39766538887,0.748,Comp0079,DC0001,6,21272,389,7,5,398,2291
126606.79385398846,0.52,Comp0022,Proxy0001,6,15862,3128,6,39,351,5942
126611.02378761515,0.358,Comp0037,DNS0001,17,14526,53,2,2,34,251
126614.10397946555,7.352,Comp0022,Proxy0002,6,46421,3128,15,83,225,4007
126618.6437297516,2.065,Comp0068,Proxy0002,6,17341,3128,7,23,1268,15326
126621.01816717123,0.357,Proxy0001,Ext0001,6,46310,80,11,14,1992,1292
126622.18881465014,0.309,Comp0022,DNS0002,17,50284,53,2,2,72,160
126626.12699748875,11.264,Comp0008,FS0003,6,43328,445,25,36,280,11940
126646.58128887636,1.603,Comp0054,Web0005,6,53425,443,4,101,1268,6328
126649.06651176517,8.187,Comp0029,DC0001,6,5415,445,17,526,6752,40807
126650.88233333593,1.365,Comp0029,DC0001,6,49232,88,7,21,291,1959
126653.5674242992,2.989,Comp0080,Proxy0001,6,34248,3128,4,28,812,18148
126656.56194138012,0.122,Comp0041,DNS0001,17,60193,53,3,2,75,226
126657.97663160483,1.515,Comp0050,Proxy0002,6,58679,3128,10,13,840,4648
126659.41529946946,0.085,Comp0032,DNS0001,17,28841,53,3,3,84,87
126660.38001497189,0.189,Comp0063,DNS0001,17,8831,53,2,2,41,195
126667.52532245549,12.932,Comp0020,Web0002,6,41653,443,21,25,1639,3192
126669.69487541018,3.813,Comp0043,DC0002,6,56042,389,8,5,293,526
126670.3803578951,4.707,Comp0026,Web0006,6,14713,443,7,18,2505,3768
126687.55935570979,3.38,Comp0026,Proxy0001,6,51578,3128,14,197,557,2353
126688.72778533198,5.603,Comp0038,Proxy0001,6,46995,3128,7,28,1177,15029
126697.54023933318,0.385,Comp0073,DNS0002,17,14399,53,3,2,36,100
126703.42876459839,1.342,Comp0054,Mail0002,6,50232,993,11,10,241,208
126706.548135998,0.193,Comp0049,DNS0002,17,49010,53,2,3,166,113
126709.15373435203,14.341,Comp0068,Proxy0001,6,56036,3128,12,62,930,3507
126709.93966916692,0.066,Comp0005,DNS0001,17,29384,53,3,3,59,264
126723.18929589822,0.003,Comp0008,DNS0002,17,45046,53,3,3,46,287
126726.5023781508,7.422,Comp0070,FS0003,6,7090,445,24,104,1768,1055
126732.20189397728,25.436,Comp0030,FS0003,6,10330,445,5,23,1856,45484
126735.62736873628,0.074,Comp0075,Proxy0001,6,52988,3128,18,43,1428,4602
126760.83396624617,1.716,Comp0018,DC0001,6,50540,389,11,16,371,966
126767.74817923395,8.643,Comp0058,Proxy0002,6,29342,3128,8,57,742,10349
126772.10588333492,0.267,Comp0078,DNS0002,17,44466,53,2,3,54,161
126772.88131396586,0.018,Comp0076,DNS0002,17,12883,53,3,2,88,160
126777.74012102056,1.726,Proxy0002,Ext0026,6,8680,443,3,94,102,5942
126779.42956918775,0.512,Comp0062,DNS0001,17,62755,53,3,3,45,231
126780.37180364256,4.023,Comp0026,Proxy0001,6,21075,3128,12,13,674,8801
126782.82163517465,0.402,Comp0028,DNS0002,17,42511,53,2,2,60,303
126785.448714982,53.808,Comp0053,FS0003,6,25324,445,10,70,1305,6039
126789.08845755481,2.712,Comp0058,Web0005,6,57698,443,12,182,320,4099
126795.69171671732,0.011,Comp0005,DNS0001,17,39947,53,3,2,78,127
126799.64317985866,7.01,Comp0065,Proxy0002,6,15240,3128,10,34,1028,3448
126802.17236943115,1.033,Comp0003,Proxy0002,6,53206,3128,10,43,2233,2106
126802.28313969358,25.767,Comp0076,FS0001,6,1127,445,16,77,1694,24154
126814.4992636554,0.978,Comp0061,Mail0001,6,13409,587,4,2,776,5419
126816.23951794783,8.645,Comp0014,Web0002,6,10537,443,21,78,1255,3363
126820.50552421139,4.473,Comp0053,Web0004,6,1208,80,6,95,1072,18096
126820.94102552575,2.331,Comp0019,Proxy0002,6,47133,3128,15,31,561,5774
126822.64129862931,2.789,Comp0057,Web0001,6,55441,80,7,31,945,2206
126828.1846014054,8.31,Comp0073,Mail0002,6,3702,993,7,7,2984,1901
126828.20742918458,2.538,Comp0025,Web0006,6,37387,443,5,33,1868,4395
126836.62999099962,5.998,Comp0077,Web0005,6,39803,443,22,11,154,5223
126843.21087495223,11.196,Comp0010,Web0005,6,34205,443,5,94,258,6010
126851.0160143471,0.09,Comp0076,DNS0002,17,7381,53,3,3,49,96
126853.77982253028,2.43,Comp0064,Proxy0002,6,16435,3128,4,18,248,5454
126854.70160162088,0.273,Comp0039,DNS0002,17,11662,53,2,2,83,210
126855.84946257493,0.278,Comp0062,DNS0001,17,63379,53,2,3,56,259
126856.97743703632,0.014,Comp0033,DC0001,6,7529,88,3,18,346,173
126858.7950831639,5.73,Comp0002,FS0002,6,8038,445,35,315,5678,2563
126859.51508930285,3.575,Comp0005,Web0006,6,23554,80,6,29,2026,914
126860.10089805523,5.268,Comp0078,FS0002,6,11133,445,11,67,5785,40932
126860.87239366124,18.101,Comp0027,FS0001,6,43757,445,49,376,11500,40992
126861.98799830358,4.48,Proxy0001,Ext0012,6,41192,443,4,63,8142,4607
126863.40800228322,2.024,Comp0028,Web0003,6,63858,443,3,50,620,5019
126863.62874448972,0.144,Comp0010,DNS0002,17,65251,53,2,3,101,188
126872.34583006034,0.058,Comp0031,DNS0002,17,14442,53,2,2,36,148
126874.01452391328,5.078,Comp0060,DC0001,6,18278,389,12,3,1302,1218
126874.94786788846,0.873,Comp0017,Web0006,6,19400,80,7,22,888,313
126889.47050970604,1.148,Comp0023,Web0006,6,58238,80,25,45,491,1049
126890.81091936919,0.156,Comp0010,DNS0001,17,49844,53,3,2,93,67
126893.4183642552,5.239,Comp0020,Web0003,6,54406,443,3,124,1572,13646
126893.7673348589,2.212,Comp0029,DC0002,6,58066,389,7,8,331,401
126906.1458000681,0.251,Comp0076,Web0005,6,6612,443,11,18,180,4228
126906.41714639266,3.22,Comp0056,Mail0001,6,28213,993,4,5,378,946
126909.28307684667,0.042,Comp0057,DNS0002,17,60172,53,2,2,83,82
126914.40353164486,0.001,Comp0048,DNS0001,17,1728,53,2,2,53,88
126916.42015709485,5.898,Comp0041,Proxy0002,6,40290,3128,8,54,604,40766
126920.62486799157,0.22,Comp0012,DNS0002,17,49529,53,2,2,32,239
126926.33279624791,4.337,Comp0028,Web0004,6,18050,80,4,36,1359,6857
126935.46957079912,1.983,Comp0002,DC0002,6,44004,389,10,9,663,431
126952.26700770578,0.07,Comp0051,DNS0002,17,21281,53,3,3,103,54
126956.46997009858,0.334,Comp0071,DNS0001,17,9061,53,2,2,55,98
126956.65434300988,1.454,Comp0065,Web0001,6,35894,443,8,35,9056,2595
126962.39138159642,1.972,Comp0003,DC0001,6,12261,88,9,4,323,667
126962.5925986196,30.992,Comp0003,FS0002,6,42148,445,22,298,6010,5981
126963.52799248521,0.182,Comp0080,DNS0002,17,43600,53,2,4,79,40
126966.34675525283,0.114,Comp0037,DNS0002,17,10578,53,2,3,79,181
126966.8629247008,0.184,Comp0038,DNS0002,17,50754,53,2,2,129,33
126969.02331078958,2.679,Comp0026,FS0001,6,21408,445,6,81,1266,4274
126973.69587387823,1.27,Comp0079,Mail0001,6,31592,993,5,7,398,228
126983.84588161047,1.305,Comp0065,DC0001,6,45005,88,5,11,1380,1710
126984.86852439187,0.087,Comp0047,DNS0001,17,48775,53,2,3,83,98
126985.61359924782,7.073,Comp0016,DC0001,6,23543,445,33,33,639,12546
126988.75517290148,2.453,Comp0047,Web0006,6,22687,80,17,29,3760,14587
126991.10633932328,7.946,Comp0039,DC0001,6,43943,445,22,25,11298,8890
126994.26964503525,5.625,Comp0011,Proxy0001,6,42674,3128,18,5,714,3799
126998.52777234218,2.492,Comp0062,Mail0002,6,2625,993,3,6,552,2563
127001.3486847175,0.02,Comp0064,DNS0002,17,5470,53,4,2,54,106
127011.79972043548,0.656,Comp0064,DC0002,6,31010,389,5,6,1307,561
127025.25500794045,0.054,Comp0017,Proxy0002,6,25616,3128,6,552,1338,1590
127025.64520513256,0.161,Comp0043,DNS0002,17,37825,53,3,3,128,152
127029.09400270984,1.171,Comp0062,DC0001,6,48903,445,9,156,101554,909
127034.03457457153,17.658,Comp0079,FS0003,6,48049,445,119,100,1526,10205
127034.53240533404,0.006,Comp0014,DNS0001,17,55136,53,2,2,52,117
127036.39846030646,36.883,Comp0063,FS0003,6,57912,445,6,387,4051,22248
127037.76815145678,0.164,Web0002,DNS0001,17,13626,53,2,2,44,156
127043.6132441166,0.057,Comp0009,DNS0002,17,7106,53,2,2,85,396
127047.0616475179,2.989,Comp0009,Web0005,6,47858,443,4,357,1830,521
127053.23760449007,1.639,Comp0063,DC0001,6,49685,88,3,16,257,476
127058.13113245094,0.22,Comp0029,DNS0002,17,63326,53,3,2,42,275
127059.5589851099,1.753,Comp0015,Web0001,6,10111,443,14,111,1332,8269
127062.97304906267,0.385,Comp0064,DNS0001,17,14572,53,2,2,44,77
127073.92562225276,0.105,Comp0018,DNS0002,17,37394,53,3,3,125,131
127074.62066488776,17.977,Comp0066,FS0002,6,22067,445,29,720,1586,3617
127074.98750049651,13.232,Comp0078,FS0002,6,8897,445,5,262,3782,27435
127075.026038126,12.255,Comp0080,FS0003,6,29369,445,25,72,3643,4757
127075.71929710648,0.168,Comp0045,DNS0001,17,57984,53,2,3,61,100
127080.39228134317,0.047,Comp0054,DNS0001,17,11088,53,3,3,75,63
127083.37388739901,0.066,Comp0046,DNS0001,17,52134,53,3,3,60,108
127084.41921690905,5.24,Comp0006,DC0001,6,27121,88,5,3,1015,1272
127093.3837035311,0.049,Comp0059,DNS0001,17,39292,53,2,3,67,247
127100.32108393265,0.128,Comp0041,DC0001,6,27665,88,16,19,251,557
127101.31657372235,6.851,Comp0006,DC0002,6,6842,88,4,2,582,780
127101.51622476267,1.645,Comp0022,Web0003,6,11721,80,4,59,222,34053
127103.40342464267,7.961,Comp0030,FS0002,6,46542,445,25,57,7372,8047
127105.02834759743,3.113,Web0004,DB0002,6,4348,3306,59,130,5266,16185
127106.1997976753,14.434,Comp0077,Web0005,6,50229,443,22,35,763,7267
127108.92761414306,1.385,Comp0070,Web0001,6,51746,80,14,35,501,14804
127112.96552981797,0.249,Comp0080,Web0005,6,60901,443,7,79,251,11200
127113.29906308812,0.46,Comp0015,FS0003,6,10480,445,25,181,3576,22445
127128.2824888977,0.498,Comp0075,DNS0001,17,8996,53,2,3,38,147
127134.73915312182,10.199,Comp0042,Proxy0001,6,47181,3128,12,54,594,1083
127136.01380220035,15.077,Comp0057,DC0001,6,24678,445,17,147,6872,15502
127144.82735658862,0.433,Comp0056,Mail0002,6,37431,993,10,17,365,142
127151.75637013334,0.204,Comp0069,DNS0001,17,39468,53,2,3,88,398
127160.05109159515,0.6,Comp0059,Proxy0002,6,15476,3128,11,65,604,3892
127166.09250678335,0.005,Comp0011,DNS0001,17,58050,53,3,3,76,131
127167.22804103495,10.02,Comp0050,FS0001,6,15366,445,23,162,3542,6196
127170.38103565549,5.09,Comp0021,Web0004,6,9725,443,10,29,3431,4127
127170.56691433289,3.406,Comp0045,DC0001,6,29536,389,4,18,450,797
127174.1466661118,0.552,Comp0047,DNS0002,17,48601,53,3,2,155,271
127175.4488886804,0.812,Comp0007,Web0004,6,2469,80,17,14,2698,2547
127181.79580220938,0.019,Comp0061,DNS0001,17,47356,53,2,2,70,106
127184.75508194265,1.781,Comp0056,Proxy0002,6,15663,3128,8,39,1791,12053
127188.41125743935,0.024,Comp0018,DC0002,6,52663,88,19,21,1100,318
127190.81467110303,18.671,Comp0014,DC0001,6,7546,88,4,6,127,710
127192.11163786685,3.087,Comp0022,Web0001,6,57962,80,12,67,1485,7702
127194.42366734761,1.178,Comp0019,DC0001,6,29022,88,16,4,2752,205
127199.83903875921,1.651,Comp0033,Proxy0001,6,59383,3128,4,45,860,5994
127201.36034891903,0.182,Comp0015,DNS0001,17,17493,53,2,3,91,157
127203.97372481186,36.466,Comp0020,FS0001,6,29128,445,37,61,318,2266
127212.60705381395,3.527,Comp0032,DC0002,6,31849,445,10,43,2008,8545
127216.13492332434,0.519,Proxy0001,Ext0027,6,16011,443,14,24,407,698
127219.47286080237,0.858,Comp0077,Web0005,6,12829,443,12,62,146,10500
127222.51547009879,8.07,Comp0006,Web0004,6,3713,443,29,34,924,27769
127226.30656932128,1.141,Comp0023,Web0001,6,42265,80,7,69,157,2247
127226.35256761275,6.758,Proxy0001,Ext0010,6,3453,443,12,7,333,3023
127227.10910233433,0.22,Comp0031,DNS0001,17,57439,53,2,3,38,245
127238.47040150207,1.447,Comp0063,Web0001,6,35346,443,8,37,1850,15466
127241.21173085521,2.316,Comp0046,DC0001,6,62185,88,4,10,397,450
127252.73752257791,0.431,Comp0022,DNS0001,17,17809,53,2,2,47,116
127253.57868087232,0.192,Mail0002,DNS0002,17,43038,53,2,2,80,119
127255.29334790967,2.935,Proxy0001,Ext0013,6,55550,443,7,18,2185,13865
127255.6815900772,6.037,Comp0041,Web0006,6,50678,443,8,18,946,9247
127255.80067590156,11.829,Comp0010,FS0003,6,16016,445,21,104,6600,1753
127263.22650180085,10.456,Comp0031,Web0004,6,40306,443,10,19,451,7072
127265.16554998507,0.158,Web0002,DB0003,6,58416,3306,50,29,3541,12514
127269.01108188118,0.002,Comp0015,DNS0002,17,50923,53,2,2,64,94
127270.43724724124,0.447,Comp0055,DNS0002,17,5167,53,2,2,77,119
127270.74040412108,11.78,Comp0008,FS0003,6,46708,445,42,273,3390,21203
127278.423164691,10.559,Comp0010,Web0002,6,39258,443,16,104,984,7351
127279.71283522103,2.085,Comp0079,Web0005,6,50196,443,7,41,237,833
127292.3211017561,0.422,Comp0067,Proxy0002,6,56706,3128,11,22,1175,1742
127292.97981058054,0.76,Comp0059,DNS0002,17,39200,53,2,4,63,434
127295.51026562785,0.444,Comp0071,DNS0001,17,65452,53,2,3,56,106
127299.59175021944,14.847,Proxy0001,Ext0000,6,63711,80,8,103,721,16528
127303.01875694911,25.187,Comp0033,FS0003,6,42456,445,7,104,5390,4237
127308.47258703361,3.695,Comp0018,FS0003,6,13360,445,9,55,2330,15284
127310.35671613301,2.349,Comp0069,Web0002,6,16515,443,12,23,768,2508
127319.06248298955,10.507,Comp0052,DC0001,6,45323,389,6,2,206,628
127319.21135546271,7.099,Comp0034,Proxy0001,6,3804,3128,10,54,1061,39533
127324.49183720614,17.665,Comp0028,FS0001,6,51819,445,12,91,4573,2224
127325.40423809204,21.557,Comp0009,FS0003,6,11102,445,30,155,2008,3009
127330.31162503827,7.494,Comp0007,Mail0001,6,9216,587,10,4,1709,893
127336.79432872792,19.951,Web0001,DB0002,6,25793,3306,19,43,2737,5285
127338.60742905465,0.22,Comp0012,DNS0001,17,35416,53,3,2,41,139
127339.64846227824,0.081,Comp0004,DNS0002,17,55901,53,2,2,84,273
127341.15640861007,1.797,Comp0019,Web0004,6,54772,443,41,12,998,4041
127353.56405705784,0.124,Comp0046,DNS0002,17,30284,53,2,4,65,141
127354.15698544332,0.23,Comp0056,Web0004,6,25083,443,8,131,1207,3401
127357.62810636923,2.1,Comp0011,Web0003,6,39621,443,12,47,378,430
127358.97174399372,0.218,Comp0044,DNS0001,17,51179,53,2,2,67,194
127363.02438832179,4.383,Comp0019,DC0001,6,39496,88,4,7,335,1654
127377.64120252774,2.438,Comp0032,Proxy0001,6,23790,3128,9,33,65,4219
127377.78552765067,16.751,Comp0047,FS0003,6,21281,445,5,166,1301,84233
127378.76924745733,1.311,Comp0022,DC0002,6,14245,88,5,12,3223,865
127385.97407181322,16.163,Comp0059,FS0003,6,2611,445,5,53,2139,12321
127394.67924656087,0.16,Comp0014,DNS0001,17,48931,53,2,2,77,126
127395.65457201275,0.243,Comp0019,DNS0002,17,56608,53,3,2,60,138
127397.85971259553,0.109,Comp0072,DNS0001,17,43798,53,2,2,64,131
127404.26768909044,0.263,Comp0046,DNS0001,17,17994,53,2,3,126,354
127409.49877409263,9.135,Comp0058,Web0001,6,15208,80,14,171,526,17194
127411.59170099566,22.118,Comp0054,DC0001,6,64879,445,12,537,625,6076
127415.34533355979,0.45,Comp0038,Web0005,6,3343,443,11,162,68,5495
127415.77595105098,4.146,Comp0032,Mail0002,6,44063,993,7,5,173,966
127419.07142438911,2.327,Comp0027,Mail0001,6,5141,993,7,6,644,860
127427.46293195861,0.494,Comp0026,Mail0001,6,49771,587,4,11,248,293
127435.73374226404,13.486,Comp0077,FS0002,6,8406,445,11,91,1747,8314
127440.37747028483,4.529,Comp0022,Web0001,6,48097,80,7,49,97,30539
127443.72242873853,1.212,Comp0073,DC0002,6,1360,88,4,14,286,952
127447.36606692667,2.228,Comp0043,Proxy0002,6,43727,3128,13,13,2868,6673
127447.43632178119,3.04,Comp0069,Proxy0002,6,38212,3128,3,101,682,2067
127448.82986818055,0.165,Comp0031,Web0005,6,40286,443,6,43,198,6486
127452.60232680425,1.255,Comp0065,DC0001,6,14846,88,6,17,454,174
127453.53135493962,0.042,Comp0027,DNS0001,17,45977,53,3,4,60,224
127491.72432984269,0.052,Comp0015,DC0002,6,7883,88,5,12,403,169
127497.13020950991,0.567,Comp0040,Web0001,6,39037,443,12,18,942,6866
127499.82671903668,0.097,Comp0076,DNS0001,17,48892,53,3,3,81,127
127511.5741025611,10.121,Comp0070,DC0002,6,17723,389,3,3,222,836
127517.94804513242,1.0,Comp0038,DC0001,6,59835,88,3,7,78,81
127519.9004513002,0.093,Comp0020,DNS0001,17,49218,53,3,3,87,139
127522.59528795742,5.508,Comp0011,Proxy0002,6,64605,3128,3,59,405,9892
127522.751127756,1.078,Comp0007,DC0001,6,18719,88,3,11,420,560
127524.73246311738,2.791,Comp0033,Mail0002,6,16716,587,4,5,596,330
127527.21017909696,0.044,Comp0032,DNS0002,17,6592,53,2,3,102,88
127528.83866241048,2.382,Comp0003,Web0005,6,7438,443,8,52,329,1555
127529.39573033276,4.301,Comp0067,Proxy0001,6,1417,3128,6,40,253,2415
127535.77653953913,4.016,Comp0038,Proxy0001,6,4959,3128,7,55,861,2847
127540.08202314063,2.304,Comp0022,DC0001,6,11459,88,4,8,1874,932
127541.2188986168,0.22,Comp0010,DNS0002,17,1878,53,2,3,64,350
127542.86590240031,2.328,Comp0060,FS0001,6,48984,445,31,85,947,5426
127550.13804164072,0.18,Comp0077,Mail0002,6,50847,993,3,4,3602,1054
127552.79671379243,0.051,Comp0078,DNS0002,17,56451,53,3,3,89,199
127554.57635857072,3.386,Comp0018,Mail0001,6,47214,993,4,6,301,203
127555.6433215008,3.908,Comp0010,Web0002,6,54374,443,16,58,647,8875
127556.96825232607,24.474,Comp0005,DC0002,6,23803,445,69,47,3859,2149
127558.04597938199,23.216,Comp0080,Proxy0001,6,58036,3128,14,26,793,1108
127564.54793695087,8.573,Comp0025,Web0006,6,45382,443,15,33,834,9323
127568.83835526051,0.635,Comp0063,Mail0002,6,54029,587,7,8,340,203
127569.62214799045,0.146,Comp0070,DNS0002,17,37278,53,2,3,61,91
127571.26884378042,0.373,Comp0062,Mail0001,6,37542,587,8,5,284,743
127584.8348430639,3.036,Comp0069,Proxy0002,6,20031,3128,11,64,2305,1757
127594.45846374107,1.583,Comp0070,DC0002,6,51431,88,7,5,388,1257
127598.31053594874,1.783,Comp0080,Proxy0001,6,55702,3128,7,70,2537,2122
127599.5466293584,0.976,Comp0008,Proxy0001,6,49640,3128,3,31,231,6717
127603.4695034975,0.3,Comp0043,Web0002,6,16230,443,9,37,421,5708
127604.04770175315,0.369,Comp0077,DNS0002,17,17426,53,2,4,75,77
127608.19937771655,22.616,Comp0039,DC0002,6,54472,445,16,99,2444,1607
127610.19643636611,1.987,Comp0059,DC0002,6,40571,88,11,9,237,129
127612.36533792198,0.652,Comp0015,DNS0002,17,49525,53,3,3,67,76
127616.66557262068,3.313,Comp0079,Mail0001,6,62366,993,5,12,247,301
127616.75326439501,0.058,Comp0025,DNS0002,17,16788,53,2,3,59,210
127620.81682294939,1.533,Comp0027,Mail0002,6,22261,587,8,11,294,403
127620.87770230898,1.959,Comp0011,DC0002,6,12377,389,3,9,70,1346
127622.20826421931,0.521,Comp0039,DNS0002,17,60555,53,2,2,34,53
127622.50929785665,5.376,Web0005,DB0003,6,4280,3306,17,145,1017,12399
127631.00888140252,4.932,Mail0002,Ext0006,6,22299,25,6,9,570,417
127631.04595212927,0.913,Comp0044,Mail0002,6,1461,993,3,5,875,153
127635.15921729415,6.933,Comp0053,Web0001,6,9305,443,16,10,547,4894
127641.21452759288,20.306,Comp0028,Web0005,6,54974,443,10,25,329,6246
127643.69515644593,0.063,Comp0074,DNS0001,17,54203,53,2,2,88,66
127646.61945946008,5.96,Comp0029,FS0002,6,15823,445,36,19,631,13199
127647.94869920163,0.017,Comp0012,DNS0001,17,18517,53,2,3,42,158
127661.22896676365,0.917,Comp0060,Web0003,6,36230,443,8,23,692,18194
127670.20507500379,0.002,Comp0046,DNS0001,17,17107,53,2,2,147,75
127675.52125643428,2.48,Comp0039,Web0006,6,4116,443,13,27,230,4106
127676.71862037283,0.88,Comp0017,DNS0002,17,49534,53,2,2,52,98
127677.58752595112,12.348,Web0001,DB0002,6,10674,5432,9,29,1278,12279
127680.87854503235,0.305,Comp0058,Web0005,6,15028,443,7,59,152,5447
127681.23119218204,0.617,Comp0017,Mail0002,6,63253,587,3,28,106,201
127683.66051204658,9.183,Comp0074,Web0006,6,63502,443,7,186,83,3997
127687.97507113864,5.017,Comp0003,Web0006,6,54637,443,21,46,582,25961
127693.53810425822,3.519,Comp0049,Web0004,6,33398,443,5,92,1028,22791
127694.34959620397,1.775,Comp0075,Web0001,6,43701,443,7,7,6041,9406
127696.53281002832,9.889,Comp0047,DC0002,6,41688,445,21,42,3338,49405
127697.27218735867,0.095,Comp0078,DNS0002,17,52387,53,2,2,66,108
127705.03496814382,4.932,Comp0019,DC0001,6,14291,445,34,59,2775,19125
127711.00503419337,0.021,Comp0078,DNS0002,17,36673,53,2,3,56,182
127713.22581466401,0.086,Comp0020,DNS0001,17,31942,53,3,3,107,135
127715.78213210561,3.219,Comp0031,Web0005,6,4396,80,9,175,557,6825
127716.1011916541,0.251,Comp0071,DNS0002,17,9360,53,2,3,45,357
127717.29588796102,0.195,Comp0025,DNS0001,17,28977,53,2,3,89,73
127720.92267408114,0.397,Comp0078,DNS0001,17,39224,53,3,3,65,213
127724.89946980444,8.222,Comp0067,Web0006,6,47300,443,6,25,421,5782
127728.206105611,0.739,Comp0036,DC0001,6,48679,445,20,23,2084,7997
127732.08489843595,1.03,Comp0019,Mail0002,6,14152,993,13,4,100,1418
127732.53412364857,4.234,Proxy0001,Ext0023,6,44565,443,16,59,307,4291
127737.95834001008,6.58,Comp0022,Proxy0001,6,22040,3128,14,120,4715,13407
127738.29350293986,0.195,Comp0071,DNS0001,17,65474,53,3,2,79,62
127743.25158346031,18.584,Web0002,DB0004,6,30583,5432,7,432,3008,184975
127744.79373708104,0.11,Comp0042,DNS0002,17,13897,53,3,3,72,119
127755.46047906653,24.761,Comp0004,Web0006,6,50965,443,13,83,1846,24734
127755.82534842458,2.645,Comp0044,Web0001,6,59370,443,3,44,902,20413
127760.83142735537,0.492,Comp0034,Proxy0001,6,63739,3128,5,74,1189,104610
127767.52992116055,1.571,Comp0002,DC0002,6,40830,88,4,7,2203,128
127768.96072578525,0.01,Comp0011,DNS0002,17,35048,53,2,2,148,471
127771.01061017136,3.143,Comp0043,DC0001,6,37039,88,10,15,161,407
127771.73967722224,9.728,Comp0012,FS0003,6,40998,445,22,85,3037,13115
127779.7619430162,8.76,Comp0035,Web0001,6,55134,443,6,28,282,8378
127780.7123356221,0.065,Comp0043,DNS0002,17,36376,53,3,3,104,137
127784.49090741106,0.033,Comp0025,DNS0001,17,42778,53,2,3,40,190
127784.77403293853,10.336,Comp0044,DC0002,6,19698,445,4,406,4826,25356
127785.07688465193,22.476,Comp0049,FS0001,6,7638,445,18,131,1477,26438
127788.35688127083,6.209,Comp0003,Web0001,6,56155,443,5,69,572,5041
127789.66961609008,1.199,Comp0036,DC0001,6,24497,389,9,17,592,1311
127802.43251684202,7.999,Comp0037,Web0001,6,36661,443,7,52,863,13300
127803.04467703376,5.645,Comp0036,DC0001,6,22344,389,6,7,70,651
127808.97260475527,0.148,Comp0045,DNS0001,17,25754,53,2,3,48,55
127809.23292542667,12.616,Comp0061,FS0001,6,5987,445,17,67,1803,52371
127819.74495336635,8.273,Comp0034,Web0002,6,17359,80,13,116,704,3100
127820.6808727506,0.015,Comp0080,DNS0001,17,38878,53,3,2,107,157
127827.0371238489,11.538,Proxy0002,Ext0011,6,46337,443,12,90,1788,35241
127827.3549733758,24.535,Comp0018,Web0004,6,36308,443,13,83,866,16031
127829.89653495124,1.525,Comp0055,Proxy0001,6,10280,3128,7,485,2569,4763
127830.33417079465,8.601,Comp0022,FS0001,6,27637,445,60,83,10961,21424
127832.15317665026,1.942,Comp0038,Web0001,6,22862,443,15,89,1155,16912
127834.62356517438,2.964,Comp0015,DC0002,6,34535,88,7,4,912,4270
127835.73982691483,0.031,Comp0030,DNS0001,17,28305,53,3,3,47,150
127848.05356946652,9.589,Comp0017,FS0002,6,28750,445,28,137,3734,181093
127849.98483499288,2.985,Comp0028,FS0002,6,38880,445,25,10,7187,8352
127855.6069671131,0.228,Comp0069,DNS0001,17,18280,53,3,2,129,93
127857.69942890987,5.947,Comp0023,Proxy0002,6,41378,3128,9,15,1337,6532
127867.19426805858,8.789,Proxy0002,Ext0011,6,48266,80,7,42,690,2608
127867.23093432991,1.788,Comp0063,DC0001,6,44943,389,7,11,497,888
127869.62192743857,0.522,Comp0058,DNS0001,17,4904,53,2,3,87,122
127877.50750907263,0.256,Comp0021,DNS0002,17,41065,53,2,3,76,124
127879.59718529477,3.426,Comp0060,FS0003,6,34360,445,28,72,6878,61757
127890.04824961151,0.05,Comp0005,DC0001,6,51142,445,17,64,1680,1664
127890.46400402274,3.66,Comp0079,FS0001,6,27790,445,30,146,413,41923
127894.2813831795,0.378,Comp0016,DNS0002,17,64220,53,2,2,80,87
127901.84151347243,0.098,Comp0017,DNS0002,17,18568,53,3,3,70,97
127906.96270377652,2.35,Comp0009,Mail0002,6,35862,993,4,9,289,11667
127920.19329408073,0.562,Comp0039,Proxy0001,6,20497,3128,11,58,2040,80760
127924.04920768132,7.454,Comp0037,Web0005,6,60864,443,22,122,2547,5473
127928.13974721561,1.423,Comp0001,Web0006,6,59155,80,4,277,213,8982
127930.8706545964,1.477,Comp0052,Web0005,6,11207,443,23,17,93,22825
127930.88027292801,0.145,Comp0072,DNS0001,17,8279,53,3,2,31,222
127933.82193713862,0.074,Comp0059,DNS0002,17,54893,53,2,3,94,95
127936.01751238274,0.613,Comp0074,Mail0002,6,61291,587,11,4,317,377
127938.86955669617,1.079,Comp0080,Mail0002,6,58550,993,7,3,287,322
127941.31599730515,0.692,Web0002,DB0002,6,15555,3306,7,56,1712,55573
127951.55080769383,0.125,Comp0065,DNS0001,17,3741,53,2,2,51,183
127952.36823099489,1.281,Comp0008,DNS0001,17,54719,53,3,2,50,273
127954.81057068775,0.83,Comp0010,Mail0002,6,9657,993,4,8,71,411
127957.550888671,2.084,Comp0053,Web0003,6,24296,443,9,50,734,5388
127958.15486441278,4.462,Comp0002,Proxy0002,6,33834,3128,3,46,328,8769
127960.32330332564,0.052,Comp0062,DNS0002,17,60165,53,3,2,55,66
127965.16383874262,8.903,Comp0080,DC0002,6,22236,445,62,161,3061,4039
127968.2979712793,0.012,Comp0043,Web0003,6,61464,443,14,154,1219,6027
127969.65227139092,1.555,Comp0075,DC0002,6,37359,88,7,7,1549,1048
127970.77423620319,0.059,Comp0035,DNS0001,17,65314,53,2,2,70,526
127971.39556461446,2.957,Comp0011,Web0003,6,21500,443,23,133,114,1886
127978.44275800962,0.006,Comp0079,DNS0001,17,6041,53,2,2,83,76
127978.60798362346,0.908,Comp0077,Web0006,6,65472,443,5,24,110,5712
127981.27731161885,2.098,Comp0026,FS0002,6,12146,445,33,92,1004,139651
127982.14300367495,12.821,Comp0070,DC0002,6,3437,445,18,26,2703,48301
127984.95328488734,9.649,Comp0078,Proxy0001,6,55724,3128,5,30,255,640
127988.42290875383,0.792,Comp0067,Web0005,6,14513,443,6,15,1303,17324
127991.40810812713,0.234,Comp0004,DNS0002,17,21915,53,3,3,56,141
128004.18526028914,0.712,Comp0070,Web0004,6,32146,443,16,31,611,2472
128006.76968761788,1.892,Comp0029,Proxy0002,6,64355,3128,13,51,368,3775
128010.15968020586,0.985,Comp0049,DC0001,6,38621,88,6,6,890,153
128011.30285933154,6.794,Comp0018,Proxy0002,6,12812,3128,18,31,960,3721
128014.89056273749,0.29,Comp0018,DNS0001,17,44238,53,2,3,35,284
128017.16988509543,2.948,Proxy0001,Ext0024,6,24063,80,7,66,866,9465
128017.69017184229,0.859,Comp0063,Mail0002,6,32150,587,7,5,214,2557
128021.11727440005,15.848,Comp0064,Web0005,6,57274,443,15,58,1763,43935
128026.3546066935,6.977,Comp0075,Web0006,6,12400,443,8,200,1017,881
128027.19705975008,0.098,Comp0042,DNS0002,17,18255,53,2,3,42,220
128029.95589703697,0.262,Comp0014,DNS0001,17,18538,53,2,3,119,196
128034.28459534036,0.015,Comp0050,DNS0001,17,5532,53,3,3,54,87
128039.44018647287,3.51,Comp0022,DC0001,6,26221,389,3,6,265,919
128039.8809646584,17.476,Comp0010,FS0002,6,23712,445,39,153,7777,34474
128041.73687135598,0.005,Comp0023,DNS0002,17,53053,53,2,2,58,507
128045.372306106,1.017,Comp0045,DC0001,6,2722,88,5,15,410,726
128048.29021764742,1.778,Comp0069,Web0001,6,33481,443,4,208,682,461
128050.2925372471,9.329,Comp0021,Proxy0001,6,21378,3128,5,24,623,1320
128052.04772482322,5.76,Comp0035,Proxy0002,6,56816,3128,11,37,656,11441
128052.93031622915,0.437,Comp0016,DNS0002,17,44714,53,2,3,46,97
128055.33154244411,2.376,Comp0063,Mail0002,6,32283,993,10,4,420,1383
128055.7343163435,5.94,Comp0051,FS0003,6,57940,445,24,46,3523,46649
128060.98964531207,0.029,Comp0030,DNS0001,17,31238,53,2,4,67,153
128061.81837922594,0.059,Comp0028,DNS0001,17,51932,53,2,2,56,78
128065.4502384931,0.962,Comp0073,DC0002,6,33784,389,5,4,108,3143
128066.19577233604,11.809,Comp0080,Proxy0002,6,28587,3128,10,24,458,7348
128067.17443551005,0.144,Comp0022,DNS0001,17,46609,53,2,3,58,97
128068.81923289126,4.843,Web0003,DC0001,6,14430,389,6,5,399,206
128072.49989795385,1.265,Comp0056,DC0002,6,62884,445,41,44,705,44793
128085.44818543893,1.27,Comp0050,Mail0001,6,9208,993,4,10,261,625
128093.28565842086,0.203,Comp0018,Mail0002,6,42943,993,5,11,864,1377
128096.26821385889,22.312,Comp0017,DC0001,6,51631,445,15,100,1947,5770
128099.41734303968,2.014,Comp0042,DC0002,6,53259,389,4,29,663,348
128100.25649826264,0.277,Comp0045,DNS0002,17,62263,53,2,4,75,152
128108.39518344529,0.174,Comp0074,DNS0001,17,29522,53,2,3,41,181
128124.84365881342,7.679,Comp0006,Web0001,6,56664,443,10,199,888,4602
128130.41650844339,1.39,Comp0010,DC0002,6,8807,389,7,4,551,212
128134.01372137129,0.001,Comp0035,DNS0002,17,33768,53,2,3,49,273
128139.2293492397,0.31,Comp0016,Web0004,6,53395,80,6,53,236,8123
128147.78737571834,10.71,Comp0075,FS0002,6,2221,445,14,38,1657,35360
128152.2132263277,0.723,Comp0070,DNS0002,17,13847,53,2,2,52,247
128152.50851534336,0.022,Comp0049,DNS0002,17,64352,53,2,3,71,77
128159.61126125725,2.533,Comp0019,FS0002,6,29772,445,6,119,3476,8804
128168.81705194224,1.428,Comp0004,DC0001,6,51139,88,10,7,337,3886
128178.19802031634,1.489,Comp0036,Web0004,6,21264,443,16,26,747,6028
128180.255464965,3.545,Comp0042,DC0002,6,11854,445,34,129,3966,59593
128180.53743389004,0.076,Comp0058,DNS0002,17,4204,53,3,2,100,208
128182.66781974456,6.278,Comp0022,Web0002,6,41510,80,8,15,1006,10287
128192.61367634797,0.796,Proxy0001,Ext0035,6,54174,80,11,55,1596,23682
128193.06107150312,0.374,Comp0078,Proxy0001,6,6377,3128,3,33,448,7105
128193.36099397871,2.337,Comp0041,DC0001,6,1709,88,5,7,135,2173
128194.7523671872,15.953,Comp0061,Proxy0001,6,62466,3128,15,94,1910,2523
128195.58797701224,10.095,Comp0001,Web0005,6,13936,443,6,53,1797,604
128196.09409792106,7.258,Comp0073,Web0001,6,12606,443,8,31,642,5537
128205.75481998199,2.773,Proxy0002,Ext0038,6,39034,80,5,9,709,1813
128206.41064781557,3.842,Comp0074,FS0002,6,17986,445,104,204,2218,13655
128210.58594071906,0.639,Comp0045,FS0001,6,27591,445,23,35,3004,9173
128212.03559044929,0.96,Comp0001,DNS0002,17,52906,53,3,3,52,159
128219.07949043851,10.598,Proxy0001,Ext0001,6,16300,443,6,62,538,824
128220.45262415752,20.681,Comp0068,DC0002,6,4809,445,25,222,764,51294
128220.49949203827,0.502,Comp0045,DNS0001,17,56103,53,3,2,96,158
128223.33575037273,3.662,Comp0057,FS0002,6,61759,445,100,35,1647,30732
128225.36613912148,2.476,Comp0012,Web0003,6,1662,443,5,159,398,1823
128231.00676993944,0.434,Comp0010,Proxy0001,6,32771,3128,5,52,2240,1518
128231.6472087728,1.301,Comp0067,DC0002,6,26772,88,5,8,507,269
128231.75599968372,0.01,Comp0008,DNS0001,17,3036,53,2,3,103,284
128236.82568514033,0.219,Comp0001,DNS0001,17,23452,53,3,3,117,120
128237.42426192097,7.218,Comp0011,Proxy0002,6,48599,3128,6,18,519,6887
128237.62587778764,0.555,Comp0012,DC0001,6,11541,389,8,11,1714,1534
128240.3609152678,0.07,Comp0010,DNS0001,17,23171,53,2,2,101,239
128241.27690263282,23.121,Comp0003,FS0001,6,28888,445,12,32,669,16052
128243.15575835845,2.107,Comp0034,DC0001,6,39472,88,3,11,680,785
128243.32708105401,3.538,Comp0064,Web0003,6,26165,443,14,4,362,26938
128244.72673272999,16.916,Comp0007,FS0002,6,10265,445,41,594,3161,17887
128246.07876729424,4.808,Comp0020,FS0003,6,36603,445,10,22,2679,5660
128246.47513110426,13.876,Comp0024,Proxy0001,6,37031,3128,5,21,552,3019
128250.94444323902,0.527,Comp0015,DC0001,6,16936,88,4,15,773,1333
128251.34572345455,0.378,Comp0073,Web0002,6,36266,443,9,12,3448,3714
128269.121934499,0.102,Comp0016,Web0004,6,59190,80,24,23,367,12286
128272.15004372841,1.55,Comp0077,Mail0002,6,45862,993,4,12,405,1084
128272.55823185548,1.758,Comp0044,Web0005,6,53842,443,7,25,322,3643
128280.92255525172,0.478,Comp0003,DC0001,6,16641,445,12,118,1001,9125
128281.51602483985,32.434,Web0001,DB0001,6,5695,3306,16,261,1545,3420
128281.74700632947,5.624,Comp0038,Proxy0001,6,14611,3128,6,17,814,15272
128286.86524456108,0.661,Comp0028,Web0005,6,54116,443,8,30,364,2935
128305.75184690178,8.312,Comp0010,DC0001,6,39016,445,6,281,1444,3974
128307.90709047226,2.84,Comp0028,Mail0001,6,20318,587,7,5,280,936
128311.04114381305,2.113,Comp0072,Proxy0001,6,43874,3128,12,22,933,50032
128313.07083468848,1.995,Comp0056,Web0005,6,25016,443,11,82,1809,2897
128314.95644857208,5.715,Comp0030,Proxy0002,6,33980,3128,6,19,559,40820
128315.02098515705,0.518,Comp0076,Mail0002,6,56311,993,13,7,926,221
128318.22438923181,0.144,Comp0016,FS0001,6,56898,445,31,57,643,46407
128320.9674713997,0.801,Comp0006,DC0001,6,43620,88,8,3,710,3813
128325.6405401972,1.801,Comp0071,Mail0002,6,34032,993,6,5,441,190
128333.00488716153,0.222,Comp0049,DNS0001,17,38507,53,2,2,36,242
128334.78957843225,5.044,Comp0074,Web0004,6,49468,443,7,11,265,19611
128337.64269405155,18.755,Comp0074,DC0001,6,19781,445,26,35,2393,22058
128340.12247662127,2.732,Comp0015,Web0001,6,2538,80,4,144,309,13381
128341.0886245766,0.086,Comp0040,DNS0002,17,20303,53,3,2,52,136
128345.65043584685,15.753,Comp0013,FS0003,6,62353,445,21,218,3110,326791
128347.15611132456,1.988,Comp0004,Web0004,6,15752,80,16,10,761,1980
128352.71279420312,1.581,Comp0068,Web0005,6,6796,443,3,84,1076,116456
128358.57588181715,0.105,Comp0057,DNS0001,17,54402,53,3,3,42,87
128360.35358337322,4.346,Comp0045,Web0002,6,42679,80,12,45,402,15555
128364.14928213264,2.475,Comp0026,Web0003,6,24640,443,8,127,2725,18466
128365.01185184087,11.709,Comp0072,Proxy0002,6,10246,3128,8,17,1068,15463
128369.66610370006,0.537,Comp0021,DNS0001,17,46780,53,2,3,86,133
128384.45416524672,1.84,Comp0080,Proxy0002,6,28819,3128,8,32,1589,18963
128391.60658574011,6.049,Comp0055,Web0001,6,10399,80,7,32,136,18014
128395.15778469229,17.056,Comp0020,DC0002,6,51157,445,6,470,1179,25508
128405.49903998454,0.283,Web0004,DNS0002,17,24314,53,2,3,137,76
128413.841620364,2.884,Comp0066,Web0001,6,52618,443,8,36,201,4221
128420.73955123364,0.132,Comp0034,DNS0002,17,16686,53,2,3,117,254
128423.80151261811,0.083,Comp0062,DNS0001,17,41118,53,2,3,54,48
128425.70847230214,0.169,Comp0046,DNS0002,17,14321,53,3,2,46,117
128427.4894137897,0.463,Comp0050,DC0001,6,29348,389,7,9,415,437
128433.6855931527,6.582,Comp0027,Web0005,6,63437,443,15,35,1374,1794
128444.64766625082,19.163,Comp0054,FS0003,6,3294,445,11,42,848,40332
128446.94417211211,1.254,Comp0021,Web0006,6,48762,443,5,113,94,6187
128452.87137974447,3.868,Comp0080,Web0001,6,63301,443,9,29,1207,1733
128456.7658257281,30.929,Comp0003,Proxy0002,6,13042,3128,5,8,219,15160
128464.37967559096,11.529,Comp0070,Web0006,6,53036,443,9,24,814,3567
128472.32356833224,19.182,Comp0047,DC0001,6,53662,445,13,96,487,4272
128476.30857143918,21.392,Comp0074,DC0002,6,28569,445,117,92,3520,31587
128481.26362328726,11.332,Comp0065,Web0006,6,1581,443,13,32,682,1835
128485.8294505387,0.284,Comp0017,Web0005,6,1952,443,11,19,2981,2187
128490.12239660561,3.278,Comp0046,Web0001,6,19547,443,4,20,376,72409
128492.60007780662,0.877,Comp0062,Mail0002,6,11309,993,4,5,571,829
128499.55510673214,8.259,Comp0032,Web0002,6,33623,443,7,19,627,4854
128504.09096321533,4.328,Comp0005,DC0001,6,60251,88,4,8,301,3289
128505.38969007364,11.041,Comp0075,Proxy0001,6,27360,3128,5,39,641,16785
128506.13584533473,0.321,Comp0015,DNS0002,17,9236,53,2,3,70,295
128512.8209497561,9.536,Comp0023,FS0002,6,30952,445,7,200,488,4689
128517.19889084715,4.047,Comp0031,Web0004,6,58439,443,16,51,5519,2989
128519.78850370576,5.484,Comp0034,Web0003,6,33139,80,6,16,304,6078
128523.12159832762,0.026,Comp0012,DNS0001,17,4836,53,3,3,50,248
128525.91762712241,1.983,Comp0025,Web0001,6,37820,443,12,76,648,11288
128527.3331819517,4.921,Comp0055,Proxy0002,6,31580,3128,58,13,83,16042
128529.72222227152,0.133,Comp0051,DNS0002,17,57384,53,3,2,57,95
128534.53968771629,7.089,Proxy0002,Ext0036,6,39604,443,10,36,318,28379
128537.41606615866,0.047,Comp0032,Web0006,6,53233,443,17,43,308,3657
128537.46458579002,0.336,Comp0056,DNS0001,17,47670,53,2,2,32,83
128541.08929532912,1.462,Comp0005,Web0005,6,42452,443,10,93,813,2149
128549.35317334946,1.502,Comp0001,Web0001,6,10876,443,4,90,5396,1687
128550.12517358121,0.041,Comp0055,DNS0001,17,45542,53,2,2,54,72
128556.45893085003,3.048,Comp0016,Web0006,6,27817,80,9,15,563,8280
128557.11682164011,2.285,Comp0049,DC0001,6,46700,88,12,8,138,767
128583.29252444615,11.087,Comp0021,Web0004,6,41744,443,32,24,433,2035
128586.39131727976,0.132,Comp0066,DNS0001,17,9026,53,3,2,61,64
128590.51057666179,0.492,Comp0064,DNS0001,17,9804,53,2,2,31,74
128594.47954463479,35.089,Comp0075,FS0003,6,19018,445,24,183,1775,61152
128596.94145639392,6.155,Comp0074,Web0006,6,17391,443,16,158,724,1414
128597.47162165074,0.882,Comp0044,Web0001,6,58994,443,9,23,298,923
128600.42514160475,0.151,Comp0002,DNS0001,17,44877,53,3,3,54,167
128601.2806411797,13.316,Proxy0001,Ext0003,6,28129,443,15,48,1720,728
128611.44098100546,5.688,Comp0009,DC0002,6,62500,445,35,21,906,8480
128616.38103907851,0.191,Comp0019,DNS0001,17,35327,53,2,2,120,94
128621.22079580775,3.287,Comp0073,Web0006,6,17822,443,4,46,2113,3477
128621.64138020983,0.138,Comp0039,FS0002,6,17231,445,15,122,924,11872
128635.27147448348,19.929,Comp0015,FS0003,6,15363,445,11,37,1792,2849
128638.09485668343,0.12,Comp0022,DNS0001,17,48235,53,3,2,48,114
128643.52842973484,9.161,Comp0005,DC0001,6,53100,88,3,6,620,399
128645.11815881918,0.094,Comp0016,DNS0001,17,61098,53,3,2,67,155
128650.4570052578,0.328,Comp0032,DNS0001,17,11089,53,2,2,125,129
128671.1029747337,6.554,Comp0068,Web0003,6,48603,443,5,17,913,6886
128684.47917001546,0.206,Comp0043,DNS0002,17,48095,53,2,2,70,345
128685.25898473023,0.111,Comp0079,DNS0002,17,16500,53,2,2,30,159
128685.78055208042,0.021,Comp0026,DNS0001,17,19548,53,2,3,116,207
128687.02632914651,0.613,Comp0041,Web0001,6,1030,443,7,9,1559,4013
128687.61090026828,0.102,Comp0075,DNS0001,17,63764,53,2,2,52,60
128688.92652554672,11.198,Web0005,DB0003,6,17156,5432,48,50,1296,5944
128690.99625923434,1.158,Comp0077,Web0002,6,42171,80,8,116,155,7401
128702.92766884077,2.628,Comp0059,Web0005,6,41186,443,4,98,325,1867
128704.45834489146,0.119,Comp0048,DNS0002,17,41107,53,2,3,57,160
128707.83910378156,0.806,Comp0002,Mail0001,6,32244,587,2,7,138,712
128709.69063529864,1.279,Comp0034,Proxy0002,6,43281,3128,23,76,1129,5390
128710.92346676366,6.492,Comp0020,Proxy0002,6,28359,3128,9,47,560,24393
128731.52126933623,3.408,Comp0078,FS0003,6,29929,445,20,713,1966,3051
128733.22554223897,9.687,Comp0004,DC0002,6,43515,88,4,5,1131,556
128742.02393652842,5.51,Comp0008,Web0001,6,13151,80,7,15,477,17893
128743.2346950152,0.198,Comp0001,DNS0001,17,59634,53,3,3,49,103
128751.21188167566,18.069,Comp0067,Web0001,6,54777,443,6,66,600,11641
128751.59464063904,4.734,Comp0056,Web0002,6,32179,80,4,24,647,3251
128752.68483111708,25.536,Comp0072,Web0006,6,52777,443,12,28,974,15880
128754.09489901835,7.832,Comp0048,Web0003,6,9646,443,8,60,620,1069
128756.91696689186,0.9,Comp0061,Web0002,6,19941,80,10,49,618,6772
128757.80266274602,0.165,Comp0051,DNS0001,17,2069,53,2,2,112,127
128758.86546709036,15.481,Comp0080,FS0002,6,46451,445,40,58,672,1792
128765.89134504585,1.714,Comp0058,DC0001,6,3263,88,6,5,261,1315
128766.63329758868,17.562,Proxy0001,Ext0012,6,65177,443,9,14,1347,3608
128767.64170429812,3.657,Comp0063,Web0001,6,7292,80,5,26,2383,4404
128768.15091932824,17.819,Comp0070,Web0006,6,51695,443,12,15,1488,84696
128771.52149637188,2.279,Comp0071,DC0001,6,55029,445,9,97,2053,55185
128775.92513198522,0.609,Comp0005,DNS0001,17,59667,53,2,2,64,165
128780.25122895223,4.211,Comp0001,Web0002,6,52941,443,8,19,857,4040
128782.66116556576,0.003,Comp0070,DNS0001,17,30988,53,3,3,71,181
128790.65679195894,1.207,Comp0059,Web0006,6,26063,443,20,98,371,46578
128799.50828896693,0.173,Comp0051,DNS0001,17,30594,53,2,3,59,144
128799.92069107354,0.241,Comp0049,DNS0002,17,1612,53,2,3,43,69
128806.77328351735,0.058,Comp0008,DNS0002,17,50690,53,4,2,78,124
128813.41154625957,28.67,Comp0077,Web0001,6,19722,443,14,59,1043,7638
128820.95022226185,2.034,Comp0030,Proxy0001,6,11357,3128,7,291,633,6255
128823.36241092457,4.763,Comp0008,DC0002,6,22665,445,29,134,6836,35216
128824.25406426203,1.198,Comp0078,DC0001,6,51349,389,10,18,149,216
128831.01356847933,9.094,Comp0043,Web0001,6,37628,80,6,32,221,28498
128831.04198946078,2.351,Comp0059,Proxy0002,6,18906,3128,4,44,552,15978
128832.85236343634,4.984,Comp0078,DC0001,6,63078,88,3,5,320,394
128835.00710429176,0.905,Comp0015,DC0002,6,10552,88,8,19,181,369
128835.27710582636,0.934,Comp0018,Mail0002,6,64508,993,6,9,1074,3751
128842.06385915683,2.474,Comp0006,Web0001,6,13590,443,3,83,154,6463
128844.50646379175,1.183,Comp0061,Web0002,6,43412,443,9,102,653,8907
128845.73442540123,0.048,Comp0073,Web0006,6,38753,443,5,8,420,553
128850.39702201897,3.443,Comp0058,Web0003,6,9503,80,9,60,317,2675
128851.62985946369,11.208,Comp0074,Proxy0001,6,32809,3128,5,26,2197,1300
128852.16768907824,0.321,Comp0079,DNS0001,17,58803,53,3,3,75,139
128861.53335545312,14.924,Comp0029,Mail0002,6,65330,993,5,7,213,285
128864.66084524753,4.32,Comp0036,FS0001,6,44281,445,46,64,2259,5147
128866.44435828496,0.513,Comp0009,Proxy0002,6,41232,3128,7,28,721,9104
128870.8294909107,5.354,Comp0043,Proxy0001,6,29190,3128,10,43,143,4973
128870.92744367034,10.919,Comp0055,Proxy0002,6,30103,3128,9,23,499,14044
128880.85112008674,0.334,Comp0068,DNS0001,17,49244,53,2,2,122,114
128901.51120544749,0.515,Comp0078,Proxy0001,6,53372,3128,2,65,827,6203
128905.72413671864,0.069,Comp0005,DNS0002,17,9980,53,2,2,62,148
128911.53444446207,5.528,Comp0053,Proxy0001,6,53088,3128,5,82,284,26424
128916.32347240273,0.214,Comp0042,DNS0001,17,29703,53,3,2,47,72
128920.1660861837,0.38,FS0003,DNS0001,17,12958,53,3,3,51,395
128931.54495748263,5.638,Comp0068,Mail0001,6,43418,993,5,5,290,2824
128931.84265597313,0.699,Comp0003,Mail0001,6,10829,993,3,9,1327,153
128933.53761043493,0.539,Comp0066,Web0004,6,54251,443,7,18,2036,575
128934.25481789619,9.933,Comp0045,Proxy0002,6,27178,3128,18,60,203,3511
128942.27809643412,1.142,Comp0066,Mail0002,6,46315,587,9,4,355,802
128948.53901101775,1.071,Comp0042,Web0002,6,25331,443,22,12,2662,21698
128950.48111982373,3.07,Comp0066,DC0002,6,12482,389,17,19,387,971
128952.62171482321,0.745,Comp0060,FS0002,6,39119,445,18,158,4290,38381
128953.3826912339,3.517,Proxy0002,Ext0011,6,13878,443,8,28,1457,14074
128954.25863051275,0.058,Comp0010,DNS0001,17,43517,53,2,3,63,71
128955.82235376487,1.669,Comp0022,Web0003,6,45675,80,3,53,295,26939
128962.31417025905,5.398,Comp0066,DC0001,6,4844,445,12,50,3491,26416
128962.93299234359,0.894,Comp0070,Web0002,6,50348,80,3,89,324,32030
128963.65604510269,5.18,Comp0065,Web0005,6,6291,443,6,34,318,22335
128965.8620351684,1.517,Comp0013,Proxy0002,6,56170,3128,3,23,959,1139
128971.72464264082,0.261,Comp0080,FS0001,6,33686,445,19,142,3586,4406
128972.09397998796,0.045,Comp0046,DNS0001,17,22983,53,2,3,47,148
128973.50742988134,0.044,Comp0073,DNS0001,17,27003,53,2,2,176,184
128975.34219890778,0.167,Comp0018,DNS0002,17,59609,53,3,3,81,219
128977.19144055046,0.041,Comp0009,DNS0001,17,57208,53,2,3,66,143
128985.14425962995,3.233,Comp0004,Web0001,6,61038,443,34,17,89,6073
128988.17418265168,1.697,Comp0001,FS0001,6,50682,445,15,52,3101,17772
128988.87271848661,1.306,Comp0073,Proxy0002,6,53821,3128,22,46,1225,19552
128991.06267963618,0.147,Comp0011,DNS0002,17,25772,53,3,2,34,192
129000.35460130581,4.503,Comp0024,Mail0002,6,21917,587,11,19,269,389
129002.38507216933,5.707,Comp0031,Web0006,6,37859,80,9,26,837,462
129002.48102944446,11.625,Comp0046,FS0002,6,14553,445,9,85,771,20933
129002.52803870969,3.662,Comp0066,Proxy0001,6,1484,3128,19,130,2626,19058
129015.66884256311,0.821,Comp0057,Web0005,6,24406,80,25,37,858,10691
129016.5784594125,0.411,Comp0024,Mail0001,6,19224,993,4,4,360,1517
129017.90927358784,0.655,Comp0039,DNS0001,17,36481,53,3,2,74,253
129023.39857632105,3.319,Comp0039,DC0001,6,57151,389,6,11,468,370
129027.65698008504,1.297,Comp0045,Web0004,6,11299,80,8,19,3656,4626
129027.9940877909,0.013,Comp0031,DNS0002,17,2463,53,3,2,91,129
129040.16772770236,0.523,Comp0008,DNS0001,17,52378,53,3,2,35,325
129041.4358909718,9.457,Comp0031,DC0002,6,16866,389,7,9,978,430
129048.51803367728,21.255,Comp0038,FS0002,6,13689,445,38,63,2192,89251
129059.12350408299,3.378,Comp0040,DC0001,6,8516,445,29,102,4821,206537
129061.95971368536,2.085,Comp0009,Mail0001,6,37197,587,5,16,523,441
129070.3326935889,0.092,Comp0037,DNS0001,17,38838,53,2,3,64,122
129071.74557160118,0.739,Comp0011,DC0001,6,32483,445,42,427,775,38523
129072.61171736606,0.221,Comp0056,DNS0002,17,55001,53,2,3,91,120
129076.65303985722,1.606,Comp0008,DC0002,6,61228,445,83,75,1467,14041
129078.42287019352,13.214,Comp0079,Web0004,6,13846,443,9,119,2661,4860
129080.70984324793,20.561,Comp0027,FS0002,6,21697,445,19,129,4397,14243
129086.30436103216,6.934,Comp0032,Mail0002,6,38589,587,8,9,581,2455
129096.90238595633,5.824,Comp0080,Web0006,6,22304,80,15,139,442,14601
129097.32336252372,4.741,Comp0039,Web0001,6,45503,443,5,54,331,5835
129104.70689248623,4.638,Comp0025,Web0002,6,53764,80,8,63,635,2035
129105.0591720516,0.329,Comp0013,DNS0001,17,45700,53,3,3,73,240
129119.28819671759,0.142,Comp0040,DNS0001,17,45797,53,2,2,66,66
129122.23311998334,0.046,Comp0014,DNS0001,17,16791,53,3,2,100,106
129129.86034831378,8.005,Comp0003,Web0001,6,2665,443,12,25,51,6588
129132.94097246409,11.178,Comp0061,Web0001,6,46742,443,8,94,887,14562
129136.87965557628,1.416,Comp0014,DNS0002,17,54606,53,2,3,27,107
129140.25387909415,6.455,Comp0039,Web0001,6,37153,443,5,29,663,2179
129147.12834597446,0.348,Comp0051,DNS0001,17,43475,53,2,2,76,289
129155.13613762296,1.214,Comp0035,Web0001,6,36317,443,9,72,337,11971
129164.51492631284,0.133,Comp0008,DNS0002,17,41058,53,2,3,70,237
129165.23500530221,0.17,Comp0053,DNS0002,17,14170,53,2,2,58,128
129168.41721753051,1.973,Comp0075,Web0006,6,18283,80,3,195,118,24741
129171.0512136727,12.022,Comp0029,DC0001,6,17253,445,21,76,2777,5980
129172.54210349885,0.234,Comp0052,DNS0001,17,62061,53,2,3,59,111
129177.25034421943,0.153,Comp0015,DNS0001,17,4554,53,3,2,123,109
129182.60541093003,2.11,Comp0018,Web0003,6,37700,443,11,56,2676,1528
129184.37174065365,0.404,Comp0056,DNS0001,17,51450,53,2,2,83,227
129202.91314433326,14.382,Web0001,DB0004,6,40517,3306,7,44,1112,1199
129204.01605074167,0.789,Comp0038,DNS0001,17,23759,53,2,2,63,204
129208.1415727936,0.388,Comp0038,Mail0001,6,3632,587,4,4,463,549
129209.10766730619,0.365,Comp0037,DNS0001,17,1577,53,3,2,57,234
129209.71611369439,0.01,Comp0040,DNS0001,17,47646,53,2,3,67,120
129218.39792225661,0.795,Comp0036,Web0003,6,60322,80,12,67,851,15168
129220.19004267656,3.195,Comp0012,FS0001,6,55403,445,12,29,757,23690
129225.07744844694,0.95,Comp0079,Mail0001,6,4972,993,7,17,125,662
129226.17404340554,1.575,Comp0074,Web0005,6,64591,443,4,17,1660,37972
129226.69357801769,0.043,Comp0047,DNS0001,17,20395,53,2,3,31,138
129227.72166284281,4.994,Comp0016,Web0006,6,56246,443,9,45,466,2382
129233.8078867525,5.741,Comp0049,FS0001,6,33619,445,31,94,337,29160
129235.29276167037,0.136,Comp0013,Web0006,6,47616,443,4,33,1699,4775
129239.01795051622,3.215,Comp0068,Web0003,6,51593,80,11,28,420,8630
129240.85661094563,2.614,Comp0022,FS0001,6,48261,445,18,285,4168,20207
129240.95875699405,0.811,Comp0025,FS0001,6,20906,445,47,190,18839,34606
129241.2301873583,0.04,Comp0011,DNS0002,17,48406,53,2,3,77,393
129247.24943779733,2.229,Comp0012,DC0001,6,51837,445,20,98,9073,15581
129247.29775662885,2.537,Comp0003,DC0002,6,11901,389,7,6,254,2078
129248.66246321748,7.654,Web0003,DB0001,6,15272,5432,52,155,936,14434
129249.75225116752,8.207,Comp0079,FS0002,6,53074,445,12,41,2679,8509
129252.17789205871,0.655,Comp0051,Web0001,6,24091,443,30,20,1589,3695
129258.93624384407,0.151,Comp0078,DNS0001,17,9094,53,2,3,64,150
129261.0623669952,0.092,Comp0025,DNS0002,17,42016,53,3,2,81,89
129267.24129430964,7.185,Comp0040,Web0004,6,64235,443,7,66,1069,5756
129269.31715848997,7.819,Comp0008,FS0002,6,11899,445,5,153,8850,30675
129271.20819269159,4.141,Comp0054,FS0003,6,7997,445,11,64,3853,1748
129275.65073765581,0.836,Comp0022,Web0003,6,42395,80,10,39,2988,18059
129279.84119701743,0.083,Comp0033,DNS0002,17,63640,53,2,2,104,86
129280.81069681025,8.816,Comp0004,DC0002,6,14348,88,10,15,68,1780
129280.88087120997,1.327,Web0006,DC0002,6,51731,389,5,4,356,348
129285.60641390739,4.991,Comp0028,DC0002,6,6020,445,28,127,1922,3898
129288.8731127202,0.322,Comp0063,Web0003,6,10213,80,4,27,95,17505
129295.50550860883,9.943,Comp0034,Web0005,6,29042,80,4,50,70,23353
129301.32718654102,8.191,Comp0003,Web0003,6,48303,443,10,75,214,13366
129305.3285481774,11.074,Comp0057,FS0003,6,59338,445,22,34,901,17692
129306.31060225947,1.678,Comp0033,Web0003,6,32586,443,5,105,905,3654
129310.23568947538,3.055,Comp0052,Mail0001,6,3925,993,6,3,135,279
129310.68652520982,0.139,Comp0004,DNS0002,17,59606,53,2,3,102,122
129317.70293646981,4.832,Comp0007,Proxy0001,6,51822,3128,4,47,2627,1019
129324.11368086259,0.013,Comp0008,DNS0001,17,18039,53,3,2,63,220
129324.46213957263,7.938,Comp0041,DC0001,6,14922,88,9,6,554,437
129331.28027202596,0.034,Comp0033,DNS0001,17,51373,53,2,2,112,115
129333.5402981601,2.721,Comp0055,DC0002,6,9033,445,15,283,7802,5604
129333.92412267078,0.087,Comp0029,Proxy0001,6,34872,3128,10,31,953,3745
129334.28668986647,4.167,Comp0055,DC0002,6,26603,88,4,19,1317,318
129345.48763875445,0.166,Comp0018,DNS0002,17,35571,53,2,2,66,206
129345.79277913272,0.159,Comp0045,DNS0002,17,11108,53,2,3,70,353
129349.41032677988,0.508,Comp0073,Proxy0001,6,35929,3128,8,80,543,5684
129350.73618173899,3.223,Comp0044,Proxy0002,6,13644,3128,8,24,225,5631
129351.38764556966,2.414,Comp0077,Web0001,6,12115,80,10,27,1696,1015
129352.50751865127,0.035,Comp0069,DNS0002,17,1537,53,4,3,45,212
129352.64935093382,5.877,Comp0022,DC0002,6,12767,88,6,9,2306,248
129358.28692976206,1.458,Comp0034,Mail0002,6,45819,587,5,4,204,1619
129364.72591042356,0.095,Comp0054,DNS0001,17,45469,53,2,2,80,214
129367.83196446864,0.893,Comp0002,DNS0002,17,58967,53,3,5,93,173
129368.70759846926,4.364,Comp0067,DC0002,6,46297,445,17,131,501,85795
129372.81625889402,0.951,Comp0061,Proxy0001,6,53402,3128,6,230,1233,983
129392.48086628757,19.764,Comp0065,Proxy0002,6,19978,3128,11,31,1218,8567
129394.94644335832,1.131,Comp0030,DC0001,6,64280,389,3,12,795,1658
129395.19769730764,3.724,Comp0057,Mail0002,6,29529,993,2,10,184,1595
129396.04389537602,0.054,Comp0018,Web0001,6,12023,443,4,82,545,5670
129403.340484988,16.735,Comp0002,Web0002,6,24211,443,8,28,1015,6659
129406.6154116198,2.432,Comp0036,FS0003,6,34703,445,78,444,1301,6876
129408.40102544171,1.729,Comp0024,Web0003,6,62873,80,9,26,717,3299
129408.8165496808,33.375,Comp0058,FS0001,6,40049,445,7,30,12472,9225
129415.38419616024,8.175,Comp0032,Proxy0002,6,61370,3128,5,106,424,137356
129423.38376102675,2.726,Comp0014,Web0004,6,36835,80,6,26,461,5506
129424.18584272274,0.124,Comp0015,DNS0001,17,28643,53,3,2,80,158
129424.56367282594,0.151,Comp0072,DNS0002,17,55871,53,2,2,35,184
129433.71810411467,7.907,Comp0077,Web0003,6,38184,443,5,7,379,8068
129434.76254311757,0.005,Comp0007,DNS0002,17,21121,53,2,4,81,108
129436.44042119285,0.825,Comp0033,Web0005,6,33601,80,21,35,967,9433
129436.86226344635,4.481,Comp0059,Web0004,6,14481,443,9,23,592,1460
129437.74996835254,0.334,Comp0062,DNS0002,17,42536,53,2,2,103,173
129441.93209342341,1.112,Comp0073,DC0001,6,18815,445,10,46,1211,4078
129445.78418105759,8.02,Comp0038,DC0002,6,29277,445,33,68,1020,29730
129446.58388178462,8.02,Comp0079,Web0003,6,23684,443,10,25,91,2075
129450.33790087709,2.107,Comp0057,Proxy0001,6,54182,3128,10,41,14007,4136
129456.27192641661,0.203,Comp0039,DNS0002,17,10446,53,2,3,76,244
129460.28001615815,0.853,Comp0060,Mail0002,6,43321,587,7,3,3658,1205
129460.79664498594,1.49,Comp0029,Web0005,6,48983,443,15,36,1599,6716
129467.87914017355,2.902,Comp0008,Web0003,6,15664,443,9,32,128,11273
129477.24073532372,6.843,Comp0045,Proxy0001,6,36582,3128,3,22,385,5460
129479.77536445929,12.744,Comp0077,FS0003,6,33298,445,19,247,3688,15628
129481.94553838743,0.605,Comp0030,Proxy0002,6,29780,3128,5,13,719,17140
129483.66267685752,2.094,Comp0033,Web0002,6,26603,443,10,147,1261,1623
129486.98541145824,7.752,Comp0043,FS0003,6,13929,445,28,132,502,47671
129487.99401243498,5.896,Comp0053,DC0002,6,13880,88,22,5,327,617
129489.4907713987,0.155,Comp0061,DNS0002,17,10555,53,2,2,52,105
129495.33814351133,12.849,Comp0043,Proxy0002,6,56303,3128,10,112,784,1016
129513.02159116458,19.029,Comp0016,FS0003,6,20140,445,16,325,8825,8355
129522.88123033209,8.184,Comp0028,Proxy0001,6,25546,3128,4,49,247,36841
129523.99968428693,13.059,Comp0038,DC0002,6,43206,88,6,10,680,843
129528.24345827324,0.792,Comp0072,Web0003,6,58577,80,7,95,1538,3329
129528.4174591191,1.108,Comp0030,DC0001,6,56729,88,27,5,670,1802
129532.85626704327,3.343,Comp0071,Web0004,6,38416,443,5,40,410,8303
129534.84340596854,6.71,Comp0079,FS0002,6,64544,445,41,20,1037,20275
129536.95922575177,0.566,Comp0031,Web0001,6,19653,443,12,53,412,6122
129545.0494256753,2.192,Comp0071,DC0002,6,32532,389,8,10,247,526
129551.90742042295,5.891,Comp0023,Proxy0002,6,51649,3128,10,21,3335,49121
129553.29481630505,0.015,Comp0054,DNS0001,17,24483,53,2,3,110,55
129555.63315075719,12.98,Comp0020,Web0004,6,60214,443,4,12,258,7813
129555.88478587204,5.57,Comp0038,Web0004,6,34968,80,6,11,654,9938
129561.32461870211,11.423,Comp0060,Web0005,6,61747,443,10,38,2588,20142
129562.26574431735,0.012,Comp0075,DC0001,6,49129,389,17,4,324,181
129566.98244751265,0.382,Comp0074,DNS0002,17,30982,53,2,3,41,303
129576.6818144702,0.988,Comp0019,Proxy0002,6,7849,3128,8,77,1169,4113
129576.79474670705,3.514,Comp0054,Web0004,6,4246,443,9,4,1223,28039
129576.95376798592,2.569,Comp0036,Proxy0002,6,27762,3128,10,39,312,2529
129577.6059452084,7.052,Comp0049,DC0002,6,47312,445,68,538,1501,5365
129577.91688130263,1.596,Comp0021,Web0005,6,4687,443,11,9,621,7250
129579.85574624052,13.596,Comp0029,Proxy0001,6,47942,3128,3,116,236,7241
129583.48961035495,1.857,Comp0017,Web0003,6,4504,80,9,53,2755,737
129585.24860064854,6.168,Comp0016,Web0003,6,50680,443,13,122,3115,49972
129589.54069451358,4.799,Comp0078,Web0005,6,32561,443,25,11,438,45513
129590.99727936546,1.844,Comp0047,FS0002,6,50575,445,17,102,533,8732
129592.80499047347,3.654,Comp0066,Proxy0002,6,22566,3128,6,38,412,2598
129594.39877295506,0.636,Proxy0001,Ext0013,6,61622,443,15,68,231,2729
129597.24617189796,2.835,Comp0058,Web0001,6,34115,443,11,16,509,93126
129604.52810866086,0.162,Comp0054,DNS0002,17,55786,53,2,4,99,155
129616.8709118735,16.949,Comp0014,Web0001,6,45596,443,6,26,378,4221
129619.58876029628,5.426,Comp0079,Web0005,6,12568,443,11,30,576,6505
129632.17211164626,0.096,Comp0037,DNS0002,17,9266,53,2,3,67,121
129634.84887756659,5.553,Comp0061,Proxy0001,6,58974,3128,5,39,1869,4528
129635.30597189242,0.056,Comp0031,DNS0002,17,62247,53,2,2,86,197
129638.66227955942,1.284,Comp0047,Web0006,6,38337,443,5,25,354,2399
129639.48683430068,26.874,Comp0052,FS0002,6,16691,445,50,36,250,29332
129646.89259857032,0.41,Comp0003,DNS0001,17,33802,53,3,2,78,76
129652.14289194113,10.794,Comp0056,Web0003,6,36906,443,6,11,519,1103
129654.40601090874,0.796,Comp0049,Proxy0002,6,42288,3128,7,31,437,11123
129654.8313074673,8.36,Comp0070,Proxy0002,6,1910,3128,8,84,243,27797
129661.84906212447,3.743,Comp0065,DC0002,6,39847,389,5,3,362,437
129663.25407386388,5.298,Comp0009,Web0004,6,32339,443,4,13,446,14943
129663.69457523698,0.817,Comp0004,Web0004,6,58683,443,6,27,306,16188
129665.7757697317,0.494,Comp0006,Web0001,6,16499,443,17,40,4339,15015
129668.62212007743,7.47,Comp0079,Web0003,6,38171,80,12,19,344,10979
129668.74966462419,19.997,Comp0020,FS0001,6,1660,445,12,64,1078,3363
129688.7645777746,1.794,Comp0070,Web0001,6,53157,443,6,127,909,4445
129693.0835326856,6.696,Comp0024,FS0001,6,6552,445,12,47,1103,10417
129701.43303666679,0.292,Comp0007,DNS0001,17,62787,53,3,2,56,153
129701.90029763232,0.559,Comp0021,DNS0002,17,42275,53,3,2,52,161
129702.84019501126,2.434,Comp0067,Web0006,6,14856,80,5,47,84,6812
129707.73102611527,6.737,Comp0051,DC0001,6,39301,389,5,5,958,258
129723.98992470853,6.974,Comp0080,Web0002,6,31950,443,9,29,1582,4876
129727.34078250242,0.45,Comp0005,DNS0001,17,58226,53,2,2,51,323
129728.30876752594,1.669,Comp0055,Web0006,6,17856,443,4,231,857,27933
129730.82704559395,5.529,Comp0005,Web0001,6,8948,80,7,29,523,12655
129737.22144746367,0.053,Comp0043,DNS0002,17,22923,53,2,2,86,123
129741.43608457144,1.673,Comp0057,Web0005,6,62996,443,4,45,2166,5309
129741.54839828704,15.721,Comp0007,FS0003,6,31974,445,18,70,863,18360
129744.28344850105,0.031,Comp0029,DNS0001,17,24301,53,2,3,87,112
129746.08383569206,5.548,Comp0051,Web0001,6,24327,80,18,14,2524,2981
129775.76237610413,1.282,Comp0034,DC0002,6,40245,389,3,3,373,413
129781.65781649904,0.068,Comp0009,DNS0001,17,20141,53,2,2,54,164
129789.21176939012,11.932,Comp0071,Proxy0002,6,45140,3128,5,70,5176,2055
129789.77884703036,12.75,Comp0003,FS0001,6,54428,445,29,68,1729,2511
129791.77003092515,23.854,Comp0048,FS0001,6,32290,445,14,166,412,92177
129795.6019981605,0.053,Comp0038,Web0002,6,5016,443,8,9,611,3213
129796.29879147712,0.177,Comp0029,Web0002,6,19743,443,9,10,153,7865
129800.724827901,1.518,Comp0043,DC0002,6,16240,389,9,8,1789,173
129805.19691802489,0.158,DB0003,DNS0001,17,11557,53,3,3,40,66
129807.9099455832,0.343,Comp0066,DC0002,6,9670,88,3,10,662,173
129812.9521169251,1.309,Comp0036,Web0002,6,34732,443,10,56,53,6815
129816.12284945889,0.072,Comp0065,DNS0001,17,20123,53,3,2,40,189
129817.53966352792,2.458,Comp0005,Web0005,6,34413,80,26,234,2321,9757
129819.39129333198,0.143,Comp0059,DC0001,6,4652,88,4,10,784,304
129819.61774844694,0.026,Comp0052,DNS0002,17,44117,53,3,2,47,169
129822.45418108413,14.271,Comp0070,Web0002,6,14372,443,6,63,440,6695
129826.4915491261,0.089,Comp0065,DNS0002,17,13295,53,2,2,45,221
129829.52632705531,0.73,Comp0005,DC0001,6,12535,389,5,5,725,714
129832.7285506592,16.115,Comp0035,FS0001,6,49669,445,31,396,362,17680
129844.57589961193,2.313,Comp0004,Web0006,6,42601,443,5,39,1225,4544
129845.88585048309,0.401,Comp0047,Proxy0002,6,48843,3128,16,69,1581,3192
129852.86368169251,0.569,Comp0027,DC0001,6,22626,389,17,8,420,1039
129854.03670567204,7.427,Comp0075,FS0003,6,41508,445,16,38,1419,16235
129856.49084697178,10.612,Comp0060,Web0004,6,36617,443,16,145,938,12892
129864.05112368953,0.012,Comp0075,DNS0001,17,40371,53,2,2,116,176
129864.74544910871,4.469,Comp0058,Proxy0001,6,19497,3128,18,30,897,2436
129864.92230729286,8.475,Comp0052,Proxy0002,6,54957,3128,6,64,622,9004
129867.08750420425,0.142,Comp0023,FS0002,6,24238,445,16,27,3466,3740
129871.12101430024,2.703,Comp0045,Proxy0001,6,50316,3128,29,50,1206,3118
129878.22233607077,0.037,Comp0063,DNS0001,17,35602,53,2,2,63,173
129878.74709712647,3.829,Comp0067,Web0004,6,34789,443,10,28,66,32992
129882.71811068969,0.204,Comp0011,DNS0002,17,45942,53,3,3,56,96
129884.32577178019,1.448,Comp0078,Web0004,6,8049,443,10,74,409,21797
129885.16965838044,1.232,Comp0008,Web0004,6,14051,443,19,51,493,7925
129888.63284725706,0.196,Comp0025,DNS0001,17,30840,53,2,2,73,177
129892.3676051528,0.116,Comp0065,DNS0001,17,6501,53,3,2,74,161
129894.42630665567,0.238,Comp0035,DNS0001,17,15750,53,2,4,63,101
129895.28479826738,0.131,Comp0048,Mail0001,6,28537,993,11,12,945,456
129896.7548600061,0.052,Comp0043,DNS0002,17,15186,53,2,2,88,81
129902.27396732965,1.809,Comp0022,Proxy0001,6,50714,3128,7,97,298,11368
129910.77973453833,0.88,Comp0031,Web0005,6,7928,443,4,8,433,22434
129911.5052788259,0.135,Comp0065,DC0001,6,7539,389,5,6,1592,174
129914.0927227939,2.639,Proxy0002,Ext0006,6,18636,443,25,21,1170,9675
129918.74426393156,1.096,Comp0073,Web0004,6,26281,443,4,45,220,816
129920.44693970427,1.104,Comp0048,DC0001,6,44493,88,4,7,456,241
129925.94929074941,4.167,Proxy0001,Ext0005,6,59709,80,21,18,1065,8892
129928.58953388038,4.457,Proxy0001,Ext0038,6,10833,80,16,193,198,22852
129930.7255675802,0.043,Comp0078,DNS0002,17,31292,53,2,2,69,106
129934.99089096853,0.614,Comp0013,Proxy0001,6,44845,3128,2,37,458,4709
129935.56681670058,0.138,Comp0004,DNS0001,17,27498,53,2,2,37,151
129948.72265527974,0.04,Comp0049,DNS0002,17,27307,53,3,2,91,167
129950.23151185905,9.633,Comp0002,FS0003,6,48387,445,40,13,1715,14748
129952.25293262691,7.589,Comp0038,Web0003,6,53375,443,8,164,1400,7208
129952.4172637786,4.067,Comp0007,DC0001,6,15736,389,3,4,330,3196
129962.28698608144,5.901,Comp0004,FS0001,6,3433,445,34,422,1442,11766
129962.3412487382,18.279,Comp0004,FS0002,6,17901,445,16,59,659,111021
129965.08180293073,0.396,Comp0026,DNS0001,17,62933,53,2,3,78,238
129966.39740500074,3.18,Comp0009,Mail0001,6,21613,993,11,19,274,451
129969.69125583334,4.126,Comp0026,Proxy0002,6,37006,3128,20,80,428,12539
129970.03802679121,13.868,Comp0005,Proxy0002,6,42371,3128,4,53,683,8902
129973.5818232194,0.045,Comp0027,DNS0002,17,43919,53,2,3,49,193
129975.1746570053,0.338,Comp0038,DNS0002,17,51124,53,3,2,108,225
129978.80098826508,13.848,Comp0063,DC0002,6,42104,445,6,156,1293,6558
129985.88762702417,0.794,Comp0043,DC0001,6,47554,88,7,3,1640,268
129987.00307395961,11.507,Comp0012,Web0006,6,5500,443,25,29,590,3552
129994.33830280986,1.144,Comp0066,Web0001,6,61695,80,6,96,620,11989
129994.59236374087,16.08,Comp0073,FS0003,6,38892,445,8,578,4113,2960
129996.85274380136,1.526,Comp0070,DC0001,6,3286,389,7,3,5582,573
130000.83057638817,3.594,Comp0041,FS0001,6,43569,445,6,517,424,3578
130001.25931515693,23.741,Comp0077,FS0002,6,64173,445,14,141,479,35638
130006.65572826417,3.617,Comp0072,FS0003,6,35837,445,13,195,200,3310
130010.27709524166,6.734,Comp0006,Proxy0002,6,47752,3128,10,69,1295,1530
130011.3043635833,7.923,Mail0001,Ext0037,6,55947,25,6,9,180,484
130014.67741939251,11.464,Comp0072,Proxy0002,6,28103,3128,8,26,402,712
130017.55821749665,0.304,Comp0027,DNS0002,17,3057,53,2,3,67,541
130022.12024615308,3.154,Comp0075,Web0001,6,52723,80,5,10,667,6467
130023.84360976201,0.274,Comp0009,DNS0001,17,2267,53,2,3,46,412
130025.44706084847,0.22,Comp0066,DNS0002,17,38199,53,3,2,121,162
130029.37048359422,27.521,Comp0040,Web0005,6,6237,443,9,41,934,27647
130029.79382297129,0.945,Comp0026,DC0002,6,20021,389,4,5,398,1256
130039.40052779263,8.902,Comp0080,Web0006,6,35086,443,5,8,229,2076
130044.83236019587,0.418,Comp0076,DNS0001,17,36083,53,2,2,43,215
130049.19175000375,4.427,Comp0038,DC0001,6,46375,445,14,466,920,8931
130057.86476858161,0.007,Comp0008,DNS0001,17,63376,53,2,2,147,137
130069.65936808824,15.515,Comp0064,Web0002,6,46109,443,4,11,1032,34849
130078.37291670142,7.127,Comp0074,Web0003,6,18849,443,11,43,522,17536
130081.95583083697,3.227,Comp0067,Proxy0002,6,7821,3128,21,10,248,2765
130086.39535561735,0.613,Comp0013,Web0004,6,10320,443,10,17,1410,3018
130087.20823528466,0.018,Comp0058,DNS0001,17,25384,53,3,3,52,62
130087.37068631678,0.016,Comp0054,DNS0001,17,43797,53,2,3,73,100
130088.36218523124,0.593,Comp0006,DC0002,6,4639,88,5,13,297,563
130093.26684601542,1.089,Comp0060,Web0005,6,8812,443,5,52,766,263
130093.98649886729,10.158,Comp0080,Web0005,6,63850,443,10,62,882,4069
130098.83957672928,7.935,Web0004,DB0002,6,63348,3306,11,119,941,105107
130099.74267488733,3.319,Comp0076,Web0001,6,39034,443,15,38,441,20414
130106.35518763015,0.681,Comp0009,DNS0002,17,2105,53,2,3,74,100
130106.47070474416,3.988,Comp0028,DC0001,6,14341,389,2,6,319,1062
130108.21137630587,7.497,Comp0063,Proxy0002,6,9567,3128,31,32,433,2998
130116.70064122337,5.044,Comp0073,Web0002,6,22308,443,4,83,2621,13727
130123.56940465304,5.709,Comp0069,Mail0002,6,7504,993,4,9,887,550
130125.99827151072,0.17,Comp0006,DNS0001,17,60692,53,3,2,58,250
130134.11842740313,1.248,Comp0045,Web0004,6,63728,443,4,23,546,14436
130140.75790136908,19.69,Comp0022,FS0002,6,64522,445,60,67,327,7308
130140.90520970724,9.259,Comp0059,FS0003,6,15728,445,12,37,2696,17018
130148.74660029064,0.011,DB0002,DNS0002,17,22286,53,2,2,53,210
130149.2801116902,4.804,Comp0066,Web0004,6,25135,80,9,25,1232,2932
130151.98811419634,0.221,Comp0038,DNS0002,17,31622,53,3,2,56,224
130153.30460468732,0.273,Comp0004,DNS0002,17,46996,53,2,2,47,109
130153.42480222858,3.558,Comp0027,FS0001,6,24995,445,62,62,2580,14999
130154.92676173046,2.915,Comp0023,DC0002,6,42921,88,15,6,608,53
130162.26691985548,18.798,Comp0052,Web0006,6,54047,443,9,19,522,4928
130164.65008862375,0.21,Comp0040,DC0002,6,10585,389,8,10,577,359
130171.96852855297,0.138,Comp0003,DNS0001,17,21716,53,2,2,55,115
130179.19498717695,0.176,Comp0034,Mail0002,6,48342,587,5,4,358,125
130179.61256562758,0.472,Comp0024,DNS0002,17,29573,53,2,2,113,265
130181.05431448252,0.051,Comp0052,Web0001,6,8588,443,9,15,418,4252
130184.48641708303,1.69,Comp0008,DC0002,6,50153,88,6,35,139,63
130185.74122457663,0.272,Comp0041,Web0001,6,24383,443,18,38,1202,1889
130186.48277938439,27.988,Comp0049,DC0001,6,24691,445,40,58,5448,11398
130187.95343795844,0.081,Comp0016,DNS0002,17,25184,53,2,3,63,69
130193.42095746694,4.897,Comp0065,Mail0001,6,13894,587,4,3,261,147
130195.92405087492,6.757,Comp0040,Web0005,6,37244,80,21,81,224,4618
130196.1545731279,0.699,Comp0018,Web0001,6,50068,80,14,18,312,1941
130202.6546592736,0.962,Comp0052,DC0002,6,27246,389,4,3,387,1926
130203.7619081121,5.687,Comp0009,FS0002,6,29832,445,24,13,793,27030
130206.68826087433,0.223,Comp0009,DNS0002,17,51501,53,3,2,81,207
130209.34223965535,0.183,Comp0063,DNS0002,17,46534,53,2,3,30,282
130210.03666888899,3.032,Comp0026,Web0004,6,41785,443,6,32,399,15535
130212.53373247516,7.054,Comp0072,Web0005,6,16300,443,2,35,494,25124
130213.16996112908,0.093,Comp0033,DNS0002,17,15488,53,3,4,85,111
130217.09981317323,0.231,Comp0075,DC0001,6,37159,389,4,13,617,1241
130217.18453396409,0.857,Comp0063,FS0002,6,60248,445,5,86,1166,2200
130219.35863659147,0.001,Proxy0002,Ext0014,6,46846,80,5,92,4318,1106
130220.73922882993,1.146,Comp0010,DC0002,6,37059,389,5,12,740,392
130222.46170393264,1.635,Comp0024,DC0002,6,2020,88,3,7,455,1869
130227.87691225964,4.389,Comp0046,Web0001,6,32981,443,23,37,669,18774
130229.12834089383,7.535,Comp0039,Web0001,6,14840,80,5,104,6308,19562
130231.65408570564,0.754,Comp0013,Web0004,6,63778,443,7,23,873,3147
130238.86779151921,0.004,Comp0065,DNS0001,17,48855,53,2,3,133,62
130240.30791459486,4.15,Comp0066,Web0005,6,53864,80,5,32,281,5157
130250.74468801728,6.699,Comp0079,DC0002,6,18208,88,5,12,307,837
130252.0272218028,8.431,Comp0002,FS0002,6,63002,445,16,50,5347,15412
130263.57640506423,0.243,Comp0077,DNS0001,17,39347,53,3,3,75,144
130266.66338188069,5.694,Comp0006,DC0002,6,49668,389,8,9,261,122
130266.7703331316,1.686,Comp0060,Proxy0002,6,32633,3128,8,62,355,2257
130272.81041433514,0.451,Comp0058,DNS0001,17,57059,53,3,3,83,183
130275.57535540534,5.38,Comp0026,Web0004,6,49040,443,6,26,307,4475
130277.12698263812,3.045,Comp0026,FS0002,6,9040,445,10,12,492,28146
130280.07792561174,19.194,Comp0079,FS0003,6,47612,445,13,117,1876,321477
130281.5472894283,3.382,Comp0008,Web0006,6,46526,443,5,54,319,6091
130282.73540486117,8.955,Comp0059,Web0004,6,5834,443,7,73,1089,4971
130282.86946246271,0.436,Comp0035,DC0002,6,19929,88,4,10,1215,470
130283.25868982513,0.023,DB0003,DNS0001,17,45206,53,3,3,87,108
130283.39492470346,3.971,Comp0034,Proxy0001,6,52497,3128,6,38,478,4215
130284.07678239305,0.595,Comp0058,DC0002,6,33976,389,5,8,518,1875
130285.75977814548,2.689,Comp0023,Web0002,6,41970,443,6,23,2056,7961
130287.14760257283,8.335,Comp0030,Web0004,6,19722,443,22,19,1667,12377
130290.22190518194,0.358,Comp0050,DNS0001,17,45708,53,2,2,114,101
130297.19608861193,0.131,Mail0001,DNS0002,17,18024,53,2,2,48,129
130297.55511258106,6.802,Comp0025,Proxy0002,6,49059,3128,21,37,394,5365
130300.37684542296,1.512,Comp0038,FS0001,6,32372,445,54,79,5819,2576
130302.78139099374,7.959,Comp0009,Web0001,6,18845,443,4,19,376,2107
130302.86031809698,19.388,Comp0038,FS0003,6,36338,445,4,115,3893,10675
130303.01230900634,1.016,Comp0009,Web0004,6,26187,443,15,103,1031,33581
130304.04805026556,10.094,Comp0012,FS0002,6,53433,445,47,225,5827,3627
130306.58252824345,0.227,Comp0060,DNS0001,17,33738,53,2,2,51,164
130306.74950335326,0.272,Comp0069,Web0002,6,7249,443,11,44,374,1226
130313.92450775007,1.454,Comp0063,Mail0001,6,10620,587,4,17,159,877
130318.74486012894,4.477,Comp0001,Proxy0001,6,65376,3128,7,327,1343,14017
130326.74986216944,14.752,Proxy0002,Ext0037,6,18578,443,20,40,709,6405
130329.26535397217,9.723,Comp0043,Proxy0002,6,36654,3128,29,49,644,5913
130332.94700249657,1.998,Comp0045,Web0002,6,59434,80,3,58,768,4730
130333.31914537214,0.105,Comp0076,DNS0002,17,27112,53,3,2,58,146
130343.69711740362,0.328,Comp0006,Mail0001,6,26521,993,8,5,461,1533
130347.8599944566,0.393,Comp0027,DNS0001,17,54081,53,2,2,54,73
130354.41039733513,9.875,Comp0022,Web0006,6,51709,443,4,51,585,805
130355.98916012779,0.302,Comp0017,DC0001,6,64350,389,4,11,286,861
130357.8554925656,0.035,Comp0064,FS0003,6,25665,445,22,67,288,3636
130362.57977966746,0.007,Proxy0001,DNS0001,17,6967,53,3,2,44,379
130369.45666884635,0.089,Comp0034,DNS0002,17,35647,53,2,2,46,122
130369.62742315808,3.951,Comp0030,DC0001,6,26452,389,6,3,36,477
130372.86398236206,0.273,Comp0072,DNS0001,17,31175,53,2,2,79,139
130381.8454128362,0.528,Comp0023,DC0001,6,3267,389,3,5,1057,2728
130387.77506106411,0.246,Comp0070,DNS0001,17,2080,53,2,2,71,136
130387.85297011699,2.024,Web0001,DB0004,6,21328,5432,11,31,1125,33578
130388.99835762286,5.565,Comp0028,FS0001,6,22280,445,20,33,827,15076
130393.68386767284,0.183,Comp0062,DNS0002,17,54511,53,2,2,46,264
130395.71978703333,8.934,Comp0037,FS0002,6,60524,445,17,351,624,5088
130396.62581432259,0.368,Comp0068,Web0001,6,46592,443,8,17,826,6613
130400.49431080977,1.558,Comp0070,DC0001,6,59022,88,12,14,386,407
130401.88006842579,0.622,Comp0003,Web0004,6,61217,80,8,96,636,11617
130402.56718831384,0.081,Comp0075,DNS0002,17,49404,53,2,2,49,259
130403.71982090871,0.005,Comp0010,DNS0002,17,48296,53,2,2,81,61
130410.15712979587,4.638,Comp0074,Proxy0001,6,24595,3128,4,31,670,14677
130418.74052123385,0.167,Comp0076,DNS0001,17,27390,53,2,3,59,145
130420.17851389834,0.045,Comp0054,DNS0001,17,61465,53,3,2,74,64
130420.66152831448,0.294,Comp0007,Proxy0002,6,28289,3128,4,13,738,2716
130425.47108512215,4.813,Comp0064,Web0001,6,60999,443,2,163,224,71691
130436.22527732931,0.145,Comp0031,DNS0002,17,27767,53,3,2,77,191
130439.58186905843,0.168,Comp0031,DNS0001,17,41644,53,3,3,37,171
130439.82263253996,1.792,Comp0016,Web0003,6,8472,443,5,76,683,1503
130441.87051280396,24.603,Comp0009,FS0001,6,47705,445,6,44,2783,34551
130447.36673487411,4.887,Comp0032,Web0001,6,43538,443,12,118,2558,14158
130447.65404630348,3.415,Proxy0001,Ext0037,6,59003,443,9,17,111,3974
130454.13417853427,0.102,Comp0002,DNS0001,17,31217,53,2,3,47,94
130457.58303139964,1.905,Comp0051,Web0005,6,4935,443,19,92,1865,3735
130459.5921376613,4.122,Comp0037,Mail0002,6,4324,993,3,4,325,1849
130459.75299384497,1.926,DB0002,DC0002,6,30959,389,4,4,763,176
130463.33571258163,19.046,Comp0066,Proxy0001,6,44915,3128,4,37,254,4672
130467.1492500511,2.126,Comp0039,Web0006,6,36852,443,3,15,526,4213
130470.6678752114,0.19,DB0002,DNS0001,17,17559,53,3,3,61,65
130478.15963461711,8.57,Comp0032,FS0002,6,37688,445,23,54,694,3120
130479.49790960635,0.26,Comp0022,DC0001,6,47504,88,3,4,342,391
130489.43507387373,0.206,Comp0030,DNS0002,17,31351,53,3,2,64,84
130491.62205280631,2.974,Comp0050,DC0002,6,6479,445,18,87,3521,5371
130491.69210501046,6.279,Proxy0002,Ext0038,6,21632,443,15,23,94,3431
130493.29102172604,0.384,Comp0051,DNS0001,17,16616,53,2,2,27,235
130497.64276908625,3.926,Comp0055,DC0001,6,35901,88,22,7,194,646
130498.23875504613,2.596,Comp0026,Mail0001,6,60512,993,4,12,407,233
130498.82423420656,0.957,Comp0034,Web0002,6,19653,443,6,66,397,2191
130499.10362846384,2.646,Comp0052,DC0002,6,41305,88,9,5,225,2830
130509.76801259149,1.263,Comp0017,DC0001,6,43721,389,6,10,1080,646
130510.85501196887,15.718,Comp0003,Web0001,6,47649,443,14,18,1098,1740
130513.0788921954,0.28,Comp0015,DNS0002,17,16826,53,3,4,107,149
130514.2690407981,11.267,Comp0066,Web0001,6,35071,443,6,26,358,24948
130515.5675813919,2.579,Comp0053,Mail0002,6,34613,993,6,4,771,340
130516.93348183487,0.063,Comp0035,DNS0002,17,40718,53,2,3,68,166
130528.61398206795,32.305,Comp0080,DC0001,6,15282,445,18,1514,2193,4210
130531.13321591253,0.237,Comp0012,DNS0001,17,20772,53,2,3,36,129
130531.2592761743,0.286,Comp0053,DNS0001,17,24676,53,3,2,87,171
130532.53026948831,4.328,Comp0029,Proxy0001,6,2825,3128,14,21,936,7676
130538.90043685131,11.337,Comp0017,Web0006,6,15463,443,15,19,176,20949
130544.79089214915,0.193,Comp0002,FS0002,6,55219,445,33,55,1014,80436
130547.4246770796,0.699,Comp0007,DNS0002,17,7536,53,2,3,73,383
130550.40598389093,0.004,Comp0029,DNS0002,17,59205,53,3,3,84,273
130556.27120458432,8.544,Comp0072,Web0006,6,55886,443,21,51,542,20817
130558.09414883694,3.372,Comp0019,Web0001,6,1024,443,16,37,794,11686
130559.90006470721,1.449,Comp0025,Web0006,6,32330,443,19,17,662,5468
130560.98898265799,1.745,Comp0051,Web0006,6,32502,80,9,43,6614,29396
130562.70030891191,3.474,Comp0071,DC0001,6,30073,88,7,6,191,215
130569.5748522854,0.04,Comp0004,DNS0001,17,58204,53,2,2,83,153
130572.78823207515,4.027,Comp0075,Web0001,6,2836,443,10,13,159,3833
130583.55247669827,23.119,Comp0049,Proxy0002,6,8337,3128,15,34,249,5781
130584.95135664303,2.108,Comp0078,DC0001,6,21990,445,93,166,1022,12000
130589.31091328798,0.193,Comp0047,DNS0001,17,6050,53,3,2,82,210
130589.97451092378,6.828,Comp0021,Proxy0001,6,39269,3128,12,61,1192,6838
130595.11298791616,5.792,Comp0029,FS0003,6,57776,445,32,494,6425,11418
130597.56536510978,3.075,Comp0046,DC0001,6,34400,88,3,9,846,1150
130598.38448971532,4.201,Comp0026,Mail0001,6,46885,587,12,5,97,856
130606.82267217463,0.893,Comp0022,Web0002,6,33842,443,6,11,545,48093
130610.75814390996,0.202,Comp0047,DNS0002,17,37593,53,2,3,34,129
130611.29047653431,57.536,Comp0052,FS0001,6,35026,445,24,43,2739,536
130612.38751568274,0.177,Comp0076,DNS0001,17,36304,53,3,2,196,299
130613.20071343971,8.061,Comp0039,FS0001,6,36169,445,20,282,716,1394
130624.07180597069,0.084,Comp0020,DNS0002,17,32642,53,2,2,72,212
130624.25475417651,1.486,Comp0039,Proxy0001,6,43858,3128,7,64,280,1390
130627.64984359228,1.738,Comp0064,Proxy0001,6,45787,3128,9,158,978,34679
130629.3604295779,1.815,Comp0029,Web0001,6,58506,443,17,40,243,15704
130631.98536370297,15.491,Comp0058,Web0002,6,64883,443,9,97,462,39425
130634.72453867976,2.1,Comp0045,DC0001,6,15417,445,23,125,2591,9461
130634.91598932625,5.268,Comp0009,Proxy0001,6,7404,3128,8,8,855,2982
130638.65061405893,1.575,Comp0053,FS0002,6,41203,445,18,243,271,58374
130639.44546758529,3.126,Comp0014,DC0002,6,17563,445,13,423,1155,9659
130641.67396604593,2.134,Comp0016,Web0001,6,45843,80,10,30,1706,4456
130641.9417722786,0.114,Comp0030,DNS0001,17,28950,53,2,3,61,162
130642.34233037032,0.007,Comp0033,DNS0002,17,34923,53,2,3,80,133
130647.85503161728,0.026,Comp0054,DNS0002,17,14648,53,3,3,82,84
130652.23671158547,0.034,Comp0056,DNS0002,17,47724,53,3,3,127,69
130655.62659197007,0.3,Comp0063,DNS0002,17,55683,53,2,2,42,49
130656.2852463054,0.242,Comp0013,DNS0001,17,11522,53,3,2,109,156
130656.32954891588,15.958,Comp0054,Web0001,6,57104,443,15,42,1203,4994
130657.03004731574,0.059,Comp0017,DNS0002,17,32392,53,2,2,57,300
130658.59181137351,0.094,Comp0070,DNS0002,17,21540,53,3,3,38,230
130670.53589575776,14.849,Comp0037,Proxy0001,6,48060,3128,19,31,854,31341
130671.84757297869,10.018,Comp0032,Web0001,6,18462,443,6,104,1285,7730
130674.26128127199,26.885,Comp0058,FS0002,6,57780,445,17,343,395,32301
130676.76593424563,0.875,Comp0004,Proxy0002,6,23769,3128,21,59,556,14786
130677.67321069624,0.491,Comp0001,DNS0002,17,24882,53,2,3,66,331
130690.50297834256,1.564,Comp0035,DC0002,6,55619,88,2,9,299,1342
130696.23831670149,6.046,Comp0066,Web0006,6,51762,443,3,33,383,29804
130697.76815067886,2.386,Comp0027,Web0003,6,32725,443,5,111,1233,53957
130699.97311822572,6.248,Comp0014,Web0004,6,42928,443,7,19,586,11259
130703.03941820102,4.037,Comp0002,Proxy0002,6,12161,3128,18,111,2599,4390
130704.44841388054,0.304,Comp0025,DNS0001,17,24880,53,2,2,51,56
130705.71531975338,11.472,Comp0037,Mail0002,6,61778,993,11,8,418,760
130706.73402806363,0.698,Comp0042,Mail0002,6,55573,993,2,28,908,1218
130710.02937236114,10.489,Comp0022,Mail0002,6,2069,993,7,23,461,188
130711.61457126375,0.016,Comp0076,DNS0002,17,41569,53,2,4,67,121
130712.12360616098,2.619,Comp0074,Web0002,6,54581,80,3,29,5451,3298
130712.34362692438,4.125,Comp0044,Proxy0002,6,57156,3128,40,24,313,11233
130714.73328559622,5.532,Comp0008,Web0003,6,61272,443,4,31,742,5937
130718.51148607992,0.075,Comp0061,DNS0001,17,51346,53,2,2,63,106
130723.16792719104,22.677,Comp0054,FS0001,6,16116,445,19,452,3163,9283
130725.38764768367,2.962,Proxy0002,Ext0020,6,4683,443,5,155,706,6050
130726.65670906055,0.025,Comp0004,Mail0001,6,9990,587,8,3,596,334
130736.18957343602,0.756,Comp0007,Web0002,6,35886,443,7,25,327,1946
130738.03551994845,34.361,Comp0073,FS0002,6,46945,445,95,371,3062,16410
130739.37357376839,6.069,Comp0067,FS0003,6,62180,445,49,112,2067,46602
130743.85546481534,4.921,Comp0023,Mail0002,6,35519,993,3,7,1541,659
130747.20050385162,2.089,Comp0006,Proxy0002,6,63678,3128,5,79,1178,19155
130747.60646320497,0.396,Comp0020,DNS0001,17,51976,53,2,3,102,71
130751.91341077413,0.312,Comp0067,Mail0001,6,40873,587,6,13,278,3815
130752.96217316849,4.574,Comp0071,Proxy0002,6,64167,3128,7,62,1189,15256
130754.54824111285,25.714,Comp0030,Web0001,6,16249,443,6,15,625,10563
130754.71169286923,5.123,Comp0041,DC0001,6,27798,88,5,5,813,1603
130754.85841966762,9.805,Comp0002,DC0001,6,19856,445,54,92,2497,15506
130759.18062757292,8.727,Comp0020,Web0006,6,1391,80,9,46,592,2068
130763.64993478017,9.162,Comp0013,FS0003,6,37589,445,190,190,1152,42520
130766.92552987816,8.969,Comp0055,Proxy0001,6,62335,3128,11,51,548,11313
130786.8393470353,0.484,Comp0041,DNS0001,17,30279,53,2,2,78,310
130791.67247369172,0.434,Comp0058,DNS0002,17,4578,53,2,2,117,153
130793.62240070559,3.257,Comp0017,Web0005,6,8814,443,8,106,238,18484
130796.59203444928,1.657,Comp0012,DC0002,6,17555,389,5,3,281,224
130797.35967684949,4.465,Comp0009,Proxy0002,6,54051,3128,16,70,720,2353
130808.70778790732,3.957,Mail0001,DC0001,6,59000,389,7,3,165,4151
130817.23368974528,0.158,Comp0044,DNS0002,17,40442,53,2,2,94,66
130822.24975585422,0.008,Comp0016,DNS0001,17,60190,53,2,3,69,176
130825.49223338689,1.111,Comp0045,DC0001,6,47867,88,6,4,284,202
130835.60475994617,0.473,Comp0064,DNS0002,17,59479,53,2,3,124,168
130840.84579273686,1.126,Comp0074,Web0006,6,43656,443,28,52,920,8200
130842.40479267576,0.561,Comp0070,DC0002,6,42970,88,3,16,1330,646
130850.38513099824,0.153,Comp0060,DNS0002,17,28730,53,3,3,48,178
130858.67730914403,3.417,Comp0040,DC0001,6,37580,88,10,11,388,1900
130862.46585407603,4.989,Comp0011,Proxy0001,6,5514,3128,3,71,1463,14988
130864.1849653995,0.146,Comp0015,Mail0001,6,10170,993,5,4,304,262
130872.42442072819,0.078,Comp0067,DNS0001,17,39972,53,2,3,59,221
130881.50790360456,2.822,Comp0043,Proxy0001,6,22657,3128,5,51,1070,2656
130882.8332629674,0.527,Comp0029,Proxy0002,6,32695,3128,6,49,2292,2594
130884.8700400127,7.169,Comp0025,Web0003,6,57985,443,13,80,532,18515
130888.1612762624,2.738,Comp0013,FS0003,6,10576,445,13,258,1390,3662
130890.42190383933,1.307,Comp0009,FS0003,6,21901,445,4,113,1391,54611
130891.73945795734,2.093,Comp0051,Mail0002,6,40209,993,7,12,549,3242
130894.30138324651,1.108,Comp0040,DC0002,6,23357,389,11,10,753,3190
130898.03614111285,0.02,Comp0065,DNS0001,17,3395,53,2,5,28,62
130903.21038393225,1.639,Comp0072,Proxy0002,6,6991,3128,16,34,328,26051
130907.18693669692,0.758,Comp0030,DC0002,6,11087,445,7,98,4497,19963
130910.75987546024,3.103,Comp0017,Proxy0001,6,13804,3128,24,37,316,7532
130921.79475564059,0.179,Comp0028,DNS0002,17,7996,53,3,2,50,253
130923.93050089633,11.712,Comp0010,DC0002,6,50166,88,6,17,675,195
130924.48469191635,0.041,Comp0053,DNS0002,17,33567,53,3,2,51,196
130932.93756070071,0.043,Comp0063,DNS0001,17,63159,53,3,3,98,202
130934.38527125286,0.179,Comp0007,DNS0001,17,21582,53,2,3,76,136
130940.51190520504,1.975,Comp0032,Proxy0001,6,57089,3128,25,77,153,2799
130953.00872237685,0.672,Comp0029,DNS0002,17,13286,53,2,3,147,333
130954.0612248125,7.707,Comp0021,Web0005,6,45263,443,3,25,584,28356
130955.00745871913,0.62,Comp0026,Proxy0002,6,33981,3128,5,25,822,4375
130959.52020664598,8.04,Comp0005,Web0005,6,62090,80,7,11,254,15651
130959.99483512639,0.127,Comp0043,DNS0002,17,29181,53,2,3,57,205
130962.08737606456,0.158,Comp0055,DNS0002,17,6125,53,3,2,100,277
130962.1764171829,0.282,Comp0034,DNS0001,17,29911,53,2,3,49,116
130962.28644568457,0.022,DB0003,DNS0002,17,10225,53,2,2,52,355
130962.81773215858,6.89,Comp0024,DC0002,6,34009,389,5,6,91,514
130965.3390100617,0.08,Comp0065,DNS0002,17,60975,53,3,2,95,124
130970.65867144552,0.078,Comp0071,DNS0001,17,51136,53,2,3,52,122
130975.70188401302,2.301,Comp0042,Mail0002,6,59799,993,5,8,332,417
130977.72505620646,0.808,Comp0052,DNS0001,17,52927,53,2,2,64,235
130978.65255541689,0.09,Comp0021,DNS0002,17,27069,53,2,2,36,103
130979.07019253512,1.504,Comp0009,Web0002,6,10484,443,7,50,301,6714
130981.96947884829,0.09,Comp0011,DNS0002,17,3103,53,3,3,123,211
130986.44895006469,1.63,Comp0037,Proxy0002,6,25132,3128,9,21,692,6688
130989.03651607424,4.417,Comp0073,FS0001,6,62197,445,19,135,1004,4029
130990.20505093166,0.243,Comp0010,Mail0002,6,16812,993,8,5,743,296
130990.21782939299,1.274,Comp0051,Mail0001,6,13677,993,3,6,390,1556
130999.78929405872,8.342,Comp0014,FS0002,6,16658,445,48,52,565,327
131003.0332523702,0.057,Comp0071,DNS0001,17,7107,53,2,3,55,179
131003.15865744727,5.555,Comp0015,DC0002,6,43171,389,4,6,491,277
131004.0535388955,2.087,Comp0029,FS0003,6,61023,445,16,78,297,64267
131004.67754668048,0.091,Comp0065,DNS0001,17,42157,53,3,4,108,160
131005.23904279358,0.037,Comp0021,DNS0001,17,29803,53,3,2,56,244
131009.62422567149,0.478,Comp0025,DNS0001,17,27890,53,2,3,101,488
131010.4530623689,3.12,Comp0079,Web0002,6,44816,80,5,43,839,10061
131011.25466512647,0.985,Comp0018,DC0001,6,35555,88,4,4,165,1224
131011.49523333157,8.509,Comp0037,Web0004,6,51883,443,29,31,560,10166
131011.71573988681,0.094,Comp0017,DNS0001,17,48140,53,2,2,76,90
131012.60727068243,3.65,Comp0077,Proxy0002,6,4138,3128,13,40,227,16000
131014.39111746025,1.173,Comp0037,Proxy0002,6,44258,3128,22,203,257,20952
131014.64275674554,2.484,Comp0013,DC0001,6,60191,389,5,6,140,1856
131017.1332058166,0.007,Comp0028,DNS0002,17,15320,53,2,3,45,236
131020.51313988525,0.134,Comp0046,DNS0002,17,30296,53,2,2,44,91
131024.82029815475,1.123,Comp0023,DC0001,6,37318,88,5,4,1026,279
131027.38433685526,0.751,Comp0012,Mail0001,6,64776,993,8,11,191,755
131031.57335026424,0.07,Comp0030,DNS0001,17,32121,53,2,2,49,495
131035.164654474,16.337,Comp0019,Web0002,6,41993,443,8,33,326,4156
131038.37449017432,4.339,Comp0007,Web0006,6,39243,443,11,42,1885,3165
131043.49351431837,0.068,Comp0002,DNS0001,17,34942,53,2,3,87,157
131052.01624138621,5.32,Comp0054,Web0003,6,11881,80,4,13,551,24848
131052.4584843667,0.167,Comp0065,DNS0001,17,56779,53,2,3,61,294
131052.58175818165,4.828,Comp0053,Web0002,6,4566,443,20,57,3433,913
131059.42313184065,0.304,Comp0078,DNS0002,17,10817,53,3,2,33,154
131062.02948265141,1.963,Comp0063,Web0003,6,33257,443,8,72,1368,14787
131065.24165690297,6.19,Comp0041,Web0006,6,32559,443,13,45,327,12151
131074.00791496952,25.072,Comp0030,Web0004,6,38314,80,18,8,872,31654
131081.18800639317,2.787,Comp0065,Web0004,6,26866,443,9,38,1731,4798
131085.86419613025,0.341,Comp0047,DNS0002,17,56728,53,2,2,75,44
131089.1686358827,2.152,Comp0015,Proxy0002,6,40231,3128,4,41,281,11757
131089.23881922034,2.042,Comp0051,DC0002,6,18008,389,7,8,185,1195
131094.68773746066,0.113,Comp0070,DNS0001,17,41315,53,2,3,56,209
131097.36083004955,0.374,Comp0072,DNS0002,17,38370,53,2,2,89,199
131099.38923037355,3.141,Comp0080,Proxy0001,6,56277,3128,9,24,491,7372
131100.29434699172,9.231,Comp0036,DC0001,6,14570,389,4,4,125,1855
131104.05236730268,0.121,Comp0042,DNS0001,17,37491,53,2,2,61,154
131113.0319935911,6.478,Comp0053,Web0006,6,32654,80,7,144,592,4503
131113.26120564286,0.107,Comp0003,DNS0002,17,43656,53,2,2,56,216
131113.43231852926,0.002,Comp0066,DNS0002,17,61770,53,3,3,35,148
131114.6021599982,0.2,Comp0042,DNS0002,17,62554,53,2,2,63,72
131118.56259847124,2.522,Comp0016,FS0001,6,28661,445,14,39,2104,13497
131125.3532903738,6.733,Comp0050,FS0001,6,3408,445,94,176,3096,10416
131139.10246561107,0.343,Comp0060,Web0004,6,31329,443,24,16,812,8299
131140.23873266243,1.211,Comp0057,Web0002,6,46604,443,8,45,293,8112
131141.20124515326,5.513,Comp0024,DC0001,6,27082,389,4,8,301,83
131150.64097270893,0.256,Comp0072,DNS0001,17,13473,53,2,2,94,346
131152.87193646864,5.175,Proxy0001,Ext0025,6,45784,80,6,14,192,6920
131156.92455575676,3.725,Comp0064,Web0003,6,47082,443,5,36,524,10709
131157.9115995338,1.52,Comp0069,Web0003,6,65246,443,14,23,1385,1493
131168.81715785447,0.186,Comp0023,DNS0002,17,20765,53,2,2,93,121
131170.35719315207,0.466,Comp0050,Web0004,6,44570,80,18,19,1148,4603
131178.49542524444,0.985,Comp0077,DNS0001,17,33307,53,2,2,78,265
131178.63288378675,8.041,Comp0045,Proxy0002,6,41792,3128,8,26,450,10776
131180.69106006445,0.193,Comp0058,DNS0001,17,54119,53,2,3,49,89
131183.8742960196,0.668,Comp0006,Web0006,6,21471,443,5,129,4843,11448
131186.0964784017,0.306,Comp0031,DNS0001,17,28790,53,2,2,49,210
131186.4113348267,2.349,Comp0045,Mail0001,6,34623,993,7,2,446,4801
131188.21190400104,1.537,Comp0051,DNS0002,17,43454,53,3,2,100,232
131188.75579356067,1.053,Comp0002,Proxy0002,6,2442,3128,16,49,372,2859
131189.96123830546,0.078,Comp0032,DNS0002,17,46920,53,2,3,52,187
131203.02742246015,3.359,Comp0031,Mail0002,6,16879,993,3,6,346,1050
131208.86293203797,3.523,Comp0002,Mail0002,6,26463,993,9,12,1706,1229
131210.8147110923,1.426,Comp0044,DC0001,6,31826,88,6,6,2293,1797
131212.77927050696,4.271,Comp0064,Web0005,6,39470,80,14,8,1185,7898
131214.8313867558,1.13,Comp0075,Proxy0002,6,11789,3128,7,98,351,3987
131217.6275312362,42.189,Comp0027,FS0001,6,27259,445,24,92,1745,115797
131219.57050401033,9.389,Comp0004,Proxy0002,6,38518,3128,5,53,502,9002
131220.29438720614,1.219,Comp0029,Mail0001,6,60714,587,3,11,331,579
131226.00969148363,4.163,Comp0041,Web0004,6,25484,443,7,74,2472,6378
131231.7833775785,0.181,Comp0006,DNS0001,17,53574,53,2,2,85,169
131239.90992576088,9.45,Comp0076,Web0006,6,43819,80,11,10,388,10738
131241.2279273444,4.494,Comp0022,Web0005,6,19636,443,10,15,1308,996
131244.56704066464,4.67,Comp0027,DC0002,6,31053,88,5,5,158,236
131244.96728968347,9.947,Comp0018,DC0001,6,42281,445,5,150,1303,37841
131245.02162099967,0.159,Comp0016,DNS0002,17,59826,53,3,2,64,32
131264.28155333106,2.654,Comp0007,DC0001,6,48533,389,6,6,152,238
131265.3712307808,0.21,Comp0056,DNS0002,17,33664,53,2,2,63,127
131273.69754003268,9.485,Comp0049,Web0002,6,52444,443,12,59,3453,10154
131281.4966459128,3.616,Comp0075,FS0001,6,53873,445,14,169,869,16876
131284.27205549792,0.039,Comp0026,DNS0001,17,28425,53,3,3,59,63
131286.7410020545,0.057,Comp0014,DNS0002,17,24104,53,3,2,57,388
131299.22802343755,0.652,Proxy0002,Ext0036,6,47872,443,29,98,705,14883
131301.8221305664,1.438,Comp0029,Web0002,6,15989,443,8,26,1904,7704
131308.70104521673,16.184,Comp0033,Web0005,6,54859,443,8,55,762,8212
131323.1644417773,0.224,Comp0023,DNS0001,17,40066,53,3,2,46,211
131324.1036856948,0.216,Comp0027,Web0001,6,26067,80,6,33,254,21242
131324.42191221222,0.328,Comp0044,DNS0002,17,55900,53,2,3,37,227
131336.02253630786,1.075,Comp0046,Proxy0002,6,14156,3128,12,19,830,2941
131336.21276693663,10.874,Comp0046,Web0004,6,4434,80,14,19,699,3078
131337.21324017594,20.737,Comp0058,Proxy0001,6,30761,3128,7,79,175,364
131337.75116827068,0.487,Comp0036,DC0002,6,5362,389,4,6,454,547
131342.493052496,0.358,Comp0065,Proxy0002,6,45030,3128,29,15,137,5975
131344.4073948973,6.662,Comp0060,DC0001,6,31671,389,3,9,262,221
131345.61565858283,9.795,Comp0031,Web0001,6,14545,443,8,95,209,1565
131347.4633859467,0.115,Comp0048,DNS0001,17,12663,53,2,3,82,155
131347.78735145368,0.107,Comp0016,DNS0001,17,43675,53,2,2,67,517
131348.56054398685,0.008,Comp0035,Web0001,6,56950,443,16,47,124,23506
131357.9836256937,8.764,Comp0011,Web0003,6,40145,443,5,126,434,12343
131359.46693202032,21.845,Comp0019,FS0002,6,4049,445,10,96,434,9679
131371.06829048082,0.123,Comp0029,DNS0002,17,64490,53,2,2,72,229
131373.45168941168,4.072,Comp0012,Proxy0002,6,62955,3128,10,74,167,830
131382.02138193423,0.116,Comp0052,DNS0002,17,40532,53,2,2,29,74
131388.43242226454,0.201,Comp0011,DNS0001,17,7209,53,3,2,58,94
131394.71408322395,0.143,Comp0064,Web0004,6,12692,443,5,106,636,15791
131394.80026108964,0.202,Comp0034,DC0002,6,20600,389,6,3,320,208
131400.0864415843,4.762,Comp0034,Web0004,6,1682,443,13,114,4036,22223
131409.72127310478,27.865,Comp0014,FS0002,6,60351,445,24,48,597,11008
131414.44654662762,2.798,Comp0023,Web0005,6,31802,443,8,113,774,13481
131415.90777183598,27.59,Comp0040,Proxy0001,6,47277,3128,9,11,2946,4510
131427.01159907266,9.118,Proxy0002,Ext0023,6,51204,443,9,55,174,2614
131430.49552405346,0.009,Web0002,DNS0001,17,30502,53,3,3,116,267
131436.84201178513,0.127,Comp0064,DNS0002,17,40072,53,2,2,177,404
131441.13836033212,0.012,Comp0018,DNS0002,17,33469,53,3,2,138,97
131446.69179887805,8.31,Comp0021,FS0003,6,35542,445,19,106,960,8304
131449.92621276554,0.542,Comp0030,DNS0001,17,20394,53,2,3,70,159
131451.65300742356,4.612,Comp0007,Web0004,6,9889,443,9,52,2068,7111
131455.88716719928,0.146,Comp0075,Web0004,6,56279,443,8,47,854,18419
131456.51919632737,0.286,Comp0048,DNS0001,17,22168,53,3,2,55,201
131465.74830629153,5.727,Comp0055,DC0002,6,11683,389,5,8,981,337
131468.56231448086,0.917,Comp0014,DC0001,6,1192,88,3,2,277,254
131474.34957358436,9.937,Comp0044,Proxy0002,6,38380,3128,17,23,5512,4525
131476.16580859458,0.633,Comp0007,DNS0001,17,25977,53,2,3,97,257
131477.7309841835,10.169,Comp0014,Web0006,6,55152,80,8,31,279,8929
131482.8935493817,1.799,Comp0061,Proxy0001,6,60118,3128,7,156,3781,7475
131483.0741816748,0.847,Comp0036,DNS0001,17,44101,53,2,2,57,177
131484.60161306564,0.668,Comp0064,Mail0001,6,4929,993,4,3,190,574
131486.99424201998,0.019,Comp0053,DNS0001,17,6951,53,3,2,60,202
131487.4957219902,0.037,Comp0066,DNS0002,17,4368,53,2,3,71,112
131488.60164604566,2.077,Comp0003,DC0001,6,59661,445,23,60,1024,27463
131488.81428282903,20.934,Comp0010,Proxy0002,6,21420,3128,52,16,1531,5059
131497.5680821744,1.927,Comp0060,Web0005,6,5087,80,6,9,356,38871
131504.24347158225,12.092,Comp0052,FS0001,6,16129,445,46,29,2879,42363
131508.77294279967,19.428,Comp0023,FS0003,6,50372,445,12,95,3755,165582
131511.7926629016,0.056,Comp0060,DNS0001,17,47224,53,3,2,63,181
131512.89537708487,2.47,Comp0062,Web0001,6,20119,80,9,42,1305,3973
131512.9885160561,0.109,Comp0072,DNS0001,17,1661,53,2,3,56,205
131516.40601629793,3.477,Web0002,DB0003,6,52124,3306,29,159,5756,1843
131516.63137573373,0.848,Comp0015,Proxy0002,6,59883,3128,20,40,174,3100
131521.8263880987,0.104,Comp0077,DNS0002,17,9950,53,2,2,39,103
131526.10358206686,3.633,Comp0032,Proxy0002,6,23218,3128,13,61,708,2333
131526.19511341775,1.372,Comp0031,DC0002,6,33598,88,5,28,169,316
131527.5188285584,8.927,Comp0047,Proxy0002,6,26834,3128,4,28,943,1683
131534.00265077283,0.169,Comp0058,DNS0002,17,42127,53,2,3,65,114
131536.94270244532,0.04,Comp0080,DNS0001,17,50996,53,2,2,47,185
131541.29898391652,1.177,Comp0015,Proxy0002,6,3276,3128,20,167,1171,9176
131541.38373932504,16.846,Comp0043,DC0001,6,56048,445,26,23,501,240427
131545.8421404375,2.701,Comp0042,Web0006,6,26185,443,4,17,3929,2747
131548.82718518944,3.04,Comp0020,Web0003,6,61392,80,8,78,721,4218
131553.15895400406,61.431,Comp0050,FS0001,6,3833,445,11,27,7975,10506
131557.78841616985,6.036,Comp0048,Web0005,6,56183,80,14,128,1955,7619
131560.2751486087,9.609,Comp0072,Proxy0001,6,48495,3128,11,29,642,3514
131561.8449608874,0.344,Comp0078,DNS0001,17,20259,53,3,2,30,144
131565.51819685497,4.838,Comp0078,Web0001,6,50991,443,16,112,464,7765
131568.25147277946,0.23,Comp0043,DNS0001,17,33675,53,3,3,123,252
131576.52838527254,6.811,Comp0035,FS0001,6,39019,445,33,99,1266,2520
131577.98557783832,0.531,Comp0056,FS0001,6,24473,445,51,91,480,36156
131580.85032963747,3.496,Comp0062,Web0001,6,52374,80,5,56,230,12586
131592.63920466823,5.207,Comp0005,Web0004,6,60141,443,8,39,2317,5306
131592.90619465147,0.439,Comp0062,Web0006,6,28179,443,9,11,2045,9551
131595.0025411545,0.204,Comp0046,DNS0001,17,42966,53,3,3,98,41
131606.17834330787,4.443,Comp0067,Web0006,6,59233,80,13,23,536,3719
131610.43844439823,1.498,Comp0080,Web0002,6,17605,443,8,71,248,5705
131611.83529376876,1.968,Comp0073,Web0004,6,18934,443,5,48,832,4649
131612.96164687743,2.134,Comp0059,Web0001,6,16889,443,11,33,539,31173
131615.27823563362,4.273,Comp0062,Web0001,6,6424,80,7,102,2397,1795
131616.21268237123,0.182,Comp0079,DC0002,6,19173,389,7,3,161,1032
131618.01251943634,12.225,Comp0062,Mail0001,6,31580,993,5,6,195,341
131631.7035842213,2.961,Comp0035,Web0004,6,4409,80,10,132,986,5567
131632.35998790892,0.278,Comp0009,DNS0002,17,25665,53,3,2,44,365
131635.85348696858,0.328,Comp0044,Web0002,6,23871,443,30,38,570,17056
131642.4277271212,0.157,Comp0004,DNS0001,17,41357,53,2,2,144,133
131644.90592218976,1.449,Comp0027,Web0001,6,26748,443,17,90,1702,8089
131650.59075777745,0.33,Proxy0001,DNS0002,17,59001,53,2,3,49,88
131652.12251671567,0.032,Mail0002,Ext0023,6,61245,25,5,12,386,1426
131655.07836169394,0.95,Comp0017,Mail0002,6,34463,993,3,4,756,434
131655.51978834203,0.012,Comp0018,DNS0002,17,36901,53,3,2,143,224
131656.30244917775,0.244,Comp0055,DNS0002,17,43754,53,2,2,60,88
131657.27702682812,0.288,Comp0061,Mail0002,6,32395,993,7,16,432,283
131660.71258317388,12.501,Comp0025,FS0002,6,64759,445,11,392,113,3597
131664.68873264242,0.15,Comp0064,DNS0002,17,3578,53,2,3,47,139
131668.50943711805,3.066,Comp0027,Mail0002,6,7514,993,6,2,552,215
131668.9474236428,1.321,Comp0017,DC0001,6,40798,389,2,3,232,464
131670.3466130494,0.44,Comp0018,DNS0001,17,25518,53,2,3,48,184
131671.59444228632,1.389,Comp0028,Web0006,6,57957,443,3,246,287,11281
131678.76069662598,5.0,Comp0025,DC0002,6,2184,88,4,4,402,408
131691.92991945753,12.045,Comp0017,Web0003,6,42730,443,5,8,3973,23868
131694.294336412,8.908,Comp0002,DC0002,6,23470,445,13,91,9258,1773
131695.00507444248,0.404,Comp0007,Web0001,6,47539,443,17,65,244,1423
131703.6750805259,1.462,Comp0041,FS0001,6,26265,445,43,101,552,6174
131706.46639169334,1.483,Comp0065,DC0002,6,22670,445,61,128,14131,69788
131712.42987834857,5.422,Comp0059,Web0005,6,51685,443,12,21,1841,5609
131714.68271107308,1.514,Comp0053,Mail0001,6,11327,993,12,11,1054,762
131715.42180582279,1.42,Comp0072,Mail0001,6,12679,993,7,3,3057,2150
131725.11826109956,0.123,Comp0004,DNS0001,17,55121,53,2,3,88,126
131733.2366004547,5.185,Comp0065,Web0005,6,6762,443,11,50,477,21411
131734.22542721176,15.699,Comp0039,Web0003,6,35308,443,12,29,2919,1999
131738.32341604322,1.106,Comp0045,DC0002,6,63191,389,4,4,305,410
131752.01394625142,0.049,Comp0039,DNS0001,17,23193,53,3,2,69,308
131759.2458414667,0.009,Comp0018,DNS0001,17,55901,53,2,2,137,248
131760.1642610247,7.075,Comp0017,FS0001,6,22135,445,29,407,3274,42199
131765.00344917565,0.259,Comp0025,DNS0002,17,16583,53,3,2,115,111
131765.52597136504,1.826,Comp0003,Proxy0001,6,21677,3128,14,17,425,6793
131769.15652387237,0.065,Comp0078,DNS0002,17,38898,53,2,2,90,183
131771.48820867582,5.526,Comp0026,Proxy0002,6,55688,3128,24,64,599,6712
131786.11844117218,8.248,Comp0005,Mail0001,6,41246,993,7,16,313,355
131786.430737446,3.564,Web0001,DB0001,6,38618,3306,18,40,1151,8219
131787.75873934102,0.244,Comp0047,DNS0001,17,20179,53,2,3,23,115
131788.01112116163,1.864,Comp0006,Web0002,6,36013,80,3,225,283,4384
131790.34663659957,0.084,FS0002,DNS0002,17,41169,53,2,2,53,104
131791.46576650938,5.33,Comp0075,FS0003,6,11838,445,8,697,4498,17550
131794.24357882072,0.009,DB0004,DNS0001,17,59355,53,4,2,66,93
131798.88865223347,0.026,Comp0002,DNS0001,17,3639,53,2,3,56,176
131799.1011356638,4.054,Comp0012,DC0001,6,38202,88,5,18,547,1756
131802.3470518638,0.65,Comp0072,Web0005,6,12954,443,7,46,6557,23462
131804.76666446676,3.093,Comp0035,Web0006,6,10918,80,8,32,217,34992
131819.53562994368,15.611,Comp0013,Web0002,6,41611,443,13,19,558,35719
131821.93196330962,6.096,Comp0028,Web0005,6,20231,80,8,46,966,4919
131825.52413512697,0.032,Comp0015,DNS0001,17,42910,53,2,2,43,273
131828.78544406372,3.297,Comp0033,Web0005,6,39632,443,6,50,2215,10202
131828.90203796752,0.287,Comp0019,DNS0001,17,47445,53,2,2,93,255
131831.95761723327,0.027,Comp0009,DNS0001,17,17317,53,2,3,55,238
131845.24768983218,3.545,Comp0013,Web0002,6,16758,80,17,33,258,1206
131845.6513383268,0.248,Comp0045,DNS0001,17,2692,53,2,3,88,205
131847.66162089832,0.009,Comp0022,DNS0002,17,61232,53,3,2,140,107
131849.66817557445,0.924,Comp0025,Web0004,6,59804,443,13,65,751,998
131852.5443264876,2.793,Comp0080,DC0001,6,27198,88,5,3,160,482
131855.51598253072,11.545,Comp0025,Web0005,6,41969,443,5,33,981,10401
131856.84915180076,0.928,Comp0067,Web0005,6,13716,443,18,44,301,26376
131859.87927717387,27.197,Comp0072,FS0003,6,28881,445,27,291,983,71417
131861.30223018082,17.23,Comp0039,FS0003,6,57420,445,25,53,551,6044
131872.66834280605,0.647,Comp0020,DNS0001,17,58880,53,2,2,82,164
131872.70450850463,0.075,Comp0054,DC0002,6,1091,389,5,2,233,202
131873.1139709445,5.293,Comp0023,DC0001,6,12097,389,3,5,280,352
131874.79275363867,0.739,Comp0072,Web0004,6,55142,443,5,31,336,13142
131876.54159997212,7.48,Comp0074,Web0005,6,48291,443,19,9,2438,13345
131876.81419315154,0.042,Comp0012,DNS0001,17,10421,53,2,2,53,120
131879.79885636098,2.894,Comp0004,Web0002,6,29598,443,8,45,881,10969
131882.28962194262,0.025,Comp0045,DNS0001,17,41999,53,2,2,69,143
131883.9173733609,2.35,Comp0049,Mail0002,6,56069,993,9,13,489,489
131884.281466833,0.002,Comp0061,DNS0001,17,2524,53,2,3,46,205
131890.2251677701,2.995,Comp0014,Web0002,6,47886,443,12,99,339,2432
131891.18888214725,20.991,Comp0041,Proxy0001,6,9187,3128,4,280,1970,2276
131891.9621319413,7.023,Comp0012,FS0002,6,5028,445,5,197,1482,10703
131898.4286654017,1.532,Comp0047,DC0002,6,37011,389,4,25,1379,776
131900.8999216956,0.109,Comp0062,DNS0002,17,23156,53,3,3,62,107
131901.2852312753,0.094,Comp0025,DNS0002,17,40697,53,2,3,54,254
131902.85119267576,0.167,Comp0059,DNS0001,17,20118,53,2,3,44,120
131907.8451857529,0.538,Comp0058,Proxy0002,6,44937,3128,6,34,583,17429
131907.9673365733,2.18,Comp0063,Web0005,6,41804,443,3,22,1679,41736
131910.86324774555,0.682,Comp0036,Proxy0002,6,15467,3128,7,23,593,55778
131914.27794317788,1.517,Comp0025,DC0001,6,28091,88,5,26,296,1542
131914.56370035157,10.292,Comp0001,Proxy0002,6,60837,3128,7,34,343,10983
131920.48811002052,0.582,Comp0040,DNS0002,17,2741,53,2,2,70,194
131926.86050476014,0.001,Comp0023,DNS0002,17,63055,53,3,2,65,279
131926.97618341012,7.313,Comp0046,Web0004,6,64084,443,8,24,263,21751
131927.32567773556,2.104,Comp0028,Web0002,6,8149,80,8,110,1383,3100
131928.3324765853,0.124,Comp0032,DC0001,6,57362,88,2,10,117,1564
131932.81797772192,3.926,Comp0049,Web0002,6,24684,443,17,67,403,3006
131936.458847159,5.136,Comp0050,Mail0002,6,49842,587,9,3,340,638
131936.98790895796,0.152,Comp0012,Web0005,6,56665,443,6,29,184,4454
131938.44602533866,3.204,Comp0032,DC0001,6,4601,88,3,6,638,316
131938.82012124668,0.368,Comp0023,DNS0001,17,19037,53,3,3,69,187
131940.4731803642,1.187,Comp0069,Web0001,6,16458,443,14,21,1977,9769
131942.28308098004,14.656,Web0004,DB0003,6,5139,3306,17,217,1423,2271
131943.62221680803,0.682,Comp0016,Mail0002,6,50527,587,6,14,556,954
131950.66401170596,0.174,Comp0052,DNS0002,17,48921,53,3,2,107,90
131951.05428520043,0.171,Comp0030,Proxy0002,6,50886,3128,10,64,264,77791
131952.04323173687,1.057,Comp0021,DC0001,6,63145,88,12,10,943,374
131952.33519018028,0.369,Comp0076,Web0001,6,23539,443,5,31,1159,14620
131956.3690562379,3.529,Comp0078,Web0005,6,44953,443,9,37,156,3314
131958.09644345392,5.112,Comp0028,Web0006,6,25647,80,6,128,214,15263
131958.11441043395,8.294,Comp0028,Web0003,6,24621,443,16,44,859,2807
131964.96023341405,0.503,Comp0078,Web0006,6,53518,443,5,24,2129,11340
131966.34471544012,10.262,Comp0032,Web0002,6,43153,443,3,88,1480,4242
131974.9268353135,6.573,Comp0055,Web0002,6,12929,80,10,46,1540,4252
131977.8256765207,11.994,Comp0047,Proxy0001,6,18366,3128,4,30,856,6033
131978.36614184783,0.648,Comp0030,DC0002,6,2724,389,5,7,346,301
131980.39111250924,25.574,Comp0077,Proxy0002,6,53709,3128,9,23,226,761
131981.47954156122,5.049,Comp0033,Web0004,6,9133,80,11,42,111,13193
131982.96144888108,1.018,Comp0041,Web0004,6,56501,443,13,25,1067,5449
131985.7996068363,1.618,Comp0055,Mail0001,6,2102,993,3,8,472,248
131987.1722627956,0.189,Web0004,DNS0002,17,21221,53,2,3,49,107
131993.58982090937,0.057,Comp0065,DNS0002,17,32335,53,2,3,56,181
131997.61407813197,0.046,Comp0029,DNS0002,17,2295,53,2,3,80,129
132008.71211130754,17.783,Comp0078,Proxy0001,6,46222,3128,6,49,4966,1789
132020.87680298096,3.295,Comp0056,Web0005,6,3957,443,10,63,364,14079
132021.33719683497,1.284,Comp0013,Mail0001,6,47098,587,5,5,889,985
132024.5844496369,7.423,Comp0044,Proxy0002,6,5886,3128,6,27,633,4569
132032.0554391534,8.384,Comp0068,Proxy0001,6,40353,3128,10,17,214,11927
132043.5216079977,4.758,Comp0023,DC0002,6,26811,88,4,5,337,917
132043.62288010714,1.084,Comp0046,Proxy0001,6,47901,3128,13,49,220,7721
132051.9106446943,0.105,Comp0001,DNS0002,17,4200,53,3,2,44,320
132051.95228335098,0.185,Comp0059,DNS0002,17,21373,53,2,2,68,211
132053.55097299008,0.025,Comp0058,DNS0002,17,18583,53,2,2,117,234
132056.28886918782,12.086,Comp0068,FS0003,6,3877,445,17,122,648,2758
132063.27195164704,0.159,Comp0016,DNS0002,17,30290,53,3,3,93,161
132066.97414793534,0.175,Comp0072,Mail0001,6,60890,993,8,6,311,762
132071.46236084137,0.334,Comp0067,FS0001,6,3194,445,13,154,2956,3951
132076.44595069814,5.177,Comp0075,Proxy0001,6,16892,3128,6,180,3209,3965
132077.11525105947,6.049,Comp0051,DC0002,6,25455,445,21,316,1470,16072
132077.23461499962,11.838,Comp0050,Web0006,6,53516,443,4,34,870,2099
132077.35026288166,0.25,Comp0004,DNS0001,17,46661,53,3,2,105,376
132077.78039498616,4.028,Comp0042,Web0005,6,29591,443,15,222,519,3672
132080.35681322997,0.236,Comp0061,DNS0001,17,60378,53,2,2,117,209
132080.78929909377,21.356,Comp0001,Proxy0001,6,5301,3128,5,10,3588,13907
132087.31105476103,0.006,Comp0013,DNS0002,17,7981,53,2,4,88,159
132088.32725895676,4.356,Comp0068,DC0001,6,28315,88,12,4,1628,257
132088.49344205207,11.409,Comp0013,Web0002,6,40361,443,4,138,771,8301
132094.84413873064,0.028,Comp0058,DNS0001,17,34923,53,3,2,50,181
132095.15944943164,0.541,Comp0068,Proxy0001,6,7442,3128,6,21,162,2051
132095.99491369224,2.967,Comp0029,DC0001,6,58128,88,9,21,397,510
132102.29372201342,2.767,Comp0002,Web0003,6,11166,80,17,69,1930,4835
132102.43524586136,10.668,Comp0071,FS0001,6,28017,445,16,85,1548,5120
132108.31881908307,9.326,Comp0074,FS0002,6,43791,445,33,40,2826,35101
132109.39918233748,0.777,Comp0052,DC0002,6,44233,389,5,8,149,2436
132113.16932878643,0.444,Comp0001,DNS0002,17,29994,53,2,2,53,220
132113.87058134633,1.5,Comp0063,Web0001,6,46922,443,14,41,1268,12632
132114.4105701374,0.179,Comp0018,Proxy0001,6,36848,3128,17,24,439,17417
132122.8806885269,17.143,Comp0075,Proxy0001,6,16487,3128,6,83,804,4865
132123.9274409627,2.974,Comp0080,Mail0002,6,47537,993,6,12,188,1004
132127.2074813852,0.645,Comp0003,Web0001,6,33561,443,11,105,879,3211
132127.49044323896,0.214,Comp0022,DNS0001,17,14013,53,2,3,59,258
132132.0863173413,9.981,DC0002,DC0001,6,51685,445,30,36,2750,75065
132134.2905110876,0.126,Comp0018,DNS0002,17,28773,53,2,2,90,83
132135.81011227268,9.708,Comp0036,Mail0001,6,11263,587,7,8,312,1004
132136.10685626423,7.731,Comp0066,Web0004,6,25671,443,3,64,418,5830
132136.26293037404,11.674,Comp0058,Web0003,6,6275,443,7,26,530,16458
132141.93307667476,0.104,Comp0016,DNS0002,17,41826,53,2,2,52,128
132142.4207964297,2.559,Comp0062,Proxy0001,6,29776,3128,12,8,444,7764
132145.25397602626,1.336,Proxy0001,Ext0008,6,4241,443,5,34,804,398
132150.0080035669,3.365,Comp0050,Web0006,6,62634,443,9,27,910,43284
132152.11708419546,2.885,Comp0001,Web0003,6,17899,443,3,28,944,3783
132155.67197079,0.838,Comp0020,DNS0002,17,5926,53,3,3,79,100
132159.2677750276,0.896,Comp0056,Web0001,6,31806,80,10,19,2600,516
132162.86080129468,0.352,Comp0061,DNS0002,17,49934,53,2,3,177,118
132170.07044219557,1.429,Comp0013,Web0004,6,41156,443,3,71,220,15742
132175.11426795422,0.596,Comp0006,Web0003,6,52050,80,5,18,544,3881
132180.04555944042,0.026,Comp0039,DNS0002,17,46371,53,3,2,80,169
132180.39262871206,20.525,Comp0070,DC0001,6,47617,445,15,88,1299,2321
132182.03297054558,3.778,Comp0025,Web0005,6,26125,80,17,431,537,12375
132193.18836221535,0.228,Comp0022,DNS0002,17,26848,53,2,2,66,112
132198.6498429672,0.62,Comp0025,DNS0001,17,47944,53,3,2,98,461
132202.24398857672,1.999,Comp0031,Web0003,6,44505,443,17,51,970,1414
132213.14009652866,5.507,Comp0007,Web0005,6,36583,443,13,60,679,19487
132218.92526050133,5.13,Comp0036,Proxy0002,6,11904,3128,4,8,832,2297
132219.6602394717,1.498,Comp0050,Mail0002,6,34857,993,3,13,1905,1060
132219.87235994195,3.201,Comp0022,Web0005,6,24043,443,7,179,1059,1420
132226.99975748823,0.157,Comp0035,DNS0002,17,11006,53,3,3,38,103
132227.05350628326,6.776,Comp0001,Web0005,6,9376,80,4,10,2148,2775
132230.88885390753,0.004,Comp0040,DNS0002,17,52464,53,2,2,71,131
132231.30237900387,4.49,Comp0010,DC0002,6,16621,88,7,7,263,995
132234.1243906455,1.218,Comp0038,DC0001,6,14295,88,9,3,835,458
132236.6525163669,10.063,Comp0003,Mail0002,6,1951,587,6,17,977,253
132238.84018633046,18.049,Comp0068,Web0003,6,18568,443,8,17,304,3477
132238.89602845378,14.955,Comp0043,FS0001,6,49349,445,50,54,3185,68313
132241.30472892363,0.16,Comp0033,DNS0002,17,30781,53,2,3,47,175
132255.42170023828,28.565,Comp0027,FS0001,6,49612,445,29,87,2517,16414
132259.67664454534,8.089,Comp0065,Web0004,6,63655,443,15,121,1043,5051
132262.70339474347,24.864,Comp0003,FS0002,6,46078,445,30,41,2264,1077
132267.72339756414,0.337,Comp0070,DNS0002,17,7549,53,2,3,76,107
132275.11846157297,4.066,Comp0006,Mail0001,6,16874,993,14,9,136,300
132279.39696378534,0.255,Comp0042,DNS0002,17,35439,53,2,2,46,149
132290.74386803986,2.95,Comp0054,FS0003,6,7304,445,68,91,3080,2206
132291.16262353008,11.091,Comp0017,Web0003,6,11078,443,4,18,6379,15732
132293.47731047252,1.255,Comp0080,Proxy0002,6,4972,3128,28,14,216,2669
132295.75573804535,0.661,Comp0060,DNS0001,17,23749,53,2,4,27,128
132301.62022735347,1.756,Comp0056,Mail0002,6,21325,993,5,2,282,270
132302.06711974906,0.016,Comp0035,DNS0001,17,29994,53,2,3,79,203
132313.13249035753,11.953,Comp0006,FS0003,6,19445,445,115,176,3324,1741
132315.09375581512,6.503,Comp0055,Proxy0002,6,63828,3128,12,104,246,5515
132325.0033907998,8.966,Comp0037,FS0002,6,45662,445,10,788,4381,5037
132326.69258010777,18.772,Comp0040,Web0001,6,44047,443,4,11,682,1024
132334.4349126097,1.132,Comp0032,DNS0001,17,46317,53,2,2,51,290
132336.83209256412,0.059,Comp0042,DNS0001,17,5564,53,2,3,45,98
132339.00035225478,10.358,Comp0043,Web0001,6,18469,443,3,29,226,24655
132339.2970314993,0.032,Comp0036,DNS0002,17,65506,53,3,2,271,253
132348.87144441804,0.591,Comp0033,DC0001,6,7331,88,17,6,234,2201
132349.39270242403,3.555,Comp0043,FS0002,6,42986,445,12,156,969,714
132349.56329193903,0.132,Comp0002,DNS0002,17,49533,53,2,3,132,176
132359.9964698543,9.053,Comp0052,FS0001,6,61153,445,20,166,1329,12737
132362.54192775575,4.908,Comp0060,Proxy0002,6,27814,3128,9,22,3894,13268
132363.64892421052,0.569,Comp0030,DNS0002,17,51831,53,2,3,61,62
132363.72097557067,0.554,Comp0018,Proxy0002,6,12791,3128,10,79,3281,5533
132364.0196739951,3.13,Comp0017,Web0003,6,18962,443,20,33,420,3821
132366.27348229656,11.567,Comp0026,Web0002,6,21318,443,4,27,383,14969
132371.7606766268,2.195,Comp0042,DC0001,6,2507,88,3,4,353,419
132372.79593543947,23.543,Comp0028,FS0003,6,39262,445,16,45,2778,2468
132376.69679819111,9.846,Comp0064,FS0001,6,35870,445,31,310,1248,15809
132377.17095900446,0.574,Comp0040,DNS0002,17,5195,53,2,2,61,254
132378.36558989328,1.531,Comp0036,Proxy0002,6,63764,3128,7,59,491,13618
132380.6995950505,5.34,Comp0053,DC0001,6,39049,445,27,162,1045,13733
132382.2251118057,0.048,Comp0034,DNS0001,17,63421,53,2,2,36,142
132383.00350588057,0.493,Comp0054,Web0001,6,60362,80,5,42,382,9206
132384.6615558204,10.427,Comp0038,Web0002,6,52105,443,24,96,264,41164
132386.45029619744,0.053,Comp0047,DNS0001,17,55283,53,2,2,78,116
132387.20294481225,0.021,Comp0039,DNS0001,17,46231,53,2,3,65,194
132387.6200983827,0.184,Comp0033,Web0001,6,30568,443,16,10,1019,14029
132390.00738929107,1.296,Proxy0002,Ext0007,6,40933,443,4,48,927,13525
132391.2218603285,0.141,Comp0009,DNS0001,17,52804,53,2,2,41,115
132393.4418814039,0.036,DB0004,DNS0002,17,64712,53,3,3,96,257
132395.51092965447,0.963,Comp0075,DC0001,6,56031,88,3,3,376,1023
132401.01852328214,0.184,Comp0072,Web0006,6,42389,80,9,19,2428,1843
132402.45921390902,1.683,Comp0020,Mail0001,6,44743,587,4,4,551,708
132409.19266901407,0.084,Comp0027,DNS0002,17,49844,53,2,2,46,439
132414.48297556434,2.017,Comp0028,Web0006,6,13144,443,4,17,169,10139
132421.70050363056,15.491,Comp0039,Web0004,6,28556,443,4,13,330,35166
132422.62003976636,1.396,Comp0054,Proxy0002,6,5050,3128,8,70,215,1887
132424.9390971169,4.46,Comp0048,Web0004,6,10492,443,18,25,393,5917
132431.46824095183,3.256,Comp0045,Web0006,6,14052,443,4,16,1197,6995
132432.47382859717,13.24,Comp0020,FS0001,6,45484,445,50,28,597,8790
132432.6886443334,1.483,Comp0025,Mail0002,6,52587,587,9,9,205,170
132432.80597222716,4.792,Comp0059,Web0006,6,48338,443,9,26,290,4542
132432.9864019401,4.778,Comp0040,Web0005,6,41277,443,9,8,721,12564
132435.1543779902,2.852,Comp0046,Web0004,6,62958,443,8,32,1033,1383
132436.18988926214,7.251,Comp0061,DC0001,6,60071,88,6,3,531,426
132438.30979252918,1.765,Web0006,DB0002,6,43062,3306,29,100,1666,24709
132443.344343186,0.07,Comp0073,DNS0002,17,29509,53,2,2,52,126
132445.17163185502,3.892,Proxy0001,Ext0037,6,7236,443,40,48,3479,6179
132447.6007713084,3.948,Comp0013,Mail0002,6,48859,587,4,6,492,87
132450.70626231018,8.176,Comp0057,Web0006,6,8147,443,18,5,488,8971
132451.07321497405,4.765,Comp0004,Web0004,6,34777,443,10,26,104,8373
132451.44063600077,0.091,Comp0035,DNS0001,17,52902,53,3,2,69,134
132454.09925371225,1.243,Comp0079,DC0001,6,37245,88,5,10,2377,1076
132455.77652741468,9.067,Comp0017,Web0005,6,11634,80,12,17,118,25140
132467.98630693177,2.426,Comp0073,Mail0001,6,50166,993,5,5,162,629
132468.13499989384,8.334,Comp0044,Proxy0002,6,26822,3128,12,25,1224,6140
132469.96081921432,0.158,Comp0074,DNS0001,17,47061,53,2,3,68,183
132471.85229946778,3.85,Comp0021,Web0003,6,20281,443,6,35,1493,12452
132477.7268097587,0.096,Comp0075,DNS0002,17,7928,53,2,2,134,324
132481.87044482963,0.027,Web0004,DNS0002,17,17050,53,2,2,40,130
132483.36057666317,1.294,Comp0058,Web0005,6,50409,443,11,16,436,14499
132483.9298554997,0.485,Comp0074,DC0001,6,45632,389,5,8,286,8100
132487.80306539702,3.697,Comp0053,Web0002,6,52883,443,9,11,3266,2265
132488.41660129366,13.528,Comp0064,Web0004,6,33689,443,8,38,371,3381
132489.49288859716,0.78,Comp0027,Web0001,6,33874,443,5,45,834,18036
132505.88905654917,1.245,Comp0057,DC0001,6,44626,88,5,10,135,157
132506.4887250776,0.034,Comp0053,DNS0002,17,25846,53,3,3,39,210
132515.48249919797,0.238,Comp0011,DNS0002,17,27683,53,3,2,88,156
132519.76575552573,1.97,Comp0016,FS0003,6,31258,445,41,137,3705,23907
132525.0265917792,6.214,Comp0006,Web0004,6,41526,80,3,13,2529,7790
132530.5527896802,26.379,Comp0049,FS0002,6,6795,445,11,94,8592,985
132536.06950549508,0.09,Comp0036,DNS0001,17,55971,53,2,3,84,48
132539.33377410733,0.099,Comp0070,DNS0002,17,3711,53,2,3,65,140
132551.53203987423,7.606,Web0003,DB0004,6,64401,3306,8,206,648,3930
132558.43475727853,0.959,Comp0062,Proxy0001,6,26096,3128,5,54,570,5112
132564.38346923376,0.015,Comp0016,DNS0002,17,25958,53,2,2,41,63
132565.52579376101,5.19,Comp0060,Proxy0002,6,41495,3128,5,44,2148,6012
132571.25283039323,47.759,Web0001,DB0004,6,42665,5432,54,97,3750,50434
132574.75073814255,4.094,Comp0016,Web0003,6,44002,443,10,126,676,4403
132577.7263006876,1.829,Comp0010,Proxy0002,6,22203,3128,14,59,1399,5218
132581.4461829984,5.091,Comp0063,Proxy0001,6,9641,3128,2,50,224,2984
132583.80971595919,0.035,Comp0020,DNS0002,17,22138,53,3,2,65,105
132584.2799192081,0.059,Comp0013,DNS0002,17,41068,53,3,3,71,116
132599.08920862607,0.267,Comp0011,DC0002,6,30890,389,4,4,121,702
132600.35443626618,0.085,Comp0056,DNS0002,17,24106,53,3,2,68,240
132601.6793009507,5.298,Comp0026,DC0001,6,29385,88,7,10,642,1413
132607.3486393069,1.431,Comp0066,Web0003,6,52616,443,12,25,1163,1257
132612.50275157942,0.138,Comp0026,Proxy0002,6,60042,3128,4,49,245,10539
132613.8530465525,0.028,Comp0074,DNS0001,17,51824,53,2,3,79,173
132615.96361261184,3.473,Comp0016,Proxy0002,6,61735,3128,2,22,1800,40104
132619.44310270276,12.561,Comp0022,FS0002,6,61245,445,4,40,867,17321
132621.1557995295,1.179,Comp0052,Mail0002,6,32911,993,7,20,522,1182
132622.97100202946,0.468,Comp0057,DNS0001,17,33416,53,2,3,32,137
132623.31393704333,0.031,Comp0037,DNS0001,17,56403,53,2,3,69,104
132629.81711637025,9.198,Comp0007,Web0001,6,45744,443,9,72,667,41151
132629.8762156998,0.113,Comp0031,DNS0001,17,29411,53,3,2,39,92
132631.08442663474,3.517,Comp0044,DC0001,6,59043,88,3,2,147,1793
132632.88790216515,0.2,Comp0001,DNS0002,17,57239,53,2,2,49,263
132634.78000979926,0.736,Comp0042,Mail0001,6,32544,993,13,15,1962,2300
132639.51978062492,8.229,Comp0066,FS0002,6,38202,445,15,234,8846,20055
132649.98404722728,1.543,Comp0014,Web0005,6,45778,443,11,10,1033,2499
132652.4945126128,1.739,Comp0042,DC0001,6,50885,88,5,10,2120,1185
132655.35074252798,0.276,Comp0074,DNS0001,17,38321,53,3,3,55,250
132655.93748318517,14.442,Comp0006,Web0005,6,3980,443,9,82,271,8260
132660.2976725398,1.823,Proxy0002,Ext0012,6,6068,443,8,18,112,4507
132672.4474050245,0.181,Comp0007,Web0005,6,38224,443,28,27,128,6910
132676.34919496597,9.592,Comp0024,Web0003,6,55670,443,9,166,1862,14676
132677.52698250962,0.017,Comp0079,DNS0002,17,53828,53,2,2,29,138
132678.3433237404,0.059,Comp0001,DNS0002,17,13815,53,2,2,42,136
132682.8889959713,0.085,Comp0005,DNS0002,17,35739,53,2,3,60,284
132688.11980158897,0.094,Comp0041,DNS0002,17,24929,53,2,3,73,71
132690.9068611908,1.439,Comp0029,DC0001,6,21660,389,9,16,265,737
132691.0536947919,0.6,Comp0062,Mail0002,6,41991,993,2,23,439,535
132694.2430670113,0.71,Comp0006,Web0006,6,52178,443,4,20,1183,2003
132694.49157135052,2.346,Comp0075,Web0005,6,1550,443,15,64,958,43228
132699.83320860125,11.425,Comp0045,Web0005,6,10554,443,9,18,146,1630
132701.01230592173,0.468,Comp0032,DNS0002,17,15599,53,3,3,48,165
132711.6765621649,0.058,Comp0078,DNS0002,17,52370,53,3,2,34,447
132719.74393331894,1.821,Comp0054,FS0001,6,45793,445,81,95,2299,16708
132723.63101930346,0.553,Comp0003,DNS0002,17,18990,53,3,2,116,180
132726.07221109117,2.049,Comp0017,FS0001,6,26600,445,129,504,323,11848
132728.48594164965,4.612,Comp0053,Web0005,6,52448,80,19,25,1306,5071
132732.30299861715,1.783,Comp0015,Mail0002,6,55574,993,3,6,203,1018
132733.22231849952,0.127,Comp0029,DNS0001,17,60230,53,3,2,52,199
132734.51429158158,17.674,Comp0044,FS0001,6,33400,445,26,126,3883,16424
132738.07594117528,12.011,Comp0055,Proxy0002,6,49015,3128,14,73,452,48158
132739.514903545,4.616,Web0002,DB0003,6,56002,3306,18,82,587,29137
132740.39436873992,2.06,Comp0031,Mail0002,6,31902,587,6,6,889,1564
132744.4339457328,4.589,Comp0006,DC0002,6,28639,88,7,10,545,544
132751.15510562886,0.43,Comp0070,DNS0001,17,7136,53,3,2,62,364
132753.66928265392,6.55,Comp0066,FS0001,6,20344,445,18,58,706,2018
132754.34691692097,21.098,Comp0052,DC0002,6,7399,445,26,74,2338,19196
132754.5109008301,4.303,Comp0042,Web0002,6,59293,443,8,36,1018,2626
132754.6732538069,4.143,Comp0070,DC0001,6,17567,389,3,4,318,3439
132756.0225095978,0.286,Comp0014,DNS0002,17,27618,53,3,2,116,84
132765.06725633398,0.128,Comp0071,DNS0001,17,4897,53,2,3,55,113
132767.25464013664,4.632,Comp0019,Mail0001,6,1694,993,3,5,941,376
132772.03480626032,5.123,Comp0019,FS0003,6,63450,445,37,103,5945,6057
132772.61237793684,0.396,Comp0069,DC0001,6,44146,389,4,9,276,1537
132774.37288586807,2.37,Comp0066,Proxy0001,6,30655,3128,9,8,181,4015
132777.99089166487,0.113,Comp0003,Web0002,6,58866,80,16,21,1398,10354
132779.45809055696,12.887,Comp0073,Proxy0002,6,45141,3128,4,42,207,9465
132785.91047508002,1.092,Comp0074,Web0005,6,39336,443,6,66,38410,15085
132787.49297215196,2.991,Comp0005,Web0003,6,34932,443,4,45,554,31356
132799.94624762214,6.533,Comp0029,Web0005,6,40095,443,7,106,825,4111
132801.06444818043,0.758,Comp0079,DC0002,6,24352,88,5,8,359,615
132803.61945998025,7.471,Comp0043,FS0001,6,12057,445,49,53,7982,6362
132804.0743226873,0.197,Comp0004,DNS0002,17,40833,53,3,3,49,73
132808.8887670428,3.367,Comp0060,Web0002,6,38747,443,9,48,3048,7546
132810.9215323275,0.476,Comp0013,Web0002,6,58848,443,14,6,715,17131
132811.48228854238,5.718,Comp0015,FS0001,6,7095,445,22,39,9038,10812
132818.1066227528,1.858,Comp0006,Web0006,6,30757,80,25,32,109,4565
132828.55412608135,0.14,Comp0026,DNS0002,17,48693,53,2,3,75,151
132828.5785514744,1.468,Comp0038,DC0001,6,30976,389,4,7,114,196
132833.48354782502,5.695,Comp0025,Mail0001,6,61923,993,6,8,216,336
132839.68466017325,11.514,Comp0010,Web0001,6,27196,80,11,51,3585,7209
132840.7984257818,2.753,Comp0034,Mail0002,6,12736,587,8,4,489,557
132840.85811365308,12.494,Comp0038,Proxy0001,6,20227,3128,12,103,1281,979
132847.68309800734,6.92,Comp0060,Web0002,6,55477,443,11,35,1364,25949
132859.67394605716,0.097,Comp0055,DNS0001,17,11038,53,3,2,75,118
132862.78542900915,3.293,Comp0040,Proxy0002,6,19506,3128,11,11,853,18629
132869.08185998572,0.631,Comp0078,Web0004,6,41782,443,8,81,281,3551
132880.63888162776,2.306,Comp0005,Web0001,6,58845,443,25,56,543,23228
132881.84193791682,0.144,Comp0067,DNS0001,17,43168,53,2,2,90,573
132885.37068280848,6.866,Comp0046,Web0006,6,5414,443,4,32,272,1009
132885.90700400935,6.562,Comp0069,Proxy0002,6,14148,3128,6,36,308,3340
132889.97499482593,9.806,Comp0036,FS0001,6,1834,445,21,425,2240,30248
132902.7435834426,2.063,Comp0009,Proxy0001,6,55967,3128,16,47,933,2908
132905.1584642982,0.04,Comp0016,DNS0002,17,28862,53,2,3,89,274
132909.25450060365,0.685,Web0001,DNS0001,17,7470,53,2,4,82,175
132910.9678084456,0.072,Comp0022,DNS0002,17,32444,53,2,3,56,80
132911.80899348215,3.02,Comp0074,Proxy0002,6,29865,3128,18,43,682,4250
132912.19656517537,0.488,Comp0068,DC0001,6,20068,389,2,6,777,131
132915.31692137185,51.429,Comp0035,FS0003,6,59633,445,20,112,594,5168
132915.41739730095,19.707,Comp0038,Web0005,6,7703,443,4,14,129,1951
132915.84681645848,0.374,Comp0029,Web0006,6,47406,443,21,36,868,8050
132917.36927167035,1.223,Comp0032,DC0001,6,64158,389,13,15,202,1351
132919.15336779354,0.014,Comp0063,DNS0001,17,58026,53,3,2,42,168
132925.0179468529,0.196,Comp0051,DNS0001,17,23562,53,3,3,78,217
132925.45988377376,3.988,Comp0080,Web0004,6,47021,80,11,40,402,13002
132926.44519428746,3.508,Comp0037,Web0005,6,54664,80,11,43,2213,2986
132927.38376990642,4.843,Comp0075,Web0005,6,29975,443,5,8,246,2142
132928.42140091132,2.963,Comp0051,Web0005,6,37595,443,7,45,1108,17943
132935.31809098815,0.008,Comp0020,DNS0001,17,17625,53,2,2,133,63
132935.36727374909,0.455,Comp0076,DNS0002,17,13957,53,2,2,61,150
132939.2720806563,0.179,Comp0063,DNS0001,17,57492,53,2,2,86,118
132939.7825617689,4.402,Comp0073,FS0001,6,35536,445,13,64,2331,7693
132941.22129261383,5.194,Proxy0002,Ext0010,6,16758,80,6,35,561,9555
132944.60493606588,6.645,Comp0058,Proxy0001,6,15234,3128,2,20,1094,31694
132946.62283623955,0.906,Comp0028,Mail0001,6,20885,993,4,4,577,672
132947.65249837592,0.575,Comp0033,DNS0001,17,24936,53,2,2,125,160
132948.59142270824,1.266,Comp0056,Web0004,6,52228,443,16,152,2090,13517
132949.30157562208,1.53,Comp0010,Web0005,6,65326,443,9,7,170,14376
132956.78763936524,5.77,Comp0065,Web0004,6,42420,443,35,23,1092,1245
132957.10454580636,0.253,Comp0008,DNS0002,17,60860,53,2,3,84,149
132959.66756310046,0.103,Comp0009,DNS0002,17,59452,53,2,2,76,107
132963.3454355995,8.387,Comp0028,Web0003,6,19105,80,4,17,163,83991
132966.57449777616,4.617,Comp0078,Web0005,6,50689,443,16,7,726,16800
132975.06611238848,2.131,Comp0004,DC0001,6,64229,389,2,5,661,221
132976.6715210899,0.713,Comp0030,DNS0002,17,57700,53,2,2,48,465
132977.33201178795,1.076,Proxy0002,Ext0025,6,33819,80,11,48,4164,3836
132980.71607893214,13.27,Comp0031,Web0005,6,6832,443,8,10,541,1641
132980.9406679038,0.158,Comp0055,DNS0001,17,50336,53,2,4,76,78
132981.3316651804,0.071,Comp0075,DNS0001,17,13537,53,2,3,67,274
132984.94700840293,4.29,Comp0001,Web0002,6,22096,443,3,15,2663,8021
132987.40579239404,3.3,Comp0012,Web0006,6,9975,443,9,37,369,80863
132987.86357623347,0.229,Comp0018,Proxy0001,6,27938,3128,20,49,1218,5300
132988.0646347754,0.229,Comp0019,DNS0001,17,5051,53,2,3,100,390
132989.23402240203,3.132,Comp0076,FS0002,6,23009,445,18,33,751,31146
132992.54161852755,3.837,Comp0026,Mail0002,6,1613,993,7,5,150,1220
132995.0223035033,6.6,Comp0023,DC0001,6,60427,389,6,16,1453,806
132996.9949472858,5.309,Comp0030,Web0001,6,1604,80,14,15,229,24802
132999.65352546124,0.134,Comp0042,DNS0002,17,62824,53,2,3,89,246
133001.1023872245,0.351,Comp0049,DNS0002,17,37766,53,3,2,111,59
133002.57752412173,1.282,Comp0030,Mail0001,6,5338,587,4,3,628,958
133003.06840638,3.548,Comp0042,Web0006,6,36766,443,5,71,1547,42911
133005.04701549574,6.134,Comp0027,FS0002,6,39135,445,9,41,1790,3709
133006.6644997684,0.967,Comp0024,Web0003,6,54445,443,8,92,108,13795
133007.70241415765,6.545,Web0006,DC0001,6,31247,389,4,8,209,875
133008.43617489986,3.251,Comp0077,Proxy0002,6,29400,3128,11,39,2119,84612
133010.95206618597,0.125,Comp0026,DNS0001,17,10712,53,2,3,91,190
133014.17705649004,5.821,Comp0008,Web0006,6,28635,443,17,11,625,15694
133021.56491536397,0.051,Comp0011,DNS0001,17,6932,53,3,2,98,109
133031.8640937861,0.218,Comp0028,DNS0002,17,47723,53,3,3,68,255
133031.9237471965,2.487,Proxy0002,Ext0003,6,64197,80,15,81,516,113917
133032.2008944038,0.639,Comp0057,DNS0001,17,47348,53,2,2,65,196
133035.27620124535,8.118,Comp0014,Proxy0001,6,4665,3128,14,89,2043,1913
133039.43666116946,8.259,Comp0037,DC0001,6,41772,445,22,16,1853,5184
133042.50203122717,0.212,Comp0002,DNS0001,17,17696,53,2,2,45,441
133045.9271478843,0.88,Comp0070,Web0005,6,14440,443,4,53,267,6157
133047.43135325197,3.028,Comp0006,Proxy0001,6,57634,3128,15,41,1576,7721
133050.410341109,12.918,Comp0025,DC0002,6,32138,389,3,5,421,162
133050.59540147477,43.552,Comp0046,FS0003,6,20282,445,186,294,1841,2930
133057.0247764505,1.252,Comp0004,Web0001,6,43384,80,8,6,1833,1333
133057.64584806818,0.215,Comp0033,DNS0002,17,32359,53,2,3,75,141
133057.95773557134,56.94,Comp0036,DC0002,6,20035,445,29,95,5540,14978
133059.15048256225,10.782,Comp0031,DC0002,6,30188,445,31,41,1110,26933
133063.53567266354,8.286,Comp0032,Web0002,6,2483,443,5,8,780,3705
133068.12992887816,0.322,Comp0013,Web0001,6,58417,443,5,20,423,2644
133070.93199911356,4.855,Comp0044,Proxy0002,6,24444,3128,18,27,197,7805
133073.06557284703,7.194,Comp0069,Proxy0001,6,11354,3128,13,157,443,9881
133074.3689165204,2.387,Comp0071,Web0003,6,9118,80,10,71,2347,97564
133074.8232627962,2.518,Comp0061,Proxy0002,6,41897,3128,8,42,1515,1699
133089.345060656,1.751,Comp0054,DC0002,6,57770,88,17,8,598,453
133090.26065437164,4.359,Comp0003,FS0001,6,52372,445,19,52,1781,16588
133096.90212001198,17.661,Comp0080,DC0001,6,39770,445,15,25,831,55396
133100.31005712514,0.56,Comp0020,DNS0001,17,59012,53,2,2,60,200
133102.9703904715,0.719,Comp0077,Web0003,6,49728,443,7,44,597,10294
133110.6219997517,0.266,Comp0024,DNS0002,17,9241,53,2,2,41,121
133112.53785102512,10.422,Comp0051,FS0003,6,2554,445,57,113,4634,4085
133113.85593929995,0.134,Comp0033,DNS0001,17,55654,53,3,2,106,83
133113.94548237394,0.19,Comp0045,Proxy0002,6,34233,3128,8,90,792,9348
133114.01194956465,0.768,Comp0077,DC0002,6,16761,389,7,6,203,1056
133117.06239437137,6.478,Proxy0001,Ext0031,6,59030,80,3,15,1074,5892
133117.5889879937,1.31,Comp0017,DC0002,6,51541,88,10,9,323,167
133126.2774240767,5.578,Comp0053,DC0002,6,47786,88,8,7,357,532
133131.41363280773,0.226,Comp0015,DNS0001,17,62210,53,3,3,72,349
133131.60495149295,0.003,Comp0048,DNS0001,17,51921,53,2,3,66,98
133135.9547960538,0.02,Comp0036,DNS0001,17,27204,53,3,3,65,272
133136.36064329115,0.009,Comp0059,DNS0002,17,10663,53,2,2,73,188
133142.01040212193,0.03,Web0002,DNS0002,17,16674,53,2,2,88,165
133142.414718578,1.931,Comp0026,DC0002,6,19242,88,6,5,336,325
133143.09039643043,0.352,Comp0078,DC0002,6,59600,389,6,7,389,4361
133145.0359516402,15.765,Comp0062,FS0002,6,24731,445,14,34,650,13215
133149.076256144,2.222,Comp0079,Proxy0001,6,62697,3128,7,40,221,2625
133149.9840252758,5.936,Comp0053,Proxy0002,6,23136,3128,13,97,568,21014
133163.4461633712,0.085,Comp0015,DNS0001,17,42199,53,3,2,101,87
133170.05949696398,3.803,Comp0005,Proxy0001,6,59235,3128,7,26,4675,7506
133176.5701680121,30.667,Comp0063,FS0002,6,15975,445,16,335,2587,3744
133176.94714915432,61.581,Comp0030,FS0001,6,49147,445,7,116,503,6504
133177.544981225,1.744,Comp0015,DC0001,6,37484,88,6,7,496,1055
133179.41989898786,0.171,Comp0020,DNS0001,17,17952,53,2,2,89,102
133185.96962143035,0.105,Comp0017,Proxy0001,6,49518,3128,7,31,1966,23637
133195.39501538625,30.192,Comp0027,DC0001,6,9558,445,13,30,3966,42523
133202.19920457437,0.33,Comp0021,DNS0001,17,8084,53,3,2,36,104
133202.98068651004,6.563,Comp0069,DC0001,6,28271,445,12,191,3690,13785
133204.42846423795,13.687,Comp0064,FS0002,6,13738,445,6,225,2084,56604
133209.41878319107,9.097,Comp0036,Proxy0002,6,53664,3128,16,24,467,474
133209.90559088165,5.087,Comp0036,FS0003,6,13947,445,19,51,7717,22269
133214.36298043665,0.675,Comp0006,DNS0002,17,40605,53,2,3,66,99
133220.22162287336,3.816,Comp0077,FS0003,6,31940,445,9,182,460,54243
133228.08722799065,5.393,Comp0072,DC0002,6,62819,88,4,8,107,676
133230.82301409516,1.006,Comp0049,Web0003,6,38698,443,9,27,1589,10874
133232.10584864908,0.136,Comp0060,DNS0001,17,58521,53,2,2,47,322
133232.83928447144,15.83,Comp0077,Web0002,6,2136,443,7,30,451,1429
133233.0492175844,5.568,Proxy0002,Ext0006,6,58611,80,10,38,612,10571
133233.21766624114,19.848,Comp0072,DC0001,6,46478,445,24,45,2186,5878
133233.32142993636,0.469,Comp0066,Mail0001,6,48895,993,3,2,824,5734
133242.10655676934,4.657,Comp0071,DC0002,6,8526,88,6,6,741,326
133243.78776273434,0.15,Comp0001,Web0003,6,45845,443,10,34,1146,3377
133244.65027166076,4.851,Comp0040,Web0001,6,49171,443,13,47,1804,781
133248.98730928212,3.411,Comp0073,FS0002,6,4798,445,34,64,2237,18553
133252.68055263773,0.332,Comp0001,Web0005,6,23915,443,5,43,434,6346
133254.27741089644,4.664,Comp0050,FS0003,6,27066,445,40,29,855,6963
133254.3010054787,0.711,Comp0073,Proxy0002,6,20547,3128,5,36,2710,11654
133259.30555568414,2.163,Comp0075,Web0004,6,7441,443,3,26,497,1441
133260.26149625247,4.908,Comp0028,DC0001,6,22565,445,17,27,1463,8523
133267.21896160854,0.078,Comp0071,DNS0001,17,31590,53,3,2,48,210
133267.89262868874,0.529,Comp0056,Web0004,6,21936,443,3,93,1466,1479
133271.20868933143,0.248,Comp0036,DNS0002,17,63131,53,3,3,96,104
133271.9212326746,16.843,Comp0040,FS0003,6,20915,445,34,198,1073,77319
133272.69955329294,8.3,Proxy0002,Ext0034,6,21562,443,16,32,524,11949
133276.52030148296,5.648,Comp0054,Web0003,6,37047,80,3,29,680,6836
133278.25196426813,0.055,Comp0041,DNS0001,17,60786,53,2,3,71,130
133281.50693730148,0.031,Comp0041,DNS0001,17,45021,53,2,2,62,26
133290.17162425828,0.18,Comp0037,DNS0002,17,38106,53,3,2,103,175
133295.15257070027,9.284,Comp0049,FS0002,6,30655,445,72,127,3718,12464
133295.86253314777,0.555,Comp0054,Web0002,6,24589,443,7,33,1224,6070
133299.78420847247,0.141,Comp0070,DNS0001,17,38534,53,2,3,116,241
133302.2103773519,1.652,Comp0080,DC0001,6,42987,389,7,5,110,492
133304.4575121096,2.179,Comp0056,Web0006,6,64290,443,9,22,930,791
133307.6336133331,0.553,Proxy0001,DNS0002,17,10607,53,2,2,32,177
133317.6387727927,4.021,Comp0072,Proxy0002,6,25661,3128,5,18,950,5301
133318.31119775865,5.601,Web0005,DB0004,6,17004,3306,150,95,1961,3766
133320.7545345808,1.605,Comp0032,Mail0001,6,35134,993,30,11,1669,912
133320.9940116153,0.848,Comp0035,Web0003,6,3700,80,7,8,115,2365
133323.08984809078,14.463,Comp0047,Proxy0002,6,35057,3128,9,41,285,25949
133326.37305616608,0.737,Comp0057,FS0003,6,63148,445,32,116,604,30071
133329.57848769927,5.598,Comp0012,FS0001,6,20257,445,15,170,1626,8364
133331.4458950496,3.864,Comp0063,Mail0002,6,29425,993,5,5,970,567
133340.51955025527,0.17,Comp0043,DNS0001,17,64194,53,2,2,83,81
133341.35523405942,1.016,Comp0005,Proxy0001,6,62048,3128,10,146,1290,613
133345.03426761559,0.051,Comp0017,DNS0001,17,4417,53,2,3,85,159
133353.01842912642,6.41,Comp0005,Proxy0001,6,21826,3128,6,58,1679,4559
133356.02903264735,0.538,Comp0019,Web0004,6,40857,443,5,39,155,11450
133356.71542014868,0.977,Comp0007,DC0002,6,29332,88,3,10,230,503
133358.02562101904,0.06,Comp0068,DNS0002,17,41091,53,3,3,33,321
133358.3236790517,5.184,Comp0006,Web0006,6,43717,443,5,61,541,3717
133360.58050580887,0.03,Comp0051,DNS0001,17,15243,53,3,3,96,147
133362.00228474164,11.695,Comp0065,Web0003,6,64725,443,22,111,358,13031
133363.5393288438,0.415,Comp0054,DNS0001,17,4376,53,2,3,69,348
133364.92422458658,3.1,Comp0003,Web0002,6,58822,443,7,29,311,6513
133365.06031928718,0.173,Comp0006,DNS0001,17,54675,53,3,3,46,108
133366.05187350462,6.779,Comp0013,FS0001,6,52837,445,78,203,378,23140
133367.4446658282,0.67,Comp0035,DNS0001,17,5515,53,2,2,46,56
133373.23716434836,1.852,Comp0069,DC0001,6,62775,445,51,112,171,14533
133375.1117752777,4.144,Comp0073,Proxy0002,6,14516,3128,7,13,3791,28086
133377.82444025137,1.737,Mail0001,Ext0030,6,50219,25,7,9,345,1501
133386.725474636,0.114,Comp0036,DNS0001,17,59004,53,2,2,77,218
133388.61923845913,1.908,Comp0053,Proxy0002,6,11467,3128,5,14,1925,2914
133391.8947824568,0.931,Comp0005,Mail0001,6,4016,993,16,11,746,1481
133398.07363548028,0.281,Comp0023,DNS0002,17,63956,53,2,3,50,101
133398.6064199249,2.931,Comp0026,Web0006,6,3819,443,6,24,441,2733
133407.87958034434,0.348,Comp0039,DNS0001,17,58810,53,3,2,61,287
133411.77289356405,2.403,Comp0061,Web0005,6,52684,443,3,329,721,1146
133411.8318056623,7.467,Comp0028,Proxy0001,6,52191,3128,7,128,596,7878
133442.90298503215,3.711,Comp0047,Web0006,6,9152,80,9,69,854,1853
133458.3092899626,1.191,Comp0065,DC0001,6,29243,445,16,101,3649,29446
133461.82233907792,1.041,Comp0013,Web0004,6,26297,443,4,86,910,6766
133468.96299547027,7.145,Comp0045,Web0006,6,44816,80,20,41,1703,23218
133470.85751100632,7.29,Comp0010,Web0006,6,6728,443,20,58,996,403
133478.67684837297,2.206,Comp0013,Mail0002,6,31888,993,9,8,555,1831
133481.44730921066,1.084,Comp0031,DC0001,6,1131,88,5,9,328,288
133485.85637340456,0.92,Comp0039,DC0002,6,33013,88,9,4,454,350
133488.71364128785,15.963,Comp0049,DC0001,6,21989,445,20,74,1002,8968
133488.9362592565,0.259,Comp0072,DNS0002,17,14179,53,4,2,60,81
133494.7199554242,0.028,Comp0057,DNS0002,17,45328,53,2,3,60,129
133496.07042666216,7.003,Comp0074,Web0001,6,24482,80,7,49,488,1901
133501.02703277004,0.56,Comp0077,Web0004,6,55784,443,7,160,307,2712
133504.90447038686,1.954,Comp0007,DC0002,6,27419,389,7,5,1056,387
133507.3006107178,7.463,Comp0039,DC0002,6,4418,389,6,5,1291,303
133517.1955412845,1.311,Comp0007,Web0002,6,37858,443,15,61,904,4536
133519.37756239806,3.365,Comp0001,Proxy0002,6,8479,3128,4,22,345,2212
133525.24351467294,0.094,Comp0047,DNS0002,17,39886,53,3,3,43,76
133528.17836788105,4.807,Comp0044,Web0002,6,34465,443,12,105,836,10078
133535.34177671518,0.12,Comp0053,DNS0001,17,23534,53,2,2,41,137
133540.4183742344,0.078,Comp0020,DNS0001,17,37641,53,2,2,96,196
133541.18715695565,4.652,Comp0014,Web0004,6,50555,443,14,31,494,78946
133542.88007269223,0.064,Comp0064,DNS0001,17,54235,53,3,2,57,162
133543.71234255724,0.006,Comp0048,DNS0002,17,29744,53,2,3,34,179
133546.22590965277,3.167,Web0003,DB0002,6,32447,3306,44,31,303,3386
133547.25006932055,0.257,Comp0016,DNS0002,17,46414,53,2,3,61,136
133549.55537620763,0.147,Comp0038,DNS0002,17,23150,53,2,2,89,102
133553.32352809602,7.574,Comp0030,Mail0002,6,54255,993,5,8,173,123
133556.14305552197,1.344,Comp0027,Proxy0001,6,40645,3128,6,11,1215,2392
133559.65574068818,1.838,Comp0065,DC0001,6,64768,389,5,9,351,189
133560.7021028219,8.329,Comp0078,Proxy0002,6,63042,3128,9,35,197,23423
133562.40394637833,20.311,Comp0079,DC0001,6,41021,445,23,299,1297,34318
133562.45685387444,2.603,Proxy0002,Ext0030,6,28175,443,6,21,160,1393
133570.31308301282,0.495,Comp0054,DNS0001,17,50660,53,2,2,94,170
133570.82640051,0.336,Comp0046,Web0005,6,17324,443,5,18,299,2240
133579.6687879211,0.404,Comp0007,DC0001,6,7556,389,12,3,232,2220
133580.56629844132,6.923,Comp0071,FS0003,6,39060,445,10,91,285,6448
133583.55702783255,3.011,Comp0065,DC0001,6,6466,445,17,44,478,9032
133583.83089619866,2.233,Comp0056,Web0005,6,4716,443,8,90,1725,3008
133589.88300427416,4.398,Comp0037,Web0001,6,40242,443,5,126,558,5982
133590.66297486526,4.016,Comp0018,Mail0001,6,2735,993,2,16,320,1843
133598.16972716892,0.115,Comp0071,DNS0002,17,58682,53,3,3,92,163
133602.59664075566,2.487,Comp0019,Proxy0001,6,51519,3128,6,41,802,22375
133603.06433916354,0.1,Comp0006,DNS0001,17,59012,53,2,2,97,498
133605.21064143514,0.113,Comp0075,DNS0002,17,17699,53,2,3,59,61
133606.33499320052,8.571,Comp0043,Proxy0002,6,14176,3128,27,92,262,14082
133611.8790570849,6.822,Comp0016,Proxy0001,6,61774,3128,7,183,886,2636
133615.12695101605,7.994,Comp0019,Web0005,6,62642,443,8,131,3750,4990
133617.53948451384,4.545,Comp0009,DC0001,6,65314,88,2,26,299,954
133618.7458729035,2.898,Comp0062,Mail0001,6,35833,993,5,6,956,377
133619.96297994413,3.406,Comp0048,Mail0002,6,8704,587,4,10,263,496
133620.5789648758,0.068,Comp0049,DNS0001,17,35292,53,3,2,45,161
133625.7964122945,5.452,Comp0049,Web0006,6,63822,443,7,13,1145,1396
133631.41922905724,0.06,Comp0009,DNS0001,17,40174,53,3,2,75,127
133632.02303232852,0.28,Comp0025,Web0002,6,17051,443,11,69,1260,11127
133632.91696941745,0.25,Comp0009,DNS0001,17,35802,53,3,3,129,214
133633.61152526172,14.928,Comp0065,Web0001,6,47956,443,40,24,4587,18544
133633.67175922843,0.152,Comp0009,DNS0002,17,58938,53,2,2,74,234
133634.56788422746,5.816,Comp0020,Proxy0001,6,14439,3128,13,21,233,13626
133637.74944710016,0.537,Comp0019,Web0006,6,5310,443,8,11,962,859
133642.85599342326,12.919,Comp0070,Proxy0001,6,25585,3128,10,76,1457,23909
133645.6815478439,2.985,Comp0051,Web0006,6,54204,443,8,65,2647,1596
133649.20020542352,0.113,Comp0069,DNS0002,17,47373,53,3,3,26,101
133649.9656205158,0.009,Comp0058,DNS0002,17,32157,53,2,2,74,169
133654.39068019413,0.338,Mail0002,Ext0016,6,8160,25,6,4,137,277
133659.94896255125,0.047,Comp0061,DNS0001,17,15380,53,2,3,79,199
133660.7287521612,0.038,Comp0001,DC0001,6,3402,389,7,7,486,1061
133660.8545604403,0.491,Comp0033,Proxy0002,6,42982,3128,10,63,3404,51566
133668.67871506503,6.009,Comp0039,DC0002,6,24144,88,6,10,535,995
133669.88424963487,2.377,Comp0077,Web0002,6,52057,443,3,135,280,2149
133670.87341463286,0.068,Comp0079,DNS0002,17,6192,53,2,2,56,119
133676.01499007962,2.251,Comp0045,FS0002,6,31721,445,11,84,976,22453
133677.74753561345,1.811,Comp0071,Mail0001,6,46188,587,4,5,337,1973
133679.48616934882,5.438,Web0005,DB0004,6,60611,3306,32,97,1182,36482
133679.61049195315,1.899,Comp0056,Web0003,6,50293,80,20,7,410,9229
133682.44613443472,8.883,Comp0036,Web0005,6,53904,80,6,15,545,10852
133683.8915287162,4.672,Comp0055,Web0006,6,5820,80,5,47,488,13383
133686.1204773899,0.008,Comp0017,DNS0001,17,5503,53,2,3,99,144
133691.8029856758,0.9,Comp0011,Web0006,6,20718,443,14,265,1302,9299
133696.04855441998,0.181,Comp0034,DNS0001,17,63286,53,3,2,98,118
133702.06427698975,0.145,Comp0044,DC0001,6,40452,88,3,5,194,427
133702.52848847778,0.078,Comp0049,DNS0002,17,61613,53,2,2,32,53
133706.1743378141,17.594,Comp0063,FS0002,6,21673,445,51,54,1238,6809
133708.4491715455,7.159,Comp0008,DC0001,6,17253,389,6,8,341,203
133716.844511625,0.15,Comp0054,Proxy0001,6,39709,3128,8,25,1678,5582
133718.0006464658,0.08,Comp0057,DNS0001,17,22338,53,2,3,56,151
133724.08634546222,17.093,Comp0008,Web0006,6,5063,80,11,54,560,33722
133737.56609159696,0.105,Comp0013,DNS0001,17,46961,53,3,2,98,516
133754.4073909272,0.45,Comp0063,FS0002,6,48744,445,18,479,1309,6487
133757.2696333736,35.307,Comp0070,FS0002,6,41955,445,34,87,690,12240
133759.62209541313,0.079,Comp0064,DNS0001,17,37422,53,3,3,40,122
133760.115482821,1.983,Web0003,DB0004,6,8730,5432,9,238,1064,8130
133762.6251272,15.469,Comp0031,Web0001,6,38220,443,6,179,103,4426
133781.43485428364,0.39,Comp0010,DNS0001,17,18761,53,3,3,63,120
133784.19653924328,0.154,Comp0030,DC0002,6,61055,88,3,41,1094,1471
133784.54474369902,23.382,Comp0021,Proxy0001,6,56092,3128,4,19,215,9518
133792.53724543718,4.142,Comp0027,Web0003,6,37937,443,3,44,1074,20615
133799.66537236044,0.949,Comp0011,Web0001,6,47179,80,14,17,842,1870
133800.53645682297,1.554,Comp0072,Web0006,6,7939,443,23,11,1421,33483
133801.309525685,19.208,Comp0017,Web0004,6,48475,443,10,60,713,14828
133807.44379172794,1.796,Web0002,DB0002,6,3885,3306,75,28,217,45149
133817.20941586402,5.292,Comp0046,Proxy0001,6,2556,3128,24,102,1014,6330
133826.59951336595,6.032,Comp0007,Web0002,6,23732,443,18,97,320,21290
133828.6863808487,9.076,Comp0080,DC0001,6,2029,88,8,9,697,474
133832.0891761089,0.247,Comp0068,Web0004,6,60431,443,15,124,186,29045
133835.90286680593,6.115,Comp0069,Web0002,6,41925,443,7,40,881,840
133836.04362732606,0.005,Comp0002,DNS0002,17,28648,53,3,3,115,81
133839.84178766227,1.185,Comp0055,DC0002,6,13168,88,6,10,554,4238
133840.04280666244,0.286,Comp0047,DNS0001,17,34973,53,3,3,58,132
133840.36449169007,0.02,Comp0033,DNS0001,17,28165,53,2,3,118,230
133841.81998990066,2.362,Comp0005,Web0006,6,29283,443,14,19,600,45915
133843.4146061689,10.558,Comp0077,Web0003,6,41042,80,11,6,284,556
133846.30055931216,14.422,Mail0002,DC0001,6,40556,389,5,5,90,737
133849.69047097166,2.906,Comp0038,Mail0002,6,56432,993,3,6,159,1483
133852.05385561674,11.538,Comp0024,Proxy0001,6,38108,3128,11,49,2349,1264
133858.24047814676,7.95,Comp0041,Proxy0001,6,24790,3128,10,43,244,5561
133859.34858445593,0.984,Comp0021,DC0001,6,52051,389,6,12,158,177
133860.64817986308,0.188,Comp0051,FS0002,6,33069,445,12,162,5715,22938
133861.48127763954,6.514,Comp0012,Web0004,6,58813,443,9,19,3410,5797
133868.25190809503,11.253,Comp0045,FS0003,6,19535,445,33,194,2037,28792
133871.02651495356,5.424,Comp0052,Web0006,6,35863,443,9,22,373,9310
133874.81438213403,0.006,Comp0057,DNS0001,17,13854,53,2,2,42,95
133876.55053478747,0.083,Comp0008,DC0002,6,44620,445,12,39,1074,3618
133880.2625927996,0.142,Comp0061,DNS0002,17,18162,53,2,3,70,85
133885.93394650047,15.778,Comp0080,FS0001,6,2840,445,5,156,692,16946
133888.74755976442,1.811,Comp0027,Web0005,6,58200,80,23,27,183,31401
133891.33460271754,0.488,Comp0045,DNS0002,17,21971,53,2,2,34,250
133894.19843090817,4.994,Comp0064,Mail0001,6,22326,993,4,8,505,243
133895.81476682465,4.769,Comp0038,Web0001,6,17381,443,7,29,327,6679
133901.22401319665,6.262,Comp0079,DC0001,6,9179,88,5,5,479,460
133905.84646806828,1.475,Comp0036,Web0002,6,19727,80,4,29,1105,2748
133906.87409274196,0.07,Comp0021,DC0001,6,24700,88,7,20,329,1140
133909.99580324223,0.077,Comp0047,DNS0001,17,64527,53,3,3,70,67
133911.97683178328,0.364,Comp0004,Web0005,6,50615,443,3,20,1727,20365
133913.50127754384,0.038,Comp0042,DNS0002,17,17298,53,2,3,43,276
133922.62429485325,0.257,Comp0029,DNS0001,17,40399,53,2,2,59,114
133922.98305474472,1.624,Comp0014,Web0002,6,23110,443,4,48,945,12934
133924.7150420346,0.755,Comp0068,Web0002,6,44778,443,9,43,745,7360
133929.88255915814,20.693,Comp0024,FS0003,6,5249,445,14,131,3470,4541
133930.71687374785,3.835,Comp0072,Web0004,6,18707,443,18,78,174,7787
133931.5875507832,3.123,Comp0029,Web0003,6,9189,443,5,80,652,4147
133933.82380052554,0.106,Comp0048,Proxy0002,6,65354,3128,5,35,1126,48533
133935.11791118787,1.611,Comp0020,Web0003,6,48928,443,7,74,4287,2874
133935.26236364973,8.331,Comp0075,DC0001,6,52738,445,15,76,323,20744
133938.7138838609,1.745,Comp0048,DC0002,6,52439,445,46,193,933,6793
133941.09755369142,8.125,Comp0077,Web0005,6,33280,443,4,17,2134,15525
133941.39622911732,0.403,Comp0059,DNS0001,17,29701,53,2,3,52,173
133944.08630062835,1.555,Comp0056,Web0002,6,23897,80,6,12,755,105130
133951.87592027627,7.177,Comp0016,DC0002,6,21350,389,2,9,310,517
133951.94062627543,3.338,Proxy0002,Ext0009,6,28790,443,5,49,250,1577
133951.99367268902,1.833,Web0003,DB0003,6,38827,3306,89,55,1536,21548
133954.78802365134,0.725,Comp0061,Web0006,6,5851,443,6,21,722,1532
133956.1961409733,0.19,Comp0028,DNS0001,17,51981,53,3,3,40,69
133958.0429179772,1.479,Comp0001,Web0004,6,56070,80,7,36,542,6904
133970.53538414734,6.106,Comp0005,FS0002,6,63714,445,25,91,630,20897
133972.6346716202,1.458,Comp0080,Mail0001,6,54197,587,15,4,713,463
133978.64825120612,43.737,Comp0063,FS0002,6,6606,445,23,70,2503,8880
133983.7017850429,0.035,Comp0029,DNS0001,17,40939,53,3,3,76,223
133987.45917456743,0.004,Comp0063,DNS0001,17,38698,53,2,2,71,190
133992.8318280355,0.783,Comp0051,Web0006,6,15070,443,8,55,352,7011
133994.73174977797,0.144,Comp0060,Web0002,6,42537,443,5,11,2109,4210
134000.09193829025,0.054,Comp0068,DNS0002,17,37119,53,2,3,44,136
134003.02840279383,0.078,Comp0047,DNS0001,17,58585,53,2,3,143,272
134005.0187500495,1.038,Comp0063,DC0001,6,26261,389,4,13,157,395
134011.69819504823,5.959,Comp0026,Web0005,6,50741,443,9,27,1582,5380
134012.84712709542,4.087,Comp0026,Proxy0002,6,32880,3128,18,19,170,627
134014.77089024778,1.056,Comp0080,Web0004,6,42362,443,6,47,982,25123
134020.85009372508,1.878,Comp0020,Proxy0001,6,8657,3128,9,93,1133,7457
134021.96592028812,3.013,Comp0053,Web0005,6,49023,443,12,74,175,4570
134039.38386891957,4.756,Comp0053,FS0001,6,54708,445,97,328,1813,7886
134039.91458568006,0.047,Comp0051,DNS0002,17,20281,53,3,2,37,194
134040.34015536268,0.886,Comp0068,FS0003,6,12741,445,21,113,3064,8438
134043.06059549743,3.689,Comp0075,Proxy0002,6,31783,3128,8,13,368,5037
134044.19589436505,2.033,Comp0003,DC0002,6,31210,88,4,3,349,479
134049.90845742126,7.266,Comp0026,Mail0002,6,14824,993,7,9,355,974
134055.13650365878,2.442,Comp0012,Mail0002,6,11958,993,8,14,282,522
134057.01012799912,10.3,Comp0060,Web0003,6,56443,443,6,8,251,4367
134061.04984346963,0.047,Comp0065,DNS0001,17,63108,53,2,3,62,307
134066.29077587475,6.986,Comp0040,Proxy0001,6,18432,3128,12,38,1277,28128
134066.5800718173,0.465,Comp0005,DNS0001,17,54747,53,2,3,36,147
134067.14903892874,0.99,Comp0004,Web0006,6,2469,443,9,31,232,9443
134070.8653771471,6.602,Comp0066,DC0001,6,64485,445,28,56,9756,15846
134072.85540508962,0.057,Comp0077,DNS0002,17,46194,53,2,3,176,73
134090.61833404124,19.104,Web0006,DB0001,6,51771,5432,86,53,1028,42430
134091.5947130322,3.792,Comp0023,Web0001,6,52806,80,5,66,3338,2573
134095.7152187908,4.512,Comp0008,DC0001,6,46274,88,10,4,286,381
134097.6279807741,2.69,Comp0023,Web0005,6,52299,443,9,29,1222,11868
134101.0722614328,3.064,Comp0005,FS0002,6,15427,445,20,55,1319,12352
134102.51895590167,10.113,Comp0037,Web0005,6,17393,443,5,64,367,7739
134113.6148931632,5.463,Comp0020,Web0002,6,42664,443,10,77,2106,115626
134115.89246853982,1.263,Proxy0001,Ext0001,6,5313,80,3,96,748,19918
134116.8688609914,4.205,Comp0063,Web0001,6,24809,443,12,42,218,5810
134117.53036099524,7.759,Comp0030,Proxy0002,6,10441,3128,17,21,424,43214
134117.6179966047,3.511,Comp0014,Web0002,6,15175,443,7,21,2121,1951
134125.04585293165,2.158,Comp0047,Mail0002,6,26927,993,12,7,273,19100
134126.22526736822,2.344,Comp0077,Mail0002,6,18397,993,4,8,577,413
134129.27004034116,5.772,Comp0058,Proxy0002,6,16488,3128,9,56,1867,19970
134130.87238129246,3.458,Comp0036,Web0006,6,19548,443,10,24,651,810
134133.08221174454,0.036,Comp0075,DNS0001,17,45674,53,3,2,26,177
134135.77175486105,0.474,Comp0013,Web0001,6,48524,443,20,32,512,80467
134135.93580797972,7.966,Comp0028,DC0002,6,24310,389,5,7,48,833
134140.1805682236,2.643,Comp0058,DC0001,6,60563,88,3,15,255,1763
134141.07384517614,0.071,Comp0074,DNS0001,17,59989,53,2,3,26,201
134143.51676903333,4.919,Comp0062,Proxy0002,6,63189,3128,10,33,173,19338
134145.50440633387,0.041,Comp0051,DNS0001,17,19613,53,2,4,91,91
134149.75873639298,0.142,Comp0061,DNS0002,17,14205,53,3,2,63,289
134150.4000783023,2.456,Comp0036,Proxy0002,6,46846,3128,10,47,1374,5108
134154.06180780198,0.059,Comp0054,DNS0002,17,35920,53,2,4,69,103
134158.23965655442,1.244,Comp0017,Proxy0002,6,11408,3128,5,19,776,1236
134160.13226791733,2.194,Comp0008,Web0001,6,56048,80,11,20,175,4208
134161.05821683255,0.001,Comp0013,DNS0001,17,20944,53,2,2,95,60
134161.75546445634,2.613,Comp0046,Web0005,6,36069,443,65,23,732,49899
134165.03845240478,2.562,Comp0025,Web0006,6,16972,443,8,165,490,4444
134167.48148980213,3.868,Comp0015,DC0001,6,10017,389,16,5,214,614
134172.0177529692,1.875,Comp0014,Web0002,6,21772,80,4,68,256,37972
134175.75884367418,6.367,Comp0024,Web0003,6,1707,443,5,46,177,2417
134175.9943353253,1.591,Comp0042,DC0001,6,36925,88,6,12,1422,1515
134183.28647481292,0.002,Comp0010,DNS0001,17,17065,53,2,2,99,48
134191.38188374852,35.771,Comp0003,Proxy0001,6,21215,3128,6,33,2980,9800
134192.21218018467,0.24,Comp0034,DNS0001,17,58029,53,2,2,40,67
134192.53364749998,0.275,Comp0015,DNS0002,17,24995,53,2,3,36,82
134195.46398020524,9.712,Comp0007,FS0002,6,14033,445,8,30,4366,14621
134195.82332528458,5.147,Comp0001,FS0002,6,54696,445,13,43,846,13909
134197.9439459797,0.154,Comp0001,DNS0002,17,12993,53,3,4,59,115
134198.8430340009,12.849,Comp0041,Proxy0002,6,37507,3128,9,46,536,4509
134199.3244970789,3.001,Comp0046,Web0006,6,20649,443,3,29,129,2399
134202.41168525035,0.226,Comp0006,DNS0001,17,26318,53,2,2,126,239
134203.60205247102,0.128,Comp0066,DNS0001,17,38193,53,3,2,26,318
134212.9144229552,0.382,Comp0064,DNS0002,17,51707,53,2,2,34,506
134214.25686073344,1.859,Comp0046,Web0005,6,65293,443,10,19,297,23228
134216.17697028702,0.225,Comp0043,DNS0002,17,51306,53,2,3,67,206
134220.43577454388,0.509,Comp0011,Web0005,6,19639,443,17,41,775,67105
134221.47206044142,2.727,Comp0040,Web0003,6,57629,443,9,209,1846,22005
134223.7491413062,0.582,Comp0006,Proxy0002,6,5296,3128,7,52,1301,4101
134224.4813271403,0.381,Comp0023,DNS0001,17,57639,53,3,3,59,151
134228.49851109122,0.096,Comp0004,DNS0002,17,27990,53,3,4,43,137
134238.4516607402,3.451,Comp0035,DC0002,6,9163,88,13,8,818,147
134244.14783361537,17.671,Comp0012,Proxy0001,6,57947,3128,16,97,822,7912
134247.8782415386,5.903,Comp0016,Web0002,6,30681,443,16,31,810,2009
134249.50954341533,0.225,Comp0047,DC0002,6,55394,389,10,3,504,1283
134249.90083751956,0.764,Comp0013,Web0002,6,52432,443,4,41,645,5005
134261.36448175972,1.564,Comp0069,DC0001,6,13409,389,3,3,302,832
134261.44210885317,1.783,Comp0055,Web0005,6,22908,443,6,33,380,9058
134262.87072260008,12.859,Web0001,DB0002,6,2019,5432,70,328,1533,19334
134269.66730262176,0.327,DC0001,DNS0002,17,32524,53,2,3,105,150
134273.97517150285,3.498,Comp0022,FS0001,6,43938,445,13,100,4473,16269
134275.31564418477,4.663,Comp0035,Web0004,6,1783,80,6,124,109,4085
134277.42710029733,0.027,Comp0057,Web0002,6,48387,80,13,28,1227,7023
134284.03708358208,2.07,Comp0078,FS0001,6,56316,445,10,79,2746,8297
134287.4124665156,0.129,Comp0059,DNS0002,17,43370,53,3,2,93,135
134288.16783237003,4.57,Comp0060,Web0004,6,62634,443,12,48,3284,827
134291.34399336175,7.327,Comp0021,DC0001,6,7842,88,7,7,1463,387
134293.99280024873,0.491,Comp0031,DNS0001,17,15156,53,2,3,134,314
134306.4126973874,1.583,Proxy0002,Ext0036,6,38316,443,21,85,1348,4600
134306.69194050008,9.827,Comp0032,Web0006,6,49842,443,10,26,639,1164
134307.59481928177,0.041,Comp0037,DNS0001,17,20720,53,2,3,54,164
134308.0224019793,7.653,Comp0005,DC0001,6,44150,445,24,91,483,7979
134315.22069646165,0.671,Comp0042,Web0001,6,49776,443,7,14,1161,4984
134315.66902801365,12.546,Comp0006,FS0003,6,35470,445,17,45,1397,27836
134316.64815377188,2.232,Comp0013,DC0002,6,8511,389,3,14,35,441
134320.03126443265,1.761,Comp0049,DC0001,6,32516,88,10,11,144,866
134321.87769148248,0.022,Comp0051,DNS0001,17,52537,53,3,2,101,124
134334.29283729466,0.687,Comp0056,DNS0002,17,65423,53,2,3,87,186
134336.99011861245,15.15,Comp0063,FS0003,6,56196,445,54,64,2671,9490
134346.51065375673,13.232,Comp0015,Web0005,6,32903,80,9,25,320,22543
134348.130576808,9.63,Comp0033,Web0003,6,12348,443,7,30,259,2680
134352.80426558896,21.662,Comp0040,Web0001,6,9157,443,14,28,1431,17787
134355.5743689072,0.098,Comp0024,Proxy0002,6,60509,3128,7,59,728,6761
134358.2869885878,0.42,Web0002,DNS0001,17,51559,53,2,2,93,79
134359.3000498775,0.063,Comp0016,DNS0001,17,48625,53,2,3,104,166
134371.69755515156,0.058,Comp0053,DNS0001,17,40144,53,2,2,94,92
134374.2336264723,5.109,Comp0028,DC0002,6,18000,445,9,41,536,4789
134378.90278440874,3.122,Comp0050,Mail0001,6,9367,587,13,5,791,1681
134381.82363985834,1.128,Comp0054,DC0002,6,30012,88,8,6,306,487
134385.79471391728,2.595,Comp0001,DC0002,6,36029,88,10,7,1414,199
134386.49088295223,0.48,Comp0001,DC0002,6,63668,389,2,15,489,1273
134390.214126317,0.534,Comp0051,Web0006,6,2654,443,5,19,1309,933
134402.74107261075,0.082,Comp0048,DNS0002,17,45879,53,2,3,99,97
134403.08688929697,8.82,Web0001,DB0002,6,61040,3306,11,88,810,10623
134428.31070507315,2.337,Comp0030,DC0002,6,48096,389,4,4,1548,528
134437.98263500503,4.201,Comp0052,Web0005,6,29983,80,7,102,465,19257
134439.1336720543,6.676,Comp0065,FS0001,6,14933,445,6,18,818,47361
134445.2358398437,0.247,Comp0073,DNS0001,17,37423,53,2,2,40,100
134447.00551877086,0.62,Comp0071,FS0003,6,42540,445,23,31,4499,19399
134448.8001697747,6.304,Comp0032,Web0001,6,20176,443,12,67,1043,1227
134449.574379457,1.891,Comp0049,Web0005,6,56000,80,10,20,1725,19234
134458.44766350224,0.062,Comp0011,DNS0001,17,56554,53,3,2,77,161
134463.2928193098,3.88,Comp0050,DC0001,6,42716,88,6,6,150,273
134468.40621437898,7.216,Web0005,DB0003,6,47883,3306,19,28,2006,42710
134473.2662126888,1.944,Comp0027,Mail0002,6,9171,993,13,11,551,1852
134479.0585453776,3.934,Comp0058,Web0004,6,38078,80,8,48,1452,5093
134480.16357989554,1.563,Comp0074,Web0003,6,64004,443,7,48,4298,11976
134481.51866012628,0.266,Comp0009,DNS0001,17,35260,53,2,2,52,192
134481.77811550893,0.663,Comp0072,Web0001,6,4340,443,4,36,146,1589
134486.76297723182,7.941,Comp0079,Web0002,6,44902,443,16,86,1666,2400
134487.3906674427,0.9,Comp0068,DC0001,6,35623,88,3,6,244,259
134491.94104872455,0.31,Comp0040,DNS0001,17,3243,53,2,3,41,174
134493.6268753928,0.312,Comp0013,DNS0002,17,58624,53,3,3,37,224
134494.57566679418,42.731,Comp0069,FS0001,6,1841,445,14,80,3892,76996
134498.12648966815,0.312,Proxy0001,DNS0001,17,54919,53,2,2,63,84
134498.56957150166,4.656,Comp0061,Mail0001,6,6967,993,3,17,567,1022
134502.42461477584,9.97,Comp0038,Web0001,6,26520,443,16,75,518,29958
134505.88656303924,0.055,DB0002,DNS0001,17,7573,53,3,3,140,73
134506.65090472554,0.665,Comp0006,DNS0002,17,44829,53,2,2,84,156
134507.10809218654,7.081,Comp0052,Proxy0002,6,36483,3128,31,179,231,3184
134508.93690541692,1.167,Comp0047,DNS0001,17,10604,53,2,2,77,141
134512.47352466645,1.266,Comp0059,Mail0002,6,25690,993,11,8,551,710
134521.0237984328,0.325,Comp0017,DNS0001,17,22623,53,2,2,87,97
134523.20802714702,1.98,Comp0079,FS0003,6,18762,445,47,110,1262,21350
134528.42492908813,2.666,Comp0048,DC0001,6,8582,389,4,7,706,184
134529.2804383957,11.437,Comp0003,Proxy0002,6,50129,3128,15,5,1716,23577
134530.87844537917,3.932,Comp0038,Proxy0002,6,59232,3128,4,20,3424,18617
134531.67001472093,4.044,Comp0018,DC0002,6,21844,88,4,7,160,78
134532.55870986643,0.161,Comp0050,DNS0002,17,17328,53,3,3,71,154
134534.5543009169,2.091,Comp0065,Proxy0002,6,2649,3128,4,32,3216,3816
134535.0397734635,0.486,Comp0020,DNS0002,17,60423,53,3,3,100,280
134538.52885186137,12.166,Comp0004,FS0003,6,43061,445,30,178,3196,18551
134543.28333490746,6.201,Comp0036,DC0002,6,21115,389,4,3,362,176
134543.914636048,0.233,Comp0030,DNS0001,17,17653,53,3,2,74,53
134551.29832936398,7.79,Comp0043,DC0002,6,25940,88,4,25,1161,405
134554.18819889083,0.607,Comp0079,FS0001,6,25945,445,11,171,3227,31746
134555.35614318965,0.043,Comp0057,DNS0001,17,23883,53,2,3,60,34
134557.67826603187,6.41,Comp0008,Web0002,6,2275,80,8,61,2928,3369
134558.56322203568,0.004,Comp0072,DNS0002,17,37543,53,2,3,91,450
134562.8362427431,84.328,Comp0018,FS0001,6,60903,445,18,92,2046,13518
134563.08575310552,4.038,Comp0071,DC0002,6,61944,445,6,38,3060,12822
134564.38920393764,2.005,Comp0060,DC0001,6,65143,88,8,3,257,874
134567.22846464836,5.333,Comp0011,Web0003,6,62115,443,9,19,1708,2546
134567.82777532013,23.305,Comp0053,FS0003,6,33299,445,22,139,1203,38008
134570.4757658303,0.829,Comp0079,Web0002,6,61862,443,5,18,719,1196
134570.98847586213,5.576,Comp0023,FS0003,6,29080,445,23,97,1610,42504
134574.23961884482,0.081,Comp0033,DNS0001,17,17876,53,3,3,103,138
134574.5258492316,10.139,Comp0073,Web0001,6,56565,443,6,41,424,5226
134577.59223240556,0.0,Comp0059,DNS0002,17,12347,53,2,3,51,58
134586.78979166006,2.468,Comp0073,Mail0002,6,47719,993,4,9,281,367
134599.35536472537,1.786,Comp0073,DC0002,6,60473,88,9,5,135,1323
134599.5679840846,0.004,Comp0073,DNS0001,17,10198,53,2,3,68,205
134602.49898868107,0.046,Comp0009,DNS0002,17,38289,53,3,2,77,157
134611.55758190958,0.706,Comp0053,DNS0001,17,38170,53,2,2,27,196
134611.57977457548,1.365,Comp0073,Web0006,6,39285,443,12,46,809,2593
134612.6329956746,0.823,Comp0040,DNS0002,17,50820,53,3,2,29,84
134614.12340174406,40.567,Comp0055,FS0003,6,33030,445,11,40,1206,14217
134615.24200769947,5.588,Comp0034,Proxy0002,6,9117,3128,11,13,1129,16560
134621.9334898491,0.105,Comp0052,DNS0001,17,41506,53,2,3,50,100
134628.5504966318,32.271,Comp0064,DC0001,6,15304,445,51,72,1869,23900
134630.87861557343,3.735,Comp0075,Web0006,6,61323,80,24,76,340,426
134631.3238111484,4.514,Comp0017,FS0001,6,41336,445,74,189,4970,29736
134631.33586392,2.052,Comp0054,Proxy0001,6,4941,3128,18,105,334,10432
134636.71643231533,0.054,Comp0016,DNS0002,17,50540,53,3,3,58,164
134639.08185744146,0.017,Comp0006,DNS0002,17,57683,53,2,2,70,98
134641.6120627004,0.39,Comp0023,DNS0002,17,31261,53,2,3,82,96
134641.99385708163,0.048,Comp0076,DNS0001,17,31639,53,3,3,69,238
134642.63635218507,0.055,Comp0048,DNS0002,17,9181,53,3,3,85,247
134643.5080447282,8.739,Comp0016,Web0006,6,43771,443,5,24,612,1008
134646.5605815389,2.419,Comp0006,FS0003,6,64068,445,45,63,762,12088
134650.18606473843,0.023,Comp0041,DNS0002,17,12661,53,2,2,36,227
134652.67176648066,13.435,Comp0033,DC0002,6,26860,88,4,6,587,567
134652.8067053398,0.179,Comp0012,Mail0002,6,7724,993,4,11,380,2028
134659.92105963445,0.233,Comp0059,Web0004,6,63984,80,10,19,330,11993
134665.26485734363,2.06,Comp0023,Web0002,6,11923,443,14,68,663,2249
134670.89810342842,0.073,Comp0036,Web0002,6,11315,80,5,14,1394,893
134672.53954996943,0.914,Comp0030,DC0002,6,10703,389,4,5,68,859
134673.8852649235,10.078,Comp0046,Web0004,6,32636,443,7,77,260,51129
134675.05359595938,15.168,Comp0002,FS0001,6,11728,445,13,113,1613,42277
134678.09279618593,2.146,Comp0045,Web0002,6,16241,443,2,58,216,6470
134680.89730905677,1.347,Comp0045,Proxy0001,6,42973,3128,8,16,319,20936
134683.69251957806,0.798,Comp0005,Web0006,6,17207,443,4,7,400,1977
134685.27870640365,6.933,Comp0078,Web0006,6,59905,80,8,49,2069,62707
134686.34194621988,0.342,Comp0010,DNS0002,17,60709,53,3,3,40,68
134691.1152369908,0.543,Comp0035,Proxy0002,6,19595,3128,5,47,3279,1162
134696.18263851025,12.664,Comp0080,Web0006,6,30821,80,9,12,3171,730
134701.33436861174,7.74,Comp0010,FS0003,6,38762,445,17,73,1432,98806
134706.61351458976,0.045,Comp0076,DNS0001,17,48948,53,3,3,91,274
134708.39110235692,1.608,Comp0060,Mail0002,6,26149,993,7,8,188,465
134710.39893481022,0.049,Comp0068,DNS0001,17,62664,53,2,2,65,259
134710.71414830873,6.916,Comp0054,DC0002,6,52986,389,6,4,440,403
134716.92481661247,2.59,Proxy0002,Ext0020,6,56855,443,5,86,3399,6939
134717.23603732671,0.162,Comp0020,DNS0002,17,53359,53,3,2,84,107
134721.0241964704,0.038,Comp0040,DNS0002,17,47809,53,3,2,48,126
134723.84886536835,6.383,Comp0040,DC0002,6,58612,389,7,15,2904,822
134727.6252401211,1.045,Comp0028,Web0004,6,4813,80,18,70,460,12999
134736.49507155234,0.115,Comp0030,DNS0001,17,54259,53,3,3,42,223
134742.23845002925,0.617,Comp0033,Proxy0002,6,50505,3128,7,9,327,4121
134743.95913345861,0.505,Comp0035,DC0002,6,48331,88,9,15,70,304
134744.5879622891,0.201,Comp0047,DNS0002,17,15378,53,2,2,169,179
134744.9127295759,1.218,Comp0045,Mail0002,6,27408,587,5,4,1200,600
134755.388953987,0.504,Comp0037,Proxy0001,6,15564,3128,6,48,529,4655
134758.92429262283,13.514,Comp0005,Web0005,6,19217,443,4,203,123,10178
134765.02906517062,0.077,Comp0026,DC0001,6,3403,389,3,3,309,933
134767.2032571262,2.928,Comp0020,Web0006,6,29142,443,7,23,758,22006
134770.18350590437,4.78,Comp0073,DC0001,6,15007,445,39,249,4884,10793
134775.8016605483,0.109,Comp0075,DNS0002,17,12141,53,2,2,76,332
134776.80811894368,11.69,Comp0079,Web0005,6,54014,443,15,34,2308,6645
134777.40508710287,0.345,Comp0001,DNS0001,17,21544,53,3,3,65,63
134785.8259057791,0.031,Comp0018,DNS0002,17,62289,53,2,3,51,125
134786.86966582824,2.392,Comp0047,DC0001,6,64341,389,13,4,197,346
134789.38623532298,7.625,Comp0021,Proxy0001,6,5050,3128,8,30,700,7378
134792.1088548653,9.475,Comp0058,Proxy0001,6,28697,3128,5,78,666,4098
134793.17169690065,3.373,Comp0043,Proxy0002,6,15388,3128,7,93,104,4925
134796.64344073884,10.434,Comp0012,Web0005,6,36919,443,7,240,134,10346
134801.32428026135,4.07,Comp0001,Web0001,6,2558,80,7,258,6954,5356
134803.25998551992,35.925,Web0001,DB0004,6,8440,3306,17,101,617,26305
134812.5899571241,5.874,Comp0059,Web0006,6,61767,443,15,43,387,3909
134813.51358959067,6.742,Comp0063,Mail0001,6,35781,993,4,27,1067,197
134815.81071842287,0.387,Comp0079,Web0003,6,44387,80,10,63,797,2471
134821.0681792472,0.115,Comp0022,DNS0002,17,53689,53,3,3,107,194
134825.072815995,0.883,Comp0017,Mail0001,6,48870,587,5,43,354,539
134831.488118152,3.853,Web0002,DB0004,6,36820,3306,19,336,2927,12030
134836.35610168008,0.735,Comp0043,DC0002,6,14350,88,4,4,146,1270
134840.1386273165,0.545,Comp0035,DNS0002,17,10439,53,3,3,56,124
134850.4798143928,2.332,Comp0047,DC0002,6,44501,389,4,10,440,839
134851.45336251348,0.066,Comp0056,DNS0001,17,38486,53,2,3,101,196
134853.82820303467,0.085,Comp0042,DNS0002,17,39052,53,2,3,54,95
134858.31294173346,0.489,Comp0007,DC0001,6,49177,88,3,16,915,2089
134859.06785028867,0.083,Comp0046,DNS0001,17,27041,53,4,4,48,146
134860.3121943735,1.258,Comp0012,Web0006,6,57742,443,7,17,2531,795
134866.72953200398,1.97,Comp0049,Proxy0001,6,10190,3128,5,22,2040,2091
134868.70484927,0.055,Comp0051,DNS0001,17,47506,53,3,2,70,140
134869.6519765592,47.468,Comp0006,FS0003,6,30886,445,27,80,3633,7464
134872.08591493964,5.797,Comp0032,Web0006,6,31259,443,12,28,538,15486
134872.95509523718,2.304,Comp0070,Mail0002,6,8723,587,4,3,176,689
134873.84314099848,11.576,Comp0031,Web0001,6,63033,443,18,10,925,1499
134882.58420536385,0.027,Comp0067,Web0005,6,3829,443,5,56,584,4837
134885.36191145465,23.729,Comp0047,Proxy0002,6,48897,3128,6,34,602,68035
134894.02187299484,0.511,Comp0079,Web0003,6,2278,443,9,131,553,4907
134899.52878591442,2.644,Comp0051,Web0005,6,50915,443,5,122,2992,20582
134902.36143510355,7.027,Web0001,DC0001,6,13515,389,4,9,352,256
134903.495874605,5.178,Comp0072,Web0002,6,56729,443,18,73,203,19071
134921.3604619942,4.37,Comp0010,FS0001,6,7091,445,13,247,1665,1327
134922.32369680278,0.875,Comp0071,DNS0001,17,29088,53,2,2,123,111
134927.66656800068,0.032,Comp0061,DNS0001,17,6414,53,3,2,56,197
134930.205976794,0.024,Comp0019,DNS0002,17,24182,53,2,2,72,242
134932.6115082402,2.096,Comp0065,DC0002,6,48950,445,15,257,655,32844
134933.09281453624,0.909,Comp0045,Web0001,6,16165,443,17,37,4755,5592
134933.22431219806,0.073,Comp0034,DNS0002,17,64522,53,3,2,37,111
134938.39807022485,0.309,Comp0059,DNS0001,17,7950,53,2,4,58,445
134943.6260365238,9.248,Comp0059,Proxy0001,6,3410,3128,6,132,507,14584
134944.58734348897,0.271,Comp0044,DNS0002,17,34978,53,2,3,32,142
134952.10871108083,0.375,Comp0008,DNS0001,17,20260,53,3,3,87,96
134953.6430798321,2.268,Comp0076,Web0002,6,51271,443,8,49,728,13992
134957.8620731303,1.941,Comp0067,Web0002,6,31769,443,9,61,364,2159
134961.2847201381,0.045,Comp0068,DNS0002,17,38591,53,2,2,62,202
134961.33103710646,3.215,Comp0076,Proxy0002,6,63710,3128,5,43,674,2899
134964.0422066639,0.146,Comp0069,DNS0002,17,64183,53,3,2,103,148
134975.94836233705,4.655,Comp0012,FS0003,6,52577,445,7,69,4024,10080
134980.58844178886,6.164,Comp0016,DC0001,6,54105,445,52,87,1798,370589
134983.18757286947,0.952,Comp0012,DC0001,6,15142,389,4,3,155,227
134983.32362431422,6.726,Comp0019,DC0002,6,20727,389,3,8,647,753
134984.63149177222,5.956,Comp0061,FS0003,6,47759,445,7,214,176,6771
134994.65792277653,0.119,Comp0006,DNS0001,17,56833,53,3,2,44,179
134996.70608976026,0.055,Comp0034,DC0002,6,8242,389,8,4,710,731
134996.86536512262,0.072,Comp0058,Proxy0002,6,40272,3128,6,37,313,8230
134999.25937664238,12.05,Comp0002,Proxy0002,6,22466,3128,7,30,467,8031
135000.67184960283,5.117,Comp0023,Proxy0002,6,47285,3128,4,13,333,14969
135012.26937873117,2.128,Comp0065,Proxy0002,6,52087,3128,15,80,1800,12278
135013.8821273924,0.017,Comp0039,DNS0002,17,15785,53,3,2,72,86
135015.49606647313,0.05,Comp0040,DNS0001,17,15079,53,3,3,58,92
135016.72872441562,14.29,Comp0076,Web0003,6,20404,443,16,38,267,12041
135018.02520368603,0.498,Comp0017,DNS0002,17,13085,53,3,2,51,63
135020.87204667993,0.472,Comp0048,DC0002,6,7517,88,7,7,1136,1324
135022.45953492532,1.599,Comp0005,Web0003,6,48659,80,8,19,832,8527
135023.7646973044,14.555,Comp0001,FS0002,6,51671,445,22,147,5738,2516
135024.20563333065,0.978,Comp0015,FS0001,6,44850,445,22,53,1594,25616
135024.47934564087,2.702,Comp0036,DC0001,6,63576,389,3,15,930,391
135034.1125995872,0.295,Comp0076,DNS0001,17,11652,53,4,3,112,254
135034.48286133196,9.33,Comp0059,DC0001,6,62761,445,27,16,1025,10431
135035.80057116435,2.547,Comp0070,Web0001,6,38763,443,3,25,288,25748
135044.22983971777,0.16,Comp0029,DNS0001,17,54377,53,2,3,95,95
135045.0527354843,0.031,Comp0013,DNS0002,17,52746,53,2,2,77,49
135045.14987001853,2.072,Comp0053,Web0002,6,43438,80,13,60,300,6893
135052.3501743644,2.475,Comp0052,Proxy0002,6,24581,3128,11,93,588,12467
135054.81164328227,0.357,Comp0039,DC0001,6,8238,88,4,5,542,2850
135056.80681538262,8.037,Proxy0002,Ext0005,6,34624,80,5,67,667,15753
135060.4511749716,0.159,Comp0010,DC0001,6,58282,88,4,7,272,910
135061.61792679154,1.709,Comp0055,Web0006,6,52512,443,13,55,1282,3501
135062.0046980617,4.823,Comp0059,Web0005,6,20248,443,6,23,931,6333
135065.01182570218,0.368,Comp0005,DNS0002,17,39760,53,3,3,105,300
135065.09886556293,0.04,Comp0076,DNS0002,17,19521,53,2,2,60,151
135068.04982225032,8.675,Comp0049,Web0001,6,50519,443,10,5,313,2238
135069.37067982717,1.985,Comp0041,Web0006,6,10365,443,20,34,863,8241
135079.63030195018,0.158,Comp0075,DNS0001,17,52889,53,2,2,39,130
135082.59296539403,1.355,Comp0071,Web0002,6,37632,443,13,36,1569,14250
135083.2990944647,0.094,Comp0063,DNS0002,17,65216,53,3,3,96,89
135084.2268079819,0.146,Comp0022,DNS0002,17,55089,53,2,2,57,78
135087.2073247804,3.11,Comp0063,Web0006,6,16761,443,4,15,203,15511
135088.758093047,0.063,Comp0042,DNS0002,17,17782,53,2,2,96,103
135088.88661577314,1.644,Comp0022,Web0004,6,38818,80,8,37,1194,6236
135090.79334369898,6.113,Comp0069,Web0003,6,27196,443,5,100,330,2482
135098.1145348981,0.588,Comp0054,DC0001,6,5281,389,4,3,354,416
135098.49456152014,11.894,Comp0076,Proxy0002,6,54146,3128,8,46,939,13327
135102.3699956651,0.094,Comp0038,DNS0002,17,20211,53,2,2,53,209
135103.9500568402,8.945,Comp0071,Web0004,6,58570,443,6,68,445,15646
135106.2680049528,0.204,Comp0051,DNS0001,17,29322,53,3,3,94,138
135106.5848251171,5.66,Comp0070,Web0006,6,22822,443,16,113,242,3636
135108.0938484224,12.848,Comp0066,FS0001,6,10252,445,30,233,469,1653
135109.89937615822,0.211,Comp0046,Web0004,6,38655,443,33,26,195,5516
135117.37726609327,5.185,Comp0057,Proxy0002,6,8123,3128,11,181,7146,17627
135119.76343108938,3.355,Comp0036,Web0004,6,12698,443,10,81,842,2043
135119.80551780976,3.877,Comp0061,FS0001,6,65363,445,13,215,2788,70665
135122.14744054765,0.107,Comp0059,DNS0001,17,50266,53,3,3,106,171
135122.94280445913,0.063,Comp0063,DNS0001,17,61462,53,2,2,47,258
135124.0633904288,1.625,Comp0063,Mail0001,6,27765,993,3,5,932,527
135142.2255361628,0.016,Comp0011,DNS0002,17,8344,53,2,2,69,149
135142.27254039317,0.741,Comp0043,DNS0001,17,17351,53,3,3,64,103
135142.35124379076,0.046,Comp0027,DNS0002,17,4988,53,2,2,47,138
135145.8439530161,11.571,Comp0033,FS0003,6,54913,445,26,23,491,28385
135146.54975729386,0.333,Comp0033,Web0004,6,17094,80,8,39,884,3388
135146.65373895562,22.233,Comp0078,Web0006,6,19785,443,12,22,567,3160
135146.99078572515,13.877,Comp0033,Web0003,6,34901,443,8,116,1709,17077
135154.56690823747,0.43,Comp0039,DNS0002,17,20481,53,2,2,149,382
135155.2776642845,5.419,Comp0078,Mail0001,6,26643,587,7,11,983,1003
135163.08060602532,4.024,Comp0051,Web0005,6,16514,443,8,120,769,12028
135169.2907411954,7.206,Comp0060,DC0001,6,39711,88,11,5,547,331
135180.88597562222,0.199,Comp0039,DNS0002,17,25678,53,4,2,86,57
135185.17518775188,20.767,Comp0056,DC0001,6,46310,445,22,206,15816,105160
135185.23361529678,1.033,Comp0073,Proxy0001,6,2294,3128,5,22,564,6713
135186.3249825235,0.102,Comp0035,DNS0002,17,26960,53,2,3,61,347
135192.46944367554,17.197,Proxy0001,Ext0035,6,9686,80,7,33,483,5431
135193.97516272528,0.529,Comp0053,Proxy0002,6,46672,3128,7,51,2166,46927
135201.53025414722,0.009,Comp0073,DNS0001,17,50258,53,2,2,73,168
135206.22486328197,3.409,Comp0042,Web0002,6,4178,443,9,21,744,17342
135206.33368444373,0.018,Comp0022,DNS0002,17,37459,53,2,2,43,344
135206.79941180922,3.714,Comp0003,Web0001,6,25265,443,9,25,3000,6023
135208.96606396453,2.771,Comp0054,Mail0002,6,50315,587,5,9,628,390
135209.45655606838,0.714,Comp0066,FS0003,6,20160,445,33,507,647,67135
135210.87309419207,0.256,Comp0023,DNS0002,17,56027,53,2,3,52,112
135211.64979832026,0.266,Comp0053,Web0003,6,29974,443,22,16,131,5391
135211.76787642148,0.362,Comp0045,Proxy0002,6,53536,3128,3,12,552,20406
135216.0335496615,1.9,Comp0035,Proxy0002,6,55770,3128,9,26,862,3190
135218.5936958263,13.348,Comp0070,Proxy0001,6,47556,3128,5,42,1356,4890
135220.204311423,36.781,Comp0010,FS0001,6,55537,445,35,70,733,16569
135221.17173696187,5.613,Comp0035,Proxy0002,6,28741,3128,5,19,866,1591
135221.36358038522,0.026,Comp0018,DNS0001,17,35440,53,2,3,57,256
135221.37129036075,1.48,Comp0043,Mail0001,6,63996,993,4,3,777,743
135224.8477045812,3.613,Comp0038,Proxy0002,6,40906,3128,5,66,485,1160
135225.6345492805,1.229,Comp0014,Web0001,6,32568,443,16,68,1173,15324
135227.39016325268,7.633,Comp0005,DC0001,6,57452,445,45,86,1554,5085
135237.59308028716,14.48,Comp0011,FS0003,6,63938,445,23,22,2037,13799
135240.75140347262,2.14,Comp0040,DC0001,6,4962,88,7,8,660,550
135244.81207787618,10.441,Comp0034,Web0004,6,12151,443,7,53,687,8783
135246.05377516273,12.324,Comp0060,Proxy0001,6,53705,3128,12,69,1417,2448
135248.3402400549,2.33,Comp0065,DC0001,6,2510,88,4,5,266,4141
135249.31527335913,22.177,Comp0040,FS0002,6,43614,445,76,31,1268,19151
135249.49489731452,6.069,Comp0067,Web0005,6,55817,443,37,36,383,27877
135252.68879100226,4.265,Comp0076,Web0001,6,60484,80,10,19,965,17364
135258.25166788782,11.056,Comp0029,Proxy0001,6,52003,3128,8,28,2304,42383
135261.78609434166,13.794,Comp0037,Web0003,6,57270,80,19,74,190,6585
135262.8702512793,5.229,Comp0064,Web0003,6,40494,80,5,65,210,2054
135265.02354507276,6.147,Comp0043,FS0001,6,54258,445,21,229,2590,11116
135275.5867601776,6.562,Comp0061,FS0003,6,28320,445,3,28,7576,31166
135282.04891061242,1.727,Comp0020,Web0003,6,13983,443,3,90,478,755
135282.69310078744,4.077,Comp0005,Web0001,6,18792,80,40,44,2678,1288
135284.88635646825,18.141,Comp0054,Web0004,6,23190,443,6,104,3307,8517
135285.95546096785,1.609,Comp0079,Web0002,6,63887,443,23,84,2212,1303
135290.19289811066,7.753,Comp0050,FS0001,6,63988,445,13,206,19325,9526
135292.83788050528,3.363,Comp0029,Mail0001,6,4821,993,4,20,174,3054
135300.26286786373,3.485,Comp0044,Web0002,6,11505,443,8,34,1151,4569
135304.46568639483,4.582,Comp0027,Web0006,6,50946,443,13,16,980,6384
135308.60697929998,3.219,Comp0040,Web0004,6,34509,80,7,43,613,4623
135308.7680121853,4.958,Comp0008,Proxy0001,6,21321,3128,19,73,1672,3267
135310.3928283278,0.028,Comp0018,DNS0002,17,61655,53,2,2,114,122
135313.83143921444,4.354,Comp0032,Proxy0001,6,28887,3128,13,36,311,8885
135320.26021171536,7.856,Comp0033,Web0001,6,2771,443,3,27,524,4074
135321.28424877673,7.54,Comp0079,DC0001,6,13034,389,2,7,600,2116
135324.6832886014,0.762,Comp0030,Proxy0002,6,56678,3128,10,17,1528,2214
135324.91206180677,0.208,Comp0070,DNS0001,17,57362,53,2,2,147,106
135324.9168081191,0.099,Comp0030,DNS0001,17,2652,53,2,2,69,93
135328.54354593437,0.316,Comp0011,DNS0001,17,10233,53,2,4,61,107
135328.63646648487,0.153,Comp0063,DNS0002,17,43702,53,3,2,50,77
135334.1469373646,0.65,Comp0066,Web0006,6,38870,443,4,26,1142,1734
135336.01919352784,0.501,Web0001,DB0003,6,25954,5432,140,25,2726,17107
135338.29935531403,0.113,Comp0070,DNS0001,17,7506,53,2,2,56,124
135338.66127919505,75.541,Comp0048,FS0002,6,33204,445,25,29,1012,2403
135340.49649868533,2.356,Comp0064,Web0006,6,36878,80,14,21,3820,7640
135341.20827841436,0.184,Comp0063,DNS0002,17,28758,53,2,3,59,296
135352.02776842564,0.138,Comp0064,DNS0001,17,14399,53,2,2,56,155
135352.49391956662,0.037,Comp0050,DNS0001,17,31814,53,3,3,164,102
135355.83575508566,0.169,Comp0014,DNS0002,17,46451,53,2,2,93,136
135356.05891343104,0.038,Comp0023,DNS0001,17,4560,53,2,3,78,263
135359.51635828486,14.259,Comp0077,DC0001,6,41165,445,54,56,4060,393
135363.65888814675,11.206,Comp0075,Web0001,6,30320,443,8,91,753,15932
135372.10418189247,1.097,Comp0055,Mail0002,6,44612,587,5,18,911,264
135372.70378613885,10.144,Comp0051,DC0002,6,33391,445,23,94,5930,6782
135374.70342171358,2.015,Comp0022,Web0005,6,33288,443,11,102,573,2742
135387.62276280342,1.573,Comp0012,Proxy0001,6,11678,3128,24,14,959,5286
135388.0098681827,5.446,Comp0055,Proxy0002,6,13954,3128,10,49,207,4216
135398.27726473595,2.057,Comp0051,Proxy0001,6,44502,3128,9,48,538,24069
135399.22829691283,0.014,Comp0023,DNS0002,17,5394,53,3,2,58,102
135399.64462171198,12.224,Comp0008,Web0001,6,64440,443,16,37,165,3818
135405.38053173435,9.83,Comp0003,FS0003,6,7927,445,8,66,973,33221
135426.47988965802,0.252,Comp0020,DNS0002,17,18698,53,3,2,73,109
135429.3636398298,4.569,Comp0054,Web0005,6,38162,80,4,14,1967,9769
135429.53803928907,1.335,Comp0005,Web0002,6,23895,443,11,19,8250,3592
135432.83921931963,0.008,Comp0024,DNS0001,17,27417,53,2,2,88,99
135435.78262640876,6.943,Comp0078,Web0002,6,3609,443,7,162,648,13796
135439.77405817877,54.029,Comp0007,FS0001,6,52149,445,86,67,6774,4942
135442.7912236555,0.061,Comp0021,DNS0002,17,53777,53,3,2,44,113
135447.44150033421,0.112,Comp0004,Web0006,6,25893,443,11,47,147,3972
135448.55993809766,0.305,Comp0021,DNS0002,17,35815,53,2,2,120,99
135456.4640201863,0.052,Comp0013,Web0004,6,38515,443,10,158,2341,18628
135460.07064998982,9.013,Comp0033,Web0003,6,1043,80,11,29,4028,8356
135460.58304620426,3.059,Proxy0002,Ext0009,6,22793,80,10,38,1873,4030
135463.16926684848,28.582,Comp0074,FS0001,6,8766,445,17,126,1191,66340
135469.64174168414,0.197,Comp0066,DNS0002,17,7499,53,2,2,93,270
135470.2408754573,1.782,Comp0023,DC0002,6,16878,88,5,4,161,68
135475.52605972002,0.629,Comp0027,Mail0001,6,59744,993,9,8,837,1573
135475.68403370026,0.174,Comp0021,DC0002,6,41675,389,7,3,216,422
135482.75027687848,13.464,Comp0005,Web0002,6,6731,443,7,36,1851,2887
135484.73652198282,3.376,Comp0054,Web0002,6,59399,80,8,15,1405,14443
135486.59157472022,7.85,Comp0068,Web0003,6,44912,80,6,77,509,6310
135492.83955667174,2.672,Comp0019,FS0003,6,10796,445,39,683,1791,10950
135493.00416329748,5.537,Comp0053,DC0002,6,5839,88,8,12,147,162
135493.04402463406,6.53,Comp0010,FS0003,6,13035,445,20,236,2405,20335
135509.1658089547,0.031,Comp0015,DNS0001,17,41552,53,2,2,123,204
135512.35146044753,0.085,Comp0064,Proxy0002,6,29254,3128,8,26,310,5230
135512.35999566276,0.109,Comp0036,DNS0002,17,13902,53,3,3,48,171
135515.3137687639,0.009,Comp0031,DNS0002,17,38658,53,2,2,65,87
135516.0428414126,0.118,Comp0052,DNS0001,17,26118,53,2,3,54,191
135516.42438024032,0.271,Comp0002,FS0002,6,43844,445,22,30,2527,4173
135522.0277181395,1.114,Comp0060,Proxy0002,6,41909,3128,5,39,369,1580
135531.13897218427,4.242,Comp0013,Web0001,6,22098,443,6,19,378,3783
135533.8853591069,0.227,Comp0038,Web0002,6,52147,443,6,133,812,40204
135537.46024184895,0.031,Comp0061,Mail0002,6,21520,993,9,13,513,235
135541.97579736225,2.603,Comp0031,Web0006,6,34388,443,8,104,432,4663
135542.64700238855,3.335,Comp0054,Proxy0001,6,39482,3128,12,51,3403,738
135542.77821675118,13.793,Comp0054,Web0006,6,47880,443,8,60,540,5514
135549.16736872555,4.681,Comp0021,Web0005,6,44781,443,6,76,1829,8116
135550.16293494342,5.312,Comp0033,DC0001,6,13475,445,24,21,11237,4460
135552.4890669744,0.509,Comp0041,DNS0001,17,18191,53,2,2,86,129
135553.32834838628,1.175,Comp0018,Proxy0001,6,45985,3128,7,20,865,2403
135553.51083758596,0.139,Comp0072,DNS0002,17,18630,53,3,3,110,62
135564.82588653162,0.368,Comp0017,DC0002,6,13921,88,4,6,178,2467
135565.4045547612,0.164,Comp0005,DNS0002,17,37775,53,2,2,47,167
135565.64563963647,12.847,Comp0012,FS0002,6,2616,445,18,26,3931,32532
135571.07121677132,0.958,Comp0023,DNS0002,17,7889,53,2,3,42,154
135572.11429317974,1.395,Comp0063,Web0003,6,3043,443,4,22,498,26752
135583.23637933045,1.12,Comp0020,Web0004,6,44161,443,6,30,628,31010
135594.519558563,9.719,Comp0034,FS0002,6,22625,445,147,39,1821,12853
135598.00451630834,7.163,Comp0027,Mail0002,6,1360,993,4,3,268,700
135603.6693695309,0.444,Comp0030,DNS0002,17,39777,53,2,2,89,90
135612.31488356044,3.007,Comp0053,Mail0002,6,45937,993,4,13,410,605
135612.363587472,0.046,Comp0068,DNS0001,17,32401,53,2,2,91,186
135621.15947651654,1.259,Comp0037,Web0003,6,29073,80,14,31,582,4859
135628.48572532137,2.259,Comp0042,Web0005,6,23894,80,7,40,463,2426
135636.48478052692,0.322,FS0002,DNS0002,17,1119,53,2,2,60,131
135636.7255503566,0.283,Comp0071,Web0005,6,15746,80,5,38,149,6308
135645.24511181988,0.037,Web0003,DNS0001,17,15246,53,3,2,208,326
135656.89486684214,0.1,Comp0012,DNS0001,17,64040,53,2,2,50,72
135659.7302591888,0.679,Comp0016,FS0003,6,52036,445,13,158,1761,8070
135666.20845710835,1.512,Comp0057,Mail0002,6,63482,993,6,12,86,2659
135666.40841275663,3.031,Comp0076,Proxy0002,6,4905,3128,15,153,800,7911
135669.70067811816,5.216,Comp0043,FS0003,6,55049,445,7,54,1884,3952
135671.82057762454,0.654,Comp0075,DC0001,6,6319,389,4,7,270,455
135671.84919572703,0.103,Proxy0002,DNS0002,17,1347,53,2,3,78,102
135681.02447616577,6.196,Comp0067,Web0006,6,56108,443,8,8,860,13837
135694.66685191455,13.102,Comp0042,Web0005,6,31130,443,18,46,1467,7332
135703.3514659256,0.014,Comp0039,DNS0002,17,1634,53,2,3,46,111
135709.48479934497,7.963,Web0004,DB0001,6,49555,5432,29,111,296,11783
135713.00831239577,5.963,Comp0029,DC0002,6,52109,88,7,4,550,609
135716.74123917098,0.081,Comp0035,DNS0001,17,23370,53,2,2,36,97
135721.78870033368,0.662,Comp0077,Web0003,6,24681,80,12,23,409,7189
135722.88453291357,0.336,Comp0029,DNS0002,17,21892,53,3,2,161,157
135723.48470935624,0.212,Comp0013,Web0004,6,44891,443,11,29,2788,7807
135728.6500616284,0.119,Web0004,DNS0001,17,30510,53,2,3,84,113
135736.31536537618,0.13,Comp0040,DNS0001,17,21797,53,2,2,86,153
135739.36098173243,3.386,Comp0066,FS0001,6,48379,445,10,42,3512,12165
135748.8519124314,0.295,Comp0037,DNS0002,17,44561,53,2,3,87,145
135750.693266358,0.153,Comp0063,DNS0002,17,41725,53,2,3,126,98
135758.09773385822,0.155,Comp0010,DNS0002,17,57524,53,2,2,30,257
135761.46165849094,1.563,Comp0031,Web0003,6,51209,443,5,27,411,1580
135764.8575715416,3.124,Comp0037,DC0001,6,33939,389,12,22,267,580
135768.97891513625,4.948,Comp0009,Mail0001,6,29178,993,12,3,417,371
135770.71607888723,0.016,Comp0031,DNS0001,17,6171,53,3,2,105,142
135774.0568096026,11.502,Comp0038,Proxy0002,6,47816,3128,15,144,310,11899
135774.62315350343,2.84,Comp0061,Web0004,6,59778,80,4,188,8219,33126
135775.34120450405,18.693,Comp0069,DC0001,6,33998,445,67,37,2035,1012
135779.5801747051,7.972,Comp0065,DC0002,6,9234,389,10,6,411,1428
135786.47342465067,0.353,Comp0077,DNS0001,17,56979,53,2,3,99,221
135791.809560668,0.167,Comp0063,DC0002,6,37337,389,6,6,1010,2716
135792.60520792374,1.946,Comp0017,Mail0002,6,5088,587,4,4,233,4348
135797.94878845493,5.053,Comp0046,Proxy0001,6,34904,3128,10,9,599,23957
135804.02613241927,1.5,Comp0067,FS0003,6,34147,445,17,64,1405,73568
135805.111965478,0.221,Comp0046,DNS0001,17,31920,53,3,3,75,176
135813.4844246051,0.154,Comp0007,DNS0001,17,61676,53,3,3,66,122
135814.222544463,2.607,Comp0031,Web0002,6,53557,443,19,50,1610,1399
135817.1102440572,1.831,Comp0004,Web0004,6,5746,80,10,20,4199,1756
135817.34891641152,15.038,Comp0059,Proxy0001,6,50861,3128,4,9,633,87200
135818.0595507778,2.121,Comp0005,Web0005,6,29491,443,7,11,538,5740
135833.9413292377,0.273,Comp0025,DNS0001,17,11091,53,2,2,103,142
135834.52266824312,0.89,Comp0052,Web0004,6,12865,443,10,54,833,16522
135836.3390083,0.0,Comp0011,DNS0002,17,38379,53,2,3,59,72
135841.37241359855,4.072,Comp0003,Web0001,6,17485,443,15,66,480,16232
135843.57964790685,5.792,Comp0003,Web0006,6,52684,443,7,27,826,20551
135846.21519285793,0.502,Comp0072,DC0002,6,20491,389,5,6,621,892
135848.73822233206,2.753,Comp0075,Web0003,6,50635,80,9,9,742,3115
135851.69239957747,2.449,Comp0004,Web0006,6,57876,443,9,27,573,1419
135857.1868666235,0.072,Comp0038,DNS0002,17,65013,53,2,3,115,161
135858.4331827459,0.147,Comp0009,DNS0001,17,18191,53,2,3,62,186
135865.10594344302,1.881,Comp0078,FS0002,6,2885,445,43,87,2270,30902
135865.38607675998,16.788,Comp0056,FS0001,6,11512,445,19,94,3438,13813
135869.7752473277,2.018,Comp0008,Web0003,6,18189,443,8,8,2515,7521
135870.9961528111,0.17,Comp0045,DNS0002,17,57990,53,3,3,43,240
135871.26532178523,4.209,Comp0065,FS0003,6,49573,445,79,48,3416,41570
135873.07765035925,1.423,Comp0031,DC0002,6,24219,88,5,15,222,1546
135875.24001235815,26.483,Comp0048,FS0001,6,29881,445,12,166,1407,1040
135876.74957064813,0.557,Comp0057,DNS0002,17,47816,53,3,2,61,285
135878.55757764066,0.263,Comp0068,Proxy0001,6,17561,3128,18,22,713,7224
135878.74469671937,9.332,Comp0007,Web0002,6,4575,443,8,43,319,23869
135882.19451589324,0.283,Comp0006,DNS0001,17,15216,53,2,2,97,81
135886.41279732354,0.121,Comp0031,DNS0001,17,8599,53,2,3,63,178
135905.98247828925,0.133,Comp0036,DNS0001,17,12812,53,2,2,57,55
135909.16188816182,2.904,Comp0016,FS0002,6,57004,445,45,43,4681,18041
135911.7544117084,0.52,Comp0015,DNS0002,17,8909,53,3,2,116,357
135912.88002025522,0.082,Web0005,DNS0002,17,39544,53,2,2,61,141
135913.2928818497,2.597,Comp0007,FS0003,6,57980,445,14,242,686,12774
135917.02643653034,4.578,Comp0064,Mail0001,6,27663,993,4,12,598,166
135917.25561099898,2.567,Comp0014,Web0005,6,47606,443,9,34,574,3428
135917.7460710768,36.27,Comp0019,DC0001,6,10387,445,13,66,4859,51084
135924.07844721962,0.868,Comp0054,DC0002,6,6533,389,6,4,388,302
135929.2298714926,3.469,Comp0072,Web0002,6,14349,80,14,35,234,7295
135933.24993574966,9.002,Comp0013,Proxy0001,6,29907,3128,10,43,2242,29555
135935.808789821,0.637,Comp0040,DC0001,6,59700,389,4,3,832,198
135937.97957253104,3.299,Comp0015,FS0003,6,57231,445,76,46,655,8116
135939.13863775946,3.271,Comp0047,DC0001,6,12845,88,3,5,459,1620
135941.74806944013,3.646,Comp0062,Proxy0002,6,57837,3128,7,21,917,9774
135946.9972832367,1.398,Comp0045,Web0003,6,19437,443,11,24,1023,1619
135947.84563484625,1.097,Comp0068,FS0002,6,62222,445,51,20,3049,28256
135948.63858122466,0.408,Comp0038,Web0005,6,36534,443,14,70,3322,3192
135950.54805363627,3.191,Comp0068,DC0002,6,43502,389,5,8,394,680
135955.10499156255,3.387,Comp0013,Web0005,6,12403,443,25,82,91,3025
135955.3972635311,0.447,Comp0033,DNS0002,17,49463,53,2,4,40,194
135955.82470096977,6.896,Comp0049,Mail0001,6,20581,587,6,4,479,390
135958.01037922574,6.388,Comp0003,Proxy0002,6,44639,3128,12,108,366,2984
135962.5757086647,3.611,Comp0046,Proxy0002,6,31264,3128,3,12,2435,35311
135962.68779971547,8.749,Comp0063,Proxy0002,6,32857,3128,17,63,2112,3107
135963.97666100512,0.289,Comp0017,Web0006,6,43620,80,9,17,394,1755
135964.92659822432,0.179,Comp0014,DNS0002,17,32048,53,2,2,72,82
135966.91756515697,13.284,Web0003,DB0003,6,38714,5432,19,62,3594,2099
135977.47293562122,9.995,Comp0071,Web0005,6,62090,443,16,43,371,11254
135979.6751047493,0.224,Comp0080,DNS0001,17,45046,53,3,2,49,166
135981.1561555448,5.506,Comp0048,Mail0001,6,37688,993,9,4,687,3596
135981.53422971343,0.228,Comp0054,DNS0002,17,12826,53,2,3,119,191
135983.0859156862,2.733,Comp0027,DC0002,6,20140,389,9,9,191,1393
135993.94945407924,0.699,Comp0031,DNS0002,17,19921,53,2,4,56,298
135999.6719998824,3.174,Comp0033,Web0006,6,57832,443,6,32,250,8612
136002.59341260325,2.819,Mail0002,Ext0023,6,57630,25,8,7,162,434
136006.7124661682,2.009,Comp0067,Web0006,6,23577,443,16,52,270,845
136007.0816428832,20.029,Comp0005,FS0003,6,56484,445,67,20,873,15183
136007.43468031136,2.56,Comp0024,Mail0001,6,28065,993,3,5,325,683
136010.73725988762,1.827,Comp0060,Web0002,6,22633,443,9,68,788,2904
136014.2072380376,0.201,Comp0017,DNS0002,17,41178,53,2,2,85,140
136016.0064980279,6.617,Comp0048,Web0005,6,24800,443,9,11,315,2896
136017.6438858802,4.666,Comp0051,Web0005,6,12778,443,20,50,950,11243
136017.81928839476,19.98,Comp0004,Web0005,6,39006,80,5,12,610,2336
136018.19159069698,2.957,Comp0048,Proxy0001,6,34514,3128,5,172,693,21404
136024.00218307684,0.243,Comp0074,Web0005,6,27159,443,7,68,338,6733
136029.86503823273,7.701,Comp0041,Web0002,6,51768,443,15,128,284,11840
136031.13591189228,0.213,Comp0004,DNS0002,17,34403,53,2,2,78,106
136031.40596310337,0.63,Comp0067,DC0001,6,53922,445,9,809,7734,6575
136045.3684702115,2.928,Comp0066,Web0003,6,3531,443,6,44,1193,1570
136050.53872896935,8.309,Comp0073,FS0002,6,23175,445,78,207,1140,14128
136052.49183726351,1.339,Comp0057,DC0002,6,24934,389,4,16,234,1802
136052.77522630987,0.003,Comp0012,DNS0002,17,21047,53,2,2,67,160
136054.22232329322,0.041,Comp0026,DNS0001,17,8188,53,2,3,69,112
136054.71668522916,2.154,Comp0045,Mail0002,6,39820,587,4,2,1842,126
136059.12472262938,0.092,Comp0070,DNS0002,17,23182,53,2,3,120,143
136059.18916724256,0.076,Comp0065,DNS0002,17,57531,53,3,3,61,449
136059.22888417763,1.99,Comp0044,DC0002,6,44099,88,5,5,1196,542
136059.79893664972,7.531,Comp0001,Proxy0001,6,41957,3128,11,42,2330,3800
136063.544724318,1.615,Comp0013,Proxy0002,6,45833,3128,6,34,3205,25548
136064.88389116232,0.958,Comp0028,FS0001,6,53556,445,101,78,1009,7279
136068.26221155864,0.054,Comp0010,DNS0002,17,17955,53,3,3,87,64
136069.5344578222,10.61,Comp0058,Proxy0002,6,17779,3128,9,100,636,4967
136071.10736671046,8.528,Comp0035,Web0001,6,40526,443,9,150,394,4279
136073.79595796505,2.452,Comp0042,Web0005,6,6901,443,11,64,1225,2413
136074.6691769747,3.688,Comp0018,Proxy0001,6,30445,3128,35,15,683,4409
136076.28233043742,0.17,Comp0060,DNS0002,17,21770,53,2,2,53,240
136076.97739091798,6.725,Comp0027,Mail0001,6,13625,993,13,5,254,654
136081.14705927073,2.952,Comp0008,Web0006,6,53497,443,15,45,3332,24316
136090.06746157055,1.091,Comp0045,Web0006,6,32407,443,13,18,753,3691
136092.7467613374,0.589,Comp0049,DNS0001,17,23207,53,2,3,71,42
136097.0246623387,0.163,Comp0001,DNS0001,17,63052,53,3,3,39,148
136097.85857792193,0.656,Comp0062,Web0004,6,16709,443,16,13,568,24169
136097.8944188193,2.574,Comp0064,Proxy0002,6,5307,3128,4,62,167,2513
136097.9209485336,0.294,Comp0002,DNS0002,17,30579,53,2,3,85,163
136099.46370374257,4.478,Comp0016,Web0002,6,8786,443,14,17,411,3189
136101.06046263885,0.303,Comp0019,DNS0001,17,40595,53,3,3,61,147
136101.66331307826,1.055,Comp0034,DC0001,6,55181,389,4,13,62,356
136104.2209167499,0.153,Comp0035,DNS0001,17,40820,53,2,2,65,94
136110.8678888681,0.101,Comp0073,DNS0002,17,34962,53,3,3,68,193
136113.209432656,1.168,Comp0074,Web0004,6,56529,443,9,43,1052,3493
136120.30418665407,12.611,Comp0007,Proxy0001,6,62463,3128,13,40,302,7607
136126.48349843625,4.089,Comp0055,Web0004,6,1604,80,8,21,154,15345
136134.90793093454,7.001,Comp0071,Mail0001,6,29416,993,3,7,274,415
136139.92713777575,15.557,Comp0019,FS0003,6,27229,445,37,305,1046,5256
136150.34576229766,0.943,Comp0016,FS0003,6,48175,445,52,505,1417,11836
136152.1492255194,31.773,Comp0071,DC0002,6,4036,445,65,72,260,2293
136158.27737031793,2.28,Comp0054,DC0002,6,11533,88,7,3,665,231
136158.7852161891,0.177,Comp0054,DNS0001,17,40889,53,2,2,120,294
136161.71683430442,0.198,Proxy0001,DNS0002,17,2684,53,2,3,51,78
136164.26230528788,20.565,Comp0058,FS0003,6,65361,445,18,164,1535,7971
136167.24136260102,0.85,Comp0006,Web0006,6,3756,443,9,14,2294,24775
136173.8234939002,0.369,Comp0014,DNS0002,17,63765,53,2,3,42,107
136174.396182135,0.006,Comp0015,Proxy0001,6,21073,3128,5,10,1163,7529
136174.4462658271,0.099,Comp0010,DNS0002,17,49762,53,3,2,97,340
136175.80599028975,0.167,Comp0008,DNS0001,17,47137,53,2,2,129,219
136177.3731812905,11.086,Comp0006,Proxy0001,6,23054,3128,4,18,1075,7603
136181.54004496054,0.319,Comp0075,Mail0002,6,25407,993,5,5,1268,432
136187.69847781435,4.964,Comp0017,Proxy0002,6,29650,3128,8,18,436,6752
136191.72698912022,2.418,Comp0046,DNS0002,17,4941,53,2,3,61,149
136196.05705809055,15.083,Comp0022,DC0002,6,48857,445,35,109,1826,8774
136206.58574232602,7.743,Comp0014,Web0003,6,10566,443,15,17,1193,3069
136206.70523127948,1.592,Comp0074,FS0003,6,62600,445,10,38,3406,30064
136213.77288174338,0.546,Comp0030,Web0001,6,43378,443,15,92,449,3141
136215.1869191475,0.175,Comp0008,DNS0001,17,14173,53,2,2,47,51
136219.16622382723,4.352,Comp0015,Web0003,6,3415,80,4,74,313,11176
136221.3133623603,0.099,Comp0078,Web0005,6,1351,443,10,26,109,2404
136221.80645993966,0.56,Comp0043,Web0002,6,60819,443,5,146,1665,1624
136230.06997817682,0.975,Comp0055,Web0006,6,9017,443,18,28,1878,8726
136230.67426702875,3.62,Comp0064,FS0003,6,62890,445,64,183,1770,32394
136236.10571857315,2.858,Comp0020,DC0002,6,17258,88,4,9,161,1025
136238.65216502186,0.903,Comp0076,DC0001,6,24826,88,6,13,175,54
136239.18064808534,1.653,Comp0029,DC0001,6,1842,88,10,2,127,507
136239.64536915865,1.007,Comp0069,Proxy0002,6,53610,3128,21,37,518,3977
136243.6724741841,16.045,Comp0048,Proxy0001,6,4021,3128,5,33,277,3030
136259.33308087924,6.735,Comp0071,Proxy0001,6,15883,3128,6,26,1060,12459
136268.11676849175,0.532,Comp0060,DNS0002,17,29249,53,2,2,39,175
136270.94529802172,7.631,Comp0010,Proxy0001,6,57920,3128,5,47,281,1626
136276.71706336839,0.687,Comp0006,Web0001,6,39616,443,4,12,177,6866
136279.39331144324,1.806,Comp0060,FS0003,6,30701,445,21,140,1998,317153
136293.3008011968,11.013,Comp0049,Mail0002,6,59858,993,6,4,962,1460
136299.38103951715,3.301,Comp0022,DC0001,6,25658,445,66,69,1581,8976
136311.19916613455,0.783,Comp0003,DNS0001,17,26457,53,3,3,70,110
136312.95558132514,4.822,Comp0041,Web0006,6,9625,443,6,9,69,5196
136317.96725945373,1.695,Comp0054,Mail0002,6,26742,993,7,6,994,485
136332.4440599219,0.805,Comp0013,Proxy0001,6,14601,3128,5,115,292,18144
136334.65721115496,0.628,Comp0057,DNS0002,17,16225,53,2,3,38,151
136341.6833416536,11.422,Comp0029,Web0005,6,10771,443,8,12,1002,9646
136350.90359766813,4.082,Comp0002,DC0002,6,62077,389,11,6,1145,816
136353.26155546325,0.378,Comp0066,DNS0002,17,53183,53,2,3,73,139
136362.933347842,4.943,Comp0029,Proxy0002,6,15865,3128,3,10,446,6511
136370.83989710506,0.018,Comp0054,DNS0002,17,6261,53,2,2,55,262
136380.51098498105,1.223,Comp0008,Web0001,6,19008,443,14,48,302,2518
136384.64066119568,8.795,Comp0022,Proxy0002,6,45616,3128,4,23,614,2398
136391.97341197118,2.983,Comp0025,Proxy0001,6,21378,3128,6,33,2044,4255
136395.5415838744,1.519,Comp0039,Web0002,6,59367,443,5,56,2736,7078
136397.9034603959,2.309,Comp0016,Web0001,6,55123,443,22,32,869,59940
136399.1472607472,0.104,Comp0069,DNS0001,17,45199,53,2,3,64,141
136404.50595310488,8.603,Comp0045,Proxy0001,6,59557,3128,17,30,1019,5567
136406.98500206092,10.608,Comp0029,Web0003,6,64542,443,21,52,587,13077
136407.17508914316,1.818,Comp0062,DC0001,6,15437,389,5,3,372,988
136411.37148469186,11.718,Comp0053,Web0005,6,58171,443,4,39,307,10566
136412.0210559432,0.148,Comp0041,Mail0001,6,7664,993,12,4,571,194
136414.67792777639,23.878,Comp0021,Web0006,6,24076,443,5,68,6540,8057
136421.47294410865,18.223,Comp0042,Web0004,6,47485,443,6,50,570,2205
136429.08276135585,0.88,Comp0054,Mail0001,6,65319,587,5,23,287,132
136431.5497088963,2.153,Comp0007,Proxy0001,6,37721,3128,12,385,313,8069
136431.58711774094,3.641,Comp0036,DC0001,6,59731,88,4,13,342,397
136432.9281543779,7.83,Comp0058,Web0001,6,21100,443,9,91,2169,17916
136434.20901965303,0.045,Comp0039,DNS0002,17,53495,53,2,3,84,331
136436.59429067955,2.545,Comp0031,Web0005,6,15773,80,7,27,316,11246
136440.12609369174,0.125,Comp0055,DC0002,6,36729,88,4,3,159,967
136444.7368708208,0.006,Comp0075,DNS0002,17,64873,53,3,3,58,420
136448.70567016708,2.36,Comp0040,Proxy0001,6,21306,3128,14,51,1025,7801
136451.87595400302,0.022,Comp0040,DNS0001,17,52620,53,2,3,51,219
136453.08562423644,14.41,Comp0025,Web0006,6,42308,80,7,52,369,4311
136453.9953146762,0.075,Comp0063,DNS0001,17,35524,53,3,2,52,177
136457.2650809168,0.168,Comp0042,DNS0002,17,10677,53,2,3,61,371
136461.78872291133,12.289,Comp0007,Web0006,6,19226,443,6,65,1965,28299
136464.29639892618,17.38,Comp0001,Web0003,6,31696,443,17,12,467,2802
136471.42741907167,0.78,Comp0040,DNS0002,17,19171,53,2,2,51,144
136471.52617889357,0.672,Comp0035,DNS0002,17,25735,53,2,2,53,213
136473.37915076024,3.797,Comp0079,Web0004,6,19910,443,9,54,820,3000
136473.8750025713,0.126,Comp0080,DNS0002,17,26400,53,3,3,69,90
136480.7148560186,1.241,Comp0005,DC0002,6,8547,88,6,15,1245,217
136481.03440963366,3.681,Comp0045,DC0001,6,51469,88,4,5,1092,861
136484.57172278262,1.126,Comp0058,Mail0002,6,8564,587,5,15,228,384
136484.68758838368,0.05,Comp0048,DNS0002,17,9889,53,2,2,53,129
136489.7639448516,6.527,Comp0024,Proxy0002,6,38146,3128,3,67,421,4157
136501.19666789897,1.119,Comp0015,FS0001,6,16815,445,28,71,2230,2418
136505.07074734554,31.624,Comp0051,FS0001,6,16553,445,15,37,1006,11155
136507.5661467452,5.608,Comp0067,Web0004,6,19043,443,35,68,341,9312
136510.26842958096,0.139,Comp0075,DNS0002,17,2256,53,3,2,37,351
136511.50122116978,0.155,Comp0071,DNS0002,17,12565,53,2,2,50,168
136512.38712196454,3.485,Comp0058,Web0004,6,14255,443,17,53,305,4722
136513.10355391054,2.348,Comp0054,DC0001,6,4872,88,5,11,1105,293
136514.09080482266,5.629,Comp0079,Web0003,6,15604,443,29,51,1097,24800
136515.56201915888,9.402,Comp0056,Web0003,6,42273,443,5,157,1733,6967
136520.04763686602,0.542,Comp0057,Web0006,6,17692,443,12,149,668,7786
136520.58753547713,3.523,Comp0024,Web0005,6,7442,443,11,38,667,1524
136524.25448291303,0.039,Comp0059,DNS0001,17,32413,53,3,3,37,497
136529.3385969542,0.147,Comp0013,DNS0002,17,59694,53,3,3,50,123
136533.79373015044,6.81,Comp0047,Web0005,6,59634,443,6,32,265,53930
136536.71772913312,0.101,Comp0052,DNS0001,17,64655,53,2,2,86,155
136540.72294702,11.994,Comp0067,DC0002,6,8401,88,13,11,442,327
136543.22779191006,5.348,Comp0061,Mail0001,6,55252,587,5,38,1404,1625
136545.24111532012,6.144,Comp0067,DC0002,6,57010,389,10,3,211,1056
136545.77300378968,3.257,Comp0016,Web0001,6,58153,443,11,80,4890,17049
136549.10634871543,5.194,Comp0032,Web0006,6,64606,443,4,15,175,5923
136555.22981797723,0.087,Comp0025,DNS0001,17,5599,53,3,3,96,131
136560.98488169676,0.769,Comp0039,Web0006,6,52419,443,11,22,487,8251
136564.23024062798,10.638,Comp0049,Proxy0001,6,40861,3128,4,26,2394,6442
136565.81612719083,0.555,Comp0038,DNS0002,17,7296,53,3,3,89,142
136569.05969327514,39.074,Comp0035,FS0002,6,12999,445,6,11,8495,210092
136572.20535910229,0.046,Comp0039,DNS0001,17,58581,53,2,2,55,220
136573.96929065342,11.678,Comp0046,Proxy0002,6,41173,3128,33,65,176,2392
136581.59680457157,0.249,Comp0027,FS0002,6,45903,445,35,172,990,6425
136584.0222722111,0.505,Comp0074,DNS0002,17,35293,53,2,3,81,170
136584.93638704886,14.282,Comp0010,Proxy0002,6,16031,3128,14,65,549,3946
136592.81707268662,1.472,Comp0019,Proxy0002,6,52386,3128,13,20,603,32014
136596.47730471817,0.167,Comp0013,DNS0002,17,35797,53,2,3,92,152
136597.23065868518,0.539,Proxy0002,DNS0001,17,24412,53,2,2,120,78
136604.1834658701,0.004,Comp0063,DNS0001,17,61591,53,2,4,72,212
136604.99538343115,0.043,Comp0014,DNS0001,17,24841,53,3,3,57,134
136605.34037735182,0.886,Comp0026,DNS0001,17,2692,53,2,3,57,195
136607.69977272564,0.009,Comp0036,DNS0001,17,27648,53,2,3,59,133
136608.38813233838,0.563,Comp0025,Proxy0002,6,44865,3128,14,21,510,23306
136610.60044869472,8.606,Comp0023,Web0003,6,14634,80,12,48,1603,15077
136614.2135036305,5.241,Comp0061,Proxy0001,6,62832,3128,19,24,2916,4324
136618.3137645318,1.652,Comp0032,Web0005,6,11846,443,5,26,767,4873
136618.49770457044,4.73,Comp0037,DC0001,6,28263,88,6,32,598,832
136624.56334819642,9.768,Comp0070,Web0003,6,57666,80,6,26,596,13518
136624.76010822126,4.842,Comp0039,DC0001,6,23832,88,4,3,365,4746
136626.9206569684,7.513,Comp0037,FS0003,6,64317,445,23,20,1870,70689
136627.61992824022,0.232,Comp0038,DNS0001,17,12260,53,3,2,76,97
136635.5284521676,12.26,Comp0039,FS0002,6,40992,445,6,86,2512,8839
136639.32529990317,4.765,Comp0053,Web0006,6,50716,80,3,48,386,598
136647.05204991795,3.214,Comp0063,Web0006,6,33021,443,8,50,221,4310
136657.33210860752,7.864,Comp0068,Web0002,6,27376,80,7,28,1352,3066
136660.43821213034,0.191,Comp0014,DNS0002,17,23083,53,2,2,58,334
136664.2608353739,7.648,Comp0010,Mail0001,6,50162,993,10,3,374,305
136664.6558820851,0.494,Comp0056,DNS0001,17,35108,53,2,3,63,250
136664.77502339953,7.027,Comp0050,FS0001,6,12763,445,10,79,503,3915
136668.2361626576,2.147,Comp0029,Proxy0001,6,31901,3128,13,22,306,8825
136671.3008039677,0.949,Comp0021,Web0005,6,42570,443,3,47,855,5415
136671.3911848919,15.733,Comp0038,Web0001,6,55899,80,14,24,1596,21201
136674.242027577,0.106,Comp0062,DNS0002,17,15844,53,2,2,43,157
136677.7992638442,1.871,Comp0070,Mail0002,6,6665,993,7,4,1603,415
136682.5325343728,16.222,Comp0064,Proxy0002,6,57887,3128,3,125,332,6156
136683.8357586176,29.331,Comp0022,FS0002,6,1552,445,89,60,1658,32472
136693.30683311963,0.066,Comp0045,DNS0002,17,10991,53,2,3,61,129
136701.4275295837,0.032,Comp0020,DNS0002,17,17405,53,2,2,74,147
136705.08098738315,0.033,Comp0024,DNS0001,17,57162,53,2,2,39,116
136706.15927980386,0.345,Comp0046,DC0001,6,48154,88,4,11,972,621
136707.4959178341,5.03,Comp0020,Proxy0001,6,61965,3128,18,11,146,5921
136710.68536385315,0.405,Comp0065,DNS0001,17,20440,53,2,3,68,90
136711.6287032685,0.2,Comp0068,DNS0002,17,4352,53,2,2,64,39
136720.00809334323,0.758,Comp0060,DNS0001,17,30236,53,3,2,56,110
136735.29656749594,1.684,Comp0047,Proxy0001,6,14269,3128,14,13,504,19332
136736.04130010598,0.933,Comp0059,DC0002,6,51763,88,4,9,144,187
136737.4888350276,0.038,Comp0016,DNS0002,17,21119,53,2,2,67,233
136740.64969848783,2.283,Comp0066,DC0002,6,63138,445,21,35,7964,5914
136748.39801874332,4.168,Comp0028,Proxy0002,6,39042,3128,4,105,1045,8390
136751.00843237608,0.047,Comp0034,DNS0001,17,58377,53,2,2,63,122
136754.14961882576,2.737,Comp0029,Web0005,6,27736,443,12,43,807,24955
136755.13503238282,6.482,Comp0036,Mail0001,6,62680,993,3,8,255,910
136756.67028723675,0.213,Comp0066,DNS0002,17,47598,53,2,3,52,167
136782.7073316286,5.994,Comp0033,Proxy0001,6,19611,3128,10,63,1113,13544
136786.5068644777,19.395,Comp0015,Proxy0001,6,21607,3128,11,26,772,14873
136788.91310690154,5.558,Comp0039,Web0005,6,63216,80,5,47,846,6256
136789.88137367766,0.877,Comp0073,FS0001,6,24583,445,10,121,794,3494
136792.13790895615,6.653,Comp0075,Proxy0002,6,31104,3128,21,14,1996,583
136794.0307557684,0.401,Comp0055,DNS0001,17,37262,53,2,2,113,169
136794.55622244885,2.69,Comp0060,DC0002,6,21805,389,4,8,618,287
136798.4284066519,3.152,Comp0001,Web0004,6,59477,443,20,40,644,2507
136804.82192706864,1.328,Comp0030,Proxy0001,6,14515,3128,10,7,1694,17916
136809.42321437696,0.04,Comp0062,DNS0002,17,47689,53,3,4,45,230
136818.3761574971,0.045,Comp0030,DNS0001,17,50462,53,3,3,123,117
136827.23997715846,6.191,Comp0054,Mail0001,6,38823,587,4,6,411,321
136827.44433735608,0.04,Comp0016,DNS0001,17,58225,53,3,4,23,247
136831.33829623146,7.085,Comp0062,Web0001,6,62614,443,6,7,689,4509
136834.33934693562,7.991,Comp0010,Proxy0002,6,10112,3128,3,22,2242,1984
136838.7144407916,3.227,Comp0015,FS0001,6,53596,445,33,210,7163,16460
136847.4939425807,2.366,Comp0021,Mail0001,6,45385,587,6,3,326,1248
136849.42324270893,0.072,Comp0049,DC0002,6,45550,389,5,11,424,2553
136850.96667499398,0.049,Comp0026,DNS0002,17,27627,53,2,2,69,74
136851.12765170107,3.508,Comp0061,FS0001,6,2959,445,107,209,782,8182
136854.09207730327,7.127,Comp0065,DC0001,6,61258,88,3,11,190,754
136856.22567073654,7.071,Web0004,DB0003,6,1335,3306,29,293,965,33539
136861.95307220754,0.207,Comp0051,DNS0001,17,42105,53,2,2,69,89
136865.40163552758,11.541,Comp0063,Web0001,6,38424,443,23,50,675,4107
136869.68468012707,1.59,Comp0031,FS0001,6,35471,445,19,66,3835,2547
136870.83861691336,0.278,Comp0036,DNS0002,17,45564,53,2,2,123,204
136874.73512570807,15.618,Comp0004,FS0003,6,13964,445,10,48,1907,13557
136887.0580830736,7.732,Comp0051,DC0001,6,63445,389,7,4,93,208
136888.21065543825,0.242,Comp0019,Web0002,6,36521,443,71,60,610,2850
136891.90333930805,4.206,Comp0031,DC0002,6,48298,389,9,9,299,378
136892.4933725735,2.946,Comp0010,Web0005,6,41502,443,4,52,1085,15073
136892.90309697107,0.48,Comp0001,DNS0002,17,26534,53,3,2,55,168
136895.2399085644,10.301,Comp0036,Proxy0001,6,27319,3128,25,24,1012,28304
136905.94027163932,14.903,Comp0065,DC0001,6,57505,88,6,11,241,878
136908.37888085668,0.515,Comp0078,Web0004,6,50478,443,5,88,620,12691
136914.5695238025,2.036,Comp0009,Web0006,6,24387,443,5,26,781,2598
136915.43099722505,1.632,Comp0060,Web0006,6,39202,443,4,46,942,21673
136916.6666993645,7.614,Comp0021,Web0004,6,17345,443,16,64,122,231
136917.0215018225,11.499,Comp0022,DC0001,6,49876,389,8,21,173,671
136921.80734700046,0.05,Comp0003,DNS0002,17,51122,53,2,3,87,80
136923.168332276,0.235,Comp0071,DNS0001,17,18882,53,2,2,79,68
136933.5150049895,7.01,Comp0010,Mail0001,6,64600,587,4,6,976,1656
136941.92626005202,0.123,Comp0028,DNS0001,17,9324,53,3,2,27,40
136942.0320570133,8.179,Comp0078,Web0006,6,29126,443,32,92,927,2171
136955.60671735686,3.567,Comp0006,Web0005,6,3163,443,6,18,1410,27103
136960.73714776937,1.718,Comp0062,FS0002,6,55799,445,14,196,666,9231
136962.27015248925,13.329,Comp0044,FS0002,6,9228,445,19,112,573,23131
136967.4318687169,0.336,Comp0027,DC0002,6,34158,88,8,15,414,122
136967.5051405045,0.167,Comp0040,DNS0002,17,14044,53,2,3,145,91
136969.05210737805,4.085,Comp0013,Web0001,6,60852,443,9,16,425,9377
136980.70995438375,0.202,Comp0022,DNS0002,17,46568,53,2,2,58,120
136987.00256118271,0.172,Comp0051,DNS0002,17,7599,53,2,3,77,103
136999.91117344797,0.199,DC0002,DNS0002,17,37581,53,2,2,49,133
137001.00975975348,1.878,Comp0032,Web0002,6,19240,443,7,42,189,4167
137002.6599097491,0.036,Web0001,DNS0002,17,7708,53,2,2,67,103
137016.31066445014,0.153,Comp0065,DNS0001,17,59184,53,2,5,161,127
137017.52455453714,0.081,Comp0053,DNS0002,17,35864,53,3,2,119,189
137018.77727731655,0.087,Comp0052,DNS0001,17,64223,53,2,4,90,142
137028.41815026102,19.969,Comp0021,FS0002,6,38827,445,37,62,816,7141
137030.24783599738,10.536,Comp0069,Web0002,6,13910,443,16,63,80,3124
137034.92922207125,1.193,Comp0079,Mail0001,6,52594,993,4,5,572,6637
137039.54730140173,0.542,Comp0031,Web0006,6,21084,443,7,81,3057,7820
137041.12891696498,36.68,Comp0053,DC0001,6,30597,445,48,43,3431,136435
137044.3334388765,1.46,Comp0080,Proxy0001,6,38059,3128,7,134,385,17331
137053.96802054957,0.012,Proxy0002,DNS0002,17,12738,53,2,2,79,260
137054.38986590566,6.919,Web0002,DB0004,6,18964,3306,18,27,1628,49297
137060.69527576526,4.825,Comp0034,Proxy0002,6,36690,3128,12,7,267,24562
137063.66715568604,3.967,Comp0055,Proxy0001,6,37905,3128,6,22,2605,1241
137064.94643731843,2.567,Comp0010,Proxy0001,6,30322,3128,17,18,546,4636
137068.46184360323,5.86,Comp0077,Proxy0001,6,48888,3128,6,27,597,12046
137071.9430378914,2.349,Comp0028,Web0006,6,57692,80,4,21,1042,7733
137074.78380610477,9.189,Comp0035,FS0001,6,48312,445,20,14,932,10456
137075.79699711458,5.04,Comp0025,DC0001,6,8568,88,4,3,400,958
137077.1985451306,0.146,Comp0068,DNS0001,17,62951,53,2,3,70,150
137088.50847494692,0.059,Comp0054,DNS0002,17,39578,53,2,3,75,162
137092.5178482716,14.318,Comp0029,Web0004,6,40513,80,6,11,415,6099
137101.07853787576,0.174,Comp0046,DNS0001,17,38806,53,2,2,50,133
137102.35840174893,5.185,Comp0061,Mail0001,6,16131,993,3,4,1349,1205
137116.88868957813,7.389,Comp0053,Web0005,6,12875,80,11,136,4096,3986
137122.15250191488,5.953,Proxy0002,Ext0014,6,42885,443,3,9,1531,8671
137125.96282501286,6.163,Comp0010,DC0001,6,14821,88,9,3,376,2587
137132.70827063508,0.073,Comp0008,DNS0002,17,49362,53,2,2,86,159
137136.663832266,0.127,Comp0009,Mail0002,6,65051,587,4,3,470,552
137138.75834717025,7.758,Comp0029,Web0001,6,30452,80,11,45,1029,681
137142.11902643327,0.125,Comp0051,DNS0002,17,37850,53,3,3,73,73
137148.554693086,0.129,Comp0043,DNS0002,17,7547,53,2,2,72,65
137153.40239976163,0.772,Comp0076,DC0002,6,5621,389,7,17,264,2388
137156.21902792284,0.564,Web0002,DB0002,6,53580,3306,43,210,1768,190422
137166.81516606812,5.763,Comp0044,Web0003,6,60238,443,7,40,5666,2882
137171.8457995734,17.712,Comp0006,FS0003,6,35093,445,27,52,3277,64323
137172.3987776983,4.774,Comp0017,Mail0002,6,28965,587,6,7,512,1274
137172.9767152307,3.388,Comp0073,DC0002,6,4090,88,4,5,668,298
137177.08972255548,0.337,Comp0052,DNS0001,17,63015,53,2,3,85,98
137179.03759655668,2.795,Comp0013,DC0002,6,9556,88,13,13,175,436
137180.91009898478,11.838,Comp0038,FS0001,6,10990,445,16,114,525,49320
137183.28544969112,1.886,Comp0027,FS0002,6,28889,445,58,176,5787,13814
137197.52140981093,0.048,Comp0038,DNS0001,17,10123,53,2,3,78,63
137200.45162593294,0.073,Comp0061,DNS0002,17,6252,53,2,3,51,68
137201.07863914024,1.48,Comp0038,Proxy0002,6,64445,3128,18,28,185,11156
137201.16935822123,15.341,Comp0024,Proxy0002,6,19718,3128,8,65,729,1249
137206.80408783807,0.318,Comp0080,DNS0002,17,35704,53,3,3,158,65
137207.35486173036,0.206,Comp0014,Web0001,6,36840,443,11,10,353,13249
137208.4918521006,1.521,Comp0054,Web0005,6,7604,443,3,49,579,6067
137212.34067088104,0.012,Comp0030,DNS0002,17,40674,53,2,2,86,156
137212.8382110711,3.646,Comp0012,Proxy0001,6,54924,3128,39,36,15923,7158
137213.63435658687,6.974,Comp0014,Web0003,6,50141,80,8,52,1401,22282
137216.5327468084,5.901,Comp0037,Proxy0002,6,65265,3128,5,48,6357,19735
137227.83976138808,0.211,Comp0028,DNS0001,17,23469,53,2,3,38,61
137232.13238254408,2.446,Comp0017,Proxy0002,6,50803,3128,10,88,1134,35995
137237.66878650393,1.376,Comp0004,Web0006,6,27262,443,5,15,478,1112
137243.15991533294,0.697,Comp0041,FS0003,6,53689,445,13,47,1917,1758
137246.0808188593,2.957,Comp0009,Web0006,6,7117,80,5,51,1566,32665
137249.8237299088,4.764,Comp0038,DC0002,6,24993,389,9,13,185,3370
137250.737947966,1.061,Comp0030,DNS0001,17,49541,53,2,3,92,121
137257.14997121866,1.558,Comp0051,Proxy0002,6,50261,3128,15,7,361,1623
137262.4930533254,0.127,Comp0050,Mail0002,6,46005,993,6,5,2709,583
137264.494946138,4.199,Comp0044,Web0006,6,43920,443,20,45,353,2733
137265.21832277617,2.667,Comp0060,Web0002,6,25184,443,3,69,907,7837
137279.8231986778,13.513,Comp0025,FS0003,6,2234,445,43,42,2319,4359
137293.8254933777,0.104,Comp0033,DNS0002,17,16588,53,2,2,55,90
137299.87671643202,0.108,Comp0034,DNS0001,17,21095,53,3,2,60,113
137303.81510564283,0.111,DC0001,DNS0002,17,61114,53,2,2,76,124
137306.97243440535,0.568,Comp0029,DNS0001,17,29172,53,2,4,48,182
137313.7621051614,0.245,Comp0047,DNS0001,17,6016,53,2,2,55,142
137317.3201694331,6.93,Comp0020,Mail0001,6,10294,993,7,5,82,83
137321.3451961863,0.297,Comp0037,Proxy0002,6,3036,3128,12,21,911,10414
137322.0780904676,6.319,Comp0046,Proxy0001,6,32462,3128,14,100,298,3348
137323.9788776616,0.297,Comp0025,DNS0002,17,57379,53,2,2,107,340
137327.81132177485,0.33,Comp0057,Mail0002,6,54972,993,5,8,317,1892
137328.16442491347,10.196,Comp0049,Web0001,6,2945,443,7,38,1037,18649
137333.03524883016,15.946,Comp0026,Web0003,6,41448,443,18,15,335,16450
137343.331987641,0.214,Comp0067,Web0006,6,7982,443,15,56,195,7963
137344.437051861,2.374,Web0005,DB0002,6,48966,3306,15,153,1466,7322
137350.49928795456,0.028,Comp0021,DNS0001,17,21432,53,2,3,92,214
137354.79382003046,0.237,Comp0025,DNS0001,17,49233,53,2,2,46,154
137357.25565169248,2.406,Comp0044,Web0006,6,60207,443,10,25,2365,2689
137357.64059045305,0.171,Comp0044,DNS0002,17,56675,53,2,3,41,202
137364.07887093636,11.789,Comp0079,Web0002,6,4136,443,7,22,518,5746
137365.05690819345,1.081,Comp0023,Web0002,6,49161,443,6,105,435,3195
137368.11346329586,0.008,Comp0013,DC0001,6,38713,88,4,4,931,673
137377.68900693842,5.55,Comp0078,Web0006,6,14520,443,13,6,848,30784
137382.7387613256,0.376,Comp0048,DNS0001,17,43597,53,3,3,52,81
137388.07969734864,0.73,Comp0005,DNS0001,17,63386,53,2,3,141,181
137389.50815868436,9.942,Comp0021,Web0004,6,4154,443,5,51,472,3058
137393.12354691344,0.449,Comp0022,Mail0002,6,4261,993,6,8,256,325
137401.01728978555,6.345,Comp0075,Web0001,6,48685,443,4,28,830,34724
137409.44473927846,0.934,Comp0080,DC0001,6,31806,88,8,4,2776,2848
137411.08449452912,3.198,Comp0038,FS0001,6,21855,445,59,357,437,10850
137420.27936066804,6.583,Comp0069,FS0002,6,40777,445,43,31,751,77593
137422.56510477306,0.079,Comp0005,DNS0002,17,21914,53,3,2,79,128
137425.9728163483,14.323,Comp0070,Web0003,6,15377,443,9,35,335,16594
137432.04025849982,0.423,Comp0075,DNS0002,17,50213,53,2,2,43,365
137441.60042166547,7.001,Comp0024,Web0006,6,9686,443,12,74,552,10764
137441.76934963014,4.438,Comp0045,Proxy0002,6,47902,3128,7,48,900,6646
137454.2841859864,0.54,Comp0040,Web0003,6,19416,443,12,190,307,19722
137457.0109903374,4.026,Comp0074,DC0002,6,17378,88,4,4,254,2888
137469.18611802306,7.057,Comp0071,Web0003,6,13925,443,3,74,590,11308
137474.21273922914,0.168,Comp0008,DNS0002,17,57294,53,2,3,32,128
137483.6208382281,7.916,Comp0010,Web0006,6,31679,80,8,53,454,262956
137483.9728694278,0.455,Comp0029,Web0003,6,56805,443,6,19,1747,1631
137486.93021605205,3.957,Comp0074,Web0004,6,60063,443,25,73,608,11281
137491.31862832134,0.415,Comp0035,DNS0002,17,53127,53,2,3,61,222
137492.90216760332,2.022,Comp0019,Mail0001,6,25930,587,3,23,1147,395
137503.72328536378,0.382,Comp0028,DNS0001,17,20150,53,2,3,44,66
137511.17164855963,1.874,Comp0042,Web0004,6,30278,80,9,25,952,2051
137517.31030841655,0.182,Comp0054,Mail0001,6,9153,587,14,5,2620,1553
137520.0401527952,12.575,Comp0042,Web0001,6,17687,443,3,23,216,35116
137521.67506335222,5.734,Comp0004,FS0001,6,42622,445,50,486,1971,29139
137523.78057594458,0.086,Comp0061,DNS0002,17,61585,53,2,2,68,145
137533.34133068274,7.969,Comp0030,Proxy0001,6,42873,3128,7,74,307,2139
137544.83620402496,8.354,Comp0029,Web0006,6,9662,80,6,76,549,14899
137548.96927999466,4.634,Comp0028,Web0004,6,53663,443,7,27,160,8088
137554.5689086629,0.812,Comp0006,DC0001,6,10185,88,12,4,1428,209
137555.0683725618,0.219,Comp0028,Web0005,6,32567,443,3,25,491,7100
137561.87702573178,4.478,Comp0064,Mail0001,6,46426,993,3,6,239,1357
137570.8181069879,9.535,Comp0064,FS0002,6,63209,445,6,76,1573,8897
137575.20217446488,0.054,Comp0036,DNS0001,17,63462,53,3,3,95,206
137579.13952707627,0.494,Comp0019,Web0003,6,23476,443,6,39,214,23443
137580.41518124423,0.651,Comp0051,DNS0001,17,47301,53,2,3,47,89
137581.19827191764,0.835,Comp0027,DNS0001,17,60906,53,3,2,31,299
137582.2763229712,1.248,Comp0031,Mail0001,6,63807,587,9,8,422,1171
137590.49606898378,3.655,Comp0007,FS0002,6,59589,445,43,284,1091,3766
137591.5988851686,0.255,Comp0045,Web0004,6,40115,80,12,42,1098,18982
137596.49916395085,0.656,Comp0040,Proxy0002,6,10607,3128,13,9,2556,11843
137604.629105892,2.555,Comp0020,Proxy0002,6,64513,3128,9,88,547,4274
137607.60185479987,1.329,Comp0004,Web0003,6,40404,443,18,43,1616,30290
137609.10177867525,6.836,Comp0059,Web0001,6,48156,443,10,36,434,399
137611.48098955353,0.318,FS0002,DNS0002,17,55228,53,3,2,43,70
137613.90084322376,29.777,Comp0047,DC0002,6,26372,445,14,144,326,6317
137614.47793161648,4.894,Comp0080,Proxy0001,6,14567,3128,4,25,272,19679
137617.16050382462,0.229,Web0003,DB0002,6,38699,3306,48,319,212,10785
137627.55994275652,0.206,Comp0040,DNS0002,17,23782,53,3,2,120,294
137629.0154019596,3.023,Comp0047,DC0002,6,6491,445,119,74,2379,46248
137631.3526466267,3.763,Comp0058,Web0003,6,48818,443,4,80,1340,2164
137633.54329629047,0.421,Comp0080,DNS0001,17,47610,53,2,2,78,99
137636.7204899936,17.684,Comp0072,Web0004,6,36900,80,19,47,327,4528
137641.5483667112,0.387,Comp0019,DNS0002,17,63493,53,2,2,59,127
137642.72874727054,0.228,Comp0049,DNS0002,17,14283,53,3,2,44,89
137646.84174375256,7.231,Proxy0002,Ext0027,6,11274,443,30,41,959,12421
137648.30315184558,0.234,Comp0067,Mail0001,6,20834,993,6,7,376,2668
137651.7046343819,4.52,Proxy0002,Ext0039,6,27908,443,3,89,502,20048
137657.84302154015,0.579,Comp0029,DNS0001,17,59372,53,3,3,67,216
137661.25252414818,0.308,Comp0013,DNS0002,17,48464,53,2,3,90,248
137673.37738214986,2.358,Comp0055,Web0003,6,19905,443,5,47,332,21766
137678.2620403685,0.119,Comp0047,DNS0002,17,64796,53,2,3,84,244
137682.05134727375,16.119,Comp0049,Web0006,6,5387,443,11,37,593,20960
137687.9153474039,0.16,Comp0038,DNS0002,17,17972,53,3,3,116,198
137688.51795014276,0.159,Comp0027,DNS0002,17,12079,53,2,2,33,144
137688.65436571237,3.543,Comp0046,Mail0002,6,45469,993,6,5,80,458
137702.54482394375,2.11,Comp0013,Web0002,6,31219,443,7,13,322,2309
137706.32282697014,2.065,Comp0071,DC0001,6,46287,389,6,7,1072,1110
137707.3442278707,0.354,Comp0003,Web0003,6,17319,443,9,23,2464,10376
137710.41425340198,0.303,Comp0062,DNS0002,17,24930,53,2,2,45,155
137723.6153798131,0.011,Comp0062,DNS0002,17,56516,53,3,3,89,93
137745.06953639066,4.718,Comp0026,Proxy0002,6,6009,3128,11,60,331,9307
137748.29490262544,0.184,Comp0013,DNS0002,17,44484,53,3,3,38,97
137749.74884662856,1.654,Comp0047,Proxy0002,6,34154,3128,5,201,2273,4411
137750.4090203024,3.79,Comp0045,Web0006,6,50164,443,4,15,3671,22125
137756.22452319978,3.585,Comp0008,Web0001,6,32766,443,9,29,463,17532
137765.28567590404,2.419,Comp0024,Proxy0002,6,37865,3128,3,276,720,6359
137767.1913583107,0.786,Comp0058,Web0001,6,9528,443,10,111,669,10943
137771.20325714484,6.512,Comp0034,FS0002,6,17308,445,65,162,1454,9315
137771.73553563794,9.575,Comp0066,Web0004,6,2082,443,5,55,1096,11784
137774.44682639127,7.218,Comp0014,DC0001,6,7208,88,5,3,989,1966
137775.3076673054,14.266,Comp0005,FS0001,6,44334,445,20,28,1562,16853
137781.46487454794,5.003,Comp0070,DC0001,6,24942,88,5,9,1755,782
137784.64748831364,0.182,Comp0042,DC0002,6,33592,88,4,4,1196,1256
137787.14669951217,0.558,Comp0078,DNS0002,17,14085,53,2,2,126,128
137788.8538335357,1.015,Comp0058,DNS0002,17,32769,53,2,2,55,112
137789.14180820555,0.904,Comp0069,DC0001,6,28978,88,5,6,253,1194
137791.32361899345,1.741,Comp0055,Mail0001,6,14080,993,4,3,552,895
137801.91548089433,11.833,Comp0014,FS0002,6,24615,445,10,52,517,26071
137818.87287698296,2.763,Comp0076,DC0002,6,31356,389,18,7,324,1206
137818.9450854315,0.081,Comp0029,Mail0002,6,26679,993,4,10,3501,920
137822.127009811,0.417,Comp0011,Proxy0001,6,12119,3128,6,54,378,39663
137834.18456460012,0.133,Comp0052,DNS0002,17,19290,53,2,3,56,33
137837.90295370435,0.114,Comp0019,DNS0001,17,54140,53,3,3,34,88
137842.26940945748,0.014,Comp0079,DNS0002,17,5514,53,2,2,102,182
137842.8300340491,0.026,Comp0024,DNS0001,17,24779,53,2,2,35,122
137847.30298885645,0.127,Comp0057,DNS0001,17,22333,53,2,2,91,120
137847.47459348285,0.103,Comp0052,DNS0002,17,47619,53,2,2,30,269
137870.09754601997,0.939,Comp0039,DC0002,6,38444,88,2,10,1021,1875
137872.93772331643,0.487,Proxy0002,DNS0002,17,34999,53,3,3,100,55
137873.7548791017,1.303,Comp0056,FS0002,6,11109,445,14,86,8285,15124
137878.35311246887,8.076,Comp0078,Web0006,6,26778,80,11,10,278,3736
137892.7631773937,0.154,Comp0021,Web0003,6,38327,443,10,110,1228,17087
137901.16553383588,1.648,Comp0023,DC0001,6,45685,389,8,5,169,948
137904.66102137684,5.79,Comp0029,Mail0002,6,11656,993,4,6,663,1075
137906.07035907512,0.834,Comp0019,Web0004,6,25116,443,12,22,1213,1330
137909.18269378803,18.07,Comp0041,FS0002,6,15084,445,7,31,4455,10067
137910.75021106686,0.532,Comp0006,DNS0001,17,10248,53,2,2,86,153
137914.71153798248,0.159,Comp0072,Web0006,6,28481,443,6,144,102,4882
137918.04867891528,3.195,Comp0066,Web0004,6,13530,443,14,103,183,11263
137926.84914078453,0.423,Comp0034,DNS0001,17,5321,53,3,3,62,174
137928.8213373179,7.165,Comp0004,Proxy0002,6,24069,3128,6,20,1206,9334
137930.83675191284,13.75,Comp0056,Web0004,6,5560,443,3,26,2148,24055
137934.13539903163,1.456,Comp0040,DC0002,6,65417,389,4,14,1097,337
137934.8833557887,4.421,Proxy0002,Ext0003,6,53721,443,26,49,893,2036
137936.7259512958,1.955,Comp0040,FS0003,6,61278,445,7,74,4007,24360
137940.22816111313,0.045,Comp0034,DNS0001,17,32258,53,2,3,61,175
137942.71067965514,2.83,Comp0016,Web0004,6,33969,443,5,24,941,10032
137951.59122705134,17.385,Comp0072,DC0002,6,53539,88,3,3,240,1370
137953.17898978593,0.197,Comp0009,DNS0001,17,20524,53,2,3,63,240
137954.49502510804,45.655,Comp0067,FS0003,6,15885,445,4,38,4171,76744
137954.94822041347,1.08,Comp0023,Proxy0001,6,31438,3128,6,198,817,17714
137955.40180594864,0.744,Comp0013,Proxy0002,6,50772,3128,5,22,641,3554
137956.34773529987,1.006,Comp0048,Web0004,6,62169,443,12,13,885,10733
137962.9746806984,0.236,Comp0026,DNS0001,17,44330,53,2,3,84,123
137968.16453042923,1.343,Comp0063,Proxy0001,6,26349,3128,6,29,375,1668
137977.06355364592,6.718,Comp0063,Web0004,6,57300,443,12,81,412,3231
137980.24061525372,0.206,Comp0021,DNS0002,17,1114,53,3,3,49,150
137993.5136328033,7.372,Comp0005,DC0002,6,8775,389,9,8,608,526
137994.2663360744,3.287,Web0001,DC0002,6,4435,389,4,5,206,347
137995.9412897358,7.174,Comp0063,FS0001,6,4884,445,38,126,3161,3707
138002.426088222,0.243,Comp0038,Mail0001,6,47622,993,6,5,388,2730
138004.06756965455,1.204,Comp0038,Web0004,6,62988,443,9,97,814,5414
138012.006791215,0.543,Comp0055,Proxy0001,6,49422,3128,28,78,545,14309
138015.10435759436,2.009,Comp0006,Web0005,6,30497,443,12,50,611,3023
138015.71167258327,1.568,Comp0039,Proxy0001,6,42594,3128,6,84,393,2350
138019.36583048536,0.266,Comp0040,DNS0001,17,55885,53,2,3,89,72
138035.52765595535,6.685,Comp0002,DC0002,6,41309,88,9,10,467,99
138048.00478574765,0.546,Comp0077,DNS0002,17,20348,53,2,3,57,130
138050.58537360202,0.16,Comp0039,DNS0001,17,59113,53,4,3,95,150
138054.02948713655,19.273,Comp0021,Web0005,6,25965,443,2,151,527,6230
138054.122260595,0.192,DB0004,DNS0002,17,35360,53,3,3,79,159
138056.82165844302,14.255,Comp0031,Web0003,6,11655,443,19,41,1792,1476
138058.14771631145,1.764,Web0001,DB0002,6,12338,5432,21,34,1489,11990
138058.17788063118,11.889,Comp0012,FS0002,6,14714,445,71,374,6496,5884
138058.43287060322,9.283,Comp0067,FS0003,6,41757,445,14,98,1901,26824
138058.91650164354,2.014,Comp0015,Proxy0002,6,15006,3128,10,107,658,1747
138059.22670760285,0.493,Comp0055,DNS0002,17,31585,53,3,2,51,235
138068.62658512563,0.2,Comp0021,DNS0001,17,17581,53,2,3,99,150
138069.2712389245,0.175,Comp0025,DNS0002,17,8174,53,2,2,63,145
138071.03460903716,0.16,Comp0029,DNS0002,17,53027,53,2,3,39,93
138076.82012247227,6.873,Comp0051,Web0002,6,1960,80,21,19,976,4518
138079.31702378244,0.529,Comp0080,Mail0001,6,1851,587,7,4,393,655
138079.6989973968,0.063,Comp0051,DNS0001,17,53078,53,2,3,74,235
138084.97033836276,1.655,Comp0079,Web0001,6,25522,443,6,25,474,3807
138096.4408780321,0.638,Comp0066,Web0004,6,55784,443,9,13,1854,243
138103.2147697258,6.277,Comp0075,Web0005,6,17938,80,22,43,500,6867
138105.16001606768,4.485,Comp0023,Web0002,6,59130,443,6,25,1943,33901
138115.00815747402,6.268,Comp0028,Web0001,6,39083,443,9,106,2740,25728
138118.58098368827,0.413,Comp0019,DNS0002,17,13247,53,2,3,35,102
138122.21021551004,0.94,Comp0044,DNS0002,17,16255,53,3,2,94,99
138122.488814248,0.062,Comp0010,DNS0001,17,52343,53,2,3,95,104
138122.74599847724,0.084,Comp0041,DNS0002,17,62721,53,2,2,62,335
138124.84261240694,0.299,Comp0012,DNS0002,17,30163,53,3,4,61,89
138126.2861231055,5.961,Comp0037,Web0005,6,40883,443,8,18,167,4963
138130.38627519424,0.151,Comp0004,DNS0001,17,63852,53,2,3,104,140
138138.03231088346,10.47,Comp0071,Web0004,6,18253,80,22,133,945,26231
138140.4634947643,2.779,Comp0036,Web0002,6,11983,443,7,12,223,140590
138140.67080005168,0.784,Comp0035,Web0004,6,40690,80,26,30,268,16980
138142.55814696726,0.218,Comp0077,DNS0001,17,35491,53,2,3,144,148
138145.20838743175,3.72,Proxy0001,Ext0032,6,24109,443,4,37,712,1048
138149.80108473712,46.198,Comp0050,DC0001,6,22718,445,37,490,266,42975
138149.92570018448,13.308,Comp0043,DC0002,6,19119,445,25,84,544,6462
138152.84922729628,0.599,Comp0057,DNS0002,17,39950,53,3,3,104,195
138155.97162898458,3.493,Comp0048,Mail0002,6,52928,993,5,8,1487,1063
138157.22064538926,1.798,Comp0050,Proxy0002,6,64383,3128,13,23,1982,1476
138158.98714807164,0.334,Comp0027,DNS0002,17,63076,53,2,3,86,147
138159.6518154065,2.687,Comp0069,DC0002,6,46882,445,45,46,4428,31336
138168.58879616516,1.943,Comp0042,Proxy0002,6,27939,3128,7,73,811,3191
138171.21475872956,0.199,Comp0043,DNS0001,17,40612,53,3,2,110,117
138176.6633237112,3.165,Comp0027,Web0004,6,40895,443,11,31,163,29436
138176.9362428365,1.387,Comp0013,Mail0001,6,11548,993,8,3,1279,257
138178.43494215742,1.51,Comp0018,Mail0002,6,65010,993,14,13,318,2571
138181.46252100688,1.347,Comp0009,Web0006,6,30502,80,7,12,1252,21344
138190.80760043592,2.906,Comp0045,Web0004,6,27981,443,14,10,1401,14353
138191.84933191756,9.374,Comp0065,DC0002,6,57132,88,9,5,182,495
138193.33483652098,25.209,Comp0049,FS0002,6,16057,445,29,157,752,12653
138198.61804037826,2.076,Comp0064,DC0001,6,11922,88,7,11,772,682
138199.77695250403,0.008,Comp0006,DNS0002,17,28407,53,3,2,99,160
138216.14638909514,0.25,Comp0014,DNS0001,17,44033,53,2,2,47,139
138225.54034884344,0.384,Comp0026,DNS0001,17,51771,53,3,3,53,139
138229.3806322636,1.413,Proxy0002,Ext0031,6,31259,443,19,49,306,8123
138231.97490566745,1.302,Comp0071,Web0004,6,48800,443,8,77,1116,47333
138243.40812703717,0.277,Comp0020,DC0002,6,44742,389,6,48,323,567
138244.19908078623,0.344,Comp0021,DNS0002,17,1787,53,2,4,128,101
138245.59312830115,18.622,Comp0043,DC0002,6,25490,445,10,77,3416,21662
138250.78111566493,9.84,Comp0078,DC0001,6,50829,88,3,6,84,2414
138252.25584673375,3.913,Comp0071,DC0002,6,1239,88,6,7,444,534
138252.8386956468,1.591,Comp0045,DC0001,6,8542,389,8,4,301,716
138253.47770650015,3.016,Comp0001,Web0003,6,44007,443,8,28,1071,6500
138254.40856386715,1.818,Comp0003,Proxy0001,6,40506,3128,13,72,248,2098
138261.65672611629,0.641,Comp0020,DNS0001,17,2075,53,2,2,43,146
138264.37846845522,8.531,Comp0049,Web0006,6,27362,443,16,14,4472,4615
138266.0193766938,1.3,Comp0052,Web0004,6,16192,443,11,44,486,25678
138270.35667610797,0.861,Comp0014,Web0001,6,1686,80,9,48,401,3771
138274.2982936466,4.937,Comp0068,Proxy0001,6,21251,3128,16,124,639,22616
138276.30778068074,5.865,Comp0017,Web0001,6,3674,443,7,11,1410,11804
138282.2484269241,9.716,Comp0015,Web0004,6,17786,443,5,88,557,25339
138285.9983318367,0.737,Comp0016,Web0002,6,13215,443,4,43,1491,4049
138288.76370406497,0.014,Comp0002,DNS0002,17,13812,53,3,2,49,104
138291.21974280052,8.637,Comp0038,Web0006,6,19153,443,6,13,279,14006
138300.29281779833,0.258,Comp0045,DNS0002,17,47672,53,2,3,70,233
138307.19553727875,6.931,Comp0023,DC0001,6,1815,389,3,4,239,848
138321.61420799335,3.773,Comp0010,DC0002,6,41998,389,8,6,163,402
138321.76352949397,5.93,Comp0009,FS0003,6,55446,445,31,21,1981,52089
138322.58085844916,0.586,Comp0060,Web0003,6,19390,443,9,9,468,28516
138324.87470744748,3.55,Comp0030,DC0001,6,49925,389,6,6,689,1139
138337.03592577658,2.706,Comp0027,Proxy0002,6,29997,3128,36,53,348,559
138338.25448201032,0.153,Comp0061,Mail0002,6,27781,587,2,4,487,222
138339.026034898,1.169,Comp0047,Mail0001,6,2886,993,4,7,383,1143
138342.09689653938,11.643,Comp0001,Web0002,6,56055,80,10,40,568,8875
138345.5953662125,8.757,Comp0049,Proxy0001,6,14794,3128,5,6,273,6242
138351.95712777745,0.49,Comp0024,Web0006,6,47415,443,18,137,217,9792
138353.96050759478,0.234,Comp0012,DNS0002,17,10769,53,3,3,68,135
138362.3017553565,9.618,Comp0063,Web0006,6,27976,443,7,16,149,8990
138362.88679070145,4.747,Comp0079,FS0003,6,54281,445,38,37,1101,7596
138367.4255241966,11.872,Comp0013,DC0002,6,50741,445,11,132,798,8345
138368.77421962252,9.646,Web0004,DB0003,6,5652,3306,23,91,754,8342
138369.21191045968,0.013,Comp0071,DNS0001,17,27423,53,3,2,67,218
138374.63868738798,0.268,Comp0030,DNS0002,17,45286,53,3,2,77,186
138375.936193159,9.766,Comp0017,DC0001,6,13381,88,5,18,288,522
138376.39911595802,0.069,Comp0068,DNS0001,17,29143,53,2,3,91,62
138381.77636857037,4.824,Comp0028,Web0003,6,24677,80,4,19,866,6360
138383.43259282858,11.762,Comp0009,Proxy0002,6,5485,3128,6,79,336,103628
138387.23423999234,0.111,Comp0027,DNS0002,17,48555,53,3,2,42,296
138388.50601895942,7.36,Comp0031,Proxy0001,6,19018,3128,11,20,601,4534
138394.44715452354,1.036,Comp0071,Mail0001,6,30325,993,3,6,226,1070
138395.57028879496,4.227,Comp0076,Web0003,6,19002,443,13,81,256,8650
138400.936149951,9.053,Comp0061,FS0001,6,17750,445,18,64,1133,9225
138405.82908706224,1.452,Comp0002,FS0003,6,57707,445,42,92,2980,24891
138412.82032121113,3.539,Comp0010,Mail0002,6,39605,993,4,4,267,534
138413.844823914,0.349,Comp0023,DNS0001,17,48622,53,2,2,33,127
138416.66803930158,3.375,Comp0028,FS0002,6,2718,445,39,324,1490,45831
138417.34067991778,0.052,Comp0032,DNS0001,17,26091,53,2,2,47,127
138420.50819156924,0.356,Comp0048,DNS0001,17,48932,53,2,2,119,149
138422.24168219572,0.107,Comp0003,DNS0001,17,34044,53,3,2,167,211
138425.00820685644,0.343,Comp0058,DNS0001,17,13789,53,3,2,65,130
138426.5801485032,1.026,Comp0055,DC0001,6,10218,445,20,54,4055,15683
138430.66467354604,0.151,Comp0035,DNS0002,17,9329,53,3,2,52,84
138433.65086212847,0.423,Comp0008,DNS0001,17,47431,53,2,3,43,133
138438.564119519,3.423,Comp0030,FS0003,6,62732,445,19,252,2256,3258
138457.13677693228,2.203,Comp0026,Proxy0001,6,34852,3128,9,22,3174,547
138464.70040374412,0.22,Comp0038,DNS0001,17,25120,53,2,2,55,191
138479.02230453392,2.589,Comp0079,Web0001,6,35083,443,9,12,417,17588
138489.507153399,0.409,Comp0035,Mail0002,6,42849,993,10,8,269,141
138494.4728628932,6.677,Comp0060,Web0001,6,61497,443,14,42,423,1472
138495.7851427384,4.174,Comp0019,Web0002,6,25070,443,6,59,1346,12514
138496.758651278,0.334,Comp0040,DNS0001,17,13145,53,3,3,123,145
138506.2027103854,0.234,Comp0022,DNS0001,17,31036,53,3,2,71,90
138521.19592948802,0.02,Comp0027,DNS0001,17,55176,53,2,3,75,154
138530.72800284097,0.212,Comp0067,DNS0001,17,64065,53,3,2,69,128
138534.65107105873,0.587,Comp0033,DNS0001,17,19145,53,3,2,73,195
138544.27325125015,0.067,Comp0029,DNS0001,17,27308,53,2,3,57,138
138552.4273313303,1.16,Comp0048,Mail0002,6,30462,993,6,5,512,344
138560.16837130004,0.116,Comp0040,DNS0002,17,48228,53,2,3,56,123
138570.17808767915,0.31,Comp0021,Proxy0002,6,12085,3128,7,40,1372,3130
138573.1650060644,9.337,Comp0068,Web0004,6,53458,443,6,30,345,1926
138581.87740108802,0.063,Comp0046,DNS0002,17,11161,53,2,3,57,127
138587.28796555076,2.062,Comp0066,Mail0001,6,28121,993,5,4,95,633
138588.6945150977,11.215,Comp0041,Web0006,6,45182,443,10,21,262,19198
138592.469781017,0.386,Comp0014,Web0003,6,44906,443,11,120,266,1871
138601.8586596222,0.041,Comp0029,DNS0002,17,23530,53,3,2,44,182
138605.80217433168,6.003,Comp0044,Proxy0001,6,19008,3128,12,53,847,5916
138607.70488177735,5.226,Comp0002,DC0001,6,42146,445,43,99,1140,15424
138620.58251426264,6.791,Comp0021,DC0001,6,63202,88,7,7,542,265
138621.35437657114,0.226,Comp0064,DNS0002,17,42589,53,2,2,46,107
138629.74317793438,0.086,Comp0072,DNS0002,17,5033,53,2,3,100,112
138630.27610988065,0.015,Comp0069,DNS0002,17,12916,53,2,3,82,282
138632.52753386874,4.454,Comp0044,Web0001,6,21707,443,5,99,448,2611
138635.32057640215,0.249,Web0002,DNS0002,17,7917,53,2,3,61,55
138637.85806145004,0.072,Comp0072,DNS0002,17,13189,53,2,2,64,86
138646.17191431043,1.061,Comp0058,Web0002,6,51987,443,31,22,656,5821
138662.14047480695,0.082,Comp0078,DNS0002,17,15303,53,2,2,53,259
138663.8538144683,6.299,Comp0074,Proxy0001,6,62001,3128,7,33,702,11948
138663.8688962398,4.804,Comp0054,DC0001,6,42795,88,13,4,665,943
138663.950895229,2.318,Comp0001,Web0005,6,7032,443,5,11,792,5476
138671.91719096026,0.204,Comp0045,DNS0001,17,7240,53,2,2,49,272
138673.56312836235,3.427,Comp0073,Web0002,6,36839,443,17,14,917,10257
138680.0417851091,0.042,Comp0078,DNS0001,17,29959,53,2,2,59,161
138686.29928472033,3.009,Comp0047,DC0001,6,7551,445,38,22,777,40110
138687.9660970298,5.871,Comp0012,Web0004,6,6018,80,10,6,274,1919
138691.16268455455,0.047,Comp0014,DNS0001,17,7278,53,2,3,61,159
138693.41046509877,3.423,Comp0020,Web0005,6,45970,443,6,46,128,2542
138697.33766325953,0.495,Comp0048,DNS0001,17,33781,53,2,2,116,209
138700.037125531,1.405,Comp0071,Web0001,6,58954,443,14,52,270,2160
138704.50880341203,2.801,Comp0058,Web0004,6,16533,443,10,31,202,25466
138707.63469226332,16.835,Comp0001,FS0001,6,57740,445,6,106,781,8703
138708.8193643196,0.43,Comp0028,DNS0002,17,38209,53,3,3,53,358
138712.31506438032,3.725,Comp0024,Web0005,6,27883,80,11,62,315,1333
138714.19289382326,1.773,Comp0048,Web0005,6,62131,443,16,19,2922,6020
138714.45770052867,3.576,Comp0049,DC0002,6,29947,389,9,14,233,667
138716.85413897267,6.616,Comp0064,DC0002,6,51427,445,16,179,282,55263
138725.8444199135,0.18,Comp0022,DNS0001,17,58568,53,2,2,73,329
138727.05125970027,8.415,Comp0043,DC0002,6,19568,445,22,152,945,83193
138732.821220707,1.733,Comp0011,DC0001,6,50357,445,11,392,1998,32179
138736.74641808082,1.011,Comp0016,Proxy0002,6,58946,3128,9,31,3381,1685
138739.85730201544,0.236,Comp0034,DNS0002,17,35633,53,4,2,84,148
138741.1935186819,2.285,Comp0039,DC0001,6,32959,88,4,4,79,1086
138741.93141262906,0.138,Comp0058,DNS0001,17,6620,53,3,2,34,254
138747.97852518078,0.028,Comp0044,DNS0001,17,8000,53,3,3,142,415
138751.6430096532,2.039,Comp0071,Web0006,6,42628,80,8,14,505,4815
138753.59306048858,0.218,Comp0074,DNS0001,17,29623,53,2,2,43,259
138753.98335473263,1.205,Comp0037,FS0002,6,38604,445,50,167,1020,3302
138754.61985302996,8.304,Comp0059,Web0005,6,30867,443,14,26,2706,1498
138764.37491309803,5.334,Comp0056,Web0001,6,55338,80,17,87,606,17344
138769.83189260174,1.499,Comp0028,Mail0001,6,35413,993,6,14,420,72
138774.02089878486,10.98,Comp0027,Web0004,6,7043,443,13,20,178,2284
138776.22931123397,0.682,Comp0046,DNS0001,17,15990,53,2,2,52,160
138778.13288586342,4.792,Comp0002,DC0001,6,8006,445,11,45,2604,27803
138779.7810013617,2.187,Comp0050,Web0002,6,13433,443,6,37,294,13366
138795.29774037589,3.752,Comp0012,Proxy0001,6,6701,3128,16,45,772,6492
138799.1363567785,0.195,Comp0034,DNS0001,17,61572,53,2,2,49,132
138802.35982424775,0.384,Comp0047,DNS0001,17,18459,53,2,2,74,72
138803.1779034724,20.379,Comp0003,FS0003,6,48222,445,54,43,4887,6800
138813.89186395722,3.949,Comp0026,Mail0002,6,10566,587,5,15,1163,456
138821.35720535656,4.208,Comp0024,Web0006,6,46995,443,15,25,770,4793
138832.66275812557,3.616,Web0005,DB0002,6,52863,3306,14,43,26755,36283
138833.56692175136,11.356,Comp0046,Web0003,6,15368,443,6,49,680,12355
138836.4670376866,0.179,Comp0004,DNS0002,17,62100,53,2,3,145,59
138839.09022045636,13.434,Comp0029,Web0006,6,44882,443,12,29,2112,2290
138841.38264952507,4.169,Comp0010,Web0002,6,51621,443,31,32,186,5161
138845.07871216082,0.969,Comp0019,DC0001,6,6676,389,5,5,109,4253
138846.4319780643,2.039,Comp0040,Web0004,6,12017,443,12,17,265,9429
138846.9542041616,0.289,Comp0026,Mail0001,6,57636,993,4,9,264,614
138848.34416175247,0.342,Comp0065,DNS0001,17,19550,53,3,3,53,133
138850.39985152605,8.752,Comp0059,Mail0001,6,38453,993,7,6,79,197
138859.35882944352,0.575,Comp0034,Proxy0001,6,64937,3128,9,22,168,7629
138862.4351092741,16.936,Comp0009,Proxy0001,6,31272,3128,7,70,449,1925
138863.93053057353,3.114,Comp0079,Proxy0001,6,1187,3128,12,23,295,9379
138867.03705122357,11.162,Comp0071,DC0001,6,24957,445,5,39,3576,121755
138868.44900567288,13.811,Comp0052,Web0001,6,42007,443,14,20,425,13300
138872.75400948615,1.288,Comp0075,DNS0001,17,47830,53,2,3,73,85
138876.23647162732,1.286,Comp0007,Web0004,6,34465,443,3,44,224,958
138877.266740877,0.37,Comp0023,Web0002,6,50128,443,9,22,247,17787
138878.88935705175,1.053,Comp0034,Mail0001,6,27426,993,7,8,139,1479
138882.669764885,0.206,Comp0078,DNS0001,17,9093,53,2,2,165,129
138883.2830228514,2.981,Comp0046,Web0002,6,33719,443,6,11,333,19033
138883.9378413651,0.506,Comp0032,DC0002,6,55839,389,3,12,177,105
138884.15471896966,0.124,Comp0074,DNS0001,17,24623,53,3,3,56,166
138886.30897793485,3.473,Proxy0001,Ext0033,6,61177,443,5,60,341,22543
138887.18510090798,6.462,Comp0067,Web0001,6,32311,80,4,22,1377,8270
138898.92648792738,1.183,Comp0063,DC0002,6,6881,88,6,6,581,1345
138907.00832662193,23.871,Comp0063,Web0006,6,53999,443,13,16,578,4527
138907.4872487494,3.46,Comp0070,Proxy0002,6,43113,3128,18,62,118,8916
138910.41419997095,1.066,Comp0019,DNS0002,17,45152,53,2,2,54,197
138921.59756511997,1.436,Comp0026,DC0002,6,50631,389,4,24,154,528
138923.93615326102,14.393,Comp0080,FS0001,6,37760,445,39,91,4274,7781
138931.61299636876,2.926,Comp0040,Mail0001,6,3907,993,11,4,219,326
138934.63776265373,0.055,Comp0037,DNS0001,17,56498,53,3,2,41,169
138934.72286373717,0.049,Comp0030,DNS0002,17,52494,53,3,3,50,119
138940.37604168424,0.396,Comp0038,DNS0001,17,31523,53,2,3,110,111
138940.52139128954,1.428,Comp0037,FS0002,6,28918,445,15,78,648,18777
138943.25892825675,0.218,Comp0061,DNS0002,17,46828,53,2,3,41,90
138948.8873524291,3.653,Comp0066,FS0002,6,64673,445,68,524,1651,43065
138956.83829006154,3.138,Comp0023,Mail0001,6,25645,993,8,3,565,675
138958.02736221568,5.39,Comp0013,DC0002,6,15883,88,5,9,134,1434
138958.5606306771,4.404,Comp0074,Web0003,6,37032,443,13,9,203,4150
138959.36683255198,12.041,Comp0076,DC0002,6,61388,389,3,7,458,797
138960.42995821848,0.001,Comp0062,DNS0001,17,43728,53,2,3,77,158
138961.23588406545,0.202,Comp0040,DNS0002,17,1577,53,2,2,87,150
138967.11054760744,1.396,Proxy0002,Ext0028,6,18060,443,4,34,859,65707
138974.90944774862,1.076,Comp0080,Mail0001,6,63935,993,4,8,146,1040
138981.35848131837,20.187,Comp0060,FS0003,6,54956,445,15,72,5030,18612
138994.58402510878,0.034,Comp0072,DNS0001,17,19490,53,2,2,73,67
138994.5950331463,2.469,Comp0039,Web0001,6,54814,443,11,29,587,6287
138994.82117141044,0.101,Comp0034,Web0003,6,3287,443,6,66,2629,4023
138996.76076471165,0.325,Comp0079,DNS0002,17,17385,53,3,2,34,202
139000.82092305648,15.85,Comp0024,Web0003,6,6431,443,9,116,594,1636
139002.23101593752,13.806,Comp0048,Mail0001,6,58182,587,6,5,406,1177
139002.3016798993,2.864,Comp0019,DC0001,6,13788,389,5,8,99,4234
139002.68185928697,0.288,Comp0062,Mail0001,6,36387,993,3,3,1208,647
139003.1847162008,0.324,Comp0057,DC0002,6,46954,389,13,12,345,666
139003.63656956924,0.351,Comp0007,Proxy0001,6,56867,3128,5,48,918,1043
139004.48464251158,8.137,Comp0079,Web0004,6,39888,443,11,81,671,10479
139006.0547090321,8.112,Comp0020,Web0006,6,30336,443,8,64,224,2003
139011.70009547175,22.646,Comp0065,FS0002,6,56292,445,13,332,1709,6771
139012.08853542426,0.892,Comp0019,Web0001,6,33856,443,14,31,225,33368
139017.9759702156,1.548,Comp0048,Web0004,6,4838,443,7,77,1703,22122
139022.7696753362,1.882,Comp0045,Web0006,6,39289,443,29,23,2866,3121
139025.39086397822,0.011,Comp0010,DNS0001,17,8753,53,2,3,53,179
139026.57744707348,5.299,Comp0025,Proxy0002,6,1701,3128,13,36,1444,17245
139029.9764889597,1.233,Comp0028,Web0003,6,26744,443,4,36,114,2289
139030.8334210839,0.294,Comp0056,Proxy0001,6,13579,3128,4,6,889,8040
139031.163830493,0.58,Comp0052,DNS0002,17,30310,53,3,2,50,146
139032.54765359254,8.432,Web0002,DB0002,6,24917,3306,8,79,783,3851
139032.6773959395,0.074,Comp0078,DNS0002,17,56349,53,2,3,121,74
139035.9915809211,17.926,Comp0002,Proxy0002,6,50476,3128,20,81,610,562
139042.45603965965,32.166,Web0001,DB0002,6,61579,5432,64,37,9093,17097
139046.09285267623,1.528,Comp0036,Web0004,6,32245,443,7,51,2064,4000
139046.77306785533,0.247,Comp0046,DNS0001,17,2545,53,3,3,58,288
139050.18354772488,0.292,Comp0068,DC0002,6,34707,389,3,3,897,578
139051.8513288741,0.085,Comp0023,DNS0001,17,55341,53,2,2,96,92
139054.02771712103,0.013,Comp0008,Web0003,6,2532,443,5,51,504,2108
139056.04725150415,2.073,Comp0025,FS0003,6,18259,445,50,239,1622,93368
139058.48361723722,7.231,Comp0060,Web0006,6,30066,443,4,53,116,12977
139059.1072601115,3.853,Comp0025,Proxy0001,6,63268,3128,7,33,232,33137
139060.9625832506,0.136,Comp0033,DNS0002,17,24311,53,3,2,75,178
139063.46017430647,0.737,Comp0025,FS0003,6,65144,445,14,84,1009,8354
139065.5200933021,1.861,Comp0073,DC0002,6,11458,88,2,7,982,2946
139066.48185473174,2.713,Comp0024,Mail0002,6,27705,587,11,3,143,586
139066.9043356445,0.09,Comp0019,DNS0002,17,53645,53,2,2,49,115
139075.23087736365,0.125,Comp0027,DNS0002,17,55425,53,2,3,67,256
139077.59043108358,0.372,Comp0069,DNS0002,17,18895,53,2,2,66,275
139083.21004200142,8.332,Comp0067,Web0004,6,28722,443,12,84,71,11811
139083.6455775701,3.032,Comp0042,Proxy0001,6,65254,3128,11,86,258,14037
139088.08568364964,3.684,Comp0071,Proxy0002,6,64278,3128,4,31,1640,8470
139088.37310655686,2.514,Comp0039,Mail0001,6,61430,993,7,31,1294,1121
139090.66378154207,1.923,Comp0021,Web0005,6,29182,443,12,39,373,3098
139091.77963694392,1.824,Comp0066,Web0006,6,20794,443,34,25,763,2001
139097.44653258644,27.819,Web0002,DB0001,6,56241,3306,12,36,2507,4038
139106.77740576625,4.512,Comp0007,Web0006,6,58366,443,5,16,1521,13697
139110.85868268512,1.106,Comp0070,DC0001,6,33339,88,3,17,496,664
139111.29716139886,4.81,Comp0034,FS0001,6,28602,445,41,92,1836,15598
139116.5741893908,0.139,Comp0014,DNS0001,17,53585,53,3,2,98,131
139122.75160991462,0.361,Comp0041,DNS0002,17,48599,53,2,2,72,218
139142.56655720805,16.565,Web0006,DB0002,6,15818,5432,55,192,1144,2075
139147.08928913542,2.602,Comp0053,Proxy0001,6,61468,3128,3,23,1404,5032
139153.4459578384,0.017,Comp0023,DNS0001,17,57037,53,2,2,48,164
139158.39396360432,0.159,Comp0063,DNS0001,17,28237,53,2,2,121,83
139178.31934505483,0.029,Comp0069,DNS0001,17,46484,53,3,4,117,141
139191.2538877275,16.676,Comp0009,Web0005,6,54943,443,8,54,959,10157
139192.3677778483,2.249,Comp0034,Web0005,6,63100,80,29,95,3046,3190
139197.57834067926,0.269,Comp0072,DNS0002,17,36974,53,2,3,58,218
139198.1306334592,3.093,Comp0004,Mail0001,6,10487,993,6,6,624,2173
139203.1621052852,2.007,Web0002,DC0002,6,56699,389,5,6,916,1172
139206.90544588407,0.033,Comp0069,DNS0002,17,40672,53,2,2,76,78
139211.22989425587,14.59,Comp0067,Web0002,6,24628,443,17,15,882,2515
139212.62347034772,4.618,Comp0043,FS0001,6,52172,445,25,82,1188,3648
139214.62696618756,10.605,Comp0033,DC0001,6,5463,88,6,4,386,1063
139217.9016267209,7.379,Comp0080,FS0001,6,40741,445,15,43,1489,78098
139220.8206401112,2.952,Comp0035,Web0001,6,11196,443,12,14,1220,21078
139223.65829510445,3.22,Comp0020,Proxy0002,6,62630,3128,5,10,522,3191
139224.50241323822,4.505,Comp0013,Web0003,6,61517,443,14,67,246,4626
139224.65576970554,10.606,Proxy0002,Ext0023,6,44704,443,8,20,712,15347
139225.78002393513,0.038,Comp0059,DNS0002,17,48542,53,3,3,50,270
139230.5522175462,6.115,Comp0021,Mail0002,6,9246,587,4,3,267,1602
139236.01265607457,2.574,Comp0068,Proxy0002,6,26293,3128,7,32,896,13701
139239.63198123904,0.302,Comp0074,DNS0001,17,32799,53,2,2,59,98
139245.4396327188,1.482,Comp0055,Web0006,6,55980,443,8,105,284,5428
139258.99567927362,5.269,Comp0075,Web0002,6,3750,443,6,61,1152,1848
139259.4411781848,0.663,Comp0061,Mail0002,6,21490,993,4,3,286,829
139260.60790921902,7.981,Comp0030,Web0003,6,26973,443,21,10,1041,517
139266.81993495615,0.443,Comp0006,DNS0001,17,4019,53,2,2,96,200
139270.07349498718,1.914,Proxy0001,Ext0018,6,10011,443,13,63,1730,2379
139272.5410372064,0.799,Comp0045,DC0001,6,34810,88,13,10,443,1045
139283.4094002316,0.104,Comp0022,DNS0001,17,58114,53,3,2,32,138
139285.6551306867,0.429,Proxy0002,Ext0003,6,23352,80,14,78,1276,456
139288.52331561863,0.614,Comp0023,Web0006,6,44108,443,11,71,1716,1571
139289.90605010066,0.282,Comp0021,Proxy0002,6,34282,3128,6,26,646,9749
139296.96336006615,8.115,Comp0038,DC0001,6,56385,389,2,11,410,595
139297.47160412706,3.612,Comp0003,Proxy0002,6,58131,3128,7,39,423,25753
139299.2859424735,0.062,Comp0019,DNS0001,17,8411,53,3,2,48,132
139301.74866545724,0.005,Comp0071,DNS0002,17,1506,53,3,2,97,279
139303.9475348244,0.427,Comp0057,DC0001,6,4361,389,12,4,347,311
139304.172127022,4.249,Comp0074,Proxy0001,6,62213,3128,39,29,838,2073
139307.38417959688,10.321,Comp0070,Proxy0001,6,5852,3128,26,17,543,2145
139309.1673230627,17.653,Comp0035,Proxy0001,6,2710,3128,9,47,322,3441
139309.57552241243,1.091,Comp0067,Proxy0002,6,38684,3128,4,80,1105,9745
139311.19779815237,0.184,Comp0064,DNS0001,17,55952,53,3,2,50,47
139314.57969323487,0.28,Comp0076,Web0006,6,53546,443,22,35,196,19014
139316.6984953629,1.524,Comp0012,Proxy0002,6,63143,3128,20,38,2668,8593
139317.8788849938,24.574,Comp0005,DC0001,6,46569,445,8,222,2296,13252
139319.02086147186,9.336,Comp0001,Proxy0001,6,41117,3128,8,24,1279,4166
139323.18749941644,6.028,Comp0041,Proxy0002,6,10810,3128,8,17,1024,3837
139325.01991870327,4.755,Comp0064,DC0002,6,64566,389,5,16,363,2863
139327.6940098741,7.42,Comp0024,Proxy0002,6,35621,3128,4,44,3186,958
139333.94494719917,0.106,Comp0065,DNS0001,17,10715,53,2,3,53,187
139334.1805773928,2.238,Comp0051,Mail0001,6,38212,587,4,4,203,368
139335.12890806526,0.347,Proxy0001,Ext0009,6,33336,80,15,4,189,2554
139338.8126449739,0.354,Comp0060,DNS0001,17,28449,53,2,2,42,142
139341.65400255378,0.581,Comp0073,DC0002,6,37604,88,3,5,353,618
139344.60350202228,0.778,Comp0044,Web0002,6,9361,443,4,47,311,3717
139344.6369418281,3.627,Comp0059,FS0001,6,39781,445,20,192,394,48092
139344.83526673156,0.129,Comp0054,DNS0001,17,38447,53,3,2,80,288
139352.47869407712,3.756,Comp0065,Proxy0002,6,26892,3128,8,156,3309,3824
139353.4163620407,4.19,Comp0026,Proxy0001,6,35813,3128,7,39,111,11754
139359.82904081012,0.339,Comp0010,DNS0002,17,25076,53,2,2,97,279
139365.16881758647,0.251,Comp0080,DNS0002,17,61086,53,3,3,142,106
139370.5984841676,7.637,Comp0001,Mail0001,6,51682,993,13,19,381,3223
139373.4014298141,1.525,Comp0066,Proxy0002,6,63635,3128,22,23,390,34631
139382.11165711802,0.398,Comp0035,DNS0001,17,21182,53,2,2,54,322
139385.59836223413,2.3,Comp0033,Proxy0002,6,28063,3128,4,50,321,8591
139391.09374909656,1.848,Comp0068,Proxy0001,6,17981,3128,6,9,713,9857
139391.65839102125,21.658,Comp0004,Proxy0001,6,2320,3128,10,22,209,1905
139397.77624583466,9.338,Comp0035,Proxy0001,6,6934,3128,8,77,252,640
139402.41176412944,6.294,Comp0042,Web0001,6,52192,443,7,29,775,4562
139423.60784698662,0.514,Web0004,DB0002,6,27216,3306,12,67,613,22048
139432.12326598956,0.093,Web0003,DNS0001,17,64405,53,2,2,58,276
139435.70592070423,22.58,Comp0054,FS0002,6,38918,445,10,19,788,74020
139436.3564126123,0.054,Comp0015,DNS0001,17,64206,53,2,2,86,130
139437.13386331056,6.12,Comp0035,Mail0002,6,25418,587,7,6,147,350
139445.53100987314,0.106,Comp0017,DNS0002,17,21239,53,3,3,41,113
139451.81432043997,6.291,Comp0071,Web0005,6,14715,443,6,57,1720,16191
139456.60821515578,0.122,Comp0043,DNS0002,17,60470,53,2,3,59,134
139457.13822478493,14.729,Comp0080,Proxy0002,6,45023,3128,8,32,148,33873
139458.53427858133,0.064,Comp0079,DC0001,6,61483,88,3,3,377,1431
139468.9058656537,0.379,Web0003,DC0002,6,2725,389,6,9,550,1081
139476.7074183159,1.369,Comp0038,Web0002,6,23397,443,5,47,1440,3952
139484.54485225523,0.034,Comp0018,DNS0002,17,58841,53,3,3,92,182
139485.39349048873,5.267,Comp0045,DC0002,6,2331,88,5,5,327,1115
139487.53340556327,12.507,Comp0051,DC0001,6,16835,445,150,176,6067,29027
139487.60514725622,1.789,Comp0012,Web0006,6,51002,443,4,22,430,2150
139488.50473325903,2.175,Comp0079,Mail0001,6,46011,993,7,5,370,896
139490.70625989832,4.113,Comp0032,Mail0001,6,4297,993,5,16,271,1291
139491.1187178233,0.562,Comp0065,Web0003,6,41564,443,2,39,545,52287
139492.60688379046,12.872,Comp0032,DC0001,6,61544,88,16,6,149,565
139500.73478683064,0.217,Comp0019,DNS0001,17,18844,53,2,3,47,99
139504.49518710168,0.425,Comp0018,DNS0001,17,6676,53,3,2,28,185
139504.7233661616,9.54,Comp0003,DC0002,6,14876,389,11,4,596,306
139505.27533861197,5.882,Comp0017,Web0002,6,24299,443,7,92,294,14751
139506.96361292637,0.284,Comp0025,DNS0001,17,29463,53,2,3,43,91
139510.76033524194,2.332,Comp0061,Mail0002,6,2629,587,17,4,178,481
139517.39299602504,3.967,Comp0066,Web0005,6,38301,443,7,19,1825,6776
139517.49363203545,8.1,Comp0080,Proxy0002,6,61713,3128,5,12,772,4347
139522.0016210499,0.263,Comp0073,Web0006,6,1494,443,11,117,978,4965
139522.4425512612,4.936,Comp0078,Web0004,6,9349,443,2,287,1759,29415
139523.20372685808,7.283,Web0002,DC0001,6,15557,389,8,6,598,1531
139535.65927970313,0.27,Comp0024,DNS0002,17,6968,53,2,3,40,262
139539.2425012855,1.624,Proxy0001,Ext0010,6,21244,443,19,38,356,46649
139543.2237633866,0.144,Comp0004,DNS0002,17,20013,53,3,3,46,211
139550.1964562492,0.181,Comp0058,DNS0002,17,63867,53,2,3,98,226
139552.33656225048,2.329,Comp0025,Web0003,6,22527,80,5,60,2247,12519
139563.1564066136,0.054,Comp0019,DNS0002,17,9558,53,3,3,82,102
139564.43316546705,2.401,Comp0001,FS0002,6,16160,445,78,50,1402,4819
139565.2122224081,9.88,Comp0079,Proxy0002,6,62056,3128,16,14,177,5394
139570.09687591763,0.042,Proxy0002,DNS0002,17,39243,53,2,3,83,147
139572.23503224525,26.514,Comp0043,FS0001,6,3610,445,14,47,409,38902
139572.85330147488,0.165,Comp0055,DNS0002,17,38683,53,2,2,57,105
139575.18064651557,0.05,Comp0021,DNS0002,17,18324,53,2,3,58,149
139576.31758651225,4.332,Comp0034,FS0002,6,40532,445,5,46,9823,20896
139581.12408341368,3.215,Comp0062,Web0003,6,35313,443,4,20,759,12839
139582.6299002993,0.578,Comp0004,DNS0001,17,61948,53,2,3,65,209
139595.97576497,18.389,Comp0036,Web0003,6,56534,443,5,58,693,9641
139596.32588755595,0.21,Comp0046,DC0002,6,5648,88,5,6,123,708
139599.6261597764,4.698,Comp0066,Web0001,6,55833,80,29,23,4804,966
139599.89618631793,1.442,Comp0058,Proxy0001,6,51727,3128,37,26,105,12492
139602.13639856342,0.186,Comp0008,DNS0001,17,34809,53,2,3,67,167
139604.0156582545,0.475,Comp0055,DNS0001,17,43432,53,2,3,100,191
139608.50058939354,0.055,Comp0020,DNS0002,17,3321,53,2,2,62,144
139620.41954884006,0.929,Comp0070,DC0001,6,41824,389,8,18,273,255
139621.87736390083,0.046,Comp0080,DNS0001,17,24529,53,2,3,102,138
139623.52135843306,0.262,Comp0080,Mail0002,6,41846,587,10,7,885,974
139630.98476497512,11.114,Comp0076,Web0002,6,39158,443,4,12,233,2046
139634.7043024822,0.026,Comp0027,DNS0001,17,1344,53,2,2,122,51
139635.96937501704,9.028,Comp0074,Web0005,6,27234,80,7,52,702,1264
139636.83789609154,0.638,Comp0031,DNS0002,17,46835,53,3,2,59,213
139654.2153646453,1.236,Comp0007,Proxy0001,6,24605,3128,8,121,581,8819
139654.39269476477,1.843,Comp0015,Web0001,6,27491,443,18,14,622,2462
139658.24075786595,1.757,Comp0072,Mail0001,6,33540,587,9,12,922,1052
139670.88713773436,10.129,Comp0065,Proxy0002,6,44498,3128,6,19,916,45078
139684.97028863837,0.32,Comp0006,Web0004,6,23639,80,10,38,249,871
139687.3965919944,0.218,Comp0054,DNS0002,17,53881,53,2,2,98,152
139691.70844871638,9.082,Comp0042,Proxy0001,6,22469,3128,6,44,210,5306
139693.85167268646,0.185,Comp0050,DNS0002,17,53402,53,2,2,70,212
139697.60214408248,5.556,Comp0009,Web0001,6,26660,80,4,25,4343,34288
139701.39937505836,0.016,Comp0055,DNS0002,17,60615,53,2,3,81,165
139701.56670355587,7.981,Comp0036,Web0006,6,24418,443,5,27,150,4943
139702.63362147607,0.478,Comp0045,Proxy0001,6,22734,3128,10,57,464,17760
139705.55175408255,4.184,Comp0019,Web0005,6,19240,80,7,11,308,4457
139711.69621007543,6.414,Comp0051,Proxy0001,6,36845,3128,5,26,356,2862
139712.9836638566,0.495,Comp0076,DNS0001,17,60376,53,3,3,88,103
139717.64696970858,2.404,Comp0003,DC0002,6,62859,389,10,4,1271,220
139718.3242863957,1.128,Comp0032,DNS0001,17,19599,53,3,3,53,122
139722.91378823615,3.81,Comp0021,Proxy0002,6,37813,3128,8,87,552,21914
139723.55810610933,0.028,Comp0079,DNS0001,17,13474,53,2,2,43,225
139725.8511630983,4.142,Comp0057,DC0002,6,11347,88,5,9,660,413
139727.00705730647,5.159,Comp0033,DC0002,6,22590,88,12,12,726,358
139729.2580462035,1.394,Comp0027,DC0001,6,26116,88,4,7,210,252
139729.58703221855,8.066,Comp0001,Web0004,6,56673,443,5,19,270,20383
139731.93950356107,21.669,Comp0059,FS0003,6,40079,445,34,65,1694,50530
139738.87482616346,0.385,Comp0048,DNS0001,17,29899,53,2,3,53,341
139743.20804521829,2.147,Comp0067,Web0002,6,14601,443,9,13,607,8689
139745.91462717514,5.864,Comp0008,FS0003,6,62313,445,16,124,1388,2047
139750.85360156474,0.028,Comp0048,Web0005,6,26204,443,9,84,931,29311
139753.15246447522,7.945,Comp0016,Web0003,6,65390,80,3,21,330,10540
139755.8857815982,4.524,Comp0027,DC0002,6,49634,445,43,133,2315,4576
139764.6433085461,0.415,Comp0065,DNS0001,17,1398,53,2,4,58,207
139775.81232915106,6.574,Comp0077,DC0001,6,13787,445,13,53,1868,23988
139778.05730481423,4.186,Comp0015,Web0002,6,15202,443,4,30,489,20498
139780.06018945083,8.3,Comp0037,Web0004,6,61293,443,14,64,148,38176
139780.34621701186,8.115,Comp0009,Web0002,6,9508,443,9,64,1832,5873
139783.3855742434,1.592,Comp0033,Mail0001,6,17595,993,5,2,397,596
139791.4977212807,7.033,Comp0058,FS0002,6,12017,445,34,98,4122,3502
139791.91605546646,7.413,Comp0068,Web0006,6,41306,443,22,14,571,13764
139798.11691041486,2.101,Comp0016,Web0006,6,52702,443,4,87,636,14413
139799.8583146798,2.052,Comp0019,Proxy0002,6,26386,3128,8,11,469,1034
139813.8801768879,4.544,Comp0043,DC0002,6,54151,88,8,20,288,784
139830.0335058133,4.042,Comp0068,Web0004,6,26163,443,3,128,1892,1703
139837.23298863065,8.16,Web0006,DB0003,6,49537,3306,16,31,1403,3389
139847.1285343602,2.604,Comp0055,DC0002,6,62253,88,10,9,345,306
139847.5705075463,0.27,Comp0045,DNS0002,17,6632,53,2,3,62,70
139852.52153864186,0.15,Comp0030,DC0001,6,20382,445,13,142,4212,11887
139855.58622472262,22.96,Comp0007,FS0002,6,38473,445,6,83,1135,10760
139863.0684244327,25.953,Comp0039,FS0001,6,26229,445,71,202,2416,1625
139863.93564942214,0.286,Comp0064,DNS0002,17,64336,53,2,4,51,132
139871.53304747172,0.276,Comp0047,DNS0002,17,14060,53,2,3,37,116
139881.4333639219,0.347,Comp0035,Web0002,6,46288,443,9,24,1452,11863
139882.98175510523,4.168,Comp0042,DC0002,6,33074,445,36,147,1182,9440
139908.2553196091,0.153,Comp0020,DNS0001,17,45748,53,3,2,63,93
139910.8201336763,46.671,Comp0049,FS0002,6,64402,445,8,62,1273,10693
139912.29232335743,0.006,Comp0030,DNS0002,17,50549,53,2,2,45,317
139915.0533724725,0.837,Comp0075,Proxy0001,6,37010,3128,14,26,2045,21574
139915.572136468,18.779,Comp0035,Web0003,6,56902,80,9,28,158,43658
139933.88491891377,0.084,Comp0019,DNS0001,17,34783,53,2,3,33,133
139935.8544269561,0.128,Comp0021,DNS0001,17,52737,53,2,3,52,71
139936.28761714906,10.003,Comp0056,Mail0001,6,59473,993,3,29,77,832
139941.80662371707,0.079,Comp0010,DNS0001,17,45011,53,2,3,80,187
139945.6994067584,6.083,Comp0068,Web0002,6,23673,80,4,32,1227,14415
139946.58789317546,3.009,Comp0076,Web0002,6,34876,443,7,40,827,8796
139950.15133878362,4.606,Comp0032,Web0006,6,14322,443,12,13,1201,13522
139951.61115327585,2.763,Comp0033,Web0001,6,33628,443,13,33,930,1789
139953.90291126355,0.137,Comp0036,DNS0002,17,1491,53,2,3,132,138
139955.90647266342,8.724,Comp0056,Web0004,6,54830,80,3,105,774,5395
139957.70583593598,9.682,Comp0033,Web0005,6,55968,443,4,22,457,3795
139957.96102688473,0.104,Comp0033,DNS0001,17,63605,53,2,2,46,156
139965.33220960555,0.105,Comp0043,Mail0001,6,59100,993,7,4,1133,2481
139965.7617709727,0.627,Comp0005,Proxy0002,6,50374,3128,18,31,1260,13996
139975.6045161208,0.496,Comp0048,DNS0002,17,11215,53,2,2,88,82
139975.92029735376,2.461,Comp0047,Web0003,6,50687,80,23,104,5475,2261
139978.01850884783,3.97,Comp0061,DC0002,6,49367,389,3,10,607,1726
139982.93810760477,10.715,Comp0064,FS0003,6,11746,445,17,102,3546,12735
139984.88050688253,3.954,Comp0055,Proxy0002,6,16303,3128,6,48,584,28366
139994.8489420787,0.321,Comp0019,Mail0002,6,5280,587,5,7,1018,789
139995.28361916894,31.726,Comp0036,Web0003,6,65310,443,13,17,1769,5069
139999.30510458793,6.668,Comp0073,Web0006,6,55239,443,9,48,2117,2571
140000.1236434392,3.451,Comp0029,DC0001,6,20060,445,47,27,2871,4614
140008.1935187272,0.233,Comp0026,Web0005,6,19965,443,49,69,600,14231
140010.43936402653,8.442,Comp0038,DC0001,6,25204,389,6,13,611,2615
140012.18927692142,4.446,Comp0052,Proxy0001,6,38595,3128,36,29,366,14788
140013.8328925011,9.596,Comp0029,Web0002,6,3674,443,8,15,10141,10937
140013.86349849252,0.474,Comp0072,Web0006,6,8836,443,2,27,1324,4595
140015.93598169144,1.331,Comp0043,DC0002,6,25659,88,5,4,742,2276
140020.18636600487,0.637,Comp0009,Web0003,6,63318,443,21,104,1117,1795
140020.76425051797,2.755,Proxy0002,Ext0029,6,53329,443,8,45,1176,3676
140022.0109266143,0.653,Comp0037,Web0002,6,50834,443,6,41,1121,16311
140022.24078324274,6.961,Comp0014,DC0001,6,31162,389,10,4,1001,2807
140024.88273401035,8.052,Comp0023,Proxy0002,6,32873,3128,34,143,272,3336
140026.9361582077,0.126,Comp0061,DNS0001,17,52121,53,3,2,60,89
140030.3848697628,0.24,Comp0023,DNS0002,17,43185,53,2,3,41,214
140030.48817108845,8.988,Comp0040,Web0004,6,8133,443,7,44,382,14248
140032.6499873993,0.243,Comp0005,DNS0001,17,63476,53,3,3,58,159
140034.3447373522,7.198,Comp0061,Web0003,6,32745,443,7,12,1075,6799
140040.33797249143,1.197,Comp0032,DC0002,6,31783,389,3,3,893,595
140044.77403122425,0.486,Comp0012,DNS0002,17,36123,53,2,2,56,92
140047.19282605898,0.085,Comp0002,Web0005,6,6601,80,8,124,570,3218
140048.8449504653,5.237,Comp0011,DC0002,6,49533,445,17,202,768,5631
140053.48537665984,23.672,Comp0051,DC0002,6,62450,445,12,365,2567,40925
140055.2248734464,5.892,Comp0031,Web0005,6,14434,443,12,20,890,13162
140055.27896353006,0.104,Comp0064,DNS0001,17,49282,53,2,2,62,82
140055.75623364176,5.785,Comp0014,Web0002,6,61662,443,10,302,714,5477
140056.87171367754,0.253,Comp0052,DNS0001,17,5566,53,2,3,30,132
140065.36066141084,4.942,Comp0075,FS0001,6,64039,445,26,78,1743,6932
140073.09155307012,1.932,Web0001,DB0001,6,33227,5432,13,105,159,84425
140076.79151441366,22.972,Comp0014,Mail0001,6,2126,993,5,4,222,1247
140083.67310146638,6.512,Comp0066,Web0006,6,33375,80,8,39,1896,14088
140084.52352281753,5.512,Comp0002,FS0001,6,44915,445,54,200,68522,3179
140093.49657353002,0.094,Comp0011,DNS0002,17,60971,53,2,3,51,120
140093.58632842748,0.348,Comp0023,DNS0001,17,2337,53,2,2,87,112
140100.25203601364,4.953,Comp0064,Web0005,6,59981,443,6,31,1924,2887
140112.1805980289,0.244,Comp0030,DNS0002,17,13046,53,3,3,96,216
140114.63130962348,3.488,Comp0003,Web0003,6,25493,443,4,20,829,62767
140115.10244989584,19.12,Comp0057,Web0002,6,63647,443,6,20,1001,6330
140116.32094323047,12.63,Comp0053,Proxy0002,6,16005,3128,9,26,4514,1810
140116.75021279298,6.711,Comp0052,DC0001,6,1179,445,29,71,1201,8333
140117.76063367494,1.433,Comp0026,DC0002,6,2738,389,3,32,890,327
140120.1867802523,0.102,Comp0045,DNS0001,17,61088,53,2,2,83,147
140120.91623999196,10.461,Comp0013,Proxy0002,6,41801,3128,4,24,3580,16933
140126.35359962567,0.345,Comp0073,DNS0002,17,38328,53,2,2,103,231
140127.8872116852,0.0,Comp0014,DNS0002,17,1541,53,3,2,61,103
140129.95946397432,0.232,Comp0057,Mail0002,6,24238,993,4,8,165,632
140131.00251079325,3.512,Comp0003,Web0002,6,27349,443,24,113,182,1194
140132.97956092865,0.124,Comp0020,DNS0001,17,47640,53,2,2,44,240
140133.86335296102,0.074,Web0005,DNS0001,17,55775,53,3,4,92,116
140141.6872109237,0.689,Comp0073,Mail0001,6,27528,587,9,3,345,1277
140144.5862804291,1.741,Comp0035,Web0002,6,2685,80,4,18,1023,1464
140150.74154080078,7.203,Comp0021,Proxy0001,6,54289,3128,23,56,840,3275
140153.75872125247,24.381,Comp0023,DC0001,6,47856,445,19,99,2497,24749
140165.40796305073,0.722,Comp0068,Proxy0001,6,28050,3128,13,45,308,5138
140176.6318822834,0.148,Comp0034,DNS0002,17,30856,53,2,3,64,86
140186.80520667697,0.004,Comp0011,DNS0001,17,38018,53,2,3,46,147
140188.21937007285,1.264,Comp0014,Mail0001,6,7699,587,4,10,173,756
140190.06137238818,8.608,Comp0005,Web0001,6,6669,443,7,117,343,7818
140192.90515084748,5.595,Comp0072,Proxy0002,6,60014,3128,20,48,739,1924
140195.58463857212,0.08,Comp0037,DNS0001,17,3555,53,3,2,49,216
140199.88583810738,7.419,Comp0014,FS0001,6,41185,445,41,44,1137,89450
140201.0388871889,15.957,Comp0024,FS0001,6,36563,445,19,63,3168,7836
140205.71329214206,0.128,Comp0065,DNS0002,17,13313,53,3,2,92,179
140206.03191396614,1.332,Comp0004,FS0002,6,6272,445,11,106,1180,10332
140207.29347357835,16.929,Web0003,DB0001,6,4828,3306,15,35,801,8308
140210.11949995375,7.967,Comp0035,Web0002,6,16460,80,8,24,4716,17187
140213.0856089574,0.436,Comp0036,DNS0002,17,16685,53,2,3,50,78
140214.4298739396,0.083,Comp0002,DNS0002,17,59980,53,2,2,115,207
140215.61673326333,0.434,Comp0034,Web0006,6,9612,443,10,30,452,62287
140216.60570333124,14.461,Web0003,DB0002,6,3130,3306,33,61,1279,337296
140223.3661171186,9.722,Comp0065,Web0005,6,25113,443,8,57,1108,6756
140227.30470412134,10.476,Comp0017,Web0003,6,28658,443,10,37,6267,29034
140229.96802982775,4.281,Comp0051,Proxy0001,6,34133,3128,19,40,233,16690
140230.32074114893,7.953,Comp0070,Web0002,6,36073,443,7,26,149,3417
140237.58594398687,0.19,Comp0020,DNS0002,17,36978,53,2,4,74,466
140256.84581459442,0.301,Comp0003,DNS0002,17,42060,53,2,3,42,76
140258.93459765275,3.893,Comp0057,Web0001,6,30821,443,13,83,375,11112
140268.9727686646,1.92,Comp0057,Web0004,6,30573,80,8,123,841,7995
140272.30232142383,1.085,Comp0077,Web0004,6,5689,443,20,21,339,9585
140279.15009828142,0.474,Comp0058,DC0001,6,2103,88,7,7,130,1487
140279.79579851823,0.044,Comp0028,DNS0001,17,37189,53,2,2,124,56
140281.89472159685,5.874,Comp0039,Mail0002,6,1265,993,4,6,211,3739
140285.846582133,0.374,Comp0035,DNS0002,17,32295,53,2,3,89,54
140288.01467041497,4.375,Comp0074,Web0005,6,39321,80,8,19,577,4361
140292.93221140202,0.503,Comp0027,DNS0002,17,63907,53,2,2,64,169
140298.4268390771,6.758,Proxy0001,Ext0016,6,57290,80,12,13,1142,14081
140304.0592581655,0.952,Comp0043,Web0003,6,49746,443,10,40,168,9770
140306.5952056528,16.931,Comp0079,Proxy0001,6,39620,3128,11,25,784,7010
140310.36525440725,0.302,Comp0060,DNS0002,17,54668,53,3,3,79,141
140320.74369655777,2.276,Comp0050,Web0006,6,7510,443,11,25,1545,1671
140330.927426385,6.897,Comp0019,Web0005,6,10001,80,33,84,737,26548
140335.89886606962,0.416,Comp0041,DNS0001,17,12655,53,2,2,156,116
140336.0554892797,18.76,Comp0029,Web0006,6,48968,443,27,52,109,15678
140354.55532008185,0.073,Comp0023,DNS0001,17,34246,53,2,2,61,424
140367.58256063506,1.188,Comp0062,Web0003,6,10390,443,15,42,624,6527
140379.06504239817,0.181,Comp0024,DNS0001,17,10766,53,2,3,61,239
140383.29461105927,0.927,Comp0013,Web0006,6,8409,443,14,59,921,40597
140384.7551971951,20.719,Comp0035,DC0002,6,26533,445,40,88,3773,76100
140386.56978839915,0.601,Comp0057,DNS0001,17,6342,53,2,3,76,131
140392.22674864117,0.044,Comp0010,DNS0002,17,59345,53,3,3,50,112
140411.50670253235,5.61,Comp0013,Web0005,6,12674,80,5,20,537,8953
140413.23961008494,0.192,Comp0027,DNS0002,17,49655,53,2,2,81,123
140414.59108682314,0.847,DB0003,DC0002,6,33401,389,8,6,545,632
140425.51052872377,11.603,Comp0056,Proxy0002,6,2532,3128,14,176,176,3829
140426.9201263089,0.085,Comp0021,DNS0001,17,48224,53,2,4,128,133
140440.50056728767,0.677,Comp0043,Proxy0002,6,51620,3128,10,49,263,15153
140443.1087616148,0.037,Comp0002,Web0002,6,56280,80,4,8,296,15366
140444.36853017024,0.591,DB0004,DNS0002,17,60916,53,2,3,47,99
140453.29407522394,0.047,Comp0012,DNS0002,17,56756,53,2,2,141,118
140455.95542294433,1.949,Comp0050,Web0006,6,55911,80,11,54,634,2246
140461.66759804013,0.186,Comp0020,DNS0002,17,13226,53,3,2,70,495
140465.47841637983,1.027,Comp0012,DC0002,6,60978,389,6,21,193,325
140465.8156138396,0.027,Comp0042,DNS0002,17,30836,53,3,3,82,152
140467.53147734806,0.546,Comp0030,DNS0002,17,59398,53,2,3,57,140
140467.8165868465,8.524,Comp0060,Web0006,6,15492,443,8,90,219,26165
140469.53090652346,16.215,Proxy0001,Ext0025,6,33536,443,6,32,433,3895
140475.86988559453,4.263,Comp0077,Web0004,6,34525,80,15,56,362,1253
140477.0043123741,8.737,Comp0072,Web0002,6,24935,80,5,44,720,2074
140484.45500402985,9.305,Comp0058,Web0005,6,37928,443,23,72,172,8984
140486.2306256825,0.805,Comp0025,Web0003,6,32140,443,6,36,369,5715
140487.60074084753,0.654,Comp0053,Web0004,6,56758,443,8,32,710,41860
140489.06196626872,0.033,Comp0042,DNS0002,17,12242,53,2,3,49,157
140489.22603806574,0.115,Comp0014,DNS0001,17,26545,53,2,3,68,201
140492.81110786187,3.134,Proxy0002,Ext0018,6,13243,443,6,54,871,2557
140499.47031327823,2.434,Comp0044,Mail0002,6,28497,587,5,10,165,207
140505.6710347432,0.855,Comp0003,Web0003,6,18898,80,7,20,2078,5334
140506.8941186932,12.353,Comp0066,FS0003,6,31203,445,23,555,4275,99131
140510.21104071144,9.232,Proxy0002,Ext0006,6,28882,443,10,65,220,13313
140514.2550351364,0.023,Comp0014,DNS0001,17,64572,53,3,3,46,132
140515.74071619913,11.811,Comp0024,Proxy0002,6,19071,3128,2,106,156,4440
140525.99393374205,14.898,Web0001,DB0004,6,58587,5432,18,144,3715,47345
140531.5904024133,17.404,Web0002,DB0004,6,32543,3306,4,16,3781,79259
140535.7781609852,32.141,Comp0023,DC0001,6,53228,445,27,124,7694,6398
140539.75063732892,4.573,Comp0052,DC0002,6,34179,88,5,6,50,1123
140555.491440976,0.495,Comp0025,DNS0002,17,8329,53,3,3,60,293
140559.49961156634,0.138,Comp0004,DNS0002,17,2268,53,2,2,88,220
140561.84383833813,1.848,Comp0011,Web0003,6,23342,443,11,85,1574,29236
140571.01538463435,4.267,Comp0046,Web0003,6,64193,80,38,41,2821,3979
140572.38808188302,0.138,Comp0057,DNS0002,17,37905,53,3,3,60,148
140581.69788142288,4.884,Comp0016,FS0002,6,40162,445,13,18,3004,3903
140587.79590769156,0.03,Comp0056,DNS0002,17,21438,53,2,2,137,65
140590.80856816258,0.124,Comp0023,DNS0002,17,38752,53,3,3,40,147
140596.8817608468,0.126,Comp0001,DNS0002,17,55970,53,3,2,52,174
140599.92953327013,0.008,Comp0010,DNS0002,17,60906,53,2,3,101,126
140604.25758389005,0.394,Comp0030,DNS0002,17,13504,53,2,2,43,144
140604.6530759951,11.9,Comp0033,Web0002,6,52862,443,4,174,1808,3125
140607.60327134418,0.187,Comp0008,DNS0002,17,63132,53,2,3,41,280
140608.6484119363,0.313,Comp0048,DNS0002,17,18343,53,2,2,43,265
140611.54183187537,0.248,Comp0080,DNS0002,17,50911,53,2,3,83,109
140612.7936529421,5.63,Comp0048,DC0001,6,65358,389,5,7,351,367
140614.68810657243,2.021,Comp0009,Mail0002,6,6554,993,8,24,300,1308
140617.4499504554,0.035,Comp0076,DNS0001,17,35469,53,2,2,91,192
140617.76457746513,0.113,Comp0003,DNS0002,17,28352,53,2,2,52,174
140619.78183822826,0.163,Comp0026,DNS0002,17,63790,53,2,3,33,274
140625.17946262748,0.242,Comp0077,Mail0001,6,55332,993,3,7,1733,8015
140625.35632432986,0.16,Comp0025,DC0002,6,2822,88,4,4,246,1022
140633.2450546908,19.4,Proxy0002,Ext0019,6,23207,443,18,23,511,2335
140644.78103076434,12.26,Comp0067,FS0003,6,52138,445,83,87,421,23822
140646.05761483382,0.052,Comp0058,DNS0001,17,21068,53,3,4,111,195
140648.85431209664,0.01,Comp0045,DNS0002,17,44346,53,4,2,72,166
140650.13630467537,2.616,Comp0065,FS0002,6,23255,445,34,78,5732,31457
140655.65922353676,0.066,Comp0037,DNS0001,17,17169,53,2,4,48,164
140658.03501166077,4.798,Comp0071,Web0001,6,40127,443,10,68,1181,7564
140670.81436688761,0.17,Comp0011,DNS0002,17,41891,53,2,2,41,171
140678.16359033465,0.181,Comp0077,DNS0001,17,20488,53,2,3,36,116
140686.2595864549,6.268,Comp0050,Web0003,6,45573,443,14,172,304,4406
140714.95903165036,0.048,Comp0041,DNS0001,17,18575,53,2,4,42,117
140727.61971729624,6.446,Comp0017,Web0002,6,28503,443,3,63,645,19302
140731.2001506221,0.145,Comp0028,DNS0001,17,24133,53,2,2,71,139
140736.67367883047,9.066,Comp0043,FS0001,6,47185,445,20,60,1385,13397
140737.2167224688,17.172,Comp0010,Web0005,6,64423,80,11,17,366,5941
140737.2853426765,0.511,Comp0038,Web0004,6,3939,80,19,36,135,12171
140737.81612995616,1.602,Comp0007,Web0005,6,64571,80,5,82,686,1542
140738.50905768448,0.054,Comp0075,Web0004,6,14048,443,11,59,187,2087
140739.27690810885,0.104,Comp0079,DNS0002,17,52343,53,2,3,96,234
140743.135715294,8.075,Comp0068,DC0002,6,22490,389,5,6,394,254
140747.0047897034,0.408,Comp0061,DC0002,6,46559,389,11,13,283,154
140748.79619865853,19.53,Web0002,DB0002,6,46913,3306,10,77,1983,23485
140754.41308812704,1.541,Comp0052,Proxy0001,6,25196,3128,12,80,559,28414
140756.03678421542,0.166,Comp0063,DNS0002,17,17207,53,2,2,82,190
140759.50959195016,11.424,Comp0080,DC0001,6,1278,445,141,42,837,38365
140764.137633658,15.788,Comp0039,DC0002,6,64086,445,7,75,963,3993
140767.72548626515,8.274,Comp0043,Web0002,6,50652,80,9,117,974,18077
140770.98927196927,6.982,Comp0037,Web0006,6,6461,443,3,31,597,7910
140772.70208426245,2.174,Comp0060,Proxy0002,6,55914,3128,6,95,1526,4290
140779.35960103723,6.621,Comp0011,DC0002,6,28434,445,8,85,664,99904
140782.846371272,6.587,Proxy0001,Ext0008,6,3060,80,7,16,2111,1414
140786.75957760817,2.737,Comp0005,DC0002,6,31667,88,4,18,463,54
140802.88327144008,10.654,Comp0048,Web0004,6,51915,443,15,108,526,1932
140813.05793149493,1.764,Comp0012,Proxy0001,6,44598,3128,5,43,330,27335
140818.15308539424,0.378,Comp0024,Web0001,6,46295,443,4,65,527,4579
140819.20748954086,19.797,Comp0059,DC0001,6,6434,445,36,72,10331,274808
140823.60826674858,22.624,Comp0052,DC0002,6,3926,445,20,59,1122,8590
140840.96390000565,3.915,Comp0054,DC0001,6,9157,389,2,9,326,338
140856.6478462117,0.041,Comp0037,DNS0001,17,43367,53,2,3,64,133
140858.59992932435,0.353,Comp0052,DNS0002,17,42978,53,2,2,108,197
140872.39057864295,0.041,Comp0007,DNS0001,17,22954,53,3,2,85,259
140875.61328392578,0.123,Comp0071,DNS0002,17,64873,53,2,3,45,745
140880.6185760525,3.677,Comp0023,Web0005,6,6891,443,3,16,2435,18514
140881.35066042357,0.612,Comp0062,DC0002,6,53009,88,5,7,630,310
140890.199717311,0.331,Comp0041,DNS0002,17,6770,53,2,3,92,75
140896.07286433806,1.224,Comp0022,Mail0002,6,13257,993,5,3,1893,3108
140898.19848892972,7.042,Comp0015,FS0001,6,34938,445,12,275,613,12305
140905.7594469853,3.411,Comp0064,FS0003,6,64940,445,6,419,541,12757
140907.2900643616,0.546,Comp0013,DNS0001,17,13812,53,2,2,35,367
140911.32708830893,2.413,Comp0022,FS0003,6,18794,445,20,96,1452,2168
140912.0444839203,3.503,Comp0049,DC0002,6,39682,445,18,83,5187,43211
140916.85485611556,0.093,Comp0005,DNS0001,17,7767,53,2,3,132,139
140918.31474908022,14.365,Comp0078,FS0001,6,17852,445,11,39,419,16457
140924.77070227588,0.243,Comp0067,DNS0002,17,8713,53,2,3,66,183
140942.3047705831,0.198,Comp0013,DNS0001,17,46148,53,2,2,77,159
140956.60935145605,0.271,Comp0040,DNS0002,17,62044,53,2,2,74,145
140960.2140272312,3.439,Comp0041,DC0001,6,44185,88,6,7,103,439
140960.2500072954,1.095,Comp0020,DNS0001,17,56670,53,3,3,97,150
140964.99160500205,0.044,Comp0069,Web0002,6,23969,443,8,15,525,12458
140967.01679775998,1.51,Comp0019,DC0001,6,12436,389,12,16,115,1288
140967.06689179543,0.098,Comp0074,DNS0002,17,32107,53,3,3,82,355
140970.135794158,0.042,Comp0060,DNS0001,17,49720,53,2,3,62,296
140977.91496971902,3.349,Comp0062,Proxy0002,6,32097,3128,10,57,235,4975
140977.93627842274,0.288,Comp0023,DNS0002,17,12963,53,3,3,63,138
140988.59488127276,0.243,Comp0056,DC0002,6,41552,389,8,3,326,2683
140991.91538755415,0.048,Comp0045,DNS0002,17,51358,53,2,3,67,160
140998.94089034246,3.705,Comp0001,DC0002,6,50940,389,10,11,547,1742
141003.1728718101,7.073,Comp0035,Mail0001,6,44148,587,7,3,312,352
141021.06220408628,0.041,Comp0022,DNS0002,17,28488,53,3,3,124,260
141021.0685894446,3.173,Comp0034,Web0003,6,27920,443,31,55,1550,500
141023.48399093837,4.799,Comp0045,Mail0001,6,8932,587,5,5,240,3741
141028.139434338,0.115,Comp0029,DC0001,6,57273,389,4,6,474,1802
141036.16399721746,6.616,Comp0037,Web0006,6,19491,443,7,26,171,6962
141044.48617823192,0.076,Comp0064,DNS0002,17,63761,53,3,4,42,95
141048.23293936948,1.879,Comp0015,DC0001,6,15118,88,4,10,547,492
141049.73693982128,1.729,Comp0036,Web0001,6,1407,80,20,25,536,29616
141051.38009902538,12.542,Comp0073,Web0003,6,9083,443,8,57,2127,7471
141057.0817239388,8.857,Comp0080,Proxy0001,6,20832,3128,8,14,1226,24411
141060.7629675445,4.481,Comp0038,Proxy0002,6,25726,3128,32,21,894,2188
141060.9399281438,0.138,Comp0011,DNS0001,17,37055,53,3,3,44,130
141069.17686224385,0.328,Comp0055,DNS0002,17,51595,53,2,3,101,154
141074.63153888274,0.175,Comp0069,DNS0001,17,35872,53,2,2,71,236
141075.49064435862,0.848,Comp0024,Mail0001,6,29064,993,13,3,1084,451
141084.722371159,0.144,Comp0030,DNS0001,17,21993,53,3,3,52,199
141089.6839693273,0.119,Comp0023,DNS0002,17,57642,53,4,3,54,154
141100.40519983275,19.858,Comp0006,Web0004,6,26341,443,5,84,499,2261
141105.14922659192,0.487,Proxy0001,Ext0025,6,30604,443,11,10,292,772
141112.7418242387,1.531,Comp0047,DC0001,6,8982,389,6,21,364,570
141120.54014224518,5.738,Comp0001,DC0002,6,1502,445,12,171,899,14383
141133.22047610852,6.019,Comp0038,FS0001,6,37096,445,15,22,4259,11109
141136.79671024173,1.076,Comp0076,Proxy0001,6,54338,3128,10,37,869,4199
141140.84831264731,5.377,Comp0048,FS0003,6,22432,445,13,200,1488,50709
141142.9584378488,3.859,Comp0007,Web0002,6,61176,443,6,231,683,7337
141143.37568888476,1.091,Comp0066,DNS0001,17,38685,53,3,2,71,57
141146.86642926332,1.136,Comp0007,FS0002,6,10198,445,9,100,3414,31024
141152.9427030028,4.391,Comp0056,Web0006,6,39658,80,12,51,395,24217
141163.28826061432,6.045,Comp0033,Proxy0002,6,51390,3128,3,116,286,11734
141167.10026718906,0.299,Comp0036,DNS0001,17,63775,53,3,3,55,243
141169.4353562994,34.513,Web0004,DB0002,6,44886,3306,5,77,561,48358
141193.90660758375,3.048,Comp0043,Web0005,6,42701,443,4,95,1717,29027
141196.609041066,0.831,Comp0007,DC0001,6,52947,88,9,8,499,1242
141207.9843052362,4.518,Comp0054,Proxy0002,6,33422,3128,8,7,276,15500
141209.48911351326,0.287,Comp0075,DNS0001,17,35470,53,2,3,51,143
141219.43992743694,3.152,Comp0063,Web0004,6,54070,80,8,30,244,14704
141229.30821727292,11.961,Comp0054,DC0002,6,63115,445,12,30,3953,17582
141238.774842981,7.583,Comp0005,DC0001,6,60978,389,6,4,186,285
141240.32996454235,8.012,Comp0055,Web0004,6,38180,80,3,99,415,2708
141240.82593659146,0.11,Comp0005,DNS0002,17,21443,53,4,3,134,170
141241.01088720892,0.079,Comp0040,DNS0001,17,7194,53,2,2,94,85
141261.01979994483,1.927,Comp0039,DC0001,6,34808,389,6,14,218,711
141276.02423308516,0.531,Comp0040,DNS0001,17,4715,53,2,3,57,202
141276.24117534622,0.071,Comp0028,DNS0001,17,1383,53,3,2,83,110
141277.21894530876,8.283,Comp0004,Proxy0001,6,26482,3128,10,188,1030,14316
141281.51508546472,0.164,Comp0014,Web0006,6,62906,443,14,60,237,5357
141282.97912102254,3.691,Comp0061,FS0003,6,9123,445,20,202,2490,9966
141284.55721496732,3.26,Comp0068,Proxy0002,6,23740,3128,21,39,170,10042
141291.45626094038,0.203,Comp0032,DNS0002,17,9183,53,2,3,35,258
141291.71340456363,0.237,Comp0045,Mail0002,6,54285,587,4,7,750,228
141294.0144776308,0.173,Comp0037,DNS0001,17,18026,53,2,3,63,125
141297.94694494372,0.215,Comp0045,Web0002,6,29287,443,9,12,629,7233
141305.9133888873,0.096,Comp0069,DNS0001,17,60009,53,2,2,77,233
141313.6350856024,0.441,Comp0041,DNS0001,17,25918,53,3,3,56,128
141314.01584033482,12.351,Comp0069,DC0001,6,43552,445,11,90,2252,29866
141314.08703979792,2.686,Comp0001,Proxy0001,6,5717,3128,8,80,1986,10491
141317.56553136266,12.203,Comp0055,Proxy0001,6,43639,3128,12,18,840,7160
141318.13501340427,1.204,Comp0033,DC0002,6,63837,88,6,4,232,557
141325.0206409641,9.645,Comp0059,FS0003,6,56436,445,6,85,912,10205
141333.11050425516,0.7,Comp0040,Web0004,6,60405,443,5,45,70,1575
141334.40698430463,8.664,Comp0044,Web0004,6,10940,443,5,22,383,25676
141341.498108469,3.684,Comp0074,Mail0001,6,48568,587,3,6,108,459
141352.10003270395,37.911,Comp0034,DC0001,6,8815,445,15,79,5247,78861
141352.5482403314,2.206,Comp0027,Web0002,6,27136,443,4,48,514,3200
141352.63197824644,15.746,Proxy0002,Ext0017,6,3704,443,8,27,537,5833
141352.96823398588,0.517,Comp0018,DC0001,6,62355,88,9,6,1648,676
141354.89165499556,3.123,Comp0075,DC0002,6,49946,445,22,314,1040,31276
141357.19470291145,36.492,Comp0072,DC0002,6,29273,389,4,4,1340,1070
141358.63555441902,25.811,Comp0024,FS0003,6,26991,445,10,19,582,4702
141364.45629751703,0.331,Comp0019,Web0004,6,51390,80,9,54,424,4662
141367.21270067772,10.778,Proxy0001,Ext0005,6,51753,80,6,64,688,2970
141377.26862811355,0.387,Comp0028,DNS0002,17,58487,53,2,3,71,211
141377.30693023023,0.499,Comp0067,DNS0002,17,16144,53,3,3,40,152
141386.33728808135,0.584,Comp0059,DNS0002,17,24746,53,2,3,67,251
141389.51240260244,16.535,Comp0057,Web0002,6,26923,80,3,51,654,19556
141392.28077586993,40.094,Comp0018,DC0002,6,11854,445,73,34,1761,12257
141396.09219221323,0.033,Comp0031,DNS0001,17,15320,53,3,3,77,268
141401.9434831245,0.172,Comp0019,DNS0001,17,64317,53,2,2,43,129
141401.9519214276,2.534,Comp0066,Proxy0001,6,63934,3128,6,17,264,1083
141406.9813894849,0.097,Comp0052,DNS0002,17,50720,53,2,2,70,118
141412.71070054927,10.843,Comp0031,FS0002,6,62539,445,11,165,6182,16071
141415.9158221371,0.019,Comp0071,DNS0001,17,11538,53,2,2,79,120
141433.5082077899,18.026,Comp0019,DC0002,6,1741,445,90,194,6259,8850
141436.46286616716,7.795,Comp0042,Web0006,6,49790,443,8,38,979,13411
141438.8500091551,4.303,Web0005,DB0002,6,35342,5432,19,17,1820,49680
141439.52520829748,9.091,Comp0050,Web0005,6,12268,443,8,20,2475,6652
141445.99509147016,0.211,Comp0069,DNS0001,17,53550,53,3,3,147,130
141448.47718183315,3.851,Comp0037,Proxy0001,6,5716,3128,8,28,826,19088
141457.73038147518,2.195,Comp0051,Web0003,6,11233,443,27,19,2914,3035
141463.13245779104,0.715,Comp0077,DNS0002,17,28012,53,2,3,126,142
141466.49509181472,13.27,Comp0003,FS0002,6,6526,445,22,140,2589,5394
141471.2743901874,0.903,Comp0024,Mail0001,6,50106,587,6,11,1529,529
141476.80658971492,0.052,Comp0041,DNS0002,17,22203,53,2,2,97,76
141481.71154023628,0.088,Comp0061,DNS0002,17,26810,53,3,3,31,199
141501.26354941863,0.606,Comp0022,Proxy0002,6,4055,3128,10,15,220,13787
141504.67129843897,2.394,Comp0071,DC0002,6,56848,88,10,8,831,926
141507.9126766441,0.12,Comp0063,DNS0001,17,55993,53,2,2,39,68
141513.30933600652,2.385,Comp0004,DC0001,6,30221,389,5,6,582,130
141519.92169808105,0.175,Comp0040,DNS0002,17,44316,53,2,3,54,228
141531.0792377432,12.51,Comp0028,Web0002,6,48055,80,13,62,1109,507
141531.26092221012,0.303,Comp0038,DC0002,6,20198,88,8,11,318,857
141533.29443411078,2.692,Comp0013,DC0001,6,12804,88,6,5,564,875
141541.8979653266,2.426,Comp0050,Proxy0002,6,29296,3128,13,8,490,2803
141546.1080242681,8.353,Comp0009,Web0004,6,45843,443,3,27,1545,2822
141548.49345499638,9.597,Comp0067,Proxy0001,6,34484,3128,6,201,682,10687
141549.28567423296,19.374,Comp0050,FS0002,6,31395,445,40,500,680,30482
141553.94481006498,0.057,Comp0014,DNS0002,17,24532,53,3,3,59,174
141571.2586762022,0.046,Web0004,DNS0002,17,37042,53,2,2,49,152
141572.62381804557,22.261,Comp0023,Proxy0002,6,55396,3128,8,190,1208,16180
141576.06429445994,2.952,Comp0032,Mail0001,6,27578,993,4,5,472,1538
141579.12384516868,0.085,Comp0052,DNS0002,17,4961,53,2,2,82,415
141585.55345791767,0.181,Comp0073,DNS0001,17,51664,53,3,2,178,355
141588.00044243629,7.321,Comp0045,Mail0001,6,32522,993,6,4,436,536
141600.3386556955,0.034,Comp0056,DNS0001,17,25354,53,2,3,102,128
141614.2958762194,3.253,Comp0060,DC0002,6,29661,88,4,7,279,284
141622.81398293463,2.422,Comp0070,Mail0002,6,28089,587,5,8,918,1534
141646.73380535247,0.13,Comp0047,DNS0001,17,53105,53,2,2,69,59
141650.53422746045,1.928,Comp0005,DC0001,6,29608,88,2,9,515,1117
141652.9109234997,1.578,Comp0022,Web0001,6,20941,443,8,44,948,29817
141655.94878520712,0.778,Comp0035,DNS0002,17,60160,53,2,2,55,65
141657.37875768368,10.789,Comp0024,FS0002,6,11466,445,12,49,5346,15980
141662.08288613067,0.045,Comp0047,Web0002,6,11250,80,2,15,904,5870
141662.11497202737,7.221,Comp0080,Proxy0001,6,9057,3128,7,193,2295,5495
141664.6030248239,0.902,Comp0053,DC0002,6,63367,88,3,14,1369,371
141666.74360491533,6.775,Comp0074,FS0003,6,23630,445,29,29,6536,5090
141668.69284101538,13.729,Web0006,DB0003,6,31601,3306,26,361,2319,23329
141668.8570641959,0.039,Comp0032,Web0005,6,12399,443,41,14,527,25968
141680.89761033645,8.594,Web0003,DB0004,6,46414,3306,9,194,2429,3851
141681.58940286125,0.282,Comp0004,Mail0002,6,6895,993,12,6,334,880
141682.0192272693,2.871,Comp0002,FS0002,6,37145,445,17,174,5808,8058
141684.08323527087,0.086,Web0002,DB0001,6,59084,5432,46,336,2890,7190
141695.442990406,0.218,Comp0068,DNS0002,17,44734,53,3,2,93,108
141702.1052540033,4.016,Comp0063,Web0003,6,23875,443,9,42,385,21300
141707.02273679912,5.866,Comp0002,DC0002,6,24318,88,7,8,403,350
141709.67138881306,2.338,Comp0058,Proxy0001,6,7845,3128,10,46,748,1272
141710.0281188494,5.869,Comp0021,Web0003,6,63120,80,18,28,282,5334
141710.1434242156,4.186,Comp0035,Web0006,6,25217,443,3,71,222,1892
141731.72340181563,0.159,Comp0074,DNS0001,17,43430,53,3,3,44,92
141738.74335886718,0.037,Comp0001,DNS0001,17,38157,53,2,3,108,91
141739.00871026394,0.123,Comp0056,Web0001,6,53717,443,9,29,2152,2547
141742.69600284967,0.088,Comp0022,DNS0001,17,7672,53,2,2,70,112
141747.62221523336,0.485,Comp0064,DNS0001,17,5211,53,4,2,47,174
141753.36219817318,2.112,Comp0047,DC0001,6,32628,389,6,5,132,327
141767.2729032056,9.095,Comp0062,DC0002,6,10927,88,3,12,181,6393
141770.7833967001,23.726,Comp0045,FS0001,6,9212,445,23,209,797,9785
141777.44908105806,2.804,Comp0066,Web0006,6,13402,443,8,15,1881,3065
141778.6965177964,10.792,Comp0052,DC0002,6,60645,445,17,123,5274,29411
141783.7959289626,0.215,Comp0064,DNS0001,17,39899,53,2,3,64,182
141785.27364106092,5.942,Comp0028,Web0003,6,49576,443,4,14,108,17860
141792.1323977388,3.798,Comp0066,Web0005,6,60039,80,29,33,152,21581
141812.4409220915,5.75,Comp0076,Web0004,6,56040,443,10,13,345,13455
141815.2442753611,1.335,Comp0025,Web0001,6,40420,443,25,49,132,2194
141816.92777277253,0.125,Comp0011,DNS0002,17,59592,53,2,2,18,86
141817.7594812885,4.554,Comp0016,Mail0001,6,35770,993,5,4,252,1506
141818.17351378413,10.679,Proxy0002,Ext0007,6,64118,80,4,23,935,8184
141821.97064283903,4.649,Comp0030,Web0001,6,51446,443,9,20,1366,1139
141822.48445779717,1.626,Comp0011,Proxy0002,6,35440,3128,5,32,670,2073
141824.03423138586,0.109,Comp0062,DNS0001,17,50457,53,2,2,53,197
141826.17698107296,0.022,Comp0009,DNS0001,17,32694,53,3,2,58,55
141836.78510611405,0.241,Comp0051,DC0001,6,17182,389,4,12,715,582
141853.08271241852,7.491,Comp0066,Web0001,6,64288,443,35,28,172,9574
141856.17474249174,0.088,Comp0014,DNS0001,17,24146,53,3,3,45,461
141865.64616674787,7.889,Comp0035,Web0006,6,28023,443,11,154,747,4511
141869.60359790802,0.38,Comp0026,DC0001,6,26698,389,5,15,363,101
141870.21501914042,13.842,Proxy0002,Ext0025,6,61845,80,9,42,167,12240
141872.6222712591,0.015,Comp0056,DNS0001,17,46641,53,2,3,69,426
141875.854954278,4.089,Comp0071,Mail0001,6,30148,993,5,4,286,538
141877.84337747557,1.369,Comp0007,Web0004,6,28732,443,9,9,279,9496
141880.36939847685,0.051,Comp0021,DNS0002,17,64711,53,3,2,47,188
141892.4521200091,9.916,Comp0007,Web0001,6,35372,443,15,15,311,15565
141893.2724433804,24.048,Comp0021,FS0003,6,36191,445,13,221,3896,14956
141894.02303881847,0.376,Comp0011,DNS0001,17,20049,53,3,3,111,273
141911.67325270543,5.258,Comp0025,Mail0002,6,36284,993,6,3,7344,5659
141923.10376385858,10.044,Comp0029,Web0003,6,65516,443,12,235,356,36962
141930.13708534057,0.042,Comp0079,DNS0001,17,57100,53,3,4,35,119
141930.598212247,4.501,Comp0037,Web0001,6,40571,80,33,10,115,47897
141933.08501902816,4.421,Comp0016,FS0001,6,26920,445,9,108,576,46690
141943.97654590246,4.586,Comp0021,Web0001,6,23105,80,6,11,712,3310
141950.24421011854,0.049,Comp0020,DNS0002,17,65337,53,2,4,59,195
141952.86549390166,0.845,Comp0030,Mail0002,6,9700,993,10,7,183,852
141954.86810115713,2.949,Comp0078,Proxy0001,6,33057,3128,21,53,539,14932
141956.5272157966,0.969,Comp0044,Web0004,6,60070,443,15,14,726,11360
141968.87627737896,9.014,Comp0052,Web0005,6,27022,443,5,94,801,9201
141970.02320812366,0.248,Comp0016,DNS0002,17,49976,53,2,2,77,51
141973.2598196214,8.648,Comp0032,DC0002,6,5918,88,4,8,1234,210
141987.68072176998,0.097,Comp0009,DNS0002,17,45501,53,3,3,28,160
141988.81979933818,0.808,Comp0016,DC0002,6,60125,389,4,16,314,752
142000.3714397016,0.226,Comp0020,Web0004,6,15895,443,5,30,340,3915
142011.60962956856,2.625,Comp0025,Web0002,6,40083,443,10,38,977,27925
142014.91523435136,1.867,Comp0079,Web0003,6,48605,443,6,36,652,43649
142019.924582339,3.727,Comp0048,Proxy0002,6,29750,3128,3,36,257,2090
142020.06677529262,21.822,Comp0059,FS0002,6,28024,445,15,167,2780,17155
142031.40065847395,2.842,Proxy0002,Ext0004,6,62419,443,12,24,964,19638
142033.3613135329,8.242,Web0005,DB0002,6,35737,3306,6,19,1460,8576
142033.57978880854,3.83,Comp0015,Web0005,6,18348,80,10,51,534,30378
142061.60321526887,0.055,Comp0012,DNS0001,17,42040,53,2,2,131,273
142061.79438765376,1.793,Comp0031,Web0005,6,29059,443,35,115,1121,4171
142068.44241834892,4.02,Comp0042,Web0002,6,7282,80,7,27,973,63857
142068.88436541276,8.646,Comp0025,FS0002,6,28272,445,5,47,1223,604
142068.92570038824,1.509,Comp0014,Web0005,6,30547,443,11,19,1949,11874
142069.9494399642,0.162,Comp0030,DNS0001,17,17473,53,2,2,78,143
142080.4268585756,5.598,Comp0005,Web0001,6,25594,80,6,68,1763,3819
142089.3687046601,1.291,Comp0041,Web0006,6,60870,443,11,23,353,7270
142089.76176574914,2.445,Comp0068,Web0003,6,23396,80,6,131,414,1951
142090.02980837307,2.329,Comp0074,DC0002,6,53422,88,5,3,335,328
142094.3047694232,0.659,Comp0052,Mail0001,6,55035,587,4,3,460,1801
142102.25555732346,0.556,Comp0038,DC0002,6,2769,389,3,22,110,492
142111.22508793665,5.599,Comp0016,Proxy0001,6,45284,3128,7,38,580,11291
142113.26795571164,4.255,Comp0030,Web0003,6,40222,80,18,22,1122,6241
142127.22324474863,3.161,Comp0057,Proxy0001,6,1862,3128,44,7,558,6730
142131.91923514553,0.335,Comp0078,DNS0001,17,42311,53,2,2,119,291
142136.67271283147,4.117,Comp0059,Web0006,6,19303,443,4,24,415,20423
142138.3682072855,0.04,Comp0078,DNS0002,17,2959,53,3,5,53,130
142143.08534613432,10.643,Comp0009,DC0001,6,7335,88,8,4,135,221
142158.69903115943,28.607,Comp0031,FS0001,6,22847,445,12,212,2283,1168
142166.35736194978,0.094,Comp0009,DNS0002,17,35289,53,2,2,117,99
142167.59021719274,10.175,Comp0014,Proxy0002,6,14901,3128,13,46,1442,8517
142194.81257508812,9.08,Comp0025,DC0001,6,9038,445,30,232,837,64822
142197.15542232734,1.812,Comp0040,Web0004,6,47326,443,3,36,294,58437
142199.47516857815,3.511,Comp0031,Web0003,6,41673,443,5,34,2086,23364
142209.78406477376,5.512,Comp0078,FS0003,6,49614,445,17,433,3441,21034
142215.45064372782,0.071,Mail0001,DNS0002,17,60978,53,2,2,87,390
142217.31021066953,0.166,Comp0021,DNS0002,17,40595,53,2,2,71,113
142220.7683741561,1.579,Proxy0002,Ext0003,6,59772,443,5,100,85,5786
142221.27846872222,0.266,Comp0071,DNS0001,17,15327,53,2,2,66,202
142225.07284901277,1.349,Comp0028,Web0006,6,15895,443,4,4,587,705
142225.96749037332,0.12,Comp0002,DNS0002,17,14933,53,3,2,140,71
142226.23407437126,2.72,Comp0050,DC0001,6,1026,389,10,8,353,1558
142226.72331786703,0.204,Comp0028,DNS0001,17,5866,53,2,5,75,306
142228.75969768054,9.01,Comp0002,FS0002,6,23800,445,28,104,5050,9613
142230.8884061805,18.373,Comp0070,Proxy0001,6,21009,3128,10,29,1771,3173
142232.89313467254,10.168,Web0002,DB0002,6,26238,3306,9,251,2470,14136
142238.34162924642,8.045,Comp0004,Web0006,6,41886,443,5,62,500,481
142252.14938674954,1.179,Proxy0001,Ext0025,6,42972,80,4,21,2901,31566
142258.24129750946,6.458,Comp0007,Web0006,6,52243,443,5,36,1035,2512
142267.09899565385,1.485,Comp0004,Mail0001,6,19716,587,5,2,252,1475
142268.81378739193,0.027,Comp0031,DNS0001,17,58227,53,2,3,76,232
142269.17437121106,0.757,Comp0015,Web0006,6,38997,80,15,42,143,3509
142275.53134244008,0.078,Comp0074,DNS0002,17,58098,53,2,2,88,165
142289.33135426117,6.999,Comp0063,Proxy0001,6,46233,3128,5,48,2298,53376
142297.52565057392,0.08,Comp0005,DNS0002,17,54962,53,2,3,192,64
142300.15163401968,3.115,Comp0011,DC0002,6,48316,389,5,3,1880,6101
142300.5423820443,9.121,Comp0053,DC0002,6,30966,88,5,10,527,1591
142302.949980792,5.425,Comp0002,DC0002,6,31082,389,6,4,339,541
142303.45947606806,0.166,Comp0004,DNS0001,17,10512,53,2,2,109,137
142305.01547474272,0.389,Comp0001,Web0006,6,45725,443,9,22,364,8996
142307.89809046415,0.007,Comp0020,DNS0001,17,29831,53,2,3,68,94
142309.35464902275,0.245,Comp0028,DNS0001,17,15859,53,2,3,86,72
142315.53477073164,2.077,Comp0035,Web0001,6,5310,443,10,63,865,8664
142321.7815100758,0.135,Comp0045,Web0005,6,3689,443,16,33,285,6950
142327.44228022295,2.793,Comp0029,Web0001,6,46450,443,11,96,1015,17786
142328.56842627036,14.832,Comp0056,FS0002,6,62069,445,49,49,2161,16900
142329.60069961572,4.295,Comp0075,DC0001,6,21350,88,7,3,278,1121
142333.35144117603,0.117,Comp0036,DNS0002,17,26370,53,2,2,55,114
142335.19980102996,6.403,Comp0032,Web0002,6,58292,80,4,80,253,7381
142336.30519490736,5.306,Comp0023,FS0001,6,9878,445,27,124,1680,21770
142343.04596147212,13.46,Proxy0001,Ext0021,6,63095,443,5,54,365,53205
142345.32864312193,0.584,Comp0067,Web0001,6,48466,443,12,130,258,4306
142347.69660036577,0.233,Comp0043,FS0001,6,59381,445,20,248,647,8754
142350.1520626819,0.803,Comp0061,DC0002,6,42408,389,2,17,525,307
142356.11499139346,16.105,Comp0012,FS0001,6,49986,445,23,105,5930,18363
142360.25398698202,0.071,Comp0007,DNS0001,17,33762,53,2,3,32,156
142364.65661784355,0.017,Comp0077,DNS0002,17,10478,53,2,2,60,293
142372.10250131,0.024,Comp0008,DNS0001,17,7007,53,2,3,110,321
142377.87678715642,0.011,Comp0032,DNS0002,17,19712,53,2,2,128,203
142379.21564467528,0.191,Comp0065,DNS0001,17,52363,53,2,2,37,129
142381.0546107563,0.555,Comp0027,DC0001,6,3284,389,6,5,630,282
142388.30743234718,13.377,Comp0075,Mail0002,6,25640,993,5,4,549,630
142389.53434549505,1.708,Comp0057,Proxy0002,6,6825,3128,9,54,505,2677
142391.75740246486,1.343,Comp0020,Proxy0001,6,11350,3128,6,23,2614,7214
142392.70365740202,0.095,Comp0046,DNS0001,17,60015,53,2,2,106,102
142393.79012741998,4.196,Comp0052,DC0001,6,39769,389,3,5,320,550
142407.04380814134,0.551,Comp0015,Web0004,6,39755,443,11,11,808,2131
142419.63213941152,1.823,Comp0068,Web0001,6,23072,443,32,22,2198,5394
142419.82094937423,0.165,Comp0076,DNS0002,17,34215,53,2,4,39,137
142421.35405745206,0.01,Comp0072,DNS0002,17,25405,53,2,3,70,114
142427.29686366208,1.144,Web0003,DB0001,6,55614,3306,61,149,17620,3655
142432.66967235657,6.544,Comp0026,Web0002,6,35855,80,12,38,703,6066
142434.96649693363,2.459,Comp0032,Mail0001,6,1174,587,5,7,587,896
142434.9739746655,7.205,Comp0049,Web0004,6,17381,80,20,24,5449,34829
142459.3489888725,1.842,Comp0042,FS0001,6,64539,445,31,392,1515,15498
142460.4604556927,7.78,Comp0036,Mail0001,6,10515,993,7,6,333,2634
142475.73421550918,0.044,Comp0037,DNS0002,17,52520,53,2,3,55,104
142477.09853281273,0.441,Comp0075,Web0003,6,18325,443,29,24,635,2786
142482.4495234375,0.166,Comp0051,DNS0002,17,12530,53,2,3,61,171
142485.45264438307,0.65,Comp0002,DNS0002,17,28814,53,3,3,71,208
142487.47910670962,0.769,Comp0020,DC0001,6,23726,88,9,4,1325,173
142492.95868250434,0.325,Comp0061,Web0006,6,41561,80,7,39,1674,6624
142496.92671588022,0.137,Comp0038,DNS0001,17,55649,53,3,2,60,145
142500.01197248357,2.061,Comp0073,Web0001,6,29517,443,5,33,1166,1612
142510.6844355087,4.28,Comp0033,FS0001,6,44870,445,15,48,1324,12171
142523.40905666957,0.104,Comp0055,DNS0002,17,32854,53,2,2,83,302
142524.07015704716,0.005,Comp0060,DNS0002,17,6794,53,2,3,47,57
142530.50736915023,6.476,Comp0023,Mail0001,6,21054,587,4,14,197,330
142530.93464960903,0.094,Comp0014,DNS0002,17,10921,53,2,3,70,244
142543.53342132588,1.67,Comp0028,Mail0002,6,62190,993,9,9,545,1027
142544.79284712972,16.766,Comp0022,DC0002,6,52220,445,11,154,5461,5232
142546.64894922386,1.423,Comp0004,Web0006,6,7310,443,14,27,618,2758
142546.97158522575,33.033,Comp0055,FS0002,6,35833,445,16,72,3113,93832
142560.42007351894,0.066,Comp0080,DNS0002,17,46745,53,3,3,76,105
142580.0085119368,4.191,Comp0007,Proxy0001,6,47206,3128,20,15,1118,7203
142582.87096932536,0.23,Comp0008,DNS0001,17,19449,53,2,2,64,226
142597.75368771958,3.038,Comp0004,DC0002,6,63166,389,5,9,164,757
142598.05641038777,7.378,Comp0008,Mail0002,6,42467,587,4,7,281,935
142599.49580853104,0.035,Comp0075,DNS0001,17,40551,53,3,2,65,237
142606.99825266574,2.532,Comp0029,Web0003,6,52923,80,7,64,360,3383
142612.80636668598,0.112,Comp0048,DNS0001,17,64056,53,2,2,114,143
142615.63747137372,0.068,Comp0033,DNS0002,17,8929,53,2,3,92,174
142616.99327444652,8.589,Comp0078,FS0001,6,33318,445,10,48,406,20700
142619.55163432474,6.106,Comp0005,DC0002,6,18951,389,5,7,105,3171
142624.97765836853,12.381,Comp0039,Web0002,6,52737,443,6,57,191,19340
142628.00568941963,3.373,Comp0063,DC0001,6,5620,389,11,7,107,1386
142637.83927879212,1.821,Comp0077,Web0003,6,14621,443,10,102,1832,9379
142639.69244831568,5.226,Comp0073,Proxy0001,6,61224,3128,9,9,1526,1489
142639.7260698314,0.276,Comp0070,DNS0002,17,15454,53,2,2,107,83
142645.74030251702,0.019,Comp0057,DNS0001,17,49433,53,2,4,67,81
142662.53766484826,3.992,Comp0059,Web0006,6,34642,443,7,65,498,7863
142662.7653291694,0.275,Comp0013,DNS0002,17,33351,53,3,2,74,241
142667.62362882835,5.354,Comp0056,Web0006,6,44473,80,8,65,526,3487
142669.77864792474,0.626,Comp0011,FS0003,6,30440,445,44,75,508,14374
142675.50775472034,0.422,Comp0065,Mail0002,6,64668,587,3,5,171,1821
142682.3203415535,1.223,Comp0026,Web0002,6,45247,443,14,11,113,6509
142687.00759463088,3.383,Comp0078,Web0002,6,57020,443,4,12,539,14549
142690.9047024179,15.712,Comp0066,FS0001,6,64484,445,27,147,2270,12875
142695.93736433084,3.59,Comp0038,DC0001,6,36563,88,5,6,865,278
142697.89094764495,2.533,Comp0007,Web0004,6,40127,443,9,58,124,3385
142703.95271276892,7.36,Comp0016,FS0002,6,4266,445,21,72,8805,77274
142711.3116273203,0.6,Comp0001,Web0004,6,25231,443,6,76,3903,8033
142728.6729237226,0.157,Proxy0002,DNS0002,17,10609,53,4,3,88,226
142744.13453251665,0.236,Comp0048,DNS0001,17,36750,53,2,2,66,123
142745.48736621608,0.435,Comp0062,DNS0001,17,1155,53,3,3,63,145
142747.66813346505,1.772,Web0006,DC0001,6,47262,389,4,29,227,6772
142751.2764379694,5.017,Comp0073,DC0001,6,46198,389,8,24,256,266
142752.16301734472,7.083,Comp0006,Proxy0001,6,54670,3128,10,105,296,12432
142753.31171889964,0.081,Comp0055,DNS0001,17,59098,53,2,3,89,180
142756.68709646334,0.132,Mail0002,DNS0001,17,27742,53,3,2,88,382
142765.31922880237,8.296,Comp0063,Mail0001,6,59871,587,2,7,458,1707
142771.00267175818,0.88,Comp0014,Proxy0002,6,41285,3128,13,21,896,7245
142771.9360490993,16.17,Comp0067,FS0001,6,50536,445,25,54,758,4374
142784.12150446838,7.791,Comp0032,DC0001,6,55348,445,27,32,5610,9655
142784.54300565048,6.417,Comp0014,FS0001,6,39055,445,19,246,890,36439
142786.08806900494,5.295,Comp0033,Web0001,6,40608,443,4,15,305,12580
142787.57901791527,3.461,Comp0058,Mail0002,6,24690,993,4,3,310,236
142787.71436834906,1.297,Comp0078,Proxy0002,6,25132,3128,6,24,1488,7926
142798.0146555856,4.66,Comp0004,Web0002,6,34834,443,4,23,169,4056
142800.82571167866,11.293,Comp0023,DC0002,6,6086,445,51,64,2850,24445
142804.5793196136,1.17,Comp0026,Mail0002,6,50063,587,8,8,263,172
142810.37500071788,2.728,Comp0069,DC0001,6,53775,389,13,12,389,681
142812.32869113178,11.004,Comp0048,DC0002,6,26503,445,23,84,17709,1250
142812.63594054923,3.772,Comp0079,Web0005,6,9381,80,5,27,357,9111
142813.07141804084,0.056,Comp0056,DNS0001,17,20494,53,2,4,75,223
142817.74493349832,8.384,Comp0069,Proxy0002,6,45830,3128,21,20,2034,59985
142823.12461933534,0.908,Proxy0001,Ext0032,6,53019,80,45,157,708,2837
142833.28460152162,0.232,Comp0014,DNS0002,17,61903,53,2,3,46,234
142835.41970821464,0.361,Comp0073,DNS0001,17,5166,53,3,3,74,252
142845.77748686768,0.443,Comp0073,Web0004,6,39629,443,21,90,1435,695
142852.35346222113,0.358,Comp0043,DNS0002,17,55801,53,2,3,82,99
142861.44194660962,0.243,Comp0043,DNS0002,17,29623,53,2,2,112,266
142869.13365293248,4.673,Proxy0002,Ext0013,6,35194,443,12,61,653,1416
142871.37412690464,0.095,Comp0047,DNS0002,17,55975,53,2,3,77,255
142875.46504937892,0.056,Comp0080,DNS0001,17,59712,53,2,2,54,127
142876.26078194272,28.254,Comp0051,FS0002,6,19072,445,20,178,548,41381
142879.8387269834,3.265,Comp0005,DC0001,6,62894,88,3,13,84,731
142881.5336720728,7.692,Comp0038,FS0003,6,54729,445,30,168,4276,4133
142886.92816799425,3.865,Comp0011,Proxy0002,6,53517,3128,11,15,983,3805
142890.18625895533,2.068,Comp0069,Proxy0001,6,39594,3128,3,34,690,50448
142891.58546632412,2.239,Comp0078,Mail0002,6,3041,993,5,5,634,837
142894.43642318196,9.997,Comp0078,Proxy0001,6,20522,3128,13,59,492,21258
142907.42483362803,3.469,Comp0010,Web0005,6,46109,443,5,113,686,6169
142915.3969730676,0.224,Comp0058,DNS0002,17,9582,53,3,3,43,354
142915.47188893825,0.064,Comp0024,DNS0001,17,4193,53,2,3,87,105
142937.66827609864,7.145,Comp0044,Mail0002,6,60772,587,4,5,250,1122
142939.3090913368,4.699,Comp0016,Mail0001,6,13446,993,9,26,708,2509
142946.24058305906,2.619,Comp0017,Web0004,6,61555,80,8,48,398,928
142951.10187171455,5.584,Comp0001,Mail0002,6,10945,993,5,4,1796,1203
142954.9347978259,8.026,Web0005,DB0003,6,42634,3306,32,20,1624,16154
142961.8153459459,0.305,Comp0039,Proxy0002,6,32168,3128,25,115,1081,7461
142964.1160125995,0.12,Comp0011,DNS0002,17,56733,53,2,2,95,217
142968.04931671938,5.145,Comp0026,Web0004,6,40853,443,8,32,730,2023
142972.75494254055,0.986,Comp0023,DNS0002,17,56004,53,2,3,53,252
142974.01454372503,1.642,Comp0057,DC0002,6,14592,88,8,10,393,150
142978.5266943018,2.479,Comp0038,Web0001,6,51411,443,15,47,1721,3618
142980.37203436962,8.071,Comp0066,Proxy0002,6,26282,3128,5,71,78,2475
142984.02202146675,0.01,Comp0075,DNS0002,17,56347,53,2,2,42,120
142985.72228962346,10.153,Comp0015,Proxy0001,6,13124,3128,3,304,501,2068
142987.82484437322,14.449,Web0004,DB0002,6,15310,5432,80,333,511,14210
142992.12728550844,11.657,Comp0059,FS0001,6,60124,445,22,56,4067,1608
142995.49412922765,28.476,Comp0046,FS0001,6,1827,445,35,100,3608,13058
143000.89795693482,1.254,Comp0033,DC0002,6,62235,88,2,12,1014,468
143006.39516233097,6.171,Proxy0001,Ext0033,6,34942,443,7,36,1806,2130
143010.88214861578,0.542,Comp0049,DNS0001,17,31494,53,2,2,71,282
143011.99206895585,5.299,Comp0016,Proxy0002,6,46228,3128,4,82,903,3537
143017.90706676192,0.014,Comp0028,DNS0001,17,28894,53,2,3,92,271
143046.2545801766,0.979,Comp0056,Web0006,6,32830,443,13,30,382,1451
143053.40345745024,0.864,Comp0001,Mail0001,6,20411,993,4,6,319,1199
143067.52572750283,11.61,Comp0018,Web0002,6,5932,80,9,18,2225,3840
143069.9490745078,2.959,Comp0024,Proxy0002,6,35328,3128,5,25,207,12023
143090.99491931716,3.27,Comp0055,Proxy0001,6,47520,3128,21,55,667,567840
143099.4656530947,9.631,Comp0071,Web0002,6,47379,443,6,90,789,25281
143102.64370327652,5.321,Comp0026,FS0001,6,35331,445,23,83,2280,214707
143103.23210377927,3.226,Comp0063,Mail0001,6,60926,993,6,6,303,1346
143104.5210958737,3.381,Comp0064,Web0004,6,14139,443,4,36,104,2367
143112.93758500932,0.518,Comp0023,DNS0001,17,45840,53,2,3,151,428
143115.52289432578,0.101,Comp0019,DNS0002,17,21021,53,2,4,56,243
143118.7160600918,0.441,Comp0074,DC0001,6,16364,389,7,8,1544,419
143119.87247151748,10.617,Comp0013,Web0002,6,28708,443,7,21,2796,5114
143120.9642084362,1.933,Comp0058,Web0005,6,27399,80,5,63,418,6997
143124.251814968,7.217,Web0002,DB0002,6,1137,3306,23,176,17403,27188
143127.74824018238,0.01,Comp0066,DNS0002,17,8184,53,2,3,45,98
143133.00771436034,13.327,Comp0035,Web0006,6,35781,443,10,134,709,2098
143134.02727064837,0.028,Comp0028,DNS0001,17,9955,53,2,2,88,196
143139.1435748314,4.585,Comp0065,DC0002,6,15390,389,3,7,1841,942
143147.3674533281,5.654,Comp0008,Proxy0002,6,28810,3128,10,46,867,6222
143148.20063431235,2.606,Comp0065,Proxy0001,6,6442,3128,10,28,690,4686
143149.30220680306,6.139,Comp0070,Web0006,6,53483,443,15,137,1799,7367
143156.8973178314,1.15,Comp0018,DC0002,6,47214,88,5,9,448,1062
143174.51603989548,2.091,Comp0030,Web0003,6,43379,443,9,27,54,1180
143188.07274205022,0.031,Comp0076,DNS0001,17,5553,53,2,2,43,80
143201.5737949718,4.392,Comp0030,FS0003,6,19982,445,110,206,1165,6622
143202.5167237436,7.931,Comp0022,Proxy0001,6,3982,3128,9,31,2275,8441
143204.42163647426,26.898,Comp0016,FS0003,6,18938,445,35,35,1176,15098
143209.48482506842,1.106,Comp0071,Web0001,6,35497,443,7,61,1431,7111
143213.15535599782,0.488,Comp0047,DC0002,6,50000,445,3,43,5710,192535
143213.60696074448,10.899,Comp0059,FS0001,6,22870,445,33,411,2787,95971
143222.16208525727,5.401,Comp0036,Web0001,6,53981,443,40,34,394,3355
143230.6022667128,3.365,Comp0035,Proxy0001,6,53371,3128,7,80,1030,4129
143232.15523834975,3.972,Comp0070,Web0001,6,37401,443,9,77,1149,816
143233.28057011182,0.2,Comp0045,DNS0002,17,57094,53,2,2,66,136
143233.8091298605,0.398,Comp0043,DNS0001,17,24698,53,2,3,47,55
143245.83810708005,2.361,Comp0043,DC0002,6,1760,88,7,4,1380,1099
143256.75140977517,7.022,Comp0015,Web0003,6,45288,443,9,48,1005,24802
143265.1702368594,15.072,Comp0032,Proxy0002,6,37326,3128,3,42,359,6151
143268.29912146748,2.4,Comp0036,DC0001,6,29492,88,6,10,306,1058
143273.31989641677,12.711,Comp0014,Web0005,6,34133,443,7,18,482,1354
143274.51096693642,2.835,Comp0068,DC0001,6,16896,389,3,4,456,776
143277.1365169386,13.949,Comp0052,DC0002,6,18092,445,26,126,299,6583
143289.34690132373,2.232,Comp0018,Proxy0002,6,18142,3128,7,33,504,10634
143290.92538468493,5.342,Comp0047,Proxy0002,6,12686,3128,5,76,360,10034
143298.92380950358,0.224,Comp0017,Proxy0002,6,17769,3128,3,126,194,3641
143302.11115775324,3.176,Comp0006,Mail0001,6,58668,993,5,14,299,1096
143307.74162160026,5.866,Comp0048,Web0004,6,7937,80,12,7,269,3412
143314.07380522037,2.025,Comp0046,DC0002,6,22764,88,9,7,257,1187
143336.09344203735,5.029,Comp0012,DC0002,6,35217,445,10,41,12334,1855
143336.5295322978,0.215,Comp0055,DNS0001,17,6634,53,2,2,40,182
143339.22740091567,1.074,Comp0054,Mail0002,6,4260,993,4,7,534,935
143344.42054652044,1.149,Comp0013,Web0002,6,35108,443,10,30,1263,12572
143346.37128340162,24.137,Comp0031,FS0002,6,9653,445,23,87,4323,11099
143349.17070534587,0.628,Comp0080,DC0002,6,40404,445,53,59,491,5084
143359.29707334653,0.379,Comp0056,DNS0001,17,26583,53,3,2,112,162
143370.996321481,0.037,Comp0043,DNS0001,17,38833,53,2,2,141,228
143374.50264531735,1.428,Comp0021,Web0005,6,40358,443,4,113,161,1823
143379.4265598092,1.038,Comp0009,Proxy0001,6,24720,3128,5,23,1693,9712
143383.91887310136,7.575,Comp0009,Web0004,6,40502,443,28,177,245,2935
143384.23064191683,1.419,Comp0018,DC0002,6,37044,88,8,3,156,1020
143392.6487216677,0.01,Comp0021,DNS0001,17,56159,53,3,2,60,189
143393.80991829708,0.375,Comp0034,DNS0001,17,52056,53,2,3,57,94
143409.31181099152,1.016,Web0003,DB0001,6,20094,5432,35,69,1042,10473
143411.2129503895,0.099,Comp0038,DNS0001,17,8012,53,3,2,62,69
143417.0985040731,14.665,Comp0014,DC0002,6,34498,445,19,139,737,198061
143422.93502627697,1.446,Web0006,DB0001,6,28795,3306,44,133,21501,19022
143428.57056614067,1.389,Comp0020,Proxy0002,6,16260,3128,23,20,327,4766
143429.21870534812,0.212,Comp0077,DNS0001,17,15567,53,2,3,138,131
143430.73543877446,0.963,Comp0064,DC0001,6,32873,88,42,3,292,251
143444.1758402736,0.003,Comp0027,DNS0001,17,54439,53,2,3,48,79
143447.29995395016,5.494,Comp0067,Web0004,6,43829,443,8,14,112,5995
143449.0938347532,3.402,Comp0080,Mail0001,6,13450,993,4,12,674,625
143450.4684678602,5.454,Proxy0001,Ext0014,6,24027,443,7,24,258,2036
143456.32652361534,11.334,Comp0054,FS0001,6,30053,445,11,166,5861,683
143461.45263068433,0.096,Comp0080,DNS0001,17,15345,53,3,2,60,399
143466.7380124832,1.166,Comp0013,Web0002,6,42627,443,6,69,1483,7535
143487.5602004909,0.488,Comp0023,DNS0002,17,50427,53,2,2,63,118
143501.48115260096,3.405,Comp0048,Web0001,6,45748,443,13,39,510,21214
143514.3204846499,0.347,Comp0009,DNS0002,17,46848,53,4,2,71,84
143525.5921557861,0.093,Comp0064,DNS0002,17,5139,53,2,2,129,185
143526.12649592702,1.895,Comp0013,Mail0001,6,65238,993,10,10,203,268
143529.33173969077,2.296,Comp0003,DC0002,6,46834,389,5,3,463,779
143532.78969346266,1.218,Comp0078,Proxy0001,6,39579,3128,7,31,520,8890
143536.64514709864,3.108,Comp0076,DC0001,6,14033,88,11,8,55,424
143551.69478411507,0.049,Comp0018,DNS0002,17,42708,53,3,3,30,298
143555.03839711717,2.65,Comp0028,DC0002,6,21450,389,3,9,263,1568
143566.96398155772,0.205,Comp0033,DNS0001,17,6010,53,2,2,41,132
143568.0684920654,0.993,Comp0036,Web0003,6,7062,80,10,48,108,1641
143573.51067084516,1.019,Comp0034,Web0003,6,55385,443,5,57,371,6105
143575.81977187266,11.025,Web0002,DB0002,6,23916,3306,27,206,2033,3247
143591.1436329992,0.089,Comp0064,DNS0001,17,44187,53,2,2,95,211
143597.81670097978,0.615,Comp0052,DC0002,6,16439,445,6,105,643,64512
143598.85876714907,7.461,Comp0034,Web0002,6,37344,443,4,24,255,8246
143601.09285699364,0.818,Comp0048,Web0005,6,33564,443,2,142,629,30219
143612.9213025351,0.96,Comp0079,DC0001,6,55903,445,12,123,397,3892
143613.3439689966,12.249,Comp0013,FS0003,6,4107,445,9,117,340,3080
143616.71303021582,22.68,Comp0047,FS0001,6,64854,445,20,39,989,5863
143635.37765799707,0.032,Comp0071,DNS0002,17,18044,53,2,3,73,130
143639.82294030485,3.548,Comp0076,Web0006,6,28391,443,7,35,323,2912
143652.3890652422,0.221,Comp0069,DNS0001,17,45668,53,2,3,82,214
143659.56668415322,12.025,Comp0004,Mail0002,6,14679,993,12,7,612,2188
143661.97846418235,0.104,Comp0022,Mail0001,6,13502,587,12,2,1509,469
143663.5701626746,3.883,Comp0004,DC0001,6,30913,88,6,5,560,397
143675.393273595,0.072,Comp0033,DNS0001,17,34328,53,2,3,44,147
143683.41457900955,0.048,Comp0018,DNS0002,17,62652,53,3,3,51,376
143684.68596057306,0.352,Comp0029,DNS0002,17,55191,53,2,3,67,219
143689.03808481354,0.787,Web0005,DB0002,6,11207,3306,30,78,770,36620
143697.2130706281,3.811,Comp0074,Proxy0001,6,47249,3128,6,115,788,17219
143713.2059385712,1.876,Comp0049,DC0001,6,58687,88,7,7,257,1090
143717.89649302256,0.898,Comp0044,Web0006,6,40266,443,6,67,199,23825
143723.2142739625,6.453,Comp0043,Mail0002,6,7600,587,6,10,282,728
143726.22038917872,0.042,Comp0022,Web0002,6,55242,443,11,73,3364,405
143726.47095583385,0.772,Web0004,DC0001,6,43486,389,3,5,460,494
143738.1237280372,2.848,Comp0010,Web0006,6,24323,80,19,18,491,8859
143740.89997569163,6.615,Comp0073,Web0006,6,48253,443,11,15,226,5503
143745.9516423686,21.358,Comp0061,FS0001,6,19579,445,32,46,1982,51029
143749.14386879164,0.217,Comp0042,Web0001,6,32957,443,13,69,1540,8538
143750.5907272657,1.656,Comp0062,Web0002,6,50371,80,7,55,591,13517
143781.26468188965,17.415,Comp0051,FS0002,6,37204,445,24,245,4402,7962
143786.18625578732,4.179,Comp0001,DC0001,6,10876,88,8,7,761,1340
143800.9039629713,0.094,Comp0077,DNS0002,17,31977,53,2,2,57,112
143815.46071202026,0.066,Comp0061,DNS0001,17,46286,53,2,3,63,175
143820.89304416554,13.331,Comp0048,Web0003,6,5752,443,7,84,2104,19329
143827.6451607069,0.514,Comp0018,DC0001,6,54644,88,6,14,138,754
143829.2260938991,0.09,Comp0070,DNS0002,17,53945,53,4,2,71,57
143830.58630000532,0.614,Comp0023,Web0005,6,12824,443,13,15,273,7108
143832.03650561994,0.314,Comp0069,DNS0002,17,18438,53,3,2,38,238
143835.85529635524,0.03,Comp0080,Web0005,6,41689,443,9,33,2018,13049
143860.82135607276,10.016,Comp0019,DC0002,6,5920,88,6,5,386,525
143863.6979394108,1.826,Comp0077,Web0002,6,16432,443,16,115,552,10270
143870.02927013487,5.686,Comp0054,DC0002,6,30295,389,4,5,131,143
143870.5145305178,6.993,Comp0041,Web0001,6,39569,443,4,86,668,5567
143876.8898412074,0.18,Comp0026,DNS0002,17,50418,53,3,3,110,110
143879.89666654976,1.664,Comp0047,Web0006,6,58691,443,6,30,1255,41025
143880.38038387542,7.643,Comp0044,Web0004,6,49019,443,11,24,8455,1644
143891.94952208086,11.702,Comp0067,DC0001,6,25157,445,11,50,5846,21634
143893.00830484254,9.398,Comp0039,Web0001,6,48432,443,16,26,418,25043
143895.77349010343,14.16,Web0002,DB0003,6,36182,3306,22,192,5376,16686
143897.34969291996,4.038,Comp0053,Web0002,6,59585,443,8,71,1843,1199
143904.5743651975,0.407,Comp0056,Mail0001,6,39904,587,12,6,707,959
143911.16686388216,1.888,Comp0036,Web0001,6,57021,80,4,52,483,12034
143933.9338348185,0.067,Comp0055,DNS0002,17,16654,53,2,3,74,165
143943.64244318946,0.058,Comp0056,DNS0002,17,14299,53,2,2,36,108
143951.0325372688,0.383,Comp0024,Web0003,6,12352,443,6,27,517,2591
143951.4330281479,0.364,Comp0005,DNS0001,17,22919,53,2,2,75,92
143953.1298862595,0.112,Comp0076,DNS0002,17,14816,53,3,2,93,86
143968.32343395244,0.013,Comp0033,DNS0001,17,51047,53,2,2,161,127
143976.5972744813,7.682,Comp0023,Web0001,6,22225,443,3,29,1365,5376
143982.13628090214,3.184,Comp0060,Web0005,6,51297,80,7,23,2226,4122
143983.1857625386,0.395,Comp0046,DC0001,6,26947,389,5,3,912,725
144008.20349660554,0.205,Comp0061,DC0001,6,42953,389,14,2,555,780
144009.45489178452,0.477,Comp0012,Web0004,6,5579,443,15,43,771,16725
144010.11154192957,0.514,Comp0020,DNS0001,17,65466,53,2,2,72,276
144029.9682108436,0.139,Comp0056,DNS0002,17,31029,53,2,3,82,103
144039.77842706366,24.189,Comp0055,FS0002,6,24321,445,12,29,933,4349
144046.4622551667,2.756,Comp0010,FS0001,6,2085,445,7,106,6171,11369
144047.66617421465,0.472,Comp0001,Web0002,6,53626,443,11,8,1628,4624
144051.15506158638,0.01,Comp0020,DNS0001,17,46804,53,2,2,73,166
144056.81571565286,0.24,Comp0011,Mail0002,6,40561,993,7,6,166,586
144061.83118867548,0.165,Comp0004,DNS0001,17,39133,53,2,2,42,124
144063.8524672957,21.421,Comp0013,DC0002,6,40535,445,14,73,2200,32886
144093.6264543142,2.739,Comp0038,Web0004,6,52002,443,4,91,1366,10697
144099.23128931224,3.312,Comp0054,Mail0002,6,64090,587,4,8,61,1191
144104.04184780188,12.885,Comp0034,FS0002,6,20931,445,63,191,8122,1687
144109.4311720915,0.772,Comp0080,Mail0001,6,9490,587,8,5,676,988
144109.79977561708,12.951,Comp0017,Web0001,6,15516,443,5,37,293,1798
144112.75028344043,0.04,Comp0033,DNS0001,17,27302,53,3,3,59,179
144116.24880956594,0.008,Comp0036,DNS0001,17,29610,53,2,2,202,72
144117.55497073516,4.011,Comp0021,Web0001,6,15967,443,7,43,741,590
144118.77036641008,4.51,Comp0077,Web0001,6,44293,443,5,57,457,10565
144121.77331773756,0.159,Comp0041,DNS0001,17,14211,53,2,2,56,200
144127.94331102815,1.775,Comp0013,Proxy0001,6,5296,3128,8,126,357,9606
144132.24946127916,12.682,Comp0067,Proxy0002,6,31806,3128,9,80,1276,3145
144135.4210182478,4.738,Comp0078,Proxy0002,6,41291,3128,6,14,373,7195
144141.21797675153,10.64,Web0001,DB0003,6,61916,3306,20,217,939,3403
144144.98567589,6.264,Comp0050,Proxy0002,6,41469,3128,8,288,82,15986
144148.7170508231,1.344,Comp0074,DC0001,6,51633,88,3,5,160,727
144169.5875185718,0.969,Comp0077,Mail0001,6,17144,993,7,16,121,881
144185.0838173316,0.011,Comp0016,DNS0002,17,27402,53,3,2,82,253
144194.23934808085,30.514,Comp0075,FS0002,6,13918,445,19,24,1989,80080
144199.2046530695,9.844,Comp0078,Proxy0002,6,35435,3128,12,9,1808,591
144201.46221604105,5.897,Comp0066,Web0003,6,14700,443,4,73,2569,13019
144213.576541502,0.981,Comp0051,Web0002,6,8448,443,8,66,163,1864
144225.464985911,0.096,Comp0014,DNS0001,17,44733,53,3,3,42,365
144232.87934385077,2.291,Comp0019,Mail0002,6,50978,587,7,10,906,1010
144234.3361000772,0.607,Comp0012,Web0006,6,55264,443,6,54,2502,13583
144236.33812548066,0.171,Comp0051,DNS0002,17,4400,53,2,3,70,179
144241.6258550806,4.825,Comp0038,FS0001,6,20934,445,22,87,6034,81657
144251.38366690336,4.193,Comp0058,Proxy0002,6,59941,3128,5,65,249,20923
144259.72245593974,0.53,Comp0033,Mail0002,6,52968,993,10,10,257,222
144264.19868757727,5.046,Comp0075,Web0001,6,10073,80,3,27,707,5737
144272.6475959971,0.573,Comp0056,DC0002,6,47630,88,3,4,391,1899
144277.34235444415,1.732,Comp0068,Proxy0002,6,40817,3128,8,31,711,3945
144278.00879979852,2.871,Comp0054,DC0001,6,53356,445,11,21,781,49882
144295.50472492917,2.162,Comp0018,Web0003,6,20811,80,11,71,443,2007
144311.46622632048,0.118,Comp0041,Mail0001,6,42184,993,4,5,190,1429
144311.4731963087,8.528,Comp0026,FS0002,6,34062,445,9,130,18027,17329
144349.67385153237,7.075,Comp0021,Web0005,6,41789,443,5,25,2178,3934
144357.70649020435,2.541,Comp0056,Web0006,6,26650,443,5,29,381,11676
144360.52499833656,0.13,Comp0044,DNS0001,17,58647,53,2,2,78,213
144365.23220872143,2.859,Comp0033,Proxy0002,6,9757,3128,15,8,2725,701
144372.5576488101,3.728,Comp0039,Web0006,6,33910,443,24,21,549,1103
144373.36647331784,0.053,Comp0008,DNS0001,17,25236,53,3,3,107,138
144375.684782864,0.367,Comp0048,Proxy0001,6,5742,3128,15,34,1378,874
144381.64447320893,1.503,Comp0071,Web0006,6,42074,443,4,27,823,5788
144383.02906918558,3.99,Comp0012,DC0002,6,36856,389,4,19,183,370
144393.50169624132,8.472,Proxy0002,Ext0010,6,10605,80,3,61,2486,33600
144399.0528443965,0.028,Comp0037,DNS0001,17,50986,53,3,2,56,125
144401.4974721216,6.762,Comp0079,DC0001,6,45182,88,3,13,1530,117
144423.57412935683,0.669,Comp0004,DC0001,6,10850,389,13,16,99,120
144433.01670790307,21.159,Comp0040,Proxy0001,6,49986,3128,11,10,1798,15274
144438.58467559086,1.695,Comp0037,DC0001,6,57805,88,5,2,520,584
144458.48374646888,2.437,Comp0065,Web0004,6,41685,80,6,8,364,8780
144463.90537785372,5.196,Mail0001,Ext0006,6,15674,25,8,3,186,828
144467.37057709123,1.386,Proxy0001,Ext0013,6,47845,443,3,30,717,10371
144472.4397909873,1.632,Comp0025,Proxy0002,6,35166,3128,17,28,542,7485
144473.2203038921,23.078,Web0002,DB0004,6,56765,3306,115,116,899,11634
144473.2974486194,2.16,Comp0030,FS0001,6,26768,445,98,66,2132,5040
144475.1681295553,5.582,Comp0033,FS0001,6,11169,445,13,137,1162,131181
144475.3038982148,0.254,Comp0020,DNS0001,17,62529,53,3,2,45,206
144486.36089995503,0.161,Comp0056,Proxy0001,6,61642,3128,6,127,2045,8283
144487.66598188182,0.358,Comp0074,DNS0001,17,36037,53,2,2,21,250
144503.50679995056,5.342,Proxy0001,Ext0022,6,12675,443,7,23,250,4648
144504.86576511312,0.083,Comp0049,DNS0002,17,62549,53,3,2,46,102
144519.12619090534,7.034,Comp0059,Web0001,6,50202,80,14,138,1766,12844
144522.80925756635,0.076,Comp0010,DNS0002,17,50224,53,3,3,50,288
144529.56340073227,0.834,Comp0010,Web0006,6,32023,80,6,78,3172,1000
144529.9274807077,4.825,Comp0040,Mail0002,6,65447,993,16,3,370,483
144530.69496870824,0.066,Comp0035,DNS0002,17,36005,53,4,2,69,136
144535.79592168363,5.975,Comp0054,Proxy0001,6,34769,3128,9,73,724,5372
144542.12125969824,0.058,Comp0078,DNS0001,17,63514,53,3,3,133,91
144546.74869373822,0.294,Comp0046,Web0001,6,6162,443,22,35,4808,8151
144552.72677588233,0.236,Comp0019,DNS0002,17,25499,53,2,4,95,156
144556.80765515103,2.614,Comp0042,FS0001,6,47562,445,53,24,3403,43152
144558.9496897512,3.084,Comp0053,Web0002,6,14067,443,15,12,3333,6402
144560.8293486807,0.224,Comp0069,DNS0002,17,49772,53,3,2,69,108
144566.51676174015,1.74,Comp0055,Mail0001,6,48797,993,5,3,419,265
144574.3816691492,43.038,Comp0020,Proxy0001,6,13890,3128,12,33,543,36977
144578.56796981752,2.042,Comp0020,Mail0001,6,27529,993,4,13,460,1535
144581.26393097037,1.83,Comp0010,Web0006,6,25779,443,10,89,1253,4175
144593.13734021698,3.064,Comp0041,DC0002,6,32949,88,5,6,2773,612
144593.34017007833,2.62,Comp0050,Web0003,6,54189,443,13,37,221,12859
144621.49325268605,0.017,Comp0052,DNS0001,17,59350,53,2,2,33,126
144624.56227132917,0.734,Comp0011,DNS0002,17,19335,53,2,2,45,197
144643.64400950813,2.401,Comp0014,Web0002,6,51910,443,5,8,173,1502
144674.84731942465,0.01,Comp0041,DNS0002,17,24278,53,3,3,64,195
144678.84278406942,6.94,Comp0033,Web0003,6,9050,443,4,40,2600,898
144678.8509382785,0.626,Comp0004,FS0001,6,60394,445,21,29,1763,42661
144686.1974995161,0.081,Comp0040,Web0004,6,9697,443,13,82,186,5951
144700.06884347438,20.625,Comp0063,FS0001,6,35578,445,63,76,5752,3953
144703.7545783244,3.701,Comp0003,DC0001,6,43614,445,14,384,1893,10352
144704.10356344684,0.06,Comp0012,DNS0001,17,38937,53,3,2,128,79
144705.14263188042,17.21,Proxy0001,Ext0038,6,62626,80,24,26,2958,19381
144707.7738553373,3.952,Comp0007,Web0006,6,16824,80,11,25,73,5628
144708.8866153103,13.182,Web0002,DB0002,6,2411,3306,17,69,2023,149318
144714.54948716194,4.687,Comp0070,Web0001,6,21408,80,22,87,153,2329
144721.38481923746,8.958,Comp0016,Web0003,6,37558,80,26,200,332,5009
144725.53123835885,1.983,Web0002,DC0002,6,19053,389,4,10,1763,454
144755.12078702243,3.075,Comp0013,Web0004,6,17833,80,5,13,3815,16323
144765.3970932235,1.489,Comp0072,Mail0001,6,28337,587,4,17,421,1381
144769.93736261578,0.386,Comp0035,DNS0002,17,49051,53,2,2,59,296
144773.8095508243,1.741,Proxy0002,Ext0027,6,36657,443,17,15,955,1936
144776.08923776436,3.801,Comp0006,DC0002,6,17212,88,6,27,185,792
144780.45875941848,13.277,Comp0027,Web0001,6,21562,443,7,173,510,4188
144786.3038195551,13.133,Comp0021,FS0003,6,43031,445,78,43,8340,4177
144792.74105666118,0.676,Comp0054,DNS0001,17,63601,53,2,2,85,244
144793.77415953833,9.71,Comp0071,FS0001,6,18185,445,46,352,1608,15975
144795.81559125753,8.803,Comp0046,Proxy0001,6,15174,3128,6,53,1152,12636
144804.9261066172,2.162,Comp0041,Web0004,6,36670,443,23,52,179,5777
144806.42890060804,15.774,Comp0056,Web0005,6,5801,443,9,11,289,6824
144814.98354945277,1.507,Comp0025,Web0005,6,26223,443,11,37,775,26267
144817.468519607,5.055,Comp0018,FS0002,6,35669,445,82,39,9513,10131
144818.21119066968,3.925,Comp0026,Web0006,6,26420,443,11,82,148,11710
144824.0558236019,3.696,Comp0018,Web0003,6,33611,443,4,21,708,2519
144832.1797079041,0.063,Comp0004,DNS0001,17,49799,53,2,3,78,104
144832.66605105318,2.352,Comp0059,Web0003,6,49961,443,5,18,3306,60782
144839.21221391685,0.181,Comp0024,DNS0002,17,10432,53,3,2,82,279
144878.51915572496,1.941,Comp0040,DC0002,6,16997,389,5,7,372,241
144881.4982978621,6.847,Comp0079,Proxy0001,6,5274,3128,4,61,504,91328
144887.60346757725,0.013,Comp0038,DNS0001,17,13777,53,2,3,49,122
144904.37105647076,0.211,FS0001,DNS0001,17,28425,53,3,3,64,227
144905.48384451936,0.009,Comp0063,DNS0002,17,56998,53,2,2,54,193
144908.59216156253,5.284,Comp0043,DC0002,6,47770,445,60,269,3827,73400
144908.83257885493,3.762,Comp0042,FS0001,6,18234,445,13,541,2144,25434
144925.75659562566,7.189,Comp0040,DC0002,6,28288,88,5,2,404,159
144947.6984129097,5.646,Comp0054,Mail0001,6,46623,993,4,10,695,1226
144955.25217253232,5.095,Comp0051,Web0001,6,54994,80,4,72,591,20490
144957.68868305764,32.129,Web0003,DB0004,6,34373,3306,17,53,231,12765
144967.80618476047,3.677,Comp0055,DC0002,6,12840,88,9,8,261,293
144972.56000229227,0.084,Comp0078,DNS0002,17,39421,53,2,3,111,347
144973.6150034249,11.305,Comp0032,DC0002,6,5165,445,12,331,620,4433
144979.84383585496,12.156,Comp0057,Proxy0002,6,52312,3128,13,20,820,86401
144989.67652958617,10.96,Comp0046,Proxy0002,6,50750,3128,8,38,802,1220
145020.2104741106,1.578,Web0003,DB0004,6,58569,3306,20,42,9911,17114
145025.24888937705,4.56,Comp0073,DC0002,6,62556,445,11,182,249,23275
145035.45053954425,0.01,Comp0012,DNS0001,17,62380,53,2,2,66,108
145038.70579567156,5.099,Proxy0001,Ext0036,6,24073,443,9,55,1009,14215
145039.9730505034,0.01,Web0002,DNS0002,17,18967,53,2,3,59,143
145041.62192930636,0.168,Comp0037,DNS0002,17,29453,53,3,2,85,149
145044.1411133354,1.888,Comp0066,DC0001,6,41655,389,3,3,253,388
145047.52650632133,16.607,Comp0051,Web0004,6,57274,443,7,8,6856,3474
145049.68915315042,0.053,Comp0045,DNS0001,17,37158,53,2,2,72,223
145054.65870189376,0.935,Comp0067,Proxy0002,6,2551,3128,13,27,373,29626
145068.7584856883,0.317,Comp0058,DNS0002,17,49405,53,2,3,49,222
145083.1191205242,1.382,Proxy0001,Ext0037,6,50962,443,27,18,1031,3695
145088.10395218543,0.745,Comp0048,Proxy0001,6,29398,3128,13,31,697,3306
145091.5215679823,0.038,Comp0073,DNS0001,17,41336,53,2,2,101,99
145094.1213064011,4.513,Comp0070,Proxy0001,6,38669,3128,2,169,1567,7505
145097.31225811408,0.089,Comp0064,DNS0002,17,56199,53,2,2,91,221
145099.65858073428,17.945,Comp0023,Web0001,6,48174,443,5,44,219,15570
145105.6935685355,1.42,Comp0048,Web0002,6,10360,443,6,11,3062,4599
145122.30142477207,0.231,Comp0072,DNS0001,17,44576,53,2,3,33,274
145130.35369892177,0.82,Comp0075,Web0002,6,35593,443,8,143,437,32159
145133.52082893712,0.645,Comp0004,DNS0002,17,15047,53,3,3,44,270
145151.8207427349,3.796,Comp0004,Web0003,6,49521,443,6,80,1271,3383
145156.16029216995,5.165,Comp0064,Web0001,6,41257,443,13,31,533,48623
145166.1005598173,0.397,Comp0016,DNS0001,17,36630,53,2,3,53,210
145175.93318490474,0.026,Comp0027,DNS0001,17,22415,53,3,3,35,74
145181.35068473872,12.467,Comp0046,FS0003,6,46429,445,14,234,1170,3068
145185.04434907506,0.23,Comp0013,DNS0001,17,21498,53,3,2,53,296
145186.8778274263,0.519,Comp0032,Web0003,6,48813,80,7,126,243,12641
145187.7206673858,11.431,Comp0060,FS0003,6,13107,445,5,148,4509,40449
145192.26394911925,2.227,Comp0078,Web0001,6,4452,443,19,13,132,2973
145192.8186964668,4.764,Comp0062,Proxy0002,6,1812,3128,4,84,338,9109
145195.1477798402,0.222,Comp0057,DNS0001,17,22154,53,2,3,48,126
145213.05261429766,1.909,Comp0070,Proxy0002,6,1082,3128,14,78,845,20677
145217.07196290002,1.511,Comp0027,FS0003,6,41259,445,43,153,3662,54648
145242.01394248477,0.104,Comp0005,DNS0001,17,8975,53,2,2,118,125
145249.1097390529,0.296,Comp0042,DC0001,6,35815,389,8,17,637,98
145260.2364986941,5.642,Comp0007,Proxy0002,6,43864,3128,5,43,314,5563
145263.91118484244,2.157,Comp0075,Web0006,6,5222,443,11,62,153,1755
145275.5944040808,0.177,Comp0063,DNS0001,17,38119,53,2,2,81,188
145279.41898946837,8.182,Comp0025,Web0001,6,58181,80,15,15,2370,12934
145310.22700142674,4.092,Comp0080,Web0003,6,36734,443,3,48,1750,605
145320.62813590758,0.364,Comp0009,DNS0001,17,3659,53,3,2,59,86
145320.68501435028,1.017,Comp0030,DC0002,6,42223,88,5,8,364,2185
145322.54614079223,0.063,Comp0024,DNS0002,17,61519,53,2,3,75,140
145323.63296907317,2.226,Comp0012,FS0003,6,55264,445,6,63,1161,1299
145341.59561547992,9.806,Comp0008,Web0004,6,54319,443,12,40,1355,5501
145367.49502766057,0.357,Web0002,DC0001,6,31538,389,5,9,617,1035
145378.70151529874,0.25,Comp0056,DNS0001,17,65032,53,3,3,67,89
145383.38918689452,10.659,Comp0065,Web0004,6,63055,443,12,52,259,4173
145391.15847146008,6.148,Comp0080,FS0001,6,57649,445,17,80,3025,17957
145392.5279837951,0.148,Comp0019,DNS0002,17,15332,53,3,2,26,134
145398.3874627048,0.195,Comp0080,DNS0001,17,35795,53,3,3,65,434
145399.0895359319,1.072,Comp0058,Proxy0001,6,38226,3128,6,35,141,9413
145423.0799870114,2.037,Comp0029,Proxy0001,6,47334,3128,61,40,1149,11455
145428.6118574727,0.179,DC0001,DNS0002,17,19190,53,2,3,32,120
145434.65674062516,0.016,Comp0058,DNS0002,17,61916,53,2,3,66,175
145434.68389840462,3.094,Web0005,DB0002,6,31232,3306,32,96,14387,1931
145436.256599543,9.832,Comp0012,FS0001,6,16397,445,15,105,5400,3860
145443.14546906188,20.613,Comp0061,Web0003,6,22182,443,10,18,436,3032
145446.24923668633,3.978,Comp0058,FS0002,6,27587,445,9,48,1006,7249
145478.55531867617,4.706,Comp0031,DC0001,6,15414,445,15,104,964,4755
145480.38642404345,18.88,Comp0042,FS0001,6,46260,445,20,37,196,79421
145482.93225643222,0.462,Comp0034,DNS0002,17,42383,53,3,2,38,254
145483.39341508888,0.04,Comp0066,DNS0001,17,61065,53,2,3,133,186
145501.68861552406,1.66,Comp0077,DC0002,6,24536,88,5,6,485,150
145504.28737571347,5.727,Comp0080,Web0004,6,42612,443,6,15,1755,9345
145512.0501094073,0.466,Comp0034,DNS0002,17,25765,53,3,2,64,278
145515.95550525497,0.7,Comp0050,Mail0002,6,20064,993,5,10,647,479
145516.92440893227,0.534,Comp0077,Web0005,6,56789,443,15,13,1054,2765
145526.76520520778,0.153,Comp0020,DNS0002,17,28825,53,2,2,44,133
145529.09056733796,2.91,Comp0028,Web0004,6,36630,443,11,46,479,13744
145538.91426985493,1.176,Comp0010,Web0006,6,35885,443,8,21,291,3856
145540.86808345484,0.24,Comp0076,DNS0002,17,64079,53,2,3,48,135
145560.34922355576,15.976,Comp0008,Web0004,6,22689,443,6,65,169,5715
145563.2700686545,0.397,Comp0038,DNS0002,17,35529,53,3,3,47,115
145582.22690282785,5.401,Comp0023,Web0003,6,38661,80,16,46,1991,808
145598.0724854162,0.255,Comp0029,DNS0001,17,10387,53,2,3,67,268
145606.1886200423,1.112,Web0003,DB0004,6,56036,3306,24,126,704,39390
145627.52066328394,15.108,Comp0026,Proxy0002,6,1488,3128,14,9,595,2813
145630.4789057534,33.529,Comp0023,DC0001,6,32418,445,18,224,124,63958
145639.18577930506,0.196,Comp0023,DNS0002,17,13633,53,2,3,106,110
145659.77384536757,0.279,Comp0002,DNS0002,17,30979,53,2,4,106,195
145688.40192774162,0.475,Comp0037,Proxy0001,6,46048,3128,13,24,20300,6479
145689.74765734907,0.748,Comp0035,Web0003,6,17640,443,17,120,758,2858
145721.29471671928,11.183,Comp0035,Mail0001,6,44116,993,7,7,426,1117
145736.1040162744,0.239,Comp0055,DNS0002,17,44494,53,2,2,84,446
145744.48277511,15.377,Comp0015,FS0003,6,35512,445,17,40,6781,5347
145770.33338444406,0.044,FS0002,DNS0002,17,34229,53,2,2,91,47
145778.93028840292,18.368,Comp0017,Web0001,6,35490,443,6,53,1158,4323
145786.17079684476,5.168,Comp0066,Mail0002,6,40514,993,3,5,925,152
145786.71732337246,3.089,Comp0074,Web0005,6,60155,80,5,45,747,704
145802.30955035496,4.122,Comp0027,Web0005,6,6237,443,4,29,731,5971
145815.44162984274,0.946,Comp0013,DC0002,6,9159,88,6,5,250,420
145821.20282333932,1.049,Comp0040,DNS0002,17,7581,53,3,2,57,93
145829.30450705695,7.396,Comp0023,Web0002,6,51949,443,5,41,947,15983
145836.4351233948,0.162,Comp0049,DNS0002,17,27874,53,3,3,68,250
145857.22886479297,0.201,Comp0011,DNS0001,17,48830,53,2,2,93,145
145864.22658423567,3.506,Comp0044,Web0005,6,24695,443,4,11,2228,10506
145866.46924452853,14.453,Comp0068,Web0002,6,60720,443,9,50,805,28120
145870.85210284617,19.607,Web0002,DB0003,6,21024,5432,18,624,9524,1413
145876.1709802444,4.04,Comp0042,Proxy0001,6,38782,3128,4,38,987,3029
145881.8926994932,0.114,Comp0056,DNS0001,17,58521,53,2,2,28,73
145882.18269834094,6.324,Comp0060,Web0005,6,9765,443,18,16,409,2496
145882.2185815206,0.0,Comp0010,DNS0002,17,19214,53,2,2,144,272
145887.87511973968,0.079,Comp0028,DNS0002,17,62668,53,2,3,82,249
145890.35626968637,0.071,Comp0025,DNS0001,17,13208,53,2,3,137,191
145905.07790805085,0.107,Comp0079,DNS0002,17,19707,53,2,2,40,134
145909.9273041155,8.486,Proxy0001,Ext0012,6,46230,443,9,14,999,14014
145915.91460687382,5.334,Comp0080,Mail0002,6,25717,993,13,10,480,1879
145927.78427326222,7.064,Comp0016,Web0002,6,58937,443,4,14,3544,2029
145933.68961776543,22.193,Comp0068,FS0003,6,57698,445,103,281,1974,61122
145934.89858000155,18.591,Comp0056,Web0003,6,50961,80,6,14,1580,176699
145942.04235625896,0.033,Comp0016,DNS0001,17,45275,53,2,3,48,68
145947.24338751234,2.676,Comp0034,Web0005,6,45960,443,14,49,397,1233
145949.79446566047,0.607,Comp0018,Mail0002,6,3648,993,3,35,160,1577
145952.39040223398,0.186,Comp0044,DNS0002,17,37299,53,3,3,65,268
145954.78094780358,8.204,Comp0026,FS0001,6,5089,445,34,138,2592,3000
145954.89622843638,0.935,Comp0067,Web0005,6,60450,80,13,13,2230,22915
145955.42906245074,19.652,Comp0038,Web0001,6,46352,80,4,23,846,33709
145955.8037157993,0.253,Comp0032,DNS0001,17,18835,53,3,4,101,117
145961.24123184534,5.158,Comp0008,Web0002,6,54233,443,5,96,408,37024
145961.9942938067,4.966,Comp0034,Proxy0002,6,14347,3128,5,6,690,8631
145962.2952650639,5.35,Comp0017,Web0001,6,59615,80,19,43,447,89943
145963.8600526669,27.435,Comp0026,Web0006,6,52724,443,10,80,309,20081
145987.96813910303,0.04,Web0002,DNS0002,17,16071,53,2,2,65,139
145992.6283941415,0.016,Comp0070,DNS0002,17,55026,53,2,4,117,89
145996.61904990976,4.528,Comp0079,DC0002,6,60572,445,42,360,2849,14737
145997.92126289816,0.533,Comp0069,DC0001,6,2111,389,3,4,181,357
146002.21595365566,3.358,Comp0004,Web0002,6,22883,443,12,125,421,3821
146013.24389930253,0.934,Comp0051,DC0001,6,10064,88,2,8,426,309
146025.42503908445,3.95,Comp0075,DC0002,6,23858,88,5,11,238,2670
146031.0495077829,2.862,Comp0014,Mail0002,6,18263,587,4,9,678,6072
146031.436648886,2.622,Comp0049,Web0002,6,36558,80,14,66,2617,18259
146046.9918159422,4.304,Comp0018,Proxy0002,6,4354,3128,11,52,361,1995
146050.78942721873,1.565,Comp0070,DC0002,6,54259,88,5,5,154,154
146052.87721262168,3.588,Comp0071,Web0002,6,53258,80,7,72,486,9312
146054.69667796552,0.228,Comp0030,DNS0002,17,20560,53,3,2,42,187
146055.123346577,11.522,Comp0001,Proxy0001,6,40727,3128,9,14,330,13589
146055.6311621741,1.462,Comp0025,Proxy0002,6,16695,3128,22,165,3857,7301
146056.2702985422,0.972,Comp0051,Mail0001,6,16756,993,4,7,777,3920
146069.932933553,17.518,Comp0062,DC0002,6,39578,445,28,88,408,51434
146075.99752787937,0.012,Comp0060,DNS0001,17,35554,53,2,2,85,180
146079.07785029802,0.148,Comp0042,DC0002,6,56442,88,5,5,94,343
146088.56491240513,5.065,Comp0047,Mail0001,6,55565,993,4,3,607,1505
146090.88127215693,2.749,Comp0027,Web0004,6,62613,443,21,75,365,2758
146096.97164884844,2.776,Comp0036,Mail0002,6,62296,993,6,3,293,534
146100.57856726798,1.401,Comp0021,Web0003,6,56865,443,8,33,846,4711
146107.30009344485,6.018,Comp0010,Proxy0002,6,41478,3128,11,35,1198,524
146111.0712895436,2.064,Comp0026,Web0003,6,11066,443,25,26,1879,10514
146136.90487631838,0.071,Comp0026,DC0001,6,17344,389,3,10,233,620
146141.8199241255,5.205,Comp0073,Web0003,6,31679,443,13,30,360,14953
146171.25437877385,5.045,Comp0067,FS0001,6,27331,445,18,36,3783,4559
146185.43842854316,0.295,Comp0064,Web0004,6,52879,80,13,80,274,4142
146200.45793826433,1.749,Comp0034,FS0002,6,63701,445,21,12,815,11071
146245.60976857366,1.236,Comp0056,Web0005,6,8101,443,11,175,805,2245
146250.00265346904,19.264,Web0003,DB0004,6,22950,3306,8,280,206,3639
146255.4729153686,9.554,Comp0067,Proxy0002,6,38773,3128,5,503,1457,3805
146256.83860075695,3.596,Proxy0002,Ext0032,6,11085,443,21,9,519,27987
146259.85045323498,2.636,Comp0032,Web0001,6,17632,443,5,173,993,1188
146273.92813230836,3.759,Comp0061,Web0005,6,32759,80,7,70,694,2334
146277.6897476805,2.578,Comp0076,DC0002,6,5521,445,19,46,3821,20922
146287.1707196852,7.562,Comp0037,Web0001,6,44607,443,19,18,2314,1458
146317.3228513543,0.816,Comp0009,Web0003,6,38691,443,7,78,427,2016
146317.94043084027,3.936,Comp0034,Web0001,6,3165,443,5,24,1653,2355
146322.32172483424,1.671,Comp0058,Web0001,6,15594,443,4,14,422,480
146330.5158298087,0.643,Comp0066,DNS0002,17,25707,53,2,3,69,76
146336.43615696655,6.977,Comp0068,Web0001,6,32460,443,11,97,411,32057
146357.84285696308,60.887,Comp0057,FS0001,6,8934,445,20,63,275,10160
146369.02272886262,7.796,Comp0055,Proxy0001,6,50247,3128,8,52,1957,7875
146370.73677901126,0.573,Comp0077,DC0001,6,8240,445,22,71,1177,2456
146384.19591887505,0.102,Comp0002,DNS0001,17,41223,53,2,3,36,348
146392.72671286127,4.508,Comp0074,Web0004,6,53004,443,13,29,450,1440
146398.48301256637,1.813,Comp0039,FS0002,6,13816,445,15,74,2369,1739
146398.52494355646,11.847,Comp0009,Web0002,6,16820,80,6,10,294,6316
146419.5031689425,0.174,Comp0010,DNS0001,17,2720,53,3,2,102,73
146420.1991488388,23.951,Comp0047,Mail0002,6,46289,993,3,8,1075,1488
146442.18362504986,1.065,Comp0023,Web0004,6,5954,443,7,80,847,60668
146467.6972844148,0.437,Comp0074,Web0004,6,64701,443,5,25,668,10087
146469.13479451643,24.532,Comp0023,Web0006,6,43191,443,32,163,426,319
146474.80663010653,6.863,Comp0007,Web0002,6,60137,443,9,39,503,24159
146476.68111995416,0.206,Comp0080,FS0001,6,30457,445,39,177,396,1228
146478.24404296442,29.565,Web0005,DB0003,6,25196,3306,14,37,3357,2322
146492.6806910326,0.079,Comp0058,Web0006,6,40360,443,7,65,424,11852
146516.1925936659,0.555,Comp0036,DNS0002,17,23387,53,2,2,55,258
146518.27701270423,3.887,Comp0052,Web0001,6,36564,443,5,8,984,5710
146525.6369418368,3.005,Comp0028,FS0002,6,43983,445,134,91,998,1361
146534.27913865418,0.154,Comp0078,DNS0001,17,25265,53,2,3,47,43
146536.9579576961,0.028,Comp0040,DNS0001,17,6892,53,2,3,63,576
146542.9195035053,0.172,Comp0060,DNS0001,17,52792,53,2,3,65,113
146561.68030234746,21.563,Comp0021,DC0002,6,61589,445,66,40,12022,27282
146562.84260814148,9.635,Comp0061,FS0003,6,3318,445,20,49,1110,4114
146587.94502433162,0.07,Comp0054,DNS0001,17,12956,53,2,2,95,135
146591.95963189923,1.229,Comp0037,DC0001,6,53495,88,2,5,1256,1700
146595.5883500388,11.17,Comp0049,Proxy0002,6,39605,3128,11,31,795,702
146596.30819783747,2.869,Comp0001,Web0004,6,60429,80,9,20,82,2943
146598.35771255806,0.301,Comp0053,DNS0002,17,18258,53,3,2,61,233
146599.76343920882,0.274,Comp0078,DNS0002,17,59669,53,3,3,33,95
146614.9886232662,0.785,Comp0060,DNS0002,17,23762,53,3,2,49,169
146619.34961623274,8.057,Comp0012,FS0003,6,28912,445,142,246,3150,9097
146635.38062918506,10.046,Comp0051,DC0002,6,9950,445,29,64,6787,10726
146644.2475668931,0.213,Comp0060,DNS0001,17,38066,53,2,2,123,99
146645.5134130389,55.686,Comp0039,FS0002,6,51918,445,45,133,764,8698
146671.26125585305,0.015,Comp0001,DNS0001,17,53818,53,3,2,96,124
146680.11697797207,0.146,Comp0066,DNS0001,17,58906,53,2,3,45,363
146680.6470698186,12.441,Comp0002,DC0002,6,34009,445,23,87,5068,117304
146708.41516917504,3.174,Comp0016,Web0005,6,25124,80,9,79,1561,2978
146717.5018188022,1.171,Comp0039,DC0002,6,49896,445,6,207,653,21857
146718.52024002792,16.61,Web0004,DB0002,6,42583,3306,97,32,1368,26633
146719.91647774435,6.222,Comp0045,Proxy0001,6,26886,3128,7,48,910,3325
146723.68852661047,0.042,Comp0009,DNS0002,17,43909,53,3,3,68,161
146727.33360372868,0.251,Comp0042,Mail0001,6,63094,993,5,15,342,441
146729.3241347646,4.028,Comp0065,Proxy0002,6,61673,3128,18,30,1584,30466
146738.17468880335,5.785,Comp0041,Web0006,6,61086,443,7,68,211,4461
146765.23873018648,3.122,Comp0001,Proxy0001,6,46024,3128,9,62,280,8829
146775.03774682395,0.211,Comp0003,DNS0001,17,63788,53,2,3,80,575
146783.0270419208,2.496,Comp0035,Web0004,6,62395,443,6,156,3920,1042
146783.68629764748,5.666,Comp0065,FS0003,6,38718,445,6,28,1228,6947
146798.1978391092,7.943,Comp0077,Web0005,6,55948,443,7,35,1021,19371
146806.4042582153,8.854,Comp0020,Web0001,6,57423,443,10,41,654,9337
146815.835437781,0.148,Comp0027,DNS0001,17,20610,53,3,2,35,427
146816.877571024,0.35,Comp0009,DNS0001,17,55927,53,3,3,101,141
146819.4840112608,0.091,Comp0019,DNS0002,17,49729,53,2,2,88,261
146829.24510047867,5.766,Comp0062,Web0001,6,34891,443,6,60,284,5137
146837.9505570547,4.888,Comp0041,Proxy0001,6,43008,3128,9,68,472,5070
146844.0498225821,0.031,Comp0014,DNS0002,17,31780,53,2,2,90,279
146846.15581027247,0.032,Comp0073,DNS0002,17,46580,53,2,3,77,167
146846.46951903615,0.53,Comp0059,DNS0001,17,24714,53,2,2,74,100
146852.66513012056,13.891,Comp0023,Web0005,6,42971,443,9,16,1521,1603
146893.0741584049,0.088,Comp0062,DNS0002,17,48908,53,3,2,72,158
146896.19102086354,0.02,Comp0055,DNS0002,17,29558,53,3,2,50,194
146928.36393264701,0.442,Comp0077,Mail0002,6,56607,993,2,8,156,423
146936.36786222795,0.426,Comp0075,Web0001,6,33565,443,5,105,275,8087
146945.63977080985,5.114,Comp0062,DC0001,6,26818,88,3,16,53,1237
146950.6899408562,0.905,Comp0002,DNS0001,17,22275,53,2,2,79,245
146951.85039582214,0.429,Comp0058,DNS0001,17,28803,53,3,2,102,116
146952.31676796923,0.441,Comp0010,DNS0002,17,10352,53,2,4,46,92
146964.63512068428,0.45,Comp0072,DNS0001,17,55699,53,2,2,59,163
146965.14242329224,0.06,Comp0058,DNS0002,17,51868,53,2,2,81,178
146974.19788559878,25.93,Comp0045,FS0002,6,3105,445,18,444,197,130549
146979.16833634957,1.888,Comp0001,Web0003,6,49682,443,17,29,1120,11066
146979.58844185868,1.993,Comp0037,Web0002,6,9114,80,8,34,1177,1357
146982.95634173835,0.123,Comp0028,DNS0001,17,53050,53,3,2,94,63
146989.1561177721,0.235,Comp0040,DNS0001,17,22023,53,2,3,50,119
147001.81958515997,26.932,Comp0002,Web0005,6,29711,80,9,31,1656,6604
147002.8601566931,0.196,Comp0040,Web0006,6,20797,80,9,63,283,6487
147009.44286475718,0.886,Comp0057,FS0001,6,25495,445,26,92,2593,6996
147017.001064679,4.872,Comp0058,Mail0002,6,27329,587,10,34,358,1281
147049.06467659707,0.347,Comp0015,DNS0002,17,38376,53,2,4,66,251
147051.37574072633,7.635,Mail0002,DC0002,6,31921,389,7,12,417,7250
147073.50400796725,6.412,Web0001,DB0001,6,25509,3306,8,58,1018,45148
147078.36236433501,1.208,Comp0018,Web0006,6,16913,443,21,39,89,2291
147094.48432455535,2.919,Comp0016,Web0001,6,10538,80,14,48,1139,6854
147103.66152529145,0.137,Comp0059,DNS0002,17,59283,53,2,2,105,139
147115.08837928702,16.592,Comp0038,Web0002,6,8163,80,22,11,900,16933
147121.35223764327,1.216,Web0004,DB0001,6,27410,5432,21,42,1786,6903
147126.62479822777,5.875,Comp0009,DC0001,6,21926,445,14,21,4277,10165
147146.81501047622,3.698,Proxy0002,Ext0027,6,32124,443,8,39,1374,5163
147148.33358996513,2.944,Comp0061,DC0001,6,9458,88,3,5,525,232
147158.3534316119,6.098,Comp0028,Web0003,6,32712,443,9,22,411,12722
147159.35610829073,2.01,Comp0005,DC0002,6,29996,389,8,11,196,3240
147165.9531009507,0.027,FS0002,DNS0002,17,48176,53,3,3,81,141
147181.71278498063,11.171,Comp0041,Web0001,6,6538,80,21,39,1140,6228
147212.9859776978,0.182,FS0002,DNS0001,17,56413,53,3,3,61,245
147214.59744714363,0.408,Comp0005,DNS0001,17,21360,53,3,3,61,186
147216.002442326,0.843,Comp0064,Proxy0002,6,16102,3128,20,16,980,1708
147216.67215072917,0.178,Comp0075,DNS0001,17,43944,53,2,2,92,227
147229.37600394833,0.004,Comp0042,DNS0002,17,42067,53,2,2,34,181
147232.86030530615,6.874,Comp0028,Proxy0002,6,30436,3128,4,60,1425,6254
147250.82870582887,2.688,Comp0060,Web0001,6,12429,443,12,289,1546,10308
147255.43314506853,0.719,Proxy0001,Ext0003,6,28888,443,18,20,549,6777
147256.64386633196,4.651,Comp0015,Web0004,6,40890,443,24,22,732,2398
147263.27447442996,10.223,Web0001,DB0004,6,13887,3306,37,10,1696,105760
147275.24313067965,3.139,Comp0013,Web0006,6,29112,80,9,22,2358,455
147277.56520556204,0.671,Comp0002,DC0001,6,42737,445,16,51,643,18891
147279.58203874348,0.909,Comp0059,Proxy0001,6,62703,3128,4,51,2717,13257
147280.19838687652,3.103,Comp0040,Mail0001,6,65110,993,8,8,248,795
147283.339520381,0.05,Comp0066,DNS0001,17,37829,53,3,3,52,63
147291.82911980382,0.409,Comp0001,DNS0001,17,13928,53,3,4,90,80
147309.05887818572,0.952,Comp0044,Web0004,6,2100,443,3,9,205,3447
147309.4660052083,5.714,Comp0057,Web0001,6,43655,443,31,34,1260,41050
147313.59037990397,1.049,Comp0070,Web0004,6,27147,443,8,33,921,6968
147315.64866546454,16.654,Comp0077,Web0003,6,18408,443,8,20,1313,1600
147332.4448435056,6.475,Comp0075,Web0003,6,27052,443,6,69,1913,9250
147332.54078156324,0.142,Comp0073,DNS0002,17,1845,53,2,2,33,163
147339.0291792109,0.042,Comp0063,DNS0002,17,62156,53,2,2,97,124
147341.84244376305,4.466,Comp0012,DC0002,6,50054,88,5,5,165,174
147345.79336817277,1.414,Comp0075,Mail0002,6,54641,993,3,17,286,310
147346.43938803938,0.651,Comp0004,DNS0002,17,48955,53,2,3,97,74
147355.8053631673,0.464,Comp0058,Web0002,6,8311,443,9,29,2214,3349
147357.45681404974,0.21,Mail0001,DNS0001,17,16131,53,3,2,96,313
147370.8878813996,2.425,Comp0015,Web0003,6,27177,443,22,380,3208,27409
147375.65192358944,0.068,Comp0072,DNS0001,17,1732,53,3,3,60,168
147396.09297327412,1.822,Comp0077,Proxy0001,6,31845,3128,8,73,2567,1812
147399.7120630138,6.875,Proxy0001,Ext0025,6,37074,80,13,32,2065,2683
147418.6003925931,1.489,Comp0077,Proxy0002,6,34642,3128,9,33,398,8465
147422.50393196635,0.582,Comp0040,DNS0001,17,18490,53,3,3,60,190
147457.03947126257,39.794,Comp0036,FS0002,6,62615,445,24,6,578,118263
147457.51919936633,2.331,Comp0063,DC0002,6,18223,88,3,3,416,216
147462.98160261,4.252,Comp0022,Web0004,6,55446,443,15,33,560,76822
147478.65597955827,1.022,Comp0063,Proxy0002,6,34049,3128,7,74,595,521
147489.26715528656,40.928,Comp0057,FS0002,6,28258,445,32,101,2430,22491
147495.6052903338,1.771,Comp0051,Web0003,6,37038,443,5,45,1515,12561
147506.94897112472,6.07,Web0006,DB0002,6,31612,3306,9,92,25112,602
147510.1535791498,0.131,Comp0006,DNS0002,17,8205,53,2,2,98,181
147510.74503950184,2.037,Comp0067,DC0001,6,64552,88,3,14,39,1974
147517.5359668565,1.614,Comp0044,DC0002,6,46859,88,4,5,225,575
147534.2095841163,7.185,Comp0047,FS0002,6,24482,445,79,211,309,39325
147542.16645025212,3.42,Comp0036,Mail0001,6,51795,587,4,6,104,1750
147552.41969087766,13.004,Comp0080,DC0002,6,50410,445,7,341,195,36394
147555.54622513842,1.457,Comp0037,Web0006,6,59885,443,15,24,1513,37428
147578.74869632057,1.477,Comp0060,DC0001,6,42219,88,5,5,897,477
147591.60238364094,11.83,Web0001,DB0002,6,49228,3306,37,341,1274,48744
147611.56334159928,1.475,Comp0078,Web0001,6,46630,443,7,31,102,7692
147616.78885950177,0.825,Comp0004,DC0002,6,31193,389,4,6,319,544
147616.92415849798,7.18,Comp0026,Proxy0001,6,28674,3128,20,82,572,8601
147621.32768328488,0.45,Comp0034,DNS0002,17,2044,53,2,3,77,224
147635.73178688102,0.019,Web0001,DNS0001,17,54004,53,2,3,94,252
147647.43644036696,0.157,Comp0009,DNS0001,17,65155,53,3,2,96,77
147651.40949162014,10.546,Proxy0002,Ext0019,6,48670,443,5,19,623,1867
147656.84707206488,2.048,Comp0073,Mail0002,6,61319,993,9,11,1798,1231
147664.4045672365,0.004,Comp0061,DNS0002,17,1645,53,2,3,50,86
147676.40889177745,3.692,Comp0021,Web0001,6,59358,80,7,29,496,7964
147682.02347653144,6.246,Comp0034,Web0003,6,13250,80,12,56,1330,6118
147684.04924950632,0.272,Comp0055,DNS0002,17,46377,53,2,2,46,157
147686.3411022778,0.097,Comp0068,DNS0001,17,44456,53,2,3,87,157
147697.82413944323,48.323,Web0003,DB0004,6,8295,3306,10,134,1511,20623
147705.6459126952,9.617,Comp0080,Web0001,6,19880,443,5,131,849,57302
147709.73710002168,4.281,Comp0062,DC0001,6,26776,88,3,7,513,121
147710.32702744164,3.42,Comp0052,FS0003,6,18728,445,29,160,983,27571
147735.07893428346,0.027,Comp0013,DNS0001,17,57076,53,3,3,71,59
147735.67745082415,6.419,Comp0037,Web0001,6,65091,443,4,76,676,3169
147743.0163167272,1.514,Comp0052,Web0004,6,8334,80,14,100,389,1982
147750.07064981456,5.95,Comp0027,Web0004,6,40270,443,10,59,553,17570
147752.4003521265,22.892,Comp0022,FS0003,6,11478,445,17,44,1503,24077
147753.0778880511,4.538,Comp0017,DC0002,6,20652,389,7,4,363,259
147769.9495673593,3.247,Comp0043,DC0001,6,50209,389,5,3,555,637
147797.84290859776,0.843,Comp0013,Web0005,6,6143,80,27,34,3540,5480
147803.09453473176,10.234,Comp0004,FS0003,6,2443,445,17,116,510,12637
147806.2332422358,5.933,Comp0043,DC0001,6,50704,445,46,29,2418,10554
147806.62430118897,0.633,Comp0067,Proxy0001,6,19629,3128,10,47,568,14691
147822.184626613,2.468,Comp0049,Web0001,6,4345,443,6,24,5206,34526
147823.9707609821,1.917,Comp0045,Proxy0002,6,63337,3128,5,9,340,7069
147828.39477708857,0.247,Comp0023,DNS0002,17,6157,53,3,2,35,45
147845.14890610345,0.845,Comp0019,Web0005,6,41934,443,44,44,417,11246
147845.46879530675,0.16,Web0003,DNS0002,17,27589,53,2,3,113,162
147850.50315987377,0.318,Comp0043,DNS0002,17,53502,53,3,3,80,258
147858.76149730838,9.193,Comp0002,Web0001,6,16370,80,24,119,172,3941
147870.94140828325,0.069,Comp0078,DNS0002,17,38178,53,2,2,98,282
147873.13200625902,15.58,Comp0059,Web0003,6,44869,443,18,29,344,2223
147876.2990179789,2.33,Comp0034,Proxy0001,6,56870,3128,13,9,451,20351
147930.54673388708,2.416,Proxy0002,Ext0024,6,52252,443,5,34,687,7056
147950.30060056536,2.624,Comp0047,Web0003,6,20434,443,13,77,1863,33883
147954.47041651155,4.911,Comp0044,Proxy0002,6,23253,3128,22,54,244,4460
147961.14022410446,0.415,Comp0018,DNS0001,17,19679,53,2,2,75,230
147962.27198810803,15.063,Comp0043,Proxy0001,6,30875,3128,10,178,593,2402
147983.66571149265,0.328,Comp0067,DC0001,6,38824,88,8,20,448,235
147989.5393795012,2.885,Comp0050,Web0004,6,35547,80,5,77,225,8904
147995.23944032128,0.082,Comp0079,DNS0001,17,21741,53,2,3,82,225
147999.04106458195,3.148,Comp0044,Proxy0001,6,36175,3128,9,18,1917,12277
147999.92835580648,0.195,Comp0080,DNS0002,17,63770,53,3,2,71,201
147999.9807091039,7.099,Comp0043,FS0001,6,40907,445,19,43,2905,6482
148001.6639804071,0.434,Comp0025,DNS0001,17,14076,53,2,2,47,157
148021.59774825833,9.552,Comp0022,Proxy0002,6,20613,3128,8,25,631,17114
148023.65348303245,1.815,Comp0007,Web0005,6,30205,443,12,20,1772,369
148033.9682519354,5.083,Web0002,DB0002,6,28936,5432,149,136,864,1725
148061.6105675922,12.022,Comp0068,Web0004,6,1095,443,6,18,961,3504
148074.010446428,2.095,Comp0053,Web0002,6,64496,443,5,53,906,1216
148081.4165729534,0.058,Comp0038,DNS0002,17,27574,53,3,2,46,246
148089.59958794393,7.947,Comp0066,Mail0001,6,7431,587,3,3,194,1499
148108.96869469644,0.549,Comp0046,DC0002,6,61138,389,3,3,284,1338
148116.83068991624,0.084,Comp0035,DNS0001,17,36641,53,2,2,82,475
148128.41910712598,2.091,Comp0076,Web0001,6,54141,443,15,34,6507,18349
148129.56772892855,3.304,Comp0043,DC0001,6,13685,389,30,35,856,1393
148147.67535643285,0.059,Comp0080,DNS0001,17,5953,53,2,2,63,119
148177.83288082288,0.256,DB0003,DNS0002,17,8321,53,3,3,68,200
148183.67990807781,12.521,Comp0024,FS0002,6,4461,445,12,36,909,26035
148185.5102066956,7.17,Comp0037,DC0002,6,56274,445,19,26,970,6031
148189.029994107,4.3,Comp0063,DC0002,6,12213,389,11,21,1716,595
148189.74547955772,3.184,Comp0033,Web0001,6,38529,443,17,116,1094,14658
148189.83657283682,1.061,Comp0042,DC0002,6,22612,88,5,9,283,1018
148192.0339949256,7.154,Comp0043,Proxy0002,6,10358,3128,7,27,1636,10997
148196.27634139167,5.858,Comp0009,Web0004,6,16316,443,10,80,536,6751
148213.5658569182,0.025,Comp0051,DNS0001,17,55942,53,2,3,81,256
148237.47299149656,12.521,Comp0075,DC0001,6,61939,445,7,157,1838,13466
148266.09552674385,10.41,Comp0040,Mail0001,6,29822,993,4,10,311,697
148266.79333013218,1.751,Comp0009,Web0002,6,50949,80,9,328,3220,2463
148271.69323697904,11.815,Comp0062,Web0004,6,55751,80,6,66,250,16022
148272.58698898417,2.615,Comp0079,FS0001,6,29771,445,9,65,1798,16691
148281.78125343577,4.484,Comp0078,Web0005,6,62935,80,11,25,1855,8314
148284.619502587,0.199,Comp0044,DNS0002,17,44733,53,2,2,112,187
148292.28487600078,1.713,Comp0003,Mail0002,6,28952,993,5,10,437,204
148308.81651929364,24.742,Web0004,DB0003,6,28487,3306,7,1060,1246,6820
148312.52033038146,0.455,Mail0001,DNS0001,17,15009,53,2,3,61,167
148320.9884010557,1.135,Comp0010,Mail0002,6,9930,993,6,14,1013,701
148322.30530170767,5.29,Proxy0002,Ext0029,6,18398,443,5,31,312,6048
148334.4358190042,1.211,Comp0079,Mail0001,6,23506,993,5,6,129,416
148349.50459362738,3.032,Comp0006,DC0002,6,22497,88,4,12,1787,353
148352.01998337853,1.521,Comp0017,Mail0002,6,39468,993,2,5,112,546
148356.6223473518,0.753,Proxy0002,Ext0007,6,24019,80,22,53,306,8191
148357.010217507,5.999,Comp0042,Proxy0002,6,50965,3128,15,52,351,25850
148365.84840482636,0.046,Comp0079,DNS0002,17,4894,53,2,3,33,157
148372.8748672242,9.139,Comp0064,FS0003,6,40660,445,41,76,607,3791
148399.09733623377,3.076,Comp0040,Web0005,6,29291,443,6,92,739,1359
148399.854179429,0.216,Comp0049,DNS0001,17,56448,53,2,4,62,171
148432.48031287018,1.062,Comp0065,Mail0002,6,3249,993,6,11,299,1123
148450.96324899685,0.007,Comp0017,DNS0002,17,5667,53,2,3,51,259
148463.64149050193,2.116,Comp0011,Web0002,6,42367,80,7,22,811,50338
148499.5055622663,0.075,Comp0034,DNS0002,17,10862,53,2,3,97,99
148503.523052225,0.736,Comp0020,Mail0002,6,14827,993,6,11,1929,308
148519.13241813864,4.052,Comp0049,Proxy0002,6,16940,3128,12,37,982,663
148535.91585920355,10.445,Comp0026,Proxy0001,6,4056,3128,8,51,376,3353
148555.83783987645,4.59,Comp0016,Web0005,6,2115,443,7,35,791,24203
148558.35599023377,0.347,Comp0070,Web0004,6,28917,443,7,33,461,6953
148558.6739814268,1.248,Comp0040,Web0001,6,56266,80,5,33,1097,9118
148562.95777248187,2.82,Comp0065,FS0001,6,38343,445,27,162,5221,1943
148596.9421252305,2.036,Comp0064,Mail0002,6,24330,587,6,5,1119,421
148609.5653758315,8.015,Comp0071,Web0005,6,61688,80,5,25,244,6515
148635.64601977286,2.102,Comp0077,DC0002,6,55048,389,7,9,110,754
148639.09948414998,6.728,Comp0032,Proxy0001,6,42699,3128,12,61,809,7234
148639.61530398217,1.338,Comp0062,Proxy0002,6,41003,3128,9,253,54,2686
148643.4631659594,3.731,Comp0009,FS0001,6,28336,445,24,151,3922,235086
148658.57395511222,14.409,Comp0025,Web0003,6,40325,80,29,54,930,16617
148664.63868763516,0.341,Comp0078,DNS0001,17,26814,53,3,3,98,180
148673.55431398962,1.147,Comp0037,Mail0002,6,8748,993,2,4,354,914
148676.14214251025,0.397,Comp0029,DNS0001,17,2332,53,3,3,61,104
148688.98177413997,0.292,Comp0023,Web0002,6,29519,443,10,44,669,7191
148695.89545670425,0.32,Web0006,DNS0001,17,14011,53,2,3,169,299
148697.2734881538,3.692,Comp0015,Web0004,6,46583,443,22,62,1327,5298
148734.51741552487,5.747,Comp0022,Web0006,6,32692,80,5,34,1168,5636
148739.7647677692,0.131,Comp0065,DNS0002,17,50744,53,3,2,66,230
148745.72250316304,0.361,Web0005,DNS0002,17,37969,53,2,3,97,191
148746.42731866418,0.341,Comp0077,DNS0002,17,52479,53,2,3,137,287
148754.22454005585,0.07,Comp0044,Web0003,6,25072,443,7,107,599,12601
148794.13363844794,6.004,Comp0064,Web0002,6,31223,443,9,28,997,2287
148804.35010522185,0.114,Comp0018,DNS0002,17,32663,53,2,3,61,134
148818.6063634127,1.199,Comp0031,FS0001,6,42601,445,16,60,3202,11919
148832.97395970218,14.077,Comp0073,Web0005,6,20819,443,5,27,243,16092
148841.51359872756,2.576,Comp0078,Web0006,6,18183,443,13,20,1000,5652
148851.1492569172,0.004,Comp0069,DNS0001,17,40474,53,3,2,49,130
148852.50985052658,24.828,Comp0015,FS0001,6,47080,445,187,909,4773,393262
148854.19229198515,0.104,Comp0046,DNS0001,17,25106,53,3,3,53,99
148854.73670501352,7.292,Comp0080,FS0001,6,33105,445,18,43,3956,3216
148871.61427458172,20.13,Comp0024,FS0001,6,53559,445,25,88,771,142994
148905.2655709496,3.003,Comp0021,Web0001,6,18207,80,6,48,1491,2035
148950.7384615661,9.238,Comp0058,Web0004,6,31632,443,13,20,456,13390
148964.2672874857,1.319,Comp0071,Web0001,6,21318,443,4,43,377,40746
148982.44383149903,4.369,Comp0025,DC0001,6,39316,88,7,5,952,183
148993.7901883708,0.074,Comp0080,DNS0001,17,59950,53,2,5,66,128
149038.4194403757,3.984,Comp0077,FS0001,6,45911,445,69,279,248,31831
149045.75460666796,9.148,Comp0075,Web0004,6,29306,443,5,43,1252,2058
149053.596733678,9.34,Comp0073,FS0002,6,50422,445,22,90,521,5920
149076.2237611135,1.156,Comp0051,DC0001,6,53847,389,4,10,167,691
149078.74597543717,4.398,Comp0045,DC0001,6,64760,389,4,3,575,588
149096.37192544862,1.051,Comp0030,DC0002,6,35230,389,6,9,479,873
149101.70085114214,12.197,Comp0075,Web0002,6,54774,443,5,21,768,4893
149113.3214927923,10.595,Comp0016,FS0002,6,39040,445,20,248,4865,8298
149128.15647273266,4.322,Comp0011,Web0005,6,64917,443,26,166,1859,1102
149129.03285240728,1.939,Comp0078,DC0001,6,54141,88,12,6,823,4689
149136.05176897687,0.808,Comp0036,DC0002,6,20220,389,7,6,158,82
149148.38215666465,0.599,Comp0076,DNS0001,17,40561,53,2,2,52,146
149152.65409185633,1.169,Comp0029,DC0002,6,40370,88,3,5,786,678
149157.1027290122,4.953,Comp0067,Web0006,6,19231,80,9,22,3518,1304
149171.19698443857,0.485,Comp0003,Web0004,6,43157,443,7,19,848,4516
149180.81879217498,7.399,Comp0060,Proxy0001,6,4254,3128,9,32,148,2963
149183.2943397503,1.988,Comp0056,Proxy0002,6,52630,3128,11,82,1321,8829
149196.08757656813,5.388,Comp0024,Mail0002,6,26606,587,6,13,962,3163
149216.5251594007,3.008,Proxy0001,Ext0009,6,43095,443,10,29,735,7652
149217.4096731661,0.892,Comp0065,Mail0002,6,22289,993,12,6,2546,2574
149250.68934215818,0.01,Comp0014,DNS0002,17,58617,53,2,2,51,200
149269.042263127,0.205,Comp0074,DNS0001,17,18493,53,3,2,89,311
149274.78974280134,0.905,Proxy0001,Ext0004,6,35650,443,8,53,377,19822
149310.2042915418,0.671,Comp0010,DC0001,6,55033,389,5,6,215,2663
149314.8813104469,8.303,Proxy0002,Ext0010,6,50722,443,4,8,1002,4844
149322.509759033,0.19,Comp0067,Web0002,6,41546,443,5,22,413,9432
149369.6907170811,0.385,Comp0075,DC0001,6,36893,389,4,12,408,414
149384.935926876,0.048,Comp0056,DNS0002,17,59163,53,2,4,34,47
149389.01560051632,4.922,Comp0047,Web0004,6,5982,443,8,26,420,3633
149395.189210255,0.869,Comp0071,DC0002,6,25100,88,5,4,1670,1010
149397.14840521172,6.165,Comp0002,Web0001,6,23070,80,3,19,336,34520
149400.83010081193,0.624,Comp0030,Web0002,6,26008,443,5,36,1061,5177
149440.89659408137,0.339,Comp0062,DNS0001,17,43986,53,2,4,39,115
149449.9509906468,0.629,Comp0029,DNS0001,17,30028,53,2,2,42,266
149478.54856569145,0.13,Comp0033,DNS0001,17,35159,53,2,2,168,216
149488.68392155715,0.332,Proxy0002,Ext0022,6,64776,443,6,13,607,5720
149507.86663829145,3.703,Comp0027,Web0006,6,61526,443,66,75,1736,17197
149547.4533916259,5.592,Comp0019,Web0002,6,53504,443,9,11,693,2398
149552.10971701745,1.435,Comp0039,DC0001,6,3446,88,4,6,682,306
149564.9657698439,0.062,Comp0043,DNS0002,17,10275,53,2,2,88,101
149577.06836422137,0.054,Comp0051,DNS0002,17,48668,53,3,2,84,130
149596.4291063308,0.127,Comp0079,DNS0001,17,14127,53,2,3,68,148
149599.48609456662,0.297,Comp0065,DNS0002,17,54046,53,2,2,54,184
149605.46382451913,14.591,Comp0044,DC0001,6,8357,445,63,26,1730,5120
149641.5737387346,1.496,Comp0056,Proxy0002,6,16513,3128,9,24,584,19605
149644.2406373388,0.238,Comp0018,Web0001,6,42882,80,7,79,2922,3331
149644.4951060388,0.829,Comp0043,Web0001,6,25963,443,10,17,1210,1311
149647.65481672183,1.402,Proxy0001,Ext0033,6,5169,443,4,100,2112,11436
149651.49778412908,0.043,Comp0042,DNS0001,17,58687,53,2,2,47,145
149656.3681318832,4.369,Comp0028,Web0002,6,38529,443,5,16,511,10277
149673.01302261348,19.168,Comp0021,Web0002,6,56521,443,14,30,140,6266
149679.449905003,0.035,Proxy0001,DNS0001,17,14473,53,3,5,50,169
149679.6308709726,10.128,Web0002,DB0003,6,20113,5432,8,135,1777,3808
149697.06920005797,0.255,Comp0019,DC0002,6,27063,389,7,7,92,1723
149700.29083656042,14.218,Comp0045,Web0006,6,33024,80,7,25,139,25472
149740.2581321131,0.309,Comp0024,DNS0001,17,46878,53,2,3,64,121
149781.7837634977,0.558,Comp0019,FS0001,6,1145,445,24,23,7601,18096
149781.80106314007,2.881,Comp0010,DC0002,6,7782,389,8,4,388,418
149808.32092666283,0.021,Comp0047,Web0002,6,23844,443,7,10,1102,13873
149811.53639816912,0.177,Comp0028,DNS0001,17,23647,53,3,3,61,91
149827.93698202705,0.423,Comp0072,DNS0002,17,44246,53,2,3,26,147
149828.18595995853,0.274,Comp0065,DNS0001,17,37361,53,2,2,92,99
149833.22743077032,4.23,Web0006,DB0002,6,57502,5432,14,49,815,15606
149853.77876040468,2.096,Comp0012,DC0001,6,24742,88,12,12,703,1385
149872.20690646663,7.479,Comp0050,Mail0002,6,45107,993,6,4,926,625
149876.85970181102,2.009,Comp0079,Web0004,6,56934,443,10,53,476,16125
149883.50664153835,16.635,Comp0054,FS0003,6,8690,445,6,423,11226,25968
149891.99855829554,8.811,Comp0029,Proxy0002,6,5245,3128,16,104,5531,554
149901.85153674753,3.389,Comp0024,Web0005,6,49035,443,19,27,834,3686
149905.29671095518,9.455,Mail0001,Ext0035,6,15506,25,28,7,201,1150
149906.8821272065,0.365,Comp0054,DNS0002,17,15384,53,2,2,171,155
149940.16316654294,0.111,Comp0052,DNS0002,17,57783,53,3,2,111,137
149960.10984929005,13.943,Comp0033,DC0002,6,54768,389,5,16,1190,454
149982.21592573993,1.974,Comp0022,Mail0001,6,13045,993,5,10,173,325
149987.58650447486,4.622,Comp0040,Mail0001,6,64145,993,6,6,240,1210
149998.91125220133,0.224,Comp0073,FS0002,6,11478,445,10,51,364,14370
150019.96203436365,5.115,Comp0048,FS0001,6,13380,445,94,527,746,11264
150026.37607790236,1.779,Comp0055,Mail0002,6,6950,587,4,7,589,910
150032.970430724,5.743,Comp0068,Proxy0001,6,25254,3128,4,43,843,18940
150057.09752036683,0.188,Comp0033,DNS0001,17,52666,53,2,2,106,133
150058.55166084133,0.982,Comp0052,DC0002,6,46194,389,4,10,1049,1260
150079.46178707478,1.522,Comp0030,Proxy0001,6,59169,3128,14,49,1364,24144
150110.5335177584,0.091,Comp0024,DNS0001,17,32151,53,2,2,46,233
150141.4688314153,11.718,Comp0018,Proxy0002,6,36539,3128,15,51,4014,4509
150230.14732957538,2.85,Proxy0002,Ext0029,6,1890,80,13,19,419,7133
150236.05136074388,0.038,Comp0019,DNS0002,17,17779,53,2,3,80,116
150242.94804045797,35.104,Proxy0002,Ext0003,6,63187,80,11,25,177,17972
150266.56821286248,0.017,Comp0055,DNS0002,17,49129,53,2,2,128,70
150267.53229701563,12.137,Comp0071,Web0003,6,33737,443,9,54,1684,26815
150271.10518126294,6.938,Comp0019,Proxy0001,6,52456,3128,7,37,479,2864
150276.27610766527,0.96,Comp0056,Web0002,6,14385,80,12,54,2019,14556
150276.9509023463,6.964,Web0006,DB0004,6,43954,5432,18,26,4451,3482
150295.70768024755,0.193,Comp0039,FS0002,6,45560,445,41,84,1449,50581
150309.31517832083,0.179,Comp0069,Proxy0001,6,21934,3128,22,74,98,1930
150312.7872409895,0.342,Comp0010,DNS0002,17,16588,53,2,2,99,120
150314.71776271414,8.515,Comp0053,DC0001,6,31072,445,4,172,2207,13961
150322.52086665243,0.475,Comp0030,Web0004,6,58022,80,11,66,105,1590
150381.00100812674,0.71,Comp0078,Mail0002,6,32250,993,3,10,521,1734
150398.22158491384,1.479,Comp0067,Web0002,6,12542,443,6,17,1375,4192
150400.7545843199,4.726,Comp0007,FS0003,6,59671,445,25,40,4005,129057
150417.7225969684,2.895,Comp0039,Web0003,6,12837,443,5,28,601,18301
150428.34414505653,0.243,Comp0063,DNS0002,17,29332,53,3,2,57,187
150430.91362329043,0.046,Comp0004,DNS0001,17,46256,53,2,4,107,131
150437.28701590325,0.259,Comp0046,DNS0002,17,57223,53,3,2,50,478
150471.00041854664,0.419,Comp0056,Web0004,6,7277,443,12,51,122,166172
150497.00945634954,9.059,Comp0014,Mail0002,6,52616,587,9,7,318,461
150535.86103706947,1.277,Comp0080,DC0001,6,62997,389,5,10,243,314
150569.7649844116,1.31,DB0003,DC0001,6,61408,389,5,18,325,4202
150571.87562431334,0.183,Comp0052,DNS0002,17,48332,53,2,2,47,61
150602.42762108595,8.798,Comp0028,DC0001,6,39032,88,4,21,464,421
150610.98110821535,2.545,Comp0004,DC0002,6,58692,88,4,27,260,1038
150628.60807236933,9.473,Web0001,DB0003,6,34788,3306,41,193,1417,24660
150636.23767979883,8.404,Comp0006,Web0002,6,50897,80,10,167,1616,14724
150638.86443683863,0.152,Comp0053,DNS0001,17,60040,53,3,3,70,48
150642.74475888204,0.244,Comp0045,DNS0002,17,33195,53,3,3,36,235
150679.7637046356,6.894,Comp0013,Proxy0002,6,54244,3128,14,28,253,2577
150681.60567687982,0.19,Comp0059,DC0001,6,28862,389,5,11,247,1474
150689.89473194903,0.201,Comp0017,DNS0001,17,30526,53,2,2,60,145
150698.74136216176,0.154,Comp0069,DNS0001,17,22780,53,3,3,38,158
150710.75082869193,2.194,Web0004,DB0001,6,52560,5432,22,105,4450,10421
150729.0902785443,22.05,Web0005,DB0003,6,38852,3306,9,99,1514,22831
150738.92883307906,8.118,Comp0019,FS0003,6,57814,445,73,116,2635,38054
150765.1988150877,0.031,Comp0010,DNS0002,17,18950,53,3,3,79,166
150767.36177688115,0.127,Comp0065,Web0006,6,19283,443,9,9,802,6000
150779.4328569267,0.012,Comp0014,DNS0002,17,51577,53,3,3,114,395
150799.7118745313,0.696,Comp0054,Web0006,6,42042,80,7,24,450,22193
150822.88192706034,0.315,Comp0008,DNS0002,17,48957,53,3,2,52,317
150869.77269771328,0.123,Comp0063,FS0002,6,19360,445,12,440,4471,42835
150876.43093870458,0.111,Comp0028,DNS0001,17,24674,53,3,2,98,121
150900.1348827241,11.353,Comp0075,Proxy0001,6,23403,3128,26,77,526,2942
150909.8155567392,0.172,Comp0036,DNS0002,17,25421,53,2,3,49,261
150921.5931985436,0.025,Comp0070,DNS0001,17,21331,53,2,2,50,84
150927.8677661377,0.084,Comp0030,DNS0001,17,49147,53,2,2,36,184
150935.01171701908,0.203,Comp0063,DNS0001,17,13641,53,2,3,59,119
150937.88326590013,43.525,Comp0035,FS0003,6,22765,445,67,258,285,38177
150944.52562243075,0.511,Comp0072,Web0003,6,2667,443,8,34,242,15922
150975.21180772677,12.593,Comp0001,Proxy0002,6,42209,3128,28,31,386,4067
150987.22222210455,11.996,Comp0021,FS0001,6,3852,445,46,26,1241,9936
151036.98198917537,6.454,Comp0032,Web0003,6,25893,80,14,18,1072,5005
151059.96646503147,7.23,Web0003,DB0004,6,29631,5432,39,62,1133,316869
151091.96898212476,0.146,Comp0027,DNS0002,17,65522,53,2,3,138,59
151104.141933087,4.14,Comp0018,Web0005,6,19477,443,20,35,857,174921
151105.92146405898,0.487,Comp0005,Mail0001,6,62065,587,6,7,477,2070
151116.7454028713,17.883,Comp0049,DC0001,6,7343,88,5,11,217,631
151153.38592570467,0.17,Comp0072,Proxy0002,6,44721,3128,9,135,4371,4900
151169.61931145214,6.705,Comp0013,Mail0002,6,9361,587,4,9,342,759
151180.20145332918,3.017,Comp0035,DC0002,6,46770,389,3,6,291,1841
151184.8175585705,0.343,Comp0038,DNS0002,17,63935,53,2,2,105,82
151210.478639128,8.731,Comp0065,FS0001,6,19054,445,84,40,2661,8259
151211.0096921582,0.054,Comp0009,DNS0002,17,37995,53,2,3,43,102
151282.3301775328,22.577,Comp0001,FS0003,6,17906,445,9,16,6499,6393
151307.63429730892,1.077,Comp0024,Web0004,6,1125,80,10,50,106,5887
151332.51711444915,0.555,Comp0013,Web0005,6,51395,443,6,56,1248,8967
151336.47351851425,0.227,Comp0024,Web0004,6,10875,443,14,78,604,2301
151365.87668450602,43.386,Comp0063,FS0003,6,64802,445,10,59,1974,14961
151366.67065760278,13.097,Web0002,DB0004,6,8902,3306,17,45,1356,14922
151369.36884628772,0.139,Comp0033,DNS0001,17,45561,53,3,2,70,330
151375.8057640663,0.068,Comp0025,DNS0001,17,10247,53,2,3,112,177
151379.48244375753,0.054,Comp0011,DNS0001,17,30105,53,2,3,50,157
151425.8787546624,0.554,Proxy0002,Ext0022,6,61313,80,12,25,345,82940
151436.70380137433,0.282,Comp0029,Web0006,6,12717,443,14,135,1335,6888
151442.0087707865,0.046,Comp0045,DNS0002,17,39180,53,3,4,57,185
151464.22225164052,11.63,Comp0028,FS0002,6,7084,445,32,15,2117,14950
151472.74179089634,0.244,Comp0075,DNS0002,17,59373,53,3,3,57,88
151500.80506068736,9.442,Comp0038,Web0004,6,42314,443,9,42,505,4111
151504.46916733938,0.045,Comp0024,DNS0001,17,27764,53,3,2,64,67
151534.78859631467,2.766,Comp0016,Web0002,6,8907,443,8,15,200,15905
151539.9223312515,5.589,Comp0004,DC0001,6,11063,88,3,6,167,1842
151553.23042235107,10.918,Comp0073,FS0001,6,48294,445,15,138,2226,41094
151571.11916369514,1.97,Mail0001,DC0001,6,50391,389,3,8,2342,737
151571.18373784487,19.152,Comp0062,FS0003,6,10430,445,17,28,893,125649
151572.06028502318,0.017,DB0004,DNS0001,17,19719,53,3,3,31,139
151587.10648592445,3.778,Web0003,DC0001,6,15972,389,7,5,340,1084
151606.5151584484,0.972,Comp0039,Mail0002,6,27926,993,4,5,75,66
151616.19981592806,29.355,Comp0008,FS0001,6,48270,445,12,181,1689,24792
151622.73878519546,3.3,Comp0052,FS0001,6,10944,445,12,277,1333,1898
151629.51767391196,1.863,Proxy0002,Ext0028,6,35900,443,14,12,1329,29982
151639.85943385554,17.092,Comp0074,DC0002,6,20884,445,23,52,3198,6097
151677.00573970666,1.567,Proxy0002,Ext0001,6,48541,80,12,21,698,2602
151691.47593944927,0.04,Comp0045,DNS0001,17,5659,53,2,3,86,190
151694.57701861957,0.223,Comp0066,Mail0002,6,42633,587,10,13,233,1052
151696.9169145627,4.875,Comp0014,FS0002,6,28366,445,20,175,931,9121
151740.76461171402,46.739,Comp0007,DC0001,6,32312,445,39,25,949,9535
151747.58370122715,25.026,Comp0051,DC0002,6,51890,445,259,33,1024,10631
151780.94053547876,0.168,Comp0011,DC0001,6,6787,88,4,10,472,266
151784.90786413007,0.025,Comp0003,DNS0002,17,58488,53,2,4,122,162
151792.61382928764,4.55,Web0005,DC0002,6,15984,389,3,3,266,2073
151810.3739701062,3.018,Web0003,DB0001,6,36022,5432,17,155,3673,4796
151881.51135746704,0.018,Comp0011,DNS0002,17,56027,53,2,2,105,219
151888.3131767253,0.206,Comp0062,DNS0001,17,40766,53,3,3,73,128
151908.5734456135,0.367,Comp0004,DNS0001,17,33281,53,3,4,119,91
151935.03986645583,5.117,Proxy0002,Ext0023,6,29076,443,24,25,1142,2621
151941.4863780138,3.116,Comp0030,Web0006,6,26309,80,28,26,746,11764
151942.4016027707,1.727,Comp0056,Mail0001,6,48634,993,8,5,143,313
151975.11530319316,0.811,Comp0052,DC0001,6,37620,88,15,5,957,103
152034.5786872903,0.629,Comp0079,Proxy0002,6,42573,3128,4,20,1605,6891
152036.38987124682,0.344,Comp0006,DNS0002,17,3703,53,2,3,114,107
152063.55624227307,0.866,Mail0001,Ext0019,6,23874,25,4,5,1111,677
152090.8548901152,3.725,Comp0004,DC0001,6,57258,88,10,11,187,72
152112.64530997147,2.648,Comp0005,Mail0001,6,9244,587,4,3,915,281
152139.52048099542,2.943,Comp0032,Web0002,6,40751,443,6,63,282,14315
152142.64679718364,0.367,Proxy0001,Ext0029,6,62673,443,11,76,263,21007
152222.0763781002,0.448,Comp0071,Web0001,6,42069,443,6,86,982,5539
152224.67389344698,1.341,Comp0009,Web0006,6,31140,443,4,51,352,8564
152236.65971595322,0.047,Comp0060,DNS0001,17,52273,53,2,2,48,134
152247.13650966698,1.5,Comp0041,Web0002,6,59580,443,5,43,1724,1175
152291.50146816726,0.056,Comp0018,DNS0002,17,14560,53,4,3,23,107
152300.73504244105,13.911,Comp0040,Web0001,6,22038,443,27,14,797,6390
152332.4884532434,0.272,Proxy0001,DNS0002,17,34006,53,2,2,43,220
152333.64911600982,1.134,Comp0001,FS0001,6,41628,445,11,138,689,14854
152338.837091278,2.134,Comp0055,DC0002,6,35545,389,6,6,213,994
152341.92709429705,2.718,Comp0076,Mail0001,6,29803,993,5,6,181,568
152355.39407185378,16.095,Comp0006,Web0002,6,25732,443,12,13,1538,2222
152368.12819385104,1.162,Comp0048,FS0001,6,59050,445,40,47,1340,14979
152377.54454520158,0.142,Comp0018,DNS0002,17,31280,53,3,3,91,100
152394.04372594424,24.854,Comp0036,FS0002,6,59960,445,17,338,1202,906
152398.7413131671,0.214,Comp0061,DNS0002,17,33771,53,3,4,69,51
152429.59315571326,8.059,Proxy0002,Ext0038,6,52502,80,8,58,3098,6255
152436.7031250745,5.993,Comp0070,Web0002,6,26256,443,7,51,359,7160
152456.31171601286,8.412,Comp0018,Web0005,6,64734,443,9,104,310,15408
152461.336347014,23.153,Comp0068,FS0001,6,44093,445,6,87,750,14261
152467.1538289141,4.579,Comp0014,Web0005,6,54333,443,8,26,317,22101
152480.43758181317,0.215,Comp0006,DNS0001,17,1576,53,3,2,67,227
152484.22612620864,0.603,Comp0046,DC0001,6,10093,389,4,11,849,471
152489.2310254931,10.934,Comp0066,Proxy0001,6,35712,3128,10,33,790,5380
152505.9709110822,0.4,Comp0018,DNS0001,17,31117,53,2,3,68,72
152523.49618435302,2.859,Comp0001,DC0002,6,47251,389,4,40,476,582
152560.51085182937,2.523,Web0002,DB0002,6,35737,5432,19,127,988,5107
152578.55217091984,0.142,Comp0007,DNS0002,17,60959,53,3,2,77,258
152580.3719115521,0.087,Comp0077,DNS0001,17,13187,53,2,2,67,154
152600.68364511215,1.597,Proxy0002,Ext0004,6,27028,443,21,16,591,11368
152603.46714371195,1.33,DC0002,DNS0002,17,55702,53,3,3,127,146
152662.11487140495,0.434,Comp0036,Web0002,6,29967,443,4,30,465,18227
152665.67710299324,4.382,Comp0065,DC0002,6,59031,88,6,9,349,903
152699.79169772338,22.763,Comp0041,FS0002,6,62555,445,40,38,1365,34920
152710.2484175634,0.513,Comp0030,DNS0002,17,20642,53,3,2,129,168
152748.9280964123,0.036,Comp0060,DNS0002,17,65047,53,2,2,74,146
152824.84700995404,13.076,Web0005,DB0002,6,17475,5432,24,21,1267,2262
152838.48460911692,13.15,Web0006,DB0004,6,55632,3306,46,71,3105,1382
152857.64252373693,3.739,Comp0054,FS0003,6,5483,445,49,39,183,22189
152872.76103267324,0.009,Comp0049,DNS0001,17,59335,53,2,2,131,89
152877.04633427778,5.921,Comp0017,Proxy0001,6,56628,3128,4,82,464,8027
152881.4012552284,0.061,Comp0072,DNS0001,17,5044,53,2,3,92,103
152887.51024267927,3.848,Proxy0001,Ext0003,6,20980,443,17,12,754,7134
152888.59258093592,3.869,Proxy0002,Ext0026,6,7309,80,7,12,114,1610
152948.05238112892,25.05,Comp0016,Web0005,6,10719,80,4,10,376,6760
152949.802429268,4.426,Web0001,DB0003,6,17614,3306,34,116,942,35649
152962.83611571888,0.49,Comp0075,FS0001,6,1961,445,33,42,4168,22639
152964.5080394934,0.118,Comp0055,DNS0001,17,60130,53,3,3,51,78
152974.0837207776,8.073,Web0004,DB0004,6,63026,5432,18,362,3710,25113
152981.76044822618,0.592,Comp0018,Proxy0001,6,2925,3128,12,27,625,7237
152983.52131022155,0.545,Comp0065,DNS0001,17,63685,53,3,3,100,123
152987.8087269561,3.028,Comp0046,Mail0002,6,38487,587,5,10,118,835
153001.29752178612,3.085,Comp0001,DC0002,6,35666,389,17,27,360,1114
153019.88548700797,0.007,Proxy0002,DNS0002,17,10335,53,2,3,119,406
153059.20671139512,4.176,Comp0027,Web0005,6,57674,443,3,60,986,3850
153105.41385133122,0.107,Comp0075,DNS0001,17,49183,53,4,2,51,189
153108.4131860844,5.173,Comp0026,FS0002,6,3766,445,16,504,32511,10289
153125.2737703556,4.758,Comp0048,FS0002,6,1415,445,47,187,1401,10514
153137.6730499115,0.19,Comp0040,DNS0001,17,39861,53,2,2,44,595
153184.56966252404,3.773,Comp0033,Web0004,6,64151,443,10,10,361,40102
153186.49460621687,1.98,Proxy0002,Ext0034,6,54307,443,22,124,746,2307
153236.59436739603,3.219,Comp0034,DC0001,6,40161,88,5,3,206,989
153248.54931722314,0.137,Comp0027,DNS0001,17,4157,53,2,2,139,140
153251.62801265664,0.063,Comp0043,DNS0001,17,1335,53,2,2,66,81
153261.79860650055,5.606,Comp0033,Web0002,6,35384,443,8,324,272,27087
153278.22288604162,3.594,Comp0071,Proxy0001,6,62784,3128,30,29,271,3738
153282.60848651396,16.041,Comp0003,FS0001,6,13555,445,28,156,3695,10414
153291.23747667033,25.717,Comp0070,FS0003,6,8166,445,7,97,556,22684
153299.48832830263,0.176,Web0003,DNS0002,17,5388,53,2,3,60,171
153360.82508582695,14.287,Comp0071,Web0005,6,41723,80,5,50,1084,11267
153378.2165330171,8.177,Comp0073,FS0002,6,16772,445,69,411,376,7490
153384.1636328965,0.094,DB0002,DNS0002,17,4508,53,2,3,79,240
153402.06077170843,4.769,Comp0052,DC0002,6,55610,445,18,24,5209,3099
153438.53958421334,0.568,Comp0021,DNS0001,17,19998,53,2,3,48,89
153439.28310227752,1.569,Comp0001,DC0002,6,31555,88,3,14,751,578
153456.3499452302,0.38,Comp0019,Web0002,6,25466,443,6,71,3465,1364
153459.0774034604,5.345,Comp0060,Web0005,6,18492,443,17,51,2378,15837
153461.1351026382,5.316,Comp0009,Web0004,6,63206,443,8,17,1426,3734
153461.52471465644,1.961,Web0003,DB0003,6,37796,5432,58,83,950,65714
153465.67460529273,4.902,Web0001,DB0001,6,52764,5432,22,359,5023,10148
153562.5389432162,10.603,Comp0016,DC0001,6,28262,445,9,230,484,7449
153578.14821094015,10.222,Comp0012,DC0001,6,38063,445,47,139,2860,23368
153589.43117707514,0.012,Comp0072,Proxy0001,6,31356,3128,7,70,636,16053
153610.22037789784,0.19,Comp0069,DNS0001,17,11236,53,2,3,39,122
153637.4086599046,3.479,Comp0046,DC0001,6,60188,445,10,35,865,115067
153677.68205240872,0.624,Comp0059,DNS0002,17,3402,53,3,2,68,198
153679.02600430997,0.308,DB0004,DNS0002,17,28786,53,3,3,45,416
153703.61462404253,0.219,Comp0002,DC0001,6,15653,88,3,22,350,972
153724.03354907915,0.912,Comp0054,Proxy0002,6,38702,3128,7,17,265,7434
153724.96534266573,0.52,Comp0067,Web0004,6,6414,443,17,61,2805,2504
153731.5726184597,11.317,Comp0055,Proxy0001,6,7867,3128,7,86,2290,8547
153744.60723667822,0.025,Comp0037,DNS0001,17,57758,53,2,2,55,194
153754.15483395744,0.006,Comp0039,DNS0002,17,61436,53,3,2,61,278
153757.29602700297,9.885,Comp0008,Proxy0001,6,44410,3128,11,10,415,5041
153805.68850065873,0.549,Comp0074,DNS0002,17,37732,53,3,2,81,165
153884.1209165863,1.672,Comp0028,DC0001,6,16058,445,18,186,3869,241043
153901.8119698352,0.348,Comp0066,DNS0001,17,11296,53,2,2,63,282
153981.39066585276,0.02,Comp0046,DC0001,6,3277,389,6,17,430,1154
154020.3842072871,0.084,Comp0065,DNS0001,17,26574,53,2,3,94,59
154052.16545024025,5.697,Comp0038,Web0005,6,48269,443,8,98,1384,20896
154111.04488515906,5.502,Web0001,DB0004,6,53132,5432,5,201,1731,12901
154132.16567213327,3.921,Comp0013,FS0001,6,22724,445,73,19,1428,26141
154185.17005785042,0.145,Comp0041,DNS0002,17,49678,53,3,2,72,111
154214.807568382,5.452,Comp0080,DC0002,6,5483,389,3,9,42,1052
154218.7744091693,0.989,Proxy0002,Ext0013,6,53009,80,6,27,813,4254
154220.5909431992,15.312,Comp0054,Proxy0002,6,32691,3128,3,82,1240,19636
154284.3346420824,0.285,Comp0016,DNS0001,17,18436,53,2,2,25,95
154294.15784046572,2.54,Mail0001,Ext0008,6,37436,25,8,12,127,506
154294.99065384222,3.148,Comp0040,Proxy0002,6,6132,3128,9,20,2840,44559
154359.762772146,15.42,Comp0056,FS0003,6,23797,445,42,99,11408,84109
154370.0453757582,0.937,Comp0008,DC0002,6,49193,389,6,4,331,355
154438.2152717265,14.291,Comp0076,Web0002,6,54992,443,9,30,323,14840
154440.8484543293,3.79,Comp0003,Web0001,6,20919,443,5,39,99,8305
154511.79638793773,0.679,Web0002,DNS0001,17,59147,53,2,2,126,87
154525.17943887558,1.102,Comp0052,Web0004,6,40044,443,8,43,1090,2793
154562.37142498716,0.205,Comp0029,DNS0001,17,65400,53,3,2,75,101
154566.92431969833,0.259,Proxy0002,Ext0012,6,59582,80,14,66,708,1460
154573.76395346248,0.017,Comp0068,DNS0001,17,29310,53,3,3,55,118
154589.2199386059,5.118,Comp0077,DC0002,6,25009,389,7,13,756,85
154599.98047032478,5.884,Comp0062,Web0004,6,64433,80,5,13,413,3969
154729.81335873157,6.272,Comp0027,Web0005,6,6515,443,4,31,882,2068
154750.17888716585,2.501,Comp0062,Proxy0001,6,62054,3128,8,27,954,26600
154784.5850926165,0.766,Comp0077,Proxy0001,6,65242,3128,57,48,616,3681
154832.97753490676,0.793,Comp0026,Web0005,6,30295,80,8,18,1489,124972
154845.86410104076,5.025,Comp0058,Web0005,6,36402,443,13,142,1433,24038
154856.76978065004,0.867,Comp0004,DC0002,6,10950,88,6,8,201,1325
154919.22725292863,3.301,Comp0029,Mail0001,6,10677,993,4,11,902,246
154929.6780909602,8.342,Comp0022,Proxy0002,6,26114,3128,6,17,1267,1980
154932.78450665728,0.045,Comp0058,DNS0001,17,17024,53,3,2,25,51
155048.93394172832,0.361,Comp0002,DNS0001,17,13230,53,2,2,63,128
155088.4204634709,2.362,Comp0051,Web0006,6,45052,443,12,23,1994,1071
155093.64796881427,1.737,Comp0073,Mail0002,6,60314,587,4,8,72,812
155100.8469544326,7.162,Comp0065,DC0001,6,60881,88,11,16,659,225
155160.30839587736,1.631,Proxy0001,Ext0005,6,52366,80,8,33,170,7116
155190.9926203666,0.005,Comp0009,DNS0001,17,23996,53,2,3,193,141
155249.47907145577,0.517,Web0003,DNS0002,17,6663,53,2,3,65,217
155257.23769395024,13.62,Comp0024,Web0003,6,24990,443,25,44,673,10444
155344.67283123097,14.253,Comp0027,FS0003,6,26302,445,23,303,7375,21496
155347.72138118255,15.86,Comp0057,Web0004,6,61410,443,7,46,491,12604
155383.16779617546,6.383,Web0003,DB0004,6,2248,5432,87,89,1159,19240
155408.59645112144,26.997,Comp0039,FS0001,6,22611,445,15,17,787,1488
155417.00461300864,2.439,Comp0058,Web0003,6,28145,443,3,24,849,4389
155440.98958855344,0.704,Comp0022,DNS0002,17,39725,53,3,2,74,471
155445.91499692833,0.094,DC0002,DNS0001,17,60236,53,2,3,36,151
155487.10617472912,0.118,Web0004,DNS0001,17,41093,53,3,2,80,172
155571.49437658762,0.052,Proxy0002,DNS0001,17,60434,53,2,2,72,64
155578.1120291121,0.019,Mail0002,DNS0002,17,18811,53,2,3,57,165
155613.36749051616,0.165,Comp0028,DNS0001,17,64140,53,3,2,36,278
155615.19612302945,3.273,Comp0001,Mail0001,6,36739,993,20,7,921,980
155651.87573417177,0.909,Comp0049,DC0001,6,48140,88,6,11,750,985
155717.44262841193,6.703,Comp0004,Proxy0001,6,41563,3128,11,48,1273,8731
155742.7992428491,1.536,Comp0039,Proxy0002,6,13478,3128,4,34,435,6904
155747.15879463195,0.432,Web0005,DNS0002,17,16751,53,2,2,64,71
155754.14270217327,2.671,Proxy0001,Ext0016,6,46421,443,56,10,1059,2836
155771.69566394767,10.838,Proxy0001,Ext0018,6,30340,80,7,47,676,7127
155818.67417213751,5.078,Comp0024,FS0001,6,4657,445,22,44,652,22931
155829.2268306595,1.084,Proxy0002,Ext0030,6,35797,80,5,20,94,43808
155874.18073528976,0.112,Web0001,DNS0002,17,18841,53,2,2,71,174
155888.25931390998,0.238,Comp0005,DNS0002,17,2432,53,3,3,51,130
155963.8967529568,0.013,Comp0069,Proxy0001,6,8739,3128,3,50,456,20043
155977.85346413683,0.239,Comp0076,DNS0001,17,24107,53,3,2,71,194
155984.1199832528,5.261,Comp0069,DC0002,6,17150,88,6,7,856,471
155996.05883757453,6.189,Comp0050,Web0006,6,21254,443,6,16,439,2792
156020.20291923912,9.899,Web0006,DB0002,6,51917,3306,7,47,2679,2461
156031.09534897906,2.866,Web0002,DB0001,6,26984,5432,45,26,1227,80581
156120.7367001186,1.796,Comp0080,Web0006,6,56500,443,25,62,2298,16274
156132.91901318054,20.879,Comp0047,FS0003,6,50986,445,48,97,1343,11485
156162.6044686798,17.04,Proxy0002,Ext0002,6,55695,80,11,24,751,4301
156202.649769519,4.964,Web0006,DB0004,6,19002,3306,16,232,390,15806
156239.1274607275,3.402,Proxy0002,Ext0008,6,25511,443,12,80,2346,182817
156253.2434912842,6.561,Comp0030,DC0001,6,55300,389,7,5,354,1965
156273.43253499392,0.316,Comp0011,Mail0001,6,6253,587,7,46,287,152
156281.12535969383,0.313,Proxy0001,Ext0024,6,7048,80,5,50,268,2199
156290.13194985146,0.066,Comp0001,DNS0001,17,54151,53,2,4,77,124
156290.5615581133,0.246,Mail0002,DNS0001,17,51948,53,2,2,96,187
156298.43599900205,3.734,Comp0041,DC0002,6,46621,389,10,3,313,674
156309.11449938655,0.321,FS0003,DNS0001,17,18237,53,3,4,43,111
156376.6664948048,5.422,Web0005,DB0003,6,13477,5432,18,112,1596,40338
156451.8434872431,0.222,Comp0003,Web0005,6,32348,443,8,167,129,30710
156524.84349936323,4.878,Web0002,DB0004,6,45372,3306,24,126,2278,7204
156543.85168818026,1.068,Comp0067,Web0005,6,1199,443,36,42,335,4453
156590.30207645224,4.273,Comp0055,FS0003,6,22024,445,99,67,1607,20642
156683.58532730723,2.973,Comp0001,Proxy0002,6,17015,3128,29,76,599,2624
156692.06825974947,57.253,Web0006,DB0003,6,31299,3306,22,33,663,4753
156722.51633929348,1.652,Comp0022,DC0001,6,49475,389,9,8,593,376
156741.84624429647,1.237,Proxy0002,Ext0012,6,40269,443,6,28,1634,5423
156754.17470709566,3.415,Web0002,DC0001,6,43361,389,4,8,234,2144
156828.13487839152,0.488,Proxy0002,Ext0019,6,62999,443,15,53,959,10481
156836.93616974232,0.313,Comp0027,DNS0001,17,47201,53,2,2,67,241
156838.85641417096,1.299,Mail0001,Ext0017,6,14185,25,4,10,1283,47
156879.46707643845,1.048,Proxy0001,Ext0015,6,64857,443,18,85,1605,29985
156970.38249970542,1.754,Web0006,DB0004,6,20970,5432,11,67,1905,4117
156970.44321132934,34.843,Web0006,DB0003,6,44483,3306,7,247,2027,3791
156988.17874559903,7.647,Comp0003,DC0002,6,59000,389,9,12,587,1579
157058.16553834884,14.211,Comp0005,FS0002,6,33657,445,6,72,197,9438
157081.23384521858,15.154,Comp0063,Web0006,6,52021,443,10,42,317,2146
157135.6931002689,0.276,Comp0017,DNS0001,17,40548,53,3,4,58,156
157149.38035693963,2.851,Comp0045,Proxy0002,6,41419,3128,4,31,291,10291
157217.73801787657,4.894,Comp0021,Web0006,6,47928,443,11,52,322,1013
157225.82070589988,1.06,Comp0015,Web0005,6,21555,443,6,22,726,19088
157237.34015392163,17.715,Comp0060,FS0003,6,12459,445,22,44,1405,13129
157335.5295821793,0.202,DB0004,DNS0001,17,27562,53,2,2,64,147
157363.0851043809,0.858,Mail0002,Ext0032,6,22314,25,3,14,930,227
157416.43758004153,0.345,Comp0051,DNS0002,17,1100,53,2,2,85,87
157456.37321681023,0.564,Comp0006,Proxy0001,6,7169,3128,7,34,2318,3200
157485.17651957483,2.95,DC0001,DC0002,6,12923,445,35,93,5118,10464
157485.74830143203,15.03,Proxy0001,Ext0023,6,3939,443,15,57,315,1363
157554.58581504622,3.436,Proxy0002,Ext0003,6,18999,80,11,45,178,4353
157564.2263699139,5.308,Comp0056,Web0004,6,59515,443,4,24,434,4577
157577.33256670638,0.258,Comp0039,Proxy0002,6,10193,3128,14,72,239,33193
157613.15915258988,0.086,FS0001,DNS0001,17,32689,53,3,3,123,110
157614.0802502138,0.359,Comp0066,DC0002,6,64814,88,5,6,903,46
157639.6062710783,1.957,Comp0047,Web0001,6,5812,443,5,114,1062,68333
157699.6810259862,0.094,Web0006,DNS0001,17,63251,53,3,2,49,175
157736.1641232061,1.666,Comp0056,Web0006,6,9683,443,5,49,167,2468
157813.1427131552,14.48,Comp0024,Web0003,6,21747,443,9,172,3516,16089
157842.04884809215,0.004,Comp0054,DNS0001,17,58294,53,2,2,38,151
157853.784114007,17.791,Web0005,DB0001,6,33299,3306,21,86,3667,14500
157855.59205224886,9.751,Web0001,DB0001,6,53674,3306,25,62,974,12405
157923.62366853474,18.416,Comp0015,FS0001,6,59989,445,44,58,1339,23839
157973.41223715481,3.682,Comp0039,DC0002,6,60411,389,5,3,1529,299
157976.32699150854,0.056,Web0001,DNS0001,17,29440,53,3,3,162,81
158002.4390080825,1.766,Comp0080,Web0003,6,32436,443,10,11,533,1072
158036.73626812347,0.899,Proxy0002,Ext0004,6,61139,443,15,16,1157,4805
158089.98279123724,7.746,Web0005,DB0003,6,19248,5432,21,68,1022,43677
158156.17475062227,0.104,Web0005,DNS0002,17,32165,53,2,2,50,99
158248.8866553523,2.402,Proxy0002,Ext0036,6,40922,80,11,47,415,2654
158265.35268744064,0.231,Web0001,DNS0002,17,15771,53,2,2,71,83
158294.69997466542,2.077,Comp0058,DC0002,6,24495,88,12,7,577,938
158366.2821982123,13.849,Comp0078,Web0001,6,60824,443,6,68,494,41444
158428.27518768603,5.689,Comp0012,DC0002,6,22879,389,5,3,488,744
158477.74449772877,2.648,Web0001,DB0004,6,6348,5432,17,64,5644,14256
158499.52443236957,0.055,DB0001,DNS0002,17,31283,53,2,2,64,330
158506.19635477837,0.172,Comp0037,DNS0001,17,54255,53,3,2,38,73
158509.34387514248,0.16,Comp0058,DC0002,6,13628,389,3,6,880,240
158536.96808709094,1.517,Comp0016,Web0005,6,47531,443,7,105,468,10973
158560.83789589815,14.062,Comp0056,Proxy0001,6,26361,3128,9,34,515,22082
158564.43295210775,16.707,Proxy0001,Ext0022,6,32446,443,18,110,468,2920
158590.6850450746,4.746,Comp0033,Web0003,6,25934,443,7,12,909,2300
158594.30732768367,0.499,Comp0028,DNS0001,17,53259,53,2,4,51,166
158754.34806718412,1.596,Mail0001,Ext0036,6,58798,25,3,6,285,2359
158800.84102988106,0.441,Web0002,DNS0001,17,15080,53,2,2,49,259
158817.59327003907,0.146,Comp0017,DNS0002,17,64374,53,2,2,58,112
158818.777567286,3.891,Comp0018,Web0001,6,34716,443,7,183,490,29952
158861.1816845045,0.073,Comp0005,DNS0002,17,46167,53,2,2,39,104
158870.11876888337,6.093,Comp0065,Proxy0002,6,22837,3128,3,47,851,1625
158878.27706235024,0.262,Comp0025,DNS0002,17,13095,53,2,4,46,156
158953.6410229157,20.365,Web0002,DB0002,6,55907,3306,19,188,907,54837
159049.86035605767,5.766,Comp0077,Web0005,6,32450,80,12,24,3289,1185
159051.9875086326,4.518,Comp0008,Proxy0001,6,32967,3128,9,15,5093,11462
159171.13073682162,4.387,Web0006,DB0004,6,4629,3306,35,730,1812,26842
159214.93258345945,2.286,Proxy0001,Ext0010,6,37681,443,25,18,408,2915
159230.16503926166,4.918,Comp0048,Web0002,6,63989,443,8,174,1034,6403
159277.37781095767,7.012,Web0001,DB0002,6,14167,5432,9,206,788,1239
159350.1641394889,0.208,Comp0058,DNS0002,17,16578,53,2,2,50,115
159353.83012897978,13.483,Proxy0001,Ext0011,6,7311,443,13,6,542,3344
159358.9579327699,0.677,Comp0042,FS0002,6,2235,445,20,360,958,14665
159373.76135308703,4.554,Proxy0001,Ext0018,6,61399,443,8,37,1420,5115
159402.54615205602,7.815,Comp0043,FS0001,6,52436,445,12,129,1961,8780
159416.19039608023,16.085,Comp0029,FS0003,6,25479,445,4,28,3278,15690
159440.49713300716,11.606,Proxy0002,Ext0003,6,34103,80,6,49,307,4120
159512.54648533068,0.298,Comp0008,Mail0001,6,22616,587,4,6,312,3353
159764.09232830518,0.268,Comp0077,DNS0002,17,7524,53,2,2,85,272
159772.30154311025,3.646,Web0006,DB0004,6,4668,5432,11,331,2312,894
159801.05989837367,4.438,Web0004,DB0002,6,16698,3306,34,223,1284,2723
159802.99883740238,21.257,Web0004,DB0001,6,45224,5432,60,47,915,4545
159845.04268360423,2.672,Proxy0002,Ext0017,6,1542,80,8,45,491,3930
159905.87710293927,15.963,Proxy0001,Ext0028,6,58806,443,45,36,326,7091
159945.52659253712,24.843,Web0006,DB0002,6,65458,5432,49,447,6885,7543
159982.88322952698,0.025,Comp0042,DNS0002,17,57062,53,2,2,222,444
160008.46417244407,2.597,Comp0046,Web0001,6,21930,443,14,104,582,8607
160027.10060591716,1.406,Comp0077,Web0002,6,51851,443,8,98,2235,7261
160091.13872951875,0.166,DB0001,DNS0001,17,58727,53,3,3,161,136
160107.54206502606,0.162,Comp0052,Web0006,6,60970,443,10,8,652,21568
160126.2245594129,0.275,Mail0001,Ext0004,6,51623,25,5,10,481,2047
160179.0323427473,3.932,Web0003,DC0002,6,38091,389,11,45,4129,405
160249.44514818728,0.963,Comp0043,DC0002,6,6939,88,4,21,385,1893
160252.9757551281,0.95,Comp0053,Web0003,6,32102,443,75,25,791,37809
160281.75006448856,0.033,DB0002,DNS0002,17,15217,53,2,2,53,368
160311.65973990667,0.068,Proxy0002,Ext0034,6,30210,80,9,20,635,4989
160369.69835413867,10.306,Proxy0002,Ext0000,6,45121,443,8,111,338,1494
160386.55082276306,0.049,DB0003,DNS0001,17,16137,53,3,2,99,228
160400.88586978032,1.594,Comp0005,Web0006,6,13766,443,3,12,1433,5427
160488.07301633005,0.863,Web0001,DB0003,6,45419,3306,13,102,1717,7614
160606.12530356448,6.432,Comp0068,DC0001,6,31555,389,5,4,297,1332
160617.32015157497,14.725,Web0001,DB0004,6,42454,5432,7,189,659,92421
160623.3209683229,1.8,Web0004,DC0002,6,42615,389,13,9,471,1038
160630.41752465453,3.862,Comp0078,DC0001,6,14448,389,16,8,1073,420
160661.57880439295,36.002,Web0002,DB0001,6,57535,5432,11,159,6104,10193
160724.7128385455,0.023,Comp0025,Web0003,6,56343,443,8,53,516,404
160750.1223382529,1.564,Comp0053,DC0001,6,48398,389,6,6,862,610
160761.40599636134,2.879,Proxy0002,Ext0018,6,38180,80,11,22,1561,324
160888.6891415235,2.422,Proxy0001,Ext0004,6,2059,443,8,48,998,27013
160928.60004005692,0.17,Proxy0001,Ext0009,6,15650,443,11,199,1450,7644
161016.03022373645,1.038,Comp0015,Mail0001,6,39223,993,4,27,145,643
161092.1821920763,25.877,Proxy0002,Ext0026,6,61045,443,9,37,1631,6565
161114.02951771626,6.691,Web0006,DB0002,6,50093,3306,48,57,1902,6832
161159.59723561627,0.237,Comp0019,DC0002,6,32417,389,4,6,221,110
161193.76586280944,2.915,Proxy0001,Ext0033,6,44599,443,5,29,561,1650
161392.7095205461,1.528,Proxy0002,Ext0020,6,52070,80,3,34,3343,17308
161421.56425658442,3.801,Proxy0002,Ext0034,6,50597,80,5,24,319,4806
161434.98941068238,1.962,Mail0002,Ext0037,6,55173,25,6,3,1046,315
161437.45423027332,0.798,Proxy0002,Ext0038,6,56724,443,5,80,340,94321
161579.92150019598,0.289,Mail0002,Ext0005,6,22431,25,17,8,201,701
161592.04778555714,7.002,Proxy0001,Ext0020,6,12041,443,10,18,593,5791
161650.70049587777,1.537,Comp0067,Mail0002,6,21980,993,4,3,164,345
161670.22133896122,6.254,Web0002,DB0002,6,3584,3306,16,65,3319,51167
161738.26460566162,4.951,Web0002,DB0003,6,29888,3306,31,28,971,106125
161787.19502572413,22.623,Web0005,DB0002,6,64446,5432,24,71,6245,39960
161797.4377474259,1.264,Comp0056,FS0002,6,20584,445,10,55,970,5131
161855.91680354706,0.122,Web0003,DNS0001,17,36818,53,3,3,55,171
161947.8282102354,0.589,Web0003,DNS0002,17,23272,53,2,2,29,96
162046.73022762142,2.319,Web0005,DB0003,6,24543,3306,33,19,803,11726
162055.87044428484,10.096,Web0004,DB0002,6,16436,3306,17,52,12120,37234
162143.82465867154,1.145,Proxy0002,Ext0035,6,30485,80,4,32,68,15000
162163.7155594576,9.574,Web0003,DB0001,6,11948,3306,15,190,966,13719
162359.15711960435,11.015,Web0006,DB0003,6,50705,3306,18,178,5293,37627
162441.03772319996,0.646,Comp0062,Proxy0002,6,56819,3128,3,44,272,21552
162632.2962827065,4.344,Web0006,DB0004,6,27942,3306,21,100,7068,13453
162833.90821795704,7.669,Proxy0002,Ext0014,6,6671,80,9,4,575,4749
162935.78507242404,7.868,Web0004,DB0002,6,59935,3306,9,92,296,10349
162943.74144646153,7.482,Comp0046,Web0006,6,6214,443,9,54,2444,13023
162968.9115903198,0.237,Comp0026,DNS0002,17,35140,53,2,3,81,159
163083.2414013042,4.288,Comp0045,DC0002,6,32911,389,6,14,389,321
163117.5127243498,1.919,DB0003,DC0001,6,33313,389,3,28,549,2552
163156.6829535987,7.369,DB0003,DC0001,6,34778,389,2,28,917,3047
163305.39662889537,0.282,Comp0036,DNS0001,17,17535,53,3,3,96,100
163347.1276650856,25.477,Comp0058,Proxy0001,6,13342,3128,5,18,1040,818
163393.26060543998,5.517,Web0006,DB0001,6,35652,3306,16,64,1383,56448
163402.19347611,11.042,Web0006,DB0001,6,11926,3306,76,73,3854,1393
163423.0657073388,8.319,Web0001,DB0002,6,17861,3306,21,56,3393,24496
163560.2186446792,4.92,Comp0070,Web0002,6,12542,443,10,28,1965,7377
163628.58408379805,10.609,Proxy0001,Ext0021,6,50863,443,5,13,2054,1630
163642.05169445393,0.877,Web0005,DB0002,6,14297,5432,5,95,494,12384
163673.95409112613,43.807,Web0006,DB0002,6,34040,3306,29,134,5429,82858
163680.71782984684,1.355,DB0002,DC0002,6,8469,389,7,4,406,348
163738.1820691964,1.881,Web0003,DB0001,6,34480,5432,113,179,1153,25953
163753.03741232853,4.946,DB0004,DC0001,6,49925,389,5,5,309,648
163787.58554025245,16.85,Web0003,DB0003,6,44420,3306,10,45,1346,2432
163798.38904048371,3.557,Web0004,DC0001,6,54717,389,12,6,671,754
163827.4033056344,1.421,Proxy0002,Ext0016,6,34137,443,9,23,369,13134
163919.13429520425,5.173,Web0006,DB0001,6,31666,5432,23,34,5027,15548
164052.02836982993,0.591,Comp0067,Mail0002,6,61516,993,7,6,256,3515
164183.0911695775,47.014,Web0001,DB0002,6,1141,3306,6,192,816,9616
164194.85760454723,2.608,Proxy0001,Ext0017,6,57710,443,6,28,210,30656
164243.32491645764,10.149,Proxy0001,Ext0007,6,16900,80,16,64,395,3045
164422.53909886803,0.109,Web0005,DNS0001,17,47439,53,2,3,72,141
164437.01988656726,2.748,Web0004,DB0001,6,20393,3306,52,65,226,15365
164438.55046486593,7.233,Web0006,DB0001,6,13141,3306,9,122,2313,4827
164459.6112621663,2.297,Proxy0002,Ext0013,6,20317,80,5,85,984,2319
164475.7658232581,1.831,Proxy0001,Ext0035,6,22273,80,7,168,641,5170
164499.47761578602,0.511,Comp0032,Web0001,6,35226,443,5,49,2391,8359
164533.53832179328,1.481,Comp0003,Mail0001,6,16369,587,25,13,575,2944
164600.71083444956,0.232,Comp0073,DNS0002,17,32830,53,2,2,61,119
164616.18743749423,12.243,Comp0070,FS0002,6,36042,445,74,555,7770,45292
164671.15560712258,0.115,Proxy0001,DNS0002,17,2854,53,3,3,53,197
164745.5120885921,0.067,Web0004,DNS0002,17,65178,53,2,3,34,152
164792.20663593416,15.727,Web0005,DB0002,6,19730,3306,46,81,5995,16912
164822.02008105878,2.799,Proxy0002,Ext0015,6,62712,80,6,41,218,3668
164839.71469169034,11.644,Web0005,DB0002,6,23023,3306,43,55,1682,77446
164891.63598143088,9.109,Web0005,DB0002,6,55770,3306,9,45,607,1955
164924.54353100344,4.076,Proxy0001,Ext0007,6,24250,443,17,235,1407,16240
164938.69317772647,4.551,Web0004,DB0003,6,57450,3306,49,159,974,4990
164956.3858822387,2.279,Mail0001,Ext0031,6,9064,25,4,4,998,2867
165011.75122892516,0.877,Proxy0001,Ext0005,6,35490,443,3,13,953,4886
165114.08067131107,2.507,Mail0001,Ext0006,6,6648,25,7,8,947,314
165183.7650361745,8.408,Web0002,DB0003,6,63738,5432,35,943,3147,35289
165304.06302986844,0.116,Web0003,DNS0001,17,35312,53,2,2,43,144
165340.1125422052,0.381,Mail0002,DNS0001,17,27148,53,2,2,53,86
165371.6033829868,0.835,Proxy0002,Ext0009,6,33804,443,15,16,1066,8769
165483.64474502992,2.068,Web0004,DB0004,6,55013,3306,19,18,36620,14162
165499.32582842407,18.256,Web0001,DB0003,6,27036,3306,50,44,1691,60490
165522.29728156084,1.878,Proxy0002,Ext0004,6,41878,443,7,25,441,12370
165523.55164369976,3.771,Web0003,DB0001,6,13099,3306,19,39,2327,1909
165606.5172152611,0.089,FS0001,DNS0002,17,41575,53,2,2,105,129
165611.23079675832,7.383,Web0003,DB0003,6,63062,3306,79,299,6927,54998
165622.1408317045,6.629,Web0004,DB0001,6,11742,3306,17,191,1607,1922
165627.48160491974,2.733,Proxy0002,Ext0033,6,63674,443,6,28,8131,2848
165666.92104857205,3.987,Proxy0001,Ext0034,6,15468,80,16,33,176,1553
165718.5875668804,0.196,DB0003,DNS0002,17,35954,53,2,3,129,116
165720.6495224373,10.986,Proxy0002,Ext0036,6,26102,443,11,49,1985,2527
165778.83563359152,3.256,Mail0002,Ext0010,6,43678,25,6,11,344,824
165792.6704446272,0.264,Web0004,DNS0001,17,56723,53,2,3,40,199
165807.6745926711,0.329,Proxy0002,DNS0002,17,42329,53,2,2,87,135
165867.0547432726,3.674,Proxy0002,Ext0011,6,41297,443,7,23,398,13893
165883.69713271735,0.792,Comp0033,DNS0002,17,56236,53,3,2,109,386
165884.1496866792,4.959,Web0002,DB0004,6,8932,5432,54,56,1285,9735
165910.22484610867,5.737,Proxy0002,Ext0010,6,62276,443,3,109,2205,18501
165918.02685468277,5.068,Proxy0002,Ext0027,6,51588,443,5,9,246,9392
166095.1448359028,2.617,Web0006,DB0002,6,2517,3306,31,90,11248,54947
166141.6497676191,0.957,Web0004,DB0001,6,61437,5432,9,57,2763,8097
166463.53890492956,17.874,Web0002,DB0002,6,25948,3306,22,81,3410,28879
166512.22652933327,3.149,Web0005,DB0003,6,1274,3306,7,46,1897,107320
166548.8566760397,0.081,Mail0002,DNS0002,17,39987,53,3,3,53,153
166588.90568610188,0.113,Mail0001,DNS0001,17,53278,53,3,3,71,112
166597.18163399547,2.883,Comp0017,DC0001,6,11847,389,3,6,839,974
166701.22355937224,0.666,FS0001,DNS0002,17,50155,53,2,2,38,85
166812.62941836167,0.095,Proxy0002,DNS0002,17,4135,53,2,2,120,207
166827.08552411903,3.535,Comp0075,Web0006,6,64774,443,11,37,3847,11746
166833.37544034288,0.168,Comp0047,DNS0002,17,37219,53,4,3,58,266
166835.6638981645,0.104,FS0003,DNS0002,17,43024,53,2,3,57,113
166889.9754034507,0.476,Mail0002,DNS0002,17,5832,53,3,3,95,294
166944.43063167264,6.745,Web0005,DB0002,6,48484,3306,19,209,2905,18304
167236.59446141863,8.03,Web0006,DB0002,6,2075,3306,11,204,956,20125
167511.98867311695,5.135,Web0002,DB0001,6,34997,3306,78,57,5071,35750
167532.9133893255,17.835,Web0002,DB0002,6,20301,3306,29,118,1102,163528
167597.68110377126,30.041,Web0002,DB0001,6,19002,3306,9,64,453,35607
167618.78603519875,39.337,Web0001,DB0004,6,47348,5432,26,84,734,13227
167701.83860569092,4.357,Proxy0002,Ext0026,6,33612,80,6,17,419,21705
167738.37697463308,0.14,Proxy0001,Ext0003,6,3716,443,13,14,168,7631
167797.19983828338,0.122,Mail0002,Ext0023,6,19325,25,4,5,388,340
167838.38084400233,6.842,Proxy0001,Ext0012,6,33231,443,5,57,1559,25976
167999.73172414745,7.915,Mail0001,Ext0035,6,65494,25,7,7,1018,620
168011.93645095275,0.098,Proxy0002,DNS0001,17,31796,53,2,2,61,133
168018.17717139743,2.969,Web0001,DB0004,6,42166,5432,18,116,1678,5859
168023.73129526095,11.321,Proxy0001,Ext0016,6,52235,80,13,25,672,43326
168184.2313624401,3.699,Proxy0001,Ext0016,6,1957,80,14,36,2235,17765
168192.3940451812,5.212,Web0003,DB0004,6,34956,3306,66,35,1427,1876
168246.02311734296,2.942,Web0001,DB0002,6,60452,5432,47,61,592,5045
168281.99945190805,21.458,Web0004,DB0003,6,2359,3306,35,333,4036,29967
168383.90037187998,5.0,Proxy0002,Ext0028,6,8669,80,15,36,791,5651
168390.08749885525,6.4,Web0003,DB0001,6,58073,5432,48,276,1707,5048
168435.12276184477,14.339,Proxy0001,Ext0036,6,12334,443,9,21,1173,2280
168476.516528589,2.402,Mail0001,Ext0031,6,29077,25,5,2,609,210
168559.0328053377,6.469,Web0003,DB0003,6,57337,3306,47,62,1553,10257
168576.1752354652,0.369,Proxy0001,Ext0021,6,41402,443,8,7,672,31912
168624.66777848807,24.536,Web0001,DB0004,6,52414,3306,25,105,2817,8111
168635.16205452045,0.211,Comp0051,DNS0001,17,59118,53,2,2,50,202
168736.82183199754,1.674,Proxy0002,Ext0034,6,41314,80,14,48,1315,13557
168895.00530039577,2.129,Mail0002,Ext0036,6,7741,25,7,7,816,1064
168920.58839862052,8.725,Proxy0002,Ext0000,6,6806,443,8,15,1548,19714
169036.4642139951,11.339,Web0002,DB0004,6,40912,3306,13,50,2725,58807
169077.13936166605,0.962,Web0003,DB0003,6,15096,3306,14,91,1684,9668
169091.53928834555,0.367,Mail0001,Ext0017,6,21641,25,4,9,305,423
169120.48990219232,8.375,Web0001,DB0003,6,54554,5432,9,142,3018,6109
169140.4470396699,0.044,Proxy0002,DNS0001,17,44959,53,3,3,62,169
169308.59487072687,2.464,Proxy0002,Ext0014,6,39317,443,5,33,3017,3032
169458.33025391953,0.267,Comp0030,DNS0002,17,65109,53,2,2,64,137
169672.59553139092,1.189,Comp0017,Proxy0001,6,4004,3128,9,116,247,13356
169822.37050321547,3.531,Proxy0002,Ext0012,6,41459,443,6,49,407,17746
169830.54929168447,3.242,Web0002,DC0002,6,41830,389,2,2,1202,218
169996.48913785053,1.388,Proxy0002,Ext0039,6,43050,80,6,39,320,13708
170004.72334537655,2.975,Proxy0001,Ext0007,6,46839,443,8,168,1156,27352
170041.77126035112,0.189,DC0001,DNS0002,17,7694,53,3,2,72,141
170075.50744560617,35.848,Web0002,DB0003,6,5532,5432,18,22,280,158166
170109.62234017884,29.806,Web0001,DB0002,6,5011,3306,18,46,5052,6200
170167.17486692802,2.05,Comp0010,Proxy0001,6,42513,3128,5,65,3691,3281
170196.94148744043,0.233,Web0006,DNS0002,17,12382,53,2,2,60,213
170198.30631092715,1.975,Proxy0002,Ext0015,6,11465,443,17,54,241,5040
170335.16712863476,53.75,Web0003,DB0002,6,50981,3306,21,81,590,31999
170346.09070331207,18.869,Proxy0002,Ext0031,6,36838,443,11,82,279,7264
170497.0184980369,0.0,Proxy0002,DNS0001,17,38197,53,2,2,84,225
170525.6707955856,6.928,Proxy0002,Ext0026,6,58572,443,23,34,1232,1120
170777.67732592073,1.926,Web0006,DB0001,6,19411,5432,20,115,1565,25533
170781.59516209277,0.024,Web0004,DNS0001,17,20669,53,2,2,72,262
170832.7212258901,0.011,Mail0002,DNS0002,17,3184,53,2,4,53,118
170858.45860725542,1.286,Web0001,DB0004,6,34646,3306,31,71,3351,10557
170888.53624219052,0.067,Web0004,DNS0001,17,23543,53,2,2,36,195
170942.52044339152,0.478,Web0005,DB0004,6,51572,3306,60,237,5172,9328
170945.05019365126,28.101,Web0004,DB0001,6,51039,3306,32,91,1433,37037
171048.24712181743,0.769,DC0001,DNS0001,17,13065,53,2,3,63,124
171060.45788521078,0.388,Proxy0002,Ext0028,6,3165,443,31,24,347,12073
171070.80784493912,13.269,Proxy0001,Ext0008,6,50439,443,4,35,1902,9264
171150.54276661226,0.215,Web0006,DNS0002,17,18636,53,2,2,54,105
171196.69074636823,7.25,Proxy0002,Ext0017,6,24247,443,11,36,404,2507
171210.9250470664,10.143,Web0005,DB0002,6,18366,5432,76,21,24746,32280
171270.23668028624,4.707,Mail0001,Ext0030,6,59954,25,14,3,144,390
171315.64362646692,5.605,Proxy0001,Ext0018,6,41309,443,3,51,527,20355
171426.59333648128,1.283,Mail0002,Ext0007,6,5557,25,6,8,270,183
171534.69530940705,1.419,Proxy0002,Ext0037,6,13689,80,21,63,509,5930
171537.6631971189,12.009,Web0006,DB0003,6,51616,3306,32,23,1898,12586
171555.9455624406,0.267,DC0001,DNS0002,17,23912,53,2,4,71,120
171612.5021883919,0.006,Web0004,DNS0001,17,4498,53,3,2,88,252
171663.21119259478,8.9,Web0006,DB0004,6,41388,3306,18,71,2217,11844
171668.83819682826,0.109,DB0003,DNS0001,17,27341,53,2,4,96,85
171747.8191620555,0.057,Proxy0001,DNS0001,17,55165,53,2,3,73,128
171769.03525985213,23.763,Proxy0001,Ext0000,6,41388,443,9,12,1157,5473
171829.58055404582,3.708,Mail0002,Ext0000,6,59309,25,4,6,1112,1523
172094.01215880827,0.048,Proxy0002,DNS0001,17,5187,53,3,3,41,191
172157.19504375485,11.736,Proxy0001,Ext0036,6,40753,443,2,51,2767,7792
172193.2584077149,0.481,DC0001,DNS0002,17,3966,53,2,3,44,143
172266.85087754804,0.859,Proxy0001,Ext0030,6,51757,443,9,38,1760,3333
172275.58751051722,0.08,Web0006,DB0001,6,52828,5432,77,164,7835,15325
172420.83968550008,1.376,Proxy0002,Ext0010,6,60552,80,26,107,384,9993
172433.20681755128,3.359,Mail0001,Ext0026,6,14203,25,4,11,558,941
172528.51035804045,0.497,Mail0002,Ext0007,6,26176,25,3,24,392,403
172628.86772060813,3.346,Web0006,DB0002,6,64189,5432,8,33,118,33508
