time,duration,src_device,dst_device,protocol,src_port,dst_port,src_packets,dst_packets,src_bytes,dst_bytes
259249.0934084314,1.631,Proxy0001,Ext0020,6,49807,443,17,34,555,10720
259249.42210605936,7.841,Comp0078,Web0006,6,62013,445,19,55,187,318
259316.99082414032,18.327,Comp0078,FS0003,6,38955,445,8,114,497,803
259361.0419763002,0.556,Mail0001,Ext0001,6,57501,25,7,3,132,1213
259404.73935402543,18.625,Comp0006,Comp0021,6,56724,445,68,69,1407,1040
259420.710670898,1.48,Comp0078,Comp0025,6,30947,135,6,23,137,27
259488.2538311324,0.179,Web0005,DNS0001,17,9438,53,3,2,49,121
259516.115689835,0.195,Web0004,DB0001,6,49986,5432,10,66,4632,34263
259528.883705104,0.609,Web0005,DB0003,6,49616,3306,34,240,6821,3000
259539.42188883,2.733,Comp0078,Comp0043,6,52087,3389,4,5,470,7
259611.16486360834,2.608,Web0003,DB0001,6,47723,3306,30,96,3926,1570
259641.88120313265,2.457,Web0003,DB0003,6,17392,5432,19,20,874,60881
259758.3914424478,1.268,Comp0078,Comp0012,6,5734,22,7,7,1153,11
260143.8201343356,7.087,DC0002,DC0001,6,47250,445,6,262,3096,34526
260190.15256700668,1.138,Comp0011,DB0003,6,32123,22,8,7,50,165
260196.66684970388,11.947,Comp0078,Web0005,6,62259,139,13,287,1691,196
260205.45527131535,32.959,Comp0078,Comp0044,6,5253,445,13,51,968,15310
260297.43133824848,0.326,Comp0078,Comp0031,6,50709,445,5,69,2567,1450
260313.88502974887,0.051,Proxy0001,DNS0002,17,57961,53,3,2,91,180
260338.1592641222,6.957,Comp0046,Comp0011,6,62952,3389,2,7,854,216
260405.54827397503,5.763,Proxy0001,Ext0022,6,43260,443,3,89,113,19566
260430.12102305103,6.987,Proxy0001,Ext0026,6,52372,80,11,8,761,3451
260533.0224317282,0.492,Web0003,DB0001,6,43655,5432,59,251,1503,13731
260577.60044281406,8.302,Comp0078,DB0002,6,35742,445,40,28,773,293
260626.4730012699,1.623,Comp0078,Comp0022,6,36000,22,6,2,175,18
260688.0796361175,29.304,Web0005,DB0001,6,24047,3306,27,27,2245,7211
260715.24773575316,7.195,Comp0006,Comp0048,6,13427,135,3,7,1017,297
260721.7928976256,3.177,Proxy0001,Ext0035,6,18774,443,14,39,781,12335
260840.34996639832,3.489,Web0003,DB0001,6,18197,3306,21,357,3272,11192
260928.411642099,14.504,Web0005,DB0003,6,39435,3306,11,182,5396,12959
261075.533121361,16.829,Proxy0001,Ext0021,6,61560,443,6,60,182,5835
261078.16190101436,1.025,Proxy0001,Ext0000,6,45880,443,5,22,1113,2661
261114.8281176545,0.073,FS0001,DNS0001,17,28504,53,2,2,62,30
261159.13882756612,2.474,Proxy0001,Ext0025,6,63872,80,16,139,2089,4629
261200.09831346263,15.116,Proxy0001,Ext0002,6,56383,443,8,53,754,5112
261270.44362488878,5.002,Comp0078,Comp0046,6,11528,3389,7,5,970,46
261361.21720959863,0.541,Comp0006,Comp0055,6,41980,3389,4,7,218,6
261379.56624352818,7.76,Web0002,DB0003,6,25883,3306,26,168,1464,59781
261749.57347361394,14.734,Web0004,DB0003,6,61307,3306,17,102,322,1141
261770.9494836302,5.832,Web0001,DC0001,6,19658,389,3,6,528,2074
261774.3676349985,1.632,Proxy0002,Ext0018,6,19297,443,8,12,261,3052
261833.28803932917,5.128,Proxy0001,Ext0027,6,37784,443,12,58,265,14236
261871.59442991312,9.695,Web0002,DB0002,6,35514,3306,18,40,2217,12808
261893.52471159556,7.839,Proxy0001,Ext0027,6,14979,443,51,66,873,3869
261913.2790925673,14.678,Comp0078,Proxy0001,6,20435,139,36,256,3358,729
261923.99173414533,10.792,Web0001,DB0004,6,31363,5432,76,73,837,8424
261949.11620969704,4.153,Proxy0001,Ext0029,6,14460,443,11,47,364,10186
261953.26874551893,0.052,Proxy0001,Ext0011,6,5974,443,5,32,311,21508
262005.68480037912,43.777,Web0006,DB0004,6,46122,5432,31,64,7156,14479
262064.262595864,0.419,Comp0011,DB0002,6,39071,3389,6,4,170,687
262131.4652647677,3.411,Comp0011,DC0002,6,21097,3389,4,7,307,595
262171.12573146814,3.459,Web0006,DB0001,6,40139,3306,50,85,6685,7202
262219.3744391215,7.124,Web0006,DB0003,6,2979,5432,13,35,1876,5973
262436.91629667196,1.439,Proxy0001,Ext0026,6,54763,443,7,41,1292,4096
262499.4208797515,1.836,Comp0078,Comp0050,6,16900,3389,7,5,1664,42
262627.09391487326,1.514,Web0004,DB0003,6,45314,3306,46,67,409,53136
262726.71706604474,5.045,Web0001,DB0004,6,30587,3306,8,165,1332,10877
262744.8146056483,0.154,Mail0002,DNS0001,17,55113,53,2,2,62,103
262797.3349452998,0.489,Web0004,DC0001,6,32549,389,5,5,1303,584
262825.8737506771,0.803,Mail0002,Ext0003,6,36586,25,3,6,78,1880
262945.26132371917,17.639,Comp0078,Comp0071,6,45438,22,10,9,303,48
262945.53983624384,0.256,Web0004,DNS0002,17,26623,53,3,3,41,158
262981.7054909433,0.158,Proxy0002,DNS0002,17,18284,53,3,2,77,316
263016.8269674034,10.936,Comp0006,Web0002,6,36590,139,17,66,1464,1294
263048.365429058,3.235,Proxy0002,Ext0024,6,6999,443,3,19,235,25637
263059.87060086726,0.048,Mail0002,DNS0002,17,64238,53,2,3,183,161
263063.3194610305,5.691,Comp0006,Comp0059,6,2535,135,6,8,298,29
263119.4835580738,1.834,Web0001,DB0003,6,43572,5432,96,66,11227,23940
263214.8161442329,3.017,Comp0006,Comp0028,6,16189,3389,4,7,689,77
263233.3623940722,0.746,Comp0054,Comp0011,6,64978,3389,6,6,347,433
263283.29353525507,1.677,Web0003,DB0002,6,43898,3306,105,88,1558,19714
263318.4583678179,9.538,Proxy0002,Ext0039,6,32904,443,9,27,1190,1529
263322.07405504613,10.376,Comp0006,DNS0001,6,22059,445,15,84,966,575
263326.29110311635,5.445,Comp0078,DB0004,6,60273,3389,4,13,573,46
263398.1150075944,0.219,Mail0001,DNS0002,17,10940,53,3,2,54,199
263515.6269843267,1.648,Proxy0001,Ext0035,6,40218,443,68,18,1172,1586
263630.02140955033,6.158,Comp0006,Comp0002,6,59662,139,39,381,1342,155
263639.8631212446,0.046,DB0004,DNS0001,17,31887,53,3,3,42,197
263707.2489502821,0.004,Comp0011,FS0001,6,6545,3389,5,14,570,477
263743.390531611,0.079,Comp0006,Web0003,6,2824,135,6,20,690,35
263866.223404332,1.313,Comp0070,Comp0011,6,23408,3389,8,2,382,223
263886.60588141176,0.066,Web0003,DNS0001,17,13477,53,3,4,70,278
263927.9560195269,9.687,Proxy0001,Ext0002,6,1730,443,12,47,694,1140
263954.4168899084,2.773,Proxy0002,Ext0027,6,23942,443,18,33,626,1024
263968.9531428728,5.866,Comp0060,Comp0011,6,58284,3389,5,9,384,3737
264069.64934657054,5.565,Proxy0001,Ext0026,6,8514,443,20,62,318,5896
264093.6503778492,0.351,DB0002,DNS0001,17,58271,53,2,2,53,217
264201.67328589066,6.14,Proxy0002,Ext0014,6,40814,80,6,25,1121,4878
264221.2846984878,0.347,FS0001,DC0001,6,6025,88,4,4,528,407
264237.5622196448,1.358,Comp0030,Comp0011,6,38256,3389,7,10,534,986
264316.28450438177,4.224,Proxy0001,Ext0014,6,3352,443,27,88,577,52726
264318.8279502247,7.096,Comp0078,Comp0048,6,58119,22,4,19,614,98
264385.19608060434,6.32,Comp0078,Comp0003,6,12039,139,114,344,1369,426
264391.84627693956,0.015,Proxy0001,DNS0002,17,15252,53,2,2,43,122
264398.82855552353,16.487,Web0003,DB0004,6,39306,3306,155,21,4044,4149
264428.1228892515,3.457,Proxy0002,Ext0031,6,15615,80,5,105,299,53774
264541.29211577936,0.132,Proxy0002,Ext0013,6,46509,80,4,37,922,8738
264592.8625431352,2.337,Comp0006,Comp0070,6,30524,445,14,43,219,6036
264642.7430646514,0.689,Comp0006,Comp0068,6,6382,135,12,5,431,9
264712.0497459709,1.128,Proxy0001,Ext0009,6,62488,80,15,47,2131,2236
264800.26357932104,5.767,Proxy0001,Ext0005,6,15119,443,11,30,208,5343
264857.07650781807,2.909,Comp0020,Comp0011,6,33526,3389,10,7,146,283
264939.0021010675,10.715,Comp0011,DB0003,6,48776,22,4,3,485,775
264959.40049995534,3.401,FS0001,DC0001,6,45985,88,2,8,225,556
264959.4294313604,1.392,Comp0035,Comp0011,6,18341,3389,3,7,869,304
264964.367988878,1.813,Comp0007,Comp0011,6,3646,3389,16,18,368,284
264970.8618510336,6.015,Comp0078,Comp0066,6,16870,445,13,17,3908,177
265115.94971284474,0.389,Web0004,DB0002,6,30595,3306,150,241,660,1911
265144.28111426294,5.205,Comp0078,Comp0079,6,6069,3389,2,3,252,38
265169.5878641506,8.573,Web0001,DB0004,6,14034,3306,25,91,4419,11119
265205.45063200593,0.009,Web0002,DNS0002,17,35738,53,3,2,119,135
265242.4735533169,0.38,Web0005,DNS0002,17,41628,53,3,3,40,273
265288.91170320817,3.189,Comp0011,DB0003,6,15673,445,17,28,829,1898
265468.1092157052,0.299,DC0002,DNS0001,17,59692,53,2,2,49,92
265474.5868940653,1.529,Proxy0002,Ext0034,6,8210,443,15,58,2718,29541
265523.32105912466,23.744,Web0003,DB0001,6,18506,3306,10,80,660,18445
265546.34759199485,3.9,Comp0017,Comp0011,6,9812,3389,7,4,344,574
265603.0208521787,14.658,Web0002,DB0003,6,8010,3306,12,68,618,33258
265638.9062277237,13.285,Web0001,DB0001,6,65424,3306,19,89,263,12255
265734.7919042402,6.977,Comp0078,Comp0048,6,47977,139,15,105,4111,9736
265774.1335894157,7.666,Web0004,DB0001,6,43524,3306,11,215,1204,27025
265801.20074105315,43.149,Web0002,DB0004,6,12013,3306,52,92,10318,2568
265824.9724358607,15.295,Web0005,DB0003,6,35598,5432,21,149,739,3084
265944.417547829,1.777,Comp0078,Comp0032,6,65286,445,19,50,577,440
266005.1337999007,0.119,Mail0002,DNS0001,17,54300,53,2,3,81,127
266060.8736764665,0.013,Web0001,DNS0001,17,57056,53,2,2,49,276
266107.6152142241,3.299,Comp0006,DB0002,6,21324,135,7,13,141,50
266113.5332750631,0.05,Proxy0001,DNS0001,17,17535,53,3,2,97,123
266148.6092835803,4.669,Comp0077,Comp0011,6,44119,3389,4,15,712,1437
266263.023274074,0.021,Web0002,DNS0002,17,11380,53,3,3,44,159
266440.5689083981,0.435,Comp0006,Comp0026,6,64064,3389,8,12,591,323
266527.2354019533,1.552,Web0003,DB0002,6,32528,5432,24,18,1573,8544
266542.56331790367,18.876,Web0005,DB0003,6,9159,3306,6,378,2431,5249
266576.9061152965,1.745,Proxy0001,Ext0035,6,10035,443,4,16,625,2852
266634.46499925765,6.414,Proxy0001,Ext0018,6,50461,443,4,12,764,4575
266637.2147630211,0.052,Proxy0001,DNS0002,17,19375,53,2,3,29,176
266655.5566046847,14.008,Proxy0002,Ext0009,6,56823,80,15,72,317,10527
266697.4654698829,2.468,Comp0002,Comp0011,6,38613,3389,7,16,650,346
266706.15266956226,0.835,Web0005,DC0001,6,62051,389,6,8,171,864
266757.2589570294,4.978,Proxy0001,Ext0012,6,47195,443,26,36,1973,26911
266766.5216143645,0.087,Web0001,DNS0002,17,35388,53,3,2,48,94
266874.44951777125,14.878,Proxy0001,Ext0028,6,38623,443,8,6,384,10289
266996.2288654368,7.424,Web0003,DB0002,6,54098,3306,107,205,5239,658
267017.51726257463,0.028,DB0002,DNS0002,17,18679,53,2,3,35,273
267085.93808739155,4.225,Web0002,DC0001,6,52955,389,6,16,218,1224
267185.7859952573,6.592,Proxy0002,Ext0033,6,55834,80,18,46,1111,2463
267199.30464160384,3.006,Comp0006,Comp0028,6,37904,22,6,5,716,63
267314.2589020613,8.609,Web0003,DB0002,6,39863,3306,11,93,4788,6230
267356.8311699388,15.62,Web0003,DB0001,6,12118,3306,19,59,2994,20262
267370.67276698584,6.472,Comp0078,Comp0015,6,28988,22,4,5,207,46
267418.4761889053,10.78,Proxy0002,Ext0006,6,55841,80,5,15,928,14686
267641.78072391765,3.205,Comp0033,Comp0011,6,32619,3389,4,5,967,452
267759.62797001563,1.067,Comp0016,Comp0011,6,9431,3389,7,9,1620,369
267898.8966823001,0.101,Web0002,DNS0002,17,24586,53,2,2,60,305
268053.28181009146,49.477,Comp0078,Comp0010,6,20792,445,20,38,1471,853
268054.23900694266,17.366,Web0003,DB0004,6,22668,5432,9,118,2380,7026
268269.0456792501,5.131,Proxy0002,Ext0003,6,51781,80,7,55,174,1240
268290.3518383921,1.051,Proxy0001,Ext0034,6,8190,443,5,13,518,2874
268297.3339939199,0.997,Comp0078,Comp0040,6,20860,22,5,13,560,11
268408.5242412659,0.488,Web0001,DNS0002,17,30347,53,3,2,64,169
268477.7378495961,18.369,Web0003,DB0001,6,49614,3306,12,148,872,5584
268529.2638351036,2.012,Web0006,DB0004,6,63913,3306,33,162,5037,12442
268560.2055272194,0.107,Mail0002,Ext0003,6,20305,25,4,25,270,696
268644.5484074252,7.978,Proxy0002,Ext0011,6,2750,80,9,93,420,10812
268730.1043882294,5.84,Proxy0001,Ext0019,6,28689,443,15,115,249,7632
268939.4698027877,3.137,Comp0078,Comp0028,6,42597,135,7,6,236,16
268968.1317424309,20.283,Web0005,DB0001,6,31656,3306,5,397,4610,7831
268984.84776011086,1.082,Comp0070,Comp0011,6,13605,3389,9,11,524,595
268994.47691543173,17.805,Comp0006,Comp0017,6,49217,139,27,95,2244,952
268998.7426251697,13.399,Web0006,DB0001,6,14952,5432,7,519,640,2056
269106.09220361727,0.14,Web0003,DNS0001,17,45269,53,3,2,89,78
269133.55130826385,29.782,Web0003,DB0004,6,29094,5432,13,86,1228,24319
269149.5629857343,0.855,Comp0078,Comp0074,6,11738,139,14,127,2604,391
269259.4978440063,3.178,Proxy0001,Ext0019,6,20874,443,3,75,704,1089
269275.2550947734,8.077,Comp0006,Web0002,6,65288,445,6,170,2006,2633
269329.00017065805,28.375,Comp0006,Comp0045,6,65139,445,17,121,2811,503
269367.36084786174,0.11,Proxy0001,DNS0002,17,41897,53,2,2,138,62
269382.5008100597,4.419,Proxy0001,Ext0024,6,37560,443,10,23,319,5278
269399.3503006027,0.069,Proxy0001,Ext0005,6,32969,80,25,26,1522,12587
269430.81503217714,0.494,Proxy0002,Ext0015,6,36143,80,13,30,557,2499
269482.8670770933,0.191,Comp0006,Comp0057,6,19085,3389,3,19,213,40
269489.0141061017,3.039,Comp0006,Comp0079,6,20664,445,16,32,3375,858
269523.97824955866,3.21,Proxy0001,Ext0010,6,41548,443,5,60,2269,2073
269557.2541991525,0.925,Proxy0002,DNS0001,17,5618,53,2,3,98,86
269623.24801739317,20.367,Comp0006,Comp0080,6,12501,139,43,607,1864,587
269734.8158457098,0.656,Web0005,DC0002,6,60708,389,4,6,584,362
269758.27810744074,0.063,DB0001,DNS0001,17,26872,53,3,2,41,86
269911.15714859543,5.999,Web0003,DB0002,6,7335,5432,6,53,370,704
270227.00690100086,38.86,Web0001,DB0004,6,20605,3306,24,105,350,8009
270432.2517305372,4.206,Comp0030,Mail0001,6,18636,993,6,11,1146,1005
270458.16181953286,0.522,Comp0064,DNS0002,17,5056,53,2,2,78,102
270490.1983963639,5.37,Comp0045,Comp0011,6,18434,3389,6,11,974,1618
270535.16571957956,38.935,Comp0078,Comp0052,6,51593,139,6,110,11683,299
270561.94957243046,5.717,DNS0002,DC0002,6,41150,389,3,10,251,2007
270627.66680620244,0.518,Proxy0001,DNS0002,17,19734,53,3,3,25,265
270632.183530948,0.632,Proxy0001,Ext0029,6,29834,80,5,33,332,73
270658.98605833534,0.032,DC0001,DNS0001,17,59664,53,2,2,60,145
270670.68551972724,1.235,Comp0078,Comp0020,6,21566,22,5,13,530,84
270865.53482427634,0.23,Web0001,DNS0002,17,37897,53,2,2,27,47
271040.0667817153,0.019,Proxy0001,Ext0020,6,19888,443,15,21,363,55297
271066.6531026971,4.471,Mail0001,Ext0006,6,48877,25,2,10,120,165
271137.6174215111,7.039,Proxy0001,Ext0002,6,59700,80,5,21,1461,2506
271200.8557625342,10.525,Proxy0002,Ext0005,6,18092,80,8,58,2939,4870
271203.9068363179,4.703,Proxy0002,Ext0013,6,59528,443,11,7,371,17023
271332.7215905318,0.222,Proxy0001,DNS0001,17,21419,53,2,2,96,203
271370.68321935093,0.056,DB0003,DNS0001,17,7240,53,3,2,72,334
271457.73929078336,0.897,Mail0001,Ext0012,6,36143,25,5,12,620,546
271537.7446579624,0.835,Comp0078,Proxy0001,6,50117,135,5,16,240,28
271614.4948116109,12.908,Comp0078,Comp0074,6,46848,139,42,71,751,3201
271645.2404831985,7.665,Comp0078,Comp0036,6,37107,135,4,10,178,43
271753.4302831953,8.545,Proxy0002,Ext0000,6,33968,80,4,47,1671,6924
271801.71187476936,0.015,Proxy0001,Ext0020,6,39691,80,4,26,792,3791
271843.7436584582,2.899,Proxy0001,Ext0038,6,39866,443,4,23,475,6340
271885.0519569239,0.892,Mail0002,Ext0028,6,35125,25,6,15,533,397
271901.08940332156,0.059,Web0003,DNS0002,17,14843,53,2,3,78,346
271916.44797751145,2.922,Proxy0002,Ext0030,6,37564,443,4,14,524,7923
271965.281793083,3.944,Proxy0001,Ext0005,6,43955,443,12,53,1113,20775
271972.0867514828,15.977,Web0006,DB0001,6,8044,5432,36,59,2037,8350
272001.7161601283,6.368,DC0001,DC0002,6,13881,445,30,524,1165,8511
272091.5330589443,4.204,Comp0078,DB0004,6,54302,22,4,19,724,13
272102.98407938116,7.736,Comp0006,Comp0015,6,44711,445,14,61,2824,581
272162.2295185697,55.909,Web0004,DB0002,6,8693,3306,17,38,4813,19267
272239.42228825093,51.049,Web0005,DB0004,6,27405,3306,27,71,461,74624
272332.20195990347,0.365,Comp0006,Comp0077,6,23983,3389,4,9,876,15
272341.93649481377,1.789,Comp0006,Comp0013,6,44258,139,6,40,1196,4450
272404.5836698815,0.089,Web0003,DNS0002,17,43019,53,2,3,165,77
272542.82403488096,5.32,Comp0078,Comp0036,6,6086,445,13,58,2665,1088
272591.57909312326,10.294,Web0005,DB0002,6,29643,3306,11,540,928,33327
272628.7141402364,7.182,Comp0041,Comp0011,6,8000,3389,7,11,1261,1000
272840.0261241788,5.691,Proxy0002,Ext0036,6,58697,443,22,41,1124,2150
273057.5145468462,2.986,Web0005,DB0001,6,38079,3306,21,21,1025,2354
273058.9225492111,6.011,Web0002,DB0001,6,55657,5432,23,151,6389,15468
273087.40377633483,1.094,Proxy0001,Ext0001,6,24989,443,17,91,337,1835
273188.5309861653,1.703,Comp0079,Comp0011,6,29820,3389,4,7,359,517
273301.06425098976,0.991,Comp0006,Comp0002,6,32429,135,3,7,1225,47
273334.3379435426,2.277,Comp0078,Comp0039,6,27538,135,9,4,351,9
273359.9982687734,0.04,Web0005,DNS0001,17,58700,53,2,3,46,259
273397.192054645,11.705,Mail0002,Ext0033,6,21105,25,8,10,510,475
273449.8590176292,0.602,Proxy0001,Ext0029,6,34582,80,11,33,1141,8413
273485.99930519296,8.722,Comp0021,Proxy0001,6,45020,3128,16,20,671,9868
273487.5130225293,10.049,Proxy0001,Ext0011,6,5595,443,10,54,1345,17135
273535.39997209737,11.921,Comp0073,Comp0011,6,27346,3389,9,5,653,1178
273626.85017993324,0.006,Mail0001,DNS0001,17,25210,53,2,2,81,118
273638.13322413724,2.868,Proxy0001,Ext0001,6,43586,80,13,84,380,829
273658.1974127931,4.152,Web0001,DB0001,6,6102,5432,10,314,2042,14028
273706.2805176592,1.682,Comp0051,Web0004,6,25915,80,12,20,286,1778
273748.77673933055,0.952,Comp0006,Web0004,6,20832,135,16,4,2726,4
273784.3508652234,5.622,Web0005,DB0001,6,52083,5432,31,68,1085,20693
273883.5920159506,30.715,Comp0078,Comp0080,6,48905,445,11,146,431,7350
273887.1769373343,0.587,Comp0078,DC0002,6,8781,3389,10,3,654,67
273936.86747680965,0.268,Proxy0002,DNS0001,17,50564,53,3,2,19,104
273973.6694937795,10.205,Mail0002,Ext0027,6,53242,25,4,23,127,1765
274058.0150255608,3.513,FS0003,DC0002,6,39160,88,6,11,164,702
274084.17584033444,2.234,Proxy0002,Ext0001,6,34971,80,5,12,786,8395
274109.9445178286,9.334,Web0001,DB0002,6,57173,3306,17,202,1687,19896
274116.82238144154,0.484,Mail0001,Ext0002,6,2768,25,4,6,62,1699
274122.4092877644,0.006,Web0001,DNS0002,17,10247,53,2,2,58,65
274136.3886575284,1.424,Web0004,DB0002,6,57047,5432,50,168,615,142064
274146.52443809307,16.783,Proxy0002,Ext0006,6,27901,443,27,24,524,3849
274147.3132040796,4.589,Web0001,DB0001,6,50148,3306,58,21,1097,108302
274167.4316562392,13.904,Proxy0002,Ext0027,6,53200,80,14,8,4703,57365
274218.3386935182,1.507,Proxy0001,Ext0033,6,32865,443,6,20,369,14107
274229.06179090636,0.176,Comp0006,Comp0053,6,23105,139,14,199,686,4261
274243.387238078,4.07,Mail0001,Ext0032,6,25181,25,3,11,955,1023
274245.7521149538,9.737,Proxy0002,Ext0004,6,8311,80,5,12,385,2458
274260.47145158565,5.889,Proxy0001,Ext0013,6,43635,80,9,34,77,4805
274294.06076572335,0.055,Comp0042,DNS0002,17,41545,53,2,3,53,254
274322.1357902507,1.707,Comp0024,Comp0011,6,33233,3389,6,4,302,399
274354.6467532185,2.283,Proxy0002,Ext0032,6,9096,80,8,24,399,15451
274423.0944853929,0.377,Comp0078,Web0003,6,15572,135,5,8,124,132
274435.2372605652,5.697,Comp0078,Comp0066,6,48638,22,6,3,388,9
274452.04756697617,18.335,Web0005,DB0003,6,60750,3306,123,23,3775,2301
274454.4409171869,0.293,Web0005,DNS0001,17,16693,53,2,3,60,106
274465.5916535323,8.201,Comp0078,Comp0071,6,41703,445,39,82,862,251
274468.6604000102,2.011,Proxy0001,Ext0019,6,38373,443,6,71,96,14286
274564.7008119168,9.099,Proxy0001,Ext0036,6,31443,443,13,41,434,4797
274671.5609844184,0.476,Proxy0001,DNS0002,17,1433,53,3,2,69,149
274690.6486155853,3.638,Proxy0001,Ext0023,6,32986,443,38,8,2289,7882
274744.7681800434,20.802,Web0001,DB0001,6,32992,5432,13,135,1585,79049
274757.5718595756,2.096,Proxy0001,Ext0038,6,40669,443,4,52,352,12748
274768.81222397636,16.904,Comp0006,Comp0009,6,22012,445,14,142,3780,1462
275135.68058092316,3.915,Proxy0002,Ext0014,6,6166,443,15,7,193,1783
275280.6588347571,8.789,Web0003,DB0002,6,18907,3306,19,169,1254,19274
275289.0161829753,8.625,Comp0006,Comp0024,6,39250,445,107,66,4560,1555
275403.8160600782,65.059,Web0003,DB0003,6,61579,3306,26,259,1102,13130
275539.4478210475,4.048,Comp0013,Comp0011,6,44387,3389,3,7,259,486
275588.70776029746,25.207,Web0002,DB0004,6,56474,5432,16,84,2176,3194
275616.54591682815,0.693,Comp0006,Comp0038,6,45292,3389,6,21,483,91
275729.7059596528,2.957,Web0004,DB0002,6,3099,5432,21,37,1047,26827
275778.28671151627,0.658,Proxy0002,Ext0026,6,56750,80,12,28,279,5356
275831.69729389297,10.872,Comp0003,Web0003,6,45496,80,10,79,2664,32686
275865.3740819669,0.218,Comp0019,DNS0002,17,56183,53,2,3,99,61
275906.5635060024,7.025,Comp0013,Comp0011,6,1215,3389,7,4,255,508
276088.93118901737,0.147,Proxy0002,DNS0002,17,45111,53,2,2,72,74
276178.3807394452,1.84,Comp0078,Comp0069,6,42070,139,17,14,2868,589
276214.42213465006,4.183,Web0001,DC0002,6,62405,389,3,21,224,536
276268.51797540515,2.476,Proxy0001,Ext0019,6,52834,443,6,86,612,5165
276279.591531696,4.484,Web0003,DB0001,6,15336,5432,73,190,5546,44414
276304.74864018976,7.242,Web0001,DB0001,6,9921,3306,29,48,4112,13364
276404.6625541124,0.069,DB0002,DNS0001,17,7802,53,2,2,78,48
276407.4366886651,9.509,Comp0006,Comp0034,6,7216,22,6,7,560,69
276440.36505426286,3.791,Mail0002,Ext0003,6,16714,25,11,7,282,536
276458.675967489,1.281,Web0001,DB0002,6,40864,3306,9,410,1789,57386
276470.28187322814,23.957,Web0003,DB0003,6,26842,5432,10,211,1964,26447
276484.97953229665,4.304,Web0005,DB0001,6,14989,5432,12,17,4896,10401
276504.80975793,0.038,Web0005,DNS0002,17,63959,53,2,3,101,252
276530.6903238827,0.798,Proxy0001,Ext0028,6,50222,443,10,32,61,2815
276551.4450400605,2.306,Comp0078,Comp0070,6,23987,135,4,7,725,43
276620.0524768681,1.355,Mail0001,Ext0016,6,7081,25,16,7,443,344
276669.0677118692,6.339,Web0005,DB0003,6,1281,5432,36,126,1021,2311
276670.051221336,3.359,Proxy0002,Ext0028,6,13953,443,11,48,581,4755
276698.38655554847,1.527,Comp0006,Comp0054,6,57025,22,4,11,87,25
276755.9863159373,11.222,Web0006,DB0004,6,8257,3306,17,46,724,22855
276762.2142189879,3.312,Proxy0002,Ext0038,6,54532,80,12,89,482,32168
276793.1156038924,1.955,Comp0078,Comp0024,6,34071,135,5,7,3269,6
276880.50186796894,63.109,Web0004,DB0002,6,43478,3306,50,50,1146,5761
276961.2834123675,51.433,Web0004,DB0004,6,18169,3306,31,94,5729,1980
277017.5572592818,0.113,Web0006,DNS0002,17,44703,53,2,2,63,80
277048.2271667334,2.803,Proxy0001,Ext0035,6,38038,80,7,349,448,1463
277096.43243699777,0.174,Comp0077,DNS0002,17,37738,53,2,3,37,228
277137.5401575419,2.749,Comp0033,Comp0011,6,1316,3389,9,7,512,311
277204.06319018867,0.746,Proxy0002,Ext0029,6,15817,443,8,13,2991,1313
277253.75775451347,4.634,Comp0070,Web0002,6,33776,443,9,21,746,37178
277267.10522855737,0.205,Web0001,DNS0001,17,7167,53,3,2,55,76
277293.2678478486,72.934,Comp0078,Comp0041,6,55717,445,19,82,6408,3633
277314.2390978516,4.673,Comp0078,Comp0063,6,36504,3389,9,8,1127,9
277337.458758715,28.878,Web0003,DB0003,6,3300,3306,45,76,1028,12495
277367.7157707415,3.555,Comp0006,Comp0008,6,51865,445,19,57,3036,149
277517.94286458206,16.271,Proxy0002,Ext0027,6,55333,443,3,21,436,27722
277576.6227841347,1.805,Comp0070,Mail0001,6,57860,587,6,2,140,709
277588.01536145876,1.148,Proxy0001,Ext0015,6,57183,443,19,78,1530,824
277688.3152190719,5.013,Web0003,DB0002,6,1693,3306,6,115,586,20816
277863.41724793124,1.172,Comp0020,Web0002,6,44969,443,7,25,1131,10624
277939.33757466363,4.538,Comp0078,Web0003,6,16189,445,3,126,2933,687
278010.5690214717,5.036,Comp0021,Web0003,6,55642,443,7,124,291,3271
278017.98339536594,2.491,Comp0019,Web0001,6,22430,443,7,92,431,13190
278041.2151993869,17.182,Comp0006,Comp0041,6,59679,445,16,237,1565,131
278044.4703414094,0.355,Comp0076,Comp0011,6,22299,3389,4,9,2711,172
278105.70853473747,0.48,Proxy0002,Ext0026,6,3573,80,7,18,819,2640
278133.5016221043,3.185,Comp0011,DB0001,6,8527,3389,8,12,2401,829
278139.1148316096,28.604,Web0005,DB0004,6,10556,5432,14,417,501,28832
278165.2678722294,4.474,Web0005,DC0002,6,45171,389,12,5,255,303
278188.5081441232,6.013,Comp0078,Web0005,6,27290,22,9,6,241,54
278199.28766471194,3.127,Proxy0002,Ext0031,6,13629,80,27,23,149,6635
278200.20378777117,8.319,Proxy0001,Ext0030,6,5926,443,17,47,842,3749
278249.454605961,2.697,Comp0062,Comp0011,6,7451,3389,10,4,156,981
278262.4827946627,10.368,Comp0065,Comp0011,6,52908,3389,7,10,1677,169
278264.06553253275,1.074,Proxy0001,Ext0006,6,14708,443,9,24,658,80728
278280.70816868445,0.383,Mail0001,Ext0016,6,50251,25,11,3,150,1206
278314.93402635,3.914,Comp0011,FS0002,6,64416,445,8,32,1305,18963
278342.18808490597,5.948,Comp0038,Comp0011,6,6246,3389,5,11,296,349
278360.5294623864,6.376,Web0003,DB0003,6,22526,3306,15,66,3270,57344
278367.50081054267,13.048,Proxy0001,Ext0031,6,36373,443,7,27,526,10986
278380.34952988394,2.375,Proxy0002,Ext0009,6,35155,80,7,58,783,4611
278429.3073922128,2.233,Comp0078,Comp0043,6,22782,3389,3,6,158,43
278432.9437986392,10.483,Proxy0001,Ext0029,6,35139,443,6,120,605,5372
278449.6779653223,0.09,Web0006,DNS0001,17,29512,53,3,3,41,133
278460.0602422218,0.507,DB0004,DNS0001,17,65231,53,3,3,84,202
278526.5332797107,8.739,Web0004,DB0004,6,13985,5432,37,117,773,38634
278543.8998756943,2.467,Proxy0002,Ext0031,6,1985,443,4,36,820,4930
278565.8905343636,1.711,Comp0016,Comp0011,6,9229,3389,2,5,707,286
278627.5751491855,2.593,Comp0062,DC0002,6,43637,88,14,4,489,148
278632.4879756002,1.454,Proxy0001,Ext0014,6,4579,443,10,33,614,8503
278967.56137642974,0.663,Comp0004,DC0001,6,23003,389,7,3,116,2541
279028.05506990594,13.811,Web0002,DB0002,6,21207,3306,8,56,1453,17708
279066.8788010061,3.288,Mail0002,Ext0032,6,58874,25,11,9,216,553
279121.4240076407,0.028,Web0004,DNS0001,17,61090,53,2,3,173,150
279147.79500864184,3.562,Comp0074,Mail0001,6,60875,993,7,5,709,407
279179.4250964009,14.449,Web0005,DB0002,6,65475,5432,12,93,1499,24326
279197.6572675863,0.217,Web0002,DNS0002,17,52716,53,3,2,36,95
279242.99728676915,9.796,Comp0011,DC0001,6,46506,445,39,77,11250,1808
279251.5063014885,10.365,Web0003,DB0001,6,33712,3306,7,30,13325,17786
279410.9509178789,0.146,Comp0062,DNS0002,17,24034,53,3,3,56,173
279452.97758992773,0.26,Comp0060,DNS0001,17,53346,53,2,3,64,173
279489.06118068536,25.69,Web0003,DB0002,6,63957,3306,8,89,1452,11393
279501.47640870436,1.28,Proxy0001,Ext0027,6,38972,443,21,36,391,21469
279537.3450023734,2.659,Comp0010,Web0003,6,35352,443,6,28,283,9063
279545.34605921345,12.055,Comp0006,Comp0069,6,60798,445,21,176,1005,478
279586.25058555,1.535,Comp0062,DC0002,6,37179,88,4,10,215,1577
279593.71382697136,1.947,Web0002,DB0004,6,23481,3306,36,160,1468,10861
279694.19146350876,3.15,Proxy0001,Ext0002,6,52722,443,6,17,905,808
279723.0780311518,2.138,Proxy0001,Ext0025,6,52670,443,3,27,1156,3425
279786.07116064,1.584,Proxy0002,Ext0005,6,33866,80,23,106,572,7167
279791.5347298741,1.344,Comp0008,Web0004,6,6561,443,12,283,4107,9007
279827.15190744656,4.233,Comp0006,Comp0015,6,18118,445,16,39,1964,1408
279830.7941001547,32.758,Comp0046,FS0001,6,50966,445,28,125,2615,8796
279835.0306843454,1.705,Comp0002,Web0002,6,13261,80,11,39,1041,74529
279846.87256911554,14.042,Comp0078,Comp0079,6,24843,3389,3,6,694,26
279873.91298069735,11.443,Proxy0002,Ext0025,6,56230,443,7,24,2549,6530
279925.8487262987,0.348,Comp0006,Comp0039,6,32952,135,9,22,100,15
279972.6984096007,3.1,Comp0011,DB0003,6,10614,3389,4,2,502,2201
280040.1928664174,10.722,Proxy0002,Ext0030,6,18175,443,12,34,331,6525
280147.12577767624,1.393,Comp0011,DB0003,6,57089,22,5,14,334,423
280149.9685562741,0.149,Web0005,DNS0002,17,37799,53,3,2,81,68
280187.9766013787,0.062,Comp0007,DNS0001,17,18441,53,2,2,140,72
280229.4461375049,1.71,Comp0011,DB0002,6,59609,22,4,3,396,2138
280244.81202180014,4.304,Comp0006,Comp0048,6,26730,22,5,5,456,98
280258.12000530004,1.532,Comp0034,Web0001,6,21308,443,10,64,253,48739
280276.1482873302,0.638,Web0003,DC0002,6,2186,389,5,9,237,485
280322.45160972537,4.129,Comp0032,Comp0011,6,37326,3389,6,8,167,656
280323.63712199713,0.161,Comp0078,Comp0026,6,11023,135,3,10,376,12
280356.7463524417,2.241,Web0004,DB0002,6,13134,5432,4,198,1197,6445
280357.6332943926,3.289,Comp0078,Comp0057,6,44450,139,16,40,3226,221
280364.52668335545,8.604,Proxy0002,Ext0026,6,21258,443,6,13,1799,145247
280398.54864474793,1.587,Comp0006,DC0001,6,64022,389,4,31,2104,545
280472.4887270209,0.992,Comp0020,Mail0001,6,44741,993,18,2,328,350
280506.09327373095,16.187,Web0003,DB0001,6,22283,5432,17,92,751,8695
280541.2822965458,0.361,DC0001,DNS0001,17,59783,53,2,3,85,104
280584.5053358975,7.781,Web0002,DB0001,6,57182,5432,56,152,1998,117906
280645.33418839413,13.068,Comp0078,Comp0024,6,21339,445,38,77,839,151
280655.445824423,8.791,Comp0029,Mail0002,6,3558,587,4,9,177,576
280663.7707019156,5.079,Mail0002,DC0001,6,42242,389,4,18,968,742
280693.2190337929,1.809,Comp0052,FS0001,6,35912,445,42,116,922,11769
280701.32798740966,4.383,Comp0001,Proxy0002,6,33755,3128,7,30,764,5866
280716.5084916805,16.817,Comp0006,Comp0043,6,12112,3389,2,7,367,45
280720.69338315993,38.472,Comp0018,FS0002,6,61180,445,9,47,1084,21033
280730.5104221173,7.397,Mail0002,Ext0033,6,20445,25,9,7,1015,596
280800.10270906286,8.291,Comp0012,FS0002,6,6483,445,27,39,5734,1144
280990.9341172494,0.006,Proxy0001,DNS0001,17,12511,53,2,3,67,90
281017.82738530776,0.108,Comp0076,DNS0002,17,7362,53,3,2,69,145
281193.73019459343,0.443,Comp0035,DNS0002,17,44193,53,3,2,74,244
281220.0775006079,0.151,Comp0065,DNS0001,17,7699,53,3,2,124,270
281222.27290930075,1.599,Proxy0002,Ext0035,6,57533,443,16,30,693,14702
281276.7576865158,4.37,Web0004,DB0001,6,50891,3306,60,193,2993,4850
281376.94815567887,3.535,Comp0041,Web0005,6,43377,443,5,56,446,5395
281432.3700022719,2.944,Proxy0002,Ext0012,6,13819,443,9,80,1640,6656
281441.7353143341,0.113,Web0002,DNS0002,17,24934,53,3,2,74,157
281472.8833412136,2.77,Comp0079,Proxy0002,6,28949,3128,12,66,316,9174
281511.03765476483,0.277,Web0001,DNS0002,17,16879,53,4,3,27,111
281521.18339025194,1.611,Proxy0002,Ext0016,6,31286,80,17,58,327,1161
281525.0463500471,0.829,Comp0078,Web0006,6,4499,443,4,9,767,35715
281542.4276129752,0.482,Comp0075,DC0001,6,3990,389,6,11,292,2002
281561.2282163479,10.522,Web0003,DB0003,6,45283,3306,26,125,779,17600
281578.4092697507,0.666,Comp0066,DNS0001,17,44114,53,2,3,48,181
281611.0711091695,5.859,Comp0009,Proxy0001,6,38671,3128,7,32,4577,110513
281632.87779002683,0.022,Comp0042,DNS0002,17,27562,53,2,3,142,262
281661.131239528,0.191,Comp0046,DNS0001,17,37294,53,2,3,81,62
281697.35337392235,2.032,Comp0053,FS0002,6,21479,445,13,115,1293,21212
281708.7566565029,11.493,Web0002,DB0002,6,64144,3306,19,38,3474,33546
281792.81360088754,4.271,Comp0006,Proxy0002,6,4236,135,12,5,337,28
281820.28910774307,5.814,Web0003,DC0002,6,47958,389,9,7,809,2512
281820.40908632043,32.689,Web0002,DB0004,6,31840,3306,20,55,2655,27168
281841.4154914978,0.845,Proxy0002,Ext0003,6,4700,443,12,33,1058,13641
281867.1219656023,21.113,Web0005,DB0003,6,11773,5432,16,142,8364,30650
281870.7157173089,3.377,Proxy0001,Ext0034,6,48283,80,32,9,70,28439
281880.44721134356,0.005,FS0002,DNS0002,17,49980,53,2,2,73,226
281893.4126454454,1.883,Proxy0001,Ext0015,6,56921,443,8,23,264,5384
281896.10350506235,0.51,Comp0042,Web0003,6,46145,443,12,81,281,21983
281943.4699074568,0.293,Proxy0001,Ext0008,6,14384,443,6,20,1012,13037
282018.39256806934,1.601,Comp0002,DC0002,6,16084,88,8,7,489,241
282061.50604161096,40.191,Comp0078,Web0001,6,15152,80,7,94,408,16765
282069.3866652153,0.577,Comp0049,DNS0002,17,60218,53,2,2,88,98
282124.0903139137,3.667,Comp0044,Web0006,6,32162,443,7,25,628,6983
282127.03393952356,2.754,Comp0070,DC0002,6,22843,445,12,50,1807,20916
282141.17020317767,0.721,Comp0053,Proxy0001,6,39749,3128,7,160,695,24301
282151.15422345215,0.561,Comp0039,Mail0001,6,37382,993,6,4,408,161
282251.0875496373,3.076,Comp0055,Web0005,6,20169,443,5,40,180,1871
282269.70887759613,1.798,Comp0011,FS0003,6,40279,3389,7,7,174,920
282289.96029342926,8.925,Web0005,DB0003,6,42421,5432,12,80,941,110467
282331.74328188604,0.915,Comp0006,DC0001,6,42970,445,14,59,10182,189
282342.2397761086,0.392,Comp0021,Web0004,6,65430,443,20,17,1571,13940
282366.3189002545,21.238,Proxy0002,Ext0002,6,7909,443,9,64,503,2175
282372.5371040264,2.264,Comp0025,Mail0002,6,54296,993,4,5,199,1230
282386.2913640042,1.288,Comp0056,Proxy0002,6,13594,3128,10,51,2598,428
282413.00166410196,0.813,Comp0068,Mail0002,6,20088,993,8,4,137,235
282427.17569469503,7.517,Proxy0001,Ext0008,6,18727,443,7,59,849,31475
282504.68710106175,16.523,Web0004,DB0004,6,28158,5432,12,52,3024,11150
282540.3026613013,0.038,Comp0062,DNS0002,17,6293,53,2,3,32,405
282568.7238107566,12.161,Proxy0001,Ext0016,6,41799,443,6,97,540,4270
282572.6988276639,6.783,Proxy0001,Ext0000,6,57727,443,5,75,721,22472
282578.6494536527,8.054,Comp0061,Web0002,6,3335,80,7,8,4977,3803
282610.1079086122,5.916,Comp0073,Web0003,6,58980,443,19,48,5652,16906
282682.8571376867,2.568,Comp0079,Proxy0002,6,33913,3128,6,35,309,8218
282688.11829618475,22.352,Web0003,DB0001,6,4149,3306,12,389,940,9499
282698.39594524045,23.181,Web0003,DB0004,6,28080,3306,22,25,363,20981
282719.04801733245,0.323,Proxy0001,DNS0001,17,12646,53,2,2,36,105
282726.670387166,17.242,Comp0006,Comp0072,6,64509,139,27,84,1986,756
282768.5768767282,0.027,Web0002,DNS0001,17,10498,53,2,2,72,143
282817.42416744895,0.119,Comp0001,DNS0002,17,20347,53,2,2,128,275
282821.58265435684,0.05,Comp0049,DNS0002,17,55394,53,2,3,47,122
282834.07963688055,0.066,Web0002,DNS0001,17,59847,53,2,3,80,140
282841.07216177316,0.073,Proxy0002,DNS0002,17,36797,53,2,2,58,64
282871.34989074914,0.418,Comp0023,Web0001,6,61299,443,8,27,114,2619
282877.28531570657,2.753,Comp0025,Web0002,6,22824,443,16,16,890,7458
282887.7278367803,12.348,Comp0045,Web0003,6,25974,443,4,15,1982,26122
282920.66081999236,0.273,Web0005,DNS0001,17,60808,53,2,2,74,122
282961.75917721394,7.981,Comp0022,DC0001,6,7589,445,14,481,10244,12067
282983.94155442645,5.004,Comp0067,Proxy0001,6,52498,3128,3,73,360,6547
282992.8609745582,23.981,Comp0043,DC0002,6,20901,445,23,186,10951,52136
283006.50894621044,0.168,Comp0042,DNS0001,17,61656,53,2,3,22,111
283024.36252436804,0.012,Comp0073,DNS0002,17,17615,53,2,3,78,153
283078.37187392375,10.092,Comp0043,FS0001,6,28159,445,18,15,1031,12934
283098.48587498197,7.839,Comp0011,DC0002,6,53168,22,7,10,714,254
283112.67454726296,0.308,Comp0008,Mail0001,6,63353,993,11,11,1507,196
283117.56274221255,0.788,Comp0074,Web0003,6,65246,80,8,25,858,79911
283117.6409312014,0.485,Comp0013,DC0001,6,60612,389,7,3,599,1607
283120.4603060604,0.115,Mail0001,DNS0002,17,45047,53,2,2,45,49
283149.01071089023,15.265,Comp0006,Comp0021,6,63976,445,11,34,4230,165
283162.0512995761,0.074,Comp0021,DNS0002,17,35676,53,2,2,45,216
283210.05524888524,0.241,Comp0019,DNS0001,17,4755,53,2,3,52,164
283214.2722560355,0.091,FS0003,DNS0002,17,12526,53,2,2,143,582
283265.0077927222,0.438,Comp0017,DC0001,6,20572,389,4,10,1980,865
283284.29659083096,5.683,Comp0012,Web0001,6,48791,443,4,8,828,9587
283312.74139063276,0.547,Comp0064,Web0002,6,16150,443,6,30,456,12647
283317.48101717787,6.689,Proxy0001,Ext0036,6,26568,80,12,85,460,34767
283321.47483700234,2.861,Comp0053,Comp0011,6,38573,3389,4,6,283,1518
283384.8164461792,5.917,Comp0037,Mail0001,6,28162,993,5,11,286,579
283410.8395328578,0.057,Comp0066,DNS0001,17,33484,53,2,3,87,65
283453.8875253582,9.752,Comp0019,FS0003,6,27414,445,38,171,5777,19942
283544.47919584345,0.184,Comp0031,DNS0001,17,49187,53,2,3,59,167
283550.1330178643,0.026,Comp0040,DNS0001,17,61659,53,3,4,53,154
283565.2949384791,10.862,Comp0006,FS0001,6,4021,445,22,323,238,49787
283571.4120483784,0.72,Comp0044,DC0002,6,32816,88,9,15,537,380
283634.1320523361,1.708,Comp0078,Comp0017,6,22916,445,66,120,963,76
283638.1177222284,0.076,Comp0013,DNS0002,17,33067,53,3,3,81,139
283643.5947186066,3.118,Web0003,DB0003,6,57789,3306,18,75,937,16023
283707.72440346226,1.535,Comp0013,Proxy0002,6,12270,3128,3,164,420,25129
283707.9044858448,13.585,Comp0031,DC0002,6,49892,389,6,6,380,391
283753.58567568654,6.564,Comp0063,DC0002,6,22464,88,12,5,450,933
283807.65208050463,3.356,Proxy0001,Ext0012,6,16179,80,6,20,1524,2180
283872.81892792,0.252,Web0004,DB0002,6,50530,3306,14,113,863,18751
283873.1262834608,0.97,Comp0006,Comp0057,6,6676,3389,3,9,416,37
283875.8471243303,2.248,Comp0005,DC0002,6,13754,445,6,175,518,4377
283885.89133642963,0.781,Mail0002,Ext0032,6,14311,25,16,13,101,3311
283908.02826490015,2.412,Comp0020,Mail0001,6,49938,993,13,6,738,474
283916.79494161473,0.19,Comp0023,DNS0002,17,54605,53,2,2,88,232
283956.22335652594,0.084,Comp0025,DNS0002,17,58472,53,3,3,98,369
283957.94138026185,0.187,Comp0006,Web0005,6,43852,22,7,16,764,31
284000.2153418553,4.317,Comp0070,Mail0001,6,31428,993,12,13,157,318
284002.9160704288,8.0,Comp0036,Web0005,6,46539,80,10,7,1342,29103
284062.44035918283,0.917,Comp0040,DC0001,6,31470,389,3,15,599,545
284077.16260605486,2.395,Proxy0002,Ext0025,6,12813,443,6,10,421,7833
284149.67368940555,0.027,Comp0047,DNS0002,17,1492,53,2,3,112,155
284167.8073646252,0.092,Proxy0001,Ext0035,6,61513,80,12,84,1280,7544
284175.9014353807,0.75,Proxy0002,Ext0029,6,29499,443,17,74,1780,2030
284180.0235848175,0.56,Comp0048,Proxy0001,6,48273,3128,3,90,534,2109
284181.9692921354,0.345,Comp0028,Mail0001,6,8357,993,5,6,1088,1106
284220.8620594263,0.356,Comp0053,Comp0011,6,48957,3389,6,9,486,1682
284228.53174981073,0.035,Comp0045,DNS0002,17,3044,53,2,3,96,334
284247.5425070102,8.88,Comp0054,Proxy0002,6,58995,3128,4,43,328,10223
284280.9440583256,31.841,Comp0037,FS0003,6,9105,445,32,87,4575,24369
284326.4059283792,0.694,Comp0078,Mail0001,6,55222,22,5,4,664,25
284348.3971197822,2.951,Comp0025,DC0001,6,53742,445,9,90,335,25912
284365.88473660575,0.16,Web0006,DNS0002,17,63806,53,3,3,141,172
284413.6388876961,12.923,Web0004,DB0001,6,63515,5432,24,218,435,60130
284421.46591321536,1.698,Comp0035,Comp0011,6,38696,3389,6,7,307,2343
284444.77500498644,0.225,Comp0019,DNS0001,17,25308,53,2,3,42,66
284450.46546727343,1.511,Comp0051,DC0002,6,5516,88,5,6,189,1794
284490.9190176331,15.923,Web0004,DB0001,6,47776,3306,24,326,54,8783
284491.1209402142,2.914,Proxy0001,Ext0010,6,62801,443,13,40,806,9255
284531.533621889,0.123,Comp0071,Web0006,6,34506,443,10,34,1511,877
284569.4362913343,10.579,Comp0072,DC0001,6,30356,445,26,162,131,25941
284577.04546540644,0.216,Comp0026,DNS0001,17,33458,53,2,3,147,255
284611.7895033158,0.669,Comp0078,Comp0002,6,49215,135,3,4,2239,35
284695.1949889065,0.917,Web0006,DB0004,6,43004,5432,9,127,1570,23083
284729.21283958864,1.708,Proxy0001,Ext0021,6,15111,443,22,34,759,6438
284737.004607668,0.179,FS0001,DNS0001,17,56846,53,2,2,89,53
284739.26301508246,0.072,Comp0069,DNS0002,17,42912,53,2,3,73,117
284802.11933530524,4.009,Comp0022,Proxy0001,6,4304,3128,20,115,117,12211
284819.6499615048,0.233,Comp0063,DNS0001,17,18893,53,3,2,91,311
284834.18377388944,17.576,Comp0011,DB0003,6,58502,445,25,244,869,11849
284932.20395992,0.323,Comp0059,DNS0001,17,17758,53,2,2,68,77
284964.97222462436,1.172,Comp0011,Web0004,6,3451,443,7,45,1471,1407
284995.71574669937,0.329,Comp0078,Comp0030,6,8973,3389,2,4,608,117
285092.4691202341,0.133,Comp0055,DNS0002,17,40889,53,2,2,72,90
285125.247848206,8.073,Comp0042,FS0003,6,13355,445,24,39,852,2896
285128.6972737184,0.072,Comp0078,DNS0001,17,6653,53,2,3,79,53
285135.06088737113,3.847,Comp0020,DC0002,6,49029,445,3,56,2268,8231
285148.6998494115,6.798,Comp0014,Web0004,6,50367,80,7,44,339,860
285154.4966337814,7.205,Comp0006,Comp0028,6,56403,139,42,118,1320,168
285179.89286810474,23.258,Comp0079,Web0005,6,55597,80,7,24,293,3627
285251.8749015179,2.506,DNS0002,DC0002,6,22214,389,8,6,125,3553
285270.2895204802,3.173,Comp0063,Web0005,6,29137,443,6,45,297,7234
285271.41139357694,7.47,Comp0001,Web0006,6,42604,443,10,50,268,29360
285291.45573297306,5.249,Comp0057,Web0002,6,40824,443,20,25,905,12379
285298.84709712164,0.26,Comp0059,DNS0002,17,22332,53,2,3,56,114
285325.11003468017,0.048,Comp0047,DNS0002,17,42750,53,2,3,58,215
285349.12615281047,8.327,Comp0027,Web0006,6,51194,443,4,17,1103,1548
285411.98114840046,3.186,Proxy0001,Ext0033,6,54508,443,7,12,350,62761
285436.6831860807,3.73,Comp0019,Proxy0001,6,38611,3128,7,9,156,947
285457.0378715075,12.154,Comp0006,Mail0002,6,36656,139,18,56,1049,655
285457.9533215683,0.177,Comp0053,DNS0001,17,12145,53,3,2,64,238
285461.0670876399,3.573,Comp0049,Web0002,6,20254,80,8,78,1137,4648
285469.51174966205,6.532,Comp0011,Web0001,6,51400,443,4,10,546,14494
285495.9142173223,0.314,Comp0064,DNS0001,17,36296,53,2,3,63,103
285510.5169070479,42.605,Comp0026,FS0003,6,8103,445,21,69,2998,25042
285536.1511784271,18.397,Comp0078,Comp0051,6,23364,139,157,472,980,681
285590.66592611687,0.254,Comp0020,DNS0002,17,8347,53,2,3,69,149
285616.1343463124,4.324,Web0004,DB0002,6,17066,3306,37,60,509,14176
285636.13938012987,0.021,Comp0053,DNS0001,17,65521,53,2,2,68,207
285647.7359319431,2.373,Comp0072,Proxy0002,6,53085,3128,4,27,625,2076
285681.14718027983,43.308,Web0001,DB0001,6,48192,5432,11,63,2902,19355
285686.65824420494,1.134,Comp0051,DC0002,6,39774,389,9,8,1465,3019
285715.7184722574,0.369,Comp0049,DNS0001,17,60211,53,2,2,64,90
285749.2868883244,0.114,Comp0025,DNS0002,17,22871,53,2,3,40,97
285755.7379564163,0.193,Comp0058,DNS0002,17,26602,53,4,3,67,184
285771.2100730154,2.15,Comp0056,Web0005,6,34129,443,18,68,281,5155
285781.73920380545,5.855,Comp0080,Web0003,6,1461,80,8,67,1073,9245
285813.39214516367,3.491,Comp0048,Web0006,6,18189,443,19,107,893,6378
285842.16310924717,0.998,Comp0011,DB0001,6,35462,22,5,4,5178,1949
285881.37904449686,3.115,Comp0044,Web0006,6,42073,80,7,23,306,4439
285895.20049516426,0.573,Comp0061,DNS0001,17,12155,53,2,3,46,114
285952.5233800576,1.128,Web0001,DB0002,6,21278,3306,12,78,10423,5074
285957.66282022186,0.342,Comp0047,DNS0001,17,44267,53,2,2,74,234
285982.1942321942,4.296,Mail0002,Ext0024,6,1814,25,7,2,1696,352
285985.5493555062,11.749,Comp0071,Web0003,6,6046,80,5,34,1268,31782
285985.863375949,26.336,Comp0066,FS0002,6,32251,445,22,65,2832,137859
285989.35998388374,6.049,Comp0022,Web0001,6,4110,443,8,27,261,7252
285999.95948482817,3.623,Proxy0001,Ext0001,6,10779,80,5,32,375,4787
286005.56664701446,20.547,Comp0038,Web0003,6,29070,443,10,18,453,6045
286021.94014187227,2.34,Web0001,DB0001,6,55249,3306,12,65,8549,3904
286036.37045057595,0.966,Comp0030,DC0002,6,44898,88,3,6,546,457
286068.9024691667,3.062,Comp0071,Web0002,6,17343,80,8,60,260,2690
286114.0155116239,7.664,Proxy0001,Ext0004,6,1822,443,18,50,4688,16348
286118.01232885604,2.71,Comp0079,Mail0001,6,15906,993,5,15,515,956
286122.2922159722,1.111,Comp0039,Web0003,6,13125,443,2,140,1876,15169
286145.071384336,2.825,Comp0031,Mail0001,6,55627,993,7,6,735,1821
286153.36764222395,10.179,Comp0071,FS0001,6,42140,445,25,86,1515,6345
286178.83120034076,3.873,Comp0046,Web0003,6,30178,443,5,14,487,5359
286205.2188043235,4.423,Proxy0002,Ext0023,6,31138,443,5,39,2608,981
286220.0903350727,0.299,Proxy0002,Ext0026,6,54691,80,20,135,556,3016
286235.8561687298,7.935,Comp0025,Mail0002,6,31645,993,4,7,650,720
286244.1056267253,0.817,Proxy0002,Ext0003,6,25774,443,7,72,1478,13703
286272.68581699656,0.546,Comp0019,Comp0011,6,13626,3389,9,15,1551,515
286355.8394840222,1.002,Proxy0002,Ext0038,6,50799,443,26,48,862,6102
286373.1450040916,1.472,Comp0027,Proxy0002,6,4517,3128,15,8,1422,3601
286395.8100118826,0.471,Comp0001,DNS0001,17,51260,53,3,2,35,151
286440.57087610575,11.05,Comp0075,Proxy0001,6,63352,3128,11,52,419,2968
286475.9025176325,1.3,Comp0061,Proxy0002,6,54563,3128,7,21,342,7158
286489.1972052971,14.211,Comp0057,DC0002,6,30233,445,4,21,2801,10274
286505.03518093034,1.221,Proxy0002,Ext0029,6,42620,80,15,53,228,11882
286514.8189107669,11.02,Proxy0001,Ext0006,6,14082,443,14,57,4453,13714
286526.86848352675,0.243,Comp0025,Web0006,6,62039,443,5,53,648,8797
286531.16367459536,0.35,Comp0039,DC0001,6,26179,88,5,6,295,1799
286538.5360278926,0.791,Comp0001,FS0003,6,63373,445,27,131,4453,98984
286576.35271112516,2.722,Comp0065,Comp0011,6,44166,3389,6,11,482,1069
286578.4799712541,0.612,Comp0079,DNS0002,17,44247,53,2,2,53,238
286611.75031699985,0.876,Comp0051,DC0001,6,14245,88,3,7,229,640
286629.6665157062,1.324,Comp0069,FS0002,6,11899,445,16,29,2865,35326
286652.0647344334,0.015,Comp0028,DNS0001,17,3125,53,2,3,74,343
286670.6379525371,0.578,Comp0059,DC0002,6,30078,389,4,5,322,135
286673.309031375,11.54,Web0005,DB0002,6,27075,5432,58,47,7372,11114
286692.0359940253,5.666,Comp0078,Web0006,6,36463,443,11,24,1219,22390
286706.5309696163,16.561,Comp0055,FS0003,6,46140,445,35,70,2038,52579
286729.48275434703,7.48,Comp0024,Web0001,6,41825,443,28,47,5003,27090
286734.7988013007,8.607,Comp0032,FS0001,6,33363,445,23,36,3290,8697
286765.9706717004,1.987,Comp0037,Web0004,6,41811,80,9,51,398,4500
286788.2043967919,5.935,Proxy0001,Ext0018,6,29980,80,5,28,1657,13269
286799.1966873846,17.984,Comp0006,Comp0068,6,50784,139,10,104,7408,140
286801.15238514444,0.953,Comp0076,Web0001,6,53143,80,37,58,302,5313
286835.48264814244,1.067,Comp0035,Web0004,6,49586,80,8,42,959,770
286835.5024353272,2.832,Comp0060,Mail0001,6,18520,993,3,4,535,307
286866.9464916893,13.964,Comp0035,Web0006,6,58349,80,11,37,799,9047
286875.62082933134,2.439,Comp0008,Comp0011,6,14065,3389,6,5,522,363
286881.0705630807,25.868,Web0006,DB0002,6,61265,5432,8,102,2462,8831
286883.12263425067,0.825,Comp0048,DNS0001,17,59352,53,3,2,74,170
286884.14027232217,0.049,Comp0016,DNS0001,17,57739,53,2,2,93,79
286903.06745424576,17.177,Comp0012,Web0004,6,31184,443,13,139,672,24489
286929.9109422206,0.076,Comp0032,DNS0001,17,48004,53,2,2,64,83
286953.7583139104,4.795,Comp0009,Web0003,6,60201,443,7,50,415,26307
286959.65413435723,4.069,Comp0063,Web0002,6,52238,80,9,150,355,16438
286970.67432808015,0.454,Comp0037,FS0002,6,20274,445,50,34,2914,17141
286975.91240587475,0.069,Comp0006,DNS0001,17,14479,53,3,3,89,139
287004.5755453968,1.672,Comp0007,Web0001,6,48720,443,9,25,1369,7996
287033.5311953225,1.452,Comp0034,Proxy0001,6,61802,3128,5,31,965,1306
287035.1967344344,14.091,Comp0073,Web0003,6,46909,443,25,17,267,3900
287044.44399556774,2.716,Comp0068,Mail0001,6,7410,993,12,14,338,774
287047.8395680523,2.135,Comp0017,Proxy0001,6,17457,3128,5,33,313,17214
287048.38027028047,0.334,Comp0055,DNS0001,17,39885,53,3,4,109,173
287063.029581193,1.433,Mail0002,Ext0014,6,53863,25,14,3,466,373
287076.5702639428,4.957,Web0006,DB0001,6,54394,3306,41,248,2935,1470
287090.61936713016,0.044,Comp0027,DC0002,6,7637,88,12,21,332,688
287093.4994195465,1.264,Comp0002,Web0006,6,34246,443,7,31,412,41236
287107.6855692616,5.556,Comp0006,Web0004,6,47919,139,12,261,3453,772
287108.30214631057,5.515,Comp0048,FS0002,6,56669,445,24,233,313,16903
287118.53890951053,7.09,Web0004,DB0003,6,36568,3306,41,255,1413,6259
287132.86971841776,7.843,Web0002,DB0001,6,26331,5432,3,78,11448,12032
287149.6243094122,6.069,Comp0076,DC0001,6,13581,88,4,8,911,9076
287154.9457720473,8.809,Web0001,DB0001,6,15766,3306,16,161,1045,15857
287158.0354062212,10.025,Proxy0001,Ext0003,6,45254,80,9,72,733,5541
287165.21018041245,0.234,Comp0025,DNS0002,17,53317,53,2,3,70,135
287174.07596660376,7.405,Comp0013,Web0005,6,12674,443,5,49,1513,4911
287182.02333096316,0.46,Comp0039,DNS0001,17,44860,53,3,2,83,146
287194.95405387337,1.443,Comp0006,Proxy0002,6,32677,3128,17,23,947,14936
287222.12458526244,2.354,Comp0078,Mail0002,6,7093,135,4,12,263,37
287225.94060434663,0.947,Comp0028,DC0001,6,54270,88,4,6,268,450
287236.3169620044,8.201,Comp0079,Proxy0002,6,47821,3128,7,26,1345,1242
287242.8926171842,15.393,Comp0051,FS0003,6,28631,445,22,171,3926,5697
287247.7815376933,0.973,Comp0004,Web0001,6,2008,443,11,27,538,4798
287254.86593720963,2.911,Comp0068,Proxy0001,6,13335,3128,28,39,111,48068
287275.23970314657,1.177,Comp0063,Web0001,6,8962,443,9,77,130,8013
287294.38018832606,0.146,Comp0076,DNS0001,17,34173,53,2,2,36,159
287314.1560406484,1.559,Comp0077,Web0006,6,33792,443,10,123,779,8669
287315.2604045495,0.009,Web0003,DNS0001,17,24636,53,3,3,38,218
287331.4687956833,9.998,Proxy0002,Ext0002,6,11963,443,16,47,910,5741
287362.6002042756,5.899,Proxy0002,Ext0029,6,37898,80,6,75,240,49366
287380.37253811583,0.777,Comp0019,Proxy0002,6,65360,3128,7,20,1286,5305
287424.04134921083,0.584,Comp0066,FS0001,6,50959,445,92,65,373,831
287425.06284856907,6.79,Comp0016,Web0001,6,40584,443,15,43,3891,13455
287425.5995415484,0.043,Comp0002,DNS0002,17,10633,53,2,2,41,76
287430.4189578313,3.279,Comp0012,Proxy0002,6,45295,3128,5,27,932,17889
287431.4469313455,0.1,Comp0060,DNS0002,17,6090,53,2,3,70,91
287454.95369956124,0.721,Comp0005,Proxy0001,6,39401,3128,7,78,269,8636
287472.44479577546,2.947,Comp0031,Web0006,6,2906,443,6,43,2259,2280
287490.8849398827,5.594,Comp0039,Mail0001,6,27992,587,3,5,744,1914
287505.36407696985,0.801,Comp0026,Proxy0001,6,59450,3128,5,57,2765,12840
287516.57378826244,7.043,Comp0075,Web0006,6,51543,443,5,6,1832,9639
287516.9481009048,1.527,Comp0016,Proxy0002,6,25384,3128,9,20,1322,3175
287520.3993282367,0.038,Comp0005,DNS0002,17,43809,53,3,2,39,170
287528.43832436367,6.602,Comp0005,Web0005,6,45391,80,13,8,909,7383
287542.15083585284,0.225,Comp0018,DNS0002,17,61666,53,2,2,53,139
287542.6036412554,2.827,Comp0080,Web0006,6,63455,80,7,27,602,1605
287543.60441680363,6.701,Comp0008,Web0003,6,23431,443,4,13,324,16794
287562.41437464027,11.114,Comp0019,FS0003,6,65345,445,35,216,3233,34528
287576.328716964,0.733,Comp0066,Web0003,6,64483,443,17,52,537,2827
287578.40544940205,0.22,DB0001,DNS0002,17,8022,53,2,3,143,107
287583.25515600876,7.047,Proxy0002,Ext0013,6,56971,80,4,10,1296,12794
287599.60402601573,0.079,Comp0053,DNS0002,17,18610,53,3,3,75,233
287622.71869314474,3.11,Comp0048,Web0002,6,20411,443,35,106,314,12533
287622.7630065708,1.133,Comp0002,Proxy0001,6,17504,3128,4,33,3117,2618
287633.0630305057,1.887,Comp0051,DC0001,6,4693,389,5,5,260,531
287647.52906454174,0.055,Comp0014,DNS0002,17,61544,53,2,2,56,150
287648.5864237922,21.711,Comp0022,Proxy0002,6,27700,3128,7,73,286,6194
287648.6163806987,18.848,Comp0030,Web0006,6,32674,443,7,24,1662,18079
287653.9397788341,1.544,Comp0076,Web0002,6,52209,80,20,59,336,2456
287657.42499084206,0.353,Comp0053,Proxy0002,6,3509,3128,10,45,1653,2620
287660.4212381043,0.135,Proxy0001,DNS0001,17,37181,53,4,2,115,106
287661.9578371953,4.939,Comp0018,Proxy0002,6,64094,3128,11,160,1694,20882
287664.3060805514,10.112,Comp0022,DC0001,6,54670,445,10,215,1683,20324
287702.5571673678,6.906,Comp0028,Comp0011,6,16532,3389,5,2,643,166
287706.5020646745,2.948,Comp0060,Web0001,6,15416,80,8,70,1779,47056
287730.5158248783,4.649,Comp0027,Proxy0001,6,57477,3128,6,102,1919,642
287749.56100678525,0.086,Comp0061,DNS0001,17,2863,53,4,2,57,109
287767.32240500045,4.124,Comp0078,Mail0002,6,50582,993,6,3,226,1345
287773.47309764766,19.632,Comp0052,DC0002,6,50668,445,13,38,1137,25495
287787.9560823671,1.406,Comp0065,Comp0011,6,38683,3389,5,7,188,190
287793.09898055176,0.44,Comp0015,DNS0002,17,13577,53,2,2,66,232
287794.782600519,12.432,Comp0078,Proxy0001,6,54304,3128,6,120,620,8172
287806.8357846699,0.05,Comp0078,DNS0002,17,6442,53,2,2,91,195
287809.78173244203,0.018,Comp0063,DNS0002,17,49878,53,2,3,73,135
287820.0762753279,0.139,Comp0051,DNS0001,17,60220,53,3,2,100,92
287824.52935632557,0.296,Comp0006,Comp0031,6,31739,3389,4,7,97,15
287856.8359982554,32.297,Comp0055,FS0002,6,57936,445,30,110,581,6441
287886.08271790686,0.638,Comp0010,DNS0001,17,4638,53,2,3,33,175
287899.5530943905,0.345,Comp0072,DNS0001,17,48267,53,3,3,128,66
287908.8630575764,7.238,Comp0078,Comp0079,6,63803,3389,12,4,822,53
287912.12306386407,0.509,Comp0054,Web0002,6,4576,443,9,28,1245,8877
287916.5507859377,0.952,Comp0006,Mail0002,6,12523,993,5,7,1437,1359
287931.8991954507,2.611,Comp0044,DC0001,6,37861,389,6,5,1613,2063
287945.8800142936,1.651,Comp0016,Web0003,6,4397,443,4,52,462,3705
287971.34662607085,0.031,Comp0031,DNS0001,17,54278,53,3,3,55,76
287971.3928931705,4.135,Proxy0002,Ext0025,6,25312,443,5,48,65,3982
287977.0282633897,0.021,Comp0076,DNS0001,17,27879,53,3,2,66,106
287980.0529991448,41.131,Comp0006,Web0003,6,38986,445,7,28,620,1432
287995.39637859585,8.629,Comp0075,FS0002,6,10773,445,19,108,3476,202627
287997.36988547683,14.666,Comp0080,FS0001,6,18127,445,20,49,2202,19845
288003.55730264215,6.167,Comp0043,Proxy0002,6,37805,3128,4,10,406,1463
288005.7373281837,0.085,Comp0021,DNS0002,17,57224,53,2,2,91,134
288018.3733891159,0.077,Comp0002,DC0001,6,45461,88,9,12,1147,489
288039.577392574,0.022,Comp0018,Mail0002,6,27482,993,5,7,148,492
288043.34184717236,0.014,Comp0010,DNS0001,17,40209,53,2,4,37,547
288046.62864593853,0.671,Comp0080,DNS0002,17,45217,53,2,2,54,158
288053.179207952,7.698,Comp0038,Web0006,6,14729,80,5,23,851,155373
288054.67787473695,7.072,Proxy0001,Ext0013,6,54522,443,7,13,520,6067
288077.7017725909,0.493,Comp0032,DNS0001,17,49165,53,2,3,66,239
288082.11888519523,1.974,Comp0015,DC0001,6,24419,389,3,4,850,484
288083.9616039608,9.684,Comp0021,Proxy0002,6,18611,3128,10,13,561,90631
288092.25998212915,0.346,Comp0025,DNS0002,17,48468,53,3,4,38,73
288096.02069628873,16.301,Web0003,DB0004,6,61995,3306,36,251,894,17668
288103.1826649185,0.518,Comp0031,DC0002,6,49955,88,12,6,630,621
288104.99163741595,0.215,Comp0065,DNS0002,17,4306,53,3,3,94,645
288124.2997397056,4.37,Mail0002,Ext0000,6,17064,25,4,5,1062,376
288154.7979636945,3.647,Comp0069,Mail0001,6,2093,993,3,9,122,662
288182.96890150756,21.591,Comp0035,DC0001,6,16019,445,30,11,9782,10510
288184.0572787395,0.312,Comp0031,DNS0002,17,11313,53,3,3,77,106
288190.3276892194,0.141,Proxy0001,DNS0001,17,50681,53,2,2,87,121
288204.80524745904,0.063,Comp0058,DNS0002,17,23458,53,2,3,53,170
288227.3611194777,4.009,Comp0034,Web0005,6,47859,443,7,35,710,17208
288239.04016410414,0.71,Web0001,DNS0001,17,3100,53,3,2,72,209
288242.806318906,1.36,Comp0002,DC0001,6,31351,389,4,13,1204,90
288245.15678034024,2.396,Comp0055,FS0003,6,19809,445,11,55,1632,49044
288245.221568046,12.748,Comp0039,FS0001,6,23794,445,116,102,419,136526
288261.9674218052,1.75,Comp0037,Web0005,6,49153,443,5,50,2106,25164
288269.06960409076,0.009,Comp0049,DNS0002,17,65309,53,2,3,74,112
288294.2030914569,1.687,Comp0078,Comp0060,6,40362,3389,10,6,481,12
288315.7250731828,0.003,Comp0063,DNS0001,17,34211,53,2,2,63,372
288317.6713749239,0.087,Comp0053,DNS0002,17,16814,53,3,2,50,85
288330.94331004896,0.549,Comp0001,Proxy0002,6,23968,3128,5,76,562,6570
288339.7447098717,0.192,Comp0052,DNS0002,17,10591,53,2,2,66,91
288350.6165116661,6.149,Comp0006,Proxy0002,6,9754,22,6,4,574,9
288373.8627574832,24.271,Web0003,DB0001,6,38779,3306,25,427,2305,3769
288374.51250864967,0.003,Comp0027,DNS0001,17,52739,53,3,2,54,244
288385.50132407737,1.212,Comp0078,Comp0016,6,48647,139,15,184,710,493
288390.96465320536,1.463,Comp0071,Web0004,6,14342,443,7,81,1063,11873
288392.66286589793,0.107,Comp0046,DNS0002,17,30363,53,3,3,58,152
288401.07201378024,0.106,Comp0003,DNS0002,17,29758,53,2,2,63,40
288406.1263623696,0.274,Comp0029,DNS0001,17,32874,53,4,2,74,108
288415.02921333717,3.383,Comp0011,Proxy0001,6,5729,3128,28,26,1437,16212
288418.50178195426,1.338,Comp0010,Web0005,6,26701,443,4,74,230,5776
288430.77350344125,14.124,Comp0058,Proxy0002,6,36653,3128,6,27,600,1786
288438.33364911785,0.282,Comp0001,DNS0001,17,51348,53,3,2,73,80
288471.223797692,2.423,Web0002,DB0001,6,65172,3306,25,266,1805,23954
288475.8319000203,0.046,Comp0045,DNS0001,17,32783,53,2,2,80,172
288489.14053149126,9.885,Comp0011,FS0001,6,27475,445,32,410,3460,142324
288502.24018052657,0.909,Comp0007,DC0001,6,50424,88,8,4,577,470
288551.26279910357,0.128,Web0004,DNS0001,17,59717,53,3,3,67,112
288564.6106172145,6.466,Comp0023,Proxy0001,6,25696,3128,13,27,471,1445
288570.32159681467,3.778,Comp0023,DC0002,6,28203,88,4,13,309,549
288573.0453885998,0.222,Comp0012,DNS0001,17,43961,53,2,2,39,131
288578.2949806384,2.032,Comp0041,Web0004,6,4409,443,9,46,573,3725
288582.6538286303,1.788,Comp0078,DC0001,6,51576,22,4,29,111,28
288612.50641880993,0.15,Comp0011,FS0002,6,26045,445,56,30,1216,915
288612.5083020164,11.404,Comp0031,DC0002,6,56136,445,3,309,730,4432
288619.88936323946,0.147,Comp0020,DNS0002,17,23985,53,3,3,153,119
288651.4789276921,0.351,Comp0013,DNS0002,17,23448,53,2,2,98,170
288682.9196931561,4.989,Proxy0001,Ext0018,6,32122,443,10,37,966,27970
288702.2284472244,5.064,Mail0002,Ext0029,6,47763,25,3,7,1390,2095
288705.1788575738,9.343,Comp0019,Web0002,6,11031,80,14,126,637,22923
288708.15100744396,0.198,Comp0042,DNS0002,17,36253,53,2,3,45,186
288730.75401301053,0.163,Comp0061,DNS0001,17,11874,53,2,3,48,258
288732.680648538,0.546,Comp0011,DNS0001,17,12288,53,2,2,69,137
288732.8231683409,0.016,Comp0006,DNS0001,17,29940,53,2,2,47,100
288745.17746632453,0.728,Comp0056,FS0002,6,57245,445,29,72,4898,29344
288767.17169421574,13.545,Comp0029,Web0002,6,65229,443,37,35,766,14207
288789.3224177078,11.878,Proxy0001,Ext0021,6,20881,80,40,17,195,8025
288806.9736220331,0.278,Proxy0002,Ext0035,6,44542,443,7,155,433,29886
288809.36721665476,16.4,Comp0026,Web0006,6,23066,443,2,57,1307,2115
288809.8604691237,0.03,Comp0021,DNS0002,17,32475,53,2,3,76,295
288827.65834132844,4.261,Comp0007,Mail0001,6,44110,993,4,4,479,984
288840.9510252625,2.254,Comp0048,Proxy0002,6,20973,3128,14,23,1639,8586
288849.1037770273,21.278,Comp0056,FS0002,6,25056,445,13,106,2181,2291
288851.3606910078,0.085,Comp0041,DNS0002,17,14311,53,2,2,80,186
288865.39639015397,6.06,Comp0046,DC0002,6,14067,88,7,3,77,445
288878.1955147107,1.866,Proxy0001,Ext0012,6,7642,443,5,142,258,627
288889.5199263573,9.048,Comp0062,Web0004,6,34231,80,7,7,807,12379
288892.1765097992,0.713,Comp0024,Web0004,6,35711,443,10,47,831,388
288892.6644982987,2.749,Comp0039,Proxy0002,6,39586,3128,19,9,6468,2880
288901.1595965096,3.142,Comp0075,DC0002,6,59527,88,3,5,120,1105
288931.37713088276,5.633,Comp0007,Web0004,6,4209,80,10,69,640,4983
288945.5183004973,15.028,Comp0041,Web0001,6,21052,443,12,21,699,4627
288957.50529434794,3.39,Comp0063,Web0001,6,56333,80,14,39,486,2828
288986.3079451259,19.158,Comp0056,Web0001,6,16664,443,3,39,731,13001
288998.46094444755,0.306,Comp0018,DNS0002,17,5649,53,3,3,46,223
289001.021185722,0.252,Web0002,DNS0002,17,13854,53,3,3,107,149
289009.44247977366,0.216,Comp0067,Web0004,6,22531,443,17,75,642,27639
289021.07517175796,8.863,Comp0031,Web0001,6,15498,443,8,31,1751,2729
289022.0673969426,0.542,Proxy0002,Ext0021,6,1941,80,7,27,41,4018
289031.7591625295,0.424,Comp0035,DNS0002,17,33549,53,3,3,106,140
289063.0095400905,4.124,Comp0049,Web0001,6,53780,443,6,24,751,3172
289094.93100075965,5.4,Proxy0002,Ext0028,6,35816,443,19,66,703,4899
289111.2683171339,1.452,Comp0014,Mail0001,6,32793,993,4,5,440,502
289119.6396984084,1.127,Comp0001,Web0003,6,30713,443,13,22,615,16875
289119.7848591523,2.109,Comp0071,Mail0001,6,48051,993,16,11,537,2995
289120.1658013666,6.866,Comp0002,Web0002,6,11865,443,8,56,465,9104
289147.3301322261,4.265,Comp0043,Web0005,6,64025,443,11,25,142,2424
289160.50904275104,0.936,Comp0022,Proxy0002,6,28717,3128,11,102,520,11932
289163.6454138927,0.769,Comp0068,DNS0001,17,61372,53,3,2,77,96
289185.8831151552,7.418,Comp0023,Web0004,6,9783,443,64,56,1402,4615
289192.1563748198,8.432,Comp0002,DC0001,6,60778,389,4,5,719,188
289202.2506356129,0.099,Comp0001,DNS0001,17,30474,53,2,2,81,216
289216.0998683565,0.136,Web0005,DNS0002,17,22486,53,2,3,81,153
289218.9049755305,0.366,Comp0015,DNS0002,17,36446,53,2,2,50,90
289236.9144735856,35.784,Comp0078,Comp0051,6,3280,139,19,115,1575,528
289240.58741533966,0.062,Comp0080,DNS0001,17,51478,53,2,4,43,324
289265.80955527804,24.72,Web0006,DB0004,6,28694,3306,15,38,26397,9041
289283.2155520745,0.949,Comp0010,DNS0002,17,13350,53,2,4,70,72
289295.0174231691,1.079,Comp0003,Mail0001,6,5583,993,18,3,3641,1549
289297.90435650817,1.685,Comp0078,Web0003,6,10813,3389,5,5,1032,18
289326.34353793896,0.129,Web0002,DB0003,6,34191,3306,22,103,1344,2407
289344.3004093691,15.982,Comp0075,DC0002,6,59462,445,59,56,19997,1562
289346.9488326529,1.034,Comp0060,DC0002,6,22636,88,10,6,2400,987
289352.7749155814,2.599,Comp0045,Mail0002,6,33610,993,8,5,925,1169
289375.95124054904,3.981,Comp0002,Web0004,6,50994,80,5,21,7128,1914
289379.83979308634,0.01,Web0002,DNS0001,17,18764,53,3,3,54,135
289380.7125627331,0.328,Comp0011,DNS0002,17,19013,53,2,2,99,204
289399.5520413262,1.131,Comp0025,Web0002,6,20672,443,7,20,233,15985
289407.1801835709,1.418,Comp0048,DC0001,6,23422,88,4,20,756,602
289410.62264015264,8.795,Web0005,DB0003,6,26906,3306,20,102,2088,4261
289414.55626185006,5.875,Comp0035,Proxy0001,6,48852,3128,2,80,446,5573
289415.88382436277,3.749,Comp0035,Web0001,6,46864,80,8,18,165,9776
289429.43061740807,0.853,Comp0067,Web0002,6,49417,443,3,41,735,13594
289431.4241649576,5.648,Comp0001,FS0002,6,50309,445,19,137,2433,17861
289437.303224513,0.616,Comp0012,DNS0001,17,30771,53,2,2,52,137
289437.6115010899,2.582,Comp0006,Mail0002,6,21853,587,6,6,822,707
289439.1860013632,7.728,Comp0048,Web0002,6,43842,80,5,128,569,7357
289442.01274194056,4.435,Comp0048,Web0001,6,15402,443,5,63,410,14534
289451.1219732799,0.181,Comp0053,DNS0001,17,12691,53,3,2,75,151
289457.94603145326,0.192,Comp0057,DNS0001,17,7085,53,2,2,125,238
289463.02270028146,4.791,Comp0030,Mail0001,6,28066,993,3,5,586,2421
289478.27546007757,2.298,Comp0071,Web0001,6,45632,443,19,12,1066,17774
289492.09133408125,0.002,Mail0002,DNS0002,17,52835,53,3,2,79,70
289492.2555249932,4.858,Comp0065,Proxy0002,6,7680,3128,11,19,788,2545
289501.00584855385,0.208,Comp0050,DC0001,6,34080,389,4,8,333,961
289503.78198506334,3.15,Proxy0002,Ext0037,6,35218,443,9,76,101,29680
289507.3532601615,1.673,Comp0041,Web0004,6,44733,443,7,62,1337,7993
289519.93553827,1.634,Comp0054,Mail0001,6,44331,587,6,4,1439,456
289521.85101483454,1.175,Comp0024,Web0004,6,3335,80,10,14,232,12842
289547.7203925374,0.287,Comp0004,DNS0002,17,35007,53,3,2,126,104
289561.635399988,0.029,Comp0068,DC0002,6,21985,389,15,12,289,397
289579.7519740978,0.108,Comp0049,DNS0001,17,52596,53,2,3,40,139
289588.64263109514,10.331,Web0005,DB0001,6,46115,3306,18,163,4052,3302
289611.37355879846,1.791,Comp0001,DC0002,6,1179,88,5,18,610,211
289637.78478051256,2.401,Comp0051,Web0004,6,5396,443,8,112,360,3325
289647.9302346726,0.133,Comp0021,DNS0001,17,38920,53,2,4,98,109
289648.1756210817,5.186,Comp0019,DC0002,6,52016,445,40,118,1023,5029
289653.93479262927,3.843,Comp0014,Proxy0002,6,32446,3128,15,90,92,5515
289662.48960493616,4.35,Comp0001,Proxy0002,6,30471,3128,9,23,4491,2057
289668.4039194586,0.69,Comp0044,FS0001,6,22498,445,37,136,3643,75377
289675.9093543889,12.531,Comp0052,Web0005,6,4904,443,16,33,1223,886
289691.5401760088,0.045,Comp0019,DNS0002,17,39378,53,3,3,38,59
289695.64664498845,0.029,Comp0079,Mail0002,6,19675,993,4,31,132,1121
289699.3290818758,0.047,Comp0012,DNS0002,17,16596,53,2,2,93,455
289710.74283306324,2.012,Proxy0002,Ext0021,6,60985,443,6,92,1087,1649
289728.7859684925,3.049,Comp0013,DC0002,6,17898,445,206,46,930,449457
289730.74742575915,2.933,Comp0053,Proxy0001,6,38856,3128,7,21,543,13679
289741.06608613627,4.072,Comp0059,FS0001,6,1531,445,106,38,1582,4871
289752.87668930466,1.684,Comp0020,DC0002,6,9852,88,3,9,1300,415
289754.4142221795,3.233,Comp0020,Web0002,6,46788,443,11,39,203,3932
289759.29339582083,0.82,Comp0079,Web0004,6,21923,443,9,13,2705,5867
289808.80537476647,5.829,Comp0048,DC0001,6,18165,88,3,10,1273,783
289809.767744999,0.229,Comp0039,Comp0011,6,41393,3389,5,4,664,693
289823.33321397123,20.282,Comp0006,Comp0040,6,15195,139,56,56,782,3701
289831.1325176234,2.06,Comp0001,DC0002,6,18185,88,5,17,295,1765
289834.68989243073,2.447,Comp0045,Proxy0001,6,13084,3128,8,46,348,2203
289834.7714515031,0.312,Comp0034,DNS0002,17,24728,53,2,3,52,130
289851.24080352474,10.877,Comp0026,Web0006,6,62348,443,5,22,732,2297
289857.59290189407,0.095,Comp0011,DC0002,6,9671,3389,6,8,1650,801
289865.2041077341,0.165,Proxy0002,DNS0002,17,59795,53,3,3,101,174
289873.3113588651,0.025,Comp0023,DNS0002,17,3129,53,3,3,56,109
289875.67415601684,1.15,Comp0010,Proxy0002,6,34724,3128,9,46,497,5453
289915.85003225616,25.365,Comp0054,FS0001,6,26268,445,9,66,1018,81001
289938.677907065,13.932,Comp0012,Web0006,6,24794,443,10,43,1163,3713
289942.16952273436,1.499,Comp0063,Web0006,6,43586,443,11,21,235,35894
289942.2250338154,0.193,Comp0043,DNS0002,17,44349,53,2,3,83,72
289958.10284547554,0.195,Comp0040,Web0003,6,64436,443,9,50,1643,3466
290011.5969714241,11.783,Proxy0002,Ext0001,6,52193,80,12,143,128,5679
290036.2218180078,12.705,Comp0056,Web0005,6,37773,443,4,19,1273,21999
290043.7942603743,0.205,Comp0055,DNS0002,17,56431,53,2,2,82,270
290063.36701406864,7.324,Comp0060,Web0005,6,33182,443,16,27,1656,3411
290064.2588817682,10.445,Web0005,DB0001,6,4198,3306,25,53,4382,35712
290070.52797360165,8.445,Comp0008,Web0006,6,26772,443,11,44,114,8923
290093.47669234255,0.223,Comp0001,DNS0002,17,19310,53,2,3,137,429
290105.2817335705,0.595,Comp0078,Comp0075,6,5578,3389,7,6,490,22
290122.6765071956,5.653,Web0002,DB0004,6,37004,3306,12,285,1828,3952
290128.3202067968,8.597,Comp0006,Web0004,6,10793,80,34,29,386,686
290130.1552425267,2.183,Comp0030,Web0006,6,52654,443,3,20,1402,4554
290136.0417506498,25.621,Comp0019,Proxy0002,6,5939,3128,4,28,167,10429
290140.81342208135,1.294,Comp0004,DC0002,6,10581,88,5,8,241,282
290151.7137521307,0.579,Comp0047,DNS0001,17,42786,53,2,5,69,133
290178.2313590085,3.91,Comp0017,Proxy0002,6,50154,3128,9,45,566,5323
290178.49815119937,8.232,Comp0059,Web0002,6,19432,80,22,95,419,22218
290183.15771327034,65.281,Web0005,DB0001,6,8443,3306,13,24,597,9214
290185.31774048327,0.992,Comp0047,Proxy0002,6,18350,3128,8,16,1614,28382
290193.65677860874,13.795,Comp0069,Web0004,6,8417,80,7,19,384,27108
290205.5238853475,6.557,Comp0055,Comp0011,6,64678,3389,6,4,705,381
290209.78682359605,3.704,Comp0045,DC0002,6,31302,389,2,5,1558,2153
290215.6001317914,0.981,Web0001,DB0004,6,20179,3306,36,131,1162,67838
290227.5145132366,4.334,Comp0054,Web0004,6,2355,80,18,73,443,3465
290230.71260812774,2.954,Comp0074,DC0001,6,36790,389,14,8,339,528
290233.1452073178,3.812,Comp0036,FS0003,6,33405,445,24,191,1205,50718
290236.11494080717,4.336,Comp0074,Web0005,6,36179,443,7,75,1980,3517
290267.80935661576,1.993,Comp0055,Mail0001,6,55732,993,6,6,109,1179
290276.6322012363,3.731,Comp0057,Web0004,6,65519,443,6,50,215,14685
290303.156010841,0.115,Proxy0001,DNS0002,17,43711,53,3,3,40,254
290305.8730914848,0.227,Comp0053,DNS0002,17,7573,53,3,2,89,23
290314.63439451344,1.603,Proxy0002,Ext0037,6,16437,443,16,41,213,11199
290322.31210822094,16.036,Comp0024,FS0003,6,56119,445,15,76,3143,344966
290346.4252381566,17.203,Comp0078,Comp0038,6,4495,139,58,62,675,246
290356.29441053624,3.582,Comp0044,Proxy0002,6,21265,3128,11,19,623,87836
290413.91127099853,5.03,Comp0073,DC0002,6,12721,389,10,30,545,1546
290425.4278813846,4.029,Comp0028,Web0005,6,52012,443,17,71,1990,4097
290427.1744080432,4.932,Comp0040,DC0002,6,44840,389,5,13,771,413
290437.3947886667,0.039,Comp0077,DNS0001,17,6138,53,3,3,53,178
290437.6919698733,1.55,Comp0006,Comp0001,6,26974,22,6,4,310,63
290466.6935400883,0.077,Comp0055,Mail0002,6,36265,993,3,3,541,152
290471.5633520558,4.127,Comp0058,Proxy0002,6,16661,3128,7,12,144,7054
290480.4785449387,5.599,Comp0045,Proxy0002,6,29380,3128,6,21,667,1301
290487.6147948714,6.941,Comp0025,Web0005,6,49350,80,4,21,321,36284
290492.29309939215,2.25,Comp0038,DC0002,6,8486,445,4,69,958,4502
290511.7472562601,0.606,Comp0051,DNS0001,17,32405,53,3,3,84,284
290512.84115439956,0.272,Comp0006,DNS0002,17,49835,53,2,2,71,193
290513.09309539705,0.18,Comp0040,DNS0001,17,7262,53,3,2,131,144
290517.9062333129,8.607,Comp0029,FS0003,6,57136,445,22,114,1288,60078
290525.1276426943,6.575,Web0003,DB0002,6,39517,5432,10,35,2368,44557
290534.0329064945,1.376,Comp0069,Proxy0002,6,41324,3128,6,98,1865,448
290534.24797191285,14.44,Comp0042,FS0001,6,20116,445,10,407,757,11579
290540.82184560585,0.097,Comp0059,DNS0002,17,33181,53,2,2,64,335
290544.8605211607,39.456,Comp0043,FS0001,6,31808,445,12,133,1111,3860
290556.958050521,0.119,Comp0015,DNS0002,17,19771,53,2,3,52,415
290560.3533878912,4.12,Comp0001,Web0002,6,33323,443,7,74,348,7425
290560.965599363,0.122,Web0005,DNS0001,17,57273,53,2,2,28,178
290564.0688029737,1.401,Comp0076,DC0001,6,20747,389,6,15,2206,649
290568.0868557041,0.043,Comp0052,DNS0002,17,24817,53,3,2,48,181
290573.10640982067,0.182,Comp0018,FS0003,6,52080,445,11,289,1924,529
290582.1333236138,11.12,Comp0035,Proxy0001,6,63254,3128,4,16,645,14566
290585.18009528605,14.537,Proxy0001,Ext0028,6,36375,443,8,85,165,12433
290585.4790326557,11.731,Comp0063,DC0002,6,30009,445,57,21,2703,5275
290588.38886840554,7.287,Comp0006,Comp0072,6,25225,135,5,17,1149,37
290596.342175039,0.026,Comp0026,Proxy0002,6,32892,3128,2,39,1503,1523
290607.7173298553,0.109,Comp0051,Web0003,6,10651,443,17,36,8580,24259
290617.38076649,1.243,Comp0033,Proxy0001,6,58012,3128,13,24,528,1866
290628.3123051904,5.181,Comp0031,Web0002,6,53259,80,14,35,918,16420
290652.5834050876,31.233,Comp0044,FS0001,6,34842,445,46,10,1014,4786
290660.62193816487,0.327,Comp0022,Web0003,6,60555,443,10,41,285,21774
290663.0254972749,2.686,Comp0010,Proxy0002,6,45119,3128,20,30,545,6180
290705.8022810006,1.474,Comp0062,Web0006,6,47152,443,18,54,1039,2156
290706.7698320343,0.865,Mail0001,Ext0031,6,48879,25,5,18,1279,1966
290709.2688879925,0.333,Comp0058,DNS0002,17,36374,53,2,2,67,188
290712.2968517584,4.711,DB0001,DC0001,6,43772,389,4,7,634,940
290718.359100282,0.072,Comp0026,DNS0002,17,62923,53,2,2,49,169
290725.4340780723,2.978,Proxy0001,Ext0000,6,1914,443,8,30,296,23399
290737.7220994995,0.273,Comp0050,DNS0002,17,53364,53,3,3,44,74
290747.0108792072,0.102,DC0002,DNS0001,17,18234,53,2,3,57,82
290753.652127092,4.694,Comp0016,Web0005,6,21986,443,17,52,329,13676
290755.09036094276,3.687,Comp0057,Web0006,6,56679,443,6,55,974,9278
290763.47035015555,0.017,Comp0058,DNS0001,17,50604,53,2,2,101,145
290772.47789355007,9.116,Comp0048,Web0005,6,34632,443,5,15,473,4595
290775.30742229894,0.261,Comp0062,DNS0002,17,6171,53,3,2,130,184
290783.51171916164,9.667,Comp0067,Proxy0002,6,64343,3128,5,20,3646,6793
290785.532986549,0.238,Comp0032,DNS0002,17,22589,53,3,3,71,184
290788.1014121628,1.575,Comp0010,DC0001,6,15398,389,5,14,322,393
290796.8483952738,6.515,Comp0015,Web0002,6,3412,443,12,17,1043,13743
290799.3837270134,0.825,Comp0029,FS0001,6,60654,445,25,37,1346,13913
290803.43869290384,1.264,Comp0071,Web0005,6,13243,443,4,15,4266,12347
290805.3532494655,7.297,Comp0079,Web0002,6,13549,443,10,31,1434,7244
290833.248932221,1.882,Comp0018,DC0002,6,23061,389,3,15,390,1251
290835.52785247256,0.809,Comp0004,FS0003,6,50800,445,38,28,1829,84297
290853.02679981233,3.048,Comp0051,Web0001,6,23341,443,7,38,1265,2027
290870.26042998466,1.086,Comp0020,Web0002,6,6824,443,48,51,965,34007
290873.2090392093,6.444,Comp0004,Web0003,6,3305,80,7,18,2195,8591
290885.37300292426,0.324,Comp0049,DNS0002,17,14850,53,3,2,114,59
290886.5848237974,1.401,Comp0067,DC0001,6,17076,88,3,3,479,264
290887.4371444475,0.284,Comp0023,Web0005,6,59939,80,12,160,1401,70908
290899.7242931817,8.137,Comp0015,Web0002,6,4636,443,7,39,300,5735
290914.245187694,0.586,Proxy0002,Ext0033,6,12725,443,21,48,606,10022
290954.02389246214,0.093,Comp0077,DNS0002,17,9551,53,3,3,52,219
290959.1206298506,0.176,Comp0031,DNS0002,17,63299,53,2,5,65,160
290961.7948167717,0.904,Comp0049,Proxy0001,6,57913,3128,7,239,404,2767
290978.21794547024,3.273,Comp0074,Web0001,6,57004,443,11,32,1722,5234
290987.5298538862,44.543,Comp0059,FS0002,6,48383,445,9,153,3544,694
290992.0775138925,0.167,Comp0047,Proxy0002,6,15138,3128,23,35,1257,3905
290995.1327220574,0.368,Comp0060,Web0004,6,37862,443,12,47,1453,12899
291016.58489804063,3.755,Comp0019,Web0002,6,12889,443,13,26,1258,3484
291018.9669397016,0.065,Web0005,DNS0001,17,61901,53,3,3,55,322
291023.5140207231,4.108,Comp0056,DC0001,6,3053,88,5,5,118,378
291026.2780161628,0.362,Comp0069,Proxy0002,6,28762,3128,6,5,745,253
291027.01691086486,0.029,Comp0022,DNS0001,17,10680,53,2,3,52,110
291034.42876889807,0.301,Comp0057,DNS0002,17,59134,53,3,3,107,121
291045.04121944593,10.181,Comp0063,DC0002,6,19486,445,7,178,4992,2858
291049.68071616464,3.596,Comp0039,DC0001,6,62005,88,14,6,308,1539
291055.5612226379,12.271,Comp0041,Proxy0002,6,21465,3128,14,42,1678,5397
291055.7181882572,3.693,Comp0034,Proxy0001,6,43698,3128,8,12,2073,9164
291057.50229699805,4.025,Comp0052,DC0001,6,8614,88,7,17,363,89
291066.14888911374,3.503,Comp0056,FS0002,6,30006,445,30,144,498,11046
291066.9796341666,2.779,Comp0019,Comp0011,6,3578,3389,4,2,80,945
291068.1077277812,2.582,Proxy0002,Ext0028,6,47330,443,6,23,398,6598
291069.95174456766,6.293,Comp0059,Web0003,6,5426,443,14,34,2803,3038
291079.84411261126,0.38,Comp0032,Comp0011,6,27616,3389,13,13,713,525
291082.923497384,4.184,Comp0003,Web0005,6,35770,80,4,18,1230,5178
291097.5637195127,7.514,Comp0056,FS0002,6,30848,445,22,89,6198,91904
291102.5256400012,1.884,Web0003,DB0004,6,55421,5432,13,151,11830,6278
291116.87974288844,0.008,Comp0071,DNS0002,17,41597,53,3,3,159,161
291128.0737304963,2.216,Comp0003,Proxy0002,6,10200,3128,19,17,735,12919
291142.8040936631,0.053,Comp0013,DNS0002,17,32871,53,2,2,39,193
291149.2247723536,1.356,Comp0008,Web0003,6,14100,443,10,17,345,2673
291154.8829821616,0.187,Comp0036,DNS0002,17,1345,53,3,2,81,74
291164.7268858004,1.755,Comp0077,DC0002,6,13437,88,4,6,209,526
291190.10372472444,46.5,Comp0054,FS0002,6,56687,445,53,495,6313,4299
291191.82084305276,3.626,Comp0002,Mail0002,6,62615,993,4,16,398,440
291196.59793721617,13.059,Comp0018,FS0003,6,15205,445,36,86,1519,196539
291201.06773992965,14.471,Web0002,DB0004,6,61543,5432,24,34,3743,54838
291217.21546304505,0.231,Comp0043,DNS0001,17,37425,53,3,2,76,301
291229.57990757085,7.725,Comp0027,Web0004,6,37892,80,6,59,171,2297
291253.1245217693,0.411,Comp0040,Web0005,6,46519,80,14,27,652,34426
291256.4833975008,0.332,Comp0069,DNS0002,17,4833,53,2,3,33,77
291267.022290786,2.62,Comp0020,Mail0002,6,6512,587,3,4,189,634
291269.3924745933,0.202,Web0001,DNS0002,17,49401,53,2,2,69,100
291275.74841470004,0.086,Comp0058,DNS0001,17,26426,53,2,2,66,239
291293.48326273897,23.333,Comp0033,Web0002,6,39987,443,3,10,1432,1832
291301.1203183853,0.734,Comp0058,Web0002,6,36961,443,18,39,1676,52155
291321.6192751347,15.926,Comp0012,FS0003,6,26865,445,110,246,3248,17030
291323.31092746736,3.436,Comp0034,Web0006,6,48687,80,5,1988,338,951
291328.68625266245,0.095,Comp0045,DNS0001,17,51091,53,2,3,116,103
291329.46119392564,1.238,Comp0046,Proxy0002,6,48837,3128,8,54,455,29914
291333.55094477156,1.722,Proxy0001,Ext0021,6,23140,443,28,11,412,9483
291343.07580254355,0.023,Comp0039,DNS0001,17,23898,53,2,2,75,224
291344.6588850041,3.997,Comp0046,DC0001,6,57267,88,6,4,254,1429
291357.3908869681,0.967,Comp0065,Web0001,6,37550,443,11,24,3238,13031
291363.16679884144,13.086,Comp0029,FS0002,6,49917,445,43,137,1581,11301
291367.8486028217,2.471,Comp0052,Proxy0001,6,37357,3128,9,26,178,1275
291378.8710641027,4.623,Comp0022,Proxy0001,6,37870,3128,12,27,699,12460
291389.4325483143,0.936,Comp0077,Web0001,6,48607,443,14,23,337,153804
291392.209047297,7.619,Comp0025,DC0001,6,55575,88,4,17,316,1168
291394.9713410789,0.334,Comp0069,DNS0001,17,18846,53,3,3,34,213
291399.616614185,9.762,Comp0029,FS0003,6,48945,445,20,480,3309,6760
291405.94282025757,0.032,Comp0031,DNS0002,17,36618,53,2,3,101,126
291406.79208271933,0.042,Comp0017,DNS0002,17,47709,53,2,2,103,165
291410.4969174294,0.329,Comp0020,DC0002,6,31874,389,14,2,603,1890
291418.9171228799,3.365,Comp0028,Web0005,6,44791,443,3,13,119,1048
291423.668201932,5.935,Comp0080,Web0006,6,20595,80,15,21,201,15173
291423.74288315733,0.104,Proxy0001,Ext0019,6,37218,443,7,22,1361,2411
291433.57154583273,1.406,Comp0064,Web0003,6,11463,80,10,36,758,2564
291438.2850201342,6.559,Comp0074,Proxy0002,6,45952,3128,2,158,378,41032
291441.7755095323,12.132,Comp0046,Web0004,6,30902,443,11,85,864,30371
291446.23517012224,0.392,Comp0070,Proxy0001,6,9753,3128,8,29,235,6133
291453.7138488684,4.856,Comp0027,Web0001,6,52962,443,14,23,460,9981
291457.914731298,0.32,Comp0006,DNS0001,17,24932,53,3,3,72,307
291463.93405204563,15.835,Comp0006,Comp0041,6,32544,445,54,144,1311,101
291472.53349750343,2.058,Comp0038,Web0005,6,37621,443,23,42,599,12828
291492.7181848511,0.883,Comp0047,Web0001,6,51775,80,6,40,232,3002
291521.70038839214,26.653,Comp0024,FS0003,6,27420,445,22,197,889,24110
291523.7348696293,9.885,Comp0046,Web0005,6,40319,80,10,14,454,9694
291528.27839489485,0.275,Comp0033,DNS0001,17,34275,53,2,3,140,147
291539.08249880606,0.214,Comp0018,Proxy0001,6,5011,3128,10,10,1165,1893
291547.826555439,0.217,FS0003,DNS0002,17,27450,53,2,3,95,176
291570.43454581837,5.374,Comp0031,FS0003,6,5873,445,42,161,2313,15017
291572.35699253774,4.625,Comp0072,Web0002,6,21520,443,8,84,331,18911
291573.2979982671,1.354,DC0001,DC0002,6,45051,445,17,60,428,7327
291578.94854770164,15.476,Web0002,DB0001,6,25913,3306,20,38,1825,12219
291599.3151525304,0.079,Comp0080,DNS0002,17,53844,53,3,3,63,152
291600.8069774792,12.944,Comp0037,Web0005,6,17054,443,11,20,674,2264
291603.29331288044,3.034,Comp0017,DC0002,6,48095,445,36,35,5854,4453
291615.2852275595,0.622,Comp0018,DNS0001,17,14320,53,3,3,48,87
291621.3485152872,1.746,Comp0050,Web0005,6,23268,443,14,40,1672,12630
291638.21885300946,6.079,Web0002,DB0001,6,30617,3306,20,115,187,45481
291642.03224707104,0.162,Comp0048,DNS0001,17,46040,53,3,2,77,148
291666.582013285,1.194,Web0001,DC0002,6,43043,389,15,15,812,571
291666.9557937428,0.022,Comp0055,DNS0001,17,6377,53,2,3,120,316
291671.8390552013,0.023,Mail0002,DNS0002,17,61560,53,2,2,64,218
291680.714371057,1.889,Comp0074,DC0002,6,59855,389,7,11,153,668
291688.1012704811,13.672,Comp0003,Web0004,6,55078,443,7,86,730,9370
291693.28983648284,7.308,Comp0068,Comp0011,6,60405,3389,3,2,409,707
291709.27449675987,0.012,Comp0059,DNS0001,17,29984,53,2,2,51,230
291722.8374879401,0.113,Comp0051,Web0005,6,24855,443,9,49,956,8203
291723.3184844816,4.595,Comp0072,Proxy0002,6,10619,3128,5,66,317,3520
291723.61285092187,0.087,Comp0069,DNS0002,17,55786,53,2,2,71,340
291738.39841369464,2.834,Comp0078,Proxy0002,6,22872,3128,6,47,243,3664
291751.26470000047,0.052,Comp0006,DNS0002,17,25274,53,3,4,96,149
291751.5619868256,6.034,Comp0048,Proxy0002,6,27142,3128,21,27,3540,4504
291753.90057983453,0.144,Comp0071,DNS0001,17,26452,53,2,3,110,121
291772.79616587114,0.015,Comp0069,DNS0001,17,36811,53,2,2,90,174
291776.1396766022,0.221,Comp0058,DNS0001,17,63244,53,2,3,77,133
291777.776561657,8.245,Comp0079,Proxy0001,6,3849,3128,3,102,443,15470
291779.1440714753,0.034,Web0004,DNS0002,17,46110,53,3,2,76,337
291792.12497142266,0.162,Comp0057,DNS0001,17,16142,53,3,2,133,62
291796.1224620278,12.266,Comp0018,Web0005,6,16147,80,7,152,473,7312
291797.6531753222,38.59,Comp0069,FS0003,6,44510,445,36,97,2460,74233
291808.0420150143,2.906,Comp0018,Proxy0002,6,43800,3128,7,17,294,10753
291809.972149465,3.495,Comp0035,Proxy0002,6,6417,3128,11,7,324,1396
291821.5841263272,0.104,Comp0022,DNS0002,17,13703,53,2,2,97,213
291832.15534353175,0.616,Comp0074,DNS0001,17,65360,53,2,2,125,101
291861.28296599636,3.944,Comp0070,Comp0011,6,7962,3389,7,5,505,149
291864.94582824607,0.365,Comp0074,DNS0001,17,62594,53,2,2,159,127
291873.482426688,4.186,Comp0076,Comp0011,6,29743,3389,4,6,125,489
291886.6494931049,5.695,Comp0003,DC0001,6,12300,389,5,3,565,1249
291895.09865576157,0.079,Comp0056,DNS0002,17,59917,53,2,3,94,65
291927.31906633807,0.043,Comp0012,DNS0002,17,44856,53,3,2,84,174
291936.9490278416,0.262,Web0006,DNS0001,17,15603,53,2,2,41,201
291944.9571424477,0.038,Comp0074,DNS0001,17,59591,53,4,3,78,278
291959.1770690717,11.618,Comp0027,DC0001,6,17798,389,7,9,3046,357
291972.5519929005,0.246,Comp0016,DNS0001,17,13787,53,2,3,36,460
291976.69270809763,0.313,Comp0039,DNS0002,17,7364,53,2,3,45,108
291997.6815037339,5.934,Comp0003,DC0001,6,24694,389,5,6,320,655
292000.68601015944,0.029,Comp0042,DNS0001,17,50760,53,3,4,83,123
292016.60595084296,3.199,Mail0002,Ext0037,6,64298,25,8,4,1573,531
292025.15485631593,13.014,Comp0002,Proxy0001,6,56806,3128,12,19,677,3653
292027.784896305,0.003,DB0001,DNS0001,17,57506,53,3,3,54,136
292035.06134830887,0.253,Comp0058,DNS0001,17,34055,53,2,2,230,71
292041.469883496,0.029,Comp0017,DNS0001,17,26070,53,3,3,91,69
292048.61232867854,0.047,Comp0041,DNS0001,17,62246,53,3,3,63,339
292052.95697154675,0.017,Comp0030,DNS0001,17,7603,53,2,3,141,105
292055.9954717866,9.465,Comp0078,Comp0014,6,32349,445,21,932,5449,371
292057.0078577328,3.409,Comp0013,Proxy0001,6,45503,3128,5,21,1118,3650
292059.23675172095,0.23,Comp0072,DNS0002,17,46975,53,2,2,53,165
292068.8405931704,0.04,Comp0068,Mail0001,6,54494,993,4,4,437,888
292072.5290395508,3.404,Comp0005,Web0006,6,52763,80,13,11,954,13032
292085.88279799157,3.765,Comp0076,Comp0011,6,20205,3389,6,5,406,396
292090.2264085107,11.437,Comp0015,Web0005,6,21229,443,49,28,194,3232
292094.13194677094,3.116,Comp0027,Mail0001,6,15585,993,4,10,256,952
292096.59777894884,4.682,Comp0070,FS0003,6,61416,445,8,104,359,37889
292107.18350832514,1.051,Comp0022,Mail0002,6,10777,993,6,5,696,457
292131.09497018874,15.953,Comp0079,FS0002,6,17568,445,14,355,966,2000
292131.94026004995,1.876,Comp0014,Web0006,6,19510,443,15,48,889,2123
292137.5232632363,5.961,Comp0032,Proxy0001,6,58780,3128,12,32,578,8120
292138.6902992116,0.025,Comp0045,DNS0002,17,36765,53,3,3,54,125
292141.73325752217,12.354,Comp0014,Web0001,6,14431,80,17,17,344,3999
292151.16608999897,4.094,Comp0062,Web0004,6,40168,443,31,16,746,27648
292152.46090694726,0.561,Comp0078,Comp0006,6,16084,445,19,102,1225,394
292161.6460993084,1.145,Comp0012,DC0002,6,14818,88,6,5,188,442
292163.3474792674,0.609,Comp0008,Mail0001,6,15476,993,11,3,449,783
292168.95806461375,1.675,Comp0080,Web0001,6,31406,80,13,10,191,2191
292169.51610325614,0.543,Comp0019,Web0003,6,59400,80,17,26,379,4620
292181.55542829016,2.49,Comp0018,Web0001,6,5520,443,5,48,724,2982
292187.8338653472,1.908,Comp0004,DC0002,6,48371,389,6,11,1078,2104
292207.4825841026,3.718,Comp0042,Proxy0002,6,57419,3128,6,22,881,8127
292218.6987616994,0.157,Comp0020,DNS0001,17,48185,53,2,2,69,243
292221.36421102803,2.022,Comp0002,Web0005,6,20245,443,10,28,623,1592
292224.2283230028,25.344,Comp0019,FS0001,6,33091,445,114,193,4492,28286
292228.2048085061,0.202,Comp0068,DNS0002,17,45337,53,2,2,72,116
292228.8132875677,0.318,Web0004,DB0003,6,62536,5432,70,486,1140,51517
292233.31688200356,0.835,Comp0002,DC0001,6,28950,88,4,14,136,1840
292249.3877619867,34.207,Comp0018,DC0001,6,58536,445,33,53,3752,13750
292265.3824964295,0.161,Comp0030,DNS0002,17,19682,53,2,4,47,84
292266.0827907898,3.518,Web0006,DB0004,6,13929,3306,8,113,42628,2584
292271.78587956086,1.058,Comp0023,Proxy0001,6,1370,3128,3,57,1349,21348
292279.62845047517,5.265,Comp0052,Web0001,6,30139,443,6,16,2897,2285
292304.48574197805,0.135,Comp0042,DNS0001,17,64056,53,4,4,75,80
292308.2736340815,9.098,Comp0019,Web0001,6,31285,443,11,17,902,1569
292318.55355400406,3.216,Web0006,DB0001,6,54622,3306,10,5,2546,4186
292318.6671293393,0.816,Comp0025,DNS0002,17,49147,53,2,3,89,117
292321.7995133267,0.486,Comp0010,Comp0011,6,39331,3389,3,9,628,453
292340.0309316342,6.886,Comp0040,Proxy0001,6,38171,3128,5,34,732,43774
292343.8196304712,0.022,Comp0065,DNS0002,17,29790,53,3,4,105,110
292345.8290037939,2.42,Comp0076,DC0001,6,14708,445,10,333,399,25389
292348.817521732,0.488,Comp0011,DB0003,6,30101,22,7,8,1453,850
292360.5434985423,5.818,Comp0064,Web0001,6,39065,443,5,208,1845,2302
292362.9266033183,0.055,Comp0064,DNS0002,17,64679,53,2,2,65,140
292367.1091762424,0.203,Comp0075,DNS0001,17,27413,53,2,3,97,137
292371.0800428245,0.106,Comp0078,Comp0037,6,2654,3389,9,30,386,23
292372.6052132306,0.285,Comp0046,DNS0001,17,50429,53,2,3,125,93
292394.1078078132,4.661,Comp0068,Web0001,6,41809,443,22,21,1864,3170
292395.6311481089,5.949,Comp0039,FS0002,6,19472,445,5,117,1496,16561
292400.5134599537,1.52,Comp0017,Web0003,6,60412,443,6,14,1168,2169
292405.52859827084,3.669,Mail0002,DC0002,6,4741,389,7,4,212,1525
292409.8843758085,5.923,Comp0003,Web0006,6,58082,443,6,48,1560,12848
292411.8653010627,5.901,Comp0038,Web0005,6,8946,80,9,50,746,678
292424.00631818286,3.553,Comp0064,Web0005,6,58032,80,4,16,413,13959
292425.3522149682,11.892,Web0004,DB0002,6,33935,3306,79,48,278,42977
292434.1360627543,0.325,Comp0053,Mail0002,6,13200,993,9,8,1033,1530
292443.5394049219,0.056,Comp0078,Comp0051,6,46534,135,6,8,381,109
292449.72737332794,0.822,Comp0010,Web0006,6,59163,80,18,161,324,4168
292451.88126361393,0.064,Comp0035,DNS0002,17,59829,53,2,2,79,138
292457.26889442024,7.3,Comp0009,Web0001,6,54038,443,10,64,381,8258
292464.2000402425,0.458,Comp0062,DC0002,6,7999,88,13,6,158,373
292467.0770812247,4.358,Comp0060,Web0006,6,49836,443,10,25,73,4883
292480.98728597705,0.788,Comp0057,Web0001,6,5269,443,30,79,1280,20932
292484.7592438755,5.718,Comp0043,Mail0001,6,33613,587,7,7,391,913
292493.56616754434,4.922,Web0006,DB0003,6,18934,3306,8,93,540,69012
292497.17599133524,1.222,Comp0078,Comp0076,6,36679,22,9,7,433,30
292500.7733473597,0.031,Comp0068,DNS0002,17,18370,53,2,4,64,193
292512.5097166875,0.349,Comp0071,DC0001,6,16072,389,8,8,173,1245
292525.3779941521,2.502,Comp0078,Web0005,6,51728,80,9,26,600,129967
292536.6162820759,0.361,Comp0037,DNS0001,17,41887,53,2,2,57,144
292536.70115580194,1.311,Comp0078,FS0003,6,48871,135,3,3,952,16
292551.59473639756,2.809,Comp0056,Web0006,6,41484,443,14,9,3876,4826
292556.24390306056,3.555,Comp0074,Proxy0002,6,37203,3128,8,80,433,1841
292576.2769604626,0.094,Comp0061,DNS0001,17,30047,53,3,3,32,64
292579.1003892989,1.664,Comp0075,Proxy0001,6,46987,3128,11,22,638,8887
292604.76554458996,29.566,Comp0038,FS0001,6,13003,445,15,38,507,143366
292607.46146979404,1.79,Comp0018,Comp0011,6,15323,3389,12,9,650,129
292613.3531295941,0.726,Comp0056,Web0002,6,19577,80,9,84,1154,1757
292615.7988522675,1.959,Proxy0002,Ext0034,6,13577,443,8,53,1931,1221
292631.57527245197,0.539,Comp0021,DNS0001,17,41596,53,2,3,36,77
292633.2481990903,1.274,Comp0018,Proxy0002,6,24841,3128,14,101,110,1671
292635.8586037418,0.006,Comp0063,DNS0001,17,53765,53,2,2,62,200
292639.78729547793,1.329,Comp0028,Web0005,6,2792,443,8,48,628,7911
292641.8278744814,1.026,Comp0032,Proxy0001,6,42519,3128,7,139,1600,6440
292657.8518708517,0.023,Comp0059,DNS0002,17,19834,53,3,3,56,293
292667.3932549721,4.169,Comp0008,FS0003,6,65041,445,10,177,259,19463
292675.6065501694,0.522,Comp0031,Web0006,6,50276,443,5,25,566,4416
292705.9629319958,2.835,Comp0075,Proxy0002,6,28163,3128,27,117,463,12363
292731.5646490638,7.833,Comp0078,Comp0038,6,17917,445,85,44,29476,753
292731.729454987,0.073,Comp0010,DNS0001,17,4823,53,2,2,50,150
292733.02877781086,0.2,Comp0019,DNS0002,17,7858,53,3,3,129,230
292760.1242753206,0.063,Comp0056,DNS0002,17,23475,53,3,2,38,127
292779.75486427604,0.224,Comp0064,DNS0002,17,53213,53,2,2,131,236
292781.6028666245,3.355,Comp0052,DC0002,6,45903,88,6,5,467,699
292786.8501870303,0.17,Comp0052,DC0002,6,1775,88,3,10,633,753
292793.5609021978,0.202,Comp0010,DNS0002,17,13616,53,2,3,100,196
292801.70131299895,5.144,Comp0078,Comp0035,6,31910,445,80,61,1386,679
292814.2794072734,0.072,Comp0058,DNS0001,17,1835,53,2,3,67,315
292818.0286876295,9.031,Comp0059,DC0001,6,32336,389,6,4,2659,769
292822.21578458085,4.126,Comp0078,Comp0005,6,19088,3389,4,5,604,316
292823.2675439771,0.757,Comp0001,Proxy0002,6,12590,3128,13,51,734,43851
292834.481778821,3.813,Web0002,DB0002,6,27404,5432,7,107,611,51924
292841.09196851024,2.004,Comp0066,DC0002,6,51300,445,32,48,1992,216874
292847.5337826739,2.598,Comp0076,Web0001,6,31174,443,5,36,398,51977
292851.26071465196,1.143,Comp0058,DC0001,6,32052,88,6,5,262,436
292865.8316929202,0.144,Comp0004,Mail0001,6,46837,993,5,5,521,476
292879.35036674264,2.146,Comp0003,Web0006,6,33492,80,7,58,87,9097
292890.3726897014,0.398,Comp0046,DNS0001,17,29677,53,3,4,58,99
292891.21191148995,0.082,Comp0078,Comp0069,6,5990,139,11,30,9883,484
292908.46525703045,1.595,Comp0006,Proxy0002,6,48691,3128,9,20,2882,5003
292915.48706868984,0.409,Comp0074,DNS0002,17,42285,53,2,3,85,82
292929.92386044096,5.753,Comp0007,Web0005,6,9127,443,21,73,521,11185
292930.07890290016,2.461,Comp0011,DB0001,6,36864,3389,8,6,829,1910
292945.4259059555,0.015,Comp0040,DNS0001,17,46949,53,3,2,45,78
292951.6086232638,0.018,Comp0036,DNS0001,17,3600,53,2,2,38,217
292956.71740193694,3.823,Comp0054,FS0002,6,16161,445,75,50,2334,3202
292961.2920029603,0.026,Comp0036,DNS0002,17,60195,53,2,3,117,195
292964.47252133524,0.072,Comp0014,DNS0002,17,39131,53,2,2,70,212
292974.3441878321,2.842,Comp0029,Proxy0002,6,48188,3128,9,29,258,3322
292977.9551962359,1.72,Comp0012,Web0003,6,54020,443,4,25,580,8107
292980.19355083245,2.071,Comp0036,DC0002,6,4364,389,9,7,1200,129
292995.64838773344,0.415,Comp0040,Web0004,6,20520,443,8,56,1505,781
293003.06191692135,34.891,Comp0006,Web0001,6,5936,445,8,51,785,426
293003.35347525857,10.525,Comp0040,Proxy0002,6,42536,3128,8,208,2686,1306
293006.51434195595,7.739,Comp0042,Web0006,6,24991,80,4,41,322,3533
293007.1300988862,7.701,Comp0014,Proxy0001,6,24861,3128,18,21,109,15596
293014.6649831442,0.892,Comp0034,DC0002,6,22125,389,7,16,326,241
293017.2702815639,1.653,Comp0078,Comp0033,6,62323,445,38,83,1938,1385
293017.33566612354,2.274,Comp0070,Proxy0002,6,23532,3128,26,21,281,5586
293020.9819207486,7.483,Comp0070,FS0001,6,54205,445,15,57,2658,191374
293032.0039798228,5.237,Comp0056,DC0001,6,53720,445,21,70,2764,4160
293057.04881099134,17.692,Comp0038,DC0001,6,28338,445,11,437,2349,5644
293059.4154457939,0.312,Comp0047,DNS0001,17,29464,53,3,2,76,94
293062.30103970354,0.132,Comp0075,DNS0002,17,43065,53,2,2,70,237
293064.13976015855,36.974,Comp0027,FS0003,6,44791,445,11,135,766,5524
293067.69674435735,0.017,Comp0066,DNS0001,17,42116,53,2,3,68,330
293069.20138558926,20.568,Web0006,DB0004,6,3364,3306,124,152,5093,8668
293073.85871085885,4.469,Comp0077,DC0001,6,29140,88,7,6,147,699
293075.9401863892,5.584,Comp0073,Web0004,6,24585,443,8,13,593,1890
293079.26509694906,6.023,Comp0042,FS0003,6,55654,445,16,118,1073,6270
293082.9114692317,28.895,Comp0030,Web0005,6,42991,443,8,32,265,6067
293094.39027478715,26.631,Web0006,DB0001,6,33075,3306,13,324,2535,3558
293096.0592839958,12.029,Comp0032,Web0005,6,6472,443,41,283,507,78317
293101.7333691938,4.147,Comp0005,Web0002,6,60879,80,5,38,525,14241
293105.55891386775,0.016,DC0001,DNS0001,17,6895,53,3,2,39,122
293107.3227536963,2.725,Comp0031,Web0005,6,16247,443,12,17,133,11392
293110.96739177575,6.585,Comp0068,DC0001,6,34502,389,5,4,285,1243
293113.5990082222,0.047,Comp0078,DNS0001,17,46190,53,3,2,90,147
293133.7940931835,4.708,Comp0047,Web0001,6,50136,443,43,25,956,3980
293141.9137607852,0.046,Comp0018,Proxy0001,6,9686,3128,3,72,12899,8228
293151.29206818854,14.029,Comp0005,Web0005,6,32083,443,5,72,434,9249
293151.39398395375,4.997,Mail0002,Ext0018,6,33837,25,12,9,276,2725
293155.954083271,2.33,Comp0078,Web0005,6,21763,443,7,19,935,37662
293156.7123429605,0.089,Comp0062,DNS0001,17,54767,53,2,3,65,189
293161.50542648375,1.684,Comp0026,Proxy0002,6,12439,3128,6,70,1342,8453
293161.81666225335,0.57,Comp0011,FS0002,6,18959,445,52,85,453,19518
293177.3327777865,1.224,Comp0051,Mail0001,6,30587,993,6,4,305,613
293179.5513564119,12.763,Comp0001,FS0002,6,1590,445,47,57,2104,9343
293194.6985082761,2.2,Comp0011,Web0006,6,49968,443,5,28,172,2446
293211.7882879827,0.101,Comp0011,DNS0001,17,39919,53,2,3,58,85
293214.4457531569,4.616,Comp0039,Web0003,6,51822,443,2,13,1658,2715
293217.5526957855,0.031,Comp0011,DNS0001,17,6196,53,2,3,67,134
293218.9813946152,0.073,Comp0023,DNS0002,17,29904,53,2,2,83,142
293223.9682210674,8.112,Comp0024,Mail0001,6,12330,993,8,9,237,1258
293229.9465710235,0.107,Comp0027,Mail0002,6,32659,993,5,18,103,184
293243.35624349955,0.092,Web0001,DNS0001,17,22636,53,2,3,38,134
293253.114470839,5.438,Comp0066,DC0001,6,51830,88,4,12,236,551
293255.20381641533,0.322,Comp0011,Web0005,6,45562,80,43,56,1004,4764
293274.0386597378,1.504,Comp0080,Proxy0001,6,49002,3128,4,37,642,11826
293286.0152125374,1.889,Comp0011,Web0002,6,61054,80,17,17,519,4166
293296.0147316423,12.21,Web0001,DB0003,6,16697,3306,14,141,614,15797
293297.89704296103,0.011,Comp0049,DNS0002,17,11940,53,2,3,63,188
293307.4407232002,4.5,Comp0075,Web0003,6,62661,443,7,17,388,8883
293319.3691186835,0.524,Comp0034,Web0002,6,48700,443,4,21,111,1825
293332.1033132931,5.524,Comp0045,Web0003,6,61455,80,6,49,1843,16855
293334.64262344304,0.524,Proxy0001,Ext0014,6,50129,443,16,54,619,3431
293338.908545063,0.342,Comp0048,Web0001,6,47125,443,9,22,4495,13843
293371.703609318,0.203,Comp0057,DNS0002,17,48371,53,3,3,84,129
293379.37281020725,5.324,Comp0004,FS0003,6,39276,445,75,120,2469,297175
293382.6127709495,5.201,Comp0060,Web0001,6,4344,443,7,41,1115,14543
293383.3744919427,0.034,DB0003,DNS0002,17,46430,53,2,2,88,59
293385.5119067391,4.651,Comp0027,Mail0002,6,34349,587,4,10,461,227
293388.9846060031,0.107,Comp0055,DNS0002,17,37209,53,2,3,46,221
293420.6088789453,4.441,Comp0041,FS0003,6,35875,445,32,55,4794,22583
293422.35456577706,0.014,Comp0028,DNS0002,17,29775,53,2,3,38,170
293424.93117448856,3.156,Web0005,DB0001,6,60136,5432,20,113,930,27301
293429.0992123871,2.853,Comp0063,DC0002,6,30361,88,4,22,331,301
293439.4736375661,0.83,Comp0042,DC0002,6,59969,88,6,62,506,293
293444.98499391647,4.718,Comp0066,Web0003,6,2230,443,9,16,704,7143
293449.44877942686,0.816,Comp0049,FS0003,6,36157,445,10,216,5083,3107
293452.80713141506,0.048,Comp0014,DNS0002,17,64522,53,3,3,26,35
293468.72467513004,3.693,Comp0012,Proxy0002,6,12661,3128,4,41,129,243
293476.1800877097,3.758,Comp0078,DC0001,6,39048,88,3,8,339,2645
293485.7033477144,0.858,Comp0030,DC0001,6,18700,389,5,7,891,449
293486.8336932051,3.803,Comp0032,Mail0001,6,59642,587,5,3,859,1067
293490.6989305862,2.86,Comp0038,DC0001,6,20627,445,9,111,2471,11091
293492.21836063353,0.439,Comp0060,DNS0002,17,64063,53,2,2,45,116
293500.6080694365,0.55,Comp0039,DC0001,6,18647,389,11,11,212,503
293530.6166240804,4.942,Comp0069,Web0002,6,57145,443,13,79,1409,2705
293532.4740531355,0.198,Comp0025,DNS0001,17,1294,53,3,2,109,79
293545.9719014111,2.598,Comp0039,Web0005,6,39600,80,11,21,433,12821
293550.1217284218,4.521,Comp0052,Proxy0001,6,10880,3128,30,16,690,39445
293553.56994260143,3.64,Comp0008,Mail0002,6,63865,993,5,8,132,1265
293557.6060449282,0.595,Comp0075,DNS0002,17,44261,53,2,3,28,157
293565.12494134397,1.036,Proxy0002,Ext0030,6,63257,443,8,30,816,16718
293569.36842826335,4.825,Comp0018,Proxy0002,6,40278,3128,5,59,1962,3269
293598.71349644253,18.736,Comp0054,FS0003,6,47444,445,35,191,1762,77211
293604.3912598135,0.2,Comp0021,DNS0001,17,41329,53,3,3,44,195
293606.379327551,4.504,Comp0029,Web0006,6,46579,443,12,37,1631,3156
293627.93934239476,0.182,Comp0005,DNS0002,17,15790,53,3,3,85,168
293629.08640480874,1.474,Comp0079,Web0005,6,32535,443,10,25,375,51657
293629.16503549204,8.214,Comp0002,FS0002,6,49506,445,26,56,334,17476
293646.7492299892,5.602,Comp0028,Web0002,6,17615,80,7,18,220,5378
293650.47854465304,3.552,Comp0032,Web0005,6,34675,443,13,71,613,12252
293651.2947453977,1.297,Comp0043,DC0001,6,20752,88,2,13,536,1293
293663.1661220194,0.828,Proxy0002,Ext0002,6,44393,80,7,78,429,2685
293664.96636084805,5.713,Web0003,DB0002,6,32106,3306,9,181,9877,38735
293668.5502304447,0.201,Comp0066,Web0003,6,39570,443,8,99,1868,12327
293673.4859419962,0.184,Comp0051,DNS0002,17,26584,53,2,2,75,131
293683.95279949275,22.723,Comp0014,FS0002,6,57135,445,32,123,688,6429
293690.3549858897,0.022,Comp0044,DNS0002,17,63150,53,2,3,69,103
293698.4617409341,9.915,Comp0078,Comp0048,6,45332,445,27,131,524,778
293708.5848996106,0.821,Comp0074,Web0004,6,53528,443,12,160,191,35751
293714.0838482116,0.181,Comp0062,DNS0002,17,23288,53,2,2,82,88
293717.87508896994,8.049,Comp0002,FS0001,6,43536,445,20,104,663,2894
293720.6316240531,1.81,Comp0013,Web0006,6,17450,80,8,46,1071,10110
293732.4460932957,0.413,Comp0066,Proxy0001,6,61999,3128,4,21,2159,5855
293733.1846686674,1.357,Proxy0002,Ext0031,6,28854,80,8,70,262,55441
293747.04497804923,1.444,Comp0038,Web0006,6,1630,80,24,43,562,3692
293748.9886266779,0.631,Comp0048,Web0004,6,32717,443,6,57,178,6747
293750.5622111438,7.578,Comp0003,DC0002,6,23840,88,2,3,475,5340
293751.8682100134,0.009,Comp0015,DNS0002,17,19234,53,2,2,56,112
293761.3472261264,1.444,Comp0050,DC0001,6,27426,445,32,64,227,369325
293763.3931527655,0.744,Comp0024,Web0001,6,47627,443,5,71,599,10764
293763.59599041805,9.533,Web0006,DB0003,6,57079,3306,9,31,357,14919
293767.2913088229,2.757,Comp0072,Web0005,6,26832,443,15,51,946,31285
293770.39759695344,0.641,Comp0080,DNS0001,17,34866,53,3,2,31,151
293775.13231626636,1.312,Comp0079,Web0003,6,61215,443,14,69,116,5791
293777.6530636641,2.037,Comp0030,Proxy0001,6,57101,3128,5,11,780,5891
293786.15108781296,4.321,Comp0053,Web0006,6,52475,443,10,32,2252,637
293794.13271813444,0.022,Comp0016,DNS0002,17,5434,53,3,2,48,432
293796.7232031998,0.249,Comp0016,Web0003,6,34637,443,8,33,777,19363
293804.21511170606,0.224,Comp0031,DNS0001,17,27440,53,2,3,110,95
293807.7858374479,13.018,Comp0045,Web0003,6,47991,443,7,42,1459,2225
293812.49148868315,2.636,Comp0015,Mail0001,6,48470,993,3,5,265,314
293813.43966796424,2.026,Comp0005,Proxy0001,6,11832,3128,6,15,899,5572
293818.6191236682,0.239,Comp0071,DNS0001,17,47413,53,2,4,63,167
293821.3797281383,0.013,Comp0076,DNS0002,17,44849,53,2,3,59,167
293821.494509577,0.467,Comp0002,Proxy0001,6,28098,3128,8,7,279,4487
293838.51954219386,0.721,Comp0063,Mail0001,6,62005,587,7,38,1674,537
293851.33519606566,1.673,Proxy0001,Ext0033,6,45834,443,7,31,682,5266
293873.58920883934,7.979,Comp0044,Web0006,6,54333,443,7,40,661,4816
293876.6348230936,3.931,Comp0035,Proxy0001,6,16540,3128,3,21,546,441
293876.6887956519,0.479,Comp0049,DNS0001,17,40362,53,3,2,67,47
293881.1226945518,0.104,Comp0051,DNS0002,17,59924,53,2,2,136,48
293886.5695664901,0.018,Comp0053,DNS0002,17,32732,53,3,2,69,305
293888.75566211645,0.02,Comp0057,DNS0001,17,22356,53,3,2,82,70
293890.07280642085,1.113,Comp0057,DNS0001,17,38275,53,3,2,89,167
293895.75417009724,0.576,Comp0032,Web0005,6,23084,443,5,34,227,8309
293943.6315057854,0.104,Comp0037,DNS0002,17,21129,53,2,3,82,223
293947.2937584018,11.638,Comp0003,Web0004,6,47904,443,10,76,220,8579
293959.1960538786,0.035,Comp0012,DNS0001,17,35726,53,3,3,72,118
293966.63554228423,4.333,Comp0053,DC0002,6,22010,445,15,155,1389,6281
293978.4281389841,3.814,Web0006,DB0003,6,52556,3306,61,46,4520,13769
293985.1501401144,6.718,Comp0045,Web0002,6,22248,443,25,8,182,14304
293992.1947438528,7.233,Comp0027,Web0002,6,17106,443,13,40,2375,1695
293992.27069618343,0.304,Comp0077,DNS0001,17,28238,53,2,2,56,188
293996.0022806709,0.745,Comp0039,Mail0002,6,29581,993,9,10,746,235
294006.09162188583,0.671,Comp0029,Web0004,6,32722,443,4,21,1222,5460
294006.16773968306,1.779,Comp0065,Proxy0001,6,42776,3128,11,20,656,1685
294008.0799359453,6.697,Comp0029,Web0004,6,9342,443,10,26,427,2614
294017.6064619588,2.435,Comp0004,Proxy0002,6,36514,3128,5,50,1092,2938
294021.87141752546,0.035,Comp0044,DNS0001,17,11548,53,2,4,64,96
294022.036827912,0.121,Comp0033,DNS0001,17,8967,53,3,3,86,100
294026.30012983124,0.161,Comp0023,DNS0002,17,28353,53,2,2,95,198
294028.3570981604,9.193,Comp0009,DC0002,6,1661,445,14,218,2261,7896
294030.4219778984,1.28,Comp0056,Proxy0002,6,42225,3128,36,27,659,2640
294031.73341535084,0.033,Comp0077,DNS0001,17,5816,53,2,2,78,147
294032.39495879976,0.402,Comp0070,Web0001,6,29660,443,8,127,236,11058
294034.19697555806,0.106,Comp0014,DNS0001,17,33844,53,2,2,70,183
294041.16315137607,0.903,Comp0008,Mail0001,6,37553,993,5,9,134,711
294054.1980389408,0.064,Comp0068,DNS0002,17,19509,53,2,2,92,71
294060.2610369806,0.711,Comp0039,DNS0002,17,15687,53,3,2,110,321
294068.046805645,6.739,Comp0049,Web0003,6,34362,443,4,59,1227,31717
294070.69836220617,0.906,Comp0023,DC0002,6,20118,389,11,18,208,508
294077.5143736836,1.357,Comp0061,FS0003,6,12092,445,13,85,944,80589
294080.1551875926,5.001,Comp0024,Web0004,6,15507,80,14,47,947,6263
294084.2254283991,0.028,Comp0021,DNS0001,17,63391,53,2,3,73,337
294086.20302125387,0.265,Comp0071,DNS0002,17,60923,53,3,3,77,285
294088.54497293377,7.04,Comp0015,Web0003,6,9058,443,21,21,2386,5468
294105.28628598904,0.133,Comp0036,DNS0001,17,34626,53,2,3,41,281
294112.76425492496,5.085,Comp0006,Mail0001,6,2304,587,7,36,311,860
294120.76596846734,11.217,Comp0070,Web0002,6,26725,443,33,19,1014,1579
294134.16463336296,0.968,Comp0072,Web0002,6,56373,443,24,45,544,563
294139.9376597175,0.116,Comp0010,DNS0002,17,29315,53,2,3,48,230
294140.4424805136,0.732,Comp0039,Web0001,6,12101,443,6,20,3597,10798
294153.59709377645,0.915,Comp0065,DC0001,6,50399,88,8,6,234,1876
294159.1424134272,1.773,Comp0013,Web0003,6,40077,443,8,54,714,106268
294160.4309757269,6.775,Comp0021,DC0001,6,51616,389,14,9,823,172
294166.4258194833,5.196,Comp0018,Web0002,6,36313,80,11,14,243,2612
294188.18773543905,13.511,Comp0064,DC0002,6,4458,389,3,16,306,566
294191.7547693641,8.915,Comp0003,Web0002,6,8048,443,5,60,1490,3528
294201.861972129,5.289,Comp0043,Web0004,6,56764,443,10,34,469,15919
294211.0059316023,0.306,Comp0019,DNS0002,17,62978,53,2,2,90,137
294221.6851528884,3.738,Comp0058,DC0001,6,39902,389,4,13,160,912
294238.1332433283,3.894,Comp0069,Web0002,6,48878,443,9,16,492,2234
294259.40995497175,0.202,Comp0058,Web0005,6,23786,443,17,137,105,31743
294264.8490128772,0.011,Comp0066,DNS0001,17,61804,53,2,2,52,234
294265.18521026196,7.648,Comp0059,FS0001,6,52764,445,21,33,3882,41346
294267.9051256778,5.961,Comp0029,Proxy0001,6,7063,3128,6,48,404,9163
294275.64907555183,2.196,Comp0039,Mail0001,6,23213,993,9,3,679,681
294286.87806763046,0.213,Comp0011,DNS0001,17,37643,53,2,3,40,132
294296.01683123753,0.64,Comp0032,DC0001,6,41512,88,3,5,323,193
294302.8677250265,0.923,Comp0018,Web0001,6,21541,443,4,98,574,6568
294304.92555355007,0.082,Proxy0001,Ext0025,6,27476,443,4,35,1686,7289
294312.051480713,0.165,Comp0077,Proxy0001,6,35704,3128,11,225,909,22458
294320.27083012223,6.814,Comp0010,Mail0001,6,38011,993,5,7,591,477
294329.62886739033,16.668,Web0006,DB0003,6,1821,5432,14,95,1876,24824
294332.7145354686,0.093,Proxy0002,Ext0037,6,50205,80,8,66,1263,5915
294335.3004135529,7.354,Comp0075,DC0001,6,35494,445,9,130,387,54932
294343.6383240177,0.12,Comp0016,DNS0001,17,26651,53,3,3,115,58
294352.7344050427,0.903,Comp0009,DC0002,6,39913,389,12,11,309,1062
294355.7716478149,0.42,Comp0024,Web0004,6,13457,443,8,30,914,36541
294359.18944983534,0.068,Comp0064,DNS0002,17,5880,53,2,2,91,315
294369.267813685,8.219,Comp0056,Web0005,6,54349,443,10,149,119,1346
294381.09465316276,12.429,Comp0046,Web0001,6,32042,443,10,16,313,2336
294381.13100599253,2.733,Comp0012,DC0002,6,38296,389,8,7,597,2793
294393.5143077304,20.263,Comp0058,Proxy0002,6,15203,3128,9,37,495,5297
294393.6849056908,2.624,Comp0039,Proxy0001,6,39774,3128,8,42,522,1549
294395.82943336194,0.119,Comp0028,Proxy0002,6,51471,3128,9,95,1310,4997
294401.2782942926,30.781,Comp0056,Web0005,6,20951,80,6,8,834,15312
294413.01942801184,5.546,Comp0047,Web0006,6,64979,80,16,147,685,7303
294432.3320633214,0.989,Comp0023,Mail0001,6,7601,587,6,4,323,383
294443.6431959439,0.168,Comp0024,DNS0002,17,37576,53,3,4,62,123
294452.81030657806,0.641,Comp0058,DNS0001,17,20132,53,2,2,50,96
294466.50553134654,2.815,Comp0020,Web0005,6,48799,443,5,105,446,20408
294480.0597396284,0.75,Comp0011,Proxy0002,6,6279,3128,7,18,522,4627
294482.32013359363,0.021,Comp0007,DNS0002,17,28476,53,2,4,42,145
294484.4395735384,0.217,Comp0046,DNS0001,17,61959,53,2,3,103,104
294487.1835910574,0.211,Comp0006,Comp0016,6,47680,445,5,44,1661,448
294489.5362486177,4.807,Comp0035,Web0003,6,62509,443,8,24,929,10428
294496.7352580397,0.18,Comp0005,DNS0001,17,30816,53,2,2,57,151
294497.75084388105,0.096,Comp0004,DNS0002,17,64084,53,2,2,144,87
294498.40777789115,0.44,Proxy0002,DNS0001,17,27108,53,3,3,209,104
294502.54270259157,0.586,Comp0065,FS0002,6,52222,445,6,45,7887,13799
294517.9585685139,4.166,Comp0005,Proxy0001,6,26137,3128,5,38,1395,238182
294520.1762352683,4.226,Comp0027,DC0001,6,8308,88,9,7,83,1945
294538.43843901175,1.162,Comp0052,DC0002,6,25216,88,5,4,307,795
294547.73322504386,8.205,Comp0010,DC0001,6,47577,445,59,93,848,3610
294548.0894764983,0.033,Comp0047,DNS0002,17,32605,53,3,3,79,135
294563.55238682835,6.54,Comp0018,FS0003,6,6603,445,32,62,3768,7844
294564.0078957336,3.956,Comp0080,Proxy0002,6,37726,3128,4,14,858,5324
294582.53947867773,0.405,Comp0069,DNS0001,17,17874,53,2,3,66,150
294592.64174571686,0.108,Comp0064,Web0001,6,33916,80,27,49,477,5188
294597.9414298667,2.935,Comp0024,DC0002,6,5681,88,6,4,288,133
294598.2225711655,2.862,Comp0014,DC0001,6,59603,389,3,2,417,556
294602.18007753254,0.482,Comp0008,DNS0001,17,11444,53,2,2,87,184
294609.81676162063,30.516,Comp0022,DC0001,6,45777,445,7,43,4169,64301
294611.4751257286,0.235,Comp0006,DNS0002,17,45102,53,2,2,65,155
294611.65868149826,0.086,Web0001,DNS0002,17,33805,53,2,3,79,244
294612.15987906005,11.189,Comp0039,FS0001,6,5834,445,5,170,2290,43634
294613.37119075964,0.038,Web0005,DNS0001,17,55020,53,2,3,39,113
294614.14880570467,7.824,Comp0002,Proxy0002,6,46117,3128,5,33,418,7050
294619.5733733893,0.148,Comp0062,DNS0002,17,26969,53,2,3,110,208
294620.0932911808,0.388,Comp0062,DNS0001,17,62936,53,3,2,51,92
294625.8078845849,4.771,Comp0019,Mail0002,6,23090,993,3,6,944,1260
294626.1469078412,6.927,Comp0056,Proxy0002,6,45148,3128,12,37,2913,4851
294627.19855580636,0.382,Comp0074,Web0005,6,33456,443,13,52,290,12730
294628.0345362267,1.878,Comp0043,Mail0002,6,30548,587,6,6,432,1613
294629.95118201687,0.315,Comp0010,DNS0002,17,25143,53,2,3,35,157
294632.18612907117,0.369,Comp0060,Web0001,6,35346,443,4,72,2074,1532
294661.1638544483,3.045,Comp0042,Web0001,6,10623,80,5,34,788,8353
294664.8274064884,8.22,Comp0078,DC0002,6,46843,445,29,271,1864,6906
294669.59071454086,7.115,Comp0006,FS0002,6,4640,445,32,30,2481,13324
294673.13291402743,13.312,Comp0010,Web0002,6,18911,443,21,39,258,2363
294683.8874582848,1.308,Comp0019,Web0003,6,16670,443,4,12,492,4493
294687.5872561607,0.642,Comp0072,DC0002,6,65153,445,40,100,1110,12613
294691.9802112822,4.014,Comp0066,Proxy0002,6,8511,3128,10,25,605,30785
294693.5393892301,1.112,Comp0065,Proxy0002,6,8965,3128,3,19,600,16377
294696.10738956014,2.504,Comp0061,DC0001,6,54142,88,4,14,443,1930
294707.6710683804,1.384,Comp0006,Comp0028,6,26089,3389,2,15,863,120
294709.28838922054,4.359,Comp0033,Proxy0002,6,58326,3128,5,14,435,7954
294712.6424352856,15.699,Web0004,DB0003,6,18307,5432,21,154,2580,10867
294715.9533117354,34.639,Comp0031,FS0002,6,4276,445,11,102,12013,33266
294718.4210476707,3.91,Comp0003,Web0003,6,37715,443,16,72,885,79234
294720.83199875045,0.266,Comp0016,DNS0002,17,5945,53,2,3,69,90
294722.06216938177,3.359,Comp0045,Web0004,6,11375,443,11,41,393,15987
294724.9987978826,3.473,Comp0002,FS0003,6,21169,445,8,140,975,2898
294736.5668012413,5.159,Comp0075,Web0003,6,5180,443,8,13,685,6488
294750.8499809224,4.485,Comp0020,Web0002,6,24471,443,9,102,1265,11701
294754.94210660725,1.328,Comp0041,Mail0001,6,53372,993,2,6,214,127
294760.832675507,8.121,Comp0040,DC0001,6,56710,88,3,10,335,628
294767.1735370407,8.937,Comp0070,Web0005,6,37280,80,11,42,1594,11358
294770.890944808,1.657,Comp0012,DC0001,6,54193,389,6,5,317,497
294775.0939460289,0.229,Comp0062,DNS0002,17,27318,53,2,3,63,177
294779.2493963536,10.039,Comp0043,DC0001,6,64991,445,48,29,5731,179494
294783.76236691565,0.05,Comp0051,DNS0001,17,60178,53,2,3,27,158
294784.083283798,2.966,Comp0072,DC0002,6,12224,445,16,105,345,14064
294785.3173523263,0.08,Web0005,DB0003,6,56650,3306,67,191,1292,7332
294791.027072879,14.476,Comp0015,Web0002,6,16911,443,2,83,438,13903
294794.12878489046,5.958,Comp0075,Web0005,6,49655,443,18,31,3205,17656
294794.76883739204,0.567,Comp0004,Web0002,6,33157,443,4,35,469,14935
294795.02236437297,5.841,Proxy0002,Ext0039,6,3700,80,8,27,864,12658
294797.04379134823,0.031,Comp0076,DNS0001,17,33416,53,2,2,50,114
294798.5562342241,0.31,Comp0006,DNS0002,17,48706,53,2,4,59,227
294802.4059652425,4.323,Comp0026,Web0005,6,6929,80,13,8,1088,13329
294812.27780698554,0.535,Comp0078,Comp0034,6,41357,22,6,15,2046,9
294842.74804012064,0.036,Comp0068,DNS0002,17,63826,53,2,2,62,133
294847.6392242919,0.033,Comp0026,DNS0001,17,23655,53,3,4,125,423
294852.3191864611,0.147,Comp0034,DNS0002,17,15901,53,2,2,35,68
294861.28245857597,0.15,Comp0002,DNS0001,17,10597,53,2,2,76,152
294861.8656974967,2.894,Comp0037,Proxy0001,6,36354,3128,7,73,823,12688
294871.8615135636,9.364,Comp0001,Web0003,6,59336,443,8,65,918,84405
294880.02019195876,0.393,Comp0039,Web0004,6,23761,443,5,66,1833,9800
294884.08094140625,0.591,Comp0057,Proxy0002,6,24806,3128,5,107,614,6276
294890.00937303633,21.043,Comp0016,FS0003,6,26195,445,129,250,3888,4195
294898.27610337496,22.545,Comp0062,FS0002,6,27904,445,36,301,2260,4694
294900.5929600006,0.056,Comp0073,DNS0001,17,58614,53,2,2,64,411
294906.52814647043,0.464,Comp0022,DNS0001,17,30367,53,2,2,66,91
294911.7515430731,1.301,Comp0007,Web0006,6,13946,443,8,104,412,7761
294913.836027347,4.373,Comp0028,Proxy0001,6,7957,3128,18,13,632,17107
294914.36817023734,11.067,Comp0060,FS0003,6,14208,445,27,252,1870,112095
294916.3298896161,0.473,Comp0002,DNS0002,17,31553,53,2,2,44,471
294920.9050937997,12.327,Comp0053,DC0002,6,28367,88,6,13,335,910
294927.2861006741,1.634,Comp0068,Web0006,6,29499,443,12,151,505,42718
294927.84014109924,8.77,Comp0028,FS0002,6,34271,445,45,35,3800,4086
294928.844419802,0.021,Comp0004,Web0005,6,55551,80,10,15,167,11524
294929.5502819614,11.284,Comp0017,Proxy0001,6,6753,3128,24,53,2514,5131
294942.67732895666,11.57,Comp0013,Web0005,6,21848,443,5,35,429,2157
294946.8984860644,0.102,DC0001,DNS0001,17,64521,53,3,2,101,271
294949.75990859384,0.048,Comp0044,DNS0002,17,34703,53,2,2,100,259
294952.7717978566,0.009,Comp0007,Proxy0002,6,54785,3128,46,63,549,16247
294955.2057176004,5.846,Comp0008,Proxy0002,6,34143,3128,6,31,137,29560
294959.34773571417,14.671,Comp0063,Proxy0001,6,22033,3128,16,57,718,2415
294962.24077583506,11.996,Comp0032,DC0002,6,17530,445,10,49,916,18927
294962.8810619672,2.427,Comp0062,Web0005,6,29549,443,5,51,94,5997
294967.4594510778,1.977,Proxy0002,Ext0034,6,13240,443,8,48,230,2599
294969.0143001002,5.974,Comp0031,FS0001,6,43594,445,8,29,6715,31832
294971.95337953675,0.5,Comp0059,DNS0002,17,29118,53,3,3,98,145
294972.9959481885,2.357,Comp0004,Web0006,6,64225,443,10,26,3096,1444
294981.80228554463,2.032,Comp0073,DC0001,6,26732,389,5,13,293,567
294983.06730966264,22.51,Comp0031,Web0004,6,6827,443,11,25,1997,44546
294984.20475136256,13.33,Comp0014,Web0005,6,27461,80,4,18,647,7929
294985.13732484274,2.725,Comp0056,Proxy0002,6,43242,3128,7,68,270,16885
295014.0010838537,8.0,Comp0001,Proxy0002,6,4640,3128,8,12,159,5385
295015.48894744273,5.286,Comp0078,Comp0044,6,6016,445,9,91,765,160
295032.34894350043,2.625,Mail0002,Ext0023,6,48727,25,14,12,3412,230
295034.84970576,18.401,Comp0068,Web0001,6,62297,443,8,58,662,27691
295036.02657872497,2.033,Comp0015,Web0001,6,16405,443,9,12,346,36294
295045.3412234846,0.76,Comp0009,Mail0002,6,55429,993,5,7,468,1753
295046.04429303814,14.563,Comp0005,Proxy0002,6,31970,3128,18,205,516,3352
295046.8395602867,3.56,Comp0038,DC0002,6,9718,445,27,300,557,60122
295049.1595174239,0.055,Comp0052,Proxy0002,6,45630,3128,11,17,964,7399
295050.34315457783,8.749,Proxy0001,Ext0034,6,20070,443,10,8,411,27181
295052.08311920264,0.476,Comp0037,DNS0001,17,52684,53,3,2,48,176
295058.8245398231,0.0,Comp0075,Proxy0001,6,63302,3128,8,15,1291,62086
295067.8747191153,9.835,Comp0047,DC0001,6,32307,88,4,14,1441,357
295074.1508643976,0.028,Comp0031,DNS0001,17,25542,53,2,4,46,87
295074.2097550189,50.613,Comp0027,DC0002,6,5999,445,12,75,1764,14975
295075.72950448294,12.926,Comp0048,Web0002,6,13285,443,3,182,222,4045
295076.93308243074,0.008,Comp0068,Web0002,6,55931,80,6,15,1487,1894
295085.1128050417,3.266,Comp0021,DC0002,6,40505,88,7,5,1731,509
295086.77849714877,0.052,Comp0029,DNS0002,17,57611,53,2,3,72,307
295095.6688274373,5.259,Comp0062,Web0001,6,18911,80,7,197,369,11371
295096.77981555514,1.908,Comp0054,DC0001,6,6148,88,5,10,1664,598
295103.34846447856,0.071,Comp0008,DNS0001,17,36425,53,3,3,53,122
295112.4448351835,2.839,Proxy0002,Ext0035,6,31431,443,21,46,3327,29974
295125.67106023955,0.152,Comp0075,DNS0001,17,14560,53,2,3,77,167
295145.58016435395,0.361,Comp0078,Web0003,6,48127,443,11,56,944,59336
295153.5123084279,6.62,Comp0005,Mail0002,6,55017,993,4,3,310,471
295155.3812036035,10.514,Comp0004,Proxy0002,6,49715,3128,13,31,1873,5374
295157.40725300385,1.101,Comp0037,Web0001,6,51520,443,5,19,701,31542
295157.8042331697,3.497,Comp0050,Proxy0002,6,48671,3128,9,68,435,9782
295162.02693085064,3.604,Comp0018,Proxy0001,6,61057,3128,7,39,157,16661
295163.12077805994,8.226,Comp0051,Web0001,6,17320,443,13,17,2459,5827
295179.93768157274,11.631,Comp0029,Web0005,6,9340,443,11,160,435,2084
295181.7476538357,0.978,Comp0078,DC0001,6,14818,88,5,7,345,2113
295182.56216707965,0.24,Comp0050,DNS0001,17,32846,53,3,3,69,260
295187.1945905745,2.98,Comp0036,Web0002,6,22155,443,13,16,277,2707
295191.6928226533,13.251,Comp0006,Comp0037,6,26613,445,9,140,553,465
295198.24250273063,0.549,Comp0052,DNS0002,17,56740,53,2,3,64,232
295199.6183013716,0.191,Comp0010,DNS0001,17,60067,53,3,3,103,195
295201.1931040065,3.447,Comp0059,Web0002,6,26009,443,21,68,9932,4569
295209.8530910393,0.172,Comp0076,DNS0002,17,22678,53,2,2,57,255
295216.21069424954,4.136,Comp0080,Web0006,6,23400,80,9,27,364,7072
295235.43724502536,0.167,Comp0043,DC0002,6,59640,389,16,7,542,311
295239.8868392859,0.384,Comp0013,Web0001,6,56340,443,22,56,144,8346
295241.854056041,1.141,Comp0007,Web0003,6,45607,443,7,125,2434,1013
295246.01845655486,1.158,Comp0001,Proxy0001,6,16145,3128,4,18,195,2932
295248.6599283082,0.481,Comp0048,DNS0001,17,2317,53,2,2,103,67
295253.0368934636,0.112,Comp0013,DNS0001,17,39799,53,3,3,69,165
295269.78006064444,0.238,Comp0046,Web0001,6,40316,443,8,54,731,7364
295295.5851497292,5.125,Comp0028,Web0002,6,22726,443,17,16,647,585
295297.6342000041,4.183,Comp0050,FS0002,6,29167,445,19,154,666,6339
295298.7102125256,0.738,Comp0042,Proxy0002,6,26237,3128,4,58,374,37970
295299.16049544775,4.943,Comp0036,DC0002,6,18598,88,4,5,627,232
295300.3703358317,1.448,Comp0079,DC0002,6,31790,389,6,14,173,3335
295303.6061141526,4.943,Comp0021,FS0003,6,64055,445,18,126,4070,3754
295304.56345600355,1.942,Comp0045,Web0002,6,13953,443,35,31,2711,37800
295306.4563866784,1.391,Comp0047,Proxy0001,6,33247,3128,11,105,1030,8299
295310.8850932913,0.914,Comp0012,Web0004,6,48768,80,5,55,827,900
295317.19549987104,7.818,Proxy0001,Ext0024,6,16473,80,7,76,40,9577
295327.26131425065,23.948,Comp0076,DC0001,6,11184,445,8,46,3256,8513
295329.7714919541,0.533,Comp0014,Web0002,6,23106,443,13,137,721,36729
295339.0342991939,0.249,Comp0047,DNS0002,17,32179,53,2,3,64,126
295343.8189899347,25.234,Comp0078,Comp0068,6,42788,139,8,145,530,6905
295347.0235037956,10.769,Comp0006,FS0003,6,38612,445,29,57,2211,14706
295351.23669397505,0.549,Comp0069,DNS0001,17,61967,53,2,2,114,175
295354.5913037615,4.826,Comp0056,Proxy0002,6,7163,3128,7,186,512,2419
295363.3522377664,10.067,Comp0011,DC0001,6,7623,445,158,34,3111,12372
295366.22733113787,0.086,Comp0036,DNS0002,17,22960,53,2,2,157,80
295380.5307885886,0.855,Comp0031,FS0001,6,47691,445,48,77,560,21028
295382.81692596467,6.088,Comp0070,Web0001,6,36321,443,2,39,2634,7818
295395.4568065064,0.077,Comp0041,DNS0001,17,20528,53,3,3,56,169
295395.4738645208,0.06,Comp0027,Mail0002,6,26209,993,4,3,1028,2239
295404.22870389716,1.856,Comp0034,Web0006,6,46138,443,17,68,640,4873
295414.51067273505,0.033,Comp0021,DNS0001,17,56772,53,2,2,125,121
295416.0569265981,15.924,Web0006,DB0004,6,9052,3306,31,266,2543,3520
295416.2733893643,1.026,Comp0015,Web0006,6,16821,443,8,13,1095,1980
295416.94292252953,1.62,Comp0020,Web0003,6,44417,443,5,58,1133,3570
295425.71222203714,0.324,Comp0076,Web0001,6,25608,443,8,26,256,1429
295432.42236747243,8.322,Comp0032,Proxy0002,6,20683,3128,2,47,329,5631
295436.78387052123,0.831,Comp0061,Web0006,6,41991,443,9,291,111,10843
295441.2249964074,5.534,Comp0059,Web0005,6,19951,80,20,36,326,1313
295444.1351690717,0.106,Comp0044,DNS0001,17,4251,53,3,3,82,84
295454.34011816734,0.245,Comp0037,DNS0001,17,42755,53,2,2,42,288
295467.5214666662,1.763,Comp0070,DC0001,6,19703,389,7,6,762,334
295481.7579355807,0.379,Comp0013,DNS0002,17,23860,53,2,2,102,93
295486.34791148774,1.465,Comp0004,DC0002,6,42556,445,7,49,1695,1033
295490.54780288175,3.804,Comp0058,FS0001,6,37950,445,10,209,1798,11547
295492.1458719668,5.558,Comp0010,DC0001,6,34736,389,7,2,76,540
295493.55823935935,4.976,Comp0043,Web0004,6,13395,443,3,34,122,6737
295504.15780110436,2.698,Comp0019,Web0005,6,6814,443,8,35,146,4569
295506.273678584,2.059,Comp0052,DC0001,6,60644,389,3,12,102,790
295511.9949204134,1.147,Comp0052,Web0001,6,28159,443,10,18,2637,9229
295524.3011290652,11.925,Web0005,DB0003,6,53166,5432,14,79,2178,4587
295531.24641243264,0.823,Comp0063,Web0002,6,14815,443,6,26,2335,2975
295534.5492169775,2.608,Comp0061,Proxy0002,6,59156,3128,5,84,4522,3368
295543.33141381224,0.009,DC0002,DNS0001,17,27890,53,2,2,170,75
295544.5794727694,0.631,Comp0024,DC0002,6,15078,389,5,4,749,2098
295552.2657822881,13.071,Comp0075,FS0003,6,14304,445,66,35,985,7418
295566.1020548226,0.633,Comp0048,DNS0001,17,27151,53,2,2,61,107
295584.80647843867,0.131,Comp0079,DNS0001,17,17061,53,2,3,86,99
295589.68634562055,0.848,Comp0006,Web0003,6,13183,135,3,4,336,51
295596.1218024116,0.076,Comp0038,DNS0002,17,57797,53,3,2,45,127
295600.7091155456,6.821,Comp0053,Mail0002,6,35741,993,3,8,1412,760
295609.70728250506,0.121,Comp0006,DNS0002,17,42301,53,2,2,53,141
295615.77154126304,0.353,Comp0022,DC0002,6,10141,389,4,14,741,714
295626.84716433345,2.707,Comp0078,Comp0006,6,9992,139,37,37,1411,527
295627.0031703742,17.165,Comp0076,Web0003,6,27891,443,3,30,1162,11013
295636.51617557544,1.314,Comp0009,Web0003,6,13484,443,24,42,1017,2163
295636.9323214276,9.385,Comp0064,DC0001,6,17435,445,7,87,5339,66009
295639.975756813,0.101,Comp0004,Web0001,6,56165,80,4,161,606,4901
295642.7500877612,2.528,Comp0002,Comp0011,6,37606,3389,11,5,605,124
295642.9860826042,0.253,Comp0073,DNS0001,17,28840,53,2,3,48,96
295648.1068510477,0.002,Comp0071,DNS0002,17,28274,53,2,2,117,112
295648.33087899943,9.722,Comp0046,Web0002,6,5379,443,5,22,813,1477
295653.4745775444,5.285,Comp0019,DC0001,6,9731,88,5,5,2801,238
295661.8651677083,2.528,Comp0028,Mail0001,6,31796,587,5,4,147,854
295662.2948714377,9.339,Comp0026,Proxy0001,6,39067,3128,19,87,138,36704
295668.10662925843,0.238,Comp0015,DNS0002,17,7788,53,3,3,97,78
295668.6267729751,1.625,Comp0035,Web0006,6,4457,80,21,26,450,52677
295670.5721932763,4.523,Comp0066,Web0004,6,41652,443,6,20,506,1734
295681.9996149381,1.147,Comp0009,Proxy0002,6,31214,3128,42,13,852,1550
295685.31523934135,0.06,Comp0074,DNS0001,17,33324,53,3,3,67,181
295696.2530591447,1.195,Comp0007,DNS0001,17,19157,53,2,2,85,94
295704.4035005948,6.592,Comp0066,FS0001,6,25956,445,14,25,2604,11113
295706.39071249403,3.522,Comp0027,Web0001,6,10142,443,18,22,623,16665
295722.87047035806,0.189,Comp0071,Web0006,6,2005,443,7,57,456,13876
295734.77751757414,1.793,Comp0053,DC0001,6,65172,389,13,3,249,921
295739.2226893114,0.365,Comp0078,Comp0004,6,16528,3389,3,9,309,56
295750.3960769983,3.869,Comp0067,DC0001,6,55629,389,6,10,112,4071
295751.5373577613,0.59,Comp0025,Proxy0001,6,17129,3128,5,26,1169,8824
295751.6530273757,0.255,Comp0022,DNS0002,17,56630,53,2,2,79,112
295757.8759792925,0.329,Comp0075,DNS0002,17,26742,53,2,2,52,192
295761.0051545231,4.776,Comp0018,Mail0001,6,27821,993,5,12,1311,2744
295767.36181603925,3.034,Comp0055,Web0004,6,20520,443,11,59,2297,13594
295772.70594991284,2.577,Comp0042,Mail0002,6,41222,993,3,13,510,1306
295773.09539338213,0.025,Comp0052,DNS0002,17,13892,53,2,2,124,136
295783.8194809594,6.735,Comp0015,Web0005,6,46066,443,11,55,1273,1433
295788.47142130113,0.07,Comp0032,DNS0002,17,15794,53,3,2,54,136
295792.7415872401,1.741,DB0002,DC0002,6,3848,389,7,25,1350,558
295797.4210584456,0.17,Comp0044,DNS0002,17,34536,53,2,3,99,95
295798.9388821682,4.949,Comp0054,Web0004,6,54809,443,7,32,659,12979
295801.5389972059,0.088,Comp0051,DC0001,6,26861,389,3,4,1012,444
295806.7310735729,0.695,Comp0063,DNS0001,17,15185,53,4,2,68,238
295809.3567481803,1.061,Comp0068,Proxy0001,6,54524,3128,14,39,933,2912
295817.1109446268,4.46,Comp0002,Web0001,6,18853,80,3,30,432,24122
295820.70004337595,0.103,Comp0043,DNS0001,17,29694,53,2,2,79,53
295823.88441335346,0.23,Comp0032,DNS0001,17,50881,53,2,2,86,160
295833.82753001264,3.198,Comp0030,Mail0001,6,36527,993,4,4,78,1049
295835.2863855663,0.067,Comp0004,DNS0001,17,6767,53,3,2,81,110
295844.73132223374,0.446,Comp0067,Mail0002,6,38804,993,8,8,601,1204
295855.96515376563,0.395,Comp0045,DNS0001,17,51700,53,3,3,66,145
295862.83541209635,0.263,Comp0003,DNS0001,17,7803,53,2,3,53,140
295871.40980171144,5.09,Comp0030,FS0001,6,3965,445,15,57,5543,10474
295873.81102619035,4.036,Comp0078,Mail0001,6,35513,993,9,12,426,692
295879.1741937519,1.222,Comp0078,Web0003,6,14318,443,25,41,770,1405
295889.9237068119,3.545,Comp0054,Proxy0001,6,36925,3128,18,21,379,28176
295891.52402239456,0.177,Comp0039,DNS0002,17,1926,53,2,2,43,56
295892.59411430545,21.272,Comp0005,FS0001,6,64422,445,15,15,1251,4637
295893.0130994784,2.557,Comp0080,Proxy0002,6,11284,3128,6,17,710,1812
295901.9344005654,1.401,Comp0046,Web0002,6,17965,443,19,20,1966,10197
295908.4355313889,0.076,Comp0069,DNS0001,17,38320,53,2,3,122,286
295916.8756904673,1.66,Comp0043,Mail0001,6,6381,993,4,4,261,1476
295923.7368167902,0.265,Comp0061,DNS0001,17,11616,53,2,2,38,104
295942.5253603418,13.79,Comp0007,Proxy0001,6,19514,3128,6,25,473,3312
295946.7438479363,0.103,Comp0031,DC0001,6,62665,88,5,8,555,1486
295947.3256351683,0.518,Comp0073,Proxy0002,6,30970,3128,5,100,239,1759
295956.3544910661,6.068,Comp0022,DC0002,6,44333,445,6,945,1337,11398
295965.5114133536,5.189,Comp0045,FS0001,6,18997,445,50,123,89,20193
295966.8830399001,9.678,Comp0032,Mail0002,6,5150,993,9,20,531,713
295969.11148034595,0.805,Comp0016,Web0003,6,8483,80,8,100,988,3122
295970.7258622759,0.064,Comp0063,DNS0002,17,5250,53,2,2,50,65
295972.2324644293,0.066,Comp0041,DC0001,6,13179,88,9,8,328,121
295972.4750982479,0.497,Comp0007,DNS0001,17,25491,53,3,2,95,157
295981.07355193805,1.84,Comp0051,Proxy0001,6,17541,3128,9,33,451,19515
295988.82614230114,10.017,Comp0035,Web0006,6,37531,443,8,37,553,16245
296006.8435647334,7.781,Comp0024,Web0003,6,33063,443,5,9,2302,10171
296010.162816684,0.003,Comp0031,DNS0002,17,12758,53,3,2,42,133
296014.2183532219,10.016,Comp0077,Web0005,6,53220,443,9,22,138,317
296014.9773937997,0.005,Comp0020,DNS0002,17,26353,53,2,3,44,187
296016.16335295694,10.194,Web0006,DB0004,6,62222,3306,15,105,2974,9429
296017.30850972247,35.379,Web0004,DB0003,6,16976,3306,30,38,990,27807
296023.373776819,4.273,Web0003,DB0001,6,27063,3306,37,32,1155,64015
296025.5386031867,10.974,Proxy0001,Ext0036,6,29065,443,10,23,112,27778
296066.9388384993,2.234,Web0002,DB0003,6,11385,3306,49,303,4604,3665
296067.76360298437,4.089,Comp0056,Web0006,6,29900,443,7,11,1583,14449
296068.8216229543,0.341,Comp0078,Mail0002,6,36046,993,8,8,171,1023
296074.2787899796,2.943,Comp0058,Web0005,6,48496,443,12,51,1736,12466
296074.34309163335,7.291,Comp0024,Web0006,6,40841,80,14,26,193,8438
296075.5340117001,0.374,Comp0072,Web0006,6,6934,443,13,28,427,15426
296082.070224682,0.389,Comp0023,DNS0001,17,56138,53,2,2,46,56
296082.32434311684,0.253,Comp0055,DC0001,6,46997,88,5,4,347,828
296090.2176596645,1.926,Comp0066,Web0003,6,27007,80,14,24,422,7714
296095.3552876783,4.129,Comp0051,Proxy0001,6,42131,3128,6,9,805,4429
296097.8130293119,0.128,Comp0057,DNS0001,17,23817,53,2,2,57,133
296102.46350762853,7.175,Comp0060,Proxy0002,6,43394,3128,3,60,4881,15430
296107.80169679597,1.191,Comp0066,Proxy0001,6,39801,3128,46,21,1457,1394
296110.85858379764,9.745,Comp0047,FS0002,6,48881,445,11,98,8963,49450
296115.5460406895,6.114,Comp0039,Web0003,6,49152,443,6,44,1451,2629
296116.7189545174,0.437,Comp0013,DNS0001,17,48324,53,2,3,34,209
296119.7684530384,4.744,Comp0053,Web0005,6,13890,80,5,39,224,3370
296123.72676548496,0.854,Comp0033,DC0001,6,16758,389,3,13,328,1917
296129.5090805729,0.008,Comp0065,DNS0002,17,15391,53,3,3,85,104
296132.73048286355,3.291,Comp0047,Proxy0001,6,26716,3128,5,102,841,11570
296139.40050976345,0.535,Comp0078,Comp0052,6,53672,135,6,17,127,95
296149.0734812856,20.028,Comp0073,DC0001,6,56377,445,19,869,3408,54650
296151.45545443695,0.657,Comp0064,Web0002,6,30938,443,3,20,787,17314
296154.8481810811,0.152,Comp0041,DNS0002,17,29756,53,2,4,95,124
296170.864769296,0.007,Comp0019,DNS0002,17,18089,53,2,2,66,370
296172.1270942158,0.384,Comp0079,DNS0001,17,62903,53,2,2,93,164
296174.4732070684,0.585,Comp0034,DC0001,6,6803,445,15,114,3488,758311
296176.4305927902,0.055,Comp0075,Web0001,6,20449,443,3,76,1967,4782
296185.5406492842,0.2,Comp0050,DNS0001,17,56739,53,3,3,107,83
296197.3387359853,0.045,Comp0029,DNS0001,17,14495,53,3,2,41,196
296209.57723491354,1.389,Comp0019,Mail0002,6,45926,993,4,5,1331,554
296210.04764227173,0.166,Comp0015,DNS0002,17,2310,53,2,3,95,76
296211.3752533542,2.699,Comp0006,Comp0046,6,60972,135,2,8,271,37
296217.4879719673,0.107,Comp0021,DNS0002,17,8832,53,2,2,59,215
296220.30449854146,2.532,Comp0026,DC0001,6,19158,88,8,4,1403,9478
296225.66185951047,22.946,Comp0042,FS0002,6,32928,445,23,139,8956,2560
296227.43437500205,0.908,Comp0025,Proxy0002,6,64152,3128,8,15,893,4085
296230.2484636402,16.844,Comp0028,Web0003,6,46858,443,11,40,476,1485
296242.0827252393,6.969,Comp0043,FS0002,6,59250,445,47,39,15164,37694
296258.13502376765,1.71,Comp0014,Web0006,6,50148,443,19,112,225,2434
296263.4801616388,1.885,Comp0039,Web0005,6,9364,443,4,13,1239,3369
296266.6630477578,1.689,Comp0006,Web0001,6,12793,443,14,94,112,5788
296267.6696821166,0.065,Comp0017,DNS0002,17,8734,53,2,2,57,131
296281.7934526871,0.238,Comp0024,DNS0002,17,18486,53,3,3,45,42
296282.6378950204,3.182,Comp0040,DC0002,6,33327,445,24,32,6245,10412
296288.3162585718,0.17,Comp0047,DNS0001,17,63815,53,2,2,61,250
296289.48462820484,5.918,Comp0028,Mail0002,6,31137,993,6,4,399,389
296290.42481713596,0.748,Comp0069,Proxy0002,6,60390,3128,3,40,268,6563
296292.412833658,0.781,Comp0004,DNS0002,17,61887,53,3,3,52,102
296303.2122649848,1.291,Web0003,DB0003,6,22422,3306,24,62,625,4779
296344.4129312571,3.851,Comp0028,Web0006,6,61079,443,38,11,563,1301
296347.9534755042,0.741,Comp0028,Web0004,6,43892,443,23,25,2381,31553
296355.4040479094,9.052,Comp0007,FS0003,6,36882,445,19,116,1066,5176
296356.17422525375,0.404,Comp0030,DNS0002,17,14515,53,3,3,71,133
296359.22228842747,0.072,Comp0044,DC0001,6,21875,88,7,7,537,279
296373.16633393837,4.646,Comp0075,Mail0002,6,63649,993,5,5,176,365
296383.7604530596,1.715,Comp0031,DC0001,6,7894,88,6,5,298,1072
296388.04258667846,1.079,Comp0049,Web0002,6,12060,443,7,72,108,1392
296395.86723305774,12.683,Comp0015,FS0002,6,36879,445,19,117,1141,3987
296397.2550658358,0.015,Comp0019,DNS0002,17,18994,53,3,3,161,154
296404.5242159564,0.334,Comp0041,DNS0001,17,48351,53,3,5,52,181
296406.3625902986,1.292,Comp0027,FS0002,6,11213,445,23,102,2019,6804
296408.09816109616,2.929,Comp0022,DC0001,6,14211,88,4,6,1265,147
296413.0404726655,2.333,Comp0062,Proxy0002,6,61514,3128,6,93,2139,6965
296416.8920331401,0.266,Comp0026,Web0001,6,60712,443,5,22,625,8122
296420.0165639924,6.628,Proxy0001,Ext0003,6,48049,443,6,76,953,11218
296420.78963342647,1.752,Comp0019,Web0005,6,37095,443,6,20,1147,30103
296426.4651093059,2.66,Comp0078,Web0001,6,50507,80,16,16,1570,8323
296430.2691196156,4.571,Mail0001,Ext0030,6,32942,25,4,6,214,769
296440.22911729733,1.325,Comp0032,Web0004,6,60815,443,14,38,1447,11036
296441.5065985241,0.081,Comp0035,DNS0001,17,1325,53,2,3,61,139
296441.79291602765,0.089,Comp0051,DNS0001,17,14242,53,2,2,47,236
296466.5049647771,3.43,Comp0077,DC0001,6,49482,88,5,3,479,69
296470.6412305556,1.501,Comp0042,Proxy0001,6,8179,3128,21,27,2104,1957
296497.1117138846,1.944,Comp0043,Web0003,6,48926,443,6,18,2436,47496
296502.3149207105,1.124,Comp0028,Web0004,6,7299,80,7,83,610,2486
296509.7875888326,0.975,Comp0027,Web0002,6,30500,443,8,17,1208,12210
296514.5421951669,5.218,Comp0023,Web0002,6,44975,443,6,68,1376,11214
296515.97689024266,5.765,Proxy0001,Ext0036,6,57872,80,9,76,1027,42709
296521.1333850784,4.757,Proxy0002,Ext0037,6,25870,443,6,29,773,5115
296524.63039235974,0.199,Comp0068,FS0002,6,37044,445,11,73,5728,1218
296530.1823929262,0.753,Comp0030,DC0002,6,15105,88,3,3,309,556
296530.6498757738,21.259,Comp0028,Web0002,6,48582,443,6,35,2757,5368
296530.98445169686,4.227,Comp0030,Proxy0002,6,20688,3128,7,43,292,1564
296538.51372133906,12.075,Comp0018,Web0002,6,24004,80,7,26,948,26623
296552.3124538165,0.245,Comp0023,DNS0001,17,33043,53,2,3,31,257
296552.4508295263,4.574,Comp0044,Mail0002,6,20708,587,3,6,375,171
296562.4367430533,6.216,Comp0067,Web0002,6,21287,443,5,71,1098,2131
296566.1217910005,3.978,Comp0031,Web0005,6,63612,443,9,121,510,4771
296577.02844125,0.154,Comp0054,DNS0002,17,35723,53,2,2,51,106
296582.45864072576,0.734,Comp0016,Web0004,6,59594,443,12,12,1807,21137
296591.30790563975,2.326,Comp0043,Proxy0001,6,40872,3128,6,68,1780,2307
296597.3490614868,0.796,Comp0019,Web0006,6,7191,80,8,17,1107,3134
296600.90643738117,0.642,Comp0058,Web0005,6,53910,443,11,42,321,11881
296604.45653135533,0.12,Comp0027,DNS0002,17,28886,53,2,2,113,219
296611.8011261804,0.132,Comp0045,DNS0002,17,48176,53,3,2,48,291
296612.4386774745,1.275,Comp0013,DC0002,6,49399,389,10,3,244,1128
296617.27354296675,4.641,Comp0053,Web0005,6,54150,443,6,39,914,23719
296620.9563468601,0.276,Comp0058,Web0001,6,40437,80,6,47,2677,6946
296621.6207284025,1.6,Comp0013,Web0001,6,36162,443,6,11,610,2946
296621.74986695667,0.711,Proxy0002,Ext0031,6,32074,443,31,38,648,5448
296627.43472332036,4.178,Comp0014,DC0002,6,18310,389,4,13,333,1560
296628.4107935883,7.637,Comp0080,Web0004,6,37773,80,8,103,360,20106
296630.38296163286,9.437,Comp0004,Web0006,6,35702,443,32,84,831,2802
296638.44242533593,0.113,Comp0002,Web0004,6,32134,443,15,18,713,1128
296639.90854358696,10.441,Comp0024,Proxy0001,6,45759,3128,19,91,762,5995
296646.31851211755,0.133,Comp0064,Web0005,6,14307,443,19,90,728,1316
296668.32229051314,0.576,Proxy0001,Ext0033,6,27988,443,7,74,831,2974
296668.8205842888,1.213,Comp0056,Web0006,6,62654,443,10,8,2070,4474
296669.0953461874,1.151,Comp0075,Web0001,6,9476,443,14,57,733,14027
296671.46255633095,0.587,Comp0029,DNS0002,17,45749,53,2,3,68,409
296699.11415802874,0.063,Comp0004,DC0001,6,10078,389,5,6,622,430
296704.09919146687,8.134,Comp0050,Web0005,6,25372,80,13,23,836,415
296713.6584480959,6.693,Web0001,DB0002,6,30320,5432,23,311,4600,6520
296717.2806766661,19.587,Comp0041,DC0002,6,12722,445,20,19,1046,26093
296723.1116877661,1.9,Comp0069,Mail0002,6,59076,587,6,4,585,1227
296733.7783939419,11.734,Comp0051,Web0001,6,50620,80,11,60,255,2262
296745.74522160774,0.013,Comp0002,DNS0001,17,24647,53,2,2,66,300
296760.65738021326,0.405,Comp0045,FS0001,6,19511,445,5,63,1837,76515
296762.4467252162,11.049,Comp0027,Proxy0001,6,47426,3128,16,13,975,54901
296764.5151074098,0.086,Comp0014,Proxy0002,6,45147,3128,8,20,439,8011
296780.120454054,8.607,Comp0064,Web0006,6,38624,443,14,17,2561,1149
296786.9418373817,0.033,Comp0067,DNS0002,17,39330,53,3,4,68,99
296791.2841093196,0.097,Comp0028,DNS0002,17,11860,53,2,3,74,110
296792.9441031149,4.482,Comp0054,Web0004,6,39173,443,24,46,543,3435
296798.00038022455,1.625,Comp0067,Proxy0001,6,51499,3128,14,9,776,11983
296798.508439788,0.746,Comp0024,Web0006,6,49472,443,30,85,444,4051
296799.87323946215,1.895,Proxy0002,Ext0027,6,49261,443,11,101,642,74596
296801.1015789586,0.625,Comp0080,DNS0001,17,55371,53,2,2,64,145
296820.5287879096,11.935,Comp0066,DC0001,6,55671,445,14,51,1900,19939
296821.5082170881,2.688,Comp0038,FS0002,6,27329,445,15,561,2390,7598
296837.6994048323,1.025,Comp0047,Web0001,6,2227,443,6,24,332,118077
296839.4741562937,1.102,Comp0003,FS0001,6,37668,445,6,125,2930,3142
296845.43314476457,0.505,Comp0021,DNS0001,17,20161,53,3,3,85,127
296849.4400737169,22.426,Comp0029,Web0005,6,57786,443,11,35,2738,7547
296864.7451400891,4.24,Comp0039,Web0002,6,46989,443,9,41,1341,34657
296870.7949240804,10.05,Comp0060,Web0004,6,30014,443,18,30,283,11894
296878.9089856307,0.106,Comp0079,DNS0002,17,19573,53,5,3,39,84
296879.104634766,0.457,Comp0030,DNS0002,17,54322,53,2,2,169,250
296881.3996296617,0.398,Comp0020,DNS0001,17,3493,53,2,3,84,230
296897.8601476543,1.394,Comp0027,Web0006,6,39721,443,6,217,788,6760
296901.77890369284,0.002,Comp0046,DNS0001,17,31159,53,2,3,51,93
296913.1745781269,3.736,Comp0001,Proxy0001,6,10664,3128,11,33,486,269
296920.6818373675,3.798,Comp0013,Proxy0001,6,32659,3128,16,16,2292,3643
296920.9448002449,9.494,Web0002,DB0001,6,41876,5432,15,32,2169,108121
296924.758663196,4.871,Comp0015,Web0002,6,39745,443,5,41,1588,5638
296926.6138848544,6.456,Comp0012,Web0001,6,51755,443,7,27,454,57865
296927.8164204973,2.601,Proxy0002,Ext0020,6,48844,80,9,29,678,3212
296928.116047284,0.101,Comp0072,DNS0001,17,32827,53,2,3,36,242
296934.74833242455,0.287,Comp0078,DNS0002,17,60130,53,3,2,101,299
296936.8966764105,0.552,Comp0068,DNS0001,17,48064,53,2,4,57,68
296937.0549735034,4.299,Comp0055,Web0006,6,48355,443,6,16,370,2035
296937.73652973556,14.192,Comp0077,Web0005,6,5089,443,5,126,446,49478
296938.04517029686,1.668,Comp0016,Web0002,6,23217,80,8,43,639,4731
296942.1118353338,1.709,Comp0013,Web0003,6,39528,443,7,56,239,16198
296949.8728120764,13.411,Web0005,DB0002,6,60105,3306,5,63,287,33205
296952.231897638,0.172,Comp0051,DNS0002,17,5572,53,3,2,167,229
296970.5774148677,0.012,Comp0031,DNS0001,17,20979,53,2,2,104,206
296975.673615539,1.709,Comp0056,Proxy0001,6,5151,3128,4,49,2435,18170
296980.9225232713,0.339,Comp0022,DNS0001,17,19782,53,2,2,70,81
296982.5445667388,0.344,Comp0064,DNS0001,17,50858,53,3,2,94,133
296986.2095165134,0.923,Comp0074,Mail0001,6,13354,993,5,19,716,477
296990.5105657233,4.238,Comp0024,Web0003,6,17839,80,9,15,831,21129
296991.32567896723,1.251,Comp0038,DC0001,6,52975,389,3,13,1323,1130
297005.4887147209,0.181,Comp0032,DNS0001,17,48056,53,3,2,141,120
297007.5566775643,1.627,Comp0014,Mail0002,6,49570,993,3,8,1063,1761
297022.839280418,2.135,Comp0031,Web0004,6,58194,443,6,19,534,10352
297027.91873022617,0.128,Comp0040,DNS0001,17,28280,53,2,2,78,295
297035.91865678236,0.258,Comp0036,DNS0002,17,11041,53,2,2,120,184
297036.3148992599,36.169,Comp0035,FS0001,6,16612,445,17,204,1369,9489
297038.020624977,0.594,Comp0001,DNS0002,17,57026,53,2,2,64,649
297040.6080066563,2.072,Comp0071,Proxy0001,6,26043,3128,10,158,708,1561
297041.99807152856,0.929,Comp0024,Proxy0002,6,50473,3128,7,94,455,4855
297043.28865575045,1.451,Comp0020,Proxy0001,6,22254,3128,20,24,1185,16724
297053.6424676073,0.931,Comp0025,DNS0001,17,53180,53,2,3,35,118
297054.6557226627,0.156,Comp0047,DNS0001,17,17552,53,3,2,61,298
297055.96168549295,0.171,Comp0069,DNS0002,17,10836,53,3,3,73,210
297058.2744018444,4.33,Comp0022,Mail0001,6,49542,993,3,4,539,470
297065.70129883353,0.012,Comp0047,DNS0002,17,44908,53,3,2,94,140
297071.48067913076,0.571,Comp0074,DC0001,6,60027,389,4,11,650,392
297074.2139962367,1.114,Comp0007,Proxy0002,6,26189,3128,6,42,466,8035
297076.01405349304,0.926,Comp0015,DC0001,6,62909,88,5,15,614,2608
297076.0831370992,9.179,Comp0020,Proxy0002,6,39776,3128,5,124,905,1663
297076.6260758954,7.752,Comp0075,FS0003,6,57211,445,28,22,389,15338
297080.0369829009,4.606,Comp0018,Proxy0001,6,23650,3128,13,51,247,17024
297082.5228108358,1.798,Comp0044,Mail0002,6,15315,993,4,11,112,3687
297091.1398981104,4.795,Comp0017,Proxy0002,6,21693,3128,4,23,228,4483
297099.6738283359,5.904,Comp0038,FS0001,6,29622,445,11,106,2213,5823
297100.86390461284,1.491,Proxy0002,Ext0018,6,9115,443,8,25,352,10760
297103.85038906074,0.061,Comp0017,DNS0001,17,61398,53,2,2,135,176
297104.7924898309,0.103,Comp0053,DNS0001,17,32841,53,3,2,23,127
297107.8319867476,0.066,Comp0050,DNS0001,17,11487,53,3,3,110,248
297119.9721051254,0.111,Comp0040,DNS0002,17,61787,53,2,2,102,147
297127.2074872549,9.107,Comp0043,Web0001,6,42611,80,14,33,868,17804
297134.5689469376,3.349,Comp0004,Web0005,6,61722,443,6,16,2581,22324
297136.6991586481,0.546,Comp0071,DC0002,6,62250,389,4,22,221,1462
297163.8922050536,0.082,Comp0070,DNS0002,17,15372,53,3,2,102,70
297168.7119229451,1.748,Comp0011,Web0002,6,2595,80,8,73,127,10773
297170.14818842564,3.352,Mail0002,Ext0009,6,56777,25,6,5,268,880
297170.3382448872,0.764,Comp0027,DNS0001,17,45674,53,3,2,165,231
297171.87309307785,0.077,DNS0001,DC0001,6,52684,389,8,9,933,940
297181.5080033959,0.78,Mail0001,Ext0021,6,56461,25,11,6,125,147
297193.6221916701,2.636,Comp0038,Mail0001,6,59129,587,6,17,773,916
297203.71403254435,0.095,Comp0021,DNS0001,17,40921,53,2,3,62,71
297205.6829670812,6.127,Comp0068,Web0006,6,4550,443,7,68,178,16355
297207.0524116965,0.189,Comp0015,DNS0002,17,38567,53,2,3,38,178
297213.6395875869,8.752,Comp0058,FS0001,6,55016,445,48,171,10309,16769
297219.24919159646,6.285,Comp0002,FS0003,6,55758,445,81,19,2447,44173
297231.846953031,4.125,Comp0034,Web0006,6,20329,443,10,7,165,22744
297239.3918530778,6.663,Comp0065,DC0002,6,44812,88,5,4,388,1759
297244.01630945876,5.654,Comp0038,Mail0002,6,31561,993,7,4,203,1273
297263.37272359396,11.707,Proxy0002,Ext0008,6,2303,443,5,42,74,12344
297268.7803424583,10.929,Comp0041,Proxy0001,6,41275,3128,14,40,777,25554
297280.71459247795,0.293,Comp0069,DNS0002,17,31151,53,3,3,78,120
297282.47199542203,5.398,Comp0059,DC0001,6,21872,88,5,25,961,101
297288.4562660696,0.164,Comp0079,DNS0001,17,25570,53,3,3,89,189
297293.2648531114,0.294,Comp0018,DNS0001,17,23535,53,2,2,126,101
297296.7214965166,5.415,Comp0039,Mail0002,6,8489,587,6,8,756,208
297299.2457012153,1.036,Comp0066,Web0003,6,51197,443,7,18,1795,2565
297303.3176920638,2.984,Comp0078,Web0001,6,13824,443,14,29,1915,29547
297304.0753831221,2.456,Comp0033,Proxy0001,6,46821,3128,10,14,392,15732
297307.6892195942,4.778,Comp0022,FS0002,6,7054,445,7,260,2465,14702
297308.316325945,0.276,Comp0010,Web0003,6,10155,443,11,17,326,3943
297311.10261062824,5.109,Comp0061,Web0002,6,49142,443,2,59,501,7758
297317.5136902584,0.332,Comp0056,DNS0001,17,43980,53,2,3,66,138
297318.1717519091,0.439,Comp0059,DC0001,6,45671,88,5,5,122,465
297319.09992242936,5.637,Comp0060,Proxy0001,6,31842,3128,8,19,488,1564
297323.5542202024,0.61,Comp0028,DC0002,6,64811,389,6,12,339,1522
297327.20217293967,3.535,Comp0075,Proxy0002,6,16839,3128,25,52,3582,2427
297329.0979299244,0.122,Comp0020,FS0003,6,17634,445,6,54,2011,8581
297340.53200871503,0.245,Comp0013,DNS0001,17,60589,53,3,3,57,260
297342.5883612289,6.425,Proxy0001,Ext0029,6,33716,443,4,35,503,6976
297343.425158336,1.672,Comp0045,Web0001,6,26671,80,8,116,200,118242
297349.4386167535,4.173,Comp0020,DC0001,6,33265,389,23,8,1466,290
297353.72450855304,0.334,Comp0067,DNS0002,17,48374,53,2,2,75,159
297353.7536733884,16.663,Web0006,DB0003,6,58524,5432,9,28,3079,7674
297353.90059718007,7.856,Comp0017,Web0003,6,40186,443,13,40,1319,13419
297380.8699315465,1.304,Comp0066,DC0002,6,8680,389,5,6,528,614
297395.33086477156,1.529,Comp0019,Proxy0001,6,41264,3128,18,60,217,15551
297407.61552562786,4.802,Comp0047,Proxy0001,6,40459,3128,8,16,890,6827
297412.3622849674,14.622,Comp0054,DC0001,6,47506,445,23,49,10839,58902
297414.33401640493,2.012,Comp0076,Web0005,6,59175,443,2,29,587,4533
297416.63892445806,0.053,Comp0022,DNS0002,17,16714,53,3,2,24,190
297419.7972090687,0.152,Comp0060,DNS0002,17,17168,53,2,2,60,211
297429.0392103881,1.846,Comp0054,Web0001,6,13334,80,5,51,1068,35733
297429.8723714103,0.032,Comp0060,DNS0002,17,15760,53,2,2,78,283
297432.6883594707,0.152,Web0001,DNS0002,17,42839,53,2,2,59,124
297440.50168725644,0.102,Comp0058,DNS0002,17,37995,53,2,3,51,72
297440.56213108444,4.304,Comp0061,Proxy0001,6,25803,3128,6,9,404,916
297446.7358460635,16.639,Comp0001,FS0003,6,50781,445,56,60,2213,1690
297446.8179782902,1.474,Comp0066,DNS0002,17,48973,53,2,3,57,50
297447.8223380546,0.238,Comp0064,Web0003,6,20014,443,6,9,1015,3228
297454.3716488117,0.058,Comp0014,DNS0001,17,24263,53,2,3,56,394
297458.4850367189,0.018,Comp0055,DNS0001,17,1880,53,3,2,79,438
297462.92869551905,2.631,Comp0009,DC0002,6,40998,445,14,29,10713,33734
297469.89009628893,7.932,Comp0028,Web0003,6,53940,443,12,88,2209,6487
297471.60041292885,2.954,Comp0042,Web0001,6,15072,443,11,70,1103,693
297474.816333307,17.347,Comp0055,DC0001,6,35231,389,8,14,681,495
297481.37470880814,0.473,Comp0048,DNS0002,17,8957,53,2,4,79,137
297491.0278843116,5.535,Comp0072,Web0001,6,28154,443,8,19,300,1260
297493.62584303756,0.006,Comp0002,DNS0002,17,28558,53,2,3,65,148
297501.79414348485,5.333,Comp0039,FS0003,6,52901,445,10,500,1089,4293
297509.53820527776,0.434,Comp0048,DNS0002,17,62994,53,2,3,99,301
297519.5186365396,0.164,Comp0078,Web0003,6,44441,22,4,5,370,82
297530.00110753684,4.418,Comp0033,Proxy0002,6,18864,3128,8,36,562,7512
297535.90708907915,0.023,Comp0063,DNS0002,17,35989,53,2,2,76,544
297540.7186457427,0.007,Comp0061,DNS0002,17,1462,53,2,3,80,377
297551.00737847266,9.027,Comp0026,Proxy0001,6,50658,3128,6,14,89,11984
297556.93219789944,5.692,Comp0072,Web0001,6,1938,443,39,183,90,28828
297562.37228262203,3.083,Comp0078,Comp0080,6,7307,22,5,10,1156,190
297566.23363562784,0.633,Comp0047,Web0002,6,22165,80,8,52,2114,5877
297574.2555659751,10.973,Comp0069,Proxy0001,6,61166,3128,6,37,817,13174
297576.86646998336,4.677,Comp0017,Web0003,6,39295,443,13,47,457,18821
297582.906217836,0.229,Comp0037,DNS0001,17,57064,53,2,3,132,139
297583.9210377859,1.956,Comp0033,Web0006,6,12038,443,3,70,2436,22231
297585.42665143806,6.341,Comp0027,FS0002,6,18235,445,31,302,1150,9526
297605.1978012841,0.595,Comp0009,DNS0001,17,25935,53,2,3,29,209
297607.5753793285,0.041,Comp0022,DNS0002,17,60178,53,2,3,77,39
297616.6837582628,0.437,Comp0051,DC0002,6,47230,88,4,8,410,1901
297617.092084647,0.077,Comp0001,DNS0002,17,18274,53,2,3,29,90
297617.79382569477,2.302,Comp0061,Web0006,6,45434,443,8,13,341,7472
297630.0805761594,3.182,Comp0078,Mail0002,6,53716,587,7,6,1435,1164
297642.766080784,0.081,Comp0066,DNS0001,17,34554,53,2,2,90,123
297643.3999656147,0.374,Comp0074,DNS0001,17,53810,53,3,2,77,88
297646.85355188674,0.264,Comp0018,DNS0002,17,27689,53,2,2,113,333
297648.14463207574,4.64,Proxy0001,Ext0021,6,15721,443,7,19,321,17731
297652.9964274502,0.571,Comp0031,Web0005,6,26599,80,19,96,583,5852
297660.03081067913,6.919,Comp0024,DC0002,6,34605,445,66,114,6204,110231
297665.8664928107,0.472,Comp0023,Web0004,6,40265,80,4,54,2139,7034
297673.0006765827,23.627,Comp0064,DC0001,6,25275,389,6,5,266,203
297673.11461170577,0.182,Comp0023,DNS0001,17,1250,53,3,3,56,104
297674.69100283465,1.692,Comp0043,Web0005,6,24191,443,4,123,909,17828
297678.07459984417,0.972,Comp0069,Proxy0002,6,64495,3128,8,16,599,12659
297685.24223713897,0.246,Comp0043,DNS0001,17,23681,53,2,3,88,63
297686.70801028825,0.247,Comp0035,DNS0002,17,29669,53,2,3,154,136
297687.7191175615,0.009,Comp0040,DNS0002,17,10609,53,2,3,88,165
297693.4410753663,2.999,Comp0078,Web0003,6,7103,443,9,8,303,2459
297699.75103294686,4.576,Comp0027,Proxy0001,6,25339,3128,80,24,1535,6000
297706.46871939127,17.685,Web0002,DB0004,6,8056,3306,22,46,17070,915
297706.659920953,0.483,Comp0033,Mail0002,6,23597,993,4,7,370,889
297712.3804012111,0.615,Comp0078,DNS0002,17,54205,53,2,3,66,201
297712.9796057697,1.21,Comp0073,Web0001,6,11552,80,8,31,466,893
297718.62918444455,1.083,Comp0060,Proxy0002,6,17068,3128,7,6,1058,6097
297721.6375051596,0.187,Comp0004,DNS0001,17,37065,53,2,3,110,88
297729.905079087,0.152,Comp0016,DNS0002,17,21735,53,3,3,82,139
297730.2410998545,3.639,Comp0045,DC0002,6,44297,88,9,2,477,1307
297733.5997939429,0.845,Comp0066,DNS0001,17,46893,53,3,3,77,275
297741.4986085771,3.626,Comp0058,Web0004,6,43106,443,11,77,2136,19216
297745.7755844141,3.076,Comp0042,Web0004,6,35319,443,5,50,523,60402
297746.34178519086,0.137,Comp0007,DNS0001,17,41075,53,3,2,52,198
297751.8657641006,4.919,Comp0001,DC0001,6,42683,389,3,9,374,1257
297753.22614996694,5.152,Web0004,DB0001,6,47404,5432,7,127,358,9767
297753.7000792329,25.857,Comp0049,FS0003,6,40057,445,36,95,973,4018
297758.7515564269,5.005,Comp0028,DC0002,6,17143,389,7,6,416,4380
297765.15163321747,1.89,Comp0026,FS0002,6,34150,445,50,445,2472,24279
297766.76689117076,0.255,Comp0027,DNS0001,17,34673,53,2,2,116,82
297768.06189719366,0.235,Comp0007,DNS0002,17,34238,53,3,3,58,203
297774.6768550295,0.06,Comp0004,DNS0001,17,13049,53,2,3,55,88
297776.2942702069,0.161,Comp0067,DNS0001,17,62399,53,3,3,85,63
297779.16772594105,0.157,Comp0031,DC0002,6,21105,88,4,2,159,2092
297781.66688297765,0.128,Comp0058,DNS0002,17,11257,53,3,2,97,112
297819.643237661,5.14,Proxy0001,Ext0011,6,34424,80,8,27,602,3100
297825.8512120653,3.553,Comp0027,Web0004,6,40761,80,4,58,309,8479
297827.2087687566,7.372,Comp0059,Proxy0002,6,4753,3128,7,13,371,9860
297828.6113189074,2.063,Comp0022,Web0001,6,58805,443,7,23,848,4808
297836.0683799578,0.951,Comp0011,Proxy0002,6,11666,3128,2,96,699,5772
297839.2639213508,0.321,Comp0042,FS0002,6,41178,445,26,113,399,11696
297852.44072835654,3.204,Web0004,DB0002,6,58553,5432,50,79,1317,37960
297854.71722339606,0.152,Comp0007,DNS0001,17,43424,53,2,3,69,68
297857.62610486196,1.913,Mail0001,Ext0005,6,17176,25,6,19,742,248
297860.86654123047,5.781,Comp0020,Proxy0001,6,38843,3128,6,21,436,15691
297864.67946883035,13.599,Comp0009,Web0001,6,52051,443,14,40,2170,3294
297869.6355102116,7.184,Comp0008,DC0001,6,28132,88,5,9,179,261
297873.2878686893,1.597,Comp0002,Web0004,6,47581,443,5,9,963,5761
297889.3734792917,1.192,Comp0026,DC0002,6,59246,88,12,10,49,931
297893.7507662135,0.093,Comp0053,DNS0001,17,4384,53,2,2,53,71
297899.2968823417,0.314,Comp0077,DNS0002,17,55545,53,2,2,44,261
297906.7922531773,0.009,Comp0065,DNS0001,17,54417,53,3,3,107,58
297909.8678282373,7.94,Comp0042,Web0001,6,40776,443,14,76,190,15259
297912.55970624316,0.624,Comp0012,DNS0002,17,20943,53,2,3,66,227
297921.0744864691,0.193,Comp0068,DNS0001,17,20806,53,2,2,72,149
297929.9864288138,0.486,Comp0047,DC0002,6,50538,389,14,4,638,435
297934.85090682533,1.682,Comp0057,Web0005,6,50890,443,9,63,390,6363
297951.57436333847,1.282,Comp0052,Web0005,6,22787,80,12,166,814,6363
297955.20260593126,10.255,Comp0052,Web0006,6,38553,443,7,30,471,5042
297956.937963099,0.14,Comp0011,DC0001,6,38637,445,35,119,472,19981
297984.51883357065,2.247,Web0005,DB0001,6,22175,5432,28,126,1259,5006
297986.99704579386,0.195,Comp0058,DNS0001,17,22460,53,3,2,63,65
297991.6669165555,2.598,Comp0030,Web0002,6,65321,80,9,32,212,12733
297997.1147522385,0.075,Comp0077,DNS0002,17,38430,53,3,2,49,131
297998.04212263966,9.843,Comp0008,DC0002,6,48798,445,26,112,822,27198
298015.6022538757,1.031,Comp0056,Web0004,6,63605,80,15,13,208,18131
298018.56410172844,2.323,Comp0055,DC0001,6,36244,389,6,7,293,277
298024.7676721239,0.156,Comp0002,DNS0001,17,63286,53,3,3,42,137
298029.4387856123,6.183,Comp0078,Comp0053,6,62813,139,10,89,1474,192
298033.6977903255,1.17,Comp0055,DNS0001,17,22776,53,3,2,86,169
298034.43420496926,1.499,Comp0063,Web0006,6,55997,443,36,18,974,10828
298041.7886335627,7.989,Proxy0001,Ext0033,6,10159,80,5,17,1002,7897
298043.89044552133,8.674,Comp0078,Comp0020,6,30814,22,8,11,470,34
298053.29142039665,3.141,Comp0075,DC0001,6,21998,88,5,13,1040,1898
298053.584336038,2.402,Comp0003,Mail0002,6,48355,993,4,4,1163,306
298060.81054940476,9.281,Comp0068,Web0006,6,50491,80,10,60,630,3693
298081.301739531,1.934,Comp0066,Proxy0002,6,25755,3128,5,38,488,2061
298081.70077802334,7.536,Comp0043,Web0006,6,14116,443,5,10,195,7117
298082.5356754116,10.783,Comp0006,Comp0053,6,54827,139,7,105,848,1183
298083.5067211131,1.12,Proxy0001,Ext0026,6,36718,443,26,36,609,14791
298085.0249681709,2.905,Comp0009,Web0001,6,41020,443,11,34,1283,22202
298086.1549603361,1.145,Comp0042,Web0006,6,3993,80,27,26,1618,6799
298088.74472237605,1.115,Comp0043,Mail0002,6,65083,993,9,8,1342,1364
298097.2667209153,8.44,Comp0040,Proxy0002,6,30525,3128,8,114,382,982
298102.3585859274,0.102,Comp0043,DNS0002,17,30990,53,3,2,27,266
298103.3138449022,6.591,Comp0014,Web0001,6,49189,80,5,34,2723,7835
298105.1727030338,2.082,Comp0059,Proxy0001,6,43683,3128,4,42,333,87113
298107.1472245529,2.748,Comp0038,Mail0002,6,3211,993,5,7,624,640
298124.6300990678,0.602,Comp0021,Web0002,6,7653,443,21,27,1071,6467
298126.5016840139,0.136,Comp0007,FS0003,6,49422,445,74,351,2101,8462
298126.9485105953,5.287,Comp0060,Web0002,6,61559,443,33,63,511,572
298128.3785200556,1.91,Comp0042,Web0006,6,17154,443,11,35,1021,2200
298135.50307735545,0.095,Comp0048,DNS0002,17,61036,53,3,3,42,116
298141.0666640105,0.188,Comp0004,DNS0002,17,63328,53,2,2,150,297
298141.8635643612,0.401,Comp0048,DNS0002,17,58972,53,2,3,54,105
298143.4323853463,2.763,Comp0016,Mail0002,6,51341,993,9,10,58,229
298146.47342016833,2.937,Comp0076,Comp0011,6,59539,3389,4,4,570,544
298148.80433820083,3.819,Comp0009,DC0002,6,35345,88,5,3,518,1264
298150.1974726757,2.532,Comp0059,Web0005,6,16802,443,7,235,312,8643
298158.37725534575,1.061,Mail0002,Ext0031,6,1512,25,5,12,1258,979
298158.5145035681,6.531,Comp0005,DC0002,6,24802,389,8,6,293,495
298158.6579393111,0.051,Comp0068,DNS0001,17,47555,53,2,3,52,132
298160.7383470714,0.384,Comp0077,FS0002,6,11530,445,24,575,6336,75946
298161.74636928085,5.694,Comp0076,Web0002,6,21508,443,4,31,219,2002
298171.87743237684,1.146,Comp0017,Mail0001,6,61278,587,11,3,1287,2456
298174.1076598514,0.228,Comp0062,DNS0001,17,50277,53,3,3,135,168
298183.69120402844,0.048,Comp0065,DNS0002,17,33760,53,2,3,46,134
298183.8423817456,2.54,Comp0039,Proxy0001,6,44575,3128,33,43,373,4023
298196.8460087025,2.78,Comp0010,Web0002,6,25114,443,6,20,314,2620
298199.51469075703,0.087,Comp0049,DNS0002,17,12415,53,3,2,76,97
298200.41509382275,2.094,Comp0045,DC0001,6,22027,88,4,16,200,311
298212.0881438602,0.341,Comp0041,DNS0001,17,51798,53,2,2,33,151
298214.6304773809,0.288,Comp0055,DNS0002,17,55676,53,3,3,66,57
298218.5067637748,0.667,Comp0048,DNS0002,17,33991,53,2,3,37,97
298222.5268286448,40.806,Comp0075,DC0002,6,42863,445,25,34,3904,6659
298222.85927196924,0.595,Comp0023,Web0002,6,51408,443,16,51,278,1606
298224.8606003277,0.751,Comp0044,Web0006,6,44745,443,11,32,3152,10935
298225.99675505504,4.85,Comp0077,DC0002,6,26606,389,4,4,83,208
298226.0554353676,0.129,Comp0074,DNS0002,17,65438,53,4,3,37,311
298236.64756516716,1.689,Comp0063,Mail0002,6,42583,587,8,7,302,272
298238.2719025719,1.315,Comp0056,DC0002,6,49332,445,26,164,5840,39632
298242.34757474356,0.912,Comp0006,Comp0031,6,37347,445,15,63,344,1054
298243.2443499988,0.227,Comp0067,Web0003,6,36909,443,11,38,543,6187
298244.9641288722,0.553,Comp0037,DC0001,6,59226,88,5,3,1314,309
298245.28494407295,0.347,Comp0028,DNS0001,17,5804,53,2,2,58,153
298253.0314069072,1.515,Comp0063,Web0001,6,26092,443,20,21,60,7975
298263.40642346244,0.227,Comp0028,DNS0001,17,11037,53,2,3,77,219
298266.19709864934,0.016,Comp0036,DNS0002,17,57556,53,3,3,58,161
298267.2687610319,0.082,Comp0078,DNS0002,17,28270,53,3,3,34,66
298273.19969751034,2.166,Comp0051,Mail0002,6,24455,993,3,7,879,380
298282.382250316,0.041,Comp0014,DNS0001,17,54237,53,2,3,102,308
298283.91215228435,2.851,Comp0066,Web0004,6,19814,443,11,36,770,3875
298289.34275443386,0.267,Comp0010,Proxy0002,6,33978,3128,9,35,522,7474
298289.9050597062,2.266,Comp0068,Web0006,6,48562,80,6,24,857,15769
298294.343521329,3.305,Comp0043,DC0002,6,46315,389,7,8,738,1620
298298.29489059886,0.069,Comp0046,DNS0002,17,34918,53,2,3,151,96
298301.12503697025,3.669,Comp0028,Proxy0002,6,50253,3128,29,42,250,7082
298305.96812082594,33.767,Web0003,DB0002,6,36945,5432,24,254,2306,19352
298307.6201970333,8.269,Proxy0002,Ext0039,6,48936,80,7,54,109,7244
298311.876832986,32.224,Comp0070,FS0003,6,39751,445,7,106,3415,29635
298325.1177272636,0.789,Comp0048,DNS0002,17,3429,53,2,3,39,120
298328.14345595334,2.788,Comp0068,Proxy0001,6,22988,3128,11,24,1104,9914
298331.5546384284,2.169,Comp0037,DC0001,6,57484,88,5,4,64,361
298334.2430419279,1.25,Comp0070,Web0006,6,52736,80,4,22,1046,1145
298339.4354726344,0.107,Comp0032,DNS0002,17,8846,53,2,2,37,65
298349.6263898539,16.897,Comp0016,Web0002,6,20197,80,2,21,1290,8934
298350.03587283543,5.433,Comp0012,Proxy0002,6,3456,3128,8,41,540,4344
298358.2218974413,4.6,Comp0039,Proxy0002,6,43211,3128,8,17,1130,18665
298361.63735586527,0.312,Comp0039,DC0002,6,1595,389,5,8,202,2238
298367.6330986838,0.123,DC0001,DNS0001,17,3410,53,2,3,78,204
298368.52094264247,9.214,Comp0002,Web0002,6,30321,80,9,53,475,3749
298369.13669004507,0.227,Comp0075,DNS0002,17,28074,53,2,4,77,110
298370.628830795,0.019,Comp0017,DNS0001,17,42918,53,2,3,46,188
298374.69812014553,0.091,Comp0049,DNS0002,17,22783,53,3,2,109,173
298386.27823374857,1.624,Comp0078,Proxy0002,6,42282,3128,8,36,561,3416
298387.2903503003,3.007,Comp0007,Mail0001,6,16569,993,7,18,288,1263
298398.9069195861,0.19,Comp0080,DNS0001,17,48764,53,2,2,91,74
298406.94003245095,8.758,Comp0013,Web0005,6,58624,80,5,16,2153,5867
298408.55088233115,6.135,Comp0076,Web0004,6,32260,443,14,44,617,4359
298409.6863615453,0.875,Comp0039,DNS0002,17,52516,53,2,3,82,193
298410.70824184816,2.855,Comp0021,Web0003,6,55052,80,6,24,845,6715
298415.06373399775,0.02,Comp0039,DNS0001,17,21785,53,2,3,57,150
298420.64450657833,0.033,Comp0054,DNS0002,17,48198,53,2,2,43,345
298430.7581960732,1.007,Comp0017,Web0001,6,22115,443,4,40,941,7488
298431.12614694965,0.262,Comp0001,DNS0001,17,50272,53,2,3,56,210
298431.76388242084,41.321,Comp0031,FS0002,6,33067,445,13,522,6620,16947
298433.76017287106,20.124,Comp0044,DC0001,6,55875,445,41,37,982,98775
298434.8815076632,1.015,Comp0046,Web0006,6,32818,80,14,25,769,4145
298436.24295146804,0.823,Comp0026,Web0002,6,41434,80,12,34,365,27954
298440.3589046445,2.106,Comp0069,Mail0002,6,3583,993,3,6,972,755
298447.427820599,25.009,Web0001,DB0003,6,2768,3306,56,67,4946,16654
298448.4305962115,4.03,Comp0067,Mail0001,6,15669,993,6,3,1071,409
298448.54885486484,0.227,Comp0018,DNS0001,17,2145,53,2,3,44,176
298450.6011751997,19.794,Comp0015,FS0003,6,24704,445,3,77,911,1277
298452.1614596521,4.69,Comp0047,Proxy0001,6,4869,3128,5,61,856,804
298454.4036475163,0.833,Comp0033,DNS0001,17,14833,53,3,4,82,455
298455.90915884776,14.817,Comp0051,DC0002,6,24788,445,44,141,3566,9819
298463.27426962997,0.07,Comp0025,DNS0001,17,29487,53,2,2,94,129
298473.3115280633,22.311,Comp0025,FS0001,6,35405,445,18,922,2400,2568
298474.16470767313,45.285,Comp0016,FS0002,6,36232,445,5,165,7815,21238
298479.38253518735,5.101,Comp0070,Web0004,6,14563,80,5,97,581,8860
298484.2787475224,11.698,Comp0028,FS0001,6,46650,445,47,157,2569,31842
298488.50384014536,3.177,Comp0059,Proxy0001,6,21470,3128,11,51,12201,5978
298496.50299324666,21.108,Comp0060,Web0004,6,26911,80,13,21,294,6953
298500.1081441741,2.776,Comp0037,Proxy0002,6,58708,3128,15,35,692,2067
298500.5140060216,32.178,Comp0031,Proxy0001,6,33650,3128,15,17,804,11423
298514.21370057075,2.949,Comp0052,DC0001,6,43668,88,9,5,455,269
298515.4593494901,0.109,Comp0020,DNS0002,17,2234,53,2,2,96,132
298517.2357240593,0.058,Comp0058,DNS0002,17,45138,53,2,3,99,251
298526.27830934734,0.017,Comp0040,DNS0002,17,57646,53,2,3,65,102
298530.97085011116,0.785,Comp0003,Proxy0002,6,33203,3128,6,49,1594,22021
298531.1933630938,0.227,Web0002,DNS0001,17,55740,53,2,2,94,40
298533.89283109445,0.44,Comp0065,DNS0002,17,61733,53,2,3,61,106
298543.8273379771,2.862,Comp0046,Proxy0002,6,51328,3128,9,22,265,2075
298552.9678506846,24.831,Comp0027,FS0002,6,56933,445,17,64,1447,2860
298562.7717991252,2.838,Comp0061,Proxy0001,6,12288,3128,5,7,151,1310
298563.1865362542,7.23,Comp0059,Web0003,6,45898,443,6,15,148,49997
298578.26640022104,11.424,Comp0075,Web0006,6,64439,443,8,9,666,82172
298580.15922726505,0.21,Comp0026,DC0002,6,43632,88,4,27,662,667
298580.4694534069,14.845,Comp0038,Web0003,6,58452,443,9,39,967,3955
298582.21278525336,0.041,Comp0064,DNS0002,17,64790,53,2,3,54,190
298591.0443357669,0.718,Comp0003,Web0004,6,12018,80,6,7,323,6864
298597.7829883441,1.584,Comp0074,Web0001,6,35528,443,6,111,401,31932
298601.0881240452,7.122,Comp0069,Web0004,6,32621,443,14,17,316,5469
298602.7624875008,0.18,Comp0065,DNS0002,17,29388,53,2,3,59,206
298603.2733795418,1.354,Comp0046,Mail0001,6,24006,993,8,10,957,383
298607.62943773216,1.782,Comp0011,DB0001,6,8423,445,25,68,4183,2875
298610.5728608169,0.485,Comp0075,Web0003,6,49227,443,13,128,1666,65899
298613.5861241791,19.856,Comp0064,FS0002,6,7816,445,67,35,537,9525
298617.1463757722,0.452,Comp0077,DNS0001,17,61616,53,3,2,68,83
298623.6185174005,0.225,Comp0010,DNS0001,17,62059,53,2,3,95,93
298629.72533299605,3.018,Comp0078,DNS0001,6,18308,445,56,151,8665,1064
298630.9463083664,1.403,Comp0028,Web0002,6,63226,443,12,24,446,15101
298637.2030794086,0.109,Comp0011,DNS0001,17,50137,53,2,3,49,63
298640.7400821525,0.528,Comp0008,DNS0001,17,5425,53,2,2,62,57
298641.0733410542,0.358,Comp0033,DNS0002,17,26193,53,2,2,90,112
298646.9061123198,3.097,Comp0053,DC0002,6,63177,445,23,247,6116,1788
298652.35922788404,0.109,Comp0010,DNS0002,17,29963,53,3,3,34,122
298656.9362441697,3.821,Comp0064,Web0004,6,52480,443,9,58,3407,845
298668.0295210443,0.077,Web0002,DNS0001,17,50111,53,3,2,70,471
298674.26852761203,6.523,Comp0034,FS0003,6,33192,445,92,49,3736,75733
298676.8466316047,0.111,Comp0068,DNS0001,17,14157,53,2,2,90,108
298680.0403879733,0.048,Comp0028,DNS0002,17,55074,53,3,3,134,103
298680.32131989533,6.673,Comp0036,Proxy0001,6,44459,3128,8,93,5856,28162
298683.2131838376,0.788,Comp0019,Web0003,6,7654,443,11,10,625,6846
298684.60231904313,0.246,Comp0069,DNS0001,17,56592,53,2,2,66,106
298698.5321642446,13.596,Comp0019,Web0006,6,15399,80,4,21,426,2191
298700.6498144667,0.897,Comp0070,Proxy0002,6,38821,3128,8,17,1187,7533
298702.54268996767,0.097,Proxy0002,DNS0002,17,39600,53,3,3,60,254
298703.18138955696,0.038,Comp0025,DNS0001,17,26178,53,2,3,55,174
298704.5835664153,0.068,Comp0039,DNS0002,17,43367,53,3,2,45,254
298715.34884065023,0.179,Comp0036,DNS0001,17,29776,53,3,3,70,195
298715.47911812505,0.447,Comp0023,DNS0002,17,17023,53,2,3,124,250
298717.4659581962,0.714,Comp0030,Web0006,6,3713,443,4,7,1627,6221
298720.0941298016,5.301,Comp0048,Web0005,6,50020,443,8,16,189,16371
298729.20159797976,0.038,Comp0008,DNS0002,17,9548,53,2,2,110,98
298734.9476476439,0.221,Comp0065,DNS0001,17,57700,53,2,2,51,103
298736.80573312024,6.592,Comp0006,Mail0002,6,8011,587,6,6,946,766
298737.62532694347,0.342,Comp0011,DNS0002,17,12958,53,2,3,56,56
298738.70923428587,0.91,Comp0045,Web0006,6,27186,443,8,33,1581,2487
298738.8669208283,0.93,Comp0069,FS0002,6,49013,445,13,34,3777,19098
298740.3798133795,2.873,Comp0014,Web0002,6,13478,443,5,23,704,2062
298756.8691145823,0.764,Comp0034,DNS0002,17,57238,53,3,2,56,148
298759.8213878366,12.698,Web0004,DB0003,6,30574,3306,15,22,626,19449
298764.3881097582,29.119,Comp0036,Proxy0001,6,45190,3128,49,24,699,7251
298764.77118303237,20.928,Comp0015,DC0002,6,59037,445,28,80,3486,115251
298770.32737304055,6.086,Comp0034,Web0005,6,25635,443,16,46,103,12446
298785.5963400277,22.684,Comp0060,FS0001,6,60206,445,26,418,474,4180
298786.8630694505,2.216,Comp0029,Mail0002,6,35738,993,3,5,242,788
298790.53760212555,4.077,Comp0004,Mail0002,6,50297,993,5,3,100,297
298794.36929970747,3.716,Comp0031,FS0003,6,9454,445,9,23,9216,4690
298799.114906444,25.718,Comp0043,DC0001,6,26431,445,9,59,4030,10970
298800.6850805449,3.77,Comp0067,DC0001,6,60811,389,5,11,677,1318
298803.6548208537,0.127,Comp0069,FS0002,6,6202,445,41,199,5028,11728
298807.0355329909,0.007,Comp0008,Proxy0001,6,25622,3128,7,17,1250,16657
298807.67268273945,1.919,Comp0037,Proxy0002,6,14298,3128,4,24,683,7692
298809.6189183071,14.532,Comp0011,Web0006,6,46571,443,10,11,179,13872
298815.35421583237,0.483,Comp0049,DC0002,6,62645,389,2,8,382,378
298824.25415088667,0.063,Comp0073,DNS0002,17,1700,53,2,2,98,152
298828.7211584339,0.246,Comp0059,Mail0002,6,51085,993,3,15,443,1177
298832.6810631455,1.399,Comp0055,DC0001,6,11333,389,9,7,1906,33
298834.1837315352,2.956,Comp0003,Web0003,6,46850,443,12,15,270,132135
298841.35687450337,13.315,Web0003,DB0003,6,13980,3306,25,35,10222,20137
298848.3203053702,6.933,Comp0054,DC0001,6,38885,445,21,184,363,30986
298849.6879568504,0.347,Comp0004,Mail0001,6,48695,993,7,10,258,310
298851.044803179,4.806,Comp0025,Web0005,6,9869,80,8,46,781,1444
298852.45595676074,22.171,Comp0027,FS0001,6,11836,445,12,197,507,8090
298853.15663251694,0.101,Comp0020,DNS0001,17,64499,53,2,2,90,235
298853.4285214647,4.447,Comp0001,Mail0002,6,43467,993,8,4,137,189
298870.25103759306,0.123,Web0001,DNS0002,17,56533,53,2,2,93,102
298873.74203100405,0.525,Comp0023,DC0002,6,1026,88,12,13,394,250
298876.44923379103,1.528,Comp0074,Proxy0001,6,32639,3128,5,55,343,42238
298879.1936821715,0.169,Comp0043,DNS0001,17,62008,53,2,3,42,205
298879.19817728613,30.83,Web0006,DB0004,6,36390,5432,12,255,2027,6113
298881.79185005045,2.328,Comp0035,Proxy0002,6,23737,3128,6,28,518,11750
298884.2283788396,3.962,Comp0021,Web0004,6,40973,443,8,18,629,335
298887.53271048807,1.015,Comp0011,Web0004,6,53435,443,10,29,86,23852
298888.04773317475,16.254,Comp0072,Web0006,6,26797,80,5,36,287,1431
298896.57399348775,3.797,Comp0059,Mail0002,6,3302,993,6,3,262,1359
298900.1297283259,0.144,Comp0073,DNS0001,17,49212,53,3,3,28,96
298909.61414643953,0.271,Comp0012,DNS0001,17,52471,53,2,2,46,115
298910.1118427,1.09,Comp0037,Proxy0002,6,39046,3128,5,91,1205,65918
298915.15897185646,6.001,Comp0002,Mail0002,6,13173,587,5,6,237,447
298916.6191120264,2.29,Comp0059,Web0004,6,16099,443,4,30,6931,4432
298919.49983340665,0.894,Comp0072,DC0002,6,9428,88,11,3,354,949
298920.5878524729,3.32,Comp0069,DC0002,6,32517,88,2,5,566,490
298922.8003859299,6.516,Comp0044,Web0004,6,60168,443,5,47,813,11627
298923.53191705036,0.812,Comp0013,DNS0002,17,28914,53,3,3,55,211
298926.2616033374,0.482,Comp0053,DNS0002,17,23756,53,3,2,51,118
298934.56170690333,0.132,Proxy0002,Ext0037,6,57377,443,6,21,147,7756
298935.08877052274,1.551,Comp0015,Web0002,6,1208,443,6,38,1071,26118
298937.598109426,0.197,Comp0043,DNS0001,17,6488,53,2,2,67,238
298947.20555274526,0.839,Web0006,DB0004,6,50923,5432,37,117,1786,9868
298947.2394847667,0.278,Comp0073,Web0001,6,37721,80,32,18,920,665
298956.7084792247,2.858,Comp0035,Web0005,6,24862,443,5,56,953,86622
298957.2942912285,4.715,Comp0015,Web0001,6,55027,443,5,28,133,12766
298958.2920609348,2.667,Comp0014,Web0001,6,20141,443,9,79,360,10605
298958.4293365411,11.753,Web0002,DB0001,6,53333,3306,41,75,1020,10405
298960.0806419999,2.606,Comp0020,Proxy0001,6,56346,3128,2,27,992,1795
298961.51867391425,0.762,Comp0021,Web0001,6,15118,443,2,25,1126,2119
298962.16830624756,0.932,Comp0019,Web0004,6,38112,80,9,49,8750,811
298964.7319359485,1.382,Comp0016,DC0002,6,60287,88,2,11,522,238
298967.83381373354,5.755,Comp0007,Web0003,6,9217,80,7,26,1041,7344
298971.4961619774,0.062,Comp0051,DNS0001,17,1556,53,2,2,74,114
298972.524879336,4.855,Comp0037,Web0003,6,19085,443,10,48,460,6092
298974.68960911856,3.52,Comp0029,FS0002,6,34875,445,17,98,1342,147633
298975.28920037724,1.117,Comp0071,Web0006,6,13387,80,8,17,3251,1254
298983.41457457904,0.901,Comp0006,Proxy0002,6,16284,3128,4,23,347,1689
298983.6444986091,9.653,Comp0041,Proxy0002,6,62870,3128,7,25,790,12380
298986.8239006561,7.803,Comp0025,DC0002,6,53731,389,12,3,179,472
298987.13256852137,0.013,Comp0058,DNS0002,17,48842,53,2,3,37,126
298988.2824463362,3.529,Comp0060,Mail0002,6,14424,993,3,14,782,1714
298993.18658978696,0.308,Comp0071,DNS0001,17,29309,53,3,2,91,142
298993.89654752665,10.401,Comp0052,FS0003,6,26556,445,7,31,1935,50804
298996.2362241349,0.079,Comp0069,Web0004,6,33666,443,9,15,162,2851
298998.47534744575,5.802,Comp0042,Web0006,6,48710,443,10,23,1467,1811
299000.90373786073,0.073,Comp0070,DNS0002,17,64374,53,3,3,67,54
299010.9150311686,10.434,Comp0061,Web0002,6,23642,443,10,30,158,25216
299012.74249782425,4.535,Comp0017,Proxy0002,6,19228,3128,5,18,703,2865
299013.5039966477,2.614,Comp0056,Web0001,6,47548,443,18,16,2553,3560
299014.84394315287,0.211,Comp0061,DNS0001,17,7488,53,2,3,29,123
299022.8726491676,1.61,Comp0031,Web0003,6,35369,443,13,24,847,30551
299031.24587117916,0.666,Comp0004,DC0001,6,28500,389,3,11,237,1137
299045.701158291,8.878,Comp0002,Web0004,6,29649,443,18,58,732,33507
299046.74180902855,26.03,Comp0008,Mail0002,6,22108,993,7,3,955,607
299049.78575805033,0.101,Comp0070,DNS0002,17,58631,53,2,3,68,298
299057.61490147474,1.147,Comp0005,Web0004,6,60661,443,19,70,651,3194
299060.55568556977,13.704,Web0002,DB0004,6,52982,3306,20,34,2273,254207
299065.13319211226,0.184,Comp0012,DNS0001,17,40532,53,3,3,39,41
299072.2826057185,15.388,Comp0013,Comp0011,6,12272,3389,9,4,808,1837
299077.540758778,0.244,Comp0075,FS0003,6,11677,445,13,56,11300,47382
299083.664886191,0.098,Comp0028,DNS0001,17,12801,53,3,2,83,95
299090.81604324596,5.995,Comp0016,Proxy0002,6,32517,3128,10,259,1538,9800
299094.44038089056,2.825,Comp0028,Mail0002,6,44382,993,4,4,775,654
299096.70505245123,0.009,Comp0020,DNS0002,17,2056,53,3,3,56,108
299098.366317515,1.36,Comp0074,DC0001,6,4312,389,7,24,2383,706
299100.0079125177,0.071,Comp0023,Mail0002,6,33020,587,5,6,336,3429
299105.0235734293,2.6,Comp0024,Web0003,6,62793,80,6,133,435,6908
299110.53283868975,13.597,Comp0054,Web0005,6,62188,80,17,46,776,5159
299111.89078574226,6.897,Comp0028,Proxy0001,6,18387,3128,7,67,2992,2682
299112.214425657,0.185,Comp0061,DNS0002,17,49400,53,3,3,48,299
299113.2109490826,12.525,Comp0012,Web0004,6,12323,80,7,80,554,30141
299114.32066029886,1.583,Proxy0001,Ext0014,6,10813,80,7,30,974,282
299115.8197416229,0.184,Comp0071,DNS0001,17,30939,53,2,2,97,210
299120.82198372314,0.26,Comp0027,DNS0002,17,10138,53,2,2,113,53
299123.174530838,4.171,Comp0066,Web0004,6,43781,443,13,30,4570,2686
299123.4723703177,0.806,Comp0063,DC0002,6,49940,389,9,3,428,4053
299125.7924937898,11.226,Comp0077,Web0003,6,31621,443,9,40,2066,1828
299126.05244320043,0.124,Comp0079,DNS0002,17,61023,53,2,3,87,175
299126.27722270036,0.137,Comp0046,DNS0002,17,63250,53,2,3,85,71
299126.8879848323,5.556,Comp0032,Proxy0001,6,53248,3128,8,20,885,2189
299135.2894008266,7.632,Comp0009,Web0001,6,13013,443,20,82,1919,30596
299136.68248662574,2.114,Comp0059,Mail0002,6,49327,993,3,4,433,901
299138.08031713776,0.005,Comp0075,DNS0002,17,33689,53,2,3,46,100
299142.2238088796,5.673,Comp0049,Mail0001,6,26128,993,12,4,658,472
299143.62518617796,0.681,Comp0062,FS0003,6,39172,445,15,232,1845,10514
299144.5761636747,0.359,Comp0028,Proxy0001,6,25743,3128,12,24,1244,8224
299148.00383714656,0.402,Comp0066,DC0001,6,31976,88,5,5,177,858
299150.5048277581,0.61,Comp0072,DNS0002,17,16202,53,2,3,90,187
299150.83400534216,3.526,Comp0037,DC0002,6,52596,389,5,5,131,596
299150.9394754351,17.403,Proxy0001,Ext0035,6,34319,80,8,10,560,14327
299158.06663920014,4.387,Comp0031,Proxy0002,6,46559,3128,5,15,4114,3432
299162.9334695464,13.152,Web0006,DB0003,6,4193,3306,20,47,1330,9765
299167.44688559347,2.509,Comp0028,FS0001,6,1091,445,25,146,682,20538
299169.599586277,0.235,Comp0040,DNS0002,17,41987,53,2,3,76,201
299171.2746757129,0.144,Comp0030,DNS0002,17,31195,53,2,3,54,79
299187.3416731546,0.014,Comp0069,DNS0002,17,30129,53,3,2,71,226
299201.9151604672,0.248,Comp0055,DNS0001,17,47805,53,2,3,83,256
299202.9969702617,7.66,Comp0058,Web0001,6,18723,80,8,28,1468,903
299208.53648709174,4.826,Comp0011,Proxy0001,6,17519,3128,3,53,1007,9220
299216.37322775257,14.297,Comp0020,Web0005,6,43193,80,3,24,174,5551
299218.6840266685,0.461,Comp0065,DNS0002,17,6667,53,3,2,60,262
299219.103314875,0.457,Comp0015,Web0006,6,45427,80,22,141,608,2587
299219.99693072616,1.226,Comp0018,Mail0001,6,50194,993,4,7,1538,402
299221.8706322074,8.213,Comp0049,Web0003,6,51406,443,15,43,2900,9055
299223.5097313924,6.069,Comp0025,Web0004,6,48416,443,10,78,908,63438
299228.2100684129,0.003,Comp0033,DNS0002,17,53866,53,2,3,75,176
299228.678995894,0.098,Comp0076,DNS0001,17,47897,53,2,2,38,110
299238.06812421296,2.624,Comp0047,Web0006,6,54487,443,9,20,1948,13480
299238.53838245035,5.08,Comp0067,DC0002,6,23466,88,6,8,253,443
299245.86226360715,5.546,Comp0070,Web0005,6,11041,80,10,22,770,1854
299248.541491263,6.681,Comp0076,DC0001,6,1401,445,29,20,450,1695
299252.48764740163,4.07,Comp0079,Proxy0001,6,47482,3128,10,36,1244,1208
299262.0090345211,0.039,Comp0013,DNS0001,17,21377,53,2,2,105,154
299271.53779038135,2.459,Comp0071,Proxy0002,6,38941,3128,14,46,438,8164
299274.0007200758,4.581,Comp0074,Web0002,6,50792,80,9,85,794,45382
299274.44358405867,0.06,Comp0042,DNS0002,17,1519,53,2,2,96,137
299274.7361262627,2.786,Comp0049,Web0003,6,40976,443,8,39,320,6011
299283.5103402708,0.625,Comp0043,FS0001,6,10175,445,4,75,324,3564
299293.0790867199,0.264,Comp0034,DNS0002,17,6074,53,3,2,70,65
299301.9589862117,1.143,Comp0073,Mail0001,6,29854,993,10,6,522,400
299304.9146680826,0.934,Comp0041,DC0001,6,47688,88,8,4,1442,1352
299312.90265471046,0.471,Comp0077,DNS0001,17,13339,53,3,3,37,64
299316.40681288694,0.126,Comp0071,DNS0002,17,14155,53,3,3,43,131
299362.02009104827,4.289,Comp0065,DC0002,6,41457,88,14,12,1452,466
299366.5057577034,0.01,Comp0020,DNS0002,17,62118,53,3,2,46,189
299370.0875173739,1.346,Comp0066,Proxy0001,6,36038,3128,16,17,435,6303
299371.1714706083,2.561,Comp0017,Proxy0002,6,8602,3128,2,43,376,4193
299373.83802956203,2.52,Comp0051,Web0003,6,4704,443,4,12,858,9912
299378.7918060577,0.307,Comp0076,DNS0002,17,17742,53,2,3,77,116
299381.48529711633,0.086,Comp0022,DNS0001,17,7889,53,3,2,56,152
299385.5216630457,10.93,Comp0051,Web0003,6,6246,443,5,25,747,1544
299413.16483951354,10.441,Comp0045,FS0003,6,54305,445,23,27,671,18080
299419.3704828502,5.434,Comp0023,Web0003,6,12451,80,4,12,315,2818
299419.7618169868,0.312,Comp0017,DNS0002,17,4788,53,3,3,61,259
299424.34116887656,2.904,Comp0025,DC0002,6,22432,389,47,7,503,300
299442.7055991835,1.158,Comp0065,DC0001,6,31569,88,7,5,481,565
299445.68444026314,6.787,Comp0050,Proxy0001,6,23067,3128,8,23,2452,5800
299446.1867047559,0.496,Comp0050,Web0004,6,19562,443,11,10,121,1898
299447.82329296216,9.104,Comp0009,Web0006,6,13164,443,5,29,1116,3253
299451.6663956734,0.341,Comp0044,DNS0001,17,64814,53,3,2,20,134
299452.59602749243,0.34,Comp0008,DNS0001,17,15547,53,2,3,70,207
299460.52333129523,2.707,Mail0002,Ext0033,6,55008,25,6,6,445,473
299464.364548194,1.095,Comp0035,Web0005,6,6795,443,23,9,274,9989
299470.8598226062,7.04,Comp0003,Web0002,6,60165,80,7,121,68,3984
299471.50780559506,13.169,Comp0055,FS0002,6,53121,445,13,43,287,39279
299471.79610178585,0.53,Comp0033,DNS0002,17,57144,53,2,2,50,135
299471.9191195985,0.152,Comp0014,DNS0002,17,51093,53,3,3,86,158
299472.3185964355,9.455,Comp0041,Web0001,6,57899,443,13,24,1451,5801
299474.11047573027,35.359,Comp0046,FS0001,6,50053,445,29,48,1229,28013
299481.9789051245,0.139,Comp0047,Web0003,6,5616,443,7,39,258,2790
299488.39758036274,0.021,Comp0063,DNS0002,17,49656,53,2,3,89,259
299490.60649092647,6.333,Comp0020,Web0005,6,34289,80,8,40,701,71610
299503.7780015136,0.06,Comp0008,DNS0001,17,18016,53,3,3,68,311
299508.1724401804,9.096,Comp0053,FS0003,6,13195,445,25,98,2451,50319
299512.6340335743,0.314,Comp0051,Web0001,6,13010,80,17,64,245,3848
299517.83963266714,1.907,Comp0065,DC0002,6,59560,389,13,8,1226,604
299529.2063160194,9.719,Comp0003,FS0002,6,25825,445,31,88,670,5564
299531.1019202164,0.389,Comp0030,DC0002,6,16421,88,6,3,56,568
299537.62410158355,2.05,Comp0035,Web0002,6,11111,443,8,16,2568,2336
299539.2253948845,9.668,Comp0053,Proxy0001,6,54214,3128,12,20,2588,5235
299541.26278798457,0.77,Comp0026,Mail0002,6,55251,587,9,3,176,3747
299541.64232741354,27.346,Comp0064,FS0002,6,64439,445,15,147,2603,23014
299541.70128804084,30.313,Comp0034,DC0002,6,58188,445,6,135,5806,102888
299543.8684007579,0.348,Comp0013,DNS0001,17,29565,53,2,2,61,182
299546.3121913005,0.3,Comp0065,DNS0001,17,59258,53,2,3,51,92
299546.7678796816,3.872,Comp0027,Web0001,6,63542,443,5,22,422,32910
299563.8110419908,15.059,Comp0078,Comp0063,6,40679,139,9,78,19240,712
299567.78357622586,5.74,Comp0027,Web0002,6,37662,443,4,11,987,327
299572.9599984864,8.502,Comp0063,Web0002,6,33295,443,19,39,284,8917
299575.54803530476,0.005,Comp0079,DNS0002,17,13053,53,2,2,80,86
299577.06742537156,1.694,Comp0077,DC0001,6,43455,389,3,3,823,907
299580.2648550095,0.012,Comp0017,DNS0001,17,29811,53,3,2,73,242
299583.4485147547,2.609,Comp0015,Web0003,6,10032,80,7,32,955,4525
299585.84518381784,5.193,Comp0045,Web0005,6,33177,443,7,106,680,10579
299587.13247539796,0.119,Comp0076,DNS0001,17,4274,53,2,3,86,92
299607.1551520432,5.003,Comp0021,DC0001,6,14163,88,4,4,425,937
299614.9325273974,2.324,Comp0040,DC0001,6,19043,445,20,34,2761,34908
299616.88461040775,14.108,Comp0019,FS0002,6,14736,445,25,85,2779,24963
299618.2533104626,10.635,Comp0065,Web0006,6,15676,443,18,17,558,4364
299621.27165119565,10.169,Comp0012,FS0001,6,28342,445,30,127,425,9058
299627.3709086704,8.012,Comp0006,Comp0010,6,60384,139,14,72,547,570
299631.5626590854,21.439,Comp0016,FS0001,6,63023,445,4,145,2637,26255
299642.5939352985,0.752,Comp0050,DNS0001,17,1924,53,2,2,85,109
299646.00177502603,5.451,Comp0073,DC0001,6,24734,389,4,17,1046,1002
299646.9602039468,2.442,Comp0017,Proxy0001,6,42283,3128,23,39,615,1385
299651.5165388484,0.317,Comp0019,DNS0002,17,63300,53,2,3,28,230
299654.5146883879,0.298,Comp0016,DNS0002,17,61174,53,2,2,38,120
299662.5560793181,7.421,Comp0020,FS0001,6,62368,445,6,270,1858,25096
299670.75219601823,16.517,Comp0057,Web0001,6,21958,443,20,43,154,2396
299676.69327753276,0.355,Comp0043,DNS0002,17,16744,53,2,2,78,185
299691.87449751375,7.558,Comp0014,Web0004,6,5389,80,40,27,279,13350
299696.2771004442,0.061,Comp0073,Web0001,6,47169,443,6,49,391,19516
299700.32513501914,13.459,Comp0078,Web0005,6,16009,443,4,16,1070,5039
299705.32258001127,0.486,Comp0028,DNS0001,17,53672,53,2,3,35,117
299711.2168627659,1.033,Comp0046,DC0001,6,48283,88,4,10,316,775
299713.9123506471,9.227,Proxy0002,Ext0017,6,26755,443,10,123,1026,2373
299715.19551287265,0.538,Comp0068,Proxy0001,6,9546,3128,4,15,595,3194
299720.1677274836,6.185,Comp0033,Proxy0001,6,56707,3128,3,56,156,2298
299721.66702314495,1.076,Comp0053,DC0002,6,45702,88,4,8,96,978
299721.7147034867,5.62,Comp0061,Proxy0001,6,9546,3128,9,19,311,3195
299730.3234916825,4.85,Comp0051,Web0001,6,13078,443,8,28,3230,1001
299732.18638332817,0.625,Comp0027,DC0002,6,26212,389,5,8,2033,873
299734.9425286383,7.416,Comp0006,Web0006,6,18067,443,13,63,419,4034
299746.39198262646,0.067,Comp0059,DNS0001,17,31203,53,3,3,41,68
299757.8140829219,0.003,Comp0063,DNS0002,17,49708,53,3,3,82,123
299764.4741911209,0.358,Comp0070,DNS0002,17,51566,53,2,2,93,179
299771.9529695557,4.888,Comp0078,Comp0065,6,16742,445,21,37,408,790
299773.29375928285,0.035,Comp0068,DNS0002,17,17613,53,2,3,55,99
299778.7736052116,3.35,Comp0016,Web0004,6,50544,443,6,117,866,1178
299788.1271679411,0.324,Comp0038,Web0002,6,22038,80,3,36,854,1767
299790.5160885782,3.041,Comp0009,Mail0002,6,36145,993,8,7,570,1641
299799.4169370827,3.731,Comp0010,DC0001,6,50271,389,6,3,362,163
299805.7395100526,0.636,Comp0051,Web0006,6,57592,443,7,84,608,95888
299808.51590248465,0.233,Comp0058,DNS0002,17,8576,53,3,2,50,124
299812.5623417756,3.083,Comp0042,Web0005,6,15321,443,10,93,801,11354
299815.97124134656,1.338,Comp0043,Web0005,6,38847,443,14,19,278,1988
299822.22066148755,0.191,Comp0047,DNS0001,17,54740,53,3,2,116,115
299823.6846291118,0.225,Comp0058,DNS0001,17,3220,53,2,2,106,105
299831.1977633841,1.35,Comp0071,DC0001,6,57744,445,16,45,20785,5244
299842.2245751608,2.001,Comp0038,Web0005,6,13096,443,4,78,697,7284
299845.20469749084,4.554,Comp0064,Mail0002,6,30976,993,5,5,195,1010
299847.02711430704,5.65,Proxy0001,Ext0004,6,24757,443,6,20,415,4799
299861.1011732372,2.729,Comp0007,DC0002,6,56454,445,23,119,10034,1862
299864.83342466794,0.753,Comp0037,Web0002,6,27301,443,9,36,420,38597
299869.4095050134,4.393,Comp0066,Web0001,6,24269,80,12,24,1431,1281
299880.4289861956,19.341,Comp0035,FS0003,6,36341,445,9,170,4536,213960
299885.07817624754,13.911,Comp0077,Web0006,6,12380,443,4,90,596,31795
299890.241990028,0.008,Comp0039,DNS0002,17,43771,53,3,2,53,163
299891.76010255393,19.824,Comp0074,FS0002,6,15469,445,18,246,8130,4412
299891.90642159036,0.453,Comp0013,DNS0002,17,59208,53,2,2,37,184
299892.2998389039,0.332,Comp0048,Proxy0002,6,32360,3128,11,84,273,14858
299905.04029135004,0.016,Comp0067,Web0005,6,57109,80,16,25,527,435
299905.5474039704,0.292,Comp0004,FS0001,6,42160,445,13,71,487,858
299922.07641590794,1.958,Comp0080,Web0004,6,40016,80,3,40,1218,3696
299930.61638942483,0.006,Comp0038,DNS0002,17,60706,53,2,2,44,81
299938.4502068871,0.075,Comp0001,DNS0002,17,10237,53,2,2,55,205
299939.16473993985,4.1,Comp0074,Mail0001,6,50131,993,4,7,539,1360
299939.740517997,9.466,Comp0051,Mail0002,6,39278,993,13,15,1387,635
299942.3889405839,2.252,Comp0068,Web0003,6,52262,80,11,43,2807,2741
299950.3439104504,1.957,Comp0007,DC0002,6,62880,88,3,18,219,306
299957.74947399186,2.937,Comp0061,Web0005,6,43791,443,11,30,174,5502
299959.38223019394,1.541,Comp0006,Web0005,6,43436,443,15,160,1034,55691
299959.78946452035,2.29,Comp0073,Web0003,6,44800,443,5,62,730,6104
299961.4073727935,46.553,Comp0032,FS0002,6,7502,445,43,140,1325,2490
299964.68573389243,11.385,Comp0031,FS0002,6,8612,445,11,172,339,77062
299967.24635905423,52.171,Comp0044,FS0003,6,13505,445,13,64,15881,8927
299970.8007468992,0.115,Comp0058,DNS0002,17,28479,53,3,3,121,239
299972.9036386863,1.043,Comp0026,Web0001,6,8217,80,4,11,75,24758
299977.21779939655,0.053,Comp0007,DNS0001,17,45771,53,3,2,142,96
299979.41200962395,2.37,Comp0042,DC0001,6,59270,445,16,157,7528,9266
299981.5431682792,1.204,Comp0029,Proxy0001,6,29026,3128,2,92,932,19067
299982.4093438214,4.879,Comp0033,Web0006,6,63569,443,11,27,2306,404
299989.010750724,2.047,Comp0015,DC0002,6,6599,88,13,13,623,152
299990.6674170621,0.164,Comp0052,DNS0001,17,51587,53,2,2,125,70
299997.2989353347,5.028,Comp0074,Web0005,6,64550,443,15,37,418,8146
300000.54319076537,0.214,Comp0002,Mail0001,6,59581,587,5,6,230,1077
300003.6238026503,0.029,Web0005,DNS0002,17,50206,53,2,2,58,149
300009.1465661578,0.354,Comp0012,DNS0001,17,63469,53,2,3,77,132
300011.27931223006,9.344,Comp0080,Web0001,6,1269,80,34,8,1960,4469
300013.5828396161,0.013,Comp0009,DNS0001,17,42288,53,2,2,50,210
300015.0262261821,0.317,Comp0015,DNS0001,17,35818,53,2,3,27,205
300017.21084512054,0.844,Comp0010,Web0002,6,47980,443,8,53,166,3392
300017.62103630987,0.147,Comp0039,DNS0002,17,35727,53,2,4,50,144
300019.25969436136,0.188,Comp0078,FS0002,6,29992,22,9,9,537,12
300026.85407293745,0.132,Comp0027,DNS0002,17,18221,53,2,2,64,271
300027.82229223085,0.025,Proxy0001,DNS0001,17,33825,53,3,3,60,191
300028.7012873455,0.07,Comp0013,DNS0002,17,14709,53,2,3,82,107
300031.80990210007,2.915,Comp0060,DC0001,6,62914,88,6,6,150,339
300033.9207412817,3.788,Comp0057,Web0003,6,1886,80,20,22,2472,115859
300036.05270627217,0.8,Comp0053,DNS0002,17,18750,53,3,2,101,97
300039.3544417077,1.757,Comp0047,DNS0002,17,38034,53,2,3,68,160
300045.7415019795,6.94,Web0001,DB0001,6,55743,3306,25,70,1423,18198
300056.15182705194,4.496,Web0002,DB0002,6,18133,3306,33,270,2213,3571
300056.5477293959,0.081,Comp0054,DNS0002,17,20514,53,2,2,44,195
300057.0195816544,2.453,Comp0047,Mail0002,6,21792,993,2,8,284,991
300058.4355294978,3.556,Comp0040,DC0001,6,33196,88,6,4,415,275
300061.55599052843,0.211,Comp0021,Web0006,6,50248,80,5,3,1307,18413
300063.5989665911,4.548,Comp0022,Proxy0002,6,33588,3128,6,57,1008,7662
300074.6373725882,4.117,Comp0073,Mail0002,6,18238,587,8,13,3206,391
300081.43617373914,0.086,Comp0075,DNS0001,17,21117,53,2,3,70,91
300084.63857306016,2.521,Comp0051,Web0003,6,19200,443,10,24,1164,6183
300086.2790357378,0.055,Comp0016,DNS0001,17,34380,53,3,2,41,106
300087.172385452,4.905,Comp0062,Proxy0001,6,39480,3128,36,39,877,4826
300087.88544017647,32.871,Comp0039,FS0001,6,5054,445,47,142,2587,136610
300088.0780929789,0.327,Comp0080,DNS0002,17,29096,53,4,2,126,109
300093.8813741529,0.78,Comp0023,DC0001,6,11162,88,13,17,294,1856
300096.76694685424,0.069,Comp0061,DNS0002,17,45515,53,2,2,139,153
300099.5591716328,0.177,Comp0043,DNS0001,17,23647,53,2,3,75,137
300102.829771282,3.311,Comp0042,Web0006,6,32756,443,10,33,1119,1906
300108.1994657349,0.24,Comp0013,Web0001,6,27162,80,3,55,453,97775
300119.5274874182,0.193,Comp0018,DNS0001,17,50483,53,3,3,62,331
300128.93573382834,0.113,Comp0059,FS0001,6,58215,445,23,122,2070,28045
300134.1534687462,0.652,Comp0069,Web0006,6,21458,443,21,36,2606,7713
300134.5296425647,0.863,Comp0065,Mail0002,6,15956,993,4,8,402,2917
300148.23542216263,0.474,Comp0012,DNS0001,17,54488,53,2,2,47,266
300155.1647924285,1.538,Comp0045,DC0001,6,33444,389,5,4,341,570
300155.54104095505,0.573,Comp0077,Mail0002,6,53786,587,8,2,418,686
300159.96523930685,2.95,Comp0060,Web0002,6,35301,443,10,51,746,15559
300168.34998600266,1.917,Comp0070,Proxy0001,6,46674,3128,18,32,797,16395
300174.7986041648,1.95,Comp0057,DC0001,6,60643,389,5,3,105,211
300182.8080078473,0.639,Comp0021,DC0002,6,24089,88,3,8,473,478
300187.46257627604,37.308,Comp0010,FS0002,6,37334,445,67,56,302,10143
300189.74013738555,1.469,Comp0018,Proxy0002,6,40670,3128,10,18,326,8336
300191.9847855849,3.249,Comp0050,DC0001,6,20213,389,13,5,106,178
300197.00008795515,0.113,Comp0030,DNS0002,17,63698,53,3,2,50,185
300207.6492148211,2.153,Comp0042,Web0005,6,2171,80,6,26,796,7647
300210.82151004125,0.352,Comp0072,DNS0001,17,61041,53,3,4,51,108
300211.66290798236,9.715,Comp0017,FS0002,6,57895,445,26,95,4286,11146
300215.1640993689,7.605,Comp0050,Web0001,6,42500,80,9,16,1521,2410
300215.45416326023,1.992,Comp0031,DC0002,6,32006,88,8,4,207,476
300216.4313469839,0.178,Comp0022,DNS0002,17,62663,53,3,3,53,105
300216.70155769575,0.133,Comp0062,DNS0002,17,11880,53,3,3,73,84
300220.24965743435,29.211,Comp0069,FS0001,6,29046,445,40,193,1112,7168
300224.49515506305,7.4,Comp0048,Proxy0002,6,33140,3128,7,24,430,10098
300227.16003788006,0.877,Comp0060,DC0002,6,4925,389,4,10,552,417
300231.6606253999,0.536,Comp0073,Web0005,6,60046,443,8,31,965,2609
300234.3313358391,4.221,Comp0050,DC0002,6,40785,389,4,4,338,594
300236.67405764293,12.986,Comp0029,Mail0002,6,46768,993,6,8,163,98
300236.78202876623,3.505,Comp0032,Web0002,6,43464,443,7,29,741,4615
300244.601839868,1.08,Comp0058,Web0003,6,7063,80,8,30,4018,2782
300245.2704223264,0.242,Comp0039,DNS0001,17,48061,53,2,2,58,132
300248.5892019824,4.942,Comp0058,Web0001,6,52886,443,18,19,465,506
300249.7253296234,0.211,Comp0002,DC0002,6,16834,389,4,4,522,705
300250.03648955456,1.366,Comp0064,Proxy0001,6,28140,3128,8,79,2149,13352
300257.9779890513,1.406,Comp0060,Mail0001,6,48642,993,8,9,575,2824
300258.2620722924,0.45,Comp0012,DNS0002,17,44520,53,4,2,60,170
300263.6844130709,0.317,Comp0003,DNS0002,17,13160,53,3,2,95,213
300267.0213588988,0.132,DC0001,DNS0002,17,31407,53,4,2,121,156
300267.17234910117,0.152,Comp0078,DNS0001,17,20566,53,2,2,67,119
300270.2075797766,14.193,Comp0047,Web0006,6,36535,443,11,47,693,10704
300281.88577858516,1.016,Comp0030,Mail0002,6,22014,587,10,6,915,1084
300290.48608811264,0.156,Comp0025,DNS0001,17,20173,53,3,3,113,78
300299.0923849167,11.54,Comp0022,FS0002,6,3944,445,8,37,2940,9927
300302.58734229364,7.001,Comp0036,Web0004,6,8924,80,19,5,1917,1383
300303.38739522634,3.992,Comp0080,Mail0001,6,31900,587,4,7,208,420
300306.10282051755,8.199,Comp0009,Web0003,6,7043,80,2,37,869,10043
300309.48341082956,5.809,Comp0030,Proxy0001,6,62554,3128,22,73,756,3544
300314.24753002793,11.416,Comp0001,DC0001,6,15831,88,7,11,156,256
300319.9791523141,0.01,Comp0073,Web0004,6,1999,80,8,34,464,15464
300322.6230679534,3.235,Comp0013,DC0002,6,62641,88,3,2,364,188
300325.4420660248,2.642,Comp0044,DC0002,6,3804,88,3,7,352,81
300333.4510804734,1.84,Comp0072,DC0001,6,61465,389,4,14,322,538
300333.7929842143,23.668,Comp0008,FS0003,6,40223,445,18,120,1961,40642
300335.7091605705,15.965,Comp0041,FS0003,6,22239,445,29,63,1638,856
300336.26198021957,3.643,Comp0076,Web0002,6,43704,443,12,19,1392,4407
300336.6127146577,0.069,Comp0033,DNS0001,17,32104,53,2,3,169,103
300340.50718844926,0.772,Comp0038,Web0001,6,64643,443,15,21,232,5395
300341.0851955992,0.345,Comp0015,DNS0002,17,58011,53,3,3,71,68
300342.1328485216,0.268,Comp0015,DNS0002,17,10393,53,2,2,202,57
300345.15392301144,0.006,Comp0009,DNS0001,17,58800,53,2,2,99,206
300362.1294673618,9.192,Comp0045,Mail0001,6,60788,587,7,6,250,297
300364.9281997536,3.67,Comp0056,Web0002,6,44878,443,12,67,654,5496
300365.79600331455,8.088,Comp0033,Mail0002,6,45740,993,6,19,494,102
300368.4529780294,0.755,Comp0019,Web0006,6,26967,80,25,129,1376,601
300368.9014478573,0.403,Comp0077,FS0001,6,26773,445,76,34,2289,9889
300377.45828357036,1.613,Comp0062,DC0002,6,45075,389,4,10,611,235
300383.8376523963,0.023,Comp0080,DNS0002,17,51661,53,2,3,103,177
300389.1436608409,8.534,Comp0078,Mail0001,6,42665,993,5,16,1570,283
300391.29493616545,0.698,Comp0046,Proxy0002,6,60948,3128,13,68,492,5261
300391.613688064,0.487,Comp0040,Web0003,6,27291,443,8,20,1865,7561
300394.07142139116,0.066,Comp0054,DNS0001,17,64392,53,4,2,56,129
300395.4938195899,0.058,Comp0033,DNS0001,17,40214,53,3,2,42,149
300395.56410761183,0.591,Comp0029,Web0006,6,15932,443,14,32,537,22315
300396.38790143107,0.051,Comp0005,DNS0001,17,15896,53,2,3,48,163
300401.7486715379,4.094,Comp0064,Web0005,6,30854,443,16,60,1894,25164
300414.12494278536,7.194,Comp0041,Proxy0001,6,48082,3128,6,22,887,33577
300416.85792563244,0.241,Comp0047,DNS0001,17,17953,53,3,3,84,165
300419.61306741316,0.027,Comp0052,DNS0001,17,62438,53,3,2,49,171
300436.2552547361,2.1,Comp0050,Web0006,6,59823,443,4,24,604,1906
300439.7072866261,0.404,Comp0046,DC0002,6,60975,389,4,7,556,746
300443.9388218809,0.905,Comp0015,Web0002,6,3395,443,8,83,235,7503
300444.0590330578,5.155,Comp0059,FS0002,6,5493,445,13,59,2234,4365
300445.51106582995,7.792,Comp0012,Proxy0002,6,36071,3128,26,66,1550,431
300451.86258569534,0.051,Comp0037,DNS0001,17,44638,53,2,2,84,100
300454.03787888755,0.046,Comp0029,DNS0001,17,57807,53,2,3,100,168
300454.2592063906,0.013,Comp0066,DNS0002,17,28398,53,2,3,61,304
300458.19145395694,1.433,Comp0007,DC0001,6,62847,88,13,10,273,211
300461.2228630352,0.524,Comp0008,DC0002,6,9167,88,2,8,715,549
300462.37909108924,1.27,Comp0044,DC0001,6,7992,445,9,111,946,20985
300465.4278492364,1.603,Comp0069,DC0001,6,49755,88,4,16,151,3951
300478.3669651845,0.15,Comp0002,DNS0002,17,21616,53,3,3,55,79
300478.9625507158,3.137,Comp0011,Web0006,6,29290,443,5,64,716,2557
300479.483344119,19.137,Comp0015,FS0001,6,23613,445,4,19,1848,19513
300481.4869781154,2.844,Comp0010,Proxy0001,6,51903,3128,6,37,1297,2072
300489.64596896106,21.388,Comp0001,FS0002,6,24662,445,18,138,6237,68661
300493.42314295506,0.105,Comp0015,DNS0002,17,2150,53,2,2,45,79
300494.29996857245,6.247,Comp0070,DC0001,6,32169,445,26,121,686,745
300496.41318617185,3.334,Comp0076,DC0001,6,46652,445,114,67,3408,2969
300497.6686218926,46.435,Web0003,DB0002,6,26438,3306,22,96,7241,6515
300506.237056388,0.204,Comp0050,DNS0001,17,48811,53,2,2,91,135
300506.9191054724,0.116,Comp0066,DNS0002,17,64715,53,2,3,43,144
300506.9528236884,0.36,Comp0050,DNS0001,17,33100,53,3,2,50,184
300519.7965000109,0.018,Comp0007,DNS0002,17,48823,53,2,2,95,212
300522.6368484641,0.682,Comp0011,Proxy0001,6,14440,3128,11,43,542,3192
300523.62323664705,0.089,Comp0052,DNS0002,17,42453,53,2,2,79,145
300528.2823617752,0.238,Comp0004,DNS0001,17,18176,53,3,2,65,152
300535.12604903075,7.325,Comp0042,DC0002,6,35447,88,3,5,235,352
300537.99948888493,1.283,Comp0047,Web0004,6,56912,443,7,20,1203,1230
300538.5210747257,0.155,Comp0048,DNS0001,17,23830,53,2,2,67,147
300543.0473165116,26.788,Comp0050,Web0002,6,56719,443,8,90,190,8230
300546.7799774623,33.144,Comp0011,FS0003,6,49035,445,5,113,4071,2930
300547.29852927866,0.112,Comp0069,DNS0001,17,31942,53,2,2,64,186
300555.6780775311,1.958,Comp0054,DC0002,6,2216,389,6,4,446,521
300555.8756403967,7.549,Comp0001,Proxy0001,6,39030,3128,6,6,2089,13537
300557.81249118433,2.363,Comp0080,Web0004,6,62748,443,6,21,1434,15338
300562.67143776896,0.086,Comp0047,DNS0002,17,31432,53,2,3,101,143
300563.1550297303,4.717,Comp0053,Web0001,6,16019,443,47,32,2103,5064
300563.2898880008,0.2,Comp0003,DNS0001,17,5171,53,3,3,56,192
300569.8219304062,0.488,Comp0004,DNS0002,17,12139,53,2,2,68,279
300573.39398479485,0.141,Comp0034,DNS0001,17,35839,53,2,2,32,67
300575.29129888624,0.956,Comp0050,Web0004,6,40194,80,9,20,331,5847
300579.46916032716,0.43,Comp0005,DC0002,6,9982,389,5,9,38,536
300581.73485433415,0.959,Comp0052,Web0002,6,37610,443,23,30,710,1679
300586.19291593507,0.276,Comp0065,DNS0002,17,44143,53,2,3,156,125
300587.7253783102,5.827,Comp0048,DC0001,6,31891,88,6,5,66,626
300588.0466815501,1.078,Comp0050,Proxy0002,6,48330,3128,9,43,397,3595
300588.3501158652,0.032,Comp0031,DNS0002,17,43527,53,3,3,87,135
300592.9521974938,3.01,Comp0056,Web0005,6,5333,443,11,36,276,2835
300596.12141003495,12.364,Comp0032,Web0001,6,24414,443,11,21,554,4900
300597.2469440626,1.742,Comp0016,Web0005,6,8090,443,6,94,5391,22274
300598.682521141,2.846,Comp0002,Web0001,6,10330,443,10,29,136,2893
300601.2747641222,5.23,Comp0078,Comp0014,6,60354,445,12,53,6849,1753
300603.1583469291,0.032,Comp0054,DNS0002,17,64670,53,2,3,130,159
300605.1836062227,17.407,Comp0012,FS0003,6,1153,445,32,143,1091,6089
300607.14784291683,1.329,Comp0071,Web0001,6,40768,443,5,367,1578,12376
300618.22513359843,5.265,Comp0060,Proxy0001,6,36748,3128,14,144,239,4146
300627.15855901747,1.656,Comp0075,Web0004,6,15445,443,6,74,214,3335
300628.1667565475,13.011,Comp0020,Web0006,6,19198,80,4,64,1741,820
300631.6988025368,2.51,Comp0016,Web0006,6,2264,443,4,86,815,10767
300633.69164923934,0.605,Comp0059,Proxy0002,6,16791,3128,18,77,823,2326
300654.43563872745,2.552,Comp0040,DC0002,6,20567,88,6,7,189,450
300656.2120317245,0.281,Comp0071,Web0004,6,2422,443,5,28,1838,6093
300663.4569498453,4.248,Comp0031,Web0002,6,31147,443,15,17,1944,14106
300682.86030532484,63.452,Comp0045,FS0001,6,33385,445,47,52,882,17638
300683.3405716749,0.887,Comp0076,Web0002,6,23027,443,8,45,758,1301
300691.34891135787,4.012,Comp0080,Web0005,6,9518,443,3,24,1060,2850
300693.90460203413,6.993,Comp0042,Proxy0002,6,65202,3128,8,20,610,5651
300697.3800193474,0.669,Comp0058,Web0003,6,64228,443,24,21,276,38815
300703.4869501886,8.407,Web0006,DB0003,6,45197,3306,9,54,456,13934
300704.00021605514,0.065,Comp0055,DNS0002,17,41780,53,3,2,55,255
300705.8148840203,4.342,Comp0057,Web0003,6,62041,443,8,36,1059,15171
300708.0679237668,0.093,Comp0021,DNS0002,17,39158,53,3,3,95,148
300708.21742873767,6.909,Comp0080,Web0003,6,40732,443,12,22,822,4874
300712.8538214147,0.789,Comp0068,Web0006,6,18636,443,7,60,622,13794
300724.35501184553,6.074,Comp0052,Proxy0002,6,31992,3128,2,58,163,3285
300726.11009180767,6.651,Comp0078,Comp0003,6,11309,3389,9,3,297,65
300726.6357093758,1.762,Comp0074,Mail0001,6,32990,993,2,11,586,210
300732.0077522441,2.714,Comp0072,DC0001,6,6816,88,4,8,292,480
300735.5148370455,8.559,Comp0044,Web0004,6,54036,80,6,41,540,4099
300740.3143990028,5.844,Comp0065,Mail0001,6,7682,993,8,10,1085,1222
300745.56297852716,9.696,Comp0075,DC0002,6,37136,445,13,261,159,36415
300747.6980440941,0.34,Comp0037,Web0005,6,36781,443,13,19,884,2144
300752.2822094987,1.05,Comp0080,FS0001,6,12921,445,39,23,598,27258
300765.1909048543,14.956,Comp0005,FS0001,6,17334,445,41,38,2143,1287
300766.5357034896,13.522,Comp0078,Comp0058,6,26461,445,10,51,415,279
300767.51985564467,22.95,Comp0025,Web0004,6,40936,443,8,43,755,24788
300768.4216480605,0.618,Comp0018,DNS0001,17,30080,53,2,2,86,109
300772.45509177155,0.124,Comp0059,DNS0001,17,58998,53,2,2,48,176
300773.4656288466,9.562,Comp0065,Web0006,6,61613,443,5,21,616,2623
300783.4193303954,1.018,Comp0011,DB0002,6,10117,3389,13,15,51,505
300785.27103962086,27.674,Comp0006,Comp0046,6,10625,445,64,53,534,216
300786.2200246525,7.936,Comp0010,DC0002,6,5592,445,17,249,1329,15777
300790.99781000754,2.268,Web0003,DB0003,6,32990,5432,7,110,5560,28289
300792.2449427433,1.788,Comp0006,Comp0068,6,38840,135,11,7,426,31
300794.26450735354,0.49,Comp0041,DNS0001,17,31972,53,3,3,81,179
300796.5091539351,3.643,Comp0078,DB0003,6,37635,139,5,365,2096,2753
300797.6633390946,4.821,Comp0063,DC0001,6,20788,88,5,9,97,325
300806.5278566141,0.278,Comp0068,DNS0002,17,47629,53,2,2,146,119
300810.80002101033,0.13,Comp0045,DNS0001,17,19348,53,2,2,74,91
300819.26435823477,5.094,Comp0042,Web0006,6,19232,443,21,30,731,6250
300828.6769081494,1.644,Comp0071,Proxy0001,6,11735,3128,14,57,443,4845
300829.9005838342,0.634,Comp0051,DNS0001,17,10015,53,2,3,46,82
300831.6182865349,0.688,Comp0009,DNS0002,17,29168,53,2,3,51,78
300835.21697140584,0.395,Comp0058,DNS0002,17,9345,53,2,3,67,295
300836.5543550454,1.777,Comp0012,Mail0002,6,35909,993,3,6,840,713
300837.4748299263,3.01,Comp0039,DC0002,6,56276,88,8,6,132,439
300841.7726681226,4.184,Comp0026,DC0002,6,58658,88,4,12,745,774
300846.4290840098,0.998,Comp0014,DC0001,6,45509,88,5,6,571,1219
300848.3651099645,19.238,Comp0035,FS0001,6,28377,445,16,132,882,41508
300849.1434877042,48.107,Comp0009,DC0002,6,31772,445,48,185,1938,25372
300853.4182701493,0.169,Comp0065,DNS0001,17,9467,53,3,3,86,188
300858.97489601775,0.265,Comp0069,Web0003,6,50957,80,6,14,401,4108
300870.3480056504,1.066,Comp0040,Proxy0002,6,28828,3128,5,29,212,1690
300876.29817076155,0.027,Comp0020,DNS0002,17,45200,53,3,2,64,63
300882.58509943046,0.505,Comp0078,DNS0002,17,8770,53,2,2,67,112
300888.56952466373,3.912,Comp0012,Web0005,6,63543,80,8,39,722,14271
300893.7830960428,9.695,Proxy0002,Ext0005,6,42686,80,15,82,231,12711
300897.10877634934,1.311,Comp0017,Proxy0001,6,65002,3128,10,33,119,21690
300897.11074295343,4.189,Comp0022,FS0003,6,38537,445,19,92,2523,11727
300903.4363147388,5.066,Comp0028,Proxy0002,6,39213,3128,10,51,170,6351
300910.9912943318,0.15,Comp0055,DNS0001,17,22403,53,3,3,127,109
300913.5657876695,1.817,Comp0023,Web0005,6,46679,443,22,70,242,5892
300915.500591766,0.34,Comp0033,DNS0002,17,33995,53,3,2,60,230
300916.44522197446,0.094,Comp0055,DNS0001,17,16525,53,2,3,36,159
300917.20771591394,22.976,Comp0075,FS0001,6,19584,445,28,44,3044,6688
300917.4355626041,0.34,Comp0004,Web0006,6,30476,443,8,26,1064,11571
300917.95043070515,0.552,Comp0040,Web0004,6,35619,443,6,45,328,68518
300937.29763518274,0.224,Comp0045,DNS0002,17,20252,53,2,3,76,157
300944.84116492723,0.076,Comp0076,DNS0002,17,62940,53,2,2,58,180
300952.0257367166,0.04,Comp0058,Proxy0001,6,58706,3128,12,331,621,2840
300961.9904569834,17.965,Comp0063,Proxy0002,6,37117,3128,8,72,552,7521
300965.6133801187,0.119,Comp0063,DNS0001,17,36757,53,2,2,19,230
300966.7363046118,11.051,Proxy0001,Ext0032,6,59884,443,9,145,792,11971
300968.47462052054,4.731,Comp0064,Proxy0001,6,4440,3128,18,24,347,14823
300969.4872885809,5.228,Comp0056,Web0006,6,2179,443,12,23,326,2738
300970.12825076043,1.507,Comp0024,DC0002,6,55327,88,15,22,372,2507
300975.8352328425,0.036,Comp0023,DNS0001,17,13113,53,2,3,127,424
300976.20909560524,0.243,Comp0061,DNS0001,17,40864,53,3,3,54,209
300981.6814230073,6.708,Comp0071,Web0005,6,55087,443,24,29,2007,4368
300986.5076851809,7.91,Web0005,DB0004,6,21061,5432,47,38,6447,1692
300991.5485737721,0.885,Comp0032,Mail0001,6,32879,587,3,11,959,271
300995.132079199,11.884,Comp0047,Web0004,6,56274,443,17,91,662,5010
301004.576379932,3.217,Comp0006,DB0001,6,58050,22,6,10,525,17
301008.4794591735,8.241,Comp0077,FS0002,6,34122,445,18,202,942,4084
301024.87384029484,0.123,Comp0020,DNS0001,17,25797,53,3,3,72,142
301026.2608571651,2.823,Comp0072,Proxy0002,6,64500,3128,19,19,705,3317
301033.8787844592,8.912,Comp0013,DC0002,6,32691,389,10,5,510,329
301037.6275591685,0.847,Comp0053,Web0005,6,6617,443,9,12,482,5160
301038.60228054674,3.029,Comp0057,Proxy0002,6,37413,3128,8,21,702,31873
301045.7993041289,6.405,Comp0027,Web0004,6,46798,443,14,42,331,6231
301045.9641190696,0.074,Comp0006,DNS0001,17,28996,53,2,4,45,169
301050.86874566786,1.221,Comp0065,Web0003,6,2400,443,14,101,774,9590
301052.38428584876,0.628,Comp0033,Web0004,6,61985,80,4,23,489,4291
301053.9976125639,4.981,Comp0071,DC0002,6,54941,88,14,13,169,413
301054.1239644382,1.196,Comp0030,FS0003,6,16148,445,14,48,5853,2782
301054.4375969136,1.787,Comp0005,Web0006,6,6135,443,26,42,2096,1233
301055.49841724115,16.525,Comp0013,FS0002,6,43315,445,19,22,3100,4149
301056.40212179045,3.823,Web0004,DB0002,6,48806,5432,26,55,7381,7301
301056.81750082376,0.297,Comp0080,DNS0001,17,61298,53,2,3,54,237
301059.6326273516,14.235,Comp0077,DC0001,6,37590,445,45,158,1268,22764
301064.0072448643,9.392,Comp0048,Proxy0001,6,62701,3128,20,106,963,1912
301064.48443232715,36.169,Comp0024,FS0003,6,64593,445,24,78,238,33640
301068.26728105335,2.178,Comp0078,Proxy0002,6,56234,3128,4,176,1104,1248
301068.46820639673,5.698,Comp0018,Web0004,6,22660,80,24,79,771,7477
301069.959987707,0.002,Comp0027,DNS0002,17,18600,53,2,3,73,119
301072.0529684446,1.287,Comp0023,Web0002,6,2055,443,24,29,3445,9121
301080.5856209064,0.396,Comp0048,DNS0002,17,33571,53,3,2,72,290
301082.0484388663,0.136,Comp0072,DNS0002,17,8213,53,3,3,136,204
301087.7604244043,0.167,Comp0018,DNS0001,17,57413,53,3,3,52,241
301091.2462392937,0.719,Comp0080,DNS0002,17,7995,53,2,2,48,138
301098.352034572,0.044,Comp0019,DNS0001,17,37518,53,3,4,84,47
301099.6953667813,6.303,Comp0042,DC0001,6,48670,445,81,138,2822,8966
301110.63317248796,3.158,Comp0031,DC0001,6,58471,445,5,92,10469,21638
301112.9227317519,0.123,Comp0017,DNS0002,17,51770,53,2,2,66,137
301113.8589880112,2.398,Comp0067,Comp0011,6,43913,3389,10,27,158,1111
301115.08367037843,5.683,Comp0042,DC0001,6,46382,389,8,9,761,390
301117.9660973811,0.737,Comp0050,Web0004,6,28804,443,13,24,4103,3813
301118.25504278264,8.22,Comp0073,FS0002,6,23824,445,13,21,1954,31608
301121.37185859395,0.439,Comp0056,DNS0002,17,11244,53,2,3,95,151
301124.0736227146,18.175,Comp0040,Web0004,6,56976,443,4,124,421,22326
301126.1955314314,1.398,Comp0013,Proxy0002,6,33695,3128,21,68,331,12112
301129.89438311715,0.289,Comp0002,DNS0001,17,23189,53,3,3,55,312
301129.9468439557,9.148,Comp0009,Web0006,6,24089,443,11,50,210,17352
301131.62450302474,0.088,Comp0029,DNS0001,17,42101,53,2,3,111,125
301133.41096611525,3.578,Comp0027,Proxy0002,6,63838,3128,9,24,2125,2964
301134.4791589275,0.976,Comp0042,DC0001,6,44274,88,7,6,353,3297
301136.252166265,3.356,Web0003,DB0001,6,13737,3306,16,49,959,5988
301144.2517048155,1.545,Proxy0001,Ext0039,6,23027,443,9,58,881,3818
301147.43581688555,0.287,Comp0006,DNS0002,17,60537,53,2,2,71,149
301149.5487688549,10.262,Comp0012,Proxy0002,6,18825,3128,4,58,1555,38695
301152.6917038444,10.299,Comp0063,FS0003,6,41307,445,12,61,456,3823
301156.52411836945,5.293,Comp0071,Web0001,6,47113,80,8,78,870,2599
301158.3188391396,0.106,Comp0037,DNS0001,17,5438,53,2,3,41,60
301159.3826788447,2.214,Comp0002,DC0002,6,27840,389,4,9,378,463
301165.831039773,6.351,Comp0030,DC0001,6,16629,445,18,53,3976,8286
301167.79242649203,1.273,Comp0033,Proxy0002,6,12450,3128,6,58,815,2800
301170.05650541995,2.966,Comp0070,Web0005,6,46537,443,7,166,452,5425
301170.082678565,13.133,Comp0065,Web0004,6,16673,443,4,11,189,5065
301177.37845908705,17.123,Comp0026,DC0001,6,12064,445,30,68,2982,3950
301186.3308364474,9.151,Comp0013,Proxy0001,6,41851,3128,6,17,1031,21092
301190.693231818,0.066,Comp0060,DNS0001,17,38924,53,3,4,71,63
301195.3270380446,0.392,Comp0031,DNS0002,17,19127,53,3,2,55,156
301196.0796199623,2.094,Comp0070,Web0001,6,3179,443,3,50,434,6039
301197.31970405125,7.353,Comp0020,Web0006,6,5164,443,10,19,506,22184
301200.26172250253,6.992,Comp0012,Web0006,6,64700,443,22,26,323,1475
301202.7284892115,6.937,Comp0050,Web0006,6,52106,443,9,25,1186,25787
301204.648836051,0.104,Comp0078,DNS0001,17,9797,53,2,2,115,176
301207.6738729872,1.6,Comp0046,Web0005,6,14692,80,16,13,651,44323
301213.51452547347,0.495,Comp0026,DNS0001,17,42295,53,2,2,54,120
301214.2581443106,0.114,Comp0025,DNS0001,17,21233,53,2,3,53,107
301219.51998189685,2.819,Comp0045,Web0005,6,18480,443,11,118,288,97285
301233.2631953103,0.886,Comp0072,Web0001,6,42116,443,17,12,706,2647
301247.43651466264,2.376,Comp0049,Web0006,6,24462,443,12,69,1385,10882
301247.8626247468,0.585,Comp0024,DNS0002,17,34657,53,2,2,57,77
301249.46910428186,0.528,Comp0046,Web0005,6,39185,443,10,14,492,784
301252.57095916755,0.082,Comp0001,DNS0001,17,18201,53,3,2,60,62
301261.8670360546,0.721,Comp0053,Web0006,6,4471,443,7,14,1243,26495
301264.82734743616,1.304,Comp0059,DC0001,6,42308,88,6,7,628,347
301265.4491856226,0.339,Comp0030,Web0004,6,55959,443,8,8,883,2598
301266.03226766834,1.755,Comp0070,FS0003,6,45167,445,140,9,1100,13633
301277.0286149077,0.275,Comp0068,DNS0002,17,24918,53,2,3,52,166
301277.5083685133,2.636,Comp0009,Web0006,6,31774,443,11,65,481,5570
301279.4439065998,7.754,Comp0047,Web0001,6,54992,443,6,21,641,70517
301283.24008935865,0.573,Comp0035,DC0002,6,25886,88,6,13,507,1111
301284.32040497113,1.13,Comp0037,Web0003,6,62985,443,6,39,1647,50782
301285.35775228566,2.791,Comp0042,DC0002,6,16773,445,51,301,3438,327358
301288.89153071155,2.551,Comp0040,Web0006,6,21680,443,13,35,362,11750
301289.4136793377,0.465,Comp0055,DC0002,6,42193,445,48,87,2181,2300
301293.4762148573,0.124,Comp0030,DNS0001,17,48447,53,3,3,60,71
301302.23050878267,10.838,Comp0004,FS0001,6,52553,445,15,276,483,11870
301303.3134152729,0.027,Comp0046,DNS0002,17,63618,53,2,2,52,158
301307.4613527384,1.808,Comp0073,Comp0011,6,31572,3389,14,3,98,237
301309.65471135103,0.61,Comp0032,Mail0002,6,27141,993,38,23,226,556
301310.34537863074,0.082,Comp0024,Mail0001,6,65038,993,5,11,486,284
301314.2634687554,2.076,Comp0049,Web0001,6,8491,443,3,21,263,12825
301317.46476642037,0.204,Comp0009,DNS0001,17,32048,53,2,3,48,467
301319.1457115576,0.059,Comp0006,DNS0001,17,47939,53,2,3,97,253
301321.2770381827,2.148,Comp0025,Web0002,6,26368,80,7,51,750,11927
301321.97976255766,4.37,Mail0001,Ext0007,6,39726,25,10,6,191,725
301322.2231540941,10.008,Comp0063,FS0001,6,51252,445,13,367,19903,37236
301323.4169583784,0.298,Comp0011,DNS0002,17,20656,53,2,2,89,171
301326.58080724045,2.0,Comp0045,Web0001,6,56741,80,11,47,811,74516
301328.1098802177,7.748,Comp0021,FS0002,6,51760,445,27,29,1364,11206
301330.23757390666,0.656,Comp0013,Proxy0002,6,51680,3128,5,20,462,2997
301334.51581890055,2.146,Comp0031,Mail0001,6,39260,993,5,3,591,1083
301336.47574702837,0.117,Web0005,DNS0002,17,23089,53,2,2,135,180
301342.2775057731,1.567,Comp0018,Mail0001,6,39330,993,8,5,118,806
301355.23634678236,0.396,Comp0017,DNS0002,17,48291,53,3,3,43,146
301359.3910019732,1.241,Comp0054,DC0001,6,5635,88,10,8,259,472
301364.19192409085,8.886,Comp0060,Web0001,6,8970,443,15,14,365,5692
301368.3523217917,2.654,Comp0044,Proxy0002,6,18145,3128,6,23,1008,2913
301372.5760442795,3.507,Proxy0002,Ext0025,6,64719,80,11,58,1915,20141
301374.81236396823,0.039,Comp0079,DNS0002,17,51358,53,2,4,78,139
301377.4990255459,0.054,Comp0080,DNS0002,17,12122,53,2,3,69,176
301380.6085658089,25.322,Comp0018,Web0003,6,39944,443,6,23,3272,10272
301383.9173497305,20.154,Comp0022,FS0002,6,49699,445,18,219,411,36210
301387.2773566102,5.529,Comp0036,Web0004,6,28038,443,5,23,6174,2740
301391.6875554719,4.732,Comp0020,Web0002,6,16790,80,12,17,86,2342
301392.2943742698,5.323,Comp0015,DC0002,6,45357,88,6,17,555,669
301394.20317542966,6.655,Comp0037,DC0001,6,60797,389,9,6,426,692
301404.68683206954,3.098,Comp0066,Web0003,6,48431,443,14,44,2960,10906
301417.94044579426,0.072,Comp0019,DNS0001,17,51043,53,3,3,61,159
301419.2955725618,2.178,Comp0078,Web0004,6,36015,443,8,40,1283,6315
301419.84371135244,0.077,Comp0008,DNS0002,17,60016,53,2,3,59,90
301422.9986278162,2.163,Comp0063,DC0001,6,17280,389,2,7,342,375
301425.05698450486,2.355,Comp0067,DC0001,6,28511,88,14,15,215,5002
301430.83029989025,0.196,Comp0037,DNS0001,17,22409,53,2,3,61,89
301445.4218501409,0.133,Comp0013,DNS0001,17,26332,53,2,2,108,160
301447.1842864692,6.572,Comp0050,Mail0001,6,8552,993,13,7,1018,70
301453.60738380696,2.143,Comp0004,Web0005,6,41842,443,10,38,103,938
301459.05565025785,23.682,Web0002,DB0004,6,8703,3306,7,140,544,7501
301463.082047603,2.339,Comp0007,Web0004,6,58479,443,21,11,639,3130
301464.3681051583,1.838,Comp0006,DC0001,6,9214,389,7,6,298,882
301464.8699286663,0.077,Comp0010,DNS0002,17,26426,53,4,2,88,99
301465.67865171103,1.318,Comp0039,Web0004,6,62282,443,4,60,510,6221
301472.64662758197,0.113,Comp0015,DNS0002,17,62420,53,2,3,64,81
301480.27090701065,0.205,Comp0039,DNS0001,17,21026,53,2,4,93,206
301490.72989421035,0.1,Comp0074,DNS0001,17,47035,53,3,3,76,222
301495.0280783853,3.901,Comp0049,Web0003,6,38605,443,9,7,1108,4477
301501.79330229724,15.535,Comp0016,DC0001,6,60894,445,21,58,4753,4009
301511.20284816896,0.292,Comp0046,DNS0001,17,61721,53,3,3,46,252
301515.61866802064,2.368,Comp0051,Web0002,6,37376,443,4,28,1185,5822
301518.54564089084,0.031,Comp0041,DNS0002,17,50705,53,2,2,67,107
301522.61407292064,5.251,Comp0080,Proxy0001,6,32274,3128,5,82,900,2799
301525.48873350327,1.912,Comp0022,Web0006,6,21125,443,5,40,4397,4788
301533.9693269111,10.308,Comp0008,Web0002,6,33400,443,10,29,2044,11579
301539.36324491556,1.219,Comp0065,Web0002,6,40331,80,8,46,332,12128
301540.1112603098,0.28,Comp0008,DNS0001,17,7652,53,2,2,46,246
301542.0520610963,4.752,Comp0007,DC0001,6,49699,88,4,5,478,359
301544.9003678205,1.086,Comp0034,Web0001,6,55238,443,6,59,811,9350
301554.87718200573,4.108,Comp0060,Web0005,6,30202,80,10,39,1025,9855
301555.744335849,5.207,Comp0036,Web0005,6,15866,443,5,77,239,3601
301555.80625572545,0.21,Comp0070,DNS0001,17,11616,53,2,3,98,156
301558.69484643167,6.954,Comp0044,Web0001,6,28815,443,8,72,1034,1850
301566.06188830984,1.436,Comp0025,Mail0002,6,63049,993,9,7,594,407
301567.1650383863,0.114,Comp0054,DNS0002,17,48167,53,3,2,37,177
301568.7443817113,0.177,Comp0023,DNS0002,17,46389,53,3,2,63,133
301572.8727054559,7.884,Comp0016,Web0003,6,63756,443,4,46,204,7295
301574.3201819734,2.749,Web0006,DB0001,6,23354,3306,17,117,8221,54941
301575.29615048185,0.083,Comp0006,DNS0001,17,25764,53,3,3,30,171
301576.1425121645,2.285,Comp0033,Web0006,6,27330,80,15,22,325,5127
301577.1523382655,2.4,Comp0061,FS0001,6,9803,445,18,142,1549,2778
301578.7029094019,0.398,Comp0040,DNS0002,17,3108,53,3,3,44,268
301579.212676526,0.081,Comp0038,DNS0001,17,42893,53,3,2,56,240
301581.3335187516,16.723,Comp0068,Web0001,6,6176,80,13,102,616,3373
301584.6007233632,8.594,Comp0077,Web0005,6,27156,443,6,27,487,9327
301587.4598677716,0.74,Comp0056,DNS0001,17,21615,53,3,2,59,370
301589.37672896724,0.047,Comp0068,DNS0001,17,40253,53,2,2,103,97
301591.19088304206,9.222,Comp0067,Web0001,6,17413,443,5,17,507,1956
301592.9490807714,0.144,Comp0060,DNS0001,17,42754,53,2,3,33,103
301599.1823577131,0.105,Comp0017,DNS0001,17,55311,53,2,3,90,130
301604.91130404535,1.988,Comp0077,Web0001,6,54404,80,16,71,669,7885
301612.0998578298,0.091,Comp0067,DNS0001,17,54510,53,3,3,35,34
301621.27405794093,1.829,Comp0063,Mail0001,6,14409,587,3,7,742,1156
301633.5211012365,5.269,Comp0020,Web0005,6,32566,443,4,52,2101,2371
301633.8665757417,0.542,Comp0003,Proxy0001,6,47092,3128,22,39,1539,8430
301636.8991330064,5.462,Comp0059,Mail0002,6,34069,587,5,10,929,440
301636.9334500213,0.95,Comp0023,Web0001,6,64401,443,19,51,1167,16028
301645.2679548053,0.109,Comp0062,DNS0001,17,33183,53,2,2,117,85
301648.997281277,0.149,Comp0040,DNS0001,17,4398,53,2,3,22,271
301655.06618903135,0.349,Comp0013,Web0002,6,22853,80,3,65,111,7208
301663.91264518804,0.015,Comp0053,DNS0001,17,5363,53,3,2,31,133
301665.85219432926,0.046,Comp0014,Proxy0001,6,50401,3128,16,49,722,1170
301666.6186400913,2.791,Comp0041,Proxy0001,6,1540,3128,5,48,382,641
301674.25092402,4.3,Comp0008,DC0002,6,43656,88,8,3,198,841
301678.5848218085,3.716,Comp0017,Proxy0002,6,18199,3128,5,101,455,5664
301681.1857449627,21.927,Comp0010,DC0002,6,7772,445,17,59,644,80571
301681.40919400554,1.88,Comp0006,Mail0001,6,31894,993,9,4,823,219
301682.5233899466,7.557,Comp0018,DC0002,6,39842,445,17,322,386,31063
301688.0051143911,7.391,Comp0068,Web0002,6,57924,443,2,20,915,34921
301690.3793349925,2.778,Comp0022,Web0002,6,47055,443,17,54,1004,11404
301693.05543505144,3.65,Comp0045,Proxy0002,6,53735,3128,5,27,428,19168
301695.64508308534,7.496,Comp0024,DC0002,6,5719,389,8,2,47,679
301696.91466505476,0.546,Comp0037,Mail0002,6,50473,587,5,9,100,1219
301699.1535751544,14.564,Comp0005,FS0002,6,36672,445,34,46,1538,28342
301701.74804669997,2.32,Comp0013,Proxy0002,6,51826,3128,6,100,532,5872
301706.096065675,4.555,Comp0043,Web0003,6,20085,443,5,41,826,5276
301710.4936508524,24.441,Comp0019,Web0002,6,13171,443,14,58,851,13073
301712.54769526754,0.228,Comp0013,DNS0002,17,26054,53,2,3,101,138
301715.20219322486,1.257,Comp0011,DB0004,6,42306,22,3,6,591,279
301722.5080032972,0.066,Comp0025,DNS0001,17,39017,53,3,2,55,124
301723.5298234661,2.672,Comp0002,Proxy0002,6,56712,3128,7,16,1238,811
301729.5219033328,0.117,Comp0009,DNS0001,17,62912,53,2,2,65,145
301730.9900436318,6.524,Comp0039,DC0002,6,36445,389,8,7,579,672
301731.2345557242,0.06,Comp0015,DNS0002,17,34465,53,2,3,35,124
301732.3946985281,4.622,Comp0041,Proxy0002,6,41719,3128,9,15,848,3142
301733.998044685,0.175,Comp0068,DNS0001,17,22181,53,2,2,93,183
301742.3913009507,1.636,Comp0002,Web0003,6,45783,443,11,7,8525,15920
301746.9362522765,1.007,Comp0069,DC0002,6,35436,88,4,10,179,482
301747.22996648797,0.009,Comp0014,DNS0001,17,38510,53,2,2,60,357
301748.3525993252,32.226,Comp0015,FS0001,6,32817,445,44,18,1482,30071
301750.93600103824,3.966,Comp0054,Proxy0002,6,41570,3128,9,64,3567,1025
301753.78722862306,13.457,Comp0069,Proxy0001,6,29789,3128,3,20,510,11068
301753.8934292925,6.234,Comp0033,Web0005,6,14549,443,7,124,1787,4837
301754.13284473796,0.858,Mail0001,DC0002,6,8954,389,7,5,236,3534
301759.34133741376,0.328,Comp0065,DNS0002,17,3205,53,3,3,76,122
301768.4838070157,1.739,Proxy0001,Ext0018,6,53246,443,7,9,308,15109
301772.79506011214,12.312,Comp0030,Web0003,6,51278,443,7,26,742,38380
301774.6174124379,0.03,Comp0072,DNS0001,17,62702,53,3,2,114,402
301775.75181303814,0.412,Comp0064,DNS0002,17,2563,53,3,3,73,183
301782.37193627964,20.173,Comp0004,Web0006,6,6123,443,5,79,1574,24927
301789.48311375687,0.651,Comp0030,Web0006,6,6170,80,14,68,546,2021
301789.96814884205,0.075,Comp0016,DNS0001,17,36656,53,3,3,51,162
301793.1319033037,0.56,Comp0050,Proxy0002,6,63918,3128,10,62,278,844
301795.4801081263,3.852,Comp0010,Web0002,6,41876,443,6,42,2077,6752
301805.21953133587,10.684,Comp0007,Web0004,6,30981,443,4,17,3351,4022
301806.760370431,0.091,Comp0049,DNS0001,17,9117,53,2,2,59,240
301811.5889398877,3.213,Comp0033,Web0005,6,34334,443,4,17,547,2300
301812.4907088836,0.385,Comp0014,DNS0002,17,14378,53,3,2,58,213
301818.8589915554,12.853,Comp0014,Proxy0001,6,23019,3128,6,50,469,7444
301819.2081599763,0.121,Comp0056,DC0002,6,42847,88,4,17,716,399
301820.7442302807,0.533,Comp0077,DNS0001,17,63184,53,2,3,72,217
301823.55673483026,2.448,Comp0028,Web0001,6,14193,80,70,46,1719,2081
301825.191062906,0.655,Comp0004,Mail0001,6,45645,993,6,15,395,808
301827.47429931565,17.96,Comp0057,DC0002,6,15534,445,21,30,5718,21996
301828.32934174745,1.833,Comp0060,FS0001,6,41781,445,48,193,731,23435
301829.70956519427,0.751,Comp0042,DNS0002,17,49077,53,2,3,95,203
301833.3244063173,0.063,Comp0041,DNS0001,17,7341,53,3,3,57,175
301841.0788245741,0.322,Comp0059,DNS0002,17,55829,53,2,2,83,199
301841.1631690415,0.219,Comp0009,DNS0002,17,16193,53,2,2,75,130
301846.60678794363,2.282,Comp0030,DC0001,6,44805,389,3,4,261,3337
301862.350523292,0.032,Comp0006,DNS0002,17,41253,53,2,3,121,227
301871.47109543264,4.931,Proxy0002,Ext0029,6,4660,443,14,10,1332,10073
301873.21695454966,5.912,Comp0076,Proxy0002,6,6484,3128,6,27,113,6465
301873.9987251537,2.193,Comp0003,Web0004,6,4459,80,9,46,160,23146
301875.5905302473,0.084,Comp0073,DNS0001,17,22759,53,3,2,72,256
301878.46680035634,1.558,Comp0015,Mail0002,6,46001,587,4,5,272,685
301880.45450911473,1.277,Comp0004,Web0006,6,49704,443,3,21,186,4466
301883.4493708024,1.536,Comp0030,Proxy0001,6,49456,3128,2,21,1094,2800
301885.55908104335,0.779,Comp0042,DC0002,6,50289,389,4,10,191,3076
301885.71061976015,12.894,Comp0045,FS0003,6,31036,445,26,155,2905,23061
301889.8935572021,4.374,Comp0052,FS0002,6,51643,445,6,155,444,9354
301891.7780410058,3.412,Comp0067,Web0004,6,40997,443,12,38,583,27793
301894.1088460238,1.515,Comp0045,FS0002,6,16736,445,15,91,1088,21056
301896.1254031198,0.196,Comp0030,Web0003,6,28576,80,17,33,656,11635
301896.377741563,4.232,Comp0065,FS0002,6,57468,445,39,33,3688,1305
301896.7825218996,4.032,Comp0030,Proxy0001,6,24937,3128,21,28,2282,456
301906.311276901,2.215,Comp0041,Web0001,6,6165,443,7,71,1021,3651
301908.3547614671,41.087,Comp0051,DC0001,6,41561,445,67,66,1667,6910
301909.7010334573,1.511,Comp0062,DC0001,6,22943,88,7,6,189,242
301912.00593711884,2.866,Comp0063,Proxy0002,6,29445,3128,3,119,834,7638
301913.5773291105,1.765,Comp0078,Comp0015,6,38405,445,22,181,945,1549
301915.12834601314,7.607,Comp0068,Proxy0002,6,28875,3128,10,136,87,20515
301919.85987181484,0.026,Comp0041,DNS0002,17,42180,53,2,3,131,78
301920.3745502045,0.193,Comp0039,Web0006,6,14203,80,9,32,488,3706
301922.4642583044,0.111,Comp0056,DNS0002,17,8647,53,3,2,45,407
301925.62075282534,20.101,Comp0012,DC0002,6,31699,445,34,162,1581,16751
301927.0116586597,3.158,Comp0077,Web0006,6,8469,443,14,57,6797,1471
301927.92138981767,1.332,Comp0051,Web0001,6,48443,80,9,59,591,3284
301930.2605653743,0.458,Comp0011,DNS0002,17,2680,53,2,2,51,101
301930.9828700097,43.799,Comp0021,FS0001,6,55876,445,26,187,358,4202
301936.28775950277,1.626,Comp0079,Web0006,6,21990,443,10,32,790,7026
301942.17630361574,0.138,Comp0008,DNS0001,17,8128,53,2,3,83,95
301942.6577876091,0.548,Comp0010,DC0002,6,5657,445,28,94,3130,6150
301944.3854299372,0.549,Comp0005,Web0002,6,22395,443,5,13,553,15887
301945.74722232326,5.4,Comp0041,DC0002,6,34046,389,14,4,65,159
301946.86528924434,0.573,Comp0037,Web0005,6,44617,443,7,66,468,6323
301950.922729394,0.375,Comp0044,DNS0002,17,19724,53,3,3,46,191
301951.01552102494,0.36,Comp0071,DNS0001,17,8312,53,3,2,78,135
301961.2728629895,0.206,Comp0008,DNS0001,17,8591,53,2,4,57,126
301961.753476836,7.853,Comp0032,Proxy0001,6,4203,3128,17,74,1327,71433
301964.502367465,3.629,Comp0012,Web0002,6,14204,80,4,84,1991,7020
301965.1955422449,0.127,Comp0006,Web0003,6,41017,443,11,33,3069,10009
301965.7965513218,10.507,Comp0061,DC0001,6,21151,389,4,15,754,417
301965.89885073015,11.137,Comp0023,DC0001,6,12338,445,5,105,1517,28976
301970.0176548675,2.336,Comp0035,Mail0001,6,2025,993,4,3,141,1200
301974.85024072265,0.511,Comp0065,Mail0002,6,37537,587,6,6,135,2208
301975.90237228025,0.274,Comp0041,DNS0001,17,38559,53,2,4,49,114
301978.61661928345,5.377,Comp0011,DC0002,6,17094,88,7,3,106,663
301980.9771836958,0.205,Comp0050,DNS0001,17,61324,53,3,2,72,314
301982.736744468,0.304,Comp0036,Mail0002,6,28427,587,5,6,292,74
301986.7173989227,6.164,Comp0025,Web0002,6,6179,443,4,25,309,4366
301990.46569081146,4.895,Comp0076,Web0006,6,14451,80,17,52,1303,7432
301998.80564599216,4.131,Comp0019,Web0002,6,58395,80,7,7,612,2043
302001.96613989037,0.765,Comp0008,Web0006,6,50483,443,23,41,3826,14696
302005.32025362697,0.055,Comp0065,DNS0002,17,46595,53,3,2,37,193
302013.7267933412,15.953,Comp0057,Web0006,6,48013,443,12,100,1661,31378
302017.66349746176,3.645,Comp0030,Web0004,6,58285,443,4,98,1056,56668
302018.9876920646,4.409,Comp0026,Proxy0002,6,41259,3128,18,24,1100,10006
302019.0812587257,0.004,Comp0072,DNS0002,17,22006,53,2,2,89,132
302027.66726347903,0.044,Comp0021,DNS0002,17,26948,53,3,3,99,307
302028.07406901056,3.327,Comp0011,FS0002,6,44265,22,4,5,963,1365
302029.5767414143,2.823,Comp0025,DC0001,6,4643,88,6,9,298,2306
302031.66438538436,0.087,Comp0066,DNS0002,17,11240,53,2,3,144,127
302033.6637676184,0.114,Comp0012,Web0005,6,17368,80,9,34,592,4954
302040.0606853582,0.304,Comp0026,DNS0001,17,31802,53,3,2,133,113
302041.6988843871,0.099,Comp0048,DNS0002,17,8999,53,2,3,88,183
302045.6396877471,9.531,Comp0054,FS0003,6,15926,445,7,210,3701,32265
302047.03137509903,0.102,Web0002,DB0004,6,28480,3306,8,40,5765,16032
302053.257120434,8.758,Comp0024,FS0003,6,53830,445,76,211,1077,11660
302054.2151828864,1.23,Comp0008,Mail0001,6,23102,587,6,10,286,1466
302059.53515997966,8.392,Comp0003,DC0001,6,29956,445,16,23,2061,2383
302061.20689541346,20.455,Comp0060,Web0006,6,6719,443,4,17,1372,5507
302066.2221413733,27.746,Comp0047,FS0001,6,35542,445,28,39,400,12116
302068.0232579459,0.703,Comp0078,Web0002,6,52595,443,5,169,5722,3126
302083.1026210021,3.219,Comp0072,Web0006,6,26097,443,22,35,335,4481
302084.69595041545,0.266,Comp0017,DNS0001,17,47084,53,3,2,59,112
302085.53034086176,6.181,Comp0078,Comp0080,6,51785,139,40,337,1171,845
302085.55344731826,4.77,Comp0031,Proxy0001,6,18264,3128,12,124,283,7129
302085.64181740896,0.03,Comp0052,DNS0001,17,9475,53,2,3,59,159
302085.676318318,0.189,Comp0079,DNS0001,17,52267,53,3,2,79,112
302088.58162697824,8.57,Comp0045,Web0002,6,59627,443,6,19,1466,16292
302092.8231760839,4.401,Comp0070,Proxy0002,6,42389,3128,19,19,1470,21709
302099.25755626976,3.529,Comp0047,Web0005,6,54729,80,5,27,495,16069
302102.2847218163,1.219,Comp0037,Proxy0002,6,3682,3128,14,52,382,5363
302113.70512280846,0.012,Comp0039,DNS0002,17,9544,53,2,2,64,64
302113.8130343306,1.822,Comp0075,Proxy0002,6,15968,3128,15,51,1162,4906
302118.3208757081,0.418,Comp0049,DNS0002,17,1428,53,2,2,78,236
302128.6046957858,0.086,Comp0044,DNS0002,17,21151,53,4,2,112,85
302131.7770237579,0.0,Comp0008,DNS0002,17,40751,53,2,3,119,206
302132.79356956686,19.625,Comp0027,Proxy0001,6,45882,3128,6,10,64,840
302134.9709585316,2.987,Comp0062,Proxy0001,6,30627,3128,8,233,1072,2104
302135.96420509927,8.713,Comp0053,Web0002,6,23828,80,8,4,1594,18147
302139.4610870584,0.463,Comp0049,DNS0002,17,58089,53,2,2,44,139
302152.43798507034,0.41,Comp0043,Web0001,6,46426,443,6,102,1640,21606
302157.5147587054,0.24,Comp0069,DNS0002,17,43931,53,3,2,80,224
302157.5201659796,4.85,Comp0071,Proxy0002,6,10525,3128,10,49,401,2322
302157.65011790406,12.659,Comp0062,Web0004,6,36732,443,9,41,1610,10983
302164.48763071897,1.127,Comp0043,Proxy0002,6,50415,3128,9,29,461,6391
302169.6198780931,0.723,Comp0019,Web0004,6,48414,80,14,101,1125,2196
302180.0897886545,19.48,Comp0055,FS0001,6,17769,445,49,63,4333,48776
302183.6221970831,5.027,FS0001,DC0002,6,38454,88,6,31,773,672
302188.1568826216,0.206,Comp0001,DNS0001,17,20473,53,2,2,112,156
302191.981298835,13.282,Comp0036,DC0001,6,28543,445,25,75,1820,10200
302207.3693588794,0.073,Comp0044,DNS0001,17,26129,53,2,3,93,130
302208.7958791537,5.494,Comp0019,Proxy0002,6,15776,3128,8,25,1764,1155
302209.41807077697,2.858,Comp0067,DC0002,6,38706,389,15,4,1015,511
302216.00388384366,1.684,Comp0015,FS0003,6,13030,445,39,63,1020,59257
302226.30617127597,5.206,Comp0047,Web0003,6,39705,80,10,75,353,7383
302226.7013669496,26.135,Comp0008,Proxy0002,6,61144,3128,23,44,801,969
302230.60345638543,8.764,Comp0061,DC0002,6,54981,88,7,5,453,1712
302232.78642085183,19.462,Comp0073,FS0001,6,64487,445,26,72,4349,107478
302235.0644379583,0.037,Comp0003,DNS0002,17,9887,53,3,2,73,82
302237.09750023374,0.128,Comp0052,DNS0002,17,17473,53,3,2,41,182
302239.89034967276,5.846,Comp0073,Web0001,6,40121,443,6,33,54,34344
302240.8229815504,3.29,Comp0059,Mail0001,6,3518,993,7,13,560,437
302240.8421280937,0.056,Comp0067,DNS0002,17,35276,53,2,3,79,182
302242.52837100485,0.25,Comp0053,DNS0002,17,8965,53,2,3,38,115
302244.0896817737,0.216,Comp0040,DNS0001,17,25584,53,2,3,63,162
302244.6974346052,10.727,Comp0075,Web0001,6,21093,443,4,70,1484,6810
302245.87683251343,0.068,Comp0027,DNS0001,17,52958,53,2,3,78,184
302248.16312212386,3.197,Comp0051,DC0001,6,30815,445,11,39,1036,9031
302251.2150538801,4.991,Comp0036,Web0004,6,60776,80,12,8,497,75633
302254.023103323,0.268,Comp0065,DNS0001,17,53170,53,2,3,126,150
302256.8686612618,2.354,Comp0053,DC0002,6,49850,445,12,42,4467,38164
302257.1129833632,3.0,Comp0057,FS0001,6,12503,445,24,113,3726,11388
302280.82264852605,8.735,Comp0078,Proxy0002,6,54905,3128,6,15,433,5754
302288.431044939,0.038,Comp0080,DNS0002,17,37851,53,3,2,108,51
302296.44418144715,6.213,Comp0046,Web0002,6,28397,443,4,58,272,36924
302300.4277213106,8.121,Comp0065,Web0004,6,58836,443,7,25,1384,5661
302303.7513413305,0.069,Comp0045,DNS0001,17,10765,53,3,2,103,143
302308.6764097261,0.024,Comp0008,DNS0001,17,65067,53,3,2,116,233
302321.339769044,12.029,Comp0006,Web0003,6,21030,445,52,100,4332,2874
302328.7264364331,1.097,Comp0016,DNS0002,17,36894,53,3,3,141,118
302330.6912098329,8.867,Comp0070,FS0002,6,15175,445,27,94,4427,19892
302331.8802289467,0.215,Comp0044,Web0005,6,44292,443,18,69,1017,33435
302337.72843124624,19.248,Comp0039,DC0002,6,49450,445,4,357,1833,19073
302341.3521992583,6.736,Comp0061,FS0002,6,37146,445,32,51,4453,2384
302348.3783421892,2.204,Comp0021,Mail0002,6,32054,993,9,3,1005,1655
302351.6509594288,9.104,Comp0016,FS0003,6,2083,445,33,53,4109,6578
302352.0700093308,0.155,Comp0031,DNS0002,17,12693,53,3,3,45,219
302355.5365639146,11.565,Comp0056,DC0002,6,30128,88,9,22,639,465
302360.55169233924,0.02,Comp0033,DNS0001,17,21486,53,3,2,89,92
302361.63999479247,1.115,Comp0074,Web0002,6,42324,443,33,13,302,5279
302365.55291290506,0.007,Comp0026,DNS0001,17,38122,53,3,3,92,109
302366.071181702,0.938,Comp0004,Proxy0001,6,60174,3128,25,40,3258,5288
302368.6960759846,0.038,Comp0022,DNS0001,17,43357,53,2,3,52,375
302375.4169056143,0.012,Comp0059,DNS0001,17,24921,53,2,2,96,63
302381.6902039187,0.009,Comp0047,DNS0001,17,1355,53,4,3,52,283
302387.375389328,0.029,Comp0020,DNS0002,17,51373,53,2,2,67,144
302389.1126690625,1.017,Comp0031,Mail0001,6,17997,993,3,5,454,684
302394.9939203771,0.11,Comp0063,DNS0002,17,13050,53,2,2,73,142
302396.19239008974,2.857,Comp0049,Web0005,6,61337,443,7,67,636,22963
302407.9871239187,0.153,Comp0044,DNS0001,17,43480,53,2,3,59,173
302430.8997640197,8.901,Comp0030,Web0002,6,54914,80,2,190,341,18440
302435.1343560278,0.125,Comp0001,DNS0001,17,34780,53,3,2,105,99
302438.49278476805,1.172,Comp0020,FS0001,6,42424,445,70,68,2278,174686
302443.9565146481,15.146,Comp0037,FS0003,6,5383,445,23,53,1022,30398
302444.2068685245,0.147,Comp0044,DNS0002,17,11165,53,3,2,58,213
302450.5573753514,3.243,Comp0055,Web0006,6,22873,80,12,76,252,3629
302452.2032655165,18.563,Comp0059,Web0001,6,25757,443,13,73,203,1029
302453.4582648605,0.344,Comp0050,DNS0001,17,54969,53,3,2,105,129
302454.00191718835,12.547,Comp0030,FS0003,6,61270,445,22,63,19641,13848
302458.3837501049,0.284,Comp0009,DC0001,6,50831,445,20,48,4282,4592
302465.0359703026,5.711,Comp0062,Web0003,6,56437,443,4,30,3645,11932
302465.8105899516,0.071,Comp0074,DNS0002,17,8874,53,2,2,52,192
302465.94967539073,0.014,Comp0006,DNS0002,17,41919,53,2,2,77,430
302467.6447024052,3.539,Comp0035,Proxy0001,6,10327,3128,6,10,573,3241
302469.43844726414,0.422,Comp0072,Web0004,6,2480,443,13,44,2079,5390
302470.7379239493,0.227,Comp0078,DC0002,6,40967,135,6,14,243,31
302472.69469225366,0.019,Comp0055,DNS0001,17,57429,53,2,3,71,99
302477.61688653723,0.075,Comp0074,DNS0001,17,40043,53,3,3,72,207
302477.90552994295,3.354,Comp0011,Web0002,6,45735,443,14,34,1229,8413
302481.5576035976,5.112,Comp0060,Mail0002,6,43897,993,6,4,1057,4239
302488.0550285228,8.365,Comp0080,FS0002,6,31891,445,17,120,2842,29278
302488.3659615409,0.156,Comp0056,DNS0001,17,38189,53,2,3,106,87
302490.32919655804,0.156,Comp0026,DNS0002,17,41932,53,3,3,77,70
302492.16678690317,0.198,Comp0039,DNS0002,17,3766,53,2,2,82,43
302496.09376671416,7.51,Comp0065,FS0003,6,42725,445,19,51,3936,20406
302497.1250090819,7.329,Comp0013,DC0001,6,48370,88,6,8,489,2840
302507.987011611,6.527,Comp0004,FS0003,6,50095,445,8,133,2510,8170
302508.02260121814,0.706,Comp0032,Mail0002,6,51484,587,11,4,384,320
302514.15877890104,0.402,Comp0021,DNS0002,17,62084,53,3,2,97,192
302515.18655704946,14.998,Comp0058,DC0001,6,45593,445,74,54,1137,6666
302521.199171817,3.785,Comp0048,DC0002,6,38644,389,6,5,305,561
302522.0574097154,10.965,Comp0045,DC0001,6,23316,389,3,11,1289,1137
302523.7717943938,1.821,Comp0040,Proxy0002,6,17191,3128,10,54,390,16360
302527.93027287524,0.625,Comp0005,Proxy0002,6,34216,3128,4,37,436,12144
302530.541580936,5.04,Comp0027,Proxy0002,6,60891,3128,7,72,499,5695
302532.1691859134,6.827,Comp0009,Proxy0001,6,3702,3128,8,31,952,6404
302536.77960745676,2.803,Web0001,DB0003,6,20287,3306,22,134,1223,8419
302538.0111487002,0.021,Comp0002,DNS0002,17,1826,53,2,3,83,79
302539.77364061394,0.053,Comp0058,DNS0001,17,62820,53,2,3,61,120
302540.09272795595,0.457,Comp0045,DNS0001,17,23903,53,2,2,74,161
302540.1379929707,1.762,Comp0073,DC0001,6,47768,88,5,45,812,1340
302543.6831628125,3.024,Proxy0001,Ext0037,6,6473,443,5,9,303,17960
302547.40092110075,0.312,Comp0016,DNS0002,17,45999,53,3,2,66,134
302550.453536857,0.073,Comp0031,DNS0001,17,24553,53,3,3,68,96
302554.96500396926,10.734,Comp0036,Web0001,6,35156,443,7,72,1472,6595
302557.1310133773,7.557,Comp0035,Web0001,6,40494,443,5,296,2475,3363
302558.02306236466,7.28,Comp0058,FS0003,6,17540,445,18,150,2151,10212
302559.70007724536,0.176,Comp0032,DNS0002,17,2559,53,2,2,69,79
302560.0107392936,5.654,Comp0047,Comp0011,6,12171,3389,4,9,833,1013
302560.08913045854,4.68,Comp0032,DC0001,6,28925,445,13,102,13018,27869
302563.7724902585,0.121,Comp0049,Mail0002,6,4042,587,4,2,3599,2130
302565.2833653217,0.084,Comp0016,DNS0002,17,41092,53,2,2,63,143
302566.4305618657,4.134,Comp0062,Web0006,6,19173,80,9,29,604,4198
302568.55437313067,0.396,Comp0075,Mail0002,6,12091,993,12,4,363,744
302579.21273145836,5.677,Comp0032,Proxy0001,6,33917,3128,5,28,745,2440
302582.80397026957,0.965,Comp0002,Web0005,6,34345,80,11,79,1294,11462
302585.94355616585,0.025,Comp0059,DNS0002,17,9216,53,2,3,77,43
302592.1205222851,2.477,Comp0014,Web0004,6,1648,80,8,10,826,9171
302598.51428156544,12.669,Comp0055,FS0001,6,29268,445,8,121,385,12854
302601.05364143767,0.655,Comp0031,DNS0002,17,14370,53,2,4,69,115
302608.0648334719,2.974,Comp0045,DC0002,6,6031,88,3,7,209,389
302610.6316265599,6.308,Comp0066,Mail0002,6,15311,993,15,8,706,1055
302611.4657248664,2.615,Comp0032,FS0002,6,65350,445,20,107,5106,2428
302614.41101980966,0.04,Comp0008,DNS0002,17,1092,53,2,2,110,114
302625.1687854923,1.005,Comp0057,Mail0002,6,62292,993,7,5,359,1037
302626.21863306593,0.224,Comp0056,DNS0002,17,29243,53,2,3,41,257
302629.95886520244,3.202,Comp0044,Proxy0002,6,54767,3128,11,22,469,13985
302633.88733549503,3.688,Comp0023,Web0004,6,9890,443,4,139,633,15721
302635.75721510476,0.008,FS0001,DNS0001,17,43164,53,2,3,48,311
302636.8099042403,0.17,FS0001,DNS0002,17,14980,53,2,2,37,124
302639.3652495912,10.306,Comp0056,Mail0001,6,19791,993,5,6,768,1746
302643.2232026651,3.986,Comp0023,Web0006,6,32957,443,18,10,824,10687
302648.23783035355,0.589,Comp0043,Web0001,6,50090,443,5,22,1874,12224
302649.92960062774,0.317,Comp0011,Web0002,6,48428,80,11,44,548,5024
302652.3472817032,0.286,Comp0076,DC0001,6,42397,389,6,4,342,549
302653.6722477575,7.48,Comp0076,DC0002,6,7306,88,8,12,548,835
302661.08980519365,4.685,Proxy0002,Ext0029,6,55056,443,6,77,2316,2356
302668.2416692672,3.011,Comp0060,Mail0001,6,13321,993,5,14,329,3070
302669.32302521466,0.533,Comp0051,DNS0001,17,11388,53,2,3,58,167
302671.3225589857,6.086,Comp0007,Web0006,6,42193,80,3,16,2557,6874
302677.75804968434,3.787,Comp0057,Web0005,6,19161,443,4,77,2314,9945
302678.8943614681,20.625,Comp0028,FS0002,6,1876,445,31,378,458,8524
302679.5171951231,0.814,Comp0021,DNS0002,17,6114,53,3,2,60,85
302680.01462797914,0.276,Comp0001,DNS0002,17,57835,53,2,2,65,194
302680.9050144485,0.052,Comp0045,DNS0001,17,40324,53,2,2,31,144
302681.99159565713,2.133,Comp0001,Web0003,6,38639,443,14,7,87,18119
302682.6187919723,10.048,Comp0070,FS0002,6,37766,445,71,26,2048,6121
302685.22378538863,7.537,Comp0031,Web0005,6,34783,80,6,65,1828,6374
302690.6621221942,0.054,Comp0042,DNS0001,17,34007,53,2,3,55,91
302691.20212572825,0.305,Comp0017,DNS0002,17,26106,53,3,2,61,252
302695.3816340324,0.432,Comp0057,DNS0002,17,49363,53,2,2,49,115
302696.6119106569,10.556,Comp0011,Web0002,6,38227,443,8,35,523,5372
302707.207900792,0.556,Comp0036,DNS0002,17,41659,53,3,4,48,103
302709.43781413295,1.901,Comp0052,Web0002,6,37538,443,11,20,1441,26491
302712.01753247384,3.607,Comp0051,Web0002,6,37979,80,9,21,812,13283
302715.69006007956,6.086,Comp0027,Web0003,6,17237,443,4,39,858,24205
302721.91430772416,5.712,Comp0032,FS0002,6,34478,445,36,180,1556,116381
302725.3391453923,1.374,Comp0037,DC0001,6,5336,88,3,8,68,1152
302733.0428026323,0.235,Comp0040,DNS0002,17,44682,53,2,4,47,129
302736.8542576775,1.245,Comp0054,DC0001,6,29181,389,12,5,1360,284
302747.0957055814,4.366,Comp0070,Web0006,6,52651,80,6,27,1801,88075
302747.80726947705,1.91,Comp0030,Web0004,6,14146,443,6,101,694,33098
302752.34753025515,16.704,Comp0012,Proxy0001,6,13586,3128,11,31,367,6443
302754.31747362885,11.989,Comp0074,Web0002,6,41242,80,8,10,979,10077
302756.4981609978,1.561,Comp0038,Proxy0001,6,34050,3128,3,268,694,942
302763.73008510604,1.136,Comp0003,Web0004,6,27805,443,6,18,305,4383
302765.2551109303,1.393,Comp0017,FS0002,6,53298,445,32,133,3297,2086
302765.7830467007,1.283,Comp0070,Web0001,6,22939,443,5,7,69,1195
302772.5732430621,9.311,Comp0038,Proxy0001,6,32839,3128,7,31,834,2180
302775.8166704697,0.163,Comp0022,DNS0002,17,48906,53,3,3,81,134
302776.92409422336,0.074,Comp0002,DNS0002,17,17434,53,3,3,36,139
302781.1615915785,6.012,Web0001,DB0001,6,12686,5432,64,75,3728,11974
302785.2471638183,6.293,Comp0025,Web0002,6,15843,443,6,34,73,48043
302786.7683367615,2.634,Comp0023,Web0002,6,25037,443,10,16,216,15585
302787.1809768217,6.072,Comp0010,Web0003,6,47939,443,7,41,521,53185
302791.43079179304,0.282,Comp0011,Web0001,6,48397,443,3,91,698,2520
302798.72546300566,6.44,Comp0066,Proxy0001,6,33203,3128,8,95,663,3163
302803.06503519573,0.146,Comp0052,DNS0002,17,17838,53,3,2,43,87
302815.8246559475,5.737,Comp0045,Web0006,6,36919,443,5,137,181,2102
302816.4948379819,0.1,Comp0053,DNS0002,17,14205,53,2,3,84,82
302817.2190113853,0.05,Comp0062,DC0002,6,56300,88,8,9,2460,697
302817.5503188565,0.162,Comp0041,DNS0002,17,13358,53,3,2,47,108
302819.1737995033,0.68,Comp0022,Web0002,6,33517,443,5,48,350,10094
302821.58681418013,0.99,Comp0037,Web0006,6,23056,443,8,37,353,3766
302821.73393559427,1.523,Comp0020,Web0001,6,26908,80,7,31,347,25540
302823.3415528516,0.147,Comp0057,DNS0001,17,49910,53,3,3,64,116
302823.43843654636,7.554,Comp0002,Web0001,6,15517,80,12,72,568,14663
302832.38610600773,0.798,Comp0076,Web0006,6,47953,80,26,33,189,11457
302834.0408440018,0.961,Comp0003,DC0002,6,36626,389,11,10,236,1249
302838.25646738807,0.532,Comp0020,Web0006,6,24281,443,28,7,136,6398
302846.707403752,0.11,Comp0079,DNS0002,17,28609,53,3,2,53,69
302847.2809689783,0.101,Comp0020,DNS0001,17,48745,53,2,2,61,126
302848.0864840968,0.053,Comp0043,DNS0001,17,10976,53,3,2,60,69
302848.84655222454,2.431,Comp0006,Comp0063,6,12970,3389,6,6,701,134
302848.98143363156,8.11,Comp0071,Web0006,6,35210,443,13,35,284,14014
302850.8850696784,14.124,Comp0014,FS0001,6,27234,445,5,64,2536,87495
302856.77798473125,2.204,Comp0072,Mail0001,6,18552,993,7,8,303,292
302857.2549087607,10.621,Comp0059,Mail0002,6,41662,587,9,6,264,6963
302868.74922117946,4.06,Comp0057,FS0002,6,28384,445,9,477,505,16501
302869.98084965267,0.152,Comp0007,DNS0002,17,20959,53,2,2,58,121
302872.5149560295,0.615,Comp0034,Mail0002,6,64921,587,7,7,769,144
302874.4934323537,10.336,Comp0017,Web0002,6,18042,443,3,87,462,10370
302874.88698283694,0.287,Comp0049,DNS0002,17,30697,53,2,3,34,154
302878.8842502507,2.863,Comp0079,Web0003,6,55777,443,8,32,613,24588
302880.2006419867,23.28,Comp0008,DC0001,6,43764,445,55,136,2146,16623
302884.90329923935,0.04,Comp0024,DNS0001,17,52978,53,3,3,95,358
302886.8143196946,2.008,Comp0009,Proxy0002,6,61010,3128,6,105,171,30822
302888.6769317231,0.015,Comp0015,DNS0001,17,55649,53,3,2,46,146
302890.88000283414,0.564,Comp0067,Web0006,6,41396,443,4,116,366,7180
302900.2696549752,0.158,Comp0080,DNS0001,17,54736,53,2,2,56,174
302903.5344334574,4.639,Comp0021,Proxy0002,6,47132,3128,8,13,798,18903
302903.74375392776,3.663,Comp0016,Web0004,6,20038,443,5,114,2457,12311
302904.439633069,3.556,Comp0026,Web0003,6,28200,443,7,11,799,8185
302906.3633967118,5.351,Comp0049,Proxy0001,6,28124,3128,11,14,167,3376
302906.7950477175,2.792,Comp0018,FS0002,6,38648,445,14,159,3799,4038
302911.6495854665,2.02,Comp0005,Web0001,6,53564,443,7,40,3105,4215
302925.18839041464,2.143,Comp0034,Web0004,6,29847,443,7,51,1535,14694
302926.04547866853,6.098,Comp0042,Proxy0002,6,52469,3128,14,15,129,17493
302928.26379597414,6.513,Comp0078,Web0006,6,41731,443,15,29,1146,441
302930.1156851923,2.393,Comp0057,FS0001,6,4650,445,17,20,2378,5461
302932.6624733048,6.538,Comp0027,Web0005,6,8796,443,50,16,987,9831
302933.5103724581,35.303,Comp0009,FS0003,6,43455,445,19,72,574,19425
302934.28016685246,0.335,Comp0054,Web0003,6,35207,443,6,53,310,7866
302940.01081391337,0.141,Comp0067,DNS0002,17,7747,53,2,2,108,156
302940.0328618454,0.09,Comp0030,DNS0002,17,31091,53,3,2,125,233
302942.5442748303,0.607,Comp0079,Proxy0002,6,48635,3128,13,11,296,10899
302944.8659619127,0.009,Comp0015,DNS0001,17,37024,53,2,3,85,259
302955.0509547178,4.671,Comp0076,Mail0001,6,14589,587,3,10,361,327
302961.0587060615,4.797,Comp0030,Web0006,6,37646,80,6,86,2111,8769
302961.89044785366,0.092,Comp0025,Mail0002,6,52142,587,6,7,705,485
302962.3967995112,0.596,Comp0009,FS0002,6,28457,445,40,52,2795,99797
302970.8926318616,0.15,Comp0073,DNS0001,17,49913,53,3,3,66,100
302971.3297254016,0.606,Comp0016,Web0004,6,51183,443,8,102,283,22470
302982.49399406667,0.052,Comp0044,DNS0001,17,63379,53,3,2,70,207
302986.57986843603,1.45,Comp0014,Proxy0001,6,39794,3128,3,44,989,3225
302998.07632955787,0.862,Comp0042,DC0001,6,29851,88,10,8,422,788
302998.71299565857,1.036,Comp0030,Web0001,6,16075,443,7,73,679,1248
303000.6191610535,9.991,Comp0030,Web0005,6,60668,443,4,105,666,6835
303005.7418084607,1.334,Comp0056,FS0002,6,50007,445,40,198,738,5103
303011.951445017,8.09,Comp0005,Web0003,6,14639,443,11,36,900,27739
303013.6813461219,13.694,Comp0075,Proxy0002,6,30451,3128,4,90,531,34062
303014.03796168295,0.304,Comp0044,DNS0001,17,3005,53,2,3,81,339
303014.7644963629,1.086,Comp0001,DC0001,6,33147,88,15,9,701,621
303017.86778124684,3.131,Comp0053,Web0006,6,38003,443,5,62,160,857
303021.8706604994,0.542,Comp0026,Mail0002,6,56479,993,4,4,699,1305
303024.04527493974,2.645,Comp0031,Web0005,6,9096,80,7,210,748,2870
303026.69091079483,0.193,Comp0015,DNS0001,17,15235,53,3,3,70,144
303032.5697227729,17.571,Proxy0002,Ext0029,6,59275,443,3,9,548,3638
303046.8292299463,0.05,Comp0040,DNS0002,17,64392,53,3,3,100,123
303049.26810747257,0.059,Comp0021,DNS0002,17,58599,53,2,2,76,317
303053.3519802409,3.382,Comp0029,DC0002,6,30218,88,8,8,277,625
303055.20010356617,0.069,Proxy0002,DNS0001,17,11107,53,2,2,65,118
303055.84413630806,0.034,Comp0027,DNS0002,17,55135,53,2,3,67,205
303058.0342115244,3.511,Comp0072,DC0001,6,30401,389,7,9,489,1331
303072.36379133584,1.44,Comp0039,DC0002,6,2091,88,6,7,135,1096
303072.4999413985,3.943,Comp0007,DC0002,6,10013,88,4,11,496,526
303087.07908597926,0.589,Comp0073,DC0001,6,58310,88,13,9,151,3459
303103.02938191046,0.358,Comp0005,Web0004,6,46048,443,8,12,1308,12120
303107.5875425615,31.598,Comp0046,DC0002,6,2836,445,23,151,3048,2694
303109.8992081985,3.456,Comp0006,DC0002,6,37136,389,5,25,665,2123
303112.1599281213,12.788,Comp0064,Web0006,6,48373,443,3,38,256,7050
303116.8581480093,17.571,Comp0056,Web0003,6,25522,80,18,33,255,2141
303118.87296831334,0.191,Mail0001,Ext0031,6,22379,25,5,5,238,283
303123.7563604081,0.087,Comp0050,DNS0002,17,63712,53,2,2,66,121
303124.01563828334,1.789,Comp0063,Web0006,6,34034,443,10,59,615,16206
303125.9909738021,34.079,Comp0057,FS0003,6,2559,445,7,286,1384,6525
303127.0885041639,0.587,Comp0063,DNS0001,17,51922,53,2,3,44,153
303130.31058355584,0.997,Comp0047,Proxy0001,6,34985,3128,11,160,433,3346
303130.72161329514,0.983,Web0001,DB0004,6,11373,3306,11,408,5505,27637
303131.4451121357,0.194,Comp0014,DNS0002,17,23393,53,2,3,100,184
303131.4994528932,2.788,Web0005,DB0004,6,62223,5432,33,9,3231,2851
303132.40554174787,7.004,Comp0040,Web0006,6,19520,443,6,86,465,3440
303134.95813158667,5.076,Comp0056,Proxy0001,6,5448,3128,17,157,286,5343
303140.64551928604,0.361,Comp0012,Proxy0001,6,30882,3128,7,29,1911,1168
303150.3435558758,0.028,Comp0042,DNS0002,17,46610,53,3,2,110,80
303155.45652178,4.618,Comp0069,DC0002,6,3943,389,5,7,86,774
303157.2729946793,3.799,Comp0014,Proxy0002,6,36761,3128,4,60,991,15957
303161.8947158711,0.403,Comp0076,Web0001,6,62887,80,21,30,2551,4712
303164.31887935265,7.927,Comp0007,Web0005,6,22965,443,15,44,714,9959
303167.12874178553,6.5,Comp0012,DC0001,6,16606,389,6,9,317,798
303174.6754644555,0.338,Comp0029,DNS0002,17,61662,53,2,3,101,170
303175.2300129642,7.239,Comp0076,Proxy0001,6,38766,3128,15,35,953,10508
303180.7328191965,0.573,Comp0029,DNS0001,17,15566,53,3,3,41,266
303181.4686234746,1.185,Comp0051,Web0006,6,27799,443,12,25,275,3955
303181.7900850577,2.624,Comp0034,DC0001,6,4965,389,11,7,241,130
303182.9167900545,3.914,Comp0073,Web0004,6,14823,80,6,30,1424,936
303185.20964647376,3.407,Comp0046,Web0002,6,59531,80,7,104,4431,15001
303186.0961602867,0.345,Comp0035,DNS0001,17,23415,53,3,2,83,82
303186.7685400396,27.088,Comp0074,FS0003,6,32813,445,78,239,2295,1196
303187.9298598893,4.056,Comp0059,DC0002,6,34318,445,16,76,249,339029
303192.5658819211,4.272,Comp0039,Proxy0001,6,59059,3128,6,72,3282,175
303195.67839527363,10.989,Comp0057,Proxy0002,6,59942,3128,10,42,290,5244
303204.1186417087,1.273,Comp0009,Proxy0001,6,43766,3128,3,30,326,15471
303215.31455718324,7.429,Comp0008,FS0003,6,31713,445,28,254,2419,4047
303218.31252745225,3.702,Comp0031,Web0004,6,8824,80,5,34,614,4809
303223.1282620367,0.265,Comp0007,Web0001,6,32419,443,10,19,620,25735
303230.2427968158,0.861,Comp0014,DNS0001,17,26911,53,2,3,40,78
303234.0523975104,0.092,Comp0049,DNS0001,17,48534,53,2,2,33,207
303234.24633109383,0.44,Proxy0002,DNS0001,17,2413,53,2,2,47,112
303237.4793849017,10.446,Comp0072,FS0003,6,14753,445,10,130,2389,7488
303241.75424066756,0.077,Comp0007,DNS0002,17,47678,53,3,2,63,156
303243.30997768714,13.687,Comp0011,FS0002,6,45100,445,14,40,2884,40774
303244.2132946107,0.991,Comp0062,Mail0002,6,36471,993,9,11,960,714
303246.1709951713,0.101,Comp0050,DNS0001,17,28534,53,2,2,36,146
303246.59625300555,2.195,Comp0057,Web0003,6,56155,443,13,11,625,3835
303252.8441428336,7.075,Web0005,DB0001,6,50411,5432,14,113,4359,23678
303254.23077409423,2.091,Comp0005,FS0001,6,41653,445,8,130,4961,15104
303257.1086078494,1.953,Comp0059,Proxy0002,6,46760,3128,3,98,1098,1647
303259.19549611205,28.317,Comp0071,FS0002,6,18223,445,10,89,1222,744
303262.4365073866,1.679,Comp0045,Mail0001,6,36908,993,4,4,182,160
303265.66710743937,0.865,Comp0023,DC0002,6,26926,389,5,4,184,4204
303266.87884858594,0.844,Comp0071,Web0002,6,30479,443,5,59,209,11729
303272.7036121755,0.963,Comp0002,Web0001,6,41282,443,6,10,796,4593
303273.76468460186,0.203,Web0005,DNS0001,17,60211,53,2,3,70,116
303274.1790587788,0.437,Comp0021,DNS0001,17,59570,53,2,3,130,103
303275.0695823457,0.099,Comp0047,DNS0002,17,1262,53,3,2,88,128
303275.6914428314,0.198,Comp0018,DNS0001,17,11562,53,2,2,49,162
303276.3949603112,1.725,Comp0077,Proxy0001,6,47977,3128,14,15,298,16681
303283.614634749,0.363,Comp0067,DNS0002,17,49834,53,2,2,39,145
303284.5946928681,2.027,Comp0037,Proxy0001,6,11003,3128,12,23,1361,3181
303290.46814520797,2.551,Comp0021,Mail0002,6,10451,587,6,12,150,624
303291.30705698475,0.054,Comp0041,DNS0001,17,14174,53,2,2,45,215
303293.1120001359,0.033,Comp0019,DNS0001,17,15806,53,2,3,135,270
303300.19753204787,2.183,Comp0041,Web0002,6,9638,443,15,12,477,8903
303301.5389871963,0.409,Comp0055,Mail0002,6,31534,587,3,11,1276,310
303302.82902227517,4.42,Comp0051,Web0001,6,60486,443,13,55,906,3958
303310.5773983974,0.093,Comp0004,DNS0002,17,16539,53,2,2,63,112
303312.7606973077,2.646,Comp0079,Mail0002,6,1768,993,4,9,1145,1855
303314.7204667309,5.325,Proxy0001,Ext0022,6,33508,80,8,93,326,24013
303316.1284610258,16.058,Comp0019,DC0001,6,22781,445,7,48,411,11037
303321.8728176046,3.411,Comp0021,Web0003,6,14160,80,12,60,651,19684
303322.41045132163,0.097,Comp0021,DNS0002,17,24162,53,3,3,152,162
303326.34405119345,7.637,Comp0038,Web0002,6,46885,80,18,30,434,4612
303328.95042452455,3.124,Comp0045,Proxy0002,6,33956,3128,6,118,392,7593
303332.3084000172,10.148,Comp0030,Mail0001,6,17585,587,4,11,493,284
303345.36096713523,0.095,Comp0012,DNS0001,17,6834,53,3,3,41,216
303346.718887503,4.544,Comp0053,Proxy0002,6,16916,3128,6,64,1286,11836
303360.46937775554,12.738,Comp0005,Proxy0002,6,43756,3128,16,9,231,22589
303370.2946145419,15.081,Comp0039,FS0003,6,21650,445,22,195,4997,4083
303375.58811688324,0.007,Comp0029,DNS0002,17,29655,53,2,3,66,93
303382.53056261176,0.089,Comp0028,DNS0002,17,4777,53,3,3,56,310
303382.85892425495,2.399,Comp0002,Web0004,6,26751,443,5,23,658,2639
303385.90695429465,0.21,Proxy0001,DNS0001,17,64920,53,2,3,66,94
303387.2693513271,0.351,Comp0003,DNS0002,17,7777,53,2,2,102,173
303393.2446535989,0.073,Comp0063,DNS0001,17,56296,53,2,2,60,147
303396.12398036185,0.482,Comp0006,Comp0076,6,61029,135,4,6,162,47
303397.99743546377,4.16,Comp0028,Proxy0001,6,62863,3128,5,11,254,48629
303412.9434893363,0.361,Comp0003,DNS0001,17,42142,53,2,2,106,104
303419.700839634,0.104,Comp0002,DNS0002,17,34012,53,2,2,71,148
303422.89866344025,14.92,Comp0058,Web0005,6,35659,443,3,128,2372,8764
303429.20468010264,1.27,Comp0078,Web0003,6,54189,80,6,176,704,12662
303431.35760276025,0.686,Comp0005,DNS0002,17,53816,53,2,3,54,89
303435.8085907494,1.68,Comp0072,Web0005,6,46022,443,6,122,261,15275
303435.90377027023,1.6,Comp0068,Web0002,6,14123,443,16,30,630,7647
303441.3787759769,8.032,Comp0050,FS0001,6,6183,445,11,53,15443,22111
303452.4639137695,5.207,Proxy0001,Ext0027,6,56596,80,7,99,1079,11713
303456.11078207806,8.889,Comp0065,FS0001,6,36063,445,60,464,1162,20482
303460.0121106621,16.649,Comp0080,Web0003,6,55387,443,5,184,257,11848
303465.47545862006,0.124,Comp0047,DNS0001,17,9161,53,2,3,114,188
303466.05783352227,0.123,Comp0068,DNS0002,17,25143,53,3,2,79,125
303466.96564110194,0.514,Comp0055,DNS0001,17,15295,53,2,3,59,84
303468.34766957565,9.731,Comp0077,FS0001,6,24303,445,6,186,436,9456
303469.3973801753,0.578,Comp0075,DNS0002,17,8767,53,2,2,57,100
303473.59651196044,2.102,Comp0078,DC0002,6,60365,445,19,275,1029,20914
303475.0713484401,0.074,Comp0070,DNS0002,17,7603,53,2,3,59,90
303475.35164095124,0.453,Comp0073,Web0003,6,5845,443,14,47,909,4486
303483.80420524697,15.189,Comp0043,FS0001,6,35276,445,16,113,450,43431
303490.7663602229,0.132,Comp0021,Web0005,6,14443,80,13,34,797,9450
303496.3859173021,3.44,Comp0029,DC0002,6,31955,88,10,13,337,367
303497.90230268566,56.326,Comp0072,FS0001,6,20327,445,14,288,7914,8019
303504.2200944108,1.823,Comp0034,Proxy0001,6,57395,3128,28,14,322,17529
303506.548762331,1.003,Comp0071,Web0006,6,14750,80,8,31,179,6281
303509.08130309195,0.387,Comp0066,Proxy0002,6,26694,3128,14,57,97,1177
303512.2482603063,10.612,Comp0046,Web0005,6,63101,443,5,13,131,9963
303512.8840683105,17.557,Comp0069,FS0003,6,19658,445,55,131,1172,26004
303513.66988299193,7.241,Comp0036,Web0002,6,15565,80,4,21,87,4025
303516.1256791669,0.959,Comp0048,FS0001,6,17222,445,54,98,3913,11951
303521.8353511699,5.449,Comp0045,DC0002,6,58922,88,4,3,289,1976
303529.5574938706,8.38,Comp0025,Proxy0001,6,41101,3128,10,27,5120,1927
303529.9924338858,1.471,Comp0031,Proxy0001,6,38062,3128,7,20,401,13710
303548.10943637625,2.75,Comp0065,Mail0001,6,43641,993,5,8,336,779
303555.5388735613,0.431,Comp0024,Web0004,6,3242,80,18,40,584,1218
303559.49925942114,0.244,Comp0072,DNS0001,17,41572,53,3,3,59,170
303568.7642259926,0.921,Comp0024,Proxy0002,6,23508,3128,7,54,217,1210
303570.44645358017,0.232,Comp0064,DC0002,6,37099,389,3,5,179,201
303584.4954377609,0.034,Comp0010,DNS0001,17,53169,53,3,2,61,283
303585.039414551,0.866,Comp0004,Mail0001,6,47383,993,18,12,158,297
303585.2465309159,2.269,Comp0048,DC0002,6,11679,88,7,6,293,232
303587.90352840745,3.58,Comp0053,Web0003,6,2972,80,6,31,2042,1544
303589.75037531543,0.862,Comp0037,Web0006,6,62740,443,5,36,1133,5412
303590.09753010795,3.82,Comp0009,Proxy0001,6,25594,3128,2,137,162,20581
303591.3653180438,27.692,Comp0054,Proxy0001,6,41293,3128,10,13,3333,3081
303598.64108534186,3.797,Comp0007,Web0002,6,39458,80,7,9,360,1542
303601.43553725217,0.344,Comp0015,DNS0002,17,10922,53,2,3,130,95
303604.7795630138,47.944,Comp0018,DC0001,6,42409,445,10,50,273,69743
303607.0889560791,3.598,Comp0042,Proxy0002,6,36600,3128,6,38,661,4460
303611.1123179702,0.79,Comp0080,Mail0001,6,9994,993,6,5,257,1303
303611.73733685666,4.288,Comp0031,Web0006,6,9211,443,9,9,338,25084
303619.8779180268,4.764,Comp0025,FS0001,6,5907,445,18,181,4113,35175
303620.90334175684,0.161,Comp0036,DNS0002,17,38441,53,3,2,61,116
303624.09090571466,17.358,Comp0039,Web0006,6,18932,80,7,49,240,4405
303624.28051967587,3.941,Comp0050,DC0002,6,53218,389,5,6,543,451
303624.9986352111,23.236,Comp0078,Comp0045,6,23590,139,23,125,2047,625
303625.32667184237,16.369,Comp0009,Web0006,6,2037,443,4,18,923,7559
303626.3047434032,0.154,Comp0064,Web0006,6,57560,443,36,61,793,6183
303628.7148641185,10.868,Comp0013,Proxy0002,6,32901,3128,3,27,653,9862
303631.78911851335,2.894,Comp0076,Web0005,6,42443,443,5,10,1018,13280
303631.8275912066,1.695,Comp0027,Proxy0002,6,32091,3128,8,16,748,3789
303631.8814466351,0.596,Comp0025,DNS0002,17,45834,53,2,2,66,118
303633.40782264766,0.03,Comp0069,Mail0002,6,5278,587,6,4,271,483
303635.96753827744,0.065,Comp0033,DNS0001,17,36067,53,2,2,81,131
303649.09829806536,5.92,Comp0056,Mail0001,6,58643,587,6,18,585,334
303652.120962005,0.046,Comp0008,DNS0002,17,43340,53,3,2,81,148
303654.0023942214,0.007,Comp0026,FS0003,6,17790,445,21,42,10310,6894
303661.99727536854,11.249,Comp0043,Web0005,6,37497,443,7,28,400,7647
303663.22987985983,0.577,Comp0015,DNS0001,17,25374,53,3,3,99,103
303666.76857330126,3.341,Comp0002,DC0002,6,21636,445,9,55,1070,16440
303667.9527608026,11.107,Comp0007,Web0006,6,58915,80,3,8,2444,11921
303668.9822402602,13.691,Comp0023,FS0003,6,17342,445,25,116,2335,30504
303683.2886320592,3.207,Comp0026,Mail0002,6,24642,993,5,3,1276,231
303691.8676606253,6.475,Comp0006,Proxy0002,6,26076,3128,29,48,317,1671
303692.3633845515,4.208,Proxy0002,Ext0035,6,15768,443,5,30,1170,5888
303693.3428802383,5.72,Comp0014,FS0002,6,4492,445,31,89,1678,5929
303695.8313431174,0.032,Comp0006,DNS0002,17,50997,53,3,3,70,104
303697.4251008586,1.54,Comp0058,DC0001,6,14945,389,12,4,533,1977
303702.00307986944,3.007,Comp0017,Mail0001,6,60353,993,8,7,570,340
303711.1775560778,1.705,Comp0013,Mail0001,6,54956,993,4,7,247,304
303722.25868286315,2.664,Comp0022,Web0003,6,56761,443,10,53,199,46148
303726.6474244819,6.053,Comp0038,Web0006,6,48609,443,16,60,2758,187521
303731.7020335179,16.236,Comp0035,FS0003,6,61938,445,15,107,570,49202
303732.3386608787,3.451,Comp0025,Web0006,6,8259,443,15,29,652,7226
303735.0764408341,6.247,Comp0076,Web0002,6,53229,443,4,175,1357,21463
303735.2710959949,1.184,Comp0065,Web0006,6,22524,443,17,21,369,1292
303737.4452600662,0.055,Comp0051,Mail0002,6,26921,993,9,5,150,294
303737.670932063,57.547,Comp0070,DC0001,6,14481,445,8,74,1468,7580
303738.88101193594,0.568,Comp0021,DNS0001,17,10593,53,2,2,55,225
303743.61414271645,7.956,Comp0061,FS0001,6,47566,445,89,20,6973,42635
303747.3183561509,20.541,Comp0033,FS0003,6,20586,445,37,91,332,15486
303749.40965217404,2.224,Comp0011,Mail0002,6,57053,993,8,11,686,824
303751.12665834185,0.026,Comp0060,DNS0002,17,25981,53,2,2,65,225
303753.2349208457,2.769,Comp0072,Proxy0001,6,29003,3128,11,12,438,1499
303755.31814477243,0.171,Comp0024,DNS0001,17,1230,53,2,2,104,58
303759.4768616181,5.124,Comp0063,DC0002,6,23948,445,10,49,7649,628
303759.80047864164,2.473,Comp0059,Web0004,6,60341,443,8,87,1843,4964
303761.06569212605,5.648,Comp0007,Proxy0002,6,40089,3128,11,52,699,24322
303765.5704856904,1.946,Comp0079,Proxy0002,6,29667,3128,3,40,1309,2462
303770.2550765629,6.499,Comp0062,Mail0002,6,19782,587,6,11,342,221
303770.8989305083,4.507,Comp0005,Proxy0002,6,15015,3128,2,26,2575,58849
303771.09773255716,0.223,Comp0063,DNS0001,17,15236,53,2,2,89,79
303779.22405071155,1.153,Comp0066,Proxy0002,6,7909,3128,15,74,879,20072
303783.6530690795,0.811,Comp0014,DC0001,6,37964,389,2,13,551,390
303785.2625575509,0.199,Comp0010,DNS0002,17,43053,53,3,3,62,260
303790.56922673894,4.27,Comp0049,DC0002,6,60878,389,6,4,548,360
303794.33007852186,0.06,Comp0038,DNS0001,17,50739,53,2,3,32,124
303795.1778161592,0.03,Proxy0002,DNS0001,17,58272,53,2,2,68,192
303796.06635169976,3.837,Comp0070,Web0001,6,39767,443,11,26,398,2562
303797.3966452884,0.006,Comp0054,Web0003,6,24475,443,13,66,418,7342
303802.95156483824,0.054,Comp0076,DNS0001,17,26803,53,3,2,160,115
303803.4757890755,18.876,Comp0037,FS0003,6,26596,445,37,39,2118,3625
303803.59322107316,1.125,Comp0060,Proxy0002,6,5313,3128,11,43,394,14940
303807.34773041256,0.415,Comp0002,DC0001,6,8101,88,7,21,3379,730
303812.3173914172,2.192,Comp0071,Mail0002,6,8717,587,8,9,288,779
303817.6985255925,0.449,Comp0052,Proxy0002,6,10975,3128,3,46,909,4639
303820.34516032884,0.344,Comp0025,DNS0001,17,62059,53,3,2,46,147
303823.4443227528,2.021,Comp0040,Mail0001,6,14029,993,5,7,1286,728
303825.04619155655,0.292,Comp0033,DNS0002,17,22317,53,2,3,92,58
303826.73856250773,5.868,Comp0064,Mail0002,6,63623,993,5,7,383,213
303828.19856202806,0.074,Comp0039,DNS0001,17,32537,53,2,3,109,81
303835.8676765784,3.222,Comp0065,Web0003,6,46323,443,7,22,857,4705
303839.2978735856,0.18,Comp0056,DNS0001,17,44471,53,2,2,37,177
303842.5524854906,4.026,Comp0020,Mail0002,6,16317,993,2,34,118,1079
303842.88000263664,2.81,Web0006,DB0001,6,9839,3306,92,448,3064,8283
303844.6261556372,15.473,Comp0066,FS0003,6,57888,445,14,192,860,22880
303846.73844998475,3.311,Comp0028,Proxy0002,6,24622,3128,4,14,364,41690
303852.19761478243,1.717,Comp0004,Web0003,6,54006,80,12,21,437,13601
303856.57970083645,0.027,Comp0051,DNS0002,17,48609,53,2,3,102,179
303857.7469124117,0.246,Comp0028,FS0002,6,43645,445,37,59,1042,78256
303865.2025630563,6.043,Comp0038,Web0006,6,35164,80,7,127,655,174
303865.45289458847,6.884,Comp0076,Proxy0001,6,15441,3128,6,27,195,3233
303870.745576646,2.792,Comp0018,DC0001,6,20656,88,9,8,47,172
303871.6908048578,9.701,Comp0035,Web0005,6,51288,443,5,24,369,5845
303879.7089573779,0.177,Comp0076,DNS0001,17,43046,53,2,3,68,69
303882.55736487865,1.678,Comp0032,Mail0001,6,25082,587,8,3,246,434
303882.8722844806,0.766,Comp0056,Web0004,6,5446,443,5,23,122,30696
303884.5389346206,3.194,Comp0079,Proxy0002,6,61569,3128,8,38,1813,1817
303889.08014370507,0.29,Comp0004,Comp0011,6,43530,3389,9,8,141,138
303889.3977800848,6.2,Comp0032,FS0002,6,47608,445,39,73,4611,107387
303894.3894180243,6.699,Comp0079,Proxy0001,6,41863,3128,3,83,1121,16937
303898.0487745349,14.597,Comp0010,FS0001,6,1894,445,11,33,440,61772
303899.35994803265,2.403,Comp0072,Web0005,6,50488,443,17,152,1896,5996
303903.02102263796,6.019,Comp0048,DC0001,6,62831,445,38,78,1146,46441
303905.88945493463,0.529,Comp0032,Proxy0002,6,48798,3128,9,12,2066,1585
303908.96996640554,2.95,Comp0003,DC0001,6,37867,389,5,3,295,478
303922.67518326786,2.974,Comp0027,Proxy0001,6,34240,3128,5,40,616,4207
303927.7184534707,0.957,Comp0071,DC0001,6,16341,88,6,9,447,1179
303928.0612286254,1.094,Comp0062,DC0001,6,7545,445,21,42,879,5794
303929.35256760044,28.357,Comp0043,FS0003,6,61758,445,23,106,196,47205
303929.45741209434,0.077,Comp0039,DNS0001,17,63979,53,2,3,41,226
303935.4044861966,0.657,Comp0040,DC0002,6,52559,88,7,3,326,246
303939.01385734824,1.025,Comp0016,Mail0001,6,55559,587,12,8,223,691
303939.41466760676,2.233,Comp0030,FS0001,6,26185,445,20,112,1475,11033
303948.5637752377,12.367,Comp0037,DC0002,6,31323,445,11,48,1148,3817
303956.20976506267,1.215,Comp0019,Mail0001,6,24004,993,4,4,285,341
303957.9338319956,15.81,Comp0038,FS0001,6,63031,445,18,24,544,5407
303963.89296148694,0.09,Comp0067,DNS0001,17,9829,53,3,2,56,87
303971.64080984466,2.56,Comp0012,Web0001,6,3360,443,6,125,766,26161
303977.69961044553,0.1,Comp0071,DNS0001,17,33121,53,3,2,49,290
303978.86414116394,18.534,Comp0018,Web0001,6,48606,443,7,107,103,1803
303983.1910040894,0.22,Comp0044,DC0001,6,45170,88,5,11,267,889
303987.3722700732,0.092,Comp0045,Web0003,6,15715,443,17,14,288,4245
303989.54688509007,11.949,Comp0016,Web0003,6,4628,80,19,23,244,5006
303989.99389553093,4.921,Comp0014,Proxy0001,6,62219,3128,3,35,237,7400
303995.056441679,1.316,Comp0055,DC0002,6,30126,389,4,14,552,680
303999.48808345094,0.154,Comp0038,DNS0002,17,2706,53,2,3,41,429
304000.12838345754,6.885,Comp0076,DC0002,6,10497,389,4,4,318,207
304006.7850170567,4.653,Proxy0001,Ext0019,6,32195,443,6,19,5018,5491
304007.2498735698,7.993,Comp0051,DC0001,6,53022,88,5,7,232,463
304008.99555425934,7.145,Comp0042,Web0002,6,60004,443,3,92,1296,105458
304009.61620614177,3.741,Comp0057,Web0003,6,37155,443,7,32,925,66018
304012.87703079026,1.261,Comp0047,DC0002,6,59701,445,5,166,580,3508
304013.0953941479,9.124,Comp0017,Web0006,6,61425,80,13,34,1453,4761
304016.43733253423,10.568,Comp0063,Proxy0001,6,2619,3128,7,204,445,9890
304024.01874855947,7.927,Comp0005,Web0006,6,7186,443,7,38,437,1360
304025.1290318252,0.31,Proxy0002,DNS0002,17,49804,53,2,2,43,99
304025.54539408686,0.563,Comp0062,DC0001,6,52231,389,7,7,200,404
304026.81108287186,0.118,Comp0068,Mail0002,6,19411,587,5,8,348,1023
304028.8834745792,1.988,Comp0030,Web0004,6,63726,443,2,79,786,2554
304029.67881053453,0.42,Comp0058,DNS0001,17,32845,53,2,2,41,114
304031.68757711985,0.174,Comp0022,Mail0002,6,46922,993,9,6,497,408
304032.5286525618,0.94,Comp0076,Mail0002,6,64442,993,9,10,886,386
304038.3774315602,0.264,Comp0072,DNS0002,17,12744,53,3,2,86,136
304040.8838854907,10.219,Comp0055,FS0002,6,18640,445,44,104,2568,26725
304041.2242118249,3.527,Comp0002,Mail0001,6,1769,587,5,24,123,2063
304042.5993709437,5.337,Comp0031,Web0001,6,25338,443,14,21,191,21520
304048.74865214026,2.583,Comp0047,Comp0011,6,15638,3389,4,3,285,808
304049.1730948082,0.138,Comp0031,DNS0002,17,61783,53,2,3,70,332
304050.43950672564,1.238,Comp0016,Web0003,6,24724,80,5,13,381,20897
304051.3210559833,1.239,Comp0025,Proxy0002,6,55677,3128,4,12,140,3104
304053.27483898035,0.186,Comp0062,DNS0002,17,45106,53,2,2,86,170
304053.5298302425,0.089,Comp0076,Web0005,6,32477,443,17,90,2658,4122
304069.6905529502,0.12,Comp0059,DNS0001,17,6247,53,3,3,104,85
304072.4772035203,16.613,Comp0024,Web0003,6,58282,443,11,12,334,1455
304074.61845834093,5.977,Comp0037,DC0001,6,2905,389,7,16,279,792
304077.48323087906,0.591,Proxy0002,Ext0001,6,39712,80,9,21,864,2300
304077.53439896205,31.189,Comp0024,Web0005,6,48617,443,5,34,264,7138
304080.27203716716,3.717,Mail0001,Ext0013,6,60606,25,10,20,122,1061
304080.7457286828,6.514,Comp0066,Proxy0002,6,34257,3128,8,31,1086,4704
304083.3920617963,0.022,Comp0010,Mail0001,6,38702,587,3,2,227,243
304090.2767013632,11.051,Comp0028,Proxy0001,6,30006,3128,8,39,2166,1776
304091.3978301664,9.679,Comp0067,Proxy0002,6,45987,3128,23,68,3718,913
304093.12755576614,3.636,Comp0040,Proxy0001,6,2273,3128,7,14,781,3989
304093.92241666274,1.937,Comp0018,Proxy0001,6,63586,3128,11,73,527,831
304097.33814243984,6.804,Comp0021,Web0005,6,53696,443,4,162,666,13363
304100.7158316856,1.398,Comp0028,Web0006,6,45074,443,20,41,3169,2976
304101.4402086891,1.842,Comp0036,Web0005,6,25166,443,18,165,652,15421
304101.72695961426,4.074,Proxy0002,Ext0019,6,59700,443,15,104,695,29289
304105.7695581339,9.191,Comp0042,Comp0011,6,13811,3389,4,12,227,365
304106.4830983386,6.233,Comp0003,Proxy0002,6,54456,3128,6,18,203,7260
304107.32237508864,0.238,Comp0052,DC0001,6,64742,88,13,10,488,462
304109.10026697966,1.34,Comp0024,Mail0002,6,43621,993,3,4,347,382
304109.15326460934,4.74,Comp0059,Mail0001,6,52852,587,4,8,321,530
304114.0805850885,0.236,Comp0071,DNS0001,17,39166,53,2,2,48,300
304114.97277265566,6.14,Comp0005,FS0002,6,45038,445,4,306,1924,9134
304115.647570186,14.4,Comp0046,DC0002,6,13193,445,45,201,5711,12860
304119.1553944106,0.196,Comp0080,DNS0002,17,44001,53,2,3,41,357
304119.73257558304,8.286,Web0006,DB0003,6,14436,3306,25,99,1619,23255
304121.6245375208,0.471,Comp0039,Mail0001,6,27564,993,3,2,988,917
304122.34301200113,1.786,Comp0044,DC0001,6,49159,389,5,9,820,52
304127.700495525,0.626,Comp0023,DNS0002,17,58616,53,2,2,45,252
304131.0698483979,11.43,Web0002,DB0003,6,28676,5432,5,50,3275,6562
304137.3676970104,8.282,Comp0048,DC0002,6,3785,88,11,12,460,262
304137.782555253,11.897,Comp0004,Web0004,6,33167,443,7,19,516,927
304139.0829486278,5.915,Comp0055,FS0003,6,13329,445,28,95,927,7757
304143.6266763202,0.876,Comp0053,DNS0002,17,30220,53,2,3,93,127
304146.4190892438,2.072,Comp0017,Mail0002,6,49627,993,5,7,297,585
304148.2050360547,0.214,Comp0061,DNS0001,17,23602,53,3,2,70,179
304152.38530833717,19.828,Comp0070,FS0002,6,35724,445,24,89,811,13392
304152.6176334607,0.031,Comp0048,DNS0001,17,6503,53,2,2,75,162
304153.2823999053,0.102,Comp0014,DNS0001,17,60949,53,3,3,123,129
304155.0193921721,7.694,Comp0067,Proxy0001,6,63633,3128,8,106,451,13315
304159.21587404044,0.295,Comp0065,DNS0002,17,57729,53,3,3,105,107
304163.7756621556,42.678,Comp0064,DC0001,6,13360,445,49,54,286,22204
304165.3710479555,0.275,Comp0048,DNS0001,17,40773,53,4,2,36,150
304165.3841644389,1.326,Comp0034,Proxy0001,6,48826,3128,3,10,1106,7068
304169.5567353877,2.093,Comp0077,DC0002,6,7099,389,13,7,581,4718
304172.82559985033,0.132,FS0003,DNS0001,17,47849,53,2,3,102,261
304176.06009335606,0.179,Comp0040,DNS0002,17,35243,53,2,3,61,71
304193.33495078573,0.039,Comp0040,DNS0002,17,64286,53,2,3,53,383
304198.8164294146,0.227,Comp0049,Web0002,6,2888,80,16,52,1793,770
304201.0883305105,3.25,Comp0004,Mail0001,6,27874,993,4,5,491,2873
304222.1457361829,14.906,Comp0059,Proxy0002,6,18653,3128,8,16,264,3194
304223.40794901137,0.091,Comp0035,DNS0002,17,6314,53,3,2,103,220
304226.48065768305,6.323,Comp0027,Proxy0001,6,55502,3128,6,11,1204,38719
304228.8191187648,0.196,Comp0032,DNS0001,17,22953,53,2,3,46,95
304233.7044966012,0.092,Comp0006,DNS0001,17,48810,53,2,2,60,167
304235.56860221596,3.86,Comp0037,FS0003,6,30520,445,18,454,3102,23507
304239.61990272993,2.056,Comp0017,Web0005,6,56241,443,10,7,524,5348
304246.1539075076,1.101,Comp0080,DC0002,6,3607,88,3,4,80,172
304246.48070735385,4.612,Comp0064,DC0002,6,24183,445,103,59,360,3203
304248.3828421491,8.381,Comp0017,Proxy0002,6,16965,3128,7,132,2857,1629
304253.99430472194,1.917,Comp0073,Proxy0001,6,44776,3128,25,27,425,6078
304254.85352686566,5.04,Proxy0001,Ext0033,6,30161,443,10,95,344,4487
304256.60805043735,8.618,Comp0021,DC0001,6,53491,445,14,27,1536,5100
304267.34157023055,4.254,Comp0072,DC0001,6,34141,88,5,4,455,501
304269.42201503564,8.307,Comp0038,Web0003,6,42387,443,9,21,796,3603
304277.9146638673,0.071,Comp0052,DNS0001,17,45154,53,2,2,35,108
304280.95694742736,3.269,Comp0023,Web0006,6,40116,443,3,42,462,1023
304281.9016136159,2.025,Comp0032,DC0002,6,27047,88,11,3,216,2461
304282.4114789305,2.592,Comp0042,DC0002,6,7060,88,8,14,218,798
304282.67001547944,4.52,Comp0030,Web0005,6,8572,443,6,108,160,1801
304290.1169000729,2.509,Comp0036,Web0002,6,36366,80,4,10,846,23800
304290.5513645327,1.661,Comp0069,Proxy0002,6,27971,3128,15,68,340,1112
304292.04523499584,4.594,Web0005,DB0003,6,31569,3306,18,34,4773,28104
304293.7751816094,0.99,Comp0038,DC0002,6,58264,88,5,3,624,980
304294.79979928443,0.038,Comp0055,DNS0002,17,10296,53,3,2,45,122
304302.9635407676,0.957,Comp0037,Web0003,6,54715,443,10,28,1294,17218
304306.6979604478,8.666,Comp0039,DC0002,6,40986,445,28,198,445,20625
304307.83463104564,0.57,Comp0004,FS0003,6,7383,445,16,55,1734,34326
304310.31002734153,0.19,Comp0026,DNS0002,17,43977,53,2,3,85,156
304313.8522956457,5.601,Comp0030,Proxy0002,6,45589,3128,30,21,660,27273
304315.7623744097,0.553,Comp0025,Mail0001,6,12427,993,9,2,395,389
304322.8936509922,2.19,Comp0028,Web0002,6,56585,443,9,26,214,3029
304323.81770572875,0.238,Comp0021,DNS0002,17,27411,53,2,3,33,139
304325.0208256149,3.034,Comp0028,Proxy0002,6,30098,3128,11,33,490,16102
304329.8003678982,0.464,Comp0044,Web0006,6,2964,443,12,47,179,31697
304332.7252912162,1.477,Comp0041,FS0001,6,6631,445,37,79,3082,8027
304344.07813943445,1.198,Comp0068,Web0002,6,51093,443,24,34,316,2442
304344.6917145819,12.677,Web0003,DB0002,6,56249,5432,45,65,1210,1409
304352.61175867065,0.188,Comp0019,DNS0001,17,41093,53,3,2,84,113
304356.6975788683,0.507,Comp0078,DNS0002,17,6790,53,3,3,89,45
304357.6190099794,0.115,Comp0058,DNS0001,17,41129,53,3,3,98,91
304386.8623525188,12.434,Comp0008,Web0002,6,26694,80,10,149,332,18552
304388.6985597724,19.676,Comp0078,Comp0052,6,63475,139,38,157,1298,5843
304391.5644016459,2.463,Comp0078,Comp0045,6,13003,3389,6,9,119,18
304391.95632434107,25.21,Comp0041,DC0001,6,35178,445,13,98,12938,1947
304394.3555930188,4.838,Comp0011,DC0001,6,17691,445,26,88,1962,3275
304396.5941899013,2.394,Comp0011,Web0001,6,27454,443,9,36,139,31268
304398.0082891256,1.745,Comp0003,Proxy0002,6,16455,3128,24,20,2291,3650
304406.7473128297,2.259,Comp0037,DC0002,6,63706,389,6,7,294,1022
304416.5062022186,1.334,Comp0003,Proxy0001,6,8544,3128,17,18,1159,7298
304426.6969835282,5.277,Comp0053,DC0001,6,42681,445,30,223,2190,2365
304429.95865824266,0.275,Comp0018,Web0004,6,3203,80,6,25,219,5857
304431.50446981244,6.493,Comp0006,Comp0004,6,6975,139,16,87,2381,8549
304432.9912158159,0.359,Comp0031,DNS0001,17,39474,53,3,3,58,185
304433.7389918368,8.773,Comp0036,Web0003,6,29881,443,11,35,792,3418
304451.84532626503,0.239,Comp0024,DNS0002,17,58870,53,2,2,57,421
304457.13631258754,0.185,Web0003,DB0001,6,30154,5432,9,24,2004,24260
304458.85258888366,0.349,Comp0055,DC0001,6,36524,389,7,6,541,325
304459.0444271179,0.067,Comp0072,DNS0001,17,3647,53,3,5,127,113
304459.64383811934,5.23,Comp0027,FS0001,6,64426,445,10,23,832,36027
304463.4578952389,2.546,Comp0018,Web0004,6,59453,443,17,62,1122,6530
304463.8130584629,3.997,Comp0070,Web0005,6,54269,80,5,46,337,26483
304465.12977964175,0.452,Comp0017,Proxy0001,6,37369,3128,10,19,1453,3924
304466.5840999114,6.938,Comp0008,FS0001,6,47480,445,19,26,271,6651
304467.4045477603,0.124,Comp0067,DNS0002,17,60648,53,2,3,131,166
304468.5865542708,10.214,Comp0053,Web0002,6,20226,443,9,19,394,3870
304469.11361459264,0.448,Comp0011,DNS0002,17,31829,53,3,2,89,155
304471.58808452886,0.452,Comp0059,DNS0001,17,17169,53,3,2,72,92
304475.4281442576,0.075,Comp0079,DNS0001,17,24595,53,2,3,97,157
304479.9099077421,4.099,Comp0037,Web0004,6,4200,80,5,38,2301,713
304480.56628523965,4.255,Comp0020,Mail0001,6,64350,587,3,11,143,232
304483.70288239216,1.136,Comp0064,Proxy0001,6,12167,3128,5,16,617,12388
304492.3427969429,1.921,Comp0031,Web0006,6,10352,443,6,23,2603,3790
304494.9027528954,2.194,Comp0079,DC0001,6,16729,88,4,4,725,111
304498.3192079119,1.747,Comp0062,Web0006,6,59700,80,10,10,455,4597
304498.9436407913,2.34,Comp0038,Proxy0002,6,43052,3128,20,44,750,7805
304503.6984625858,4.295,Comp0002,FS0003,6,18958,445,127,216,779,31598
304503.85961076274,23.049,Comp0005,FS0002,6,58243,445,8,97,4413,2688
304506.54469458706,0.117,Comp0036,DNS0001,17,8630,53,2,2,52,155
304520.11591554165,3.851,Comp0065,Mail0001,6,40475,587,5,4,759,558
304520.62564333907,1.06,Comp0039,Mail0002,6,50125,993,11,7,197,735
304523.8926738579,4.254,Comp0064,DC0002,6,59887,389,2,21,1652,410
304526.66381285543,3.941,Comp0034,Proxy0001,6,47660,3128,4,57,1302,4192
304531.46797561325,7.58,Comp0054,Proxy0001,6,49631,3128,7,24,1133,6612
304536.719916103,5.403,Comp0045,Proxy0001,6,43830,3128,4,17,267,7691
304545.7401543665,0.551,Proxy0001,Ext0001,6,6918,443,6,43,468,3779
304545.941026534,34.887,Comp0079,DC0001,6,50298,445,58,1638,2695,9550
304547.9304420107,0.021,Comp0022,DNS0002,17,56750,53,2,3,79,73
304549.70543507155,9.627,Comp0065,Proxy0001,6,59413,3128,4,36,301,3079
304552.9400744959,3.86,Comp0003,Web0006,6,20746,443,13,181,881,22092
304555.4357484412,2.704,Comp0048,DC0001,6,10581,389,3,17,327,639
304566.14761274605,2.223,Comp0057,Proxy0001,6,54776,3128,23,20,493,1142
304567.11339801725,0.483,Comp0048,DNS0002,17,38465,53,3,2,340,67
304569.8161481533,5.977,Proxy0001,Ext0039,6,51847,443,6,70,147,41566
304575.2395870789,2.248,Comp0077,FS0003,6,19839,445,35,37,1514,17543
304576.7710599901,0.207,Comp0061,DNS0002,17,31781,53,2,5,38,208
304577.3620719994,5.207,Comp0048,Web0005,6,65084,443,15,14,227,39409
304577.7396886543,0.9,Comp0039,DC0001,6,35538,88,10,4,899,1026
304579.8486985188,12.439,Comp0012,FS0001,6,58155,445,21,88,10300,511
304584.5431098229,17.512,Web0005,DB0004,6,9792,3306,101,62,7031,10715
304590.6919166207,1.408,Comp0009,Proxy0001,6,15138,3128,18,14,395,960
304592.2211434647,0.106,Comp0041,DNS0002,17,28946,53,3,2,59,54
304597.2359207002,11.21,Web0001,DB0003,6,4542,3306,16,53,7726,21730
304600.1633886276,0.651,Comp0046,Web0005,6,12601,80,22,16,298,5193
304601.57005810324,0.113,Comp0029,DNS0001,17,7293,53,3,3,72,68
304606.27448625554,0.575,Comp0010,Web0003,6,21941,443,7,150,120,4014
304606.3469057033,2.738,Comp0059,Proxy0002,6,64110,3128,4,37,638,4705
304608.4110645657,8.38,Comp0074,FS0002,6,43828,445,62,21,10717,19025
304612.26585296914,3.342,Comp0025,Web0005,6,14767,80,9,39,559,2308
304615.80194846436,5.283,Comp0063,Mail0001,6,37285,587,3,17,218,316
304616.1708784168,1.716,Web0005,DB0001,6,25059,5432,29,275,589,8897
304617.86176923127,0.06,Comp0035,DNS0002,17,57411,53,3,2,52,280
304624.5578694721,36.322,Comp0006,DC0001,6,14398,445,76,65,875,715
304624.7725803698,6.603,Comp0017,FS0002,6,16114,445,12,151,391,1565
304625.7271612505,0.071,Comp0016,DNS0001,17,17074,53,2,2,57,236
304626.4842998783,0.609,Comp0076,Proxy0001,6,62874,3128,5,78,382,6389
304628.01149539213,0.904,Comp0078,Web0006,6,5962,80,4,53,636,630
304635.9349686275,1.195,Comp0016,Proxy0001,6,20082,3128,7,33,926,7807
304636.125811356,1.157,Comp0050,FS0003,6,58527,445,18,145,4223,27766
304644.160864553,5.764,Comp0035,Web0001,6,9486,443,6,27,1256,3399
304647.74787701387,6.829,Comp0045,Web0005,6,5662,80,24,52,2277,3146
304649.53327903233,0.064,Comp0013,DNS0002,17,59082,53,3,2,131,116
304650.583548774,0.5,Comp0046,Proxy0001,6,35284,3128,16,81,190,6906
304650.8723509275,2.728,Comp0025,Mail0001,6,39379,993,7,4,387,187
304652.50945782824,0.052,Comp0062,DNS0002,17,7074,53,2,2,85,103
304653.30374450935,49.577,Comp0046,FS0002,6,23916,445,14,225,1751,7873
304653.4080188273,1.398,Comp0048,DC0002,6,31550,88,6,8,370,207
304655.0352439725,5.869,Comp0056,Web0003,6,53175,443,6,18,376,3656
304663.9895278045,5.024,Comp0046,DC0001,6,45170,88,5,5,826,943
304665.61194031395,1.47,Comp0002,Web0005,6,54556,443,5,39,1447,23805
304667.3383926728,0.298,Comp0047,DNS0002,17,46627,53,2,2,61,76
304676.3441407317,4.762,Comp0057,Mail0001,6,30404,993,6,4,607,274
304678.77665041,1.31,Comp0064,DC0002,6,38320,88,6,7,1074,1695
304681.35684622254,1.042,Comp0048,Proxy0002,6,16207,3128,7,40,635,10363
304683.5062990026,0.083,Comp0051,DNS0001,17,42612,53,2,2,34,218
304687.679492361,0.066,Comp0080,DNS0001,17,44146,53,2,2,105,175
304688.1897273777,0.436,Comp0015,DNS0001,17,62182,53,3,2,75,116
304689.1957285802,0.346,Comp0062,DNS0002,17,62983,53,3,2,30,192
304689.3826398422,16.388,Comp0036,Web0006,6,45153,80,4,33,710,5562
304689.62992198864,0.796,Comp0077,DNS0002,17,37166,53,3,2,48,188
304695.098417641,0.217,Comp0066,DC0002,6,21798,389,9,15,1479,1711
304700.61718475824,0.582,Comp0069,Proxy0002,6,11297,3128,6,21,437,3266
304700.89401992963,0.288,Comp0035,DC0001,6,22621,88,4,5,483,708
304704.4056399284,1.421,Comp0069,FS0002,6,43741,445,11,41,1324,8820
304717.54585977196,1.94,Comp0002,Web0001,6,19165,443,17,15,194,1776
304727.02920193784,8.764,Comp0015,Web0006,6,15389,443,3,40,2277,16098
304738.8605221631,12.059,Comp0061,DC0001,6,29218,389,3,10,138,432
304745.38974191656,2.682,Comp0015,Web0005,6,3235,443,4,48,1160,5814
304752.07059438166,6.601,Comp0004,Web0006,6,46159,443,15,22,310,8771
304754.13796730386,5.124,Comp0038,Proxy0002,6,57385,3128,2,16,568,15064
304755.19584255264,1.911,Comp0077,DC0002,6,25599,389,9,4,529,1634
304757.2732356291,0.677,Comp0019,DNS0002,17,34695,53,2,2,79,102
304761.81263741566,0.426,Comp0060,DNS0001,17,20058,53,3,2,99,258
304762.4725622539,6.781,Comp0063,FS0003,6,8095,445,42,66,5900,19062
304766.0173905639,0.475,Comp0002,Mail0001,6,65405,993,11,5,204,607
304770.7241094999,0.15,Comp0070,DNS0001,17,58356,53,3,2,48,47
304774.1754096361,0.291,Comp0080,DC0001,6,59846,389,2,6,415,2428
304779.92863516125,1.021,Comp0029,Proxy0002,6,43455,3128,9,9,409,471
304781.28113874496,0.253,Comp0060,DNS0001,17,30226,53,3,3,95,192
304796.75802718644,1.631,Comp0058,FS0002,6,56099,445,8,90,922,23040
304803.70003748796,3.327,Comp0071,Web0004,6,22542,443,7,13,1588,2547
304807.15583953005,0.109,Comp0072,Web0004,6,14333,443,4,30,1217,4010
304809.00758834067,1.156,Comp0044,Web0006,6,17785,443,2,12,1194,4109
304816.007780557,0.095,Comp0080,DNS0001,17,54795,53,3,2,63,144
304820.39442317607,0.015,Comp0062,DNS0001,17,11062,53,2,2,63,94
304821.0809984118,3.828,Comp0052,FS0002,6,16470,445,32,208,1179,35193
304823.57104476757,0.305,Comp0078,Comp0024,6,55448,22,6,17,187,23
304828.550537588,2.906,Comp0055,Proxy0002,6,32213,3128,10,24,980,4371
304831.2650611986,23.615,Comp0048,DC0001,6,54907,445,15,71,1690,14870
304831.5730818602,8.651,Comp0067,Proxy0001,6,15436,3128,5,38,2274,1292
304832.8506021751,5.733,Comp0048,FS0002,6,9234,445,28,246,2421,35702
304835.0454556923,0.08,Comp0079,DNS0002,17,29438,53,2,3,46,153
304835.0978178802,3.605,Comp0037,FS0002,6,57277,445,11,120,24760,14243
304837.1128592142,3.654,Comp0003,Web0002,6,65111,443,16,53,957,2968
304852.6535573113,1.184,Comp0064,Web0005,6,7976,443,4,29,571,6928
304857.5586311856,4.322,Comp0026,Web0006,6,32223,443,6,33,2504,8213
304859.83271512936,3.952,Comp0048,Proxy0001,6,7970,3128,13,58,1243,3490
304865.09349088895,0.239,Comp0029,DNS0002,17,28958,53,3,2,55,94
304873.58933972986,0.002,Comp0015,DNS0002,17,8345,53,2,3,72,390
304873.594002188,1.36,Comp0007,Mail0002,6,55676,993,9,39,196,1125
304875.23283822875,0.058,Comp0039,DNS0001,17,25298,53,3,3,48,130
304875.8895973603,0.129,Comp0013,DNS0002,17,11677,53,2,2,60,88
304881.13449753885,7.852,Comp0053,Web0003,6,36803,443,13,66,3221,3560
304891.64576762414,9.898,Comp0043,Proxy0001,6,28601,3128,6,67,782,8230
304896.2359644671,3.117,Comp0006,FS0003,6,60351,445,53,140,1190,36166
304900.80380490964,0.072,Comp0079,DNS0001,17,33002,53,2,3,47,149
304901.99844342016,1.253,Comp0018,DC0001,6,58628,88,6,9,163,1180
304906.01720363897,2.524,Comp0028,Proxy0002,6,23198,3128,8,34,211,10228
304912.8145532644,0.302,Comp0012,DNS0001,17,63223,53,2,3,69,147
304913.35715814756,0.022,Comp0024,DNS0001,17,14458,53,3,3,83,139
304918.6029762108,7.747,Comp0007,Web0006,6,3419,80,18,20,839,1800
304920.027384776,2.749,Comp0051,Mail0002,6,29722,587,5,5,173,134
304921.3095352265,0.085,Comp0005,DNS0001,17,42141,53,2,3,127,227
304924.13001795666,0.562,Comp0031,DNS0001,17,50443,53,2,3,96,89
304924.74771926494,8.556,Comp0074,Web0004,6,13289,443,6,172,566,14925
304930.82703744574,0.093,Comp0037,Mail0001,6,38308,587,7,5,189,652
304932.16053067,0.077,Comp0033,DNS0001,17,56985,53,2,2,66,387
304933.9538109582,6.796,Comp0078,Comp0050,6,27814,445,8,15,1261,483
304935.36692396965,0.895,Comp0040,Web0002,6,38761,443,7,13,226,1444
304938.6536876153,3.062,Comp0026,DC0002,6,5403,389,3,9,187,388
304949.2996319118,30.008,Comp0013,FS0003,6,16958,445,13,347,3102,474
304949.35971145896,6.321,Comp0008,Proxy0001,6,13379,3128,26,35,1060,2037
304951.3942396352,11.27,Comp0067,Web0006,6,58470,443,16,23,269,2749
304952.8604191101,0.348,Comp0078,Comp0030,6,40579,135,9,4,136,30
304957.4807702257,11.739,Comp0030,FS0001,6,23498,445,38,19,1897,7581
304959.58543229336,0.032,Comp0074,DNS0001,17,53196,53,2,3,62,166
304960.60627732927,0.055,Comp0040,DNS0002,17,32724,53,2,2,35,326
304965.83009620744,3.022,Comp0025,Proxy0002,6,8053,3128,5,48,153,675
304966.93837532034,12.192,Comp0032,FS0003,6,32617,445,60,74,990,13266
304969.7108551439,0.125,Comp0023,DNS0001,17,13840,53,2,2,66,193
304970.351936545,4.85,Comp0016,Web0004,6,59813,443,6,30,508,3840
304970.7433671982,4.489,Comp0014,Mail0001,6,60699,993,8,5,261,268
304972.5196105173,1.873,Comp0063,DC0002,6,24594,88,4,9,621,349
304974.1508497852,0.193,Comp0003,DNS0001,17,30643,53,2,3,93,78
304976.9260164913,6.819,Comp0061,Web0005,6,56275,80,22,82,1256,22131
304977.5463913555,6.973,Comp0076,FS0001,6,47342,445,19,71,606,10110
304980.93549666845,0.249,Comp0072,DNS0001,17,21683,53,2,2,103,145
304983.59143864544,3.677,Comp0032,Web0006,6,24833,80,5,54,789,7058
304986.08811199106,0.088,Comp0061,DNS0002,17,57880,53,3,2,48,44
304990.11785879725,15.571,Comp0046,Proxy0001,6,33952,3128,10,16,492,8945
304995.5296823324,0.018,DC0002,DC0001,6,27135,445,7,47,272,30486
304996.6631571416,2.425,Comp0065,Proxy0002,6,36039,3128,4,42,2195,2293
304999.18489373685,0.155,Comp0049,DNS0002,17,42901,53,4,2,58,88
305002.68155869655,2.2,Comp0054,FS0001,6,38567,445,7,102,2073,22758
305003.86934074527,1.9,Comp0030,DC0002,6,59362,389,5,8,676,1644
305008.2745214892,0.024,Comp0016,DNS0001,17,32338,53,2,3,43,174
305010.56612687826,1.169,Comp0058,Web0003,6,10426,443,6,37,2732,15043
305010.6156113687,3.525,Comp0010,DC0001,6,62027,389,4,11,145,46
305017.0873478684,0.896,Comp0049,DNS0002,17,39464,53,2,3,93,382
305017.7309538572,1.353,Comp0052,Mail0002,6,3294,993,11,12,99,393
305024.9529063096,30.114,Comp0035,FS0001,6,8432,445,14,197,15115,7798
305027.9919550329,4.49,Comp0079,Web0002,6,8113,80,18,18,431,5039
305029.51814003225,0.002,Comp0021,DNS0002,17,3402,53,2,2,94,138
305032.60581970814,0.066,Comp0002,DNS0002,17,40022,53,2,3,69,295
305042.88609959034,4.085,Comp0043,DC0002,6,16206,88,10,8,225,263
305043.31644355925,0.094,Comp0056,FS0002,6,61046,445,55,53,855,13667
305045.04664007475,3.321,Comp0012,Web0005,6,16733,443,12,69,831,4023
305046.4332730914,7.326,Comp0010,Web0003,6,9084,443,17,61,569,8140
305048.562492474,1.755,Comp0004,Proxy0001,6,55509,3128,9,29,212,30532
305054.4694941865,6.778,Comp0047,FS0003,6,2448,445,10,67,116,4091
305057.7882077952,0.021,Comp0032,DNS0001,17,35378,53,2,3,103,73
305058.42740073754,0.256,Comp0004,DNS0002,17,21086,53,2,2,72,264
305059.13765107834,0.099,Comp0059,DNS0002,17,40431,53,3,3,72,125
305059.6151288656,0.688,Proxy0002,Ext0014,6,62748,443,10,110,1332,2548
305062.0815724092,26.243,Comp0062,DC0001,6,63522,445,33,34,2112,24428
305063.6390014477,0.139,Comp0017,DNS0002,17,17726,53,2,2,40,51
305066.84934090654,1.858,Comp0078,Comp0016,6,20005,445,48,127,1310,938
305073.48080839275,5.423,Web0002,DC0002,6,36109,389,4,11,186,639
305073.89557539544,0.74,Comp0056,Proxy0002,6,63232,3128,13,8,303,8508
305075.1922964697,23.109,Comp0072,Proxy0002,6,18770,3128,16,58,1003,753
305078.6584596023,0.169,Comp0062,DNS0001,17,36675,53,2,2,83,223
305078.7364374457,4.193,Comp0061,Mail0002,6,18987,993,6,9,551,622
305082.2707003828,0.122,Comp0056,DNS0002,17,59976,53,3,3,88,214
305085.70246406493,9.509,Comp0048,Proxy0002,6,6470,3128,17,18,722,3044
305089.46069053625,4.323,Comp0052,Web0005,6,15736,80,7,87,3536,1939
305090.06073108164,0.178,Comp0042,DNS0002,17,60365,53,3,2,85,287
305090.83024328493,11.562,Comp0064,DC0001,6,37331,445,4,204,1328,3455
305094.9256334394,0.589,Comp0045,Mail0002,6,65196,993,6,4,203,774
305097.5687284456,9.065,Comp0036,Web0002,6,4648,80,18,67,362,16801
305098.6154576567,0.424,Comp0021,DNS0001,17,14378,53,3,2,37,238
305098.65689900325,0.335,Comp0071,Mail0001,6,34534,993,5,14,816,158
305104.06385588436,1.732,Comp0028,FS0002,6,52226,445,28,43,881,14827
305114.27095079824,1.893,Comp0012,DC0001,6,36086,88,4,5,281,1252
305114.3393092797,0.03,Comp0008,DNS0001,17,36062,53,3,3,79,164
305120.28824837337,9.349,Comp0067,Web0003,6,35075,443,5,21,2564,16322
305121.33643774514,0.606,Comp0052,Web0006,6,29735,443,3,31,59,9334
305126.77704779105,5.726,Comp0009,Web0006,6,45099,443,5,11,291,7054
305129.08635064587,0.123,Comp0078,Web0004,6,33880,443,13,151,299,3725
305131.0497542857,1.273,Comp0075,FS0001,6,44919,445,11,94,315,15672
305131.7869508986,0.421,Comp0024,DNS0001,17,24530,53,3,2,104,255
305133.36885952146,3.655,Comp0008,Web0001,6,56856,80,10,20,1964,2637
305134.85898587125,0.011,Comp0008,DNS0002,17,9593,53,2,3,104,248
305139.72089145833,0.311,Mail0001,DNS0001,17,10796,53,3,3,53,107
305147.2253428915,1.123,Comp0055,DC0002,6,5621,88,5,11,895,244
305153.15879033995,0.023,Comp0024,DNS0001,17,60661,53,2,3,55,180
305161.2289461935,2.542,Comp0028,Proxy0002,6,16716,3128,6,15,107,5902
305162.1603245882,2.181,Comp0041,Proxy0001,6,4290,3128,9,93,948,1934
305164.3336520117,1.54,Comp0079,Web0002,6,40720,443,13,24,1498,14293
305166.5621593698,0.085,Comp0007,DNS0002,17,35358,53,3,2,64,60
305166.8360432465,6.987,Comp0063,Web0006,6,36747,443,12,66,647,5991
305169.6755536401,2.108,Comp0010,DC0001,6,6604,88,2,8,178,249
305171.20440428384,1.601,Comp0036,Mail0002,6,52759,993,6,15,751,341
305177.38372904,3.312,Comp0027,DC0002,6,26601,389,10,4,1109,5303
305186.14160225214,3.901,Comp0058,Web0003,6,54405,443,17,103,780,1612
305190.3066525414,0.355,Comp0064,DNS0002,17,33074,53,3,2,116,59
305193.09983437706,7.118,Comp0049,DC0001,6,34012,88,3,4,53,1572
305199.6875374557,0.502,Comp0055,DNS0002,17,54586,53,3,2,47,56
305201.54674792616,4.797,Comp0068,DC0002,6,51927,445,23,66,930,13235
305202.2890821011,1.007,Comp0014,DC0002,6,14816,88,4,7,184,879
305213.6967842781,0.374,Comp0032,Proxy0001,6,30534,3128,5,54,2625,33643
305218.3246236404,2.198,Comp0018,Web0002,6,14548,443,8,18,290,53597
305219.7131780019,0.127,Comp0025,Web0002,6,35113,443,6,17,419,24185
305222.715570191,3.512,Comp0076,Mail0001,6,63266,993,4,7,217,662
305231.7041745469,8.672,Comp0043,FS0003,6,39219,445,22,114,877,2743
305231.8703759914,3.043,Comp0077,Mail0001,6,54647,993,10,6,618,199
305233.06944195664,0.108,Comp0039,DNS0002,17,49799,53,2,2,123,109
305234.8454693091,0.166,Comp0068,DNS0001,17,58486,53,2,3,36,70
305235.8013918425,0.039,Comp0012,DNS0002,17,16403,53,2,3,50,132
305236.32583769836,5.988,Comp0076,Proxy0001,6,2315,3128,4,58,1785,138140
305236.7084976883,10.669,Comp0065,Web0001,6,45594,443,12,29,488,8566
305241.63952477626,5.177,Comp0063,Proxy0002,6,26134,3128,10,73,1017,28769
305241.7461342309,0.003,Comp0002,DNS0001,17,25256,53,2,2,46,88
305247.09196369286,0.385,Comp0058,DNS0002,17,9681,53,3,3,34,316
305251.76163090265,0.457,Comp0050,Web0004,6,36464,80,4,41,606,16303
305251.87702005636,0.44,Comp0047,DNS0002,17,15749,53,3,2,60,46
305253.37493447965,0.011,Comp0024,DNS0002,17,49049,53,2,3,66,137
305261.1467369705,5.173,Comp0054,DC0002,6,22636,389,17,28,225,1342
305261.8372777824,0.211,Comp0049,DNS0002,17,15774,53,3,2,67,277
305264.38705466926,1.826,Comp0031,Web0003,6,45844,80,6,31,497,21975
305269.81448981183,1.029,Comp0003,Proxy0002,6,57066,3128,3,37,1162,20347
305278.8398700739,3.188,Comp0052,Proxy0001,6,52101,3128,8,62,2314,3372
305279.36288492696,0.512,Proxy0002,Ext0034,6,56231,443,9,28,1867,7651
305283.0778473153,0.141,Comp0028,DNS0001,17,13947,53,2,2,59,81
305292.27196160995,0.053,Comp0068,DNS0002,17,9096,53,3,3,63,245
305295.0956011998,0.115,Comp0068,DNS0001,17,59793,53,3,2,69,275
305301.2705771865,4.566,Comp0055,Mail0002,6,62640,587,12,4,254,150
305301.6263664861,11.697,Comp0072,DC0002,6,41358,88,8,5,225,287
305301.77948389784,4.461,Comp0026,FS0002,6,60685,445,23,25,5666,37082
305302.03667881264,0.116,Comp0053,DNS0002,17,24011,53,2,3,129,196
305302.3091266142,12.855,Comp0037,FS0002,6,59144,445,6,59,5393,16531
305304.9429137183,0.13,Comp0012,DNS0001,17,29595,53,2,2,57,169
305309.39769945474,0.972,Comp0072,Web0006,6,12036,443,4,23,346,41745
305311.36204122397,0.241,Web0005,DNS0001,17,4901,53,3,2,71,129
305313.45671914204,0.135,Comp0078,DNS0001,17,39348,53,3,3,104,63
305314.14761047007,0.28,Comp0001,DNS0002,17,2578,53,2,4,79,241
305315.3851928448,0.988,Comp0045,Web0001,6,23096,80,18,106,1012,2030
305317.60787498904,0.254,Comp0058,DNS0002,17,56674,53,2,2,76,165
305334.611025054,4.072,Comp0042,DC0002,6,8779,88,6,6,226,286
305335.2519276264,8.888,Comp0040,DC0001,6,50472,445,46,101,405,31319
305338.3038380937,2.563,Web0005,DB0002,6,7406,3306,46,201,951,29041
305339.1965402767,50.869,Web0003,DB0001,6,61498,3306,30,197,1585,5627
305348.70201647206,11.146,Comp0024,Web0005,6,45198,443,6,40,546,7501
305348.8350038125,0.444,Comp0019,Web0002,6,11689,443,5,23,328,5255
305349.728371296,0.01,Comp0020,DNS0002,17,53709,53,2,3,74,88
305354.4831291747,11.761,Comp0067,Proxy0002,6,53862,3128,11,18,402,8249
305360.6027859318,9.417,Comp0005,DC0002,6,23993,445,36,32,817,8511
305362.21185459377,0.503,Comp0020,DNS0002,17,65069,53,2,2,55,92
305368.21097153536,0.833,Comp0006,Web0003,6,39288,443,17,209,440,6384
305370.3555731509,25.863,Web0005,DB0003,6,59311,5432,10,66,1812,2830
305374.7317380125,19.326,Web0004,DB0003,6,60604,3306,12,188,1883,155322
305375.45808834734,3.757,Comp0068,Web0001,6,17001,443,20,34,3187,3756
305378.48049494013,0.227,Comp0072,DC0002,6,7550,88,11,26,439,1162
305383.7061485214,9.073,Comp0025,DC0002,6,57903,445,31,51,9496,242546
305384.7887486565,11.612,Comp0077,FS0003,6,40011,445,58,200,1598,7001
305394.28109724866,15.052,Comp0075,DC0002,6,35437,445,8,24,5181,61412
305397.2440356416,5.925,Comp0031,DC0002,6,18221,389,6,7,187,1407
305397.9954116799,0.412,Comp0051,DNS0001,17,15150,53,2,3,63,101
305405.7881606308,0.039,Comp0054,DNS0002,17,38342,53,2,3,104,267
305407.8017714033,7.767,Comp0005,Web0005,6,33432,443,3,15,886,8807
305417.24804088456,1.347,Comp0038,Web0005,6,27537,80,9,25,302,4666
305417.5713793762,2.092,Comp0078,Web0004,6,35702,443,6,133,508,21233
305417.81109166925,17.753,Web0005,DB0004,6,60174,3306,15,29,2015,10515
305418.44870489644,8.951,Comp0067,DC0001,6,9763,445,12,131,1217,9024
305419.2470244695,12.962,Web0003,DB0003,6,50910,3306,56,45,7729,53682
305422.6784497885,1.066,Comp0048,Web0005,6,32291,443,7,73,743,17386
305423.07236281486,4.416,Comp0079,DC0002,6,49180,389,5,3,706,1555
305423.3678786772,7.341,Comp0020,Web0004,6,22425,443,14,210,853,15580
305433.06816587865,2.215,Comp0078,DC0002,6,10323,389,10,6,285,1817
305433.2300638729,1.036,Comp0008,Proxy0002,6,33475,3128,5,42,692,42288
305438.8592850731,4.518,Comp0006,Comp0011,6,35821,3389,6,5,661,936
305451.0030170429,1.403,Comp0073,Web0003,6,49818,443,14,34,4810,13861
305451.6997764624,0.238,Comp0032,DNS0002,17,62397,53,2,2,88,74
305459.1085558756,0.057,Comp0062,DNS0002,17,55158,53,3,3,117,193
305459.4885307641,7.179,Comp0005,Mail0002,6,27728,993,12,12,448,815
305464.8104036646,1.888,Comp0057,Web0004,6,27625,443,6,16,457,7447
305475.32529237255,0.485,Comp0028,DC0002,6,62416,389,6,1,879,214
305475.9971503253,0.15,Comp0043,Web0003,6,40159,443,7,6,2521,1484
305476.22086693277,0.253,Comp0024,DNS0002,17,60256,53,2,2,78,85
305479.35555097135,0.066,Comp0056,DNS0002,17,55407,53,2,2,24,83
305481.4583960818,6.78,Proxy0001,Ext0021,6,33942,443,33,76,610,74509
305487.9529950866,0.033,Comp0068,DNS0002,17,25497,53,2,2,60,106
305501.2805071143,1.203,Comp0016,Proxy0002,6,23018,3128,17,14,658,16369
305504.2564133603,0.219,Comp0028,DNS0002,17,62321,53,2,2,107,132
305504.88645698765,3.803,Comp0041,Web0006,6,39712,443,3,76,1203,17788
305511.2663179455,5.539,Comp0074,Web0005,6,64439,80,7,71,872,31676
305522.9074679321,0.262,Web0005,DB0001,6,45163,3306,17,19,921,3124
305525.1103661737,1.211,Comp0054,FS0002,6,54087,445,18,112,548,8827
305539.1602054021,0.207,Comp0007,DNS0002,17,64766,53,2,2,86,63
305544.085666486,5.476,Comp0006,Comp0031,6,29673,3389,5,5,288,5
305550.70883217105,0.335,Comp0014,DNS0002,17,7686,53,2,3,68,144
305572.155368054,1.826,Proxy0001,Ext0033,6,50192,443,3,89,1834,1747
305575.33351087244,8.934,Comp0074,FS0001,6,11428,445,16,85,1179,12968
305578.521386039,0.754,Comp0053,Web0005,6,34549,80,23,28,772,1479
305582.5756550957,11.777,Comp0023,Web0004,6,2204,80,11,190,365,5300
305582.9895769346,8.792,Comp0034,Web0006,6,15353,443,14,104,1867,5697
305584.18684871297,9.576,Mail0001,Ext0037,6,30855,25,6,3,146,491
305584.29889166896,0.049,Comp0079,DNS0001,17,12761,53,2,3,58,175
305584.3392305507,6.426,Comp0020,Proxy0001,6,31014,3128,16,97,1623,3213
305586.52196206973,0.911,Comp0001,DC0002,6,10487,389,6,7,70,470
305592.2416182215,2.873,Comp0002,Proxy0001,6,37675,3128,17,33,696,6445
305594.93531621783,3.452,Comp0018,Proxy0002,6,60782,3128,8,31,409,6024
305595.4476844154,0.093,Comp0064,DNS0001,17,44663,53,3,3,88,78
305596.2979915036,0.196,Comp0032,DC0002,6,22926,88,2,5,191,816
305601.1449607025,0.039,Comp0044,DNS0002,17,53468,53,2,4,62,307
305605.2368637299,2.018,Proxy0001,Ext0012,6,58373,80,16,40,643,41869
305605.3517500254,0.25,Comp0001,DNS0002,17,52969,53,2,2,71,209
305630.9926547404,8.706,Comp0051,FS0001,6,57256,445,18,27,947,40972
305633.1577323131,0.07,Comp0073,DNS0001,17,44300,53,3,3,87,130
305633.6834848225,1.808,Comp0058,FS0002,6,16972,445,41,96,3657,77774
305638.168728785,7.62,Comp0028,FS0001,6,17253,445,26,91,831,5451
305643.5111298274,2.157,Comp0076,DC0001,6,59313,88,3,11,206,141
305643.7460991516,47.135,Comp0053,FS0002,6,14969,445,46,57,668,39500
305651.26577484724,0.071,Comp0005,DNS0002,17,62145,53,3,4,44,125
305652.13151907484,0.299,Comp0016,DNS0002,17,47680,53,3,2,42,211
305654.56798326876,3.584,Comp0047,FS0003,6,64733,445,8,227,1970,1778
305657.34920674464,7.446,Comp0036,DC0001,6,22034,389,4,4,154,522
305660.57016211457,1.728,Comp0042,DC0001,6,41407,389,5,8,595,421
305661.138192468,3.162,Comp0062,Web0001,6,49522,443,9,73,252,10200
305662.8753518963,9.699,Comp0014,Web0002,6,11814,443,5,49,1888,1193
305664.1597325405,1.605,Comp0016,DC0002,6,57805,88,5,8,266,394
305665.47118566127,5.753,Comp0068,Web0001,6,33797,80,7,33,234,6484
305667.6449305116,1.176,Comp0044,DC0002,6,64279,88,9,6,309,1117
305670.27464472334,8.519,Comp0031,FS0003,6,56110,445,19,18,10795,993
305670.7883509511,38.052,Comp0049,FS0003,6,53056,445,12,53,1187,17092
305672.11622299376,0.641,Comp0045,DC0001,6,7942,445,29,75,506,20798
305672.6810850534,5.289,Comp0028,Web0006,6,40271,443,5,25,330,1720
305673.6354494529,8.104,Comp0019,FS0002,6,52733,445,7,70,1867,17053
305676.3792298821,4.302,Comp0030,Web0006,6,53650,443,10,15,546,2429
305680.3604168889,0.01,Comp0056,DNS0001,17,4907,53,2,3,70,247
305682.84472444153,8.182,Comp0050,DC0002,6,29122,88,3,4,568,447
305686.9250421318,0.071,Comp0073,DNS0002,17,58976,53,3,3,78,249
305688.1496787169,0.03,Comp0039,DNS0002,17,42062,53,3,3,74,80
305688.93634380895,0.137,Comp0012,DNS0002,17,11163,53,2,2,50,84
305692.50394833164,0.509,Comp0078,Comp0018,6,39394,135,5,12,499,5
305695.8087730865,0.078,Comp0020,DNS0002,17,28627,53,2,2,72,375
305697.2696469626,6.747,Comp0037,Mail0001,6,43738,587,3,7,246,742
305699.7317964728,3.937,Comp0040,Proxy0001,6,46123,3128,13,25,381,9690
305699.90944346366,0.031,Comp0037,DNS0002,17,52542,53,3,4,41,109
305701.21149217576,12.98,Comp0072,FS0001,6,3865,445,7,102,778,3628
305703.6974883061,1.692,Comp0046,DC0001,6,31799,389,4,11,598,359
305703.89805831073,12.287,Comp0021,Web0004,6,53129,443,7,9,177,3803
305705.92791188526,17.674,Comp0066,Web0001,6,28328,443,8,35,1490,2243
305707.8265402557,0.069,Comp0015,Web0001,6,29642,443,13,41,219,1743
305710.43938175554,3.315,Comp0040,Web0006,6,55957,443,9,110,417,2159
305720.1081162569,0.011,Comp0007,DNS0002,17,59524,53,3,2,32,178
305721.6592207182,0.66,Comp0077,Mail0002,6,54601,993,5,3,348,326
305723.95000658894,5.267,Comp0058,Proxy0001,6,40933,3128,8,48,133,38480
305724.056648996,8.558,Comp0013,FS0002,6,22172,445,33,229,1511,45901
305730.0836847347,3.692,Comp0016,Proxy0001,6,65175,3128,11,106,369,1645
305731.8726765736,0.191,Comp0044,DNS0002,17,40454,53,4,2,48,104
305731.8805596236,0.081,Comp0015,DNS0001,17,42678,53,2,2,56,120
305737.26895497757,2.414,Comp0070,DC0002,6,17354,88,6,14,208,232
305738.0882059548,0.888,Web0001,DB0003,6,42313,3306,28,135,1927,29963
305738.23555270064,0.095,Comp0042,Proxy0002,6,57399,3128,8,27,1406,26508
305743.1241345285,14.775,Comp0008,FS0002,6,36056,445,15,30,3256,13088
305748.6218916377,1.662,Comp0032,Web0006,6,54175,443,7,10,780,1919
305753.3737946827,0.049,Comp0024,Web0002,6,2144,80,6,65,992,22299
305757.77158897195,4.665,Comp0065,Mail0001,6,29373,587,4,5,481,492
305758.61268642585,4.654,Comp0067,Web0002,6,56300,443,8,40,10761,1260
305760.37020230026,6.368,Comp0012,FS0001,6,1706,445,40,75,1825,9765
305768.6646514132,6.855,Comp0057,Proxy0002,6,29046,3128,19,8,1843,1845
305773.6762896044,0.318,Comp0060,Web0003,6,53705,443,7,11,275,16197
305774.102715534,0.314,Mail0001,DNS0002,17,28742,53,3,2,88,103
305774.6940639329,2.769,Comp0072,Proxy0002,6,16009,3128,4,33,1161,13404
305781.9223818023,6.449,Comp0051,Web0004,6,51977,80,10,34,597,12637
305789.4699855795,3.966,Comp0064,Web0003,6,38265,443,8,96,549,3610
305792.4865404247,1.403,Comp0064,Proxy0002,6,27054,3128,12,46,2682,82440
305809.54218893725,0.565,Comp0031,DC0002,6,62934,389,4,5,103,551
305813.3980854013,1.171,Comp0035,Web0006,6,11058,443,4,96,785,3688
305813.7700564529,1.174,Comp0047,Mail0002,6,47468,993,7,3,98,444
305814.5889891882,5.764,Comp0056,Proxy0001,6,7992,3128,10,27,464,56185
305815.6947594015,0.295,Comp0021,DNS0002,17,25340,53,3,3,53,94
305816.60773377435,0.113,Comp0028,DNS0001,17,36989,53,2,3,75,393
305820.9685187365,0.172,Comp0001,DNS0001,17,58471,53,2,2,60,250
305823.43800130923,22.671,Comp0019,DC0001,6,41061,445,19,254,2531,30845
305829.3292816553,0.196,Comp0038,DNS0001,17,54374,53,2,3,66,118
305830.0406987191,4.914,Comp0063,Mail0001,6,18792,587,8,2,190,1351
305835.01701442554,0.137,Comp0052,DNS0002,17,34582,53,2,2,75,127
305837.7292922353,0.129,Comp0077,DNS0001,17,55362,53,2,3,100,419
305838.02168475225,0.475,Comp0080,Web0004,6,61556,443,6,15,1407,15769
305839.6266317377,2.723,Comp0005,Proxy0001,6,50046,3128,7,53,135,4348
305844.0775404937,5.437,Comp0069,Mail0002,6,43348,993,9,7,95,1211
305845.8175007126,1.849,Comp0004,Web0001,6,37605,443,7,53,1888,3440
305855.64802466246,0.185,Comp0045,DNS0001,17,6329,53,3,3,81,132
305859.68417927326,23.048,Comp0040,FS0002,6,24579,445,46,166,4418,649
305860.015981425,0.183,Comp0004,Web0004,6,64112,443,9,30,2604,22702
305862.7473917204,3.584,Comp0029,Web0006,6,39720,80,3,17,538,28203
305869.22605062486,1.176,Comp0032,Web0002,6,8905,443,15,49,362,1332
305869.256469625,0.013,Comp0039,DNS0001,17,7155,53,2,3,64,525
305870.60590269393,0.142,Comp0055,DNS0002,17,64533,53,3,2,57,131
305871.87451900763,0.065,Comp0039,DNS0002,17,43360,53,2,3,65,207
305876.2081656142,0.105,Comp0018,DNS0001,17,9521,53,2,2,78,180
305876.2694312002,2.737,Comp0037,Web0006,6,20716,443,14,36,1197,24671
305882.20696847304,10.094,Comp0078,Proxy0002,6,37350,3128,5,24,1009,682
305886.57134588767,28.439,Web0004,DB0003,6,7659,3306,11,162,1158,147804
305892.4535480257,5.365,Comp0048,Proxy0002,6,19669,3128,7,85,338,1684
305893.585969079,40.283,Comp0040,Web0005,6,15590,443,13,24,90,1057
305894.2520354843,2.55,Comp0074,Proxy0001,6,40652,3128,7,72,1456,30614
305900.4916982568,0.175,Comp0019,DNS0001,17,11364,53,2,3,55,282
305900.8634850158,12.592,Comp0051,Proxy0002,6,27879,3128,3,21,4209,2065
305907.0267398706,0.005,Comp0015,DNS0001,17,14530,53,3,3,61,71
305910.3999952531,0.997,Comp0026,Web0006,6,47354,443,8,107,118,2290
305910.7222701587,6.337,Comp0077,Proxy0002,6,3936,3128,7,37,1088,21415
305917.54059836396,13.714,Comp0017,Proxy0001,6,20599,3128,11,21,802,7965
305917.5708381194,0.942,Comp0029,Web0001,6,22368,443,12,17,2643,7523
305920.4593976823,16.328,Proxy0001,Ext0009,6,59204,80,14,30,324,4605
305921.6790028787,12.182,Comp0004,FS0001,6,62548,445,19,82,485,6648
305924.01591252355,4.195,Comp0035,Mail0001,6,14730,993,5,6,291,2246
305934.11428418825,0.275,Comp0033,DNS0002,17,44705,53,2,2,150,163
305934.2613957323,0.053,Comp0002,DNS0002,17,42882,53,2,3,84,144
305934.5981411822,0.057,Comp0024,DNS0001,17,41835,53,3,2,87,191
305939.91962225456,4.643,Comp0065,Proxy0002,6,16232,3128,15,51,934,1033
305947.3466267849,77.101,Comp0026,FS0002,6,14121,445,18,292,1544,27507
305956.94282081316,4.152,Comp0038,Proxy0002,6,34714,3128,5,77,993,2539
305958.40881856426,0.013,Comp0040,DNS0002,17,3377,53,2,2,33,91
305959.7539603466,9.578,Comp0012,Web0001,6,13818,443,4,70,2175,62564
305962.4823746037,7.324,Comp0027,DC0001,6,18078,389,4,11,145,609
305963.8551482129,1.286,Comp0021,Proxy0002,6,34781,3128,8,50,1201,4187
305970.9460945923,4.791,Comp0047,Web0005,6,30098,80,7,61,5000,22442
305972.32046156016,0.453,Comp0076,Web0004,6,6111,443,12,17,721,603
305972.41751738114,0.396,Comp0012,DC0002,6,57571,445,21,43,3831,17634
305973.09422597924,3.281,Comp0051,Mail0001,6,19179,993,7,6,284,1179
305973.86851584737,8.569,Comp0011,Web0002,6,36451,443,7,24,2380,7283
305977.2408535337,24.85,Comp0078,FS0002,6,37849,445,11,138,360,17451
305979.9647424377,12.281,Comp0006,FS0001,6,40914,445,79,32,12694,14996
305985.1695392245,24.542,Comp0021,FS0003,6,57716,445,5,679,2472,75432
305985.2228369096,0.527,Comp0003,DNS0002,17,4424,53,3,2,76,123
305989.97947294335,0.638,Comp0048,DNS0001,17,30856,53,2,2,60,147
305992.85499429016,0.071,Comp0030,DNS0002,17,4356,53,3,3,54,157
306002.78090304666,5.939,Comp0052,Web0005,6,16439,443,3,5,271,8307
306003.3242272403,15.813,Comp0033,DC0001,6,63834,445,58,54,8084,6967
306003.59827743855,12.174,Comp0046,Web0001,6,47404,443,9,7,1843,2581
306006.0689948338,0.036,Comp0068,DNS0001,17,21742,53,2,2,216,160
306006.56431798387,10.94,Comp0002,DC0001,6,61670,88,3,4,120,1188
306007.19937130983,5.957,Comp0047,Proxy0002,6,14891,3128,12,229,543,693
306010.0564684094,9.018,Comp0057,Proxy0002,6,40074,3128,9,99,866,10514
306013.1423956581,6.134,Comp0009,Web0001,6,53665,443,21,18,3414,13584
306013.84648283035,10.044,Comp0042,Web0003,6,47508,443,10,24,722,7235
306016.67619707604,0.915,Comp0057,Web0004,6,43588,443,10,53,828,5076
306018.4739466502,1.515,Comp0054,Web0002,6,31693,443,4,59,98,6835
306021.200623789,8.496,Comp0057,Mail0001,6,44394,993,6,15,262,1760
306021.61997269443,0.016,Comp0044,DNS0002,17,6015,53,3,3,44,189
306022.73727735726,7.565,Web0006,DB0002,6,47030,3306,34,168,105,5855
306025.4709259493,0.096,Comp0070,DNS0001,17,61583,53,3,3,85,158
306029.63728563144,36.783,Comp0063,FS0001,6,9339,445,12,123,6793,58484
306041.81600423285,4.394,Comp0013,Web0005,6,28030,443,5,30,704,9376
306043.65969096596,1.613,Comp0020,Web0005,6,17052,443,9,26,1001,10127
306049.9261168739,0.774,Comp0060,Web0002,6,31512,80,16,23,188,2131
306050.42034706485,0.798,Comp0063,DC0001,6,42857,389,4,6,156,242
306057.0004547463,0.695,Comp0004,DNS0001,17,46816,53,3,2,33,247
306070.1086237984,0.27,Comp0034,DNS0002,17,50466,53,2,2,52,57
306075.15183826734,4.144,Comp0062,Web0006,6,39608,443,6,37,1305,2049
306078.17715502944,0.115,Comp0058,DNS0001,17,7404,53,2,2,142,264
306078.45176701446,1.219,Comp0040,Web0001,6,31099,443,13,11,331,1258
306088.18860782427,6.092,Comp0079,Proxy0001,6,24616,3128,13,61,697,31429
306089.2596535648,0.813,Comp0025,Web0004,6,51286,443,3,287,230,18750
306093.3150728897,3.36,Comp0043,Web0006,6,63831,443,21,34,342,12284
306097.9041012807,0.095,Comp0053,FS0001,6,56405,445,10,125,1674,7061
306099.1017765892,2.084,Comp0071,Mail0002,6,38854,993,3,6,248,1146
306102.5573360683,0.69,Comp0080,Mail0002,6,48122,587,4,10,425,748
306108.16977230104,0.352,Comp0006,Comp0013,6,17039,3389,7,11,515,116
306108.7638608726,0.164,Comp0058,DNS0002,17,3405,53,3,3,48,109
306112.8454402497,1.597,Comp0053,Web0005,6,49563,443,14,30,88,4808
306113.321056139,4.153,Comp0032,FS0003,6,57550,445,28,24,3065,874
306114.1091047047,0.175,Comp0019,DNS0001,17,12998,53,2,2,90,305
306114.3633966779,6.837,Comp0069,Web0006,6,50932,443,16,37,1555,5927
306121.23775930936,1.232,Comp0069,DC0001,6,39420,88,3,4,1285,371
306122.748044719,14.187,Proxy0002,Ext0037,6,48315,443,12,117,246,1711
306124.24784220266,3.925,Comp0018,Proxy0002,6,59592,3128,7,48,224,86209
306124.2903017371,0.26,Comp0024,DNS0001,17,11955,53,3,3,69,253
306129.52386246365,10.928,Comp0067,Proxy0002,6,33150,3128,10,22,913,13734
306140.72610737954,0.173,Comp0071,DNS0001,17,12864,53,3,2,180,463
306145.1949689985,8.718,Comp0032,FS0002,6,13472,445,6,232,4700,49783
306153.3085503919,0.316,Comp0063,DNS0002,17,57311,53,3,2,46,96
306155.1828500383,0.176,Comp0027,DNS0002,17,45602,53,3,3,66,113
306158.9987881742,7.775,Comp0053,Proxy0001,6,40421,3128,5,49,252,10118
306163.0742081479,0.332,Comp0001,DNS0002,17,32413,53,4,3,101,99
306171.0769849191,0.165,Comp0046,FS0003,6,3592,445,36,38,2341,9164
306173.927614786,1.055,Proxy0002,Ext0022,6,41238,443,6,53,121,8924
306189.3270174965,4.13,Comp0034,Proxy0001,6,13192,3128,6,73,554,20394
306193.51960255555,3.779,Comp0019,Web0003,6,56011,443,6,19,1485,2466
306197.296955364,8.593,Comp0064,Web0003,6,48269,80,6,58,1015,1816
306206.7975047674,13.698,Comp0066,FS0003,6,63547,445,6,12,1561,37527
306209.98228106333,0.591,Comp0008,DNS0001,17,36364,53,2,3,148,97
306213.0690140329,0.5,Comp0018,DNS0001,17,13339,53,3,2,56,71
306216.61972985975,7.925,Comp0055,Mail0001,6,52326,587,4,11,289,1146
306223.3646494624,0.745,Comp0071,DC0002,6,63462,389,7,5,895,882
306228.52786114026,9.257,Comp0056,Proxy0002,6,16244,3128,13,7,167,5794
306231.328210818,7.989,Comp0033,Proxy0002,6,46849,3128,6,35,1383,14414
306234.8372998539,3.557,Comp0056,Comp0011,6,56727,3389,8,2,126,441
306235.22036733804,9.734,Comp0077,Web0006,6,60920,443,11,104,495,1964
306240.43370415544,6.713,Comp0052,Web0005,6,62778,443,14,95,240,935
306253.62645997625,0.174,Comp0069,DNS0002,17,53578,53,2,2,144,124
306255.46057020995,1.593,Comp0008,Web0005,6,32964,443,10,57,1119,4767
306255.7276151539,0.055,Comp0003,DNS0001,17,13164,53,3,3,123,211
306258.01716215076,0.872,Comp0053,Web0004,6,59098,443,2,13,678,2273
306259.1274883874,0.134,Comp0009,DNS0002,17,9855,53,2,2,78,171
306260.68491272646,0.264,Comp0007,DNS0001,17,4118,53,2,3,46,250
306264.36625612655,8.701,Comp0074,Web0002,6,45738,443,4,30,600,1799
306266.6218599196,0.189,Comp0012,DNS0001,17,45568,53,3,2,103,179
306268.6192929735,0.369,Comp0004,Web0004,6,22012,443,5,21,688,52388
306273.41713020665,0.028,Comp0028,DNS0001,17,1159,53,2,4,58,137
306276.5080421346,2.438,Comp0033,FS0002,6,58888,445,45,137,5615,5306
306284.78046945605,24.674,Comp0051,Proxy0002,6,22426,3128,4,50,1010,3020
306288.09393125906,0.012,Comp0069,DNS0001,17,29780,53,2,3,79,215
306291.3933168798,1.819,Comp0072,Proxy0001,6,57552,3128,14,46,316,1731
306293.1202022904,0.691,Comp0055,DNS0001,17,16297,53,2,3,51,277
306304.06015871564,3.657,Comp0079,Web0006,6,47694,443,5,12,1056,2837
306307.4867433795,9.195,Comp0036,FS0002,6,31100,445,20,32,9742,3865
306310.92428455997,1.539,Comp0023,Web0003,6,23383,443,14,29,266,5268
306311.89501865994,3.54,Comp0001,Web0006,6,11593,80,3,110,735,19735
306311.9998126501,20.152,Comp0059,FS0002,6,14946,445,89,117,3116,11277
306313.0132731305,0.207,Comp0080,Proxy0001,6,11434,3128,6,50,877,41036
306318.40103497123,13.325,Comp0060,Web0005,6,57830,443,7,44,586,2099
306318.4479917896,0.498,Comp0062,Mail0001,6,44716,993,6,3,148,341
306323.4660402546,2.879,Comp0046,Web0004,6,25957,443,12,48,3188,2313
306324.7341818243,5.061,Comp0007,Mail0001,6,49286,993,3,2,763,423
306330.2442517505,9.253,Comp0002,Web0004,6,56926,443,5,37,396,3325
306331.15894530964,5.968,Comp0038,FS0002,6,39664,445,46,73,1642,20527
306345.1108748726,5.392,Web0001,DB0001,6,13450,3306,8,161,383,3466
306352.23194014165,13.048,Comp0040,FS0002,6,6399,445,18,176,1049,31557
306354.0992366884,7.196,Comp0021,Proxy0002,6,10510,3128,5,20,322,3414
306358.9862834889,0.16,Comp0064,DNS0001,17,25470,53,2,3,48,181
306370.5801829764,0.905,Comp0045,DNS0001,17,26321,53,2,2,121,159
306374.9408521268,0.213,Comp0005,DNS0002,17,63430,53,3,3,57,84
306382.20430217055,12.938,Mail0002,Ext0035,6,23379,25,7,25,559,1295
306387.7682943543,0.344,Comp0073,DNS0001,17,24481,53,2,3,43,113
306396.5822964606,1.247,Comp0033,Mail0002,6,4195,587,9,10,510,1427
306398.1392692351,3.121,Comp0076,Web0003,6,15264,443,3,44,98,20425
306400.4786576937,2.553,Comp0035,Web0001,6,32040,443,23,16,614,19835
306401.8054788106,2.249,Comp0066,DC0001,6,37560,389,5,11,175,664
306406.25271823886,0.195,Comp0070,DNS0001,17,17974,53,2,3,29,106
306407.81724317087,0.226,Comp0070,Web0004,6,40294,443,3,30,521,6158
306408.75485168,2.695,Comp0025,Proxy0002,6,41854,3128,13,23,638,7795
306412.24690544716,0.061,Comp0019,DNS0001,17,57636,53,3,4,142,87
306414.9529563638,11.734,Comp0022,Proxy0002,6,17839,3128,6,24,1086,52003
306416.9969974577,5.48,Comp0072,Web0005,6,33795,443,3,95,139,2092
306417.21747173474,0.148,Comp0001,DNS0001,17,8331,53,2,2,29,140
306423.7115038605,10.954,Comp0078,Web0006,6,20652,445,56,131,19082,1953
306429.19361351815,0.313,Comp0024,Proxy0001,6,35248,3128,11,104,1221,6456
306431.8513269595,0.444,Comp0065,DNS0002,17,27519,53,2,2,113,118
306432.677221784,0.031,Comp0013,DNS0002,17,12662,53,2,3,72,93
306434.04356561555,0.309,Comp0030,DNS0002,17,14194,53,2,3,107,344
306434.63266651065,2.97,Comp0044,Mail0001,6,8459,993,5,5,250,1801
306437.5155902852,43.306,Comp0022,FS0003,6,4010,445,56,124,4365,29955
306437.54115911253,3.13,Comp0075,Web0001,6,53332,80,16,103,224,19710
306437.87409992033,0.045,Comp0026,DNS0001,17,30550,53,2,2,72,218
306442.1317271204,0.703,Comp0054,Web0001,6,4390,443,9,17,1481,1995
306443.812560458,11.302,Comp0037,Web0001,6,37880,443,11,30,162,15452
306443.83589802234,4.633,Comp0064,DC0001,6,60663,88,4,7,238,699
306444.74604848586,1.602,Comp0048,Mail0002,6,21866,587,4,7,884,2246
306453.43117286614,1.444,Comp0021,Web0003,6,63050,443,4,24,567,3997
306453.6282785627,2.293,Comp0058,Web0001,6,56442,443,7,20,910,7609
306453.94216276566,3.223,Comp0046,Mail0002,6,52328,993,25,4,169,1186
306456.06162175455,1.863,Comp0024,Web0004,6,49772,443,13,58,792,21090
306464.17336524645,11.112,Comp0078,Comp0045,6,12672,135,3,11,358,20
306464.68006222625,8.034,Comp0007,Mail0002,6,60241,993,5,13,111,757
306464.96317101654,2.852,Comp0067,Web0006,6,48201,80,11,33,1104,15563
306473.6415370883,2.035,Comp0044,Proxy0002,6,59133,3128,3,30,779,40602
306473.8463726243,1.817,Comp0015,Mail0001,6,53295,993,4,4,537,408
306474.4044733706,0.291,Comp0008,DC0002,6,51392,88,7,5,127,941
306476.9168733199,4.255,Comp0015,Web0005,6,52689,443,12,26,1659,2612
306484.726203112,0.082,Comp0028,Mail0001,6,26091,587,6,4,78,477
306493.02029932867,4.638,Comp0007,Web0006,6,34310,443,13,36,791,5775
306496.91561800666,0.2,Comp0061,DNS0002,17,3872,53,2,3,68,253
306499.0425611375,1.205,Comp0080,DC0002,6,13771,88,3,8,446,451
306507.73794597044,1.107,Comp0018,DC0001,6,50416,88,4,5,738,3251
306511.5794489557,2.108,Comp0057,Mail0001,6,10647,993,6,21,274,2838
306518.5615081317,4.533,Comp0001,Proxy0002,6,60753,3128,12,32,843,4142
306519.07484556694,0.008,Comp0007,Web0006,6,37778,443,17,98,327,10945
306519.3734631703,11.896,Comp0068,DC0001,6,14457,88,3,6,1974,225
306522.3280932264,3.726,Comp0042,FS0002,6,64274,445,22,68,1522,53275
306522.4378923307,1.008,Comp0006,Web0003,6,26404,443,13,16,732,9173
306538.60267839284,18.553,Comp0058,FS0001,6,24010,445,10,202,9821,16584
306541.74997389445,3.091,Comp0071,Web0005,6,19457,443,13,31,872,9106
306543.7366128521,10.716,Comp0006,Web0002,6,29054,80,21,49,313,11662
306543.92353426374,0.086,Comp0005,DNS0002,17,23254,53,3,2,141,98
306548.2526718314,7.658,Comp0074,Web0003,6,59691,443,17,10,393,707
306556.13414751686,0.39,Comp0036,DNS0002,17,50455,53,2,2,57,282
306556.5398606728,8.639,Comp0057,FS0001,6,2492,445,56,79,2658,125558
306567.20252367837,5.813,Comp0052,DC0002,6,61920,88,9,10,548,1432
306568.76346649195,0.005,Comp0048,DC0001,6,4273,88,9,3,631,196
306572.26234726247,6.973,Comp0014,FS0002,6,26684,445,59,102,4198,51163
306577.57074783556,0.016,Comp0051,DNS0001,17,30046,53,2,2,53,94
306587.7983286143,0.104,Comp0075,DNS0002,17,24213,53,2,3,63,281
306591.0413806446,0.521,Comp0078,DNS0001,17,33513,53,2,2,116,338
306592.47460019216,0.102,Comp0031,DNS0002,17,49207,53,3,3,41,171
306598.55450866575,0.374,Comp0052,Mail0002,6,23257,993,7,13,245,596
306598.5587294742,5.358,Comp0063,FS0001,6,53058,445,93,349,305,13840
306601.1530900379,4.711,Comp0048,Mail0001,6,29563,993,5,9,1851,3267
306603.1169461063,0.308,Comp0055,Mail0002,6,52746,993,18,7,231,345
306604.9250071754,6.701,Comp0005,Web0005,6,1684,443,10,43,258,9097
306610.6558766328,3.241,Comp0079,Mail0002,6,53823,993,6,5,177,2586
306618.0924522858,0.346,Comp0073,DNS0001,17,56988,53,3,3,110,121
306623.2235822568,1.845,Comp0055,DC0002,6,54480,88,4,7,145,802
306624.8734047776,1.198,Comp0033,FS0003,6,17761,445,17,143,2054,60811
306634.89555668336,6.633,Comp0041,FS0002,6,58991,445,146,41,2632,8238
306639.0158324903,0.93,Comp0034,DC0002,6,29513,445,4,36,372,3814
306640.8841097339,0.127,Comp0060,Mail0001,6,13193,587,9,7,752,527
306646.6866894627,0.132,Comp0010,DNS0002,17,50978,53,2,3,129,70
306648.6429927378,5.227,Comp0048,DC0002,6,46368,445,14,31,1444,22800
306651.30551621283,3.658,Comp0047,Mail0001,6,11233,993,7,4,212,624
306652.1472499718,1.655,Comp0008,DC0001,6,40302,389,5,7,179,583
306655.1041057487,5.54,Comp0034,Proxy0001,6,20730,3128,18,18,868,4188
306657.00001217437,1.713,Proxy0002,Ext0028,6,5365,443,11,38,607,5642
306659.4307081591,0.576,Comp0035,DNS0002,17,17192,53,2,3,40,139
306664.80810968403,9.443,Comp0069,Web0001,6,26375,443,5,21,506,5440
306667.2454742183,7.989,Comp0026,DC0001,6,25984,88,5,23,922,860
306669.5534657802,5.453,Comp0010,Web0006,6,57322,443,16,76,604,1092
306670.04060803517,0.921,Proxy0002,Ext0014,6,43523,443,5,219,566,3659
306676.86012992094,7.426,Comp0037,Web0005,6,45113,443,4,28,259,21385
306683.0553384964,2.143,Comp0050,DC0002,6,61467,389,4,14,727,152
306693.62036524474,20.1,Comp0040,FS0001,6,38669,445,27,168,3691,17923
306694.42720196676,6.996,Proxy0001,Ext0028,6,11646,443,16,14,5418,4410
306701.10108711896,6.995,Comp0039,DC0002,6,1148,88,10,6,343,1035
306707.7454272456,14.827,Comp0058,Web0006,6,9861,443,13,23,593,117
306708.497687801,0.153,Comp0023,DNS0002,17,37297,53,2,2,57,208
306709.4704614018,0.493,Comp0079,DNS0001,17,49250,53,2,3,25,101
306712.3926843697,10.062,Comp0026,FS0002,6,52679,445,23,85,876,7700
306718.6182663974,0.097,Comp0074,DNS0001,17,17525,53,3,3,78,207
306719.5901559908,3.554,Comp0005,Web0005,6,16327,443,4,47,202,3899
306732.8510876619,6.182,Comp0069,Proxy0002,6,33090,3128,26,147,234,11133
306734.1319906862,19.065,Web0005,DB0003,6,26319,3306,62,42,2875,21666
306738.4142081803,0.739,Comp0047,DNS0001,17,59966,53,3,3,101,119
306738.7102500372,3.948,Comp0055,DC0002,6,5565,389,4,4,190,472
306739.9087657915,0.096,Comp0024,Mail0001,6,25198,993,3,6,2184,292
306740.05724652763,6.941,Comp0020,Proxy0002,6,63615,3128,4,24,173,2460
306740.24503249396,5.505,Comp0005,Web0004,6,33177,80,9,45,229,8315
306744.8633476588,1.541,Comp0015,DC0001,6,56375,389,4,6,138,1926
306765.5029692327,4.387,Comp0056,Proxy0001,6,28146,3128,15,22,679,46039
306774.1303042679,3.851,Comp0068,Mail0002,6,25332,587,8,20,300,1383
306778.6235480637,4.402,Comp0014,Mail0001,6,3812,587,3,6,225,2229
306787.2200506008,4.993,Comp0035,Proxy0002,6,13242,3128,4,19,1108,3180
306791.06840408006,1.587,Comp0011,Proxy0002,6,11151,3128,6,201,766,4839
306794.5488476223,3.945,Comp0035,Web0004,6,2421,443,39,95,107,3039
306799.5388740823,1.329,Comp0024,Mail0001,6,54190,587,6,8,903,290
306805.6010034388,2.495,Comp0015,Proxy0002,6,37747,3128,37,68,1129,13316
306813.3418934013,0.03,Comp0009,DNS0001,17,56843,53,3,3,32,98
306820.2858084407,0.013,Comp0036,DC0001,6,40093,88,5,17,373,218
306826.6576904862,2.817,Comp0019,Web0002,6,36947,80,4,41,410,2857
306826.70453750645,0.602,Comp0006,DC0002,6,61527,389,2,3,380,440
306827.4245544928,2.098,Comp0003,Web0001,6,60421,80,13,58,417,7872
306829.29396548675,2.094,Comp0078,Comp0063,6,31417,3389,11,8,113,19
306830.5036947923,0.137,Comp0019,DNS0001,17,6860,53,3,2,72,200
306830.65029935504,0.225,Comp0073,DC0002,6,27154,88,11,8,401,1744
306833.05215894943,14.123,Comp0064,Web0004,6,20664,443,16,22,594,11309
306833.1617136819,15.159,Web0001,DB0002,6,6137,5432,25,77,2725,11051
306836.67151859484,1.794,Comp0078,Proxy0002,6,65253,3128,4,42,166,11365
306839.4758653095,0.097,Comp0068,DNS0002,17,43745,53,2,3,97,75
306841.2518950383,2.569,Comp0077,Web0003,6,43689,80,7,7,5547,9397
306841.36496730865,13.017,Comp0067,Web0001,6,6550,443,7,20,562,32168
306841.8179022625,0.27,Proxy0002,Ext0006,6,15636,80,6,94,1469,34306
306843.9146577165,15.985,Comp0070,FS0003,6,10183,445,87,394,3671,68092
306848.4047456546,11.922,Comp0041,Web0005,6,8486,443,15,27,777,5120
306849.90860790666,0.297,Comp0028,DNS0002,17,62540,53,3,2,67,64
306852.59973717853,7.033,Comp0015,FS0001,6,17871,445,11,87,12318,35399
306853.32688046596,8.218,Comp0006,DC0002,6,22197,445,36,201,637,23024
306856.7442681707,5.029,Comp0010,DC0002,6,28863,88,10,7,328,2048
306857.7177553007,0.224,Comp0016,DNS0001,17,62708,53,2,3,87,132
306859.74638218206,3.604,Comp0055,Mail0001,6,4339,993,4,23,670,503
306860.444033509,13.478,Comp0054,FS0001,6,23943,445,15,65,2698,9390
306864.4186195971,15.484,Comp0051,Web0002,6,7880,443,6,43,308,5692
306864.89690127067,6.718,Comp0009,Web0004,6,31888,80,5,81,262,15850
306866.39111421333,0.004,Comp0037,Web0002,6,53885,443,28,125,290,5299
306869.86571510334,0.199,Comp0076,Proxy0001,6,25997,3128,6,24,627,4314
306871.69969687227,0.014,Comp0016,DNS0001,17,18186,53,4,3,36,157
306876.1220548887,0.056,Comp0068,DNS0002,17,40748,53,2,3,92,230
306878.4791801173,16.82,Comp0037,Web0001,6,27205,443,9,41,491,11524
306878.663349323,2.413,Comp0033,Web0004,6,37388,443,10,22,645,17193
306881.8590551099,4.745,Comp0062,Web0004,6,26868,443,10,51,1017,1534
306882.8881875442,1.157,Comp0075,Web0006,6,41429,80,19,37,166,3022
306884.9177143725,0.222,Comp0003,DNS0001,17,27576,53,2,2,42,151
306896.3006785441,0.226,Comp0061,DC0001,6,61990,389,5,6,1611,532
306902.027689909,4.249,Comp0055,Proxy0002,6,20578,3128,9,73,384,1726
306903.0930978696,4.791,Comp0048,DC0002,6,42745,88,9,6,615,1732
306903.1113281948,0.162,Comp0013,DC0002,6,3381,88,5,3,111,518
306905.60461060604,9.88,Comp0076,FS0001,6,39411,445,33,83,3032,29953
306905.9637731717,1.078,Comp0046,FS0003,6,21008,445,9,325,668,6639
306917.79641786625,1.365,Comp0062,Web0006,6,38216,443,13,25,381,8079
306922.73780102504,2.546,Comp0060,Mail0002,6,27995,993,7,2,978,743
306927.96436685155,0.141,Comp0064,DNS0001,17,46338,53,2,3,165,78
306929.91823714395,2.332,Comp0002,DC0001,6,44969,88,6,11,1878,650
306934.1515362123,0.266,Comp0044,Web0001,6,54567,443,10,20,2886,6977
306934.3262583048,7.489,Comp0021,FS0001,6,58422,445,36,11,980,2423
306934.6331156382,2.424,Comp0009,Web0006,6,20971,80,33,76,174,1729
306946.4728041176,1.25,Comp0027,Proxy0002,6,17735,3128,9,21,641,19351
306949.1237012776,0.055,Comp0016,DNS0001,17,22333,53,2,4,71,139
306950.0551101449,9.495,Comp0002,Proxy0001,6,18565,3128,11,35,1102,2174
306952.5568055993,2.866,Comp0046,Proxy0001,6,40779,3128,6,64,571,3847
306955.9025951101,0.145,Comp0074,DC0001,6,57714,389,9,5,1096,868
306956.24240670045,7.714,Web0006,DB0003,6,48818,5432,18,218,1290,6839
306957.62207058904,0.138,Comp0071,DNS0002,17,57889,53,3,3,30,212
306958.658921997,2.923,Comp0045,Web0005,6,64698,80,6,31,323,1323
306965.08901848615,2.347,Web0006,DC0002,6,5590,389,4,5,1190,326
306977.61681796866,29.966,Comp0047,Web0003,6,2333,80,16,15,616,12058
306981.1702244346,2.522,Comp0026,FS0002,6,60152,445,19,136,992,138875
306981.52788942493,1.616,Comp0025,DC0001,6,11416,445,83,302,1798,341584
306985.90806326224,0.047,Comp0008,DNS0001,17,56175,53,2,4,69,154
306987.3375791955,0.03,Comp0071,DNS0002,17,42697,53,2,2,52,96
306989.7703968844,0.328,Comp0007,Proxy0001,6,37935,3128,9,28,269,65681
306990.2678785905,0.347,Comp0047,DNS0002,17,14930,53,2,3,109,105
306991.25677980715,0.551,Comp0007,Mail0002,6,10097,993,13,7,558,2121
306992.3603843136,0.154,Comp0023,Web0005,6,43759,80,12,18,1892,9773
306995.93721280235,6.507,Comp0059,Web0001,6,63496,443,5,66,409,24689
306999.4493551315,10.473,Comp0019,Web0003,6,32617,443,7,18,1419,1802
307002.37314795016,4.723,Comp0033,Web0006,6,5907,80,19,72,551,2666
307010.6589789372,4.037,Comp0077,Proxy0001,6,54830,3128,11,36,938,2090
307011.5577554412,6.469,Comp0049,Web0001,6,15198,443,5,43,308,8158
307011.8162369111,0.322,Comp0032,Web0005,6,38519,80,16,34,394,17147
307012.83451232896,0.987,Comp0046,Web0005,6,50116,443,15,24,644,3230
307020.26325741457,0.691,Comp0005,DC0001,6,50648,389,9,4,1873,83
307021.29381127615,0.05,Comp0016,DNS0002,17,10808,53,2,3,69,174
307023.3809999802,2.477,Comp0050,Mail0001,6,57241,993,6,3,250,1404
307023.51503911417,4.008,Comp0014,Web0002,6,55618,80,8,215,1210,1769
307025.686832629,0.035,Comp0012,FS0001,6,51052,445,10,172,3266,90321
307031.5056413617,7.179,Comp0074,Proxy0001,6,12887,3128,10,19,1013,46055
307031.7248178092,2.969,Proxy0002,Ext0029,6,6638,443,4,55,378,3748
307034.95581763494,6.966,Comp0078,Proxy0001,6,57499,3128,6,26,762,3070
307034.9987300978,0.109,Comp0080,DNS0002,17,48497,53,2,3,78,126
307038.5835190171,9.454,Comp0020,Web0003,6,26427,443,8,24,178,2629
307042.7812604411,8.54,Comp0069,DC0002,6,32365,88,6,22,361,1189
307043.7501512567,4.131,Comp0056,Web0006,6,48050,443,5,96,462,6323
307044.5965948061,2.011,Comp0002,DC0001,6,49758,88,4,5,1188,737
307052.3240500633,3.313,Comp0033,Web0004,6,4018,443,35,102,1789,1467
307053.90583887,4.625,Comp0059,FS0002,6,27789,445,17,29,3168,44638
307054.6127081291,21.617,Comp0074,Web0002,6,24966,443,4,38,925,10656
307055.48659866216,3.039,Comp0001,Web0001,6,16006,80,4,25,1468,10219
307060.3958060266,1.914,Comp0014,Web0002,6,9079,80,6,58,524,1201
307061.87917904987,3.447,Comp0049,Web0001,6,31386,80,3,23,630,8955
307066.0553465063,0.43,Web0005,DNS0001,17,32408,53,2,2,49,246
307066.7709028147,0.524,Comp0010,DNS0001,17,10213,53,3,3,42,122
307076.286681943,3.081,Comp0013,Web0003,6,59619,443,7,14,4629,14604
307076.3387496843,0.025,Comp0039,DNS0001,17,22344,53,3,3,80,176
307077.504958644,5.462,Comp0013,Web0003,6,32294,80,11,27,311,2473
307081.6098275911,0.094,Comp0029,DNS0001,17,54285,53,3,3,61,80
307085.78816986264,0.128,Comp0065,DNS0002,17,35277,53,3,3,70,88
307088.5269384555,0.053,Comp0020,DNS0002,17,52505,53,2,2,85,546
307089.56156492804,4.21,Comp0009,Mail0002,6,35615,993,6,6,334,217
307090.3663032842,6.025,Comp0018,Web0003,6,51419,80,18,21,513,4256
307090.37589003675,0.464,Comp0069,Web0004,6,33080,443,10,50,231,7248
307094.2856036579,5.314,Comp0006,Web0003,6,54338,443,13,58,465,5857
307111.1730227041,19.317,Comp0021,Web0005,6,4860,80,6,47,509,5895
307113.5233479838,0.874,Comp0046,DC0002,6,49721,88,3,13,78,963
307134.44462200825,2.177,Comp0056,FS0002,6,19799,445,36,133,652,53777
307135.0402216784,3.517,Comp0006,Comp0043,6,19485,22,7,19,201,93
307135.2690575586,0.146,Comp0061,DNS0001,17,14809,53,2,3,83,69
307138.7392431262,37.412,Comp0006,FS0003,6,51448,445,47,211,2695,18774
307141.63200212945,0.31,Comp0002,DNS0001,17,28731,53,3,2,56,154
307142.4065710377,0.654,Comp0001,FS0002,6,39741,445,41,29,5359,103599
307149.7941142208,0.174,Comp0044,DNS0002,17,29785,53,3,3,38,118
307151.0395130835,1.448,Comp0009,Web0003,6,12014,80,8,77,520,19272
307153.41648466594,0.055,Comp0045,DNS0001,17,37385,53,2,2,61,211
307159.0702029752,5.823,Comp0015,FS0002,6,2567,445,31,90,203,4367
307163.4684682194,4.767,Comp0027,Web0004,6,54974,443,4,11,803,9072
307167.9133252768,0.048,Comp0033,DC0002,6,13735,88,5,7,390,706
307168.8756154043,3.067,Comp0073,DC0002,6,65284,389,8,5,1048,517
307170.92285003996,20.499,Comp0080,FS0001,6,49929,445,22,211,1977,95135
307174.8635087666,1.783,Comp0062,DC0002,6,1704,445,7,77,408,326
307177.60464276664,88.99,Web0005,DB0003,6,1067,3306,32,197,459,14919
307182.36619949644,0.713,Comp0067,Web0006,6,52429,80,9,52,488,13041
307183.71811676613,0.534,Comp0040,DNS0002,17,7576,53,3,2,41,127
307187.58531517925,8.763,Comp0047,Web0001,6,2475,443,6,29,130,23137
307188.5616811144,0.099,Comp0046,Mail0001,6,58433,993,14,6,103,1133
307193.8130041914,5.374,Comp0054,FS0003,6,21665,445,36,423,384,26063
307198.1908350912,0.012,Comp0052,DNS0001,17,13925,53,2,2,69,89
307198.4063402668,0.255,Comp0021,DNS0001,17,59262,53,3,2,36,170
307199.1130969103,1.687,Comp0078,Comp0030,6,33215,135,3,11,145,55
307200.13318946,2.454,Comp0050,Proxy0001,6,51263,3128,6,41,243,7075
307207.40845963,15.782,Comp0013,Proxy0002,6,58132,3128,26,52,919,24737
307208.1582086297,0.266,Comp0028,DNS0002,17,57002,53,2,2,41,273
307210.76720489556,0.163,Comp0025,DC0001,6,55821,88,7,6,92,209
307211.745386514,11.073,Comp0027,Proxy0001,6,7452,3128,15,24,108,8952
307213.42441870854,0.084,Comp0028,DNS0002,17,56927,53,3,2,42,162
307217.9871339877,1.557,Comp0014,Proxy0001,6,12575,3128,9,45,989,13775
307229.01434104046,0.087,Comp0012,DNS0001,17,26385,53,2,2,56,190
307231.6113859756,3.977,Comp0054,Web0005,6,29918,443,9,31,2463,1990
307232.1446391722,1.532,Comp0072,DC0002,6,23583,389,5,7,420,604
307232.37675218476,0.18,Comp0072,Web0001,6,56718,80,12,13,392,63055
307239.006943022,3.276,Comp0065,DC0001,6,13571,88,3,4,747,88
307240.05681871384,0.146,Comp0054,DC0002,6,64621,88,3,14,657,341
307245.5284584583,6.054,Comp0036,DC0002,6,24492,445,17,26,931,3936
307246.19083237665,0.289,Comp0073,DNS0002,17,46366,53,3,2,72,209
307246.42835507536,0.052,Comp0041,DNS0001,17,52684,53,2,3,111,104
307248.45150979573,2.116,Comp0078,Web0006,6,38232,443,14,102,1020,7220
307249.27667815663,0.207,Comp0031,DNS0002,17,46571,53,3,3,50,208
307250.54340614553,2.025,Comp0063,Web0005,6,29579,80,12,76,575,11557
307257.2634893941,0.157,Comp0022,DNS0002,17,3129,53,3,3,86,82
307259.92845200514,14.705,Comp0055,Web0004,6,39673,443,8,30,927,12390
307261.4833977477,1.688,Comp0067,DC0001,6,63201,88,10,13,278,2999
307261.4925150296,6.604,Comp0016,Mail0002,6,50825,993,2,12,314,329
307265.00013227074,12.127,Comp0059,Proxy0001,6,61286,3128,12,49,2909,17092
307271.1932325602,0.035,Comp0067,DNS0001,17,27237,53,2,2,167,183
307272.55585265957,2.749,Comp0078,DC0001,6,21086,389,3,6,1236,235
307272.6397312943,6.545,Comp0034,FS0001,6,59518,445,11,79,1374,3410
307275.3598945718,3.108,Comp0057,Proxy0002,6,6545,3128,14,57,1581,7401
307277.7458668121,6.481,Comp0080,Web0005,6,42444,443,6,57,1841,19749
307278.28722516226,1.527,Comp0041,Mail0002,6,2131,993,4,5,248,4588
307279.61690035765,0.247,Comp0006,DNS0002,17,31584,53,2,3,77,88
307281.559906716,3.903,Comp0046,FS0003,6,12148,445,20,11,611,19098
307291.1963723212,1.735,Comp0054,Web0002,6,32627,443,7,43,241,5468
307293.81299474864,1.521,Comp0051,Proxy0002,6,10203,3128,7,13,512,4317
307293.86455577984,3.256,Comp0046,Proxy0002,6,10710,3128,18,262,272,38867
307300.0754612308,1.344,Comp0008,Mail0002,6,28674,993,4,4,1012,200
307305.265523067,4.948,Comp0022,Web0001,6,61086,80,9,51,366,15054
307305.89462269156,0.134,Comp0032,DNS0002,17,25824,53,3,3,133,99
307309.2318200206,8.747,Comp0002,DC0001,6,63095,445,23,15,923,5230
307314.85676714254,1.45,Comp0021,DC0002,6,41944,88,3,14,193,424
307319.2239924334,5.209,Comp0035,Proxy0002,6,41047,3128,8,30,422,674
307320.0524066634,13.577,Comp0035,Web0005,6,57457,80,9,30,766,2017
307323.0398251733,3.545,Web0003,DC0002,6,25026,389,4,6,243,553
307332.46636488626,1.045,Comp0045,Proxy0001,6,53449,3128,5,25,484,2237
307336.21399049513,0.136,Comp0042,DNS0002,17,54316,53,3,3,59,295
307336.7491858402,1.427,Comp0029,Web0004,6,44331,443,6,23,254,658
307341.3132669042,7.094,Comp0014,Web0001,6,31693,443,9,34,3753,3075
307342.78069952497,16.024,Proxy0001,Ext0010,6,55991,443,5,159,2550,19109
307347.45385268045,10.742,Comp0005,Proxy0002,6,55932,3128,12,67,1496,1041
307350.18112197705,0.316,Comp0045,Mail0001,6,30339,587,4,8,825,745
307351.77750750777,14.847,Comp0038,DC0001,6,44568,445,5,82,223,41421
307353.5910012427,8.347,Comp0013,Web0006,6,38067,443,7,18,207,29357
307353.70823629346,0.198,Comp0062,DNS0001,17,23243,53,2,3,77,185
307353.89434234856,14.972,Comp0037,FS0003,6,39286,445,10,48,421,1473
307363.4958382693,1.422,Comp0022,Web0001,6,27882,80,9,44,669,19465
307366.4946258139,13.362,Comp0061,Proxy0001,6,59040,3128,9,8,468,8728
307369.5895776765,20.755,Comp0046,DC0002,6,46121,445,14,151,1002,16422
307384.4907058515,0.303,Comp0075,DNS0001,17,52786,53,3,2,52,194
307388.93527046696,3.073,Comp0061,DC0001,6,24781,88,5,6,1618,230
307389.29840111383,0.023,Comp0077,DNS0002,17,10473,53,2,3,93,279
307391.7148219879,0.173,Comp0013,DNS0002,17,63317,53,3,3,86,89
307393.2384094463,0.067,Comp0079,DNS0001,17,13339,53,3,3,32,250
307396.01379765855,0.141,Comp0005,Web0004,6,48663,80,11,46,661,1057
307400.2657805981,5.05,Comp0021,Proxy0001,6,32618,3128,12,37,236,43083
307411.4736076107,1.663,Comp0065,Mail0001,6,65080,993,11,6,118,1427
307413.5730880214,5.084,Comp0072,Web0005,6,31806,443,6,58,436,18607
307417.3629923713,0.31,Comp0065,DNS0001,17,64987,53,3,3,48,135
307418.82464431494,4.658,Comp0020,Web0003,6,58999,443,11,45,263,5763
307422.26382722013,28.554,Comp0026,FS0001,6,50370,445,29,49,5869,58915
307422.7604611412,7.342,Comp0057,Web0006,6,31422,80,18,17,513,25393
307424.9784547223,0.075,Comp0058,DNS0002,17,54408,53,2,2,69,67
307425.6178559493,0.033,Comp0076,Web0002,6,24235,80,9,37,318,6132
307432.0823881831,1.363,Comp0011,Mail0001,6,25083,587,9,11,976,656
307444.15290077776,2.181,Comp0052,Proxy0002,6,49112,3128,12,49,984,2587
307447.126868429,0.004,Comp0077,DNS0001,17,39165,53,3,3,104,123
307449.1800144913,5.603,Comp0071,Mail0002,6,55310,587,8,3,316,496
307450.93076008296,8.128,Comp0021,DC0001,6,9671,389,6,5,244,269
307451.5135195599,0.605,Comp0046,DNS0002,17,9575,53,2,3,26,166
307452.92330425914,3.235,Comp0035,Web0001,6,29081,80,12,145,407,2817
307454.330343831,3.513,Comp0035,Web0001,6,16886,80,9,45,1344,6307
307456.8846854114,0.012,Comp0054,FS0001,6,12321,445,35,34,722,25309
307458.92464311986,0.305,Comp0066,DC0002,6,4159,88,5,7,589,1335
307459.8331728794,5.67,Comp0043,DC0002,6,43893,389,9,5,153,101
307460.87821250234,0.027,Comp0067,DNS0001,17,35434,53,2,3,59,94
307461.04555920383,3.776,Comp0040,Web0004,6,37516,443,17,119,687,6233
307468.011348455,9.897,Comp0060,Mail0002,6,21838,993,4,4,238,442
307479.4888233466,5.577,Comp0039,Proxy0001,6,38750,3128,18,74,883,7562
307481.5859868153,1.02,Comp0023,DC0001,6,7070,88,7,7,298,743
307489.5845447857,3.668,Comp0016,Web0002,6,49954,80,4,36,242,3504
307491.8268714706,0.114,Comp0015,DNS0002,17,26922,53,2,2,58,147
307493.28099428,36.279,Comp0028,FS0001,6,1823,445,83,47,2661,12553
307508.1493443695,38.587,Comp0060,FS0002,6,6895,445,56,81,628,2460
307509.16165386856,0.138,Comp0021,DNS0002,17,29916,53,2,3,55,224
307511.592797641,0.331,Comp0054,Web0005,6,28016,80,4,37,285,4223
307513.99156590726,3.185,Comp0045,Web0005,6,59165,443,11,48,2754,7543
307514.54488009226,0.653,Comp0011,FS0001,6,15177,22,4,18,221,260
307515.8832578465,0.219,Comp0046,DNS0002,17,38327,53,3,3,84,192
307524.5145442809,9.893,Comp0044,Web0001,6,31097,80,16,35,3499,7135
307525.7046672324,3.597,Comp0069,Web0005,6,24192,443,8,159,397,1829
307530.38238840294,5.679,Comp0004,DC0002,6,37787,88,3,4,834,1453
307531.802136102,10.612,Comp0019,Proxy0002,6,20153,3128,4,88,1453,19282
307533.9485834132,4.174,Comp0032,Proxy0002,6,7986,3128,4,29,338,5750
307534.43146931526,0.012,Comp0036,Proxy0001,6,9538,3128,7,180,2884,5901
307547.6455312955,0.853,Comp0066,FS0002,6,30804,445,23,92,1948,8645
307549.7114560837,3.405,Comp0048,Web0006,6,26860,80,5,20,412,5160
307550.22868780495,0.183,Comp0060,DNS0002,17,41951,53,2,2,70,205
307550.6840419374,0.077,Comp0070,DNS0002,17,18332,53,2,3,62,198
307561.86660381616,4.23,Comp0073,Web0006,6,13847,443,20,56,429,8149
307567.3917422051,0.064,Comp0002,DC0001,6,48729,88,4,16,778,597
307567.90411545004,3.264,Comp0069,Mail0001,6,63848,993,5,9,434,663
307568.0325248692,0.198,Comp0057,DNS0002,17,58471,53,2,3,108,253
307572.24877716275,1.406,Comp0072,FS0002,6,48180,445,25,62,482,4672
307572.4807822135,0.172,Comp0031,DNS0002,17,17222,53,2,2,27,169
307579.0390854369,0.4,Comp0050,DNS0001,17,53437,53,3,3,32,141
307582.6477810012,21.595,Comp0026,FS0002,6,45870,445,38,56,5816,5971
307583.3892678045,4.61,Comp0017,Mail0001,6,42501,587,8,12,273,811
307584.74217881483,9.571,Comp0066,Proxy0002,6,52311,3128,4,34,2395,5189
307587.0632380882,0.358,Comp0036,DNS0001,17,51541,53,2,3,68,134
307588.21874548483,0.077,Comp0065,DNS0002,17,59654,53,2,2,109,143
307588.864739111,0.861,Comp0047,DC0001,6,58871,88,3,6,222,422
307590.502458902,1.799,Comp0002,Mail0002,6,55493,993,6,9,905,472
307592.83646903024,2.625,Comp0006,Web0005,6,32132,443,4,128,641,19998
307595.3382865721,14.518,Comp0003,Proxy0002,6,33119,3128,6,27,481,7315
307601.08155413176,2.148,Comp0032,Web0003,6,40194,443,6,11,1408,6308
307608.34766443935,0.052,Comp0078,DNS0002,17,14572,53,3,3,34,134
307608.643497244,0.038,Comp0078,DNS0001,17,42144,53,3,2,89,185
307611.24583226483,10.221,Comp0026,Proxy0001,6,14032,3128,8,27,3066,11793
307617.70606734464,0.796,Comp0001,Web0003,6,57473,443,8,29,1643,7017
307623.80672989576,1.835,Comp0060,DC0001,6,43457,389,8,15,49,234
307624.50255817524,0.36,Comp0063,DNS0001,17,19737,53,2,3,65,195
307625.0023880426,3.105,Comp0034,Web0001,6,33713,443,36,62,520,14003
307625.9268330452,0.815,Comp0024,Web0005,6,42125,80,11,46,658,15849
307627.2670501588,3.164,Comp0052,FS0003,6,57736,445,16,24,738,10576
307629.8885296412,10.219,Comp0030,Proxy0001,6,2564,3128,9,6,382,2883
307631.1362780311,0.027,Comp0066,DNS0001,17,46735,53,3,2,55,104
307633.35245118884,1.289,Comp0021,Web0002,6,15100,443,6,52,1342,19847
307636.47519715613,0.582,Comp0073,Web0005,6,65440,80,16,29,503,28651
307638.7601882204,7.057,Comp0051,Web0005,6,35932,443,5,24,2081,28714
307640.7873185935,0.172,Comp0046,Mail0002,6,55638,587,8,10,419,314
307643.06934393337,4.406,Comp0001,Web0004,6,53125,80,10,27,183,3379
307646.0837820846,12.068,Comp0003,Web0003,6,5723,443,5,15,241,82275
307647.1614809513,1.421,Comp0027,DC0002,6,7492,445,52,19,764,8546
307653.4095781129,1.24,Comp0059,Web0006,6,5265,443,6,71,448,27381
307653.8581506487,0.507,Comp0021,DC0002,6,21508,389,5,7,437,1284
307657.5406181536,0.01,Comp0015,DNS0002,17,47886,53,2,3,92,198
307658.94803001656,8.066,Comp0023,DC0002,6,11064,389,15,4,882,1152
307662.7177876202,0.101,Comp0037,DC0001,6,19674,88,9,11,219,2602
307671.0290971473,5.77,Comp0039,Web0004,6,14782,443,4,45,327,3678
307676.5176434373,2.893,Comp0057,DC0002,6,46289,389,9,3,909,382
307679.67565841525,0.408,Comp0002,DNS0002,17,64334,53,2,3,62,99
307682.4006530994,0.045,Comp0020,Proxy0001,6,50719,3128,10,51,328,20685
307683.21906866634,1.704,Comp0076,DC0001,6,59213,445,48,101,2021,12315
307684.2979494713,8.639,Comp0016,Mail0002,6,41628,993,11,3,350,1772
307685.5440193361,1.368,Comp0008,FS0002,6,29881,445,65,24,3657,39786
307688.56952709216,0.012,Comp0043,Web0005,6,56747,443,4,10,334,24873
307693.6089172922,0.384,Web0006,DNS0002,17,22184,53,2,3,77,209
307693.8526295763,11.054,Web0003,DB0004,6,4779,3306,26,543,2533,26028
307693.87904049095,9.923,Comp0054,Web0002,6,38997,80,8,27,842,1527
307695.03013337945,3.506,Comp0044,Web0006,6,29286,443,7,49,3721,3560
307695.68173572747,0.082,Comp0067,DNS0002,17,39357,53,2,3,50,122
307697.18440226064,45.394,Comp0057,DC0002,6,31481,445,25,245,4047,13134
307698.6021687891,5.465,Comp0041,DC0002,6,10992,389,5,10,392,579
307704.6773077146,0.271,Comp0052,DNS0002,17,11115,53,2,3,58,284
307707.876773602,10.957,Comp0076,Proxy0002,6,19183,3128,4,96,966,728
307713.4752097739,0.748,Comp0054,DNS0002,17,42728,53,3,2,72,69
307716.61301650427,33.99,Comp0032,FS0002,6,48649,445,14,38,2142,13092
307716.7828746479,2.348,Comp0046,Web0002,6,51578,80,8,30,842,1471
307717.1201227949,0.02,Comp0067,DNS0001,17,64947,53,3,2,79,136
307722.0316460526,0.04,Comp0006,DNS0002,17,55288,53,2,3,143,122
307724.0183297383,0.812,Comp0022,Proxy0002,6,21240,3128,7,125,1626,71089
307726.81143568933,0.363,Comp0011,Web0005,6,62652,443,13,21,297,1656
307736.4280751796,11.361,Comp0028,Web0005,6,33837,80,7,47,1910,10255
307736.8404523305,8.607,Comp0071,DC0001,6,33157,88,6,8,115,1356
307740.2512475542,1.193,Comp0019,Web0001,6,2232,443,46,44,1087,7890
307740.4701860053,0.244,Comp0005,DNS0001,17,44200,53,3,3,104,197
307742.07013294275,0.042,Comp0035,DNS0002,17,13475,53,3,2,42,255
307743.9575207609,0.15,Comp0046,DNS0002,17,41193,53,2,4,32,173
307744.8035460601,3.726,Comp0022,FS0003,6,1747,445,63,54,371,21613
307748.65840874036,6.99,Comp0074,Web0003,6,4351,443,18,30,1031,1987
307752.3773023531,1.652,Comp0038,DC0002,6,62066,445,45,74,1534,19978
307752.74752499035,1.906,Comp0075,Web0005,6,6638,443,5,16,188,5784
307753.65625445714,0.009,Comp0018,DNS0001,17,59013,53,2,2,63,474
307761.57161778305,2.325,Proxy0001,Ext0022,6,59005,80,4,163,1191,9598
307763.30762533913,3.873,Comp0031,FS0003,6,30904,445,26,136,443,27159
307763.9160378239,7.532,Comp0035,DC0001,6,10230,389,2,9,217,437
307764.9815391768,1.104,Comp0076,DC0002,6,15321,389,5,8,316,2819
307774.14338725916,11.575,DC0002,DC0001,6,64359,445,13,66,929,60014
307775.7469778168,3.857,Comp0024,DC0001,6,6626,88,9,8,161,929
307776.2650881228,1.043,Comp0023,DNS0001,17,44579,53,2,2,39,150
307781.7247439068,1.969,Comp0062,DC0001,6,37976,88,8,3,2038,635
307782.7373828049,1.686,Comp0023,Web0003,6,25017,80,8,67,232,24212
307789.1660774526,0.948,Comp0043,Web0002,6,53276,443,16,14,662,457
307791.20468078216,18.015,Comp0007,FS0003,6,10904,445,28,109,5097,5144
307791.52840906556,0.071,Comp0064,DNS0002,17,58355,53,2,3,56,127
307796.14778160525,0.347,Comp0078,DNS0002,17,53506,53,3,3,59,274
307796.9033534809,0.083,Comp0009,DNS0001,17,3804,53,2,2,52,176
307799.15266809356,2.338,Comp0041,Web0002,6,57094,443,10,29,1340,4807
307801.7440626086,5.054,Comp0079,Web0002,6,33310,443,7,138,622,22272
307807.17070491257,3.073,Comp0052,DC0002,6,12785,88,7,4,452,506
307807.3128547461,2.417,Comp0035,Web0002,6,1231,443,5,147,499,20711
307807.5400032995,6.45,Comp0009,Web0005,6,2320,443,11,63,616,13466
307809.67043760145,7.285,Comp0017,Web0002,6,36918,80,19,57,611,7601
307811.88470386073,0.055,Comp0065,Proxy0002,6,52098,3128,6,85,1448,25204
307818.249008958,0.15,Comp0003,Web0003,6,38464,80,4,12,94,6607
307819.468363257,0.906,Comp0043,Web0003,6,40065,443,30,76,182,2422
307821.3835838662,0.413,Comp0017,DNS0001,17,45048,53,2,3,80,210
307826.1103846008,0.94,Comp0036,Mail0001,6,55953,993,5,5,482,1786
307828.3130452483,0.646,Comp0075,DC0001,6,28642,88,6,11,1096,2570
307828.7161056956,10.292,Comp0034,Web0001,6,58556,443,10,36,780,7679
307829.1978238146,0.12,Comp0057,Proxy0002,6,34643,3128,4,48,1756,13302
307832.3746848561,1.464,Comp0060,Mail0001,6,22663,993,11,4,500,322
307832.5712913206,9.754,Comp0074,Mail0002,6,32272,993,7,15,90,793
307833.1863551736,13.299,Comp0001,Web0006,6,57411,80,9,31,1339,9766
307837.22411044536,0.008,Web0002,DNS0001,17,8787,53,3,3,60,181
307839.1256403574,0.031,Comp0055,DNS0002,17,46167,53,2,2,106,221
307840.73690716695,0.203,Comp0068,DNS0001,17,53326,53,2,2,57,177
307854.11307373195,1.136,Comp0008,DC0001,6,18214,389,8,5,181,252
307856.06651731435,0.178,Comp0009,DNS0001,17,8717,53,2,2,110,154
307858.1494190147,9.499,Comp0012,DC0001,6,11272,445,101,200,3237,9510
307860.8154170405,0.121,Comp0048,DNS0002,17,35630,53,2,3,65,188
307863.76774034405,1.137,Comp0043,Web0006,6,6076,443,6,12,6721,2940
307865.62287108967,3.618,Comp0048,Proxy0002,6,58403,3128,4,56,546,28439
307866.56958987936,3.024,Comp0057,Proxy0001,6,5562,3128,5,28,1012,4265
307878.8824140889,3.147,Comp0027,Web0005,6,59841,443,26,34,554,121164
307880.14709441754,2.005,Comp0055,Web0001,6,55616,80,10,117,303,1951
307883.3758943948,0.057,Comp0007,DNS0001,17,46607,53,2,3,39,166
307886.6053247269,7.729,Comp0071,Proxy0002,6,30330,3128,8,50,552,811
307888.06115189823,0.08,Comp0043,DNS0002,17,56900,53,2,3,51,309
307892.58513430465,0.229,Comp0057,DNS0002,17,51394,53,3,3,52,162
307893.27301711834,1.155,Comp0078,Web0006,6,30051,443,12,713,478,3983
307893.2937336947,1.528,Comp0023,Web0004,6,20536,443,11,20,2028,44801
307895.92436349427,5.53,Comp0057,FS0001,6,28920,445,7,55,317,1489
307898.06253581203,0.213,Comp0033,DNS0002,17,33925,53,3,3,35,171
307900.53777805343,2.25,Comp0013,Web0001,6,44789,443,8,72,284,15185
307902.89525992854,3.876,DB0003,DC0002,6,27295,389,8,5,693,612
307904.699320262,6.725,Comp0016,Web0006,6,56408,80,5,73,2276,4016
307906.1046237725,13.21,Comp0019,Web0001,6,51162,443,4,26,3553,27333
307906.9068441319,5.705,Comp0005,Web0004,6,23118,443,4,77,1608,8205
307915.39702980267,0.795,Comp0041,Web0001,6,41774,443,7,32,514,4866
307916.3086370262,4.031,Comp0002,Web0005,6,52666,80,12,84,394,880
307920.3589039402,0.349,Comp0033,DNS0001,17,18995,53,3,4,76,163
307922.66961253237,7.078,Comp0004,Web0005,6,29295,443,13,69,696,4857
307929.1073182031,9.41,Comp0016,DC0002,6,45554,445,13,13,847,2424
307931.0810119293,6.22,Comp0022,FS0002,6,35532,445,9,133,285,36151
307931.1136310335,0.299,Comp0043,DNS0001,17,44046,53,2,2,47,82
307933.960204684,7.981,Comp0007,FS0002,6,32624,445,38,43,1113,35658
307949.3101660559,2.223,Comp0041,Mail0002,6,44015,993,13,38,200,1256
307949.6898225933,8.754,Comp0054,Web0002,6,10504,80,20,22,594,8031
307959.1742325364,3.036,Comp0065,Comp0011,6,6305,3389,7,6,1415,457
307963.71538844577,1.182,Comp0037,FS0003,6,6009,445,30,41,1209,9329
307982.6224548763,40.023,Comp0075,FS0002,6,10962,445,89,123,319,19408
307983.70223987475,0.999,Comp0036,Mail0002,6,1066,587,10,17,367,1370
307986.97618971416,0.133,Comp0012,Mail0001,6,32878,587,3,3,490,667
307987.45699491695,0.282,Comp0040,DNS0001,17,61138,53,2,2,90,64
307989.00603182917,2.237,Comp0037,Web0001,6,27891,80,6,39,664,2163
307991.3850337908,5.57,Comp0073,Proxy0001,6,35116,3128,29,36,538,3605
307997.4809862424,8.914,Web0004,DB0001,6,3764,3306,21,189,3582,2891
307998.22389593883,0.37,Comp0016,DNS0002,17,26229,53,2,3,61,216
308002.6911625711,0.32,Comp0073,Web0005,6,41732,80,37,63,384,10727
308003.91262943106,7.449,Comp0056,FS0003,6,37538,445,26,99,2598,177263
308004.9915784662,11.585,Comp0024,FS0002,6,63744,445,9,63,1645,9162
308005.098182022,0.154,Comp0028,DNS0001,17,37810,53,2,3,59,300
308018.53659658204,3.148,Comp0033,DC0002,6,26738,88,8,6,293,325
308018.5475435016,0.184,Comp0069,DNS0002,17,36438,53,3,3,106,96
308027.4504334694,0.24,Comp0009,Web0004,6,61935,443,9,74,1500,1358
308030.6877133247,5.268,Comp0073,Proxy0001,6,33078,3128,4,104,813,4002
308032.59497548663,0.332,Proxy0001,Ext0026,6,11931,80,31,23,414,10951
308034.88899095595,0.102,FS0001,DNS0002,17,63574,53,2,2,102,266
308042.15679991327,8.951,Comp0001,Web0001,6,48269,443,9,20,743,4539
308042.7069000651,0.112,Comp0018,DNS0001,17,33359,53,2,3,37,153
308046.0963625368,0.048,Comp0054,DNS0001,17,27348,53,2,2,96,118
308052.207567551,3.178,Comp0064,Mail0001,6,32929,993,3,10,152,329
308052.64512368996,3.818,Comp0049,Proxy0002,6,7056,3128,15,52,156,10405
308053.1596456548,0.22,Web0006,DB0003,6,48986,5432,59,22,3885,27288
308054.7383298505,9.733,Comp0051,Proxy0002,6,57299,3128,5,7,1519,4257
308055.3123753368,2.507,Comp0005,Web0006,6,6050,443,10,23,280,8350
308056.0325784336,0.215,Comp0022,DNS0001,17,15420,53,3,2,31,65
308057.3841381171,3.516,Mail0002,DC0001,6,58443,389,6,5,816,578
308060.12226938456,0.13,Comp0042,DNS0002,17,12567,53,3,2,60,33
308064.2514024387,5.497,Comp0016,Web0002,6,57742,443,5,108,645,26677
308070.9223066934,13.776,Comp0076,Proxy0002,6,20122,3128,34,43,1914,3546
308077.6859742864,5.346,Comp0006,Comp0061,6,25026,445,19,168,493,545
308081.4297106904,0.045,Comp0052,DNS0002,17,13077,53,2,2,66,339
308086.129975938,0.337,Comp0067,DNS0002,17,15796,53,3,3,69,115
308087.81853502634,1.142,Comp0038,DC0001,6,36473,88,6,7,280,795
308089.1558062455,0.252,Comp0058,DNS0002,17,28758,53,3,2,131,138
308095.7587210826,2.355,Comp0036,DC0002,6,31447,389,9,5,2286,381
308101.0949490494,13.803,Comp0078,Mail0002,6,62138,139,11,212,257,164
308103.4461691811,20.294,Comp0041,Web0002,6,42997,443,11,14,610,2981
308106.8866596184,7.685,Comp0034,Proxy0002,6,56686,3128,3,18,3821,1863
308111.1200495064,10.188,Comp0065,Proxy0002,6,1632,3128,8,51,999,35240
308113.1226381812,3.569,Comp0077,Web0006,6,5601,80,4,22,247,12845
308119.1993668208,0.264,Comp0037,DNS0002,17,19134,53,2,2,66,39
308132.33236929117,0.006,Comp0034,Web0006,6,64783,443,14,45,363,1602
308135.09138279385,0.319,Comp0003,DC0002,6,24393,88,15,3,609,1004
308137.5338325347,0.428,Comp0028,DC0002,6,15034,445,41,16,6823,36774
308141.7166192934,0.126,Comp0007,DNS0002,17,44267,53,3,3,47,88
308148.0413740638,9.788,Comp0008,Proxy0002,6,32301,3128,11,39,631,20288
308150.3201263866,2.832,Comp0063,Web0001,6,59547,443,14,85,1406,28902
308150.74224073865,2.08,Proxy0001,Ext0028,6,49381,443,11,17,2008,5362
308156.98531014053,5.089,Comp0035,Mail0001,6,35905,993,8,4,236,497
308157.0083260541,34.844,Comp0006,FS0001,6,5017,445,33,114,964,2780
308165.8791298223,0.207,Comp0040,DNS0001,17,58511,53,2,3,33,141
308181.29554347665,0.376,Comp0037,DNS0002,17,36139,53,2,3,76,67
308181.5390776341,2.899,Comp0059,Web0001,6,34775,443,5,68,484,17429
308183.37314503815,0.241,Comp0028,DNS0001,17,53760,53,2,2,59,151
308189.19883042295,2.942,Comp0029,Web0003,6,21380,443,10,82,599,14615
308192.3095325718,0.387,Comp0015,Proxy0001,6,10746,3128,6,26,403,4032
308195.6165536605,9.262,Comp0065,FS0001,6,27901,445,35,64,3918,17547
308197.59888088034,6.996,Comp0025,FS0002,6,17749,445,32,54,3106,59874
308197.66001384804,4.887,Comp0043,Web0005,6,8039,443,11,36,2197,23595
308201.46951090347,2.224,Comp0059,Proxy0002,6,43997,3128,5,75,940,855
308207.93971495715,1.59,Comp0003,Mail0001,6,47384,587,5,6,376,327
308208.8380904472,0.869,Comp0062,Web0002,6,40160,80,12,48,829,34382
308210.97910749214,0.038,Comp0070,DNS0002,17,61950,53,2,3,78,129
308214.7799256368,0.024,Comp0018,DNS0001,17,37942,53,2,2,73,151
308218.0456605343,2.655,Comp0077,Mail0002,6,53715,587,3,10,299,1151
308227.3269366447,15.015,Comp0054,DC0002,6,48568,389,8,8,309,1550
308230.56334293605,0.009,Comp0030,DNS0001,17,45401,53,2,3,111,103
308233.32169432257,0.238,Comp0058,DNS0002,17,20213,53,3,2,136,175
308233.6734827145,4.703,Comp0014,Proxy0002,6,42978,3128,13,60,1058,5023
308234.6564579411,0.177,Comp0061,Mail0001,6,56303,993,10,5,1105,640
308250.940048262,9.543,Comp0054,Web0005,6,8879,443,3,12,335,17377
308250.9851708502,7.48,Comp0048,DC0001,6,44448,88,5,7,223,265
308251.727626012,8.445,Comp0042,Proxy0002,6,32784,3128,7,190,320,1514
308255.5514386302,1.612,Comp0054,Web0003,6,10851,443,16,28,794,2904
308256.7836502747,0.276,Comp0080,Proxy0001,6,61568,3128,15,154,2339,486
308256.9950834314,0.164,Comp0043,DNS0001,17,27726,53,2,2,65,116
308257.1704216795,0.541,Comp0067,DNS0002,17,54090,53,2,3,96,150
308258.17714035144,5.868,Comp0015,Web0003,6,14341,443,8,39,268,56159
308259.1610233779,0.365,Comp0004,DNS0002,17,2158,53,2,3,53,183
308260.09450066515,0.064,Comp0076,DNS0002,17,62677,53,3,3,50,242
308261.3784856345,5.04,Comp0048,FS0003,6,45552,445,46,318,4150,9215
308265.8131037616,0.064,Comp0034,DNS0002,17,48838,53,2,3,75,133
308266.2093586598,1.32,Comp0071,Web0006,6,45002,80,14,110,347,2538
308268.2279839383,7.766,Comp0045,Proxy0002,6,8574,3128,9,15,273,31228
308274.78731202724,4.36,Comp0008,Web0002,6,11245,443,15,30,795,5408
308275.2798400528,4.973,Comp0017,DC0002,6,64005,389,4,12,288,843
308276.20826119336,13.854,Comp0018,Web0004,6,46107,443,7,36,297,3889
308278.49213165196,1.084,Comp0006,Web0002,6,55402,443,8,21,1435,1121
308283.69391229923,8.084,Proxy0002,Ext0034,6,9353,80,9,22,319,3216
308285.4683987566,0.151,Comp0060,DC0001,6,42535,88,5,6,428,322
308295.9152251022,0.596,Comp0029,DNS0001,17,6020,53,4,3,77,107
308298.62616554124,0.038,Comp0048,Web0001,6,15081,80,9,40,1133,1039
308298.762394405,5.02,Comp0073,FS0003,6,18762,445,11,315,8604,7433
308301.38965986564,11.609,Comp0029,Web0001,6,18662,443,6,126,213,13370
308302.95070731634,1.59,Comp0066,Mail0002,6,52859,587,5,6,241,163
308303.78354512114,7.424,Comp0044,Comp0011,6,32314,3389,3,11,550,816
308307.275060195,0.008,Comp0058,DNS0001,17,56211,53,2,2,72,166
308308.63752875157,0.328,Comp0018,DNS0001,17,4922,53,3,2,48,133
308317.9862580244,3.912,Comp0026,Web0002,6,1933,80,12,66,764,9887
308320.4951359879,15.516,Comp0071,DC0001,6,22016,445,3,41,2201,15595
308321.40732738876,0.007,Comp0057,DNS0002,17,4528,53,2,3,51,95
308322.91555811185,0.841,Comp0066,Web0001,6,61970,443,6,40,449,11084
308324.19058931834,0.535,Comp0016,DC0001,6,65469,88,6,8,122,927
308328.503823003,0.023,Comp0053,DC0002,6,27273,389,7,4,605,338
308329.2888089944,1.086,Comp0056,Mail0002,6,60120,993,11,8,773,615
308330.76246002375,4.309,Comp0033,Web0005,6,58479,80,4,241,1229,2563
308337.44249388354,0.002,FS0002,DNS0001,17,37015,53,3,3,71,263
308337.6120910261,1.578,Comp0016,DC0002,6,24560,88,5,8,856,774
308346.44285784534,0.049,Web0004,DNS0002,17,35659,53,2,2,82,43
308348.21773537237,0.032,Comp0032,DNS0001,17,54335,53,2,2,118,261
308348.2318124786,5.331,Comp0038,Web0005,6,23212,443,4,20,178,3790
308348.6523736862,0.032,Comp0050,DNS0002,17,41941,53,3,2,132,367
308349.04756357323,2.188,Comp0073,DC0002,6,35810,88,7,19,386,82
308352.83754313196,5.812,Comp0024,Web0006,6,53714,443,9,50,479,14789
308353.6368158977,3.076,Comp0016,FS0001,6,40460,445,6,193,2916,33945
308360.77650978323,7.983,Comp0076,Proxy0001,6,40659,3128,9,47,654,2309
308360.87230315455,1.758,Comp0014,Mail0002,6,23033,587,7,6,964,2759
308360.9636446547,1.594,Comp0020,Web0004,6,4379,443,7,110,355,5521
308365.8631079445,5.607,Comp0065,FS0002,6,58153,445,12,171,2696,16499
308368.2219216741,2.185,Comp0005,Mail0001,6,30674,587,3,3,161,453
308369.162798828,4.29,Comp0075,Proxy0001,6,33501,3128,11,17,122,8213
308369.2770603213,0.177,Comp0035,DC0002,6,4413,389,6,16,78,486
308371.1391857367,0.148,Comp0057,DNS0001,17,55535,53,2,3,83,188
308371.88329542533,0.177,Comp0072,DNS0001,17,44764,53,2,3,40,116
308373.2122372232,0.192,Comp0018,DNS0002,17,14861,53,3,3,64,102
308376.940300085,0.547,Comp0071,DNS0002,17,25353,53,3,3,97,76
308378.46879838733,2.483,Comp0072,Web0001,6,52482,443,8,10,185,6759
308379.0691510952,0.32,Comp0067,DNS0001,17,9145,53,3,2,74,181
308381.15968166623,3.121,Comp0014,Web0003,6,31178,443,13,172,1187,13741
308383.6715756762,0.323,Comp0010,DNS0001,17,62472,53,3,3,91,271
308385.90628321376,20.167,Web0005,DB0004,6,51439,3306,20,259,1724,8967
308392.78513287316,4.957,Comp0011,Proxy0001,6,65298,3128,8,27,285,5744
308396.7733581479,0.148,DB0003,DNS0001,17,14567,53,2,3,52,100
308397.3358088918,7.918,Comp0058,Web0004,6,16559,443,30,35,670,2038
308399.68986152083,6.861,Comp0035,Proxy0002,6,4938,3128,6,49,816,25035
308405.2179654027,0.701,Comp0061,DC0002,6,11118,88,4,11,411,377
308406.1175893487,1.474,Comp0031,Mail0001,6,50551,993,11,4,370,347
308417.80115910707,0.291,Comp0015,DNS0002,17,22171,53,2,2,81,223
308419.73384276783,0.037,Comp0020,DNS0001,17,32771,53,3,3,87,293
308422.70331373636,0.464,Comp0004,FS0001,6,34875,445,7,20,8630,32924
308427.15313710517,5.672,Comp0055,Web0001,6,60184,80,8,39,634,2248
308427.28476192773,5.059,Comp0034,DC0001,6,22910,88,7,5,669,448
308427.87669506035,0.136,Comp0014,DNS0001,17,54769,53,2,3,75,125
308429.40519807563,4.009,Comp0011,Web0003,6,26036,80,4,28,187,2471
308436.96487678745,3.014,Comp0009,DC0001,6,9870,389,4,9,412,433
308443.1704491676,8.87,Comp0012,DC0002,6,15460,445,26,50,336,25533
308444.31506134645,0.301,Comp0051,DNS0002,17,33486,53,2,3,55,56
308456.86544477014,2.37,Comp0064,Web0001,6,13442,443,11,36,1290,1070
308459.36371466744,0.973,Comp0064,Mail0002,6,51852,993,5,6,827,970
308466.9146956735,4.824,Comp0076,DC0001,6,42940,88,8,6,560,1745
308467.00233566377,0.355,Comp0035,DNS0001,17,6475,53,3,3,46,236
308472.8038168873,11.776,Comp0025,Proxy0001,6,35703,3128,7,49,258,1811
308474.46909425483,10.663,Comp0029,Web0004,6,9718,443,6,97,233,6537
308478.6422159098,1.706,Comp0014,DC0001,6,57112,389,4,27,182,278
308490.997838115,0.569,Comp0007,DNS0002,17,54004,53,2,4,60,164
308500.0676796032,3.755,Comp0079,Mail0001,6,57226,587,2,12,194,1067
308508.58425914124,10.035,Comp0035,Proxy0002,6,3690,3128,7,13,2395,1985
308510.927457481,8.205,Comp0019,Web0002,6,24921,80,13,74,544,23057
308513.2050080005,9.297,Comp0048,Proxy0001,6,53160,3128,4,271,704,2026
308514.26654860296,0.09,Comp0019,DNS0002,17,16958,53,3,2,34,184
308515.93324479496,0.358,Comp0071,DNS0001,17,45802,53,2,3,70,140
308516.41819524555,0.141,Comp0069,DNS0001,17,39735,53,2,3,67,136
308517.2917178214,29.358,Comp0076,Web0006,6,39309,80,4,45,293,33599
308517.53078954807,8.344,Comp0035,DC0001,6,53055,88,7,9,878,895
308521.03685229924,0.108,Comp0044,DNS0001,17,53812,53,2,2,114,114
308523.35240232083,0.665,Comp0068,Web0002,6,18573,443,19,33,421,5985
308529.9320603725,0.663,Comp0026,DNS0002,17,15486,53,2,3,54,349
308530.3079796771,0.537,Comp0019,FS0002,6,20640,445,62,64,6709,5049
308533.6680844647,0.046,Comp0033,DNS0001,17,45771,53,3,3,63,148
308534.886060433,7.815,Comp0026,DC0001,6,15519,389,2,3,593,929
308535.86151742906,0.074,Comp0046,DNS0002,17,55946,53,3,2,89,663
308537.6140037217,0.004,Comp0014,DNS0002,17,35093,53,3,2,258,108
308539.976351712,3.412,Comp0041,DC0001,6,44999,88,8,3,253,465
308541.6313210296,4.77,Proxy0002,Ext0027,6,16815,80,4,22,446,11545
308543.27068279113,3.31,Comp0030,Web0001,6,65403,443,17,87,543,14292
308548.1266290798,10.32,Comp0056,Web0005,6,12555,443,11,26,300,2892
308554.2868216682,2.838,Comp0079,DC0002,6,3563,389,3,21,406,982
308557.4768056532,5.054,Comp0002,DC0001,6,57046,389,3,4,612,952
308561.12649697665,3.495,Comp0026,Web0003,6,41186,443,15,77,1003,7683
308561.6921221497,0.267,Comp0001,DNS0001,17,54238,53,4,2,26,171
308563.7729329163,0.676,Comp0026,DNS0001,17,14446,53,2,2,94,104
308569.9512563692,0.021,Comp0056,DNS0002,17,31784,53,5,3,38,270
308571.9451477876,0.24,Comp0038,DNS0002,17,16338,53,2,3,105,172
308578.31053726916,1.286,Comp0011,Proxy0002,6,37716,3128,21,43,652,14205
308578.557864837,7.359,Comp0006,Proxy0001,6,40901,3128,5,11,2546,3981
308578.669391129,0.014,Comp0080,DNS0001,17,46251,53,2,2,121,70
308579.48605040077,1.791,Comp0042,Web0003,6,37707,443,8,19,537,4925
308584.1614780442,16.94,Comp0023,Web0004,6,57271,80,14,102,313,6409
308585.631913063,0.149,Comp0006,DNS0002,17,32922,53,2,5,46,280
308587.5570943704,0.881,Comp0023,Web0006,6,22946,80,8,20,997,11050
308588.34418006556,0.981,Comp0056,DNS0001,17,23208,53,3,2,75,139
308590.0789849189,0.057,Comp0013,DNS0002,17,17507,53,2,3,60,113
308590.17656423216,0.687,Comp0051,DC0001,6,31911,389,9,12,251,497
308595.01306942315,4.576,Comp0019,Web0006,6,1894,443,6,209,355,3168
308595.51599522453,0.345,Comp0041,DC0001,6,21810,389,9,5,207,592
308597.2075464442,3.458,Comp0047,Web0004,6,45241,443,12,114,449,5690
308598.2378642561,3.346,Comp0039,FS0002,6,52478,445,19,342,896,97685
308604.0033579483,66.726,Comp0054,DC0002,6,58236,445,16,195,266,16423
308604.6544524784,0.04,Comp0047,FS0001,6,37911,445,30,70,2585,41501
308605.6671926317,0.249,Comp0065,DNS0002,17,4579,53,2,2,88,73
308611.4382586811,0.609,Comp0024,DNS0001,17,57833,53,3,3,75,160
308614.81828961737,3.112,Comp0029,DC0002,6,7877,389,3,10,675,1789
308621.0964041996,2.143,Comp0045,DC0001,6,5273,389,7,11,152,118
308626.0041172344,0.801,Web0002,DC0002,6,48394,389,4,6,705,339
308627.4691584493,0.322,Comp0012,DNS0002,17,22564,53,2,3,95,153
308627.6329512561,0.202,Comp0071,DNS0002,17,3075,53,2,2,59,102
308633.8165368353,3.682,Comp0071,Web0003,6,50698,443,7,34,482,21819
308640.02330399485,0.215,Comp0038,DNS0001,17,63273,53,4,2,41,335
308646.48039809265,0.343,Comp0002,Web0002,6,18532,80,13,142,710,2356
308647.50466902275,3.411,Comp0037,DC0002,6,50978,445,24,19,714,7595
308648.8436068601,0.076,Comp0059,DNS0001,17,60039,53,2,3,51,69
308656.6006363506,56.441,Comp0033,FS0003,6,39337,445,22,154,12569,7500
308666.4584442328,7.692,Comp0040,Web0003,6,45390,443,8,46,160,10827
308673.3547492192,0.199,Comp0037,DNS0001,17,28271,53,2,2,46,193
308675.57897257345,4.891,Comp0063,Web0002,6,15296,443,44,55,504,1117
308680.40271124017,4.75,Comp0006,Proxy0001,6,60884,3128,30,88,812,18567
308689.5697471204,3.023,Comp0064,Web0005,6,60424,80,18,152,290,1859
308694.38411931385,1.599,Comp0055,Proxy0001,6,3670,3128,7,229,2256,4384
308700.7519077107,0.024,Comp0025,DNS0002,17,13620,53,2,3,69,171
308701.01621317427,1.125,Comp0062,Mail0001,6,5966,993,4,9,329,2773
308702.9907256824,20.715,Web0006,DB0004,6,15661,3306,48,75,756,35054
308709.9609005955,0.316,Comp0065,DC0002,6,18580,389,7,10,270,790
308713.11743496195,9.365,Comp0078,Comp0008,6,53378,445,10,150,3746,303
308714.5105865949,24.184,Comp0072,Web0004,6,27458,443,7,7,785,6380
308714.8531867323,0.047,Comp0059,Proxy0002,6,26962,3128,13,38,1279,257
308719.9721344773,7.096,Comp0026,Mail0001,6,58226,993,5,8,348,538
308724.28778301657,0.285,Comp0074,DNS0001,17,32349,53,3,3,92,53
308726.9425429676,1.37,Comp0059,Web0001,6,54718,443,10,11,448,12782
308730.0144010727,6.782,Comp0034,FS0001,6,21552,445,11,82,1067,157623
308732.403683249,2.623,Comp0078,DB0003,6,26424,3389,6,10,350,98
308733.56880018883,9.248,Comp0018,Proxy0002,6,5000,3128,5,20,388,2121
308735.5691897822,1.509,Comp0078,Web0003,6,63338,80,10,60,645,1184
308742.1208956125,6.685,Comp0040,Web0001,6,11759,80,13,74,1594,10242
308757.6964451039,14.137,Proxy0001,Ext0035,6,3450,80,7,45,511,8083
308763.71358860383,3.989,Comp0055,DC0001,6,26082,389,5,7,712,110
308768.4817334079,3.494,Comp0034,Proxy0001,6,54373,3128,5,40,1226,1663
308768.80927578156,0.029,Comp0042,DNS0001,17,34267,53,3,2,69,127
308771.1089948301,0.669,Comp0009,DNS0001,17,13892,53,2,2,101,257
308776.2416062126,9.448,Comp0044,Web0003,6,5755,443,7,29,153,5015
308778.12464885996,5.19,Comp0045,Web0004,6,44146,80,7,74,1479,2635
308784.4833511097,3.579,Comp0037,FS0003,6,60712,445,38,429,5637,23081
308788.9579460419,0.118,Comp0051,DNS0001,17,60016,53,3,3,195,148
308790.98253025254,5.131,Comp0074,FS0002,6,8981,445,30,121,7281,5972
308791.14016641455,0.392,Comp0057,Proxy0001,6,34974,3128,8,12,676,4564
308795.6671183113,4.024,DNS0002,DC0002,6,54890,389,13,26,286,2048
308796.67176483775,0.119,DC0001,DNS0001,17,39231,53,3,3,99,82
308798.2436727505,0.141,Comp0007,DNS0001,17,44498,53,2,3,88,143
308800.08080696693,0.46,Comp0018,DNS0001,17,49320,53,3,2,49,117
308801.9645306181,0.592,Comp0050,DC0001,6,52018,88,3,5,694,171
308805.3768392544,3.015,Comp0071,Proxy0001,6,28068,3128,5,49,2139,6246
308813.66379653936,0.211,Comp0038,Web0003,6,18663,443,5,15,206,10888
308820.53509180713,2.317,Comp0014,Web0002,6,46747,443,16,17,78,4689
308823.0962272928,6.034,Comp0068,Web0003,6,40732,443,11,30,1549,4596
308823.82428345573,0.85,Comp0057,Web0002,6,51885,80,6,29,1764,3012
308826.46230749344,0.041,Comp0038,DNS0001,17,43331,53,2,3,48,178
308828.2453514111,0.084,Comp0049,DNS0001,17,32521,53,3,2,94,248
308828.99623238534,24.893,Comp0031,Web0002,6,12147,443,11,30,134,7388
308832.80201141845,0.264,Comp0007,DNS0002,17,52972,53,2,2,73,105
308833.7182066358,1.999,Comp0042,Web0001,6,28879,443,15,124,1259,3619
308836.4574682277,6.164,Comp0072,Web0004,6,5981,443,11,14,461,3955
308840.23712302453,0.005,Comp0054,DNS0001,17,48396,53,2,2,49,273
308850.8499846852,0.097,Comp0011,DNS0002,17,30771,53,3,2,44,351
308853.24183769623,3.481,Comp0066,FS0001,6,38344,445,11,17,865,1109
308863.8523118525,2.401,Comp0045,Proxy0001,6,31216,3128,12,81,689,1087
308864.50265138655,12.606,Comp0050,FS0001,6,59090,445,23,46,13021,18088
308868.7822360743,0.235,Comp0008,DNS0001,17,64723,53,2,2,59,112
308870.4575369471,0.104,Comp0018,DNS0002,17,20304,53,2,3,75,203
308870.5368033598,0.007,Comp0027,DNS0001,17,8821,53,3,2,89,169
308872.7966990698,1.25,Comp0075,DC0001,6,17031,445,22,27,2199,17364
308874.7166795865,0.277,Comp0032,DNS0001,17,33814,53,2,3,62,328
308875.79984464066,0.033,Comp0076,DNS0002,17,23101,53,2,2,127,172
308877.17120017076,0.693,Comp0028,DC0001,6,24048,445,47,37,382,10948
308878.9456145735,2.524,Comp0010,FS0001,6,1404,445,20,37,3740,211012
308899.4258546543,0.267,Comp0022,Proxy0001,6,4564,3128,6,27,569,2869
308900.4698622371,0.318,Comp0072,Web0004,6,48299,443,6,79,1623,10659
308901.3622073398,0.156,Comp0032,DNS0002,17,23357,53,2,2,94,174
308902.04569944425,23.613,Comp0040,Web0006,6,40868,443,13,50,365,9730
308905.0133543758,12.339,Comp0058,Web0005,6,43287,443,6,116,1270,1652
308908.8074735109,0.788,Comp0011,Mail0002,6,49885,587,5,13,804,790
308914.054831885,1.634,Comp0055,Web0001,6,64724,443,12,24,5848,56686
308928.9357146792,2.98,Comp0028,Web0005,6,42096,80,2,35,356,11720
308929.66099992214,1.258,Comp0075,FS0002,6,51092,445,17,612,2124,623
308941.874437209,8.772,Comp0076,Proxy0001,6,52428,3128,12,18,378,35065
308945.5893458804,1.452,Comp0054,DC0001,6,63286,389,4,12,854,415
308952.64404739154,1.829,Comp0033,DC0002,6,57673,389,10,13,657,709
308959.833335171,0.049,Comp0023,DNS0002,17,62338,53,2,3,79,201
308960.86365988245,4.484,Comp0052,DC0001,6,30327,445,24,28,5464,6032
308962.51887821476,0.223,Comp0041,DNS0002,17,52769,53,2,2,93,91
308964.83673466556,5.921,Comp0042,FS0002,6,16552,445,52,571,4687,18947
308976.40577472164,5.584,Comp0080,Web0005,6,26618,443,14,25,1369,9849
308978.4414261318,1.436,Comp0002,Comp0011,6,23134,3389,3,7,279,1112
308980.8978086687,3.479,Comp0026,Web0001,6,20017,443,8,213,857,3019
308983.94947183726,16.948,Comp0073,FS0003,6,49392,445,44,50,17223,13183
308985.0374685532,0.058,Web0002,DNS0001,17,46723,53,2,3,61,156
308990.84168832307,4.983,Comp0079,Web0002,6,56145,80,10,12,265,16208
308992.72795335547,0.13,Comp0059,DNS0002,17,47835,53,2,2,135,276
308994.03298837476,0.122,Comp0049,DNS0001,17,64901,53,2,2,78,203
308995.1761968329,0.092,Comp0068,DNS0001,17,47838,53,3,2,51,87
309005.36944284785,0.265,Proxy0002,Ext0005,6,8625,443,9,17,212,100661
309005.4983573477,1.223,Web0001,DC0001,6,27374,389,4,7,788,2322
309007.06416461896,0.594,Comp0070,DNS0001,17,29648,53,2,2,73,368
309015.809223181,3.199,Comp0012,Proxy0001,6,8303,3128,9,54,820,2440
309030.7123945318,0.056,Comp0036,DNS0002,17,26435,53,2,3,50,210
309033.48623296205,2.3,Comp0080,Web0004,6,9855,443,17,54,487,1342
309033.4921943023,4.244,Comp0051,DC0002,6,31973,88,4,6,613,3542
309036.35473816015,0.159,Comp0070,DNS0001,17,42880,53,2,2,47,103
309037.44560214627,0.212,Comp0057,DNS0002,17,44895,53,3,2,34,145
309047.42698824283,0.452,Comp0053,DC0001,6,12818,88,4,4,507,225
309059.2710222281,0.209,Comp0034,DNS0001,17,38526,53,2,2,44,60
309061.0330218219,3.567,Comp0018,DC0001,6,24353,389,6,11,340,459
309065.26790152316,2.943,Comp0048,Proxy0001,6,57208,3128,8,104,618,7267
309069.91465542605,0.091,Comp0025,DNS0002,17,18672,53,2,2,132,455
309070.48987160745,2.943,Comp0007,DC0002,6,29708,389,5,4,192,333
309072.04910087766,5.056,Comp0036,DC0002,6,14590,88,4,9,154,626
309073.72995238344,8.036,Comp0019,Web0002,6,30257,80,9,29,563,3976
309074.69397294096,0.21,Comp0014,DNS0001,17,64787,53,3,5,98,230
309085.0474072572,12.919,Comp0066,FS0002,6,4414,445,18,116,6538,11791
309085.5655042117,0.129,Comp0017,DNS0001,17,53089,53,3,2,63,50
309087.433898457,5.334,Comp0039,Proxy0001,6,15855,3128,8,194,766,40064
309095.31141605024,0.087,Comp0053,DNS0001,17,30890,53,2,3,59,183
309099.8824782084,0.835,Comp0040,Web0006,6,36591,443,10,22,512,5604
309107.298590514,10.528,Comp0013,DC0001,6,50599,445,37,133,3484,2363
309108.1116418732,0.292,Comp0005,Web0006,6,53765,443,25,296,355,1909
309111.8828604212,7.044,Comp0046,Mail0001,6,53520,993,5,5,156,1244
309114.47605007864,0.148,Comp0005,Web0003,6,55911,443,6,36,1313,2124
309126.45955043595,12.86,Comp0053,Web0004,6,61424,443,11,16,513,5413
309137.77006871265,2.238,Comp0022,Web0006,6,20974,80,7,16,1814,3642
309139.1959201026,0.477,Comp0009,DNS0001,17,59308,53,2,2,81,197
309140.17463226634,0.044,Comp0035,DNS0001,17,56432,53,2,2,112,94
309143.97046880494,11.754,Comp0017,Web0002,6,23951,443,6,13,1496,3983
309147.8961939765,1.341,Comp0075,Web0001,6,3852,80,18,26,2622,4984
309150.45831539587,3.716,Comp0072,FS0001,6,13064,445,24,89,2168,9824
309152.7099407129,0.904,Comp0016,Web0001,6,18545,80,4,80,596,7353
309153.6572546885,0.857,Comp0021,DC0002,6,28803,389,11,4,379,221
309155.8057435013,53.313,Comp0079,DC0002,6,7237,445,42,11,2646,165444
309156.02824674716,1.477,Comp0048,Web0005,6,10297,80,4,48,908,10486
309168.40126063314,3.271,Comp0080,Web0001,6,61178,443,7,19,327,17490
309168.89984568954,0.168,Comp0065,DNS0002,17,17479,53,2,2,63,166
309172.78148133255,1.201,Comp0032,DC0001,6,23381,88,7,4,353,576
309178.29390070285,2.622,Comp0072,Web0006,6,35673,443,5,12,373,2837
309180.7644645988,6.481,Comp0021,Proxy0001,6,50972,3128,11,85,1482,1187
309182.22303936817,0.914,Comp0019,FS0002,6,54868,445,25,45,1081,52420
309185.57715716097,6.656,Comp0073,DC0002,6,7523,389,8,10,345,579
309187.8363328761,0.083,Comp0058,DNS0001,17,52782,53,2,3,36,154
309189.3498729089,0.004,Comp0019,DNS0001,17,45472,53,2,3,72,210
309191.121041913,2.298,Comp0021,FS0001,6,7821,445,27,15,2161,40191
309191.7736057334,0.237,Comp0009,DNS0002,17,30489,53,2,2,124,75
309192.07291307434,0.009,Comp0074,DNS0002,17,44112,53,2,4,79,167
309193.3273540113,0.188,Comp0027,DNS0001,17,41563,53,2,2,58,83
309197.67691511044,0.141,Comp0049,DNS0002,17,37184,53,2,3,96,83
309199.8076673878,1.224,Comp0028,Web0004,6,25807,443,4,10,566,4716
309216.4862236781,3.568,Comp0009,Proxy0001,6,21450,3128,4,16,106,4210
309220.30450334505,1.696,Comp0075,DC0002,6,11753,445,21,29,1815,10797
309225.15247932385,6.738,Comp0046,Web0003,6,48570,443,4,33,1647,14478
309234.07189186016,2.99,Comp0011,Mail0002,6,7168,993,4,5,970,987
309236.26577318856,0.136,Comp0054,DNS0001,17,32433,53,2,3,22,291
309237.35344400676,0.311,Comp0037,DNS0002,17,40463,53,3,3,33,165
309245.9314136915,8.844,Comp0052,Web0004,6,26766,443,7,133,447,1658
309251.3656312672,0.71,Comp0077,Proxy0001,6,34794,3128,9,62,803,2217
309257.85750899604,0.638,Comp0036,Web0003,6,27629,443,24,127,256,1991
309264.3366289293,6.022,Comp0043,FS0002,6,60952,445,58,122,2393,618
309266.7842358957,0.207,Comp0008,DNS0002,17,25492,53,3,2,40,119
309266.9360907478,8.17,Comp0073,Mail0002,6,54928,587,9,7,296,1043
309266.97487526666,1.698,Comp0024,Proxy0001,6,54012,3128,5,20,1627,4314
309272.30404730554,0.009,Comp0025,DNS0002,17,41269,53,2,2,52,175
309273.9566059702,4.181,Comp0056,Web0006,6,49397,443,7,51,1826,3848
309275.471501647,0.549,Comp0003,DC0001,6,47783,445,22,28,3458,2034
309277.07347697637,0.691,Comp0072,DC0002,6,57953,88,3,5,425,349
309280.4805688578,5.421,Comp0065,Web0005,6,41184,80,15,49,1408,3025
309280.97795887047,2.307,Comp0028,Web0002,6,46662,443,5,19,873,4956
309281.45817994024,0.073,Comp0040,DNS0002,17,57666,53,3,3,80,151
309283.79927860736,2.524,Comp0036,FS0002,6,57563,445,33,84,1638,37489
309284.945557675,2.18,Comp0009,DC0002,6,36213,445,26,86,886,143484
309286.4927031561,1.083,Comp0063,Proxy0001,6,54360,3128,11,24,1118,4914
309287.5033397387,0.054,Comp0056,DNS0001,17,8029,53,2,2,57,94
309289.7325409178,4.151,Comp0009,Web0001,6,52740,80,9,13,1523,2979
309296.511436773,0.094,Comp0007,DNS0001,17,50607,53,3,3,45,264
309298.0011935256,4.422,Comp0006,Web0002,6,46129,80,7,78,261,1698
309299.6534290434,2.046,Comp0073,FS0002,6,9218,445,33,155,271,4203
309300.36063663074,4.074,Comp0018,Web0006,6,17830,443,18,123,2178,20978
309300.9618140282,4.736,Comp0040,Web0004,6,10780,443,5,49,3621,3707
309302.1177816867,0.023,Comp0018,DNS0002,17,54551,53,2,2,59,206
309306.8129146009,0.854,Comp0031,Web0004,6,39429,443,8,16,947,2883
309306.9537259708,9.654,Comp0029,DC0002,6,64799,445,22,38,5088,10394
309308.10700829444,11.323,Comp0006,Comp0013,6,33185,445,13,20,3440,1789
309311.62741562614,1.421,Comp0064,DC0001,6,14511,445,22,129,1223,1961
309328.1887238569,0.233,Comp0080,Web0002,6,36159,443,9,136,4333,3822
309333.74903678277,1.036,Comp0078,Web0006,6,8098,3389,15,6,602,15
309339.68294165994,0.029,Comp0057,DNS0001,17,14439,53,3,3,43,150
309345.52017668413,14.762,Comp0014,Web0005,6,5654,443,10,44,289,26825
309345.9842112729,0.104,Comp0036,DNS0001,17,11987,53,2,2,51,328
309349.17449611984,2.26,Comp0059,Web0006,6,19477,443,17,14,575,1611
309353.7912783066,6.42,Comp0011,Mail0002,6,24087,993,11,5,438,1525
309355.01170178,0.621,Comp0029,DC0002,6,32575,389,5,6,227,1053
309355.10812446236,16.104,Comp0038,Proxy0001,6,7140,3128,13,24,887,52259
309361.82517891965,0.354,Comp0043,DNS0002,17,47881,53,2,2,77,195
309362.6506632912,7.484,Web0004,DB0001,6,30954,5432,19,129,1278,7768
309366.30516241107,5.847,Comp0061,DC0001,6,52464,445,10,105,1395,1993
309367.46462927514,12.63,Comp0020,DC0002,6,47553,88,5,11,695,1952
309368.8466684825,0.058,DC0002,DNS0002,17,59462,53,2,3,65,343
309373.29888542247,1.614,Comp0037,Web0001,6,61468,443,8,18,2401,4923
309373.6004754989,0.023,Comp0001,DNS0001,17,62575,53,2,2,68,120
309375.69776137656,7.695,Comp0027,DC0001,6,22338,88,9,14,185,762
309376.1296548475,0.039,Comp0035,DNS0002,17,37166,53,3,2,126,154
309376.2243403637,1.357,Comp0063,Web0002,6,50394,443,9,63,634,1295
309378.81915756234,0.086,Comp0053,Proxy0002,6,13899,3128,8,5,612,3248
309379.0137925575,9.537,Comp0013,FS0002,6,2262,445,18,476,1061,87276
309379.4189981291,2.079,Comp0079,DC0002,6,49478,88,3,6,840,821
309380.6243354444,1.741,Comp0024,DC0001,6,44802,88,6,10,838,983
309382.8134183678,1.183,Comp0067,DC0002,6,49438,389,4,7,469,292
309386.0807065087,5.269,Comp0080,Proxy0001,6,26941,3128,14,38,141,37856
309388.4627885785,0.07,Comp0042,DNS0002,17,16170,53,2,2,41,172
309388.57211744145,6.671,Comp0040,Web0001,6,6146,443,12,119,485,11733
309390.7701709731,2.661,Comp0049,Web0002,6,37170,443,4,20,414,29989
309393.0554578058,2.604,Comp0016,Mail0001,6,31211,587,5,7,236,2322
309394.1782159241,5.628,Comp0006,Web0003,6,45196,443,12,186,1394,5176
309398.47291971906,0.127,Comp0057,DNS0001,17,34850,53,3,3,45,86
309399.01548237295,7.992,Comp0074,DC0002,6,60907,389,12,3,713,1582
309400.37369137123,0.161,Comp0057,Web0003,6,35635,443,4,21,1941,2809
309400.559661716,0.129,Comp0032,DNS0001,17,43157,53,3,3,49,78
309403.20064815274,1.593,Comp0036,Web0003,6,33314,443,8,95,138,2704
309410.5502503015,0.409,Comp0053,DC0001,6,31259,88,3,5,128,1316
309414.33501438977,0.203,Comp0002,DNS0002,17,27628,53,3,3,58,187
309414.82080995187,4.743,Comp0039,Web0006,6,30233,443,9,102,577,842
309419.44537886116,2.897,Comp0053,Web0006,6,46298,443,3,57,731,5731
309419.49864178576,0.153,Comp0007,DNS0001,17,60566,53,2,3,91,238
309419.9864872586,0.028,Comp0012,DNS0002,17,1938,53,2,3,54,79
309420.31583705294,17.67,Comp0063,Web0005,6,1526,443,6,130,1340,23189
309422.60837126564,0.046,Web0006,DNS0002,17,61763,53,2,2,90,212
309423.0353135448,5.069,Comp0073,Web0004,6,39552,443,14,52,751,6388
309429.1819435047,1.961,Comp0078,Comp0064,6,19711,22,5,10,190,15
309430.1107244841,0.183,Comp0056,DNS0002,17,64760,53,3,2,94,89
309431.1320504767,0.161,Comp0049,DNS0002,17,7842,53,3,2,64,251
309432.8821273432,5.933,Comp0032,Web0001,6,41119,80,9,39,361,1379
309433.6987217395,3.212,Comp0004,Web0002,6,54271,443,11,36,850,9343
309433.884586968,0.54,Comp0025,Web0001,6,2929,443,9,8,1029,3404
309434.2310609639,0.414,Comp0048,DNS0001,17,32185,53,2,2,142,169
309436.0494759611,8.089,Comp0038,Proxy0002,6,38662,3128,39,25,1373,2555
309437.61075156013,7.061,Comp0070,Web0004,6,34563,80,6,135,2394,9838
309437.9624680855,0.144,Comp0019,DNS0002,17,56796,53,3,3,61,158
309453.71044652106,0.136,Comp0041,Proxy0002,6,30349,3128,20,67,1111,35563
309463.98095140426,0.522,Comp0066,DNS0001,17,56335,53,2,3,73,144
309465.42064432387,5.335,Comp0017,Mail0002,6,17306,587,7,2,6125,500
309479.1816297703,7.923,Proxy0002,Ext0017,6,46980,443,12,97,1529,1739
309489.8590317119,0.296,Comp0056,DNS0002,17,31717,53,2,3,82,131
309498.11218572664,0.189,Comp0080,Mail0001,6,65207,993,5,13,124,716
309498.9250392016,3.142,Comp0055,Proxy0001,6,41343,3128,11,58,1822,1186
309500.4817684169,1.854,Comp0037,Proxy0001,6,47203,3128,8,31,416,17190
309501.1890757394,0.024,Comp0021,DNS0002,17,60162,53,2,2,73,121
309502.9616728755,1.53,Comp0019,Web0004,6,41810,80,6,38,663,3266
309504.99857807043,15.096,Comp0074,DC0001,6,17835,88,8,6,827,408
309505.282494994,20.141,Comp0027,DC0002,6,64799,445,20,76,807,9673
309518.3337227794,4.844,Comp0035,Web0004,6,32465,443,29,141,612,3284
309520.1052144709,0.039,Comp0002,DNS0001,17,58668,53,3,3,101,186
309520.9066029473,2.662,Comp0077,Proxy0002,6,6818,3128,4,34,1326,3299
309525.3115448642,7.479,Web0002,DB0001,6,29168,3306,41,79,2245,4150
309526.4371840647,0.094,Comp0030,DNS0002,17,25615,53,2,3,40,464
309534.77580286213,0.701,DC0002,DNS0001,17,23776,53,2,2,32,103
309535.25806188805,6.06,Comp0065,DC0002,6,44929,389,4,8,874,550
309540.64919395617,0.033,Comp0060,DNS0002,17,39347,53,3,3,33,115
309541.09045128175,0.004,Comp0037,DNS0002,17,63177,53,3,3,63,221
309544.4421809706,1.067,Comp0011,DC0001,6,26037,389,7,8,1033,323
309553.6703130139,0.032,Comp0005,DNS0001,17,46465,53,2,3,90,248
309555.71145761065,0.349,Comp0012,DNS0001,17,25452,53,2,2,97,187
309558.7857905045,0.236,Comp0069,DNS0001,17,15376,53,2,2,32,83
309562.6313096147,5.275,Comp0007,Web0005,6,49622,443,22,46,3138,2593
309569.40694159246,15.721,Comp0011,Web0004,6,38180,443,7,45,1425,13127
309571.7411087244,1.29,Comp0062,Web0006,6,48148,80,3,50,1010,8575
309576.09809195035,10.143,Comp0043,Proxy0001,6,35275,3128,7,44,149,3329
309583.133931033,4.922,Comp0059,DC0002,6,47896,445,21,46,1823,60018
309585.7048377575,1.651,Comp0017,Web0002,6,64088,443,6,82,332,12133
309586.96876203775,0.843,Comp0003,Proxy0002,6,12952,3128,2,81,686,18250
309591.4510295185,1.222,Comp0011,Proxy0002,6,1383,3128,24,15,330,32302
309594.7380984699,2.921,Comp0055,Web0006,6,51405,443,4,51,826,4734
309595.60973527073,8.166,Comp0038,FS0002,6,29994,445,17,152,4284,25379
309600.65144872054,0.541,Comp0063,DNS0002,17,38542,53,3,3,85,81
309604.1460701426,0.233,Comp0028,DNS0002,17,4534,53,2,3,105,260
309610.47731575585,0.387,Comp0068,DNS0002,17,63477,53,2,2,39,165
309615.57027917687,2.531,Comp0046,DC0001,6,55499,389,4,6,209,5886
309617.86998409004,3.647,Comp0024,Web0004,6,5165,443,8,17,241,1449
309625.5150644862,2.5,Comp0051,Web0001,6,21960,80,11,158,327,1833
309627.2886848726,0.043,Comp0057,DNS0001,17,49070,53,3,2,32,104
309631.5618137332,0.094,Comp0063,DNS0002,17,54849,53,2,2,83,106
309632.047759131,0.381,Comp0039,DNS0001,17,24347,53,2,3,57,137
309632.6468206063,3.506,Comp0050,Mail0001,6,44524,993,6,6,366,332
309633.5179840952,5.617,Comp0079,Mail0001,6,43197,993,4,5,499,456
309634.7106250125,0.161,Comp0023,DNS0002,17,43506,53,2,2,113,81
309636.7342172572,0.131,Comp0002,DNS0001,17,21519,53,2,2,82,102
309641.30220095743,0.429,Comp0024,Web0002,6,17730,80,10,33,775,2370
309646.2747539091,0.976,Comp0053,Proxy0001,6,26542,3128,6,52,1310,1956
309654.1507091821,2.786,Comp0035,DC0002,6,3299,389,6,2,646,1091
309654.2776739722,0.09,Comp0053,DNS0002,17,46707,53,2,3,56,97
309660.6644743126,0.058,Comp0046,DNS0002,17,63481,53,2,3,103,88
309661.4202553411,5.531,Comp0070,Web0004,6,12297,443,12,100,1778,6111
309663.06682554184,0.712,Comp0025,DNS0002,17,44331,53,2,3,59,285
309668.5570306309,0.168,Comp0041,DNS0001,17,32699,53,3,2,85,170
309670.29570926214,3.77,Comp0025,Proxy0002,6,25834,3128,11,40,1489,10849
309670.8937380373,0.52,Comp0007,DNS0002,17,4990,53,3,2,101,112
309679.0012297712,1.702,Comp0069,Web0001,6,3342,443,25,80,925,1735
309679.3532142999,21.482,Comp0051,Web0006,6,25531,443,13,14,539,9799
309681.947494299,12.142,Comp0067,Proxy0002,6,13003,3128,11,78,580,1368
309700.70952208614,0.006,Comp0022,DNS0001,17,16575,53,3,2,42,262
309700.76720190357,1.781,Comp0080,Mail0002,6,36705,993,3,19,474,633
309705.07592390187,2.127,Comp0048,DC0001,6,27009,88,3,11,891,483
309705.8986210322,6.532,Comp0079,Web0006,6,10534,443,11,9,159,1599
309708.4691967062,10.029,Comp0028,DC0002,6,40873,88,3,11,121,130
309712.88901457266,0.088,Comp0079,DNS0001,17,41822,53,3,3,90,119
309714.6259198709,9.415,Comp0020,Web0004,6,34115,443,29,56,2622,80603
309717.9593166911,0.196,Comp0006,DNS0002,17,54683,53,2,5,77,195
309721.4716448385,0.362,Comp0026,DNS0001,17,38177,53,2,3,68,168
309721.8174092273,2.463,Comp0037,Web0006,6,13035,443,15,81,2487,2974
309728.52709157823,7.592,Comp0019,Proxy0002,6,48132,3128,18,39,344,14804
309733.47075122857,17.205,Comp0024,DC0002,6,1554,445,15,106,691,3173
309735.373618296,9.461,Web0005,DB0001,6,25229,3306,38,84,1400,3223
309738.1029740325,0.065,Comp0072,DNS0001,17,8919,53,2,3,84,90
309747.3493342856,2.378,Comp0042,DC0001,6,64927,389,3,4,350,1398
309748.7077467357,2.956,Comp0068,Mail0001,6,41272,993,4,9,223,262
309749.8734923985,0.023,Comp0062,DNS0002,17,27479,53,2,2,58,180
309752.2024836163,4.433,Comp0049,Web0006,6,10863,80,10,15,712,11063
309757.0334083186,9.044,Comp0016,Web0002,6,7386,443,5,46,53,6818
309758.6672543497,2.762,Comp0078,DC0001,6,10270,88,5,8,202,696
309758.9688869916,2.705,Comp0053,DC0001,6,52553,389,4,5,162,649
309765.1309475761,1.455,Comp0072,Mail0002,6,38917,993,6,20,203,671
309767.03264099394,1.171,Comp0005,Mail0002,6,49814,993,7,6,194,137
309772.5057306056,7.273,Comp0072,FS0002,6,64431,445,17,115,8753,48448
309776.3547892836,1.285,Comp0032,DC0001,6,9766,88,5,5,195,1577
309779.67071183084,0.001,Comp0068,Proxy0002,6,58846,3128,10,89,1165,7988
309782.07576011505,5.962,Comp0011,Web0003,6,54920,443,16,42,1286,20421
309782.325991078,0.657,Comp0075,Mail0001,6,7614,587,11,12,306,560
309784.0729221215,0.202,Comp0006,DNS0002,17,23895,53,2,2,65,148
309784.8637999481,0.499,Comp0004,DNS0002,17,61403,53,2,2,141,83
309788.4210962381,35.726,Comp0045,FS0003,6,64199,445,20,97,2523,4803
309789.5541004042,0.495,Comp0033,DC0001,6,62533,445,36,39,3115,53764
309789.69339662004,0.271,Comp0038,DNS0001,17,11382,53,2,2,62,178
309790.3432882812,0.331,Comp0054,Web0001,6,11153,443,7,45,1756,7285
309795.39543346904,0.172,Comp0005,DNS0001,17,62743,53,3,2,88,238
309803.85258773016,20.524,Comp0009,FS0002,6,11413,445,12,74,1981,24962
309804.6367357504,5.579,Comp0062,Web0004,6,65202,443,14,163,1374,11346
309805.13204160274,11.976,Comp0064,Web0003,6,43681,443,6,97,542,2790
309817.17125839746,9.201,Comp0034,DC0001,6,24966,389,4,12,420,631
309819.9749660542,9.513,Comp0039,Web0002,6,15578,443,5,50,1006,10441
309820.80555309803,4.268,Comp0027,Mail0001,6,40576,993,6,11,449,259
309822.1939408045,1.295,Comp0035,Proxy0001,6,41330,3128,5,37,648,3851
309822.230691313,2.856,Comp0072,Web0004,6,58232,443,11,26,976,15679
309826.90266140725,2.248,Comp0014,DC0001,6,52133,88,6,3,1657,1040
309840.8100421487,5.131,Comp0038,FS0002,6,57107,445,40,115,866,7813
309845.3744142547,3.622,Comp0050,Web0002,6,45199,443,11,61,719,30751
309847.355000364,8.332,Comp0044,Web0003,6,23100,443,43,18,630,4330
309868.7346906499,2.02,Comp0033,Mail0001,6,23562,993,9,17,652,168
309871.7208056188,2.619,Comp0006,Mail0001,6,51108,993,4,5,912,573
309872.74465889693,0.139,Comp0036,DNS0002,17,59732,53,3,3,38,117
309873.03724408965,3.01,Comp0057,DC0001,6,43058,88,4,17,942,338
309877.4491697052,13.235,Comp0031,Web0006,6,1697,443,20,27,1261,16307
309878.92968161945,11.051,Web0002,DB0003,6,9212,3306,30,46,5139,44782
309885.6729789557,0.121,Comp0019,DNS0002,17,34196,53,2,3,77,236
309889.84121689864,3.085,Comp0014,Web0002,6,34483,80,12,21,1864,15403
309891.82712406525,2.288,Comp0016,Web0001,6,62484,80,5,45,2473,25521
309893.86429246224,0.065,Comp0037,DNS0001,17,14451,53,3,3,113,97
309900.8380243643,1.325,Comp0019,Mail0002,6,30499,993,3,4,955,727
309902.4838596494,0.34,Comp0055,DNS0002,17,4488,53,2,2,83,291
309904.65325274254,10.2,Comp0074,FS0003,6,15656,445,9,50,1635,12830
309906.39565437805,0.579,Comp0036,Web0006,6,28201,443,3,103,1327,12644
309910.3509979483,0.167,Comp0036,DNS0001,17,54875,53,3,2,84,184
309911.0259647495,11.877,Comp0009,Proxy0001,6,29439,3128,7,58,740,573
309917.5913934001,3.805,Comp0054,Mail0001,6,13171,587,8,9,298,212
309917.973186,3.025,Web0001,DB0004,6,44585,3306,17,76,329,41007
309926.87274095794,0.247,Comp0004,DNS0002,17,33570,53,2,2,47,263
309930.06084882567,0.021,Comp0006,DNS0002,17,20133,53,2,3,74,93
309931.46779733605,0.07,Comp0062,DNS0001,17,25427,53,2,3,91,228
309935.2964238439,8.976,Comp0048,Web0004,6,58088,443,10,23,590,27458
309941.83668439736,9.627,Web0004,DB0004,6,12962,3306,13,80,1183,14547
309945.0201960023,0.031,Comp0057,Web0003,6,25992,443,7,33,544,2324
309948.1887165282,8.431,Comp0054,Web0006,6,61655,443,7,133,322,326497
309950.302774826,16.176,Comp0064,Web0006,6,10084,443,7,134,428,1866
309954.0902692489,0.478,Comp0063,Web0003,6,37255,443,3,34,1970,5727
309966.15497806115,0.576,Comp0034,DNS0001,17,27028,53,2,2,70,500
309966.9665463425,0.007,Comp0003,DNS0002,17,8824,53,2,2,49,248
309968.2995751506,0.008,Comp0027,DNS0001,17,40292,53,2,2,75,140
309969.7247057215,0.07,Comp0038,DC0001,6,14672,88,6,6,500,681
309970.4275635833,7.491,Comp0010,Web0002,6,64599,443,8,28,921,10759
309983.2070038083,0.376,Comp0071,DNS0002,17,65162,53,3,3,141,242
309984.5024313856,4.048,Comp0012,Proxy0001,6,43650,3128,6,149,2435,15882
309984.79123087774,3.554,Comp0053,DC0001,6,50469,445,20,94,805,9739
309985.15590213117,10.659,Comp0061,Web0002,6,11386,443,3,30,597,9777
309996.648310853,4.502,Comp0072,FS0003,6,10887,445,15,288,3061,13211
310004.83456420794,0.477,Comp0070,FS0001,6,9147,445,18,110,2299,6511
310007.1472654339,2.683,Comp0031,Mail0001,6,49428,993,16,3,170,1408
310018.0614512047,0.465,Comp0020,Proxy0002,6,46510,3128,15,103,1061,1719
310019.5953161424,0.99,Comp0047,DNS0002,17,61703,53,4,2,41,118
310019.61568698415,0.153,Comp0013,DNS0002,17,9721,53,3,2,114,222
310023.3505205258,1.117,Comp0070,Web0006,6,14994,443,7,50,2353,24352
310023.39437206194,0.279,Comp0074,Mail0002,6,62177,993,6,9,224,148
310023.78454388794,6.116,Comp0012,FS0002,6,41992,445,46,91,2346,15979
310028.3327493648,9.005,Comp0044,DC0002,6,6543,445,25,74,1594,7500
310028.91434541653,33.208,Comp0017,Web0003,6,37647,443,7,27,838,130898
310033.79785566626,0.15,Comp0053,DNS0002,17,13247,53,2,2,96,87
310033.8808512193,1.523,Comp0023,Proxy0002,6,62722,3128,21,18,3082,13885
310035.20662344777,1.103,Comp0033,Web0005,6,32355,443,18,47,241,6775
310036.3489388113,20.063,Web0001,DB0003,6,37234,5432,16,111,5841,7172
310039.7441248372,2.604,Comp0001,Web0001,6,42914,443,5,54,418,2921
310040.9538265131,2.016,Comp0002,Proxy0001,6,22107,3128,7,179,437,10119
310047.5256302469,4.25,Comp0015,Web0006,6,5829,80,9,15,402,2977
310051.58875477297,7.029,Comp0005,Web0001,6,53959,443,6,23,251,23214
310051.96331752324,0.046,Comp0021,DNS0001,17,2180,53,3,2,120,128
310052.78843876236,1.722,Proxy0001,Ext0039,6,37215,443,3,96,1270,14924
310057.56770178233,0.005,Comp0004,DNS0001,17,49119,53,2,3,74,191
310067.3159634636,0.61,Comp0064,DNS0001,17,54645,53,3,2,61,47
310072.42206217494,1.201,Comp0059,Mail0002,6,47777,993,5,5,248,859
310074.41274610703,3.254,Comp0065,DC0002,6,55322,389,3,5,348,218
310075.38455534965,5.566,Comp0063,Web0002,6,61139,443,9,91,184,5695
310075.48157195223,24.284,Comp0005,Web0003,6,25602,443,5,65,2223,8846
310080.44237816206,0.034,Comp0013,DNS0002,17,10559,53,2,2,66,210
310080.70147464564,12.568,Comp0070,Proxy0002,6,16161,3128,8,110,769,2757
310083.8874556484,0.424,Comp0057,Proxy0002,6,40649,3128,8,23,605,1606
310085.1231008428,0.047,Comp0029,DNS0001,17,38932,53,2,2,87,72
310087.70867336495,0.139,Comp0074,DNS0002,17,34562,53,3,2,38,205
310092.41170648613,0.256,Comp0045,DNS0002,17,40540,53,3,3,40,109
310093.13811467995,0.452,Comp0079,Mail0001,6,3653,993,7,14,422,149
310094.2433516969,14.591,Comp0027,FS0002,6,19860,445,73,34,1939,17303
310099.98773863923,0.068,Comp0023,DNS0002,17,1563,53,2,3,76,117
310117.68092281226,8.351,Comp0003,Web0005,6,40190,80,5,20,6158,4519
310118.90193991957,2.442,Comp0047,Web0006,6,1693,443,15,52,87,11891
310126.5965588746,0.089,Comp0032,DNS0002,17,56325,53,3,3,34,219
310130.23785017617,2.038,Comp0014,Web0002,6,13790,443,8,62,2773,2546
310135.05408451176,0.004,Comp0037,Mail0001,6,38944,993,6,7,1576,198
310140.15551581816,3.311,Comp0004,Web0005,6,27344,443,7,35,989,3561
310141.7270696012,0.019,Comp0042,DNS0002,17,36102,53,2,2,57,305
310154.54643918975,0.268,Comp0069,Web0001,6,33266,443,14,21,607,3878
310154.8634922419,5.513,Comp0032,Web0006,6,32134,80,3,21,694,8035
310156.85626444896,0.087,Comp0042,DNS0002,17,39399,53,3,3,60,252
310166.48877996503,0.449,Comp0009,Web0006,6,11874,443,17,64,1233,2533
310168.9809546638,0.159,Comp0020,DNS0002,17,58383,53,2,3,78,368
310172.3678065026,1.092,Comp0043,Web0004,6,30005,443,9,61,570,15050
310172.4953451299,0.496,Comp0002,Web0001,6,27085,443,12,40,809,4261
310175.62210719794,0.052,Comp0057,DNS0002,17,28067,53,2,3,55,138
310177.70414885686,3.041,Comp0080,Proxy0001,6,62770,3128,9,52,691,21146
310189.00510761613,2.589,Comp0057,DC0002,6,56869,88,4,27,443,476
310189.3390810929,0.519,Comp0039,DNS0001,17,42070,53,2,3,39,270
310191.3297961689,7.061,Comp0068,Web0002,6,12392,443,16,29,454,2547
310197.63187263237,0.306,Comp0041,DNS0002,17,63182,53,3,3,51,80
310202.4558295566,2.171,Comp0024,DC0001,6,20458,389,8,16,733,410
310203.3306845614,3.879,Comp0043,Proxy0002,6,57562,3128,7,38,263,14872
310204.94278983795,19.758,Comp0032,Web0006,6,58092,80,6,127,1213,6803
310206.64867852256,0.019,Comp0019,DNS0001,17,35011,53,3,2,53,60
310210.72199797205,0.095,Comp0035,DC0002,6,17475,88,5,2,2905,178
310215.1469901052,0.399,Comp0042,DNS0001,17,33517,53,2,2,61,75
310221.90869855747,2.238,Comp0078,Proxy0002,6,40930,3128,18,54,1063,24600
310222.0121124704,0.19,Comp0016,DNS0001,17,47651,53,2,2,46,324
310222.96230195573,0.084,Comp0013,DC0001,6,24682,389,3,6,94,2255
310226.2905232005,5.967,Comp0032,DC0002,6,8503,88,13,16,318,143
310242.46194418904,1.932,Comp0001,Mail0001,6,42848,993,7,3,241,1967
310243.6856178268,0.258,Comp0033,DNS0001,17,49158,53,3,2,68,114
310244.33225665684,4.007,Comp0021,Web0002,6,21758,443,12,27,1870,6150
310244.3493114804,0.003,Comp0027,DNS0001,17,28763,53,2,2,90,120
310244.86426107644,3.978,Comp0018,Web0002,6,49486,443,14,13,122,1962
310247.21775749914,0.229,Comp0032,Mail0002,6,63111,993,10,7,134,934
310249.5476369402,0.031,Comp0074,DNS0002,17,21051,53,3,3,106,175
310249.7637687395,3.6,Comp0079,Mail0002,6,41333,587,7,6,1006,266
310260.4754783541,5.385,Comp0067,Web0005,6,29602,443,11,16,1019,4106
310262.00355528924,4.913,Comp0004,DC0001,6,38739,88,3,7,319,621
310263.08263939986,11.867,Comp0068,DC0001,6,43215,445,91,82,980,13245
310264.09712712653,0.028,Comp0053,DNS0002,17,38375,53,3,2,47,76
310264.13237419585,2.279,Comp0028,Proxy0001,6,36570,3128,4,324,2716,8336
310265.587075311,28.68,Comp0054,DC0001,6,40618,445,67,225,1594,14768
310273.1856703374,25.46,Comp0065,DC0002,6,62890,445,17,139,506,11124
310275.6514844814,1.849,Comp0053,DC0002,6,42802,389,5,4,235,997
310276.0598370375,6.465,Comp0035,Web0004,6,33051,443,11,10,752,6412
310278.04907811416,0.861,Comp0041,Web0006,6,17979,80,11,54,776,6614
310286.05639929185,21.537,Web0001,DB0001,6,25702,3306,17,99,854,5894
310293.2859850553,6.893,Comp0022,Mail0001,6,15034,587,6,12,246,320
310297.0054360258,0.106,Comp0035,DNS0002,17,49497,53,2,2,66,104
310304.1141195236,32.088,Comp0071,DC0001,6,24344,445,15,56,3149,917
310304.9656050478,2.695,Comp0058,Web0006,6,54504,443,8,53,3865,2326
310305.719773979,0.216,Comp0062,DNS0001,17,56742,53,3,2,63,112
310310.45498560776,0.353,Comp0039,Web0004,6,16536,443,4,10,379,19751
310310.80464816844,0.073,Comp0010,DNS0001,17,9072,53,3,3,58,65
310314.2020571897,0.259,Comp0056,DNS0002,17,61307,53,3,3,71,209
310320.9818451508,3.29,Comp0079,Mail0002,6,21284,587,6,5,234,309
310323.8807387002,15.177,Comp0033,Proxy0001,6,52095,3128,13,56,513,32918
310324.7986258671,0.726,Comp0046,Web0004,6,59829,80,6,53,5100,5828
310325.67101257574,0.341,Comp0005,DNS0002,17,20382,53,2,4,92,75
310327.2075718353,0.301,Comp0063,Proxy0001,6,19129,3128,18,22,233,29540
310332.90402041795,3.121,Comp0076,DC0002,6,47169,88,3,7,2095,2075
310338.4967873751,4.329,Comp0043,Mail0002,6,34615,587,6,3,1165,919
310338.57891835464,2.191,Comp0020,DC0001,6,18866,389,3,5,1628,1091
310342.17261949845,0.392,Comp0028,DNS0002,17,45350,53,3,2,101,262
310347.82265418896,0.678,Comp0004,DNS0001,17,1959,53,2,2,77,176
310351.3287577999,7.004,Comp0015,FS0003,6,51530,445,10,26,1104,25623
310353.94371386606,0.029,Comp0011,DNS0002,17,38767,53,2,3,42,158
310358.6891395068,0.497,Comp0006,DC0001,6,49943,389,6,8,164,611
310366.48339734867,1.123,Comp0051,Web0005,6,12976,443,7,21,285,757
310369.0198482721,9.572,Comp0080,FS0001,6,30223,445,25,236,3934,23419
310370.7739114626,0.358,Comp0065,Web0005,6,52511,80,7,51,1204,11333
310372.9454244811,9.837,Comp0053,DC0001,6,61672,445,9,155,2849,13045
310375.2668013411,3.389,Comp0034,Proxy0001,6,25855,3128,6,86,567,23208
310376.33321161265,0.12,Comp0074,DNS0002,17,36782,53,3,3,63,137
310376.6924080282,0.167,Comp0006,DNS0001,17,17115,53,2,3,51,94
310380.9526014439,1.766,Comp0015,Mail0001,6,32646,993,9,22,628,609
310387.2724573818,0.234,Comp0011,DNS0002,17,46326,53,2,2,77,99
310392.48124779586,3.019,Comp0061,Web0006,6,30013,443,5,16,508,7405
310396.03004642326,0.202,Comp0074,DNS0002,17,27886,53,2,2,47,181
310398.910351778,2.496,Comp0054,DC0001,6,8219,88,9,5,88,486
310401.7508567192,0.618,Comp0016,Mail0002,6,24593,993,6,24,186,326
310405.3085871213,2.245,Comp0008,DC0002,6,45671,88,28,5,344,627
310406.05845418066,1.378,Comp0027,FS0001,6,42360,445,164,96,2347,168102
310406.47212541965,3.943,Comp0066,Web0002,6,12800,80,36,73,3403,4388
310410.2719247017,37.641,Comp0014,DC0001,6,34668,445,10,259,6988,8921
310416.51627753355,24.013,Comp0029,FS0001,6,35857,445,8,85,2582,46922
310421.05438530893,3.035,Comp0001,Mail0002,6,2849,993,3,5,1161,1378
310421.7170029412,0.001,Comp0042,DNS0001,17,9245,53,3,4,48,185
310428.92311318277,5.046,Comp0007,Web0003,6,32428,80,4,66,333,10354
310428.9757441741,17.013,Comp0008,Web0005,6,45463,443,8,26,2837,4737
310429.1146228382,15.128,Comp0060,DC0001,6,42173,445,4,149,2079,4261
310429.5270663943,1.915,Comp0055,Web0004,6,40130,80,9,30,327,6193
310429.89158987906,4.891,Comp0069,Web0006,6,26527,443,4,80,131,6884
310435.15839556296,8.568,Comp0053,Web0006,6,44707,80,7,129,913,5580
310437.94595704705,2.244,Comp0016,Mail0001,6,35839,993,4,4,201,698
310440.5617453905,4.307,Comp0015,Mail0001,6,19070,993,5,7,157,1470
310441.5385241665,0.201,Comp0002,DNS0001,17,63166,53,2,3,83,106
310444.0677711962,1.972,Comp0012,Proxy0001,6,55673,3128,9,11,582,19130
310446.21716494294,0.01,Comp0023,DNS0001,17,34729,53,3,2,114,185
310449.7514244647,0.888,Comp0001,Proxy0002,6,57468,3128,4,18,513,25157
310450.015610483,3.715,Comp0041,Mail0002,6,53293,993,3,10,519,271
310455.2513845245,0.128,Comp0026,Mail0002,6,1984,993,31,8,220,451
310457.7648982579,0.279,Comp0041,DNS0001,17,11764,53,4,2,70,191
310459.4801151678,0.947,Comp0018,Proxy0001,6,31199,3128,13,30,2401,5887
310461.20508219575,0.03,Comp0048,DNS0002,17,55210,53,2,2,106,193
310466.8689173484,4.107,Comp0060,FS0002,6,1432,445,47,71,7556,47017
310468.2017380774,0.714,Comp0071,DNS0001,17,18574,53,2,2,142,120
310470.3863889863,3.864,Comp0017,Web0001,6,29485,443,4,30,732,4870
310472.7343690005,0.108,Comp0050,DNS0001,17,1495,53,2,3,49,77
310475.0076444489,12.34,Comp0042,Proxy0002,6,52379,3128,7,35,209,4968
310482.925125272,0.2,Comp0036,DNS0002,17,58922,53,3,3,56,204
310483.35062933445,4.036,Comp0005,Proxy0002,6,3375,3128,3,21,2324,6379
310484.4076580396,0.704,Comp0076,Web0002,6,27429,443,20,8,698,4938
310487.760800218,23.42,Comp0030,FS0001,6,37258,445,16,34,3088,11411
310492.03780911316,0.232,Comp0062,DNS0002,17,19926,53,2,2,38,151
310494.9390148361,2.902,Comp0064,Mail0001,6,64063,993,4,5,750,3207
310496.0369233285,3.624,Comp0072,Web0004,6,35367,443,23,62,1137,1945
310504.01622000296,1.847,Comp0060,DC0001,6,13961,88,7,15,219,714
310504.068822452,23.126,Comp0074,FS0001,6,5281,445,6,124,2049,9662
310506.7390126661,0.057,Comp0080,DNS0002,17,3699,53,2,2,65,181
310507.0779295771,0.426,Comp0079,DNS0002,17,20165,53,3,3,47,126
310511.005495625,0.288,Comp0030,DNS0002,17,44689,53,3,3,54,249
310512.43636657053,0.178,Comp0058,Mail0002,6,62364,993,7,4,128,1425
310515.2983751988,1.171,Comp0058,Proxy0001,6,1515,3128,3,53,196,6002
310520.91336803965,0.027,Comp0026,DNS0001,17,28737,53,3,2,66,146
310524.07113543275,0.983,Comp0025,Web0005,6,5016,80,14,50,180,6432
310525.11730452965,4.37,Comp0028,Proxy0001,6,50212,3128,7,13,2831,6773
310526.6675583066,0.516,Comp0013,DC0001,6,18294,389,3,9,132,725
310527.2859384975,1.549,Comp0028,Web0001,6,36471,443,6,13,774,5433
310530.60124562803,0.776,DB0003,DC0002,6,29707,389,7,7,356,481
310532.23971294187,0.318,Comp0041,Web0002,6,34078,443,9,33,1193,3694
310536.0190534948,19.389,Comp0048,FS0003,6,39857,445,14,150,2595,3836
310538.96493809944,9.454,Comp0054,FS0002,6,27658,445,46,27,2176,3281
310553.77807863924,4.454,Comp0024,Proxy0002,6,19492,3128,7,44,2242,1439
310554.71104655834,3.196,Comp0034,DC0002,6,16463,389,4,11,717,1206
310557.363693659,0.389,Comp0076,DNS0001,17,4334,53,2,2,48,270
310565.89084350684,0.242,Comp0070,DNS0001,17,61092,53,2,2,134,173
310572.04213367426,4.619,Comp0020,Web0004,6,30108,80,9,67,1721,4347
310572.0490370688,15.701,Comp0028,Web0005,6,51331,443,23,44,1393,8569
310576.94527722703,0.092,Comp0049,DNS0002,17,50265,53,4,4,37,92
310580.4457246604,0.581,Comp0021,FS0003,6,29308,445,39,21,1326,5880
310580.74689877644,13.319,Comp0057,DC0002,6,23248,389,3,20,879,1629
310582.5467178954,2.405,Comp0078,Web0006,6,61650,80,7,53,816,34479
310600.72361676436,21.62,Comp0034,Proxy0002,6,25225,3128,10,89,287,16086
310602.40058898483,5.128,Comp0066,Proxy0002,6,37885,3128,7,50,211,7849
310604.715721841,20.213,Comp0041,DC0001,6,28357,445,8,578,722,9187
310605.5229695542,4.207,Comp0077,Proxy0001,6,63069,3128,4,88,319,18455
310605.5465539091,6.836,Comp0048,Proxy0001,6,8144,3128,31,34,2301,3904
310606.8209983906,5.482,Comp0050,Web0006,6,58598,443,8,8,7665,3081
310610.90646767255,1.534,Comp0004,DC0002,6,28429,88,3,10,1107,698
310611.0916407085,9.908,Comp0012,Proxy0001,6,58046,3128,4,80,987,2731
310611.6333188673,7.16,Comp0045,FS0002,6,42686,445,18,120,1933,15607
310617.6815678076,9.036,Comp0063,Web0005,6,26886,80,3,23,776,12557
310625.3896796459,0.954,Comp0030,Mail0002,6,27683,993,3,24,166,402
310625.8134847733,27.399,Web0006,DB0004,6,21618,5432,41,278,1702,22806
310630.6324251732,0.317,Comp0038,DNS0002,17,27853,53,2,2,97,278
310632.5917897105,0.184,Comp0057,DNS0001,17,11105,53,3,4,46,107
310641.6775962551,1.959,Comp0080,Proxy0001,6,60247,3128,4,120,1515,3204
310647.8720401208,0.475,Comp0056,Mail0002,6,37521,993,7,5,117,2405
310648.9517035347,6.067,Comp0058,FS0001,6,29499,445,107,102,11951,10831
310653.0363248872,6.229,Comp0056,Web0001,6,21889,80,6,73,2046,34228
310656.04729762144,0.27,Comp0046,DNS0002,17,45083,53,2,2,39,307
310657.14663446695,0.295,Comp0035,DNS0002,17,46116,53,2,2,48,218
310658.16018921556,0.098,Comp0005,DNS0001,17,52956,53,3,2,74,86
310659.26055183064,4.147,Comp0046,Web0003,6,61115,80,9,43,8728,3594
310659.7158973754,11.511,Comp0056,Web0001,6,4203,80,5,75,239,964
310663.31986067106,2.867,Web0005,DB0003,6,61054,3306,5,20,2649,13754
310663.89310306293,0.059,Comp0015,DNS0001,17,25431,53,2,3,76,173
310666.19255854946,9.662,Comp0029,FS0001,6,50827,445,19,227,777,29125
310684.66960849013,3.398,Comp0071,Web0002,6,28522,443,11,13,1402,3260
310686.6780411557,0.099,Comp0055,DNS0001,17,58738,53,2,2,43,121
310690.79612960026,0.108,Comp0015,Web0005,6,12108,443,5,80,1509,727
310695.18749746965,10.048,Comp0023,FS0002,6,59351,445,10,34,15628,3535
310700.4560612887,2.066,Comp0065,Proxy0001,6,50192,3128,5,21,629,1101
310710.925238433,0.434,Comp0041,DC0002,6,52723,88,4,15,171,1655
310712.6990177041,14.609,Comp0030,DC0002,6,33197,445,27,98,3253,69310
310715.14150739287,18.86,Comp0013,FS0002,6,56489,445,21,103,1721,7018
310716.3111448196,0.592,Comp0001,Web0005,6,28124,443,5,36,95,23873
310716.382024346,0.582,Comp0073,DNS0001,17,7197,53,2,3,132,158
310720.69361544814,0.545,Comp0001,DNS0002,17,45118,53,3,3,102,108
310723.4626091642,0.131,Comp0042,DNS0002,17,45652,53,2,3,64,178
310723.7093686953,8.252,Comp0064,DC0001,6,21313,445,22,93,2902,19304
310724.6659136923,6.125,Comp0003,Web0001,6,43121,443,3,68,621,3236
310731.45365607436,0.063,Comp0007,DNS0001,17,30615,53,3,2,36,133
310735.52295901463,0.057,Comp0075,DNS0001,17,31689,53,2,2,294,104
310737.7662653606,14.673,Comp0073,Proxy0001,6,52607,3128,7,21,2178,4812
310741.1954360616,8.006,Comp0072,Proxy0002,6,6895,3128,9,30,1013,1479
310743.3612700773,0.161,Comp0023,DNS0002,17,19083,53,2,3,76,169
310748.50207269134,2.008,Comp0011,Proxy0002,6,39515,3128,3,28,1185,19921
310755.83570982923,0.006,Comp0074,DNS0001,17,55391,53,2,2,62,186
310758.06040088943,15.654,Comp0029,DC0001,6,51968,445,34,208,3092,21957
310761.93460542924,2.196,Comp0022,DC0002,6,25884,88,7,3,769,1273
310762.6584380774,1.883,Comp0004,DC0001,6,28971,389,5,8,773,160
310766.63243963063,0.734,Comp0071,Mail0001,6,53835,993,8,10,81,273
310774.52116134507,0.134,Comp0014,DNS0001,17,65188,53,3,3,46,162
310775.6667936434,5.52,Comp0053,Web0005,6,46186,443,4,54,937,6375
310780.37601025455,0.031,Comp0058,DNS0001,17,63618,53,2,2,70,211
310781.3720481482,13.855,Web0005,DB0002,6,18068,5432,12,31,2236,4243
310781.78280698135,3.478,Comp0037,DC0001,6,22911,389,4,7,463,750
310784.17433581385,14.663,Comp0075,DC0001,6,24490,445,8,43,1092,40979
310787.445694288,3.232,Comp0022,Web0001,6,5355,80,16,10,1526,9023
310794.2268288774,1.446,Proxy0002,Ext0022,6,38481,443,11,100,306,34662
310794.58874441276,0.109,Comp0040,Comp0011,6,17074,3389,6,14,175,47
310795.4621254383,2.845,Comp0041,FS0002,6,56616,445,9,94,1029,10552
310798.80773911264,6.283,Comp0067,Web0004,6,30909,80,3,94,109,4413
310799.171540758,1.679,Comp0052,Proxy0001,6,37175,3128,20,38,1207,13515
310800.6020717984,0.047,Comp0009,DNS0002,17,60744,53,3,3,86,144
310820.954242126,0.12,Proxy0001,DNS0001,17,44724,53,3,4,76,190
310827.8179575673,0.019,Comp0047,DNS0001,17,35424,53,2,2,80,86
310832.6292352451,0.441,Comp0044,Web0006,6,14214,80,5,30,907,13948
310832.9795918772,0.708,Comp0042,Web0001,6,9195,80,8,35,480,7457
310837.0848133536,0.184,Comp0037,DNS0002,17,23466,53,3,3,41,216
310843.9313251043,1.683,Web0004,DB0002,6,21791,5432,10,462,2321,31538
310846.19210290676,12.318,Comp0068,FS0001,6,18037,445,14,38,535,71370
310850.7545877297,7.782,Comp0077,Web0005,6,2441,443,14,14,5375,4683
310857.3669088716,11.782,Comp0059,DC0002,6,21274,445,23,57,259,12709
310859.16394770535,1.13,Comp0058,Web0003,6,46966,443,5,51,714,554
310861.44618652156,0.019,Comp0058,DNS0002,17,34152,53,2,2,73,125
310864.62565303757,3.501,Comp0050,Mail0002,6,25678,993,4,6,72,667
310865.6212631704,12.297,Comp0032,FS0003,6,41722,445,15,17,322,41440
310867.42325237877,0.028,Comp0031,DNS0001,17,45538,53,3,2,124,97
310868.26806046645,7.165,Comp0057,Web0002,6,56419,443,4,46,286,4168
310876.3748253273,4.123,Comp0045,DC0001,6,64509,88,8,4,1443,900
310878.09137807396,0.021,Comp0077,DNS0001,17,43120,53,3,3,71,167
310887.93534046476,0.139,Comp0049,DNS0002,17,4846,53,2,3,26,144
310888.52478822414,0.156,Comp0052,DNS0001,17,14723,53,3,4,50,135
310893.3448474316,2.995,Comp0004,FS0002,6,39815,445,20,101,1358,8802
310896.3508165299,0.016,Comp0068,Web0003,6,47259,80,14,15,417,2319
310899.6212983832,21.589,Comp0016,FS0002,6,47841,445,23,31,495,2279
310901.41251378617,10.829,Comp0078,Web0006,6,26603,443,6,62,196,5924
310905.2838488689,4.151,Comp0006,Comp0042,6,43739,3389,4,22,328,28
310909.5870020762,6.938,Comp0069,DC0001,6,39662,389,7,17,1915,445
310911.1833770826,0.174,Comp0032,DNS0001,17,36564,53,2,4,92,99
310913.0358144028,3.28,Comp0001,Web0004,6,5778,443,8,13,336,5880
310916.82648651314,1.991,Comp0077,DC0001,6,40364,88,14,4,443,592
310919.4860470554,8.899,Comp0035,FS0003,6,59927,445,18,86,3857,5177
310929.6010100528,5.302,Comp0078,Comp0013,6,61311,445,16,119,1764,841
310937.2729705167,5.117,Comp0039,Web0005,6,52291,80,10,62,2389,10649
310938.1637271037,0.083,Comp0060,DNS0001,17,24138,53,3,3,77,188
310942.2943986625,24.467,Comp0023,FS0001,6,43723,445,53,123,1283,1510
310949.7038775618,0.914,Comp0050,Mail0002,6,28750,587,2,23,1969,1684
310952.6453438193,0.0,Comp0054,DNS0001,17,6160,53,2,3,114,88
310956.0466581482,10.637,Comp0060,Web0003,6,32522,443,5,66,573,10410
310966.6570487984,2.079,Comp0013,Web0001,6,12161,80,6,51,1080,16104
310967.99854814966,0.848,Comp0075,Web0002,6,36026,443,12,19,335,3758
310974.24982262345,13.637,Comp0076,FS0003,6,39881,445,30,121,4336,23319
310974.8142866197,4.115,Comp0014,Web0002,6,8447,443,11,19,326,5868
310983.6225177252,13.609,Comp0026,DC0002,6,49723,445,31,31,2968,2468
310983.7046406798,27.665,Comp0039,Web0003,6,48253,443,6,20,339,31202
310985.42545911233,6.765,Comp0012,Web0003,6,40529,443,7,40,427,3582
310990.99138925347,0.725,Comp0029,Proxy0001,6,16335,3128,11,122,582,5925
310992.56044913345,0.036,DB0004,DNS0002,17,55957,53,2,2,107,171
310993.62861269474,3.547,Comp0046,Web0002,6,63943,443,12,9,423,3508
310995.6428598408,3.023,Comp0041,Web0002,6,33210,443,2,72,2028,11625
310997.8811369617,1.346,Comp0070,Web0003,6,62203,443,16,33,448,1766
310999.5340318682,4.195,Comp0064,Web0002,6,20033,443,5,41,297,12494
311008.7803216997,0.158,Comp0053,DNS0002,17,28638,53,2,4,85,204
311017.4739127769,5.108,Comp0064,Mail0001,6,62602,587,4,5,740,3586
311018.58909332147,0.166,Comp0058,DNS0002,17,49449,53,3,3,100,223
311022.85470516654,1.533,Comp0039,Web0004,6,4759,443,6,162,812,5356
311029.3206912811,4.245,Comp0027,Web0003,6,45489,443,9,57,311,2147
311043.89544207737,4.267,Comp0076,DC0002,6,42636,88,4,11,160,413
311049.73700442223,2.46,Comp0010,Web0004,6,8290,443,4,30,740,7268
311051.0155870811,0.62,Comp0044,DNS0002,17,52068,53,2,2,104,56
311053.38068324095,0.122,Comp0034,DNS0001,17,28570,53,3,2,65,96
311054.13174231816,0.301,Comp0079,DNS0002,17,60296,53,2,3,43,111
311058.0982711874,0.046,Comp0004,DNS0001,17,61763,53,2,2,68,128
311058.15758637554,0.191,Comp0076,DNS0001,17,45847,53,3,3,70,119
311061.85398282704,6.194,Comp0047,Web0003,6,57480,80,4,66,1285,10075
311070.5662702436,0.324,Comp0006,DNS0001,17,58702,53,2,3,67,318
311072.62199666013,3.493,Comp0070,Web0001,6,16322,443,7,42,320,6350
311079.0510850055,5.655,Comp0073,Web0003,6,55014,443,5,9,4001,4890
311080.1795082567,0.165,Comp0012,DNS0001,17,54560,53,3,2,90,84
311083.78382081666,6.54,Comp0008,Web0001,6,22354,443,18,123,859,14063
311085.63321368827,4.077,Comp0022,FS0003,6,59055,445,9,211,10821,2951
311101.2676761112,1.824,Comp0066,Web0002,6,49978,443,10,45,365,5931
311101.37670405256,6.414,Comp0069,Mail0002,6,5548,993,7,8,567,64
311115.4903552851,0.006,Comp0002,DNS0001,17,55071,53,3,2,25,342
311120.8877618848,0.308,Comp0021,DNS0001,17,26953,53,2,3,35,342
311135.37145018636,4.478,Comp0043,Web0002,6,47835,443,18,58,1783,3347
311151.23260298115,3.673,Comp0049,Mail0001,6,55335,993,3,6,395,349
311154.1154859221,0.019,Comp0031,DNS0001,17,62236,53,2,3,43,102
311156.6511036812,0.441,Comp0056,Web0003,6,41714,443,9,122,430,34360
311167.01541624847,3.609,Comp0006,Comp0073,6,3524,22,3,20,1105,19
311168.3340300435,5.781,Comp0061,DC0001,6,1223,88,12,17,422,632
311168.6968750889,0.013,Comp0052,DNS0001,17,40241,53,2,3,35,244
311177.8553411738,0.131,Comp0079,DNS0002,17,3235,53,2,3,81,139
311185.71671063715,3.4,Mail0001,Ext0037,6,13834,25,8,13,568,708
311187.3124582581,2.759,Proxy0001,Ext0021,6,34050,80,10,19,111,17890
311187.6915114722,5.66,Comp0061,Web0004,6,65160,443,10,98,448,40145
311188.0167475455,2.218,Comp0069,Mail0002,6,34659,993,3,7,597,417
311190.8201541731,0.022,Comp0050,DNS0002,17,2782,53,2,2,68,200
311191.6893101927,0.426,Comp0032,Web0004,6,42618,443,10,29,859,6451
311191.71018326527,0.32,Comp0070,DNS0001,17,50131,53,3,2,49,239
311194.5659301134,0.08,Comp0016,Mail0001,6,47173,993,10,6,306,451
311197.21108928235,2.251,Comp0078,Web0002,6,44259,3389,4,8,1330,55
311198.09624800045,0.107,Comp0015,DNS0001,17,29500,53,2,3,115,85
311207.8855342239,2.485,Comp0036,Mail0001,6,32983,993,6,12,258,1595
311208.8752541681,0.259,Comp0078,DNS0002,17,20174,53,2,2,97,62
311215.42498120083,2.504,Comp0061,FS0003,6,52581,445,110,178,3188,4200
311219.0145297526,0.739,Comp0018,DC0002,6,63839,88,6,6,222,978
311220.0732221866,0.691,Proxy0002,Ext0034,6,5293,443,5,24,1270,2662
311220.8315955067,1.291,Comp0049,Proxy0002,6,55306,3128,4,109,1029,6420
311226.2836305953,1.341,Web0003,DB0002,6,54234,3306,11,177,9221,15475
311227.97122377733,13.288,Comp0006,Comp0026,6,47899,139,19,132,2435,1463
311233.22049839346,17.926,Comp0009,DC0001,6,17698,445,14,71,1741,1657
311233.3398197595,0.037,Comp0031,DNS0002,17,24359,53,2,3,87,87
311233.93824090995,2.146,Comp0040,Web0001,6,38678,443,15,49,369,13204
311241.3949592649,0.507,Comp0046,Mail0002,6,48225,993,6,7,547,244
311243.52874564804,0.655,Comp0056,Web0006,6,41599,443,13,26,574,345
311245.7940364367,0.23,Comp0059,DNS0002,17,26546,53,2,3,65,66
311247.9824473478,0.192,Comp0033,FS0001,6,29945,445,17,103,12942,13988
311253.72606182005,3.274,Comp0034,Mail0001,6,42738,993,10,13,57,787
311254.5957818713,0.901,Comp0046,Web0003,6,57210,443,14,141,235,4427
311257.8653732139,8.433,Comp0023,Mail0002,6,22755,993,5,3,1477,1098
311261.76114745665,3.789,Web0002,DB0001,6,20842,3306,78,218,397,17321
311263.333039242,0.416,Comp0023,DNS0002,17,22068,53,3,3,82,122
311273.00390598935,6.996,Comp0010,Web0003,6,63213,443,6,57,361,16665
311282.4760953891,6.068,Comp0078,Comp0014,6,22542,22,9,10,447,21
311287.9789139525,16.088,Comp0078,Mail0002,6,38770,445,11,180,2351,517
311290.39187424385,0.776,Comp0072,DC0001,6,52757,389,9,5,646,1713
311291.9884935559,0.043,Comp0003,DNS0002,17,64776,53,3,3,57,160
311296.62864676607,0.175,Comp0032,DNS0001,17,41692,53,3,3,90,182
311297.5965539578,0.279,Comp0005,DNS0001,17,9414,53,2,2,73,46
311299.61452211294,0.408,Comp0064,DNS0001,17,11940,53,2,2,76,168
311302.25976457744,0.253,Comp0018,DNS0002,17,47918,53,2,2,81,202
311303.73903488007,0.102,Comp0034,DNS0001,17,27740,53,3,2,48,102
311304.78655794426,7.39,Comp0001,Web0006,6,23055,443,5,54,338,10415
311316.33303357277,10.588,Comp0026,Proxy0001,6,49181,3128,11,18,319,6000
311320.123602215,0.446,Comp0080,Web0002,6,25242,443,4,186,433,8421
311323.077880111,3.677,Comp0016,Web0003,6,64286,443,5,64,463,4270
311326.9349632144,7.623,Comp0074,Proxy0001,6,50532,3128,13,40,631,8778
311327.00023514644,5.527,Comp0065,Mail0001,6,46210,993,3,10,504,2664
311330.3475734,0.677,Comp0075,DC0001,6,63267,389,4,5,291,973
311332.1754534426,0.461,Comp0074,Web0005,6,30779,443,18,53,436,6421
311334.6509229117,0.342,Comp0007,DNS0001,17,52801,53,2,2,83,171
311334.6692114046,10.435,Comp0056,Web0001,6,18159,443,7,28,1828,5720
311345.60042789014,0.354,Comp0027,Web0003,6,33378,443,14,39,1055,3317
311346.37174326205,0.128,DC0001,DNS0002,17,54132,53,2,3,86,114
311347.9200879199,6.781,Comp0078,Web0005,6,1069,443,22,12,447,46799
311348.81643855554,2.758,Comp0078,FS0002,6,13657,445,15,76,4323,17606
311361.68926788325,0.145,Comp0071,Proxy0001,6,18138,3128,15,65,692,1409
311368.59503356915,1.239,Comp0016,Web0004,6,47239,80,7,30,3528,876
311369.5620202945,0.087,Comp0034,DNS0001,17,50373,53,2,3,77,123
311371.4140920938,0.127,Comp0050,DNS0001,17,44751,53,2,2,112,125
311373.02408187365,0.12,Comp0042,DNS0001,17,47811,53,2,2,35,288
311376.2427047227,0.022,Comp0074,DNS0001,17,49316,53,2,2,56,140
311384.71069412696,0.254,Comp0033,DC0001,6,20309,389,6,14,252,771
311387.8436853294,0.06,Comp0060,DC0002,6,29089,445,15,212,5087,19341
311393.01390078355,5.171,Comp0021,Web0005,6,14752,443,9,20,1939,4604
311397.85783586616,4.071,Comp0018,FS0002,6,34560,445,5,56,1833,9707
311398.8157600206,11.752,Comp0073,Web0005,6,22151,443,11,48,287,1330
311398.85897190834,3.87,Comp0030,Proxy0001,6,40433,3128,75,103,1753,21568
311400.59383297845,0.284,Comp0004,DC0001,6,55097,88,10,4,594,631
311400.9998730461,0.11,Comp0055,DNS0001,17,65012,53,2,2,111,49
311402.86120000086,0.009,Comp0061,DNS0002,17,56254,53,2,3,136,69
311403.2785081113,0.235,Comp0020,DNS0001,17,54693,53,3,2,51,271
311404.25188737427,0.094,Comp0026,Mail0001,6,64986,993,8,6,162,447
311420.5801927767,0.718,Comp0019,DC0001,6,6999,389,3,7,235,3629
311421.3013495334,0.03,Proxy0002,DNS0002,17,9430,53,2,2,58,85
311421.93555312656,1.781,Comp0027,DC0001,6,49936,88,13,5,516,1198
311426.37806877313,0.277,Comp0035,DNS0002,17,33119,53,2,4,58,126
311430.64536871307,17.786,Comp0050,Web0004,6,43286,80,13,28,221,1407
311435.44968298497,0.242,Comp0064,DNS0001,17,2803,53,2,2,63,216
311437.628318897,3.131,Comp0048,Web0003,6,16115,443,19,181,442,10911
311443.50136508635,0.031,Comp0036,DNS0001,17,54218,53,2,2,48,371
311444.86325862975,2.02,Comp0078,Comp0067,6,55165,22,4,8,280,33
311453.1162878449,0.141,Comp0005,DNS0001,17,25446,53,2,3,44,185
311460.10379987466,12.757,Comp0053,Web0002,6,7705,443,8,54,186,24550
311461.0767188636,0.335,Comp0048,Proxy0002,6,8361,3128,8,11,1866,3726
311463.05285044666,0.196,Comp0050,DNS0001,17,12909,53,3,3,86,185
311465.23101011623,0.092,Comp0065,DNS0001,17,31090,53,2,3,111,513
311472.2201008685,0.043,Comp0008,DNS0002,17,3440,53,2,2,66,185
311480.66137876257,2.44,Comp0055,Mail0002,6,57807,993,9,10,336,2038
311481.5049150961,7.471,Comp0078,Comp0018,6,30323,135,11,8,511,8
311491.5180472816,2.598,Comp0042,Mail0002,6,33979,993,10,3,877,2882
311496.0399718976,8.26,Comp0031,Web0002,6,36858,443,5,33,404,125075
311499.41619670414,7.664,Comp0024,DC0001,6,48261,389,12,4,200,696
311507.6857207407,0.265,Comp0021,DNS0001,17,1358,53,3,3,93,151
311516.1801240761,4.148,Mail0002,Ext0017,6,49592,25,4,8,767,1112
311521.1209082781,4.861,Comp0038,Proxy0001,6,35793,3128,4,24,406,4562
311522.00776969356,0.941,Comp0041,Web0003,6,14591,443,6,35,366,20617
311525.29353588296,8.684,Comp0065,FS0002,6,19235,445,25,71,1115,7387
311539.20715912664,7.727,Comp0015,FS0003,6,54213,445,8,62,1700,5313
311539.4141941883,0.481,Comp0062,DNS0002,17,12665,53,2,2,68,138
311540.3482984269,13.004,Comp0009,FS0003,6,42625,445,43,233,772,50243
311545.92491381965,12.281,Mail0002,Ext0006,6,4593,25,5,10,121,905
311547.9689693233,0.138,Comp0015,DNS0002,17,17404,53,3,3,50,338
311559.75331814337,0.042,Comp0013,Proxy0001,6,52387,3128,12,18,894,1627
311562.88334873796,6.117,Comp0042,DC0001,6,41623,445,31,166,2103,30743
311570.02017144795,9.013,Comp0039,FS0002,6,56016,445,14,230,7557,7027
311574.7577100372,2.225,Comp0061,Web0003,6,42548,443,32,32,247,7087
311577.5675041122,9.296,Comp0029,DC0001,6,57616,445,52,119,414,6624
311583.4208485055,0.04,Comp0046,DNS0001,17,26786,53,3,2,68,304
311586.8721752495,0.109,Proxy0001,DNS0001,17,49970,53,2,2,114,101
311588.0402995996,0.007,Comp0036,DNS0002,17,54018,53,2,3,65,131
311588.7589562895,1.771,Comp0039,Proxy0001,6,62841,3128,5,28,796,1332
311589.7912200991,3.337,Comp0055,Web0003,6,58876,443,6,97,508,1191
311593.46314119897,17.257,Comp0003,Proxy0001,6,45793,3128,21,28,236,6661
311603.6995773796,5.162,Comp0021,FS0003,6,9448,445,6,211,2613,5122
311607.527696751,2.101,Comp0064,Web0004,6,49035,443,17,42,123,12383
311607.81675999553,4.287,Comp0032,Web0005,6,56589,443,13,40,82,2494
311611.24316748284,7.329,Comp0007,Web0002,6,48187,443,8,67,683,3056
311616.16274065647,2.746,Comp0007,Web0004,6,32892,443,5,103,1295,2152
311619.57792665047,3.569,Comp0019,Web0006,6,10813,443,10,105,1124,11041
311624.18988786545,0.08,Comp0030,DNS0002,17,12364,53,3,3,58,123
311624.46960975183,0.025,Comp0014,DNS0001,17,37092,53,3,3,46,219
311630.18597686966,0.684,Comp0061,DC0002,6,57686,88,8,9,669,227
311643.44023558905,0.24,Comp0028,DNS0001,17,3512,53,3,3,31,215
311645.39829898713,2.34,Comp0055,Web0004,6,11674,443,5,69,2286,3179
311650.1286984378,5.224,Comp0018,DC0002,6,1171,389,7,15,2389,154
311651.1057765535,3.333,Comp0004,Web0003,6,11247,80,13,41,1001,3944
311656.9871187276,15.915,Comp0061,FS0002,6,56157,445,27,40,557,12270
311658.593636647,0.373,Comp0010,DNS0002,17,42032,53,2,2,142,125
311663.10463352886,8.151,Comp0003,DC0002,6,47190,445,11,45,15229,5207
311664.46810684167,0.218,Comp0052,Web0004,6,14819,80,10,26,765,39908
311665.2906218074,16.587,Proxy0001,Ext0014,6,40861,443,14,48,1213,7127
311665.4436299875,5.736,Comp0030,FS0001,6,64116,445,3,57,14654,30568
311668.17099040386,2.032,Comp0042,Web0004,6,38689,443,11,65,1448,9373
311668.57475532463,15.688,Comp0023,Proxy0002,6,55168,3128,7,18,184,3491
311674.832949625,0.121,Comp0009,DNS0001,17,42243,53,3,3,78,137
311683.74771710765,2.045,Comp0008,Web0002,6,26068,443,13,76,536,2827
311685.34757865465,0.077,Comp0031,DNS0002,17,65376,53,2,2,89,254
311690.19280574436,1.76,Comp0003,DC0001,6,13759,88,9,15,267,935
311691.601982692,1.484,Comp0054,Web0003,6,35170,80,10,34,877,4526
311696.8268984922,0.242,Comp0029,FS0001,6,34736,445,34,104,758,5860
311702.807951708,12.736,Comp0029,FS0002,6,10796,445,24,48,531,25020
311708.50754151365,1.486,Comp0014,Comp0011,6,38458,3389,3,5,152,547
311715.2133938351,0.245,Comp0051,DNS0002,17,31828,53,2,2,63,431
311715.957788213,16.527,Comp0012,FS0001,6,1653,445,69,84,5591,11435
311723.3160461687,4.232,Comp0078,Web0004,6,59824,443,7,29,883,29419
311724.0615155885,1.932,Comp0077,DC0002,6,58371,389,8,13,135,707
311732.2385545655,1.863,Comp0009,Web0004,6,13253,443,3,174,274,367
311733.0605393774,26.709,Web0001,DB0004,6,62648,5432,63,42,984,21246
311733.2012265288,0.671,Comp0021,DC0001,6,50031,389,5,37,197,1003
311736.64112771366,3.522,Comp0079,FS0002,6,12145,445,9,54,9826,13138
311739.3935875806,1.431,Comp0042,Web0003,6,11392,80,7,41,12661,52128
311745.78968150564,1.39,Comp0078,DC0001,6,43103,389,5,5,437,5036
311747.7029646093,5.74,Comp0018,Web0006,6,3611,443,8,14,953,6272
311760.03752760653,3.768,Comp0024,FS0001,6,60624,445,27,164,1736,6628
311772.65775515285,1.95,Comp0042,Web0002,6,37017,443,5,98,900,3796
311774.9258844768,23.033,Comp0067,Web0005,6,48963,443,5,5,910,44628
311776.67961777095,1.261,Comp0009,FS0002,6,62689,445,21,100,592,29395
311777.005690889,8.691,Comp0001,Proxy0001,6,50602,3128,20,38,145,3638
311782.8737118043,0.026,Comp0070,DNS0001,17,9590,53,2,3,76,34
311789.58929492865,2.066,Comp0003,FS0001,6,37863,445,22,595,719,16200
311792.32671078894,8.326,Comp0069,Mail0001,6,19113,587,4,7,247,801
311794.8713937843,0.086,Comp0005,DNS0002,17,64177,53,2,2,59,152
311805.9215140082,0.596,Comp0043,DC0002,6,61401,389,4,14,878,1003
311809.64551071665,0.025,Comp0011,DNS0002,17,1197,53,3,2,107,196
311813.0207603494,0.977,Comp0025,DC0001,6,31754,88,6,4,403,438
311814.5580261888,6.293,Comp0073,Web0006,6,30564,443,6,129,1539,23540
311819.4962334003,1.622,Comp0076,Proxy0002,6,51797,3128,10,54,374,10489
311823.6944459183,4.406,Comp0008,DC0002,6,54632,88,8,11,1469,1589
311824.23329323344,4.517,Comp0076,Web0003,6,60137,443,12,26,1248,6673
311825.72861877165,0.308,Comp0076,DNS0002,17,19327,53,3,3,65,86
311832.31798301934,0.14,Comp0071,DNS0002,17,62775,53,2,2,26,153
311836.9156259695,0.264,Comp0003,DNS0002,17,43587,53,3,2,88,52
311840.54968072276,3.935,Comp0045,Mail0001,6,15507,587,8,2,506,1312
311842.6509329332,49.84,Comp0048,Web0003,6,5166,443,20,98,4800,11149
311847.91843901784,0.203,Comp0019,DNS0001,17,15327,53,3,3,44,372
311848.75124201906,5.085,Comp0010,Mail0001,6,9056,993,4,3,364,277
311853.8442514027,0.267,Comp0078,Web0001,6,47700,443,6,795,6981,10440
311853.85541577404,9.902,Comp0048,Proxy0001,6,49622,3128,5,42,1014,36201
311854.0587157473,2.877,Web0006,DC0002,6,59923,389,2,5,541,2808
311854.79953293205,1.08,Comp0049,DC0001,6,23192,88,7,7,1201,611
311857.00907079584,4.214,Comp0016,FS0003,6,17321,445,12,318,768,9245
311865.16328324773,1.745,Comp0044,Web0006,6,8753,443,13,42,714,9163
311871.28988571186,0.66,Comp0001,Proxy0002,6,56122,3128,6,36,2499,7449
311871.7087040087,8.726,Comp0010,DC0001,6,46964,389,5,8,480,546
311875.09764219896,8.545,Comp0072,Web0003,6,62350,443,12,13,495,2030
311879.93109918805,3.231,Comp0072,DC0001,6,40072,88,4,2,133,1722
311882.60220912076,1.97,Comp0080,DC0002,6,10289,389,12,14,1408,122
311886.03190069133,3.771,Comp0037,FS0003,6,65380,445,26,97,3365,66793
311892.45592620416,2.325,Comp0003,Web0003,6,19761,443,54,35,257,5671
311895.7623899174,8.913,Comp0065,FS0002,6,4096,445,30,242,724,26357
311898.7365331468,7.017,Comp0038,DC0001,6,9255,88,15,9,590,460
311899.4100990663,0.302,Comp0050,DNS0001,17,37409,53,2,2,97,80
311901.36421966227,0.44,Web0005,DNS0001,17,6384,53,2,3,74,132
311903.6615700015,23.252,Web0004,DB0003,6,35915,3306,90,226,1006,27465
311908.30172124575,0.45,Comp0025,DC0001,6,51010,389,6,3,604,239
311909.16753462213,0.02,Comp0011,DNS0001,17,56487,53,2,3,62,219
311918.96262324316,0.445,Comp0064,Web0003,6,6593,80,3,8,154,10217
311921.49961111066,1.215,Comp0013,Web0001,6,18977,443,7,64,399,942
311922.83367925324,4.872,Comp0062,Proxy0002,6,44595,3128,5,49,905,4805
311924.07870724995,0.106,Comp0014,DNS0002,17,10140,53,3,2,54,220
311924.5363177368,0.428,Comp0024,Web0005,6,16350,443,9,14,681,10647
311925.5370685238,0.06,Comp0030,DNS0001,17,14867,53,3,3,91,116
311931.69718257803,5.605,Comp0050,DC0002,6,60459,88,7,5,124,2324
311935.4521086627,0.001,Comp0028,DNS0002,17,2085,53,2,2,52,321
311935.7651526743,0.495,Comp0011,Web0003,6,41353,443,6,102,637,1973
311935.83137714665,0.376,Comp0078,DNS0002,17,39679,53,3,2,58,315
311939.8706986586,0.9,Comp0037,Web0004,6,57150,443,5,187,250,1469
311944.8922284786,12.822,Comp0010,Proxy0001,6,16614,3128,11,18,362,1558
311947.93704732566,0.329,Comp0076,Web0004,6,14183,443,9,17,1576,8144
311950.2074343731,0.072,Comp0007,DNS0002,17,28868,53,2,3,80,125
311954.4199985466,0.169,Comp0076,Web0006,6,60352,443,10,11,992,5299
311956.7983813908,1.463,Comp0064,Web0006,6,49401,80,5,53,2214,5655
311977.89191823726,1.316,Comp0065,DC0002,6,9745,88,9,3,586,321
311978.0813710354,9.913,Comp0075,FS0002,6,16683,445,35,74,2480,51863
311981.27822062676,0.197,Comp0070,DNS0002,17,51764,53,2,2,72,136
311982.78080261254,14.718,Comp0024,FS0001,6,33389,445,25,24,1479,12864
311996.526990777,0.248,Comp0002,Proxy0002,6,50222,3128,15,29,415,29238
311999.57864673034,0.202,Comp0078,Web0003,6,59253,135,7,8,228,39
312000.4455614265,0.121,Comp0028,DNS0001,17,25960,53,2,3,44,179
312009.0295805539,0.427,Comp0047,DNS0001,17,47300,53,3,2,56,180
312011.5001652619,1.146,Comp0017,Web0005,6,24073,443,6,14,564,14427
312012.7909514474,2.521,Comp0060,Mail0001,6,49142,993,14,11,741,124
312020.6133780727,0.711,Comp0066,FS0001,6,22300,445,136,26,2843,1563
312021.12028713926,12.808,Comp0044,Web0002,6,9255,443,11,22,263,5978
312022.9028359587,1.366,Comp0039,Proxy0001,6,31095,3128,5,29,532,6284
312023.99115972954,0.231,Comp0016,DNS0001,17,54956,53,2,3,66,123
312026.26148434286,0.146,Comp0004,DNS0001,17,55164,53,3,2,138,256
312032.16687288607,1.773,Comp0049,FS0003,6,37980,445,9,92,1196,6054
312034.2974979926,0.043,Comp0007,DNS0001,17,13918,53,2,2,51,128
312036.6232749998,3.444,Proxy0002,Ext0033,6,16514,443,23,65,938,8129
312037.5714129391,0.965,Comp0080,Web0001,6,23157,80,11,45,641,12180
312056.914710041,3.082,Comp0007,Web0004,6,34314,443,13,30,169,1570
312066.0605614288,8.482,Comp0011,DC0001,6,34817,445,24,114,1281,4396
312067.8693532378,2.231,Comp0051,FS0001,6,61328,445,15,57,584,64635
312072.75312423107,3.35,Comp0072,Proxy0002,6,42424,3128,4,59,331,18977
312076.35134926543,3.112,Comp0032,Proxy0002,6,14470,3128,13,156,612,11945
312090.4624606974,3.444,Comp0005,Proxy0002,6,29971,3128,20,22,1128,12558
312103.2382329816,0.124,Comp0068,DNS0001,17,7301,53,2,3,78,191
312106.8888303544,1.068,Comp0008,Proxy0001,6,5538,3128,6,19,489,5533
312108.5586860399,34.213,Comp0063,DC0001,6,22247,445,43,247,932,40026
312116.51311314676,0.156,Comp0078,Web0005,6,30355,443,11,20,221,3690
312116.70996936416,1.801,Comp0078,Comp0043,6,33772,22,5,5,486,9
312116.8949249671,17.164,Comp0001,FS0003,6,23383,445,16,198,748,16160
312117.24843790196,4.987,Comp0074,Web0003,6,23046,443,10,43,1364,34581
312122.10092558316,0.339,Comp0037,DNS0001,17,18769,53,2,3,49,126
312122.91582371213,0.168,Comp0005,DNS0001,17,34397,53,3,2,57,138
312123.48393806303,2.25,Comp0019,Web0005,6,29880,80,3,30,1485,18106
312124.0977922081,0.248,Comp0069,DNS0001,17,59501,53,3,3,52,118
312137.92005946656,2.721,Comp0078,FS0001,6,12586,445,36,296,4702,608598
312141.619047599,15.177,Comp0029,Web0005,6,48309,443,5,46,862,34784
312143.22440915456,0.076,Comp0042,DNS0002,17,42959,53,2,3,45,221
312149.36498984025,0.068,Comp0070,DNS0002,17,30156,53,3,3,63,109
312153.24280953914,1.757,Comp0009,Mail0001,6,42280,993,9,12,411,375
312155.47698955063,9.675,Comp0080,DC0001,6,22749,445,9,179,6978,5428
312171.0422919985,12.086,Comp0034,Web0002,6,43298,80,5,108,683,6882
312174.670258546,1.181,Comp0069,DC0001,6,24401,88,4,8,467,470
312174.74278621963,2.766,Comp0018,Mail0002,6,18819,993,4,5,1414,476
312176.6049547717,2.179,Comp0062,Web0002,6,38358,443,4,63,1751,3060
312179.26861023676,3.879,Comp0059,Web0004,6,25359,443,12,27,767,5537
312184.4054936355,4.249,Comp0007,Web0006,6,41874,443,9,64,414,1511
312188.51527614554,0.427,Comp0012,DNS0002,17,61602,53,2,2,83,149
312188.92794845597,7.605,DB0004,DC0001,6,46946,389,5,4,356,740
312188.9722085572,0.131,Comp0039,DNS0001,17,41852,53,2,2,63,199
312191.2564442151,1.081,Comp0053,Mail0002,6,39280,993,7,5,694,439
312191.6733928356,2.348,Comp0027,Web0005,6,50164,443,5,72,220,5899
312196.92803196004,0.539,Comp0013,FS0003,6,6241,445,7,160,4732,20446
312197.18763470417,8.67,Comp0020,Web0003,6,34593,80,5,23,1032,49677
312199.5599522989,23.539,Comp0028,FS0002,6,65097,445,13,25,680,33481
312201.74518549297,8.321,Proxy0002,Ext0004,6,19747,443,3,27,672,1677
312204.80154088925,11.033,Comp0028,Web0002,6,45546,443,10,14,1630,48936
312207.61668071453,0.133,Comp0041,Web0001,6,5941,80,8,30,1641,6409
312227.33397883654,0.157,Comp0024,DNS0002,17,37779,53,2,2,89,226
312227.80515697936,0.287,Comp0012,DNS0002,17,59167,53,2,3,67,226
312227.8056728857,15.23,Comp0064,Proxy0001,6,26930,3128,13,108,816,18138
312237.67384366505,12.913,Comp0071,Web0006,6,40644,443,9,52,878,43564
312238.75477934245,4.011,Comp0047,Mail0002,6,14894,993,4,5,406,1181
312240.14126095263,2.226,Comp0054,Web0002,6,38126,443,12,65,561,3108
312248.8485869487,4.726,Comp0014,Web0002,6,46370,443,13,166,331,14153
312255.5478875565,3.701,Comp0044,Web0003,6,16779,80,10,36,1581,7072
312257.37419279263,0.152,Comp0074,DNS0002,17,42037,53,2,2,116,102
312263.6996106995,12.304,Comp0075,Web0001,6,17522,443,12,17,2522,2124
312266.8891971144,2.215,Comp0037,Proxy0002,6,2883,3128,5,85,2006,14111
312270.80926441174,1.147,Comp0015,Web0003,6,61210,443,10,14,822,557
312277.1272051505,0.106,Comp0067,DNS0001,17,49968,53,2,2,39,178
312278.259532883,6.252,Comp0017,Web0001,6,54921,443,10,56,119,74407
312279.086521718,0.258,Comp0033,DNS0001,17,53210,53,2,3,24,162
312279.095465413,10.374,Comp0042,Web0003,6,43753,443,3,39,429,4536
312289.97412573954,26.577,Comp0028,DC0001,6,33476,445,27,11,1041,9997
312301.1808707529,2.057,Comp0070,DC0002,6,23493,88,5,8,299,647
312307.8142532384,0.281,Comp0016,DNS0002,17,60108,53,2,3,78,193
312311.1290359223,6.901,Comp0053,Web0004,6,13697,80,12,110,416,17773
312314.63523253467,0.758,Comp0009,Mail0002,6,43518,993,3,14,465,411
312318.410302833,1.941,Comp0023,DC0002,6,30290,389,12,8,253,682
312331.0766453725,0.499,Comp0011,Mail0001,6,27227,587,8,7,483,2550
312331.15580366185,0.194,Comp0029,Web0004,6,13715,443,13,43,1823,4954
312333.2113546765,0.012,Comp0010,DNS0002,17,4032,53,2,2,44,115
312334.9269305895,4.853,Comp0009,Web0004,6,25918,443,21,107,1159,17786
312341.5686100054,1.7,Comp0039,Web0003,6,14276,443,7,69,464,25984
312353.07417777757,3.705,Comp0026,Mail0001,6,59774,993,3,15,1316,547
312360.61756623595,0.369,Comp0029,Proxy0001,6,3439,3128,7,18,2589,1166
312361.47731348575,17.056,Comp0044,Web0005,6,2745,443,16,29,674,1942
312363.4350497207,0.207,Comp0025,DNS0002,17,21874,53,2,4,52,301
312365.3464473881,14.039,Comp0022,Proxy0002,6,40408,3128,20,57,7319,3388
312374.0790314325,7.476,Comp0012,FS0003,6,36927,445,7,149,1124,2194
312393.7305926229,7.611,Comp0059,Web0002,6,34619,80,16,72,1736,2524
312394.3255849146,4.581,Comp0031,Web0001,6,64030,443,5,24,2660,17019
312404.3890534924,0.149,Comp0080,DNS0001,17,49319,53,2,2,132,149
312407.1505685993,3.088,Comp0009,Proxy0002,6,58545,3128,6,78,427,1801
312409.91169323446,1.444,Comp0023,Web0006,6,28324,80,5,10,1340,6574
312416.1347203347,5.325,Comp0045,Web0003,6,63582,443,15,45,895,2151
312417.86724033934,5.942,Comp0007,Proxy0001,6,10147,3128,3,189,771,7662
312429.7843411593,3.274,Comp0040,Web0001,6,10111,443,6,58,2132,6420
312444.80880633235,2.227,Comp0027,Proxy0001,6,18412,3128,21,24,1120,18431
312456.14921449224,0.107,Comp0005,DNS0001,17,8882,53,3,3,59,86
312457.2427298537,1.019,Comp0028,Web0001,6,64275,80,8,54,972,3525
312461.3628873399,0.075,Comp0074,DNS0002,17,21077,53,3,3,75,133
312463.53941910417,1.223,Comp0070,Mail0002,6,8141,587,2,9,466,1243
312473.61630540836,5.673,Comp0047,Web0004,6,17989,443,4,17,595,25996
312480.847793465,0.547,Comp0016,DC0002,6,23609,88,3,15,948,2672
312481.77160800796,2.279,Comp0009,DC0001,6,48378,88,5,5,698,282
312483.468919026,1.115,Comp0033,Web0006,6,24410,443,12,42,509,1545
312492.5156206396,0.079,Comp0007,DNS0002,17,30627,53,3,2,80,378
312496.66888505453,0.213,Comp0044,DNS0001,17,30998,53,2,2,75,175
312502.9293839753,2.544,Comp0058,Proxy0001,6,56706,3128,10,46,1746,7431
312506.2199318585,5.817,Comp0041,FS0001,6,57269,445,44,717,2091,26496
312514.0300272771,0.746,Comp0016,DC0002,6,7682,88,4,4,424,1409
312516.8482513031,11.303,Proxy0002,Ext0015,6,57099,80,6,50,1041,7103
312525.2559836782,0.004,Comp0031,DNS0002,17,14533,53,2,3,38,245
312538.39481889975,1.069,Comp0064,Web0001,6,25849,443,38,311,912,3631
312539.0161268826,0.321,Comp0036,DNS0001,17,25602,53,2,2,34,88
312540.89615013247,0.042,Comp0038,DNS0002,17,64416,53,3,3,64,88
312550.99919376336,14.957,Comp0059,Web0003,6,17493,443,3,85,157,2099
312557.2404662095,11.51,Comp0055,FS0003,6,35662,445,54,141,131,32817
312562.58958032064,0.303,Comp0002,Web0002,6,31037,443,8,26,3236,4789
312571.038221856,0.145,Comp0080,Mail0001,6,30806,993,10,8,320,6970
312577.7914648714,20.115,Comp0063,FS0003,6,57829,445,54,36,624,2553
312588.1410525752,0.118,Comp0070,FS0001,6,31512,445,8,48,567,20507
312602.6992906912,0.246,Comp0043,FS0002,6,61736,445,43,157,351,7638
312603.1618465109,1.605,Comp0067,FS0002,6,5558,445,17,265,20496,9368
312604.4604546255,0.27,Comp0006,Comp0036,6,9312,3389,11,4,189,62
312612.519446889,1.585,Comp0068,Proxy0001,6,46009,3128,5,80,2312,3969
312642.08203761,1.139,Comp0022,Web0002,6,5645,443,6,67,422,22380
312645.2863892308,13.63,Comp0032,DC0001,6,56255,445,47,578,1790,57638
312650.6794250866,0.22,Comp0066,DNS0001,17,27004,53,2,3,33,102
312651.88233993546,2.522,Comp0075,DC0002,6,57973,88,6,20,188,177
312652.7160483987,0.133,Comp0073,DNS0002,17,27803,53,3,3,45,270
312658.5742343913,0.078,Comp0030,DNS0001,17,62094,53,3,3,78,553
312661.1691106634,2.154,Comp0013,Web0005,6,11060,443,12,125,714,6182
312661.64424602734,8.979,Comp0070,DC0001,6,56563,88,4,11,180,668
312668.0313463449,0.974,Comp0043,Web0001,6,13497,443,4,64,400,6823
312668.7677929142,1.495,Comp0037,Web0002,6,32870,80,20,29,1336,6914
312671.1468176548,3.826,Comp0051,Web0005,6,52057,80,8,36,124,8882
312671.61197499663,2.579,Comp0008,DC0002,6,15744,445,10,80,2184,2939
312676.20678162127,1.281,Comp0080,DC0001,6,48974,88,3,8,532,194
312681.13712565927,11.437,Comp0063,Proxy0002,6,64348,3128,6,9,485,12220
312682.91386896366,20.421,Web0003,DB0001,6,45420,3306,9,91,269,10323
312697.9049352751,21.391,Comp0022,FS0003,6,65081,445,5,40,668,2713
312698.45333323727,0.01,Comp0041,DNS0002,17,63326,53,3,3,41,118
312704.01195597096,1.951,Comp0030,Mail0001,6,17940,587,12,49,256,749
312710.9075816919,5.948,Comp0044,Web0002,6,24944,443,4,15,845,9760
312711.47945290676,1.209,Comp0080,Web0006,6,45680,443,7,19,1006,5089
312719.13878077106,10.191,Comp0033,Web0001,6,44311,443,12,55,1381,11573
312722.3463546062,6.611,Comp0046,FS0003,6,25157,445,13,23,3699,29423
312726.9977218768,5.394,Comp0065,Proxy0001,6,22242,3128,8,65,2123,9574
312733.1496113484,1.216,Comp0028,Web0005,6,29711,443,5,57,188,22588
312734.30395284714,0.754,Comp0060,Web0004,6,51254,80,3,58,625,1374
312735.8843788286,6.078,Comp0062,Proxy0001,6,63000,3128,13,76,173,919
312739.39458067674,1.446,Comp0056,Web0002,6,45754,443,14,38,459,2880
312740.23047603393,1.55,Comp0003,Web0003,6,43419,443,5,38,313,39699
312741.90147331083,3.134,Comp0012,Web0004,6,55625,443,2,27,211,7751
312746.96574190154,6.754,Comp0061,Web0002,6,14028,443,8,31,2411,14387
312747.1714037885,3.564,Comp0002,Web0004,6,5956,443,25,40,985,37089
312747.8455757132,1.647,Comp0038,Proxy0002,6,63740,3128,8,15,450,7967
312755.84939352114,1.549,Comp0026,Proxy0002,6,55779,3128,13,27,795,2470
312772.3725504493,16.064,Comp0028,Web0005,6,40762,443,21,31,742,10456
312778.8736453215,0.191,Comp0018,DNS0002,17,53299,53,3,2,48,120
312780.06748494843,3.452,Comp0059,Proxy0001,6,16161,3128,7,26,281,2989
312783.0167877069,0.33,Comp0004,Web0003,6,32319,443,6,50,710,11472
312788.8984384786,0.231,Comp0025,DNS0002,17,37023,53,2,3,76,126
312792.87271908857,0.84,Comp0069,Web0002,6,38482,80,4,82,447,17399
312803.5895045397,0.101,Comp0004,DNS0001,17,17397,53,2,2,59,160
312804.397762919,2.523,Comp0034,DC0001,6,18822,88,8,9,49,290
312813.72533695196,0.092,Comp0069,DNS0002,17,46114,53,2,2,108,104
312816.1596308012,10.042,Comp0005,DC0001,6,18190,389,9,3,343,324
312818.2455373814,2.763,Comp0012,Mail0002,6,63795,587,3,5,343,710
312819.8177962489,0.02,Comp0001,DNS0001,17,42176,53,3,3,127,75
312827.2343318823,1.398,Comp0039,DC0001,6,22572,88,6,3,2025,1368
312838.0274083723,6.071,Comp0059,Web0002,6,24328,80,6,7,1381,9923
312847.1673448424,3.324,Comp0053,DC0001,6,14976,88,4,3,657,742
312850.9777384944,1.723,Comp0027,FS0003,6,11040,445,16,495,1596,2773
312852.2425956521,14.521,Comp0068,Proxy0001,6,54814,3128,9,83,256,6579
312866.5692892857,14.322,Web0006,DB0001,6,11530,3306,32,176,1082,120295
312872.12493017846,0.178,Comp0025,DNS0001,17,7781,53,2,4,103,92
312872.24789630144,0.451,Comp0053,DNS0002,17,52237,53,2,3,48,161
312872.69654234574,1.664,Comp0048,Proxy0002,6,58729,3128,14,16,1239,4337
312878.04427200556,0.085,Comp0054,Mail0001,6,23005,993,11,5,192,486
312885.8724365617,7.497,Comp0040,Web0003,6,48282,443,21,86,942,9952
312888.23824738874,0.173,Comp0016,DNS0001,17,38066,53,2,3,32,211
312888.7185880391,0.788,Comp0038,DC0001,6,34826,389,8,7,412,942
312890.32365676854,0.098,Comp0067,DNS0001,17,60962,53,3,3,62,296
312892.75620620046,0.06,Comp0070,DNS0002,17,31690,53,2,3,126,267
312894.9160220609,0.224,Comp0068,DNS0002,17,59891,53,2,3,64,151
312895.26960465603,0.144,Comp0075,DNS0002,17,43029,53,2,2,49,258
312908.3432840179,0.0,Comp0047,Proxy0001,6,18665,3128,11,16,186,3219
312917.81048375636,0.519,Comp0001,DNS0002,17,30877,53,3,3,65,84
312917.85650104476,0.567,Proxy0001,Ext0034,6,45081,443,29,134,1438,13886
312920.1916348723,1.067,Comp0004,Web0004,6,40420,443,27,153,1532,7878
312929.7736103612,0.019,Comp0072,DNS0001,17,3933,53,3,2,80,64
312930.6639250974,0.056,Comp0079,DNS0002,17,22018,53,2,2,50,134
312931.5688507088,0.047,Comp0035,DNS0002,17,42823,53,3,2,29,84
312933.9529271858,0.195,Comp0023,DNS0002,17,19935,53,3,2,76,170
312943.4621791222,3.77,Comp0055,Proxy0002,6,50355,3128,6,26,864,9063
312960.16168889974,0.78,Comp0017,Mail0001,6,58125,587,3,7,220,854
312962.56396807655,1.563,Comp0017,DC0001,6,54942,445,16,27,409,21694
312981.419683722,1.842,Comp0007,Web0006,6,56702,443,11,35,1991,6550
312982.36126268114,14.149,Comp0003,DC0002,6,23470,445,11,40,2736,4266
312984.33148402534,4.423,Comp0005,DC0002,6,56775,389,6,5,274,212
312987.76725939114,3.629,Comp0007,Web0002,6,62087,443,6,62,2881,19356
312996.3488710269,4.864,Comp0009,Proxy0001,6,56599,3128,5,38,702,3249
313005.0751538597,0.023,Comp0061,DNS0001,17,15925,53,2,2,81,87
313008.9491063001,1.91,Comp0017,Web0003,6,12223,443,9,31,325,25810
313015.807548214,0.399,Comp0021,DNS0001,17,22953,53,3,3,89,139
313016.36484265793,5.506,Comp0074,Mail0001,6,6661,587,5,10,358,729
313017.7391174135,0.019,DB0002,DNS0001,17,13543,53,2,2,78,127
313027.8492162393,1.222,Web0006,DB0002,6,64818,3306,25,271,344,13437
313028.90057063755,0.596,Comp0038,DC0001,6,59710,88,4,10,445,716
313036.21894367645,1.56,Comp0006,Web0006,6,57645,80,8,13,270,3707
313039.49149559217,0.899,Comp0075,DNS0002,17,65107,53,3,3,44,97
313043.6485218642,0.056,Comp0014,DNS0001,17,55698,53,2,2,180,64
313045.84727554274,0.518,Comp0033,Mail0001,6,36498,587,4,6,480,1012
313047.6270583224,0.076,Comp0051,DNS0001,17,25105,53,3,3,59,167
313051.2046961631,13.12,Comp0002,Proxy0002,6,35398,3128,4,41,439,9817
313051.70125356637,0.644,Comp0056,DNS0001,17,41923,53,2,3,93,136
313051.7587013829,7.727,Comp0003,Web0002,6,31691,443,8,20,695,11684
313052.11698725447,2.286,Comp0004,DC0002,6,61915,389,13,13,668,1116
313060.3758027279,5.229,Comp0060,Web0005,6,38589,443,2,279,1121,5998
313067.6354615369,9.176,Comp0006,FS0003,6,50577,445,12,94,1710,13310
313069.2178270098,0.248,Comp0002,DC0002,6,5896,88,8,5,830,2416
313078.94792273524,0.874,Comp0015,Proxy0001,6,16278,3128,5,19,1679,6448
313083.45515976346,2.507,Comp0035,Web0002,6,58267,443,6,202,486,19104
313088.57915762684,3.551,Proxy0002,Ext0032,6,14609,80,11,40,681,3516
313095.35765113006,6.283,Comp0067,Web0002,6,43197,443,13,46,631,11581
313095.38518287253,0.024,Comp0037,DNS0002,17,45001,53,2,2,74,132
313106.4736715086,0.122,Comp0058,DNS0002,17,58141,53,3,2,42,91
313106.6397821721,0.138,Comp0066,DNS0001,17,19417,53,3,2,75,253
313109.0514014469,1.532,Comp0055,Mail0001,6,45772,587,18,4,122,550
313112.50780542416,0.903,Comp0017,DC0002,6,32585,88,9,10,123,294
313113.6034559317,0.811,Comp0072,Web0005,6,46742,443,6,24,1354,1742
313114.3906454282,0.985,Comp0048,DNS0001,17,48328,53,2,2,107,155
313115.48935396795,0.943,Comp0034,DC0002,6,24908,88,5,9,1262,576
313123.6818074694,7.474,Comp0048,Web0002,6,8124,80,7,34,536,1569
313130.6620408594,37.093,Comp0052,FS0002,6,35386,445,63,221,865,2715
313130.91302172997,0.248,Comp0043,DNS0001,17,59564,53,2,2,66,219
313143.40310005686,6.985,Comp0048,Web0005,6,56392,443,6,10,612,36803
313144.508932312,2.559,Comp0035,DC0001,6,36305,389,5,3,1443,636
313147.4386498766,12.825,Comp0013,Web0001,6,16378,443,17,92,552,15973
313148.69461831317,4.811,Comp0019,Web0005,6,8593,443,8,15,1776,6563
313154.4136948801,0.141,Comp0013,DNS0002,17,5666,53,2,2,64,166
313155.2569161848,16.77,Comp0031,FS0002,6,12455,445,31,71,2045,7997
313155.51279366517,0.058,Comp0066,DNS0002,17,8384,53,2,3,87,126
313156.5353354107,0.603,Comp0051,Web0006,6,15133,443,7,42,1381,3532
313161.44862012437,0.808,Comp0010,DC0002,6,46043,88,5,28,127,589
313163.10785858385,9.034,Comp0036,DC0001,6,29665,445,34,566,8319,1717
313163.25652556075,0.313,Comp0039,DNS0002,17,36945,53,3,2,74,154
313165.1446285947,3.817,Comp0079,Proxy0002,6,45064,3128,6,70,1875,8799
313167.3316304363,2.687,Comp0077,Web0004,6,40729,443,4,70,843,2925
313174.0050320576,1.268,Comp0004,Web0004,6,15378,80,4,60,756,977
313175.37414800236,0.19,Comp0010,DNS0002,17,30508,53,2,2,34,183
313182.21599909244,0.505,Comp0050,DNS0002,17,14886,53,2,2,103,224
313189.7532303418,8.949,Comp0050,Web0001,6,18556,443,6,234,236,8993
313191.229707248,1.929,Comp0063,Proxy0001,6,31013,3128,6,28,472,6480
313191.8724419746,0.459,Comp0019,DNS0002,17,18083,53,3,2,62,158
313203.97117184894,0.366,Comp0067,DNS0001,17,1454,53,2,2,42,66
313208.0339187302,1.676,Comp0011,Proxy0001,6,49939,3128,18,28,147,10422
313208.15678552096,0.019,Comp0035,DNS0001,17,15853,53,2,3,54,374
313210.93307367456,0.057,Comp0074,DNS0001,17,57358,53,2,2,103,118
313211.93595825764,0.314,Comp0013,DNS0001,17,15659,53,2,2,47,193
313214.95002489793,13.584,Comp0048,FS0002,6,44627,445,7,176,1819,13447
313218.08276072424,0.171,Comp0011,DNS0001,17,63604,53,3,3,82,280
313219.98928251636,2.946,Comp0057,Mail0002,6,53604,993,11,11,481,654
313223.85839527857,4.328,Comp0079,DC0001,6,33748,389,8,4,518,921
313229.6391964046,6.868,Comp0032,Proxy0002,6,4124,3128,14,87,98,4781
313231.67696535954,0.066,Comp0059,DNS0002,17,25570,53,3,2,57,224
313234.74229086103,0.06,Comp0079,DNS0002,17,19001,53,3,3,77,164
313238.005835661,2.076,Comp0053,FS0003,6,36156,445,18,12,1640,21266
313241.5210316069,1.707,Comp0041,FS0003,6,27839,445,10,115,790,32850
313243.7510276616,1.911,Comp0013,FS0002,6,55399,445,45,100,320,72144
313244.1528242589,4.535,Comp0047,Web0005,6,18837,80,5,115,695,10774
313250.83031191386,1.28,Comp0060,FS0001,6,59829,445,22,113,3671,18811
313252.613997733,0.171,Comp0030,DNS0001,17,28868,53,2,2,132,271
313259.04111453926,0.56,Comp0073,Mail0001,6,34357,993,4,7,125,655
313260.1384413929,0.157,Comp0067,DNS0002,17,15989,53,2,3,79,218
313271.92401382123,1.331,Comp0039,Proxy0002,6,62702,3128,4,34,785,6739
313272.60407165793,9.472,Comp0004,FS0001,6,49199,445,10,79,2784,11922
313275.0502027692,0.317,Comp0053,DNS0001,17,10347,53,2,3,47,108
313277.7472384668,8.124,Comp0030,DC0001,6,30587,445,13,50,1402,21159
313281.51780687744,3.046,Comp0029,Mail0002,6,53271,993,4,4,286,398
313281.6285048434,6.401,Comp0072,Proxy0002,6,57574,3128,7,18,545,16688
313291.1256234103,0.262,Comp0060,DNS0002,17,21834,53,3,3,80,237
313295.9358121366,8.66,Comp0061,Web0004,6,48196,443,8,107,241,3861
313296.0925028598,0.161,Comp0023,DNS0002,17,62550,53,2,3,51,130
313301.279348446,0.703,Comp0016,Web0004,6,63451,443,3,113,729,4286
313305.76432243607,0.11,Comp0064,DNS0001,17,47621,53,2,3,43,69
313309.6349830354,10.467,Comp0068,DC0002,6,28002,389,3,12,462,242
313323.9934858736,2.088,Comp0078,Mail0002,6,59008,993,5,12,425,303
313325.15859278716,12.068,Comp0035,Web0002,6,35510,443,7,69,101,28283
313325.9473555034,2.944,Comp0006,Proxy0001,6,58617,3128,6,46,797,12631
313328.0151895966,26.872,Comp0015,FS0002,6,12120,445,63,33,871,26784
313329.29599067825,5.548,Comp0073,Web0005,6,63846,443,15,50,1213,10534
313330.24733339326,0.646,Comp0007,DC0001,6,1449,389,4,2,173,961
313330.41138609685,12.794,Proxy0002,Ext0026,6,3584,443,12,58,368,2137
313332.0841480473,1.828,Comp0058,Web0004,6,61119,443,9,7,850,3077
313337.98279362556,10.233,Comp0006,Proxy0002,6,52045,3128,9,81,219,26594
313339.77219785313,2.981,Comp0024,DC0001,6,4585,88,7,6,211,383
313355.43020577903,0.028,Comp0079,DC0001,6,62268,88,3,8,514,1354
313359.0436213663,0.213,Comp0002,DNS0001,17,24216,53,2,2,78,110
313371.2284699791,4.006,Comp0056,Web0006,6,21336,80,7,17,2262,12194
313372.84261169704,2.163,Comp0003,Web0005,6,7140,443,4,21,514,7998
313373.14236371487,4.141,Comp0074,Web0005,6,1130,80,8,14,506,83933
313375.4887550111,0.219,Comp0073,DNS0001,17,23637,53,2,3,84,374
313377.3588785212,17.009,Comp0025,Proxy0001,6,7245,3128,22,50,520,27542
313377.50962571474,0.314,Comp0047,Mail0001,6,8167,587,5,5,1117,2451
313379.95339663175,0.126,Comp0056,DNS0001,17,57985,53,2,2,60,202
313383.1109942226,0.974,Comp0045,Proxy0002,6,21689,3128,7,41,153,3061
313393.9297664016,0.948,Comp0070,DC0002,6,2811,389,4,8,1015,1321
313394.30897220696,2.648,Comp0022,FS0001,6,22635,445,21,65,3686,12542
313399.0902798611,0.523,Comp0074,Web0004,6,13876,443,8,46,565,6829
313406.9301324325,3.91,Comp0045,Mail0001,6,48428,587,6,4,689,248
313408.0605183427,1.164,Comp0058,Mail0002,6,65372,587,9,6,205,728
313412.4662663402,0.336,Comp0062,Web0005,6,34067,80,8,33,260,16368
313427.91838152905,1.942,Comp0049,FS0002,6,18047,445,11,237,4072,10638
313428.67376566236,2.956,Comp0057,Web0002,6,29668,443,5,61,99,1352
313431.1694149649,0.046,Comp0022,DNS0002,17,22713,53,3,2,56,87
313440.7808196915,11.687,Comp0065,Web0006,6,52663,443,6,51,358,4782
313449.49270191137,7.002,Comp0029,DC0001,6,8828,88,2,13,199,141
313449.885303952,0.613,Comp0049,Proxy0002,6,1441,3128,6,33,497,812
313454.0001729933,8.142,Comp0051,DC0001,6,15544,389,11,10,638,642
313456.86011432466,0.243,Comp0063,DNS0001,17,61190,53,2,2,57,117
313464.5536077285,7.011,Comp0042,FS0002,6,25947,445,23,120,250,17890
313470.4654879482,0.255,Comp0042,DNS0001,17,13406,53,2,4,84,163
313470.5272281779,14.552,Comp0005,Proxy0002,6,48605,3128,5,32,1114,7337
313490.5251305205,5.074,Comp0012,Web0001,6,5075,80,3,15,2259,1814
313493.85495104676,0.027,Comp0071,DNS0001,17,35343,53,3,3,51,372
313505.4828052218,4.328,Comp0068,Web0004,6,13170,443,31,29,179,15323
313513.64871805045,2.422,Comp0030,Web0005,6,29469,443,5,20,2589,1500
313519.70220173633,2.375,Comp0065,DC0002,6,54275,88,6,6,516,341
313521.40856652753,0.022,Comp0013,DNS0001,17,60729,53,3,2,58,63
313523.8628270417,3.882,Comp0078,Proxy0002,6,51458,3128,5,119,146,15626
313537.43196710385,0.362,Comp0065,DNS0002,17,23833,53,3,3,131,146
313543.2786350201,8.197,Comp0044,Comp0011,6,39323,3389,4,19,432,1294
313544.1383902285,0.081,Comp0036,DNS0002,17,55506,53,2,2,40,402
313546.94739076856,0.06,Comp0032,DNS0001,17,38955,53,3,3,110,186
313553.00471389823,3.618,Comp0012,Mail0001,6,50556,587,4,5,564,176
313568.6496910008,1.432,Comp0044,Proxy0001,6,4179,3128,8,31,699,5360
313572.3291312004,2.363,Comp0024,Proxy0002,6,17476,3128,11,53,3273,1290
313583.0447549692,4.019,Comp0053,Web0003,6,32581,443,7,36,1392,16738
313583.8318076712,0.073,Comp0018,DNS0001,17,50671,53,2,3,143,132
313588.1727914459,5.553,Comp0027,FS0003,6,40882,445,28,146,817,17762
313591.1832149341,3.028,Comp0052,Web0001,6,31187,80,13,19,1060,14576
313591.4588238471,0.046,Comp0040,DNS0002,17,29427,53,3,2,33,111
313594.60747378605,4.276,Comp0072,Web0005,6,43619,443,8,34,1251,2173
313594.732754713,9.081,Comp0056,Web0005,6,23552,443,5,23,934,19703
313596.4012437331,0.047,Comp0073,DNS0002,17,12173,53,2,4,63,103
313600.7871226422,2.717,Comp0031,Mail0001,6,41007,993,12,6,365,1047
313600.8596173494,6.121,Comp0077,Proxy0001,6,60729,3128,2,17,526,31096
313601.6798459255,3.091,Comp0014,DC0002,6,43141,389,5,9,266,506
313604.0965723727,2.146,Comp0007,DC0002,6,52314,389,3,6,464,580
313612.30366947874,0.117,Comp0025,DNS0002,17,32317,53,2,2,114,262
313618.73607205006,6.473,Comp0037,Web0006,6,14265,443,7,36,491,22453
313621.94040819263,2.457,Comp0024,Web0005,6,60081,443,4,60,924,15493
313624.01009649556,5.0,Comp0006,DNS0001,6,46038,3389,12,3,508,12
313626.28539277957,0.369,Comp0062,DNS0001,17,10950,53,3,2,110,71
313631.40682303946,0.249,Comp0014,DNS0001,17,56855,53,2,3,54,93
313631.6073693524,2.685,Comp0065,Web0003,6,47252,443,18,33,1325,5911
313640.08531652705,11.871,Comp0036,FS0003,6,24245,445,28,867,3638,17392
313648.06495165604,14.352,Comp0073,Web0004,6,44085,443,15,8,1568,9620
313653.33540140436,5.647,Comp0008,Web0006,6,39394,443,5,31,854,2362
313656.74711347127,1.304,Comp0065,Web0002,6,10303,443,7,48,224,15601
313672.37116232805,2.282,Comp0065,Web0006,6,60080,443,5,30,347,1278
313673.2463283085,0.104,Comp0059,DNS0002,17,33631,53,3,3,116,116
313675.0981560213,0.019,Comp0027,DNS0001,17,11402,53,2,3,86,237
313682.3343563903,1.669,Comp0042,Proxy0002,6,18544,3128,10,27,868,9897
313683.8676295669,9.016,Comp0002,DC0001,6,58301,389,4,4,321,346
313686.26445347455,0.677,Comp0006,DC0001,6,58841,389,6,22,1093,666
313687.39290334354,19.775,Comp0039,FS0001,6,54526,445,65,503,2372,11046
313689.2533654168,1.557,Comp0011,DC0002,6,63474,88,3,9,465,545
313696.1009234511,1.059,Comp0036,Mail0001,6,38174,993,3,10,697,632
313696.3381680425,4.212,Comp0019,DC0001,6,11469,88,4,2,177,202
313699.6076517262,0.364,Comp0019,DNS0001,17,9080,53,2,2,46,92
313704.41425395035,11.681,Comp0056,Mail0001,6,24001,587,6,4,469,651
313705.85907035985,0.043,Comp0035,Mail0001,6,46210,587,3,3,219,1096
313725.1382454004,13.684,Comp0047,FS0003,6,16699,445,42,123,3577,16935
313725.549201798,0.162,Comp0022,DNS0001,17,64306,53,2,2,36,226
313726.2948419406,1.139,Comp0069,Web0002,6,10175,443,9,74,440,3032
313726.6886801827,0.23,Comp0031,DNS0002,17,10459,53,2,4,37,141
313735.61562286195,0.392,Comp0011,DNS0001,17,33582,53,3,3,132,156
313743.7578171047,12.008,Comp0007,Mail0001,6,60668,993,3,5,555,759
313746.5728947312,1.345,Mail0002,Ext0031,6,11672,25,4,3,767,176
313749.1902328256,0.016,Comp0032,DNS0001,17,4083,53,3,2,81,119
313749.21551227535,11.435,Comp0080,Web0006,6,53458,443,10,38,2343,3320
313758.3692869169,1.244,Comp0033,FS0002,6,37392,445,24,241,3274,15914
313760.8392840702,0.947,Comp0058,Web0003,6,55995,443,4,79,207,8329
313774.0127156435,2.207,Comp0051,Web0001,6,2288,443,20,56,1307,2562
313775.56692925293,7.483,Comp0017,Web0005,6,7207,443,4,18,1273,3630
313779.4459621592,3.226,Comp0025,Web0006,6,42730,443,8,40,98,11359
313779.86091961234,0.029,Comp0046,DNS0002,17,6935,53,3,2,44,127
313782.77963019605,0.18,Comp0033,DNS0002,17,41571,53,2,3,60,115
313786.2867033347,0.192,Comp0063,DNS0001,17,58244,53,2,2,77,110
313787.63733796595,0.014,Comp0079,DNS0001,17,49126,53,2,3,75,231
313807.5044973994,0.073,Comp0019,DNS0001,17,8825,53,2,3,84,86
313817.53856799257,1.141,Comp0035,Mail0001,6,35456,993,5,9,154,687
313822.396009874,0.03,Comp0027,DNS0002,17,10703,53,3,4,107,126
313823.2063521234,0.925,Comp0036,DNS0001,17,8961,53,2,2,172,40
313838.312814696,0.486,Comp0017,Proxy0001,6,9805,3128,20,12,129,2975
313848.10147525364,13.82,Comp0010,FS0001,6,5330,445,51,175,3358,7042
313848.6409643962,0.623,Comp0019,DNS0001,17,22600,53,3,2,73,152
313850.1408501049,4.349,Comp0058,Web0004,6,19291,80,8,22,1110,14918
313852.35616031155,0.016,Comp0049,Proxy0002,6,13427,3128,3,89,711,1060
313853.7506029932,0.562,Comp0074,DNS0001,17,3038,53,3,3,165,89
313854.9729486365,0.399,Proxy0001,Ext0036,6,7150,443,5,14,2492,9368
313858.5819741407,0.406,Comp0080,DNS0001,17,60590,53,2,2,74,98
313861.9128306355,0.428,Comp0058,DNS0002,17,38619,53,2,3,94,121
313862.6098473034,2.333,Proxy0002,Ext0001,6,38217,443,5,11,356,58953
313867.9731223788,5.457,Comp0080,Proxy0001,6,42630,3128,14,37,2554,10730
313870.0975718284,0.723,Comp0064,DNS0001,17,53868,53,2,2,120,43
313886.8108202328,0.04,Comp0010,DNS0001,17,39798,53,2,2,68,192
313899.6065579105,0.455,Comp0061,DNS0001,17,50838,53,2,3,69,199
313907.50347928924,0.009,Comp0015,DNS0002,17,50563,53,2,2,84,269
313911.14947983256,0.261,Proxy0001,DNS0002,17,29115,53,5,3,124,115
313913.1132950764,6.229,Comp0002,Web0006,6,32540,443,9,74,945,24591
313913.85449905763,1.063,Comp0006,Proxy0001,6,20623,3128,2,38,581,3955
313916.99734042294,0.128,Comp0003,DNS0002,17,64575,53,2,2,79,168
313917.822517367,0.003,Comp0005,DNS0002,17,48815,53,2,2,69,292
313926.7295965157,0.048,Comp0055,DNS0001,17,13834,53,3,3,67,206
313930.9033809645,19.841,Comp0074,FS0003,6,3318,445,17,34,229,4253
313935.1179853583,2.026,Comp0025,Web0005,6,20616,443,9,38,1155,21044
313937.46965796605,0.709,Comp0078,DNS0001,17,59660,53,3,3,107,404
313942.81640821655,4.301,Mail0001,Ext0009,6,9900,25,6,6,302,113
313946.4679878803,33.852,Comp0059,FS0003,6,41597,445,38,607,1267,3307
313960.33064249234,4.207,Comp0058,Web0002,6,55658,443,6,22,659,10772
313960.51543479075,12.464,Comp0019,Proxy0001,6,28925,3128,10,90,341,4280
313962.0800323916,8.69,Comp0014,DC0002,6,23612,445,82,73,1113,31610
313964.52134940424,1.866,Comp0040,FS0003,6,37025,445,35,21,523,15515
313965.7459600973,6.675,Comp0075,Proxy0002,6,16383,3128,10,91,497,1700
313966.40577062755,1.159,Comp0003,Mail0002,6,25957,993,10,6,419,837
313969.00704572705,13.269,Comp0026,DC0002,6,11116,445,16,256,608,3767
313969.34819734143,1.927,Comp0033,Web0006,6,5673,443,5,18,4013,1077
313972.3502678184,6.186,Comp0074,DC0001,6,34635,88,5,5,176,837
313978.2082892814,0.154,Comp0026,DNS0001,17,32903,53,2,3,91,117
313996.1697120339,3.908,Comp0054,DC0001,6,10405,389,21,4,102,3004
313996.68455120706,0.921,Comp0060,DC0001,6,16642,88,6,5,131,505
314004.34701838205,0.06,Comp0080,DNS0002,17,18925,53,2,2,42,135
314009.36213719164,0.394,Comp0051,DC0002,6,55007,88,9,7,125,758
314009.68782954063,8.304,Comp0052,DC0002,6,39560,389,7,4,206,214
314010.610790095,2.635,Comp0003,DC0001,6,61818,389,9,4,1297,1876
314012.55100422696,7.305,Comp0049,Web0001,6,56688,80,10,155,2635,75936
314015.574040827,32.589,Comp0005,FS0003,6,61749,445,14,76,1250,4620
314016.46374027757,0.081,Comp0020,DNS0002,17,48520,53,2,3,49,153
314016.60341302777,0.071,Comp0050,DNS0001,17,38549,53,2,3,44,150
314026.2384096866,0.175,Comp0006,DNS0002,17,22615,53,3,2,75,192
314030.4652063081,0.419,Comp0026,Proxy0002,6,30578,3128,10,33,1695,7598
314036.40999080025,10.509,Comp0005,FS0002,6,15521,445,7,57,2158,96610
314036.63423039095,5.494,Comp0040,Mail0001,6,5152,993,3,7,1034,494
314037.6417867675,13.821,Comp0007,FS0003,6,54241,445,60,44,3146,43050
314047.2504790834,12.355,Comp0043,FS0002,6,37337,445,13,294,3343,2107
314051.3209676837,3.603,Comp0035,DC0001,6,48983,445,17,85,1268,73283
314051.860995949,6.418,Comp0050,DC0002,6,56688,88,4,10,283,760
314052.29859958676,2.301,Comp0059,Web0001,6,58614,443,4,51,310,20357
314057.8504708072,1.03,Comp0030,DC0001,6,61521,389,4,12,368,1788
314061.9021435773,3.041,Comp0053,Proxy0002,6,3701,3128,4,19,1037,1788
314066.58384284837,0.372,Comp0036,DNS0002,17,39338,53,2,3,58,134
314067.89132971154,2.493,Web0004,DC0001,6,63670,389,6,15,634,529
314070.26874606137,0.112,Comp0064,Mail0001,6,28217,993,5,13,295,668
314071.31727101305,15.37,Comp0011,Web0004,6,41563,443,27,44,1237,38016
314073.06664366374,9.185,Comp0071,FS0002,6,11508,445,22,291,902,7554
314087.5780941489,7.938,Comp0051,DC0001,6,29422,445,19,535,1131,16336
314090.62221722916,1.567,Comp0022,DC0002,6,49293,88,7,7,1352,589
314093.90172921,9.007,Comp0025,DC0002,6,51934,445,7,111,1175,8061
314095.6770822968,0.001,Comp0021,DNS0002,17,22334,53,3,2,85,89
314095.97062457504,11.832,Proxy0002,Ext0037,6,29346,443,15,23,476,4660
314100.61108938226,0.086,Comp0008,Web0006,6,64656,443,5,81,765,12302
314104.3319239854,1.025,Comp0052,DC0001,6,62835,389,8,4,162,413
314106.28885079786,0.654,Comp0028,Web0002,6,6083,443,8,14,1121,4558
314111.6059884676,5.324,Comp0039,Web0004,6,50791,443,20,130,1863,720
314112.60850433575,7.117,Comp0026,FS0002,6,10807,445,10,69,7030,32356
314118.87781089987,1.284,Comp0052,Proxy0002,6,38389,3128,7,36,2308,44846
314122.02177163324,0.584,Comp0080,Web0002,6,47938,443,4,37,1990,8774
314127.38885457825,0.499,Comp0067,DNS0001,17,21107,53,2,3,103,249
314131.3012028673,0.058,Comp0075,DNS0001,17,29621,53,3,3,59,129
314131.93420485477,1.151,Comp0041,Mail0001,6,9807,587,4,24,1083,384
314135.6609053678,0.499,Comp0030,DNS0002,17,17718,53,2,2,56,153
314140.2880042011,28.202,Comp0044,FS0002,6,64453,445,36,25,799,28038
314142.07472259714,6.679,Comp0036,DC0001,6,6813,445,11,88,2959,24119
314143.08947383414,4.46,Comp0032,Web0005,6,5092,80,13,59,1818,3686
314143.8841307616,0.211,Comp0071,DNS0002,17,29892,53,3,2,58,213
314148.7836106359,2.314,Comp0006,Web0002,6,41431,443,18,30,115,3446
314151.74963379034,0.841,Comp0027,DC0001,6,8748,88,5,4,1950,249
314156.674378147,2.747,Comp0051,Proxy0002,6,10419,3128,12,53,164,9679
314163.73887615185,0.651,Comp0017,DC0002,6,34658,389,6,30,815,520
314174.10910521715,1.001,Comp0048,Mail0002,6,53052,993,3,6,164,1361
314205.72885366215,8.043,Comp0016,Proxy0001,6,37122,3128,4,42,2466,4318
314222.4431483656,0.032,Comp0022,Proxy0002,6,20853,3128,8,45,124,6210
314225.65780244494,0.55,Comp0058,FS0003,6,55481,445,5,19,6124,7377
314227.9769743009,5.343,Comp0053,Web0006,6,56502,443,11,54,3092,5372
314228.81011640927,5.672,Comp0042,FS0003,6,44530,445,10,85,7594,2486
314230.6999374725,0.392,Comp0054,Web0001,6,36814,80,9,78,788,3666
314233.81487717107,20.113,Comp0052,Web0002,6,44505,443,13,18,2084,3436
314235.82654528215,17.177,Comp0041,Proxy0001,6,32082,3128,9,140,463,4963
314239.0690817432,1.679,Comp0006,FS0002,6,38451,445,14,282,3425,16974
314254.1164264239,0.159,Comp0022,DNS0002,17,51263,53,3,2,74,119
314260.3345714561,4.392,Comp0049,DC0001,6,35752,445,7,47,6306,7284
314261.04473997664,5.12,Comp0025,Mail0001,6,63049,993,8,3,1238,285
314271.7046812955,4.972,Comp0031,Web0005,6,40938,80,2,41,361,720
314276.34455791494,0.133,Comp0036,DNS0002,17,16290,53,2,2,68,115
314282.01582517114,6.866,Comp0071,FS0002,6,43785,445,11,210,3713,8418
314286.90028044546,2.318,Comp0054,DC0002,6,49505,389,3,4,162,169
314288.93796997925,1.619,Comp0052,DC0001,6,5993,389,6,16,652,241
314289.02363589784,0.314,Proxy0002,DNS0002,17,35839,53,2,2,59,63
314297.00335518474,3.03,Comp0058,Web0004,6,24886,443,18,14,1618,6306
314307.0436918974,0.045,Comp0006,DNS0001,17,9578,53,3,2,50,151
314309.27984198194,4.189,Comp0035,Mail0001,6,14467,993,4,10,181,83
314309.50889016583,0.036,Comp0055,DNS0001,17,58583,53,3,2,72,211
314309.59423641,1.73,Comp0024,DC0001,6,22647,389,6,4,326,1297
314314.6266545846,0.823,Comp0020,Web0006,6,7887,443,6,51,888,11995
314316.62785515975,0.155,Comp0006,DNS0001,6,19646,135,7,11,146,14
314326.2812344395,3.327,Comp0009,Web0006,6,8706,80,10,34,931,5834
314331.6429022584,0.12,Comp0024,DNS0002,17,63456,53,2,3,45,217
314338.2946020548,0.105,Comp0022,DNS0001,17,49442,53,2,3,42,220
314338.97483476467,1.026,Comp0014,Web0004,6,55027,443,14,21,139,2581
314353.0303907525,7.69,Comp0050,Proxy0001,6,30194,3128,7,27,255,5782
314355.4797183989,0.511,Comp0057,Proxy0002,6,53583,3128,8,75,2648,5104
314359.3675146491,2.756,Comp0032,Proxy0002,6,11266,3128,8,50,758,17377
314374.2145850739,0.318,Comp0075,Web0002,6,58252,443,22,123,1595,1655
314378.12879801396,16.5,Comp0052,Web0005,6,54382,80,5,120,391,6015
314380.4381137045,1.145,Comp0071,Web0001,6,2337,443,17,23,757,13291
314384.63289130206,6.315,Comp0049,Proxy0001,6,27026,3128,4,23,496,3520
314387.3096789963,0.155,Comp0018,DNS0002,17,2026,53,2,3,70,97
314388.2795873451,9.605,Comp0017,DC0001,6,44410,88,12,9,214,554
314390.20682072756,0.408,Comp0001,DNS0001,17,9024,53,2,2,89,124
314395.3715692982,0.329,Comp0008,DNS0002,17,2233,53,2,2,115,99
314398.7856276998,7.427,Comp0018,Web0003,6,57813,443,9,58,393,10235
314399.75443631766,0.299,Comp0061,Mail0002,6,8549,993,3,6,570,264
314401.52115842386,0.206,Comp0048,DNS0002,17,63084,53,2,2,63,151
314405.21208949736,0.07,Comp0065,DNS0002,17,29787,53,2,2,88,422
314405.36421468155,1.061,Comp0001,DC0001,6,44354,88,7,5,260,1036
314408.6981543892,0.244,Comp0040,DNS0001,17,61655,53,3,2,126,250
314409.6573604015,2.148,Comp0020,Mail0001,6,50532,993,4,5,182,366
314417.4743866322,0.065,Comp0033,DNS0001,17,47279,53,3,2,67,97
314417.85290918784,2.056,Comp0061,DC0001,6,32420,88,12,10,616,254
314418.46306808374,31.406,Comp0065,FS0001,6,64104,445,25,34,3678,22710
314424.5737259418,6.375,Comp0060,Web0003,6,23029,443,12,96,858,2099
314427.8020056013,0.006,FS0001,DNS0001,17,49580,53,3,2,74,176
314441.47808378254,0.123,Comp0042,DNS0001,17,7379,53,3,3,45,229
314453.3670664169,0.038,Comp0015,DNS0002,17,13200,53,2,2,76,137
314461.7510756302,13.265,Comp0012,Web0006,6,27570,80,6,29,271,11747
314466.7008307285,0.251,Comp0067,Web0003,6,6420,443,8,55,737,112834
314468.6879676558,4.202,Comp0019,Web0005,6,49575,443,8,16,824,37719
314471.26881012256,6.441,Comp0071,FS0001,6,55458,445,81,87,801,15796
314473.87075420766,3.519,Comp0033,Proxy0002,6,61691,3128,4,19,942,4603
314476.8370530865,5.299,Comp0022,Mail0002,6,11385,587,5,4,240,1119
314486.41031270364,7.276,Comp0001,Proxy0002,6,20709,3128,10,76,1658,3899
314490.47601750225,6.59,Comp0058,Web0003,6,64882,443,6,115,869,1921
314501.9355982009,2.461,Comp0008,Mail0001,6,18420,587,3,3,1213,1171
314507.688898853,0.668,Comp0067,Proxy0001,6,4356,3128,12,22,135,6258
314511.96124999394,0.302,Comp0028,DNS0002,17,19699,53,2,2,46,96
314527.84728723374,2.444,Comp0038,Proxy0002,6,51238,3128,9,87,1097,23226
314528.45420694357,0.269,Comp0067,Proxy0001,6,31047,3128,12,22,260,2630
314538.5311044928,1.449,Comp0004,Proxy0001,6,41423,3128,7,45,1883,3416
314546.5031834197,5.949,Comp0064,DC0002,6,40354,389,6,4,434,527
314550.3386922269,5.94,Comp0034,Proxy0002,6,30098,3128,6,23,1641,19126
314559.33573880413,18.54,Comp0079,DC0002,6,4332,389,3,6,497,2281
314564.60566321784,6.909,Comp0037,DC0002,6,45182,445,33,45,1557,74406
314566.0619089007,5.177,Comp0024,FS0003,6,15229,445,18,196,3329,12741
314566.8163590454,1.065,Comp0007,Proxy0002,6,41680,3128,7,80,371,7024
314567.4385833477,0.24,Comp0053,DNS0002,17,45812,53,2,2,63,125
314570.2742939722,4.062,Comp0002,Mail0001,6,1792,587,5,8,95,1239
314574.9874156808,1.98,Comp0024,FS0002,6,58000,445,14,156,497,34002
314578.4949854344,7.086,Proxy0001,Ext0009,6,49215,443,5,33,169,15139
314579.6566065078,3.716,Comp0075,Web0006,6,39131,80,6,67,798,3062
314587.95546469407,5.619,Comp0071,Proxy0001,6,37549,3128,5,14,1944,2250
314595.285499534,3.084,Comp0063,Web0003,6,18778,443,8,19,2486,6888
314602.1920305617,7.871,Comp0030,DC0002,6,23853,445,8,128,2225,8154
314602.26441812166,0.141,Comp0008,DNS0001,17,18489,53,3,3,100,110
314609.9094394949,1.687,Comp0003,DC0001,6,20078,445,12,135,879,57774
314610.8228554531,5.705,Comp0030,Web0006,6,61334,80,7,41,1753,1586
314610.948942946,7.692,Comp0077,Web0005,6,39755,443,13,22,131,13245
314616.10176639166,0.001,Comp0034,DNS0001,17,58570,53,2,3,80,161
314618.2604741141,4.541,Comp0073,FS0001,6,8749,445,23,99,2326,9656
314630.70164244826,1.491,Comp0014,Mail0001,6,61556,993,6,2,555,481
314631.9664389043,0.249,Comp0017,DNS0002,17,10511,53,3,2,38,151
314639.3666847948,0.037,Comp0020,DNS0001,17,9347,53,2,3,96,196
314644.3634981702,12.638,Comp0064,DC0002,6,57690,445,157,42,15012,16617
314654.0605853941,0.813,Comp0029,DC0002,6,25022,445,18,107,7437,6466
314656.22249667183,0.03,Comp0031,DNS0001,17,47444,53,2,2,56,107
314656.96894838335,3.039,Comp0066,Mail0001,6,14972,993,6,7,577,567
314667.92267566716,3.011,Comp0041,DC0002,6,4849,88,7,7,1122,2315
314668.0775764452,0.381,Web0005,DNS0002,17,13211,53,2,3,76,141
314670.64943155897,0.046,Comp0068,DNS0001,17,19918,53,2,2,94,150
314672.1231930208,0.867,Comp0071,Web0003,6,19295,443,18,16,843,2803
314672.5214652738,0.073,Comp0003,DNS0001,17,22022,53,3,2,87,74
314676.3229619428,0.017,Comp0023,DNS0002,17,29626,53,2,3,92,94
314682.15105900494,1.04,Web0001,DB0001,6,62916,3306,11,100,2690,4193
314700.3395469878,26.099,Comp0026,FS0003,6,11159,445,23,53,1620,21678
314700.43872081256,4.791,Comp0036,Mail0002,6,40152,993,7,4,1062,989
314700.4678990669,5.841,Comp0051,FS0002,6,63142,445,11,124,11717,11499
314702.14069370646,0.669,Comp0023,DNS0001,17,4111,53,2,2,43,126
314702.2799808746,0.163,Comp0031,Web0003,6,45884,80,4,37,573,11409
314709.83284259686,1.797,Comp0079,Proxy0002,6,6761,3128,16,65,1028,5990
314719.3968601995,8.606,Web0005,DB0001,6,31474,3306,13,368,259,9528
314719.714250127,0.573,Comp0004,DNS0001,17,21844,53,2,3,160,248
314726.00017967453,6.659,Comp0030,Web0005,6,22743,80,13,27,52,2443
314727.4299102626,0.909,Comp0052,Proxy0001,6,1403,3128,8,23,3106,766
314737.3216513125,4.987,Comp0009,FS0001,6,50468,445,8,154,711,19661
314738.0444465193,11.175,Comp0049,Proxy0002,6,22766,3128,15,44,262,4097
314740.81801513355,3.987,Comp0060,Web0004,6,40693,80,23,13,295,5233
314743.58675444406,7.629,Comp0058,Web0001,6,21203,443,14,37,833,22062
314748.583219837,4.267,Comp0023,Mail0001,6,44737,587,11,14,145,290
314748.60640430474,0.119,Comp0040,DNS0002,17,22850,53,2,3,104,241
314755.0079252233,1.617,Comp0036,DC0001,6,17504,389,5,6,254,379
314755.2718085259,25.809,Web0004,DB0001,6,32014,5432,32,151,996,4636
314761.01726185536,24.837,Comp0015,Web0002,6,57935,443,10,23,456,1368
314765.11533608916,2.321,Comp0067,Proxy0001,6,62216,3128,18,52,956,13798
314769.017901888,5.002,Web0005,DB0003,6,28658,5432,40,135,1276,24928
314775.49260007637,3.348,Comp0023,Web0005,6,33869,443,9,32,444,1151
314776.8629138193,0.495,Comp0029,DNS0001,17,46391,53,2,2,64,194
314781.6404620332,2.406,Comp0015,Proxy0002,6,15266,3128,8,42,748,2553
314789.718172046,0.102,Comp0063,DNS0002,17,33133,53,2,2,61,409
314790.51044083515,0.031,Comp0009,DNS0001,17,26888,53,2,2,82,137
314793.70524279407,57.044,Comp0005,DC0002,6,22490,445,126,204,12634,17399
314795.4286866989,0.019,DB0001,DNS0001,17,24659,53,3,2,77,151
314805.7449045681,21.339,Comp0034,DC0002,6,64715,445,20,56,722,8831
314822.3089860839,0.253,Comp0051,DNS0001,17,31651,53,2,2,90,385
314824.0733670142,5.891,Comp0066,Web0005,6,25810,443,24,51,410,12289
314826.8471263579,3.451,Comp0058,Web0005,6,32716,80,10,67,638,3412
314827.9799572469,1.287,Proxy0002,Ext0018,6,6069,443,25,49,604,1970
314830.86686757795,2.825,Comp0070,Web0002,6,48743,80,11,29,374,2576
314840.07978610054,2.701,Comp0046,DC0001,6,6589,88,7,6,267,1460
314842.06879786367,14.365,Comp0051,Web0001,6,53011,443,7,7,846,10676
314858.3344229304,0.18,Comp0009,Web0001,6,49627,80,15,27,979,9803
314859.7871591095,0.479,Comp0041,DNS0002,17,1655,53,2,3,62,93
314864.082625343,0.126,Comp0006,DNS0001,17,11150,53,3,3,53,302
314864.1529123337,0.38,Comp0038,DNS0002,17,45980,53,3,2,95,175
314865.5790900976,8.644,Comp0057,DC0001,6,61422,445,38,17,4888,34867
314869.8672850905,6.599,Web0005,DB0002,6,21845,5432,13,68,1085,5018
314872.79395673034,0.271,Comp0001,Mail0001,6,38548,587,3,6,544,1650
314875.9847291764,11.132,Comp0062,Proxy0001,6,42145,3128,3,62,925,14055
314878.57936307654,0.003,Comp0019,DNS0002,17,48392,53,3,2,66,234
314885.5599167531,0.363,Comp0051,DNS0001,17,16708,53,2,2,32,132
314887.4970045965,0.395,Comp0041,DNS0002,17,17041,53,2,3,138,230
314888.3447793794,0.16,Comp0017,DNS0002,17,62258,53,2,3,57,185
314896.9079839478,0.823,Comp0071,DNS0002,17,27566,53,3,3,68,261
314907.2813402281,0.025,Comp0044,DNS0002,17,27263,53,3,3,54,108
314910.0352626416,4.65,Comp0017,Proxy0001,6,34956,3128,15,23,1690,13350
314912.04357791203,4.549,Comp0016,DC0001,6,21803,88,8,6,133,1097
314914.50345595676,2.309,Comp0018,Proxy0002,6,44395,3128,7,71,382,8108
314918.06684852415,3.982,Comp0069,DC0002,6,39528,389,12,3,269,521
314920.2529593807,3.434,Mail0002,Ext0012,6,1694,25,9,8,481,875
314929.7745658544,0.008,DC0001,DNS0001,17,55046,53,2,3,66,144
314930.0247452396,1.387,Comp0079,DC0001,6,9267,88,9,8,128,752
314933.1561598153,3.595,Comp0060,Proxy0001,6,6749,3128,3,57,774,3859
314933.9737811865,0.147,Comp0035,DNS0001,17,36317,53,2,2,96,151
314947.34301223315,14.82,Comp0028,DC0001,6,9485,445,23,134,3002,33469
314947.4564068165,0.193,Comp0002,DNS0001,17,1262,53,2,2,83,114
314949.2148414847,0.242,Comp0046,Web0005,6,37929,80,14,22,667,5464
314951.14451216947,17.294,Web0003,DB0004,6,7689,3306,42,121,5496,16907
314956.11331331584,0.405,Comp0078,DNS0001,17,41228,53,3,3,89,331
314956.13272251026,6.47,Comp0024,DC0002,6,64108,389,7,22,673,762
314963.10361325485,0.385,Comp0075,DNS0001,17,5924,53,2,3,108,233
314969.6347997401,0.043,Comp0053,DNS0001,17,48221,53,2,3,44,108
314977.3021385197,6.422,Comp0055,Web0002,6,59205,443,4,30,627,6129
314984.57997843745,0.561,Comp0025,DNS0001,17,50177,53,2,3,37,109
314990.4309938135,5.826,Comp0065,Proxy0002,6,59640,3128,20,39,199,15530
314990.9912792604,0.278,Comp0014,DNS0001,17,45509,53,2,3,34,181
314993.10670256364,0.037,Comp0040,DNS0002,17,34081,53,2,2,53,378
314994.9153416756,0.21,Comp0003,DNS0001,17,52352,53,3,2,44,114
314995.31479979586,7.348,Comp0080,Web0005,6,23453,443,4,26,348,12708
315002.52169563796,1.629,Comp0031,Web0006,6,12442,443,10,38,294,16452
315017.1518504762,5.423,Comp0077,Proxy0002,6,6037,3128,16,53,744,412
315017.72904641984,2.011,Web0006,DB0004,6,31860,3306,24,163,742,169144
315025.6087701414,0.468,Comp0007,Web0004,6,17000,443,11,33,1173,6251
315029.21278061764,19.637,Web0001,DB0002,6,62378,5432,56,44,783,5967
315038.9027652128,0.894,Comp0077,Web0003,6,30856,443,37,15,634,2087
315043.5528975242,4.918,Proxy0001,Ext0024,6,31311,80,3,80,478,14605
315049.7721380526,0.224,Comp0001,DNS0002,17,5434,53,2,2,35,319
315050.369751674,4.401,Comp0030,Proxy0001,6,19237,3128,7,58,2501,51184
315058.8648678414,0.161,Comp0067,DNS0001,17,26704,53,3,3,95,145
315063.51845031296,10.902,Comp0052,Web0003,6,11976,443,9,7,592,33652
315065.0169988516,0.969,Comp0054,DC0001,6,16417,389,8,10,172,311
315067.1255363858,3.528,Comp0019,Proxy0002,6,36084,3128,7,9,785,414
315069.0852146195,1.37,Comp0041,Mail0002,6,2952,993,3,9,495,269
315073.49944839784,0.192,Comp0004,DNS0002,17,44004,53,3,2,95,236
315080.10703343054,5.486,Comp0043,DC0001,6,36940,88,7,7,162,644
315084.6687789571,1.069,Comp0038,DC0001,6,18910,389,5,11,678,373
315094.4238465963,0.009,Comp0079,Proxy0001,6,50759,3128,3,34,94,7008
315108.5461172119,1.505,Comp0080,DC0002,6,30394,88,8,6,1886,822
315109.0779569297,4.698,Comp0006,Web0005,6,28229,443,19,38,202,11115
315123.97657511727,0.077,Comp0013,DNS0002,17,49824,53,4,2,68,254
315126.24585450167,0.05,Comp0019,DNS0001,17,17683,53,3,2,34,149
315141.07936780475,0.566,Comp0067,Mail0002,6,43308,587,5,19,1233,606
315147.56725635834,0.171,Comp0031,DNS0001,17,36713,53,2,2,73,137
315151.8834233952,13.049,Comp0039,Web0005,6,3681,443,9,14,1102,12991
315153.99540168175,0.03,Comp0058,DNS0001,17,57171,53,2,2,82,142
315164.39722172095,0.037,Comp0029,DNS0001,17,14254,53,2,2,52,176
315169.8190210976,3.076,Comp0057,Web0004,6,38882,80,3,50,1600,22760
315175.3399453943,18.185,Web0002,DB0004,6,36405,3306,8,57,2189,32604
315176.12943408266,1.059,Comp0018,Web0001,6,35620,443,6,41,732,29115
315177.7353488911,3.366,Comp0069,Web0002,6,19380,443,5,25,299,95959
315178.0430635228,1.23,Comp0023,DC0001,6,27259,389,2,9,239,686
315178.1729889021,2.656,Comp0079,Proxy0001,6,21551,3128,6,57,144,1720
315181.5104659249,9.412,Comp0050,DC0002,6,55980,88,8,21,126,2665
315188.40993005707,2.211,Comp0008,FS0003,6,37633,445,21,258,1501,6896
315210.0892455274,1.412,Comp0031,DC0002,6,14531,445,13,143,4589,15385
315217.2691842815,3.696,Comp0034,DC0002,6,58995,88,3,8,216,467
315230.3665350963,9.467,Comp0067,Web0003,6,18557,80,12,39,554,6229
315230.9140673495,5.853,Comp0055,Web0004,6,58503,443,8,17,4442,9517
315232.95095826464,0.022,Comp0078,DNS0002,17,14550,53,2,2,39,184
315234.908213854,0.129,Comp0005,DC0002,6,47662,88,14,7,692,170
315236.6169351423,0.002,Comp0024,Web0002,6,51548,443,4,56,301,37665
315237.977830037,0.91,Comp0051,DNS0002,17,21531,53,2,3,30,158
315240.05659578077,1.302,Comp0016,Proxy0001,6,31517,3128,27,22,345,37102
315242.77168713347,0.033,Comp0034,DC0002,6,22336,88,8,4,164,603
315248.4028038015,0.352,Comp0047,Web0004,6,25659,443,19,15,520,8919
315248.64415709645,3.243,Comp0071,Mail0001,6,1664,993,3,15,147,1886
315258.10500657785,1.067,Comp0040,FS0003,6,27465,445,5,76,1087,2719
315258.16670822754,16.328,Web0005,DB0003,6,18434,5432,54,104,3831,2583
315263.18090347445,16.301,Comp0057,FS0003,6,4348,445,37,184,1226,5592
315264.42552873923,0.242,Comp0043,DNS0001,17,17621,53,2,3,98,116
315282.4449186385,1.963,Comp0035,Web0001,6,64474,443,7,39,488,4002
315287.6842899427,9.274,Comp0011,Proxy0001,6,26525,3128,8,24,789,4939
315302.07250048255,4.416,Comp0049,DC0001,6,24698,389,8,4,768,447
315305.06472953793,1.857,Comp0007,Mail0002,6,21649,993,4,7,783,4177
315316.57469524024,0.274,Comp0030,DNS0002,17,23828,53,2,3,55,175
315319.69906088675,3.589,Comp0080,DC0002,6,43456,389,9,3,608,765
315322.8567263288,0.801,Comp0042,Web0003,6,45869,443,4,62,189,4979
315349.3667146595,0.752,Comp0055,Proxy0002,6,30264,3128,3,49,750,10171
315359.20397978055,0.307,Comp0051,Web0001,6,23830,443,4,26,295,8927
315363.8843831141,1.183,Comp0055,Web0001,6,12577,80,15,96,114,4867
315364.8062095847,0.431,Comp0057,DC0001,6,34522,88,6,4,419,1259
315371.24651608424,10.012,Comp0021,Web0002,6,56823,80,5,30,824,5335
315376.5042917446,0.187,Comp0026,DNS0002,17,49139,53,3,3,78,81
315376.6507834722,24.842,Comp0049,FS0001,6,53364,445,24,78,844,33108
315377.1601811261,5.814,Comp0070,Web0005,6,10315,443,4,72,458,5658
315384.1374906319,5.014,Comp0046,FS0003,6,5017,445,31,74,6166,30014
315397.6169571918,0.204,Comp0002,DNS0002,17,11576,53,2,2,53,224
315402.03951410134,1.354,Comp0027,Web0001,6,12501,80,6,21,228,2129
315402.79197464697,34.033,Comp0058,DC0001,6,11449,445,51,603,510,5089
315404.81458809535,0.602,Comp0063,DNS0002,17,13198,53,2,3,56,199
315422.90365858,0.67,Mail0001,Ext0031,6,24390,25,20,4,921,390
315423.35232546495,17.025,Proxy0002,Ext0006,6,1486,443,4,8,292,50940
315426.28923068725,1.153,Comp0002,DC0001,6,36257,88,6,4,283,2533
315429.0300353777,0.432,Comp0029,DNS0001,17,28872,53,2,2,37,333
315430.5031555875,1.612,Web0005,DB0001,6,61062,3306,21,57,667,14992
315431.645554011,2.612,Comp0043,Web0004,6,62194,443,47,79,754,1061
315434.9022749613,3.16,Comp0045,Comp0011,6,24935,3389,6,7,87,850
315443.2512652648,0.012,Comp0075,DNS0001,17,1583,53,2,3,112,118
315447.6728023413,0.365,Comp0036,FS0002,6,9673,445,13,63,1322,40070
315451.47704114695,3.085,Comp0016,Web0005,6,24707,443,11,54,456,9274
315451.501717381,16.011,Comp0079,DC0002,6,65300,389,9,8,424,572
315497.57965027436,19.35,Comp0036,Web0006,6,55683,443,16,23,549,2646
315502.2689604948,0.278,Web0001,DB0003,6,39607,3306,4,266,4904,11694
315510.6250638114,7.047,Comp0038,DC0002,6,15963,88,6,18,297,3015
315510.8806177471,0.415,Comp0058,DNS0001,17,58091,53,2,3,71,142
315517.39283204125,8.786,Comp0016,Proxy0002,6,44995,3128,12,55,246,57294
315519.78959737555,2.21,Comp0042,DC0002,6,31465,389,4,5,428,104
315525.3297105092,6.178,Comp0061,DC0002,6,34066,88,6,9,232,733
315525.88115270605,8.569,Comp0074,Web0004,6,11174,443,8,7,137,10709
315528.2134687661,0.073,Comp0051,DNS0002,17,38582,53,4,2,43,114
315532.4283636466,0.53,Comp0011,Web0005,6,36018,443,21,56,2440,8243
315539.37247492967,8.272,Comp0005,Proxy0001,6,48980,3128,3,14,172,11945
315544.0606819724,0.903,Comp0063,Web0006,6,63328,443,5,163,1043,5604
315548.25925467134,11.342,Comp0007,DC0001,6,16281,88,8,7,514,954
315551.17645747116,0.092,Comp0079,DNS0001,17,50334,53,3,2,86,236
315551.55451358017,0.005,Comp0006,DNS0001,17,31009,53,2,3,101,238
315568.23961862014,0.043,Comp0042,DNS0002,17,61281,53,2,2,70,89
315580.08234868036,0.34,Comp0039,Web0004,6,3509,443,34,44,529,1634
315584.44675426435,2.044,Comp0065,Web0003,6,24681,443,4,9,556,2999
315587.16518986557,0.328,Comp0034,Web0001,6,42138,443,3,13,1513,15179
315589.9682934738,7.797,Comp0037,FS0001,6,28368,445,7,109,886,4403
315598.4529135081,0.308,Comp0059,DNS0002,17,41166,53,3,2,84,172
315601.46028817794,20.54,Comp0012,Web0006,6,6728,80,22,34,489,7156
315609.964149464,0.282,Comp0030,DNS0002,17,46135,53,2,3,42,78
315615.8799832475,3.403,Comp0007,FS0001,6,48160,445,13,255,3226,19349
315623.0992690222,34.187,Comp0008,Web0006,6,32085,443,6,17,491,793
315625.0564634493,3.84,Comp0031,DC0001,6,45702,389,6,19,326,858
315628.4722162555,11.914,Comp0080,Web0002,6,55710,80,26,20,410,3064
315632.2812101812,1.264,Comp0001,Web0005,6,19607,80,5,122,914,14218
315634.7473669711,2.231,Comp0008,Proxy0002,6,19559,3128,4,35,2093,20416
315655.94068187446,7.996,Comp0013,Web0003,6,2757,443,11,61,2081,3747
315660.10778469505,0.409,Comp0078,Comp0021,6,24046,22,14,15,118,85
315678.6797579261,1.261,DB0002,DC0001,6,61654,389,5,13,508,2044
315704.4707085176,0.355,Comp0016,DNS0001,17,10678,53,3,3,52,301
315713.9241845611,0.009,Comp0074,DNS0001,17,55994,53,3,2,113,179
315713.96466744127,2.922,Comp0021,FS0002,6,11404,445,53,123,1771,4708
315714.7554062998,1.694,Comp0030,Proxy0001,6,60491,3128,9,12,332,7177
315722.20751158934,0.014,Comp0067,DNS0001,17,3759,53,3,3,47,197
315729.48967174627,3.918,Comp0008,Mail0002,6,39226,993,7,4,674,547
315731.5643701921,0.335,DC0002,DNS0002,17,31822,53,3,3,68,74
315746.35367513273,3.349,Comp0002,Web0002,6,61227,443,16,44,371,2611
315746.88545406674,3.458,Comp0016,Web0006,6,32683,80,5,28,566,10248
315750.5785369565,1.004,Comp0078,Mail0001,6,56295,993,9,12,827,2792
315751.0476230201,0.393,Mail0002,Ext0027,6,45908,25,5,9,208,609
315755.0893683175,0.439,Comp0001,Web0005,6,63286,443,17,32,704,13619
315757.5110719058,1.225,Comp0021,Proxy0002,6,8183,3128,14,20,186,5452
315758.71300641284,0.561,Comp0014,DNS0001,17,13154,53,2,2,86,129
315762.1788234727,4.607,Comp0062,Mail0001,6,44076,993,7,7,38,851
315767.8506504068,0.384,Comp0016,Web0005,6,40978,80,5,34,108,3547
315771.5457679319,3.497,Comp0070,DC0001,6,42282,389,8,19,127,886
315789.97534018394,9.476,Comp0010,Web0001,6,6456,443,8,23,1536,2954
315819.438797515,0.312,Comp0025,DNS0001,17,16774,53,2,3,61,133
315833.9737197629,11.944,Comp0067,Proxy0002,6,2437,3128,6,20,496,9810
315847.0297711261,0.132,Comp0002,DNS0002,17,16244,53,3,2,56,342
315848.6690152403,2.297,Comp0078,Web0002,6,17015,443,18,73,1865,25502
315849.7392894592,0.016,Comp0010,DNS0002,17,59934,53,3,3,36,135
315859.6231827669,0.265,Comp0033,DNS0002,17,52704,53,3,3,146,238
315862.9362283635,7.514,Comp0036,Web0003,6,19865,80,14,24,685,13429
315885.71338284964,0.14,Comp0062,DNS0002,17,47624,53,2,3,79,123
315892.3907366352,11.012,Comp0008,Web0004,6,50314,443,6,36,336,3554
315893.1612001578,0.026,Comp0073,DNS0002,17,44563,53,2,3,68,174
315901.0916294664,0.001,Comp0007,DNS0001,17,27721,53,3,4,34,94
315905.46054190316,0.372,Comp0023,DNS0002,17,18751,53,2,3,40,100
315917.4769210629,6.355,Comp0039,DC0001,6,44118,88,5,6,325,315
315933.07647589257,2.085,Comp0006,Web0004,6,30629,443,5,276,1501,2208
315935.7835796365,4.808,Comp0068,Web0002,6,63590,443,15,67,3749,11316
315938.16750510066,0.013,Comp0015,DNS0002,17,27896,53,2,3,56,178
315939.6293043078,13.411,Comp0074,Web0004,6,2324,443,17,245,1128,8671
315940.14340362145,0.205,Comp0078,Comp0067,6,51615,135,9,4,313,20
315941.4192982064,11.768,Proxy0002,Ext0037,6,23555,80,11,18,2036,4036
315943.6700915263,0.17,Comp0053,DNS0002,17,15016,53,3,2,45,203
315944.92156632425,2.582,Comp0058,Proxy0001,6,39849,3128,3,17,1056,4394
315958.5651547983,0.319,Comp0035,Web0002,6,3485,443,7,86,749,103532
315963.21917422244,1.592,Comp0054,DC0001,6,24312,88,9,5,313,789
315966.00924768957,7.508,Comp0028,DC0002,6,6345,88,4,6,374,569
315968.7713608006,16.532,Comp0071,FS0003,6,36779,445,84,102,2332,56129
315975.7221109213,4.274,Comp0025,DC0001,6,34536,88,10,10,1474,811
316002.2070539972,9.218,Comp0054,FS0001,6,57632,445,41,37,926,7948
316014.12044297054,14.41,Comp0061,FS0003,6,46920,445,121,58,669,28901
316018.38257801015,4.09,Comp0001,Web0002,6,31357,443,22,49,2271,20280
316021.0710643447,0.17,Comp0060,DNS0001,17,6317,53,2,2,83,237
316023.82841747283,0.012,Comp0015,DNS0002,17,47506,53,2,2,110,76
316025.34810385254,2.95,Comp0078,DC0002,6,11054,88,7,16,108,315
316027.69562490616,6.242,Web0001,DB0004,6,44774,5432,8,150,4008,7154
316031.6771956645,0.446,Comp0012,Web0001,6,26342,443,6,117,392,2621
316033.6053217588,7.458,Comp0030,Proxy0001,6,42246,3128,4,24,1148,32336
316043.656451318,2.787,Comp0012,DC0001,6,37349,389,10,21,414,299
316044.39980682556,0.48,Comp0028,Web0001,6,39127,443,14,255,249,2290
316045.1068033842,2.986,Comp0070,Web0003,6,40529,443,10,5,359,49153
316049.01345872483,4.355,Comp0075,Web0005,6,21108,443,5,25,752,13446
316068.49466412596,31.891,Comp0066,FS0002,6,26335,445,19,15,657,19305
316069.48146749684,0.14,Comp0063,DNS0001,17,6199,53,3,3,45,194
316069.69818712526,5.001,Comp0009,Web0004,6,42972,443,16,47,1488,1269
316071.33461900667,0.008,Comp0025,DNS0001,17,51146,53,3,3,95,70
316071.749859501,6.981,Comp0027,FS0003,6,30602,445,60,32,1093,46392
316072.9563579627,0.161,Comp0049,DNS0002,17,35943,53,3,2,126,438
316074.87767422065,0.12,Comp0070,Proxy0002,6,55300,3128,13,94,804,7870
316078.43707144336,4.644,Comp0011,Web0006,6,39422,443,7,41,697,81228
316080.7287589286,29.561,Comp0034,FS0003,6,7967,445,21,315,10099,11475
316084.6111461781,18.195,Comp0078,Proxy0001,6,49714,445,22,125,4742,276
316098.6618043019,7.247,Comp0012,FS0002,6,1855,445,17,194,557,4613
316114.5687963667,1.746,Comp0001,DC0001,6,18794,389,7,3,964,547
316119.50964597485,0.152,Comp0036,DNS0002,17,10223,53,2,3,89,350
316120.7386266987,3.089,Comp0054,Proxy0002,6,34948,3128,10,37,369,5123
316126.36048849486,1.575,Comp0006,Web0004,6,18894,443,8,69,455,1676
316126.7272030348,1.084,Comp0012,Web0003,6,37670,443,14,37,1650,8205
316132.9838498049,0.165,Comp0068,DNS0002,17,46850,53,2,3,75,229
316134.91894612333,2.194,Mail0001,Ext0010,6,29678,25,7,10,514,210
316145.0587241502,8.694,Comp0068,Proxy0002,6,13670,3128,7,92,453,25365
316145.143504487,0.108,Comp0006,DNS0001,17,14697,53,2,3,22,130
316151.3796842974,2.93,Comp0022,Proxy0001,6,11551,3128,5,23,1000,3453
316151.54903927434,2.816,Comp0005,Proxy0002,6,23047,3128,21,36,550,10115
316152.5311332189,9.242,Comp0006,Web0002,6,43606,443,13,25,331,3550
316162.1340329705,0.036,Comp0046,DNS0002,17,19315,53,3,3,95,156
316168.43776836427,6.783,Web0004,DB0003,6,59950,5432,19,156,1355,17236
316171.32972513273,0.032,Comp0001,DNS0002,17,32225,53,3,2,111,114
316172.8559955535,2.598,Proxy0001,Ext0016,6,29829,80,12,19,763,5874
316188.5473899483,1.086,Comp0074,DC0001,6,2678,88,4,5,218,3239
316190.1108747936,54.002,Comp0043,DC0002,6,18092,445,21,62,5966,12441
316190.1917696084,4.445,Mail0001,Ext0008,6,6044,25,3,4,115,3266
316191.4371534022,0.064,Comp0015,DNS0002,17,32992,53,2,3,58,208
316192.41444666905,0.236,Comp0076,DNS0001,17,65373,53,2,2,53,173
316198.97790846025,6.027,Comp0022,DC0001,6,38698,88,3,9,728,848
316203.8198495806,0.943,Comp0020,Proxy0002,6,58093,3128,7,63,970,1855
316205.66289102373,4.848,Comp0055,FS0001,6,63857,445,37,71,3522,15554
316214.6585092702,0.225,Comp0009,DC0001,6,2503,445,25,15,3245,2398
316220.81625071703,0.668,Comp0047,Mail0002,6,60235,993,5,12,1317,653
316225.8460319532,0.284,Comp0044,DNS0001,17,61922,53,2,2,69,334
316240.6782467488,13.317,Comp0002,Web0004,6,8769,443,34,29,3900,11170
316247.805341442,1.95,Comp0057,Mail0001,6,6446,993,7,21,199,425
316268.36381541356,1.774,Comp0030,Mail0001,6,22219,587,7,12,881,2390
316268.9707971853,6.269,Comp0072,FS0003,6,46916,445,22,52,2759,58583
316277.2335335171,1.585,Comp0010,Mail0002,6,26480,993,2,4,1153,571
316279.9504900412,3.797,Comp0008,DC0001,6,64145,88,6,5,293,256
316281.48719413683,0.496,Comp0021,DNS0002,17,65037,53,2,3,39,156
316281.91904408264,0.102,Comp0035,DNS0001,17,50329,53,2,3,129,132
316282.1604109208,1.41,Comp0051,Mail0002,6,52492,993,5,10,390,175
316282.71286446386,4.327,Comp0024,Web0003,6,34879,443,34,51,1432,6602
316284.3101356847,2.208,Comp0032,DC0002,6,50110,389,5,10,521,1606
316284.96965767525,4.366,Comp0044,DC0002,6,3778,389,7,4,96,2255
316292.1966355293,0.147,Comp0065,DNS0002,17,42479,53,3,3,95,168
316297.0841076107,0.185,Comp0010,DNS0002,17,32949,53,2,2,36,238
316299.78276093135,10.352,Comp0080,FS0003,6,7918,445,6,179,1198,23539
316303.0457697769,2.899,Comp0019,Web0005,6,29097,80,28,95,706,3614
316303.9480428705,0.039,Comp0073,DNS0002,17,45001,53,3,3,63,102
316314.9386933233,4.015,Comp0048,Proxy0002,6,20255,3128,6,105,1422,13244
316316.7255313776,0.737,Comp0039,DNS0001,17,39741,53,2,3,96,234
316334.2279479264,0.423,Comp0012,DNS0002,17,33405,53,2,2,61,153
316337.8759198092,2.788,Comp0069,Mail0001,6,15774,993,10,15,300,459
316342.5347807697,0.693,Comp0043,Proxy0001,6,25229,3128,9,57,739,3010
316352.2034128059,0.232,Comp0002,DC0002,6,57684,88,7,5,928,454
316359.0129091183,0.105,Comp0018,DNS0001,17,14117,53,2,2,75,148
316362.6548754744,14.532,Comp0078,Comp0043,6,11948,445,20,26,2588,219
316372.1641611168,5.109,Comp0064,Web0004,6,55605,443,6,21,1243,8571
316375.51928874274,0.448,Comp0043,Web0001,6,2979,443,5,57,196,1462
316377.97470186115,6.743,Mail0002,Ext0035,6,7722,25,5,3,306,893
316378.7475098833,2.949,Comp0028,DC0002,6,21433,88,7,10,874,339
316380.7803026258,8.828,Comp0043,Web0005,6,31355,443,8,33,410,19263
316382.45623120584,1.591,Proxy0001,Ext0036,6,14345,80,20,11,704,8219
316383.433353564,0.169,Comp0037,DNS0002,17,34023,53,3,3,57,167
316387.7951606662,1.531,Comp0040,FS0003,6,32070,445,40,78,524,68243
316389.8281658999,3.027,Comp0005,Proxy0001,6,58383,3128,17,35,726,35643
316390.63682162995,4.13,Comp0076,Web0002,6,28581,443,4,52,568,2044
316390.8833646165,0.161,DB0003,DNS0001,17,9506,53,3,3,63,597
316408.32424991624,0.478,Comp0038,DNS0001,17,61019,53,2,3,102,58
316427.0541115059,1.277,Comp0056,Mail0002,6,21722,993,10,18,376,1569
316427.96903221647,3.745,Proxy0001,Ext0026,6,18442,443,29,25,324,6270
316431.3445778486,0.033,Comp0013,Mail0001,6,55920,993,10,7,251,169
316432.1493746179,0.013,Comp0008,DNS0001,17,60659,53,2,3,52,451
316435.1437352616,1.879,Comp0008,FS0002,6,62875,445,6,74,4611,2307
316436.11148379534,5.981,Comp0020,Proxy0001,6,50329,3128,16,10,226,12005
316439.504583701,0.743,Comp0013,DNS0002,17,10005,53,2,3,61,146
316448.7465855685,1.196,Comp0029,FS0002,6,26711,445,16,107,1550,41008
316457.94011077157,4.66,Comp0021,DC0002,6,8422,88,6,11,332,361
316459.7417400064,2.897,Comp0005,Web0003,6,13782,80,6,35,179,1676
316459.94553571957,0.072,Comp0063,DNS0001,17,3604,53,3,2,96,97
316461.077317128,9.596,Comp0001,Mail0002,6,16258,993,3,3,225,128
316471.52477369044,2.789,Comp0061,Web0005,6,39416,80,31,59,261,13710
316471.66389422404,0.01,DB0003,DNS0001,17,52077,53,3,3,82,236
316474.8187104132,1.736,Comp0080,Web0006,6,14232,443,13,35,1224,12489
316475.7057640165,0.137,Comp0011,DNS0002,17,9428,53,2,3,38,292
316480.21750913025,1.294,Comp0062,Web0004,6,14349,443,16,36,264,7733
316486.1662702566,0.407,Comp0079,DNS0002,17,47343,53,2,2,28,187
316487.6027834889,28.172,Web0003,DB0004,6,9304,3306,53,599,1763,10231
316510.96354585665,0.019,Web0002,DNS0001,17,14665,53,2,2,66,211
316526.2289910716,0.046,Comp0026,DNS0002,17,30738,53,2,3,65,281
316526.3581088984,1.008,Comp0014,Web0006,6,7796,443,5,29,198,51692
316528.1432083535,3.594,Comp0010,FS0001,6,56641,445,63,148,4629,3065
316528.4233875545,10.577,Comp0013,Web0002,6,29068,443,14,17,587,14942
316529.43166173116,0.077,Comp0067,DNS0001,17,56150,53,2,2,65,114
316531.8855359915,1.838,Comp0023,Web0004,6,54217,80,17,60,372,4075
316539.6457960653,5.675,Comp0077,Web0001,6,58848,443,14,27,1809,15001
316542.19361577387,5.031,Comp0014,DC0001,6,10246,445,21,92,1925,2098
316543.9645818805,13.322,Comp0011,Proxy0002,6,17135,3128,24,70,2898,2328
316550.39217245916,0.025,Comp0055,Proxy0001,6,60203,3128,5,121,3349,1045
316553.36062729586,4.688,Proxy0002,Ext0022,6,56909,443,16,16,826,11254
316559.0089782862,0.594,Comp0029,DNS0001,17,58403,53,3,2,33,114
316571.5942000627,0.475,Web0005,DNS0002,17,63596,53,3,3,28,64
316583.4921380237,3.883,Comp0061,Web0005,6,16654,443,4,84,487,3744
316591.02489951364,0.068,Comp0057,DNS0001,17,38195,53,2,3,39,130
316591.45107585844,4.165,Comp0078,Comp0025,6,43574,3389,9,15,555,69
316593.51185551024,3.186,Comp0042,Web0003,6,33391,443,10,57,584,9246
316594.4366572068,0.263,Comp0036,DNS0001,17,52985,53,3,3,50,421
316596.38622849964,0.248,Comp0045,Mail0001,6,52637,993,3,28,626,1258
316597.3830013744,0.008,Comp0055,DNS0001,17,19593,53,2,2,35,103
316601.01186902693,12.767,Comp0031,Web0001,6,55855,80,7,25,5501,3090
316604.96859239053,0.047,Comp0047,DNS0002,17,22863,53,2,3,52,287
316606.4295634858,2.186,Comp0031,Web0004,6,63053,80,5,47,2956,6519
316608.5182388877,1.886,Comp0076,Proxy0001,6,32779,3128,23,50,924,2078
316625.34703269624,0.181,Comp0044,DNS0002,17,47189,53,3,2,35,273
316626.5045711125,1.935,Comp0054,DC0001,6,65386,88,7,26,758,583
316630.74441933905,0.008,Comp0021,DNS0001,17,55011,53,2,3,72,87
316632.96932365844,0.475,Comp0040,DNS0002,17,54010,53,2,2,69,97
316635.7846960091,3.813,Comp0027,DC0002,6,11429,389,13,8,106,352
316640.1963355275,2.071,Proxy0001,Ext0028,6,19541,443,22,46,1780,7554
316642.5899867022,2.748,Comp0039,FS0001,6,12759,445,41,227,398,25459
316677.05399424484,7.463,Comp0012,Mail0002,6,53795,993,7,14,365,298
316683.171253743,0.152,Comp0039,DC0001,6,8484,88,6,4,1036,1808
316685.16060893284,0.703,Comp0054,Web0005,6,43506,443,29,54,847,37656
316693.3943411866,3.217,Comp0030,Proxy0002,6,27544,3128,29,174,1044,2516
316718.2478392365,0.279,Comp0058,DNS0001,17,44131,53,3,2,130,155
316723.82803597214,10.076,Comp0078,FS0003,6,6909,445,43,56,7259,7337
316727.70258973853,10.325,Comp0074,Web0001,6,46447,443,4,34,1728,3286
316729.2437687666,1.145,Comp0030,Web0001,6,35898,443,4,32,994,6864
316733.4144636296,2.508,Comp0042,Web0002,6,31622,443,6,11,459,25551
316738.9378017249,0.06,Comp0018,DNS0002,17,60139,53,2,2,102,218
316740.52014967985,4.239,Comp0002,FS0003,6,51780,445,7,57,159,8208
316751.395134232,22.642,Comp0061,FS0001,6,1078,445,32,81,3689,60985
316752.6846784998,1.288,Comp0025,Web0004,6,14749,443,11,85,983,7535
316753.5704998372,10.382,Comp0070,FS0002,6,17769,445,14,784,6314,9940
316757.8270484883,0.306,Comp0074,Web0004,6,6004,443,11,55,1600,10072
316759.7954593576,0.646,Comp0067,DNS0001,17,38555,53,2,3,107,115
316761.0629336822,0.066,Comp0055,DNS0002,17,31692,53,2,2,67,47
316761.97836212604,10.256,Comp0075,FS0002,6,5757,445,25,206,3144,13697
316766.0247265532,9.545,Comp0068,Proxy0002,6,15545,3128,13,16,5639,7619
316768.0558307089,0.059,Comp0014,DNS0001,17,27770,53,2,2,76,83
316769.98642168596,2.129,Comp0011,DB0001,6,31225,22,4,8,2333,550
316775.6438425778,0.906,Comp0043,Mail0001,6,45304,993,4,6,118,328
316781.5811231913,4.81,Proxy0002,Ext0031,6,24397,443,14,207,2068,16071
316781.6487346481,0.389,Comp0006,Comp0028,6,8131,135,7,8,440,22
316783.62922436564,0.061,Comp0023,DNS0002,17,6994,53,2,2,77,267
316793.535823656,7.132,Comp0061,Web0003,6,14835,443,5,61,358,3148
316806.29543965525,13.977,Comp0055,Proxy0001,6,35726,3128,34,19,1254,724
316829.1590546689,2.99,Comp0058,Web0006,6,32995,443,4,26,1694,3836
316832.0605733703,1.129,Comp0072,Proxy0002,6,14142,3128,9,97,3148,3800
316836.13633492467,9.402,Comp0080,Web0006,6,36232,80,17,30,513,10838
316842.62971580477,0.155,Comp0049,DNS0002,17,23425,53,2,3,63,287
316845.1185511936,11.895,Comp0017,FS0002,6,57231,445,11,93,2367,4782
316849.94874474464,2.556,Comp0065,DC0001,6,60779,88,2,9,469,913
316863.03225766955,0.295,Comp0049,DNS0002,17,17526,53,2,3,35,99
316872.0359257212,0.317,Comp0049,DNS0001,17,59582,53,2,3,58,123
316873.2224295683,0.061,Comp0018,DNS0002,17,17143,53,2,3,61,211
316909.0155710705,2.018,Comp0070,Web0002,6,42293,80,8,91,549,2918
316924.0865197432,6.098,Comp0042,DC0002,6,43459,389,13,5,1782,226
316936.9435814924,8.002,Proxy0002,Ext0031,6,56134,443,13,11,96,4699
316955.1968676302,25.082,Comp0039,FS0002,6,9589,445,22,76,5229,1240
316956.3744955082,1.249,Comp0045,Proxy0001,6,28429,3128,12,115,940,18808
316957.9188777448,12.046,Comp0078,Comp0006,6,46959,139,13,154,317,815
316959.9314179277,0.637,Comp0035,Mail0002,6,42812,587,5,7,136,199
316965.3525043615,14.596,Comp0059,FS0001,6,20202,445,41,44,3550,27620
317001.44061530294,6.887,Comp0053,DC0001,6,59954,445,48,19,1010,182315
317011.19974926417,2.588,Comp0073,Web0001,6,60901,80,9,28,242,11598
317025.059398302,0.039,Comp0080,DNS0001,17,13637,53,2,4,61,205
317035.1917876588,1.309,Comp0009,Web0005,6,26614,443,19,274,713,6838
317037.7492440137,0.021,Comp0058,DNS0002,17,8454,53,2,2,109,309
317047.27266794455,4.221,Web0003,DB0004,6,39720,3306,9,130,5563,2527
317054.28710758046,0.995,Comp0073,DNS0001,17,1299,53,2,3,76,168
317061.46494872717,0.41,Comp0049,DNS0001,17,34258,53,2,3,111,132
317064.4709024142,3.815,Comp0016,Web0001,6,12275,443,6,32,96,38965
317070.40997793624,1.307,Comp0080,Web0001,6,61317,80,25,38,259,7513
317098.5297785097,2.393,Web0003,DB0002,6,10747,3306,13,187,18249,19306
317100.01376883517,0.178,DB0004,DNS0002,17,50248,53,2,3,47,100
317106.4637591884,0.34,Comp0009,DNS0001,17,27296,53,3,2,71,201
317123.2846265207,15.173,Web0001,DB0003,6,57667,3306,8,66,2512,13165
317128.251063735,6.474,Comp0078,Comp0009,6,33016,135,4,12,125,13
317140.71248208586,1.485,Comp0063,Proxy0001,6,8227,3128,5,14,1490,8141
317145.12959370564,4.84,Comp0032,Mail0001,6,46629,587,3,13,532,2582
317149.4421976905,0.066,Comp0059,DNS0002,17,35054,53,3,3,64,244
317161.12472120905,1.146,Comp0028,Web0001,6,60397,443,16,14,1645,40902
317173.6339535978,0.122,Comp0012,DNS0001,17,1213,53,2,2,69,213
317175.47214302333,0.077,Comp0074,DNS0002,17,1864,53,2,2,35,95
317176.258223264,0.389,Proxy0001,Ext0006,6,32946,443,2,50,686,12173
317178.737954034,0.241,Comp0019,DNS0001,17,23585,53,2,2,85,180
317189.82621689397,7.097,Comp0056,DC0002,6,2587,88,3,13,566,714
317193.8869945374,4.041,Comp0080,Proxy0002,6,49658,3128,21,31,353,49755
317199.259741663,0.47,Proxy0001,Ext0027,6,15423,443,2,71,573,4410
317201.29866435233,6.169,Comp0079,FS0001,6,47576,445,52,57,1818,15220
317206.3970967949,2.907,Comp0046,DC0001,6,47125,389,6,18,542,685
317215.97886851436,3.908,Comp0077,Web0003,6,28122,443,5,13,486,2966
317217.95562297397,2.798,Comp0031,Proxy0002,6,17493,3128,7,64,206,4888
317219.41401646717,2.546,Comp0010,Web0005,6,42465,443,8,118,4210,4009
317228.6990435967,17.184,Comp0034,Proxy0001,6,12323,3128,12,22,438,5152
317230.64895242354,29.214,Comp0031,DC0002,6,22310,445,17,171,5755,5528
317236.3583015635,0.264,Comp0073,Web0002,6,39228,443,6,41,1477,14277
317236.6797228248,1.981,Comp0007,Proxy0002,6,52439,3128,5,67,752,25133
317245.68183178484,0.107,Comp0018,DNS0001,17,43573,53,3,2,63,287
317246.41819610423,1.199,Comp0037,Proxy0002,6,41033,3128,12,121,2322,3193
317246.8864802273,2.287,Comp0016,DC0002,6,61054,389,4,5,1080,417
317250.4952487673,23.364,Comp0056,DC0002,6,35914,445,12,116,6279,5289
317256.2454182891,0.014,Comp0054,DNS0002,17,20892,53,2,3,92,127
317257.05455174204,2.438,Comp0009,Web0002,6,26260,80,15,39,1083,1552
317259.8076752233,2.78,Mail0002,Ext0024,6,1310,25,4,4,685,501
317261.7277980393,2.548,Comp0020,Web0002,6,16911,443,3,57,585,2710
317271.5027108151,15.27,Comp0033,FS0002,6,39609,445,20,33,357,30188
317274.0456955267,2.402,Comp0064,Web0005,6,63430,443,7,94,3135,8699
317276.90891327144,0.318,Comp0040,DNS0002,17,24725,53,2,2,52,249
317283.6496008527,0.219,Comp0047,DNS0001,17,50945,53,3,3,74,215
317285.17710162594,0.067,Comp0059,DNS0001,17,33353,53,2,3,67,94
317294.43102113524,0.331,Comp0006,DNS0002,17,26771,53,2,2,55,237
317317.62186706567,4.334,Comp0045,Proxy0001,6,53962,3128,8,55,3676,49450
317321.3620784128,0.366,Comp0030,Proxy0001,6,60339,3128,6,30,431,1264
317324.30807652796,4.805,Comp0038,DC0001,6,20574,88,4,4,813,125
317328.83455504826,0.806,Comp0022,DNS0002,17,30320,53,2,2,49,366
317330.4287418889,7.019,Comp0059,DC0001,6,26400,389,4,6,245,1085
317334.5269855159,0.15,Comp0013,DNS0002,17,19693,53,2,2,64,162
317336.6673938556,0.185,Comp0007,DNS0001,17,24107,53,2,2,127,101
317337.24710242916,0.229,Comp0078,DNS0001,17,48392,53,2,2,42,265
317352.1307710586,1.043,Comp0048,Proxy0001,6,25192,3128,7,65,254,15337
317352.9831344311,15.021,Comp0026,Proxy0002,6,15062,3128,5,245,598,46913
317366.42884873727,3.626,Comp0019,Web0004,6,61562,80,19,102,1414,7844
317378.9929503034,0.869,Comp0078,Web0006,6,39057,443,18,43,285,35238
317388.8648161413,0.488,Comp0016,Web0005,6,12938,80,24,13,1329,29148
317394.71700972115,0.208,Comp0059,DNS0001,17,21951,53,3,2,65,132
317395.05700397945,6.268,Comp0067,FS0003,6,32229,445,6,195,639,28575
317417.9677396802,0.689,Comp0024,Proxy0001,6,5106,3128,5,38,4096,23808
317419.08024228684,0.489,Comp0003,Web0005,6,45895,80,8,11,2084,2703
317419.21078741923,2.981,Comp0002,FS0002,6,33405,445,63,393,3732,102443
317441.1783330549,1.927,Comp0001,DC0001,6,65208,389,7,7,606,725
317447.8874697577,0.034,Comp0051,DNS0001,17,7065,53,2,3,65,207
317459.80989884614,0.154,Comp0003,DNS0001,17,39037,53,2,2,108,221
317462.20899751055,0.057,Comp0072,DNS0002,17,18159,53,3,2,54,204
317462.2793893571,0.145,Comp0025,DNS0002,17,56646,53,2,2,56,196
317465.6538853903,4.745,Comp0075,Web0006,6,49447,443,23,28,3823,29893
317468.4847548266,1.129,Comp0018,DC0002,6,20309,88,11,4,464,151
317472.1832565585,0.574,Comp0042,Web0006,6,2336,443,16,100,1016,2365
317477.606860964,0.121,Comp0054,DNS0001,17,56333,53,3,3,61,135
317480.5653541449,4.203,Comp0048,FS0003,6,4012,445,9,57,718,21247
317483.82496370137,7.656,Comp0075,Proxy0002,6,1550,3128,14,81,4329,20973
317486.23332646984,1.642,Comp0015,Web0006,6,54515,80,9,37,521,5587
317496.9283984022,1.346,Comp0077,Web0002,6,32985,443,6,40,1373,1516
317500.9391871142,0.959,Comp0067,Web0003,6,64686,443,10,70,800,2492
317502.8528587768,4.362,Comp0078,Proxy0001,6,8886,3128,6,275,813,5043
317514.3801480921,0.133,Comp0079,DNS0002,17,34872,53,3,3,47,152
317527.37418209657,0.517,Comp0047,DNS0002,17,25891,53,2,3,50,292
317527.869348936,7.708,Comp0062,Web0002,6,50625,443,11,280,255,3409
317528.19464030064,1.515,Comp0015,Proxy0002,6,33579,3128,6,56,329,22505
317528.44734552177,0.047,Comp0029,DNS0002,17,20127,53,2,3,83,453
317528.72040681756,8.04,Proxy0002,Ext0014,6,63000,443,8,45,630,19085
317536.4890424751,7.294,Comp0034,Web0003,6,61465,443,5,21,555,17377
317543.0317262821,4.056,Comp0017,FS0002,6,20634,445,19,148,3627,14182
317545.13470611797,4.209,Comp0008,Web0003,6,53973,80,6,140,2169,2809
317548.4794463122,2.474,Comp0009,Proxy0001,6,48123,3128,4,18,867,948
317552.3363176861,0.189,Comp0052,DNS0001,17,3527,53,3,2,38,146
317567.5975058188,10.669,Comp0055,FS0001,6,7237,445,8,43,2392,39086
317569.21211624827,6.969,Comp0056,DC0001,6,34170,445,28,46,110,2971
317576.7819821467,6.305,Comp0010,Web0002,6,9703,443,17,52,1216,15042
317589.80722077255,0.126,Comp0023,Proxy0001,6,54022,3128,7,63,349,15622
317600.19093026017,0.8,Comp0053,DC0002,6,23870,88,5,5,488,1835
317602.3094872565,18.916,Comp0017,Web0002,6,13068,443,8,93,701,4484
317610.4954277451,0.502,Comp0073,Web0003,6,35203,443,2,32,773,3446
317614.5699184732,1.938,Proxy0002,Ext0023,6,30173,443,20,67,1495,487
317623.7303726172,9.697,Comp0008,Web0002,6,54735,443,4,25,2092,5717
317632.5258408186,15.072,Comp0017,FS0002,6,41794,445,13,124,526,31112
317650.73649514397,5.131,Comp0053,Web0002,6,40874,443,12,65,718,2971
317653.39703334833,15.913,Comp0003,Proxy0001,6,12127,3128,24,32,262,35654
317656.1531889116,0.331,Comp0013,FS0003,6,33895,445,8,146,8361,9634
317667.04170485714,1.729,Comp0061,Web0002,6,14955,443,11,23,1051,27565
317667.6735210417,0.222,Comp0038,DNS0001,17,25059,53,3,3,126,109
317681.9904524821,4.894,Comp0043,Proxy0001,6,34173,3128,31,32,96,15020
317684.98049843026,6.182,Comp0009,Proxy0002,6,64329,3128,11,116,8508,14821
317693.4349286372,0.805,Comp0034,Comp0011,6,41880,3389,6,7,607,340
317703.33194868796,2.974,Comp0073,Web0005,6,10701,80,7,35,1514,2789
317706.44265678443,0.478,Comp0022,DNS0002,17,38227,53,3,2,94,246
317712.04383346264,0.03,Comp0074,DNS0002,17,46721,53,2,3,57,142
317714.69489003177,0.754,Comp0062,DC0001,6,15020,88,10,8,604,369
317718.73323814373,18.061,Comp0032,Web0001,6,52116,80,10,32,274,114926
317720.96329421626,12.5,Comp0008,DC0001,6,63650,445,14,175,153,6590
317721.3157652432,1.075,Proxy0002,Ext0011,6,4006,80,10,13,1268,607
317746.0377315086,8.985,Comp0074,Web0006,6,34377,443,9,38,667,2730
317746.1174271101,0.17,Comp0006,DNS0002,17,38227,53,2,2,87,99
317755.4095446851,13.386,Comp0028,DC0001,6,61207,445,19,69,6394,112924
317755.5611816124,0.416,Comp0031,DC0001,6,57744,88,18,10,325,921
317760.54793328827,5.142,Comp0057,FS0001,6,24646,445,10,53,2895,6573
317770.9233497413,0.134,Comp0016,DNS0001,17,27525,53,3,2,58,124
317773.61704792327,0.984,Comp0041,Mail0002,6,47751,993,6,4,377,839
317774.62028933346,11.775,Comp0005,Proxy0002,6,52803,3128,9,30,578,8497
317805.4498972985,0.066,Comp0066,DNS0001,17,61842,53,2,3,83,92
317818.9460866925,0.191,Comp0011,DB0001,6,8342,22,5,6,986,937
317822.1690853975,0.377,Comp0059,DNS0002,17,37441,53,2,3,112,70
317830.6682288749,9.992,Comp0061,FS0003,6,25936,445,13,70,268,7624
317831.09969610313,12.075,Comp0057,Web0002,6,28185,443,17,70,226,19028
317832.97240500926,0.039,Comp0038,DNS0002,17,14385,53,4,2,72,68
317836.1056496836,2.708,Proxy0002,Ext0008,6,15996,443,6,49,527,30313
317864.4449147126,0.204,Comp0036,Web0006,6,36318,443,27,52,359,6588
317864.53019533335,0.241,Comp0064,Mail0001,6,43822,587,8,8,474,689
317873.01480214903,2.708,Comp0028,Proxy0001,6,56017,3128,12,113,343,9147
317874.88960001315,8.443,Comp0053,DC0001,6,21296,445,17,303,1016,2402
317877.2212231853,6.945,Comp0064,Mail0002,6,45184,993,2,11,158,1812
317881.7983965825,2.444,Comp0065,Web0002,6,61761,443,10,73,1317,4290
317890.0578041467,0.007,Comp0010,DNS0001,17,32645,53,2,3,71,199
317891.07460061583,0.42,Proxy0002,DNS0002,17,43398,53,2,4,130,160
317893.7180103288,13.19,Comp0059,FS0001,6,51016,445,6,15,1953,2816
317895.1956124346,49.464,Comp0078,Comp0032,6,21052,139,11,53,2849,244
317896.0309249805,0.804,Comp0073,DC0002,6,60190,389,4,10,236,477
317896.97973193356,0.088,Comp0008,DNS0002,17,42361,53,2,2,81,111
317905.8322187974,0.914,Proxy0002,Ext0002,6,25486,443,29,29,7097,1972
317908.4422268653,0.045,Comp0027,DNS0001,17,46731,53,2,2,31,181
317909.82028083643,2.185,Comp0078,Comp0037,6,23790,445,38,92,1407,176
317911.1325919378,44.874,Web0004,DB0004,6,59673,3306,27,81,1407,366747
317915.08669114765,29.984,Comp0052,FS0001,6,28408,445,19,108,10440,15402
317923.3031086643,0.802,Comp0006,Proxy0001,6,46462,3128,7,21,619,3335
317928.1846007806,4.241,Comp0008,DC0001,6,1428,389,6,8,578,1130
317932.58426241844,0.285,Comp0032,DNS0001,17,53369,53,3,2,60,212
317935.6712155003,3.409,Comp0013,FS0001,6,7083,445,34,91,2340,72749
317935.7791140643,0.648,Comp0057,Web0006,6,54664,443,7,12,10241,8118
317941.374304427,0.235,Comp0034,DNS0001,17,11830,53,2,2,50,179
317955.1957294644,0.985,Comp0005,DC0001,6,8490,88,10,5,551,248
317956.34670114244,4.094,Comp0031,Proxy0002,6,64373,3128,10,95,273,18063
317977.1161490972,1.09,Comp0072,DC0001,6,24785,88,3,6,207,1511
317983.7299590737,0.887,Comp0046,DC0002,6,18904,88,4,11,573,1680
317991.0768253568,0.319,Web0002,DB0004,6,33677,3306,17,50,3930,32699
318012.8913322891,0.061,Comp0051,DNS0001,17,64786,53,2,2,72,83
318016.13120405836,0.169,Comp0073,DNS0001,17,64556,53,2,2,22,90
318018.3422121421,2.348,Comp0036,Proxy0002,6,40008,3128,9,45,435,2570
318023.95163127396,0.842,Comp0016,Mail0002,6,47221,587,6,6,1996,519
318025.30646365666,4.73,Comp0053,DC0002,6,11486,389,5,15,824,3284
318031.1466887274,0.734,Comp0046,DC0002,6,57504,88,15,22,1335,705
318031.98328991805,9.684,Comp0060,Mail0002,6,47074,993,8,12,293,497
318037.5886572177,5.205,Comp0023,Web0002,6,33042,443,9,145,4294,2410
318042.6490081861,0.677,Comp0015,Mail0002,6,19466,993,3,19,343,52
318050.0968954223,10.645,Comp0038,FS0002,6,57602,445,18,29,3362,8339
318050.3347609196,0.363,Comp0034,DNS0002,17,4850,53,2,2,64,216
318053.0722251358,2.356,Comp0015,DC0001,6,43523,389,7,10,1676,737
318070.7240955897,7.086,Comp0028,Web0005,6,57537,443,7,17,796,21252
318073.77881450846,0.071,Proxy0002,DNS0002,17,36782,53,2,2,95,326
318080.2082670195,11.995,Comp0065,FS0003,6,43862,445,79,627,477,1951
318080.7264619344,4.436,Comp0078,Comp0048,6,55406,445,17,38,429,89
318083.15256549587,0.026,Comp0042,DNS0001,17,44123,53,2,2,69,110
318085.94213525875,16.358,Comp0080,FS0002,6,50888,445,11,158,1725,11342
318089.1280384237,1.512,Web0001,DC0002,6,14355,389,11,23,324,1573
318097.31248328916,3.233,Comp0028,Web0002,6,57372,443,9,35,185,3717
318105.4645223084,0.095,Comp0021,DNS0001,17,5337,53,2,3,32,67
318114.27170379186,9.2,Comp0076,Web0003,6,34655,443,8,6,197,7352
318123.428030965,3.768,Comp0025,FS0003,6,5419,445,35,71,623,8236
318132.5357120499,4.74,Comp0078,FS0003,6,39728,135,2,6,737,69
318146.4344993898,1.291,Comp0068,Web0005,6,33639,443,19,24,918,53953
318157.1349384447,1.395,Comp0002,DC0001,6,50891,389,5,8,592,528
318160.65793404874,0.116,Comp0071,Web0002,6,42599,80,13,28,206,7819
318170.3368383418,0.104,Comp0019,DNS0002,17,23987,53,2,3,83,178
318171.737927542,0.117,Comp0036,DNS0002,17,46795,53,2,3,65,146
318177.09415215836,2.158,Comp0006,Web0003,6,8628,443,11,10,459,16212
318182.10154073115,1.379,Comp0049,Mail0001,6,18366,587,10,8,643,1007
318190.25785830064,7.052,Comp0069,Web0005,6,20747,80,28,119,561,27282
318192.48519828264,1.036,Comp0001,Proxy0002,6,48008,3128,24,110,794,1319
318199.8376349968,2.396,Comp0052,DC0001,6,27724,88,10,5,558,270
318209.5299076597,2.861,Comp0040,FS0002,6,10166,445,6,122,12769,8282
318219.4279056597,2.075,Comp0026,Web0002,6,29765,443,5,46,1579,3332
318239.58534206747,3.151,Comp0016,Web0004,6,40288,443,11,62,279,2280
318244.0388546141,3.07,Comp0023,Web0001,6,47457,443,10,18,812,5758
318247.34412471246,3.852,Comp0075,Proxy0002,6,41711,3128,4,58,572,10879
318255.54127377167,1.173,Comp0060,Web0003,6,58581,443,6,214,212,9573
318261.44895530347,4.928,Comp0019,FS0001,6,3570,445,47,90,4601,8416
318280.43166764855,6.1,Comp0052,Mail0001,6,30440,587,3,4,362,473
318298.7927487528,4.775,Comp0005,Mail0001,6,25818,993,5,14,50,554
318303.64788311406,6.563,Comp0016,DC0001,6,7000,88,9,5,746,1344
318308.0029772594,18.45,Comp0039,Proxy0001,6,62998,3128,10,31,297,9411
318308.7879006692,0.177,Comp0059,Web0003,6,39935,443,8,11,825,7577
318310.1799166358,1.667,Comp0024,Proxy0001,6,15134,3128,16,12,374,10004
318331.52660142136,15.808,Comp0057,DC0001,6,61572,445,12,64,6030,28981
318342.8813890786,0.004,Comp0041,DNS0002,17,14699,53,2,3,38,290
318344.008974625,0.597,Comp0034,FS0003,6,12177,445,15,47,7112,73889
318345.411594352,73.755,Comp0015,FS0003,6,33283,445,7,165,992,29151
318351.3735253745,0.321,Comp0041,Proxy0002,6,28526,3128,7,13,336,2771
318351.5107159177,1.769,Proxy0001,Ext0000,6,52327,80,7,16,121,2031
318352.31702467287,0.033,Comp0055,DNS0001,17,45296,53,2,2,67,339
318358.38386692153,1.444,Proxy0001,Ext0012,6,57914,443,16,10,5424,5101
318366.0928666782,7.121,Web0003,DB0002,6,27248,5432,28,140,1619,69187
318373.14639333595,4.978,Comp0040,Proxy0001,6,41504,3128,7,35,280,37817
318386.46191404725,0.074,Comp0024,DNS0001,17,18064,53,3,2,52,147
318390.26362834667,6.118,Comp0062,DC0001,6,51973,445,32,105,4628,7021
318390.3066873515,11.694,Comp0015,Proxy0001,6,41044,3128,8,29,1396,1379
318391.5369515187,0.125,Comp0049,DNS0002,17,43401,53,3,3,46,375
318393.6642977712,3.642,Comp0078,Comp0032,6,28328,3389,7,7,415,14
318397.64758371905,19.965,Comp0003,Web0005,6,63341,443,11,34,318,9712
318399.63641705253,0.198,Comp0069,Web0005,6,58063,80,6,23,1393,4845
318410.9415508786,0.381,Comp0071,DC0002,6,18749,88,4,5,476,903
318412.4684409796,0.084,Comp0023,DNS0002,17,44075,53,4,3,95,120
318423.118578982,0.188,Comp0033,DNS0002,17,26411,53,2,2,52,92
318440.6668722658,3.973,Web0006,DB0002,6,22868,3306,19,58,16306,65503
318442.8189643455,0.298,Comp0051,DNS0002,17,59442,53,3,3,71,42
318447.21210981783,6.398,Comp0026,FS0002,6,60943,445,8,85,897,8063
318457.4131139648,8.18,Comp0054,Web0004,6,3540,443,5,32,203,15663
318459.2997064868,0.101,Comp0006,DNS0001,17,32899,53,2,3,87,182
318467.1955562986,0.156,Comp0067,Proxy0001,6,29824,3128,12,64,3804,6611
318498.76934282016,0.05,Comp0034,DNS0002,17,55072,53,3,3,45,181
318502.2218042127,7.262,Comp0078,FS0002,6,35186,445,23,206,867,7638
318509.07738616853,0.162,DC0001,DNS0001,17,9837,53,2,3,25,193
318523.24470180843,13.386,Comp0067,Proxy0002,6,54424,3128,5,50,477,10166
318525.0486343807,12.203,Comp0057,Web0001,6,23625,80,12,16,76,1612
318539.8728887496,1.894,Comp0003,Web0004,6,47445,443,15,38,3422,12835
318545.471132446,0.01,Comp0072,DNS0001,17,22148,53,3,4,41,211
318549.7208306484,1.285,Comp0058,Proxy0001,6,28113,3128,3,37,476,18153
318559.45927133475,9.552,Comp0078,DC0001,6,3276,445,46,31,816,610
318567.98890211055,0.036,Comp0040,DNS0002,17,64330,53,2,4,116,112
318575.5178852598,0.66,Comp0040,Proxy0001,6,4615,3128,9,25,196,6097
318577.2813739028,1.357,Comp0029,Proxy0002,6,32732,3128,10,22,344,22700
318577.3680957141,0.11,Comp0017,DNS0002,17,53108,53,2,2,60,238
318587.98785338254,2.568,Comp0015,Web0005,6,37880,80,8,59,1049,6157
318599.8053197995,0.021,Comp0072,DNS0001,17,64907,53,2,3,34,219
318610.4158587622,3.151,Comp0008,Web0001,6,22881,443,37,31,2249,5409
318611.1596122809,3.891,Comp0019,Web0004,6,17287,443,7,22,485,3065
318611.8093043921,0.106,Comp0033,Proxy0001,6,62429,3128,5,35,104,4523
318613.2050988548,2.435,Web0005,DB0001,6,60910,3306,16,386,1154,11765
318658.4040443471,3.249,Comp0010,Mail0001,6,22589,993,5,8,906,257
318667.2386511187,8.407,Comp0068,Web0004,6,62218,443,5,66,1894,1081
318680.2134300895,0.051,Comp0050,DNS0001,17,37229,53,3,2,67,145
318681.3814722269,4.255,Comp0006,Proxy0001,6,19110,3128,21,134,912,9122
318684.63421998505,8.456,Comp0052,Web0006,6,36613,443,10,35,4985,18981
318692.28832197783,0.09,Comp0034,Web0004,6,36348,443,4,21,1619,5331
318694.6135858272,4.829,Comp0004,FS0003,6,5635,445,7,149,1047,94083
318695.00535833306,1.319,Comp0026,Proxy0001,6,11317,3128,7,66,601,4998
318700.19826176495,0.501,Comp0064,DNS0002,17,18987,53,2,2,47,88
318716.34037940204,0.855,Comp0014,Proxy0002,6,30742,3128,3,28,687,15681
318738.0611635781,4.671,Comp0048,FS0003,6,35231,445,14,37,915,32502
318740.61320351495,5.991,Comp0012,Web0005,6,19532,80,8,10,2402,9248
318753.02265479666,5.048,Comp0069,DC0002,6,61500,88,4,24,940,1486
318770.68078213814,15.153,Comp0013,Proxy0001,6,47415,3128,19,33,196,1953
318785.0500936674,0.727,Comp0019,Web0006,6,60583,80,27,10,1206,77335
318791.62380582764,8.22,Comp0015,Web0005,6,8051,443,12,9,348,4250
318795.7985419665,4.237,Comp0077,Web0003,6,11410,443,56,27,1045,2878
318799.8463259988,14.73,Comp0005,Web0005,6,21456,443,10,80,626,1412
318807.65633271413,0.647,Comp0053,Mail0001,6,1235,993,5,9,92,608
318821.4160352491,0.1,Comp0050,DNS0002,17,23671,53,2,3,79,159
318834.92552671675,12.388,Comp0022,Proxy0001,6,44674,3128,14,21,306,15534
318840.6489742376,4.241,Comp0067,DC0002,6,34015,389,5,24,141,115
318843.24737567094,0.926,Comp0012,Mail0002,6,63077,993,4,6,711,873
318847.51118925645,36.953,Comp0071,DC0001,6,9705,445,9,64,6065,8213
318847.9179019183,0.118,Comp0051,DNS0002,17,28161,53,2,2,97,152
318850.84364709986,0.64,Comp0002,DC0001,6,37773,389,5,11,569,940
318853.20095056324,0.046,Comp0042,DC0001,6,48998,88,7,13,383,301
318856.3296841763,0.009,Comp0013,DNS0001,17,8973,53,3,3,38,40
318857.3728418059,1.4,Comp0058,Web0004,6,65101,443,15,27,521,15623
318862.6538412344,8.243,Comp0050,Web0005,6,15530,443,11,10,1033,9632
318867.6461147692,0.452,Comp0023,DC0001,6,30191,389,9,5,1433,688
318869.7736218636,0.509,Comp0014,DC0001,6,30608,445,56,78,667,19346
318873.6714700362,2.894,Proxy0001,Ext0036,6,4582,443,5,16,350,3820
318875.36980068457,0.103,Comp0027,DNS0002,17,26479,53,2,2,105,230
318903.5556640734,3.765,Comp0036,FS0003,6,50655,445,58,114,1484,3827
318907.058440415,6.049,Web0005,DB0003,6,18053,3306,29,735,3198,39038
318913.5988942064,0.096,Comp0021,DNS0002,17,18895,53,2,2,90,411
318923.07184609136,5.29,Comp0039,FS0002,6,22668,445,9,70,127,3593
318926.6825766849,10.342,Comp0020,Proxy0002,6,29534,3128,6,102,542,5071
318934.283582781,0.305,Comp0078,DNS0001,17,36130,53,2,3,70,71
318938.1743015529,0.022,Comp0048,DNS0002,17,11809,53,2,3,46,194
318947.2201623824,0.72,Comp0001,DC0001,6,4387,88,7,15,242,467
318950.63851100433,0.676,Proxy0002,Ext0021,6,25490,443,11,11,566,2332
318961.8695337927,21.586,Comp0041,FS0003,6,23659,445,20,71,1259,10355
318962.1013061083,12.067,Comp0068,Proxy0001,6,46214,3128,17,15,82,5804
318963.1064042819,5.033,Comp0042,Proxy0002,6,3425,3128,5,27,378,6836
318976.4775702537,0.088,Comp0062,DC0002,6,38850,389,4,3,332,1558
318978.9379132846,0.047,Comp0046,DNS0001,17,18419,53,2,2,100,99
318979.79823271633,7.343,Comp0004,Web0005,6,35097,443,13,78,266,21602
318983.79958439,0.291,Comp0021,DNS0002,17,7420,53,3,3,59,133
318992.8849616852,14.955,Comp0010,Proxy0002,6,19286,3128,14,46,263,12386
318994.97105093196,2.245,Comp0042,Mail0002,6,8470,993,2,4,110,461
318998.7101103141,0.357,Comp0069,Mail0001,6,7011,993,4,3,267,1364
318998.7777426367,0.012,Comp0013,DNS0001,17,57430,53,2,2,79,59
319013.3412297464,5.542,Comp0044,Proxy0002,6,5411,3128,14,130,1477,14030
319017.75702029245,0.324,Comp0067,Proxy0002,6,32550,3128,9,42,1550,22010
319019.67557774304,0.382,Comp0019,DNS0001,17,12265,53,2,3,76,114
319028.3205955643,0.203,Comp0030,Proxy0001,6,24918,3128,26,40,403,1575
319037.3531954028,3.239,Comp0023,Web0003,6,59573,443,26,293,273,4613
319038.08434907586,0.167,Comp0080,DNS0001,17,44248,53,2,2,53,213
319040.375593475,9.595,Comp0049,Web0004,6,28440,443,27,30,304,2027
319044.8124488002,3.156,Comp0026,Web0001,6,18835,443,7,44,494,10523
319047.84030505735,6.917,Comp0033,FS0001,6,7751,445,33,165,3391,3111
319053.80701466464,3.726,Comp0007,Proxy0002,6,25313,3128,7,34,481,21363
319054.36018140963,0.013,Comp0077,DNS0001,17,34343,53,2,3,64,175
319069.1594650265,0.196,Comp0039,DNS0001,17,22021,53,2,3,54,178
319095.6758758453,10.505,Comp0056,DC0002,6,2265,88,8,7,147,505
319119.45295631734,4.068,Proxy0001,Ext0035,6,10380,443,3,25,730,2319
319125.08997069945,3.188,Comp0013,Proxy0001,6,14676,3128,5,49,211,6291
319126.1693474046,16.401,Comp0068,Proxy0001,6,17187,3128,9,48,273,17750
319130.5161658154,8.231,Comp0055,Proxy0001,6,26753,3128,5,25,81,11556
319142.5530879816,0.189,Comp0065,DNS0002,17,2033,53,2,3,126,88
319143.9221698393,16.492,Proxy0002,Ext0026,6,19265,443,4,22,911,6221
319144.3848660648,5.771,Comp0002,Web0005,6,4961,80,14,28,203,1397
319146.14085028344,1.215,Comp0052,DC0002,6,43693,88,4,9,229,375
319159.21829039586,1.467,Comp0045,Proxy0001,6,21437,3128,3,9,226,18806
319177.0044687324,2.964,Comp0013,FS0001,6,59990,445,21,28,4278,17425
319177.75792310486,5.917,Proxy0002,Ext0016,6,12093,443,6,45,2157,934
319179.00843868894,6.215,Comp0019,Web0005,6,11719,80,2,44,460,5004
319205.2927348818,8.993,Comp0011,Web0005,6,58671,443,11,59,552,11736
319229.5202658492,1.181,Comp0064,Web0004,6,9650,443,25,43,475,8491
319235.9008000798,0.551,Comp0070,Web0005,6,65127,443,3,35,1352,27637
319247.2234839459,5.73,Comp0005,Proxy0001,6,38703,3128,9,55,844,5727
319266.5835225657,1.675,Comp0001,Web0003,6,44593,443,10,11,457,6848
319269.0232005571,1.571,Comp0079,Web0001,6,8102,443,27,28,646,6823
319276.5953248847,0.02,Web0004,DNS0002,17,48265,53,2,2,43,129
319281.27415855776,7.173,Web0002,DB0004,6,7725,5432,22,103,3332,20370
319286.7955375426,16.847,Comp0078,Comp0075,6,8229,139,23,319,2015,1264
319304.0394963221,0.461,Comp0045,Web0002,6,33783,443,18,71,1438,38517
319313.28622294177,11.959,Comp0023,Proxy0001,6,34634,3128,3,18,477,11454
319319.4951861659,12.64,Comp0049,Web0006,6,48443,443,9,84,262,4163
319324.34925461386,0.162,Web0001,DNS0001,17,57274,53,2,2,141,92
319334.1463454487,0.324,Comp0070,Proxy0002,6,35912,3128,8,50,106,2262
319335.00013871107,4.375,Comp0049,Mail0001,6,37236,587,11,4,571,306
319337.83526149334,0.889,Comp0022,Mail0001,6,48576,993,8,4,351,595
319358.64637613064,2.246,Comp0040,Web0006,6,21793,443,5,68,1987,3628
319360.01314069924,1.075,Comp0046,Web0001,6,6054,443,4,64,463,12424
319363.05038439686,0.061,Comp0034,DNS0001,17,54177,53,2,2,77,50
319369.7380252227,0.211,Comp0080,Web0005,6,12436,443,9,181,969,5633
319374.964959122,15.299,Comp0041,Web0005,6,36462,443,13,56,1528,602
319375.02378986124,15.59,Comp0062,Web0005,6,14632,443,7,52,90,16869
319379.47757986473,0.308,Comp0068,DNS0001,17,52237,53,3,2,65,42
319391.4641102364,4.451,Comp0014,Mail0002,6,31579,993,7,12,441,1246
319392.184986712,0.344,Comp0052,DNS0002,17,41272,53,3,3,65,210
319394.1258310371,0.177,Comp0024,Mail0001,6,61008,993,4,13,222,677
319397.69890234363,1.613,Comp0032,Web0002,6,62182,443,5,33,481,6078
319403.09001343907,4.209,Comp0076,Mail0002,6,46661,993,4,4,441,871
319427.54308216844,0.013,Comp0001,DNS0001,17,31366,53,3,2,60,151
319447.0115664701,0.291,Web0005,DNS0002,17,9580,53,2,3,63,172
319449.50975729193,12.865,Proxy0002,Ext0038,6,34314,80,10,37,706,10127
319450.02074322134,4.118,Comp0048,DC0002,6,10684,88,7,7,240,354
319453.266471097,0.514,Comp0042,DNS0001,17,50540,53,2,3,50,136
319457.8423835805,1.177,Proxy0002,Ext0016,6,29465,443,20,42,683,3978
319458.14041885134,3.384,Comp0016,Web0004,6,8245,443,13,14,541,3130
319460.7250259312,6.284,Comp0052,Web0006,6,11765,80,10,54,821,3080
319460.9698688202,0.713,Comp0002,DNS0002,17,45200,53,3,2,49,213
319475.40101627377,10.954,Comp0075,Proxy0002,6,23973,3128,13,76,1062,7589
319475.9047382374,0.029,Web0001,DNS0002,17,24878,53,2,2,103,220
319504.3300793267,20.237,Comp0047,Web0003,6,23169,443,8,10,616,1906
319504.46743503376,2.328,Comp0068,Web0003,6,55972,443,8,87,745,22342
319510.43581422296,7.08,Comp0038,Mail0001,6,25347,993,10,6,583,1373
319510.59118195483,1.064,Comp0015,Proxy0002,6,29001,3128,12,18,717,41572
319514.5623728246,0.05,Comp0071,DNS0002,17,33694,53,2,2,94,112
319530.3848970623,2.647,Comp0074,Web0006,6,6738,80,8,85,482,2741
319535.5906461388,0.088,Comp0039,DNS0002,17,14704,53,3,2,65,278
319536.4539340711,0.318,Comp0009,DC0002,6,64842,88,4,7,624,516
319541.1214620026,3.465,Comp0056,DC0002,6,4577,445,7,765,3946,2494
319541.9005020465,7.267,Comp0064,Web0004,6,53156,443,10,12,1266,34350
319542.0703304337,0.267,Comp0031,DNS0002,17,16452,53,2,3,55,121
319545.36538033286,1.509,Proxy0001,Ext0034,6,33354,80,8,9,1108,2623
319552.3767671606,0.854,Comp0066,Proxy0002,6,57346,3128,7,11,668,18602
319552.6148328793,0.371,Comp0023,DNS0001,17,15304,53,2,3,41,66
319565.60346195544,3.609,Comp0007,Mail0001,6,50743,993,5,8,133,1707
319588.6054022403,19.708,Comp0029,FS0002,6,13854,445,11,66,8728,130975
319589.27486484416,12.204,Comp0026,FS0002,6,18754,445,5,246,1025,5210
319592.3332552693,0.451,Comp0022,DNS0001,17,34807,53,2,2,71,209
319599.14651220234,9.026,Comp0013,Web0003,6,24034,443,5,78,433,3405
319607.47300104704,0.099,Comp0046,DNS0002,17,53634,53,2,2,71,191
319628.28298312664,10.991,Comp0028,DC0002,6,50733,389,4,8,637,805
319644.96721193707,0.159,Comp0066,DNS0002,17,45437,53,2,2,64,283
319646.76281823346,0.209,Comp0068,DNS0002,17,53909,53,2,2,123,183
319653.9094368537,4.553,Comp0006,Comp0074,6,48759,135,9,8,401,25
319659.1400103824,0.034,Comp0032,DNS0001,17,30148,53,2,3,49,107
319660.9031175749,2.336,Comp0038,Mail0001,6,57046,993,13,4,794,444
319661.3048710134,2.361,Comp0013,Web0001,6,31534,443,5,75,697,3119
319677.31178932195,0.054,Comp0047,DNS0002,17,5461,53,2,3,84,89
319704.10456190363,4.319,Comp0025,DC0002,6,61587,88,6,4,781,1743
319709.4038267417,5.307,Comp0005,DC0002,6,11944,445,55,182,1265,11912
319725.0594789685,1.55,Comp0070,FS0003,6,28993,445,114,93,444,34866
319745.74429124116,4.918,Comp0013,Web0006,6,5643,443,5,49,231,18528
319748.069241253,10.266,Comp0028,Proxy0002,6,40377,3128,6,9,272,4252
319749.2722948576,0.411,Comp0020,Proxy0002,6,12399,3128,21,24,740,13965
319750.8258777061,0.182,Comp0071,DNS0002,17,25541,53,3,2,102,45
319751.5014483998,0.434,Comp0076,Web0005,6,56687,443,6,30,626,1128
319754.9188936769,2.153,Comp0001,Web0001,6,59159,443,6,20,737,11662
319790.1740752208,0.743,Comp0059,Web0004,6,24818,443,5,15,977,21945
319797.46010016504,1.761,Comp0036,Web0002,6,13596,443,18,7,99,9898
319810.43968342314,14.921,Comp0029,FS0001,6,37847,445,35,141,1530,204247
319825.360576513,1.662,Comp0070,DC0002,6,23622,88,6,9,465,419
319827.6691224568,2.152,Proxy0002,Ext0011,6,64771,80,13,213,101,5458
319857.72826399305,0.115,Comp0050,DNS0002,17,32719,53,4,2,32,59
319865.3284993895,1.146,Comp0028,Web0002,6,49548,80,20,12,832,1791
319866.77111141,0.028,Comp0001,DNS0001,17,24732,53,2,3,47,66
319874.7252883188,0.204,Comp0048,Mail0001,6,65031,993,7,4,1079,364
319877.966110962,5.215,Comp0008,FS0001,6,54176,445,19,57,351,8655
319878.6062755758,0.497,Comp0075,DNS0001,17,3647,53,2,3,42,54
319892.9213918614,9.169,Comp0037,Web0006,6,57865,443,8,27,1363,29377
319893.4542287853,2.503,Comp0044,Mail0002,6,9004,993,6,13,430,3059
319901.74974942335,4.489,Proxy0001,Ext0000,6,5815,80,9,33,378,13915
319917.50556730514,0.004,Comp0071,DNS0001,17,13982,53,2,3,69,79
319926.23727221374,2.342,Web0004,DB0004,6,8099,3306,66,60,3640,7978
319927.98367704195,12.719,Comp0079,FS0003,6,41440,445,22,96,303,28960
319940.98590026033,0.536,Comp0044,DC0002,6,1777,389,17,4,645,640
319952.63861814747,14.817,Comp0013,Web0006,6,8245,443,9,56,588,839
319966.5692196381,10.074,Comp0079,Web0005,6,61825,80,12,21,1751,1630
319967.4181687631,0.002,Comp0063,DNS0002,17,30931,53,3,2,101,124
319970.11023553094,0.182,Comp0047,Mail0001,6,42683,993,12,7,162,678
319971.60274404834,0.083,Comp0066,DNS0002,17,30777,53,3,3,97,106
319972.75570737006,0.321,Comp0022,DNS0001,17,61611,53,2,3,88,57
319993.38308254926,1.596,Comp0053,FS0002,6,11542,445,32,16,262,21428
320004.7503672385,3.348,Comp0064,Web0001,6,46513,443,8,43,195,2568
320022.6076585568,2.71,Comp0032,Web0002,6,13334,443,5,32,271,9630
320024.4629492226,2.58,Comp0047,Mail0001,6,26382,587,3,4,99,192
320043.1145014803,0.53,Comp0026,DNS0001,17,22844,53,2,2,61,235
320046.399490434,2.86,Comp0069,Web0003,6,47336,443,14,62,1618,9065
320052.17583389103,3.898,Comp0075,Web0006,6,32226,80,6,44,1086,4143
320063.9798818533,0.868,Comp0046,DC0002,6,58820,88,12,9,204,1489
320066.87525176146,0.137,Comp0003,DNS0002,17,5961,53,4,4,34,194
320069.99789050047,8.41,Comp0074,Proxy0002,6,40764,3128,26,27,747,3226
320072.35162465146,3.766,Web0003,DB0001,6,40876,5432,31,239,3628,8079
320078.66725012194,4.822,Comp0007,Proxy0001,6,13158,3128,10,28,1431,5084
320081.89978578757,2.613,Comp0047,Mail0002,6,44062,587,4,4,94,810
320084.28120775364,2.932,Comp0027,Proxy0002,6,47396,3128,11,36,1483,12920
320087.9457663343,0.668,Comp0019,Web0001,6,36613,443,6,43,82,57597
320090.8817913798,1.702,Proxy0001,Ext0031,6,39420,443,5,28,3284,5425
320096.7096429105,0.233,Comp0016,DNS0002,17,17783,53,3,3,69,182
320114.9068602419,0.437,Comp0054,DNS0001,17,10892,53,2,3,50,94
320158.6784228882,4.957,Comp0047,Web0003,6,9914,443,5,42,1296,18003
320166.13403923955,0.116,Comp0060,DNS0001,17,24361,53,4,4,55,140
320168.70835073455,0.525,Comp0030,Mail0002,6,6239,993,4,5,732,395
320171.9521442561,8.671,Web0002,DB0003,6,51208,3306,31,121,1561,5384
320223.01791223895,9.697,Comp0043,Web0004,6,59058,443,16,123,2148,20378
320224.5594312396,0.113,Comp0074,DNS0002,17,11968,53,2,3,59,177
320233.5194213102,7.951,Comp0013,FS0003,6,17649,445,10,125,3432,2911
320238.79646140663,0.277,Comp0013,Web0004,6,2165,80,9,40,1061,9316
320242.7224659151,8.145,Comp0042,DC0001,6,32891,389,4,7,106,1469
320245.0329450569,1.652,Comp0042,Proxy0001,6,16366,3128,6,73,489,21387
320250.00790160295,1.205,Web0002,DC0001,6,51015,389,5,10,3148,1206
320257.04709284264,0.179,Comp0054,Proxy0002,6,1858,3128,5,109,552,27470
320262.2945205202,0.469,Comp0048,Proxy0002,6,23694,3128,7,15,1075,4351
320270.7245351774,1.16,Comp0055,Mail0002,6,51463,993,4,12,1036,3498
320272.59904006345,0.084,Comp0075,DNS0001,17,54475,53,3,3,117,53
320289.8684960916,0.056,Comp0045,DNS0001,17,34287,53,2,2,130,95
320301.1909340475,0.712,Comp0049,DC0001,6,59546,389,4,11,1711,7145
320315.4168735765,0.267,Comp0073,DNS0002,17,28176,53,3,4,47,387
320320.2960697879,7.222,Comp0022,DC0001,6,64689,88,12,4,240,780
320322.8229098703,1.599,Comp0067,Web0006,6,7034,443,13,29,81,6535
320324.3830136327,4.926,Comp0020,Web0003,6,54052,443,5,29,6667,15719
320326.1465578466,0.474,Web0003,DB0003,6,60991,3306,23,133,837,87281
320336.7906343089,1.589,Comp0078,Proxy0002,6,63239,3128,7,82,199,11964
320340.3302636152,17.813,Comp0035,DC0002,6,50038,445,7,86,2690,4938
320341.5505338308,0.25,Comp0005,DNS0002,17,27980,53,2,2,67,94
320370.28126491664,0.286,Comp0047,Mail0002,6,29281,587,5,6,287,589
320373.4238928347,1.11,Comp0063,Web0001,6,31556,443,10,189,170,1607
320379.22021317144,0.125,Comp0032,Web0001,6,31160,443,9,18,2710,38327
320381.4087375991,12.507,Comp0013,FS0002,6,18892,445,41,209,4678,89877
320382.67275569413,2.9,Comp0019,Proxy0002,6,45109,3128,7,124,608,7109
320419.73267638654,10.198,Comp0068,Web0001,6,45907,443,7,14,2389,9199
320420.3970593044,4.838,Comp0053,DC0001,6,41624,88,7,10,1366,1948
320422.3690668803,0.269,Comp0077,DNS0001,17,3838,53,3,2,80,209
320436.3968438748,2.37,Comp0037,Mail0002,6,24239,993,4,9,630,347
320442.4811915948,47.542,Comp0046,DC0002,6,56544,445,8,15,3733,50881
320444.88642648933,0.428,Comp0066,FS0001,6,50979,445,50,77,1450,16590
320445.028052643,8.113,Comp0028,Web0003,6,17142,443,11,22,1968,26154
320451.6245414132,2.707,Comp0070,DC0001,6,59166,389,10,8,318,478
320454.80819962616,3.86,Comp0042,Web0003,6,54668,443,31,51,996,11321
320458.91916600463,0.676,Comp0048,Comp0011,6,48718,3389,4,5,938,570
320462.2892354221,12.575,Comp0072,Web0006,6,46485,443,11,23,134,3979
320474.46633483627,4.761,Comp0080,Web0004,6,10735,443,14,49,687,57693
320479.47115612525,9.603,Comp0025,Web0003,6,17306,80,10,68,1733,4225
320486.96363057854,0.017,Comp0069,DNS0002,17,40720,53,2,2,58,165
320491.63674454467,5.139,Comp0005,DC0002,6,9708,389,5,6,791,705
320504.35082957655,4.34,Comp0050,Proxy0001,6,23508,3128,5,24,256,11031
320516.6976863703,0.386,Comp0079,DNS0001,17,41057,53,2,2,61,85
320523.41044611897,1.623,Web0006,DB0001,6,60177,3306,4,23,2160,20054
320525.25041800534,8.112,Comp0025,Web0003,6,16674,80,5,46,152,3973
320536.46162676386,2.231,Comp0078,Web0005,6,18738,443,7,40,1259,1414
320560.75103355094,2.503,Web0004,DB0001,6,27064,3306,24,24,1826,12200
320567.9049925827,4.946,Comp0020,Web0004,6,64659,80,7,39,348,9962
320568.99419729866,1.103,Comp0023,Web0001,6,48678,443,6,325,1733,7637
320590.2694349626,13.442,Comp0011,Web0004,6,48506,443,9,44,1075,29219
320594.8788483857,0.355,Comp0060,DNS0002,17,26982,53,2,3,56,59
320598.1276093263,12.366,Proxy0002,Ext0025,6,32197,443,18,59,659,5552
320611.30656776956,7.874,Comp0048,DC0001,6,23761,445,54,177,119,5577
320613.0066589226,0.315,Comp0008,Web0002,6,10385,443,7,11,320,30209
320620.7892057137,5.664,Comp0064,Web0001,6,21763,80,7,26,348,10400
320628.95763457695,0.692,Comp0047,Web0006,6,64061,443,4,17,1597,6091
320632.6898928059,8.428,Comp0023,FS0003,6,14248,445,52,125,1454,27845
320639.0999067063,3.149,Comp0046,Proxy0001,6,32967,3128,12,9,694,1815
320639.15054379206,1.777,Comp0026,Web0003,6,19265,443,4,39,3051,3047
320653.1751897641,0.147,Comp0056,Web0002,6,16474,80,4,47,411,3905
320659.5608733746,4.203,Comp0074,Web0001,6,38973,80,7,14,606,30279
320660.40573716385,0.115,Comp0011,DNS0002,17,38908,53,2,2,99,151
320661.6177131164,4.523,Comp0071,Web0006,6,30629,443,14,11,644,10423
320670.3014059241,0.499,Comp0051,Web0005,6,65117,443,5,26,260,3459
320674.39609307074,3.265,Comp0079,Proxy0001,6,32588,3128,4,22,347,10136
320675.8038699648,2.229,Comp0040,Proxy0001,6,58494,3128,9,62,3054,7207
320683.877301249,0.476,Comp0049,DNS0001,17,1319,53,3,2,50,109
320685.66025352635,12.925,Comp0063,Web0005,6,37951,443,7,173,3727,28702
320688.74064419983,1.313,Comp0056,Mail0002,6,18232,993,12,8,892,108
320693.69797884114,0.923,Comp0044,Proxy0001,6,41572,3128,25,50,595,7308
320700.5680799479,3.165,Comp0049,Web0006,6,16288,443,5,113,556,1664
320724.1087085346,10.445,Web0004,DB0001,6,13662,3306,32,33,891,5819
320725.5336672,0.375,Comp0022,Proxy0002,6,32518,3128,18,19,146,53325
320729.83100768644,0.224,Comp0033,Web0004,6,27189,443,6,68,1299,8574
320742.55070310284,2.7,Comp0059,FS0003,6,8858,445,44,38,2512,12886
320764.5232534677,0.995,Comp0063,DC0001,6,55557,88,7,9,758,1554
320766.60164756887,15.071,Comp0058,Mail0001,6,58134,587,3,6,449,520
320779.20114331966,9.597,Proxy0002,Ext0019,6,8647,443,4,28,618,3951
320789.2645677885,0.091,Comp0017,DNS0001,17,12515,53,3,2,70,178
320796.2477028926,2.828,Comp0038,Web0004,6,27962,80,18,27,207,7313
320796.6857790026,28.196,Comp0015,DC0002,6,13477,445,49,23,596,179502
320797.6430138156,0.02,Comp0029,DNS0001,17,14937,53,2,2,64,127
320807.15988877584,0.69,Comp0004,DC0001,6,45615,88,3,8,100,1478
320808.3824935765,0.262,Comp0044,DNS0001,17,1498,53,2,2,76,75
320815.24015074316,11.753,Comp0062,FS0003,6,60687,445,61,70,12514,22226
320835.93474524986,0.825,Comp0045,DC0002,6,11143,88,13,9,271,144
320836.45048288116,8.029,Comp0018,DC0001,6,40403,445,17,99,1902,3960
320837.8014729732,6.829,Comp0001,DC0001,6,15794,445,13,452,1764,2013
320840.8809503892,6.4,Comp0069,Web0004,6,2248,443,6,40,733,12339
320841.0767769389,0.211,Comp0021,DNS0002,17,8662,53,2,3,56,154
320851.55119994015,0.014,Comp0025,DNS0001,17,53254,53,3,2,73,68
320857.2099370183,2.933,Comp0053,Web0001,6,2293,443,10,101,2695,837
320865.9891581453,11.774,Comp0006,DC0002,6,39514,3389,12,3,239,17
320878.805566366,5.105,Comp0011,FS0001,6,39976,3389,8,9,640,551
320887.05327052524,6.11,Comp0027,DC0002,6,45250,389,8,9,95,361
320897.8112637424,0.178,Comp0045,DNS0001,17,44113,53,2,2,44,129
320902.1039570443,29.841,Web0005,DB0004,6,28380,3306,6,118,3271,4086
320915.4387191899,0.015,DB0001,DNS0001,17,18171,53,2,2,84,115
320941.9648033622,2.445,Comp0053,Web0003,6,35604,443,9,22,518,8309
320943.1840554887,5.071,Comp0065,Mail0002,6,22822,993,2,4,737,2758
320965.47400432813,0.057,Comp0060,DNS0002,17,37177,53,3,2,65,74
320966.13321681006,0.183,Comp0079,DNS0001,17,31262,53,3,3,121,350
320982.8241240875,2.854,Web0002,DB0004,6,21428,3306,21,80,1406,51220
320984.2878501626,0.708,Comp0017,DNS0002,17,34549,53,3,3,118,126
320993.54245181015,12.662,Comp0064,DC0001,6,28585,445,44,70,1449,3269
321021.5706161793,0.352,Comp0078,Comp0053,6,40514,22,4,21,539,24
321023.0754637895,1.57,Comp0014,Mail0002,6,48647,993,5,25,349,2667
321024.7786056242,1.545,Comp0026,Mail0002,6,13900,993,4,5,706,2012
321036.3594250412,0.19,Comp0031,DNS0002,17,1117,53,2,2,101,34
321038.5083723631,5.359,Comp0015,DC0002,6,19110,88,8,6,244,363
321046.5240788068,2.841,Comp0078,Comp0012,6,9690,135,6,5,104,10
321049.32574435236,2.672,Comp0061,Web0005,6,51194,80,11,33,891,2078
321050.3279456292,1.193,DC0001,DC0002,6,28463,445,37,65,7377,23943
321055.37835923856,6.589,Comp0044,DC0002,6,43855,445,11,43,11050,9447
321104.4918743147,10.594,Comp0046,FS0003,6,11372,445,39,71,14141,38633
321116.38914755004,4.309,Comp0053,FS0002,6,31746,445,24,33,6436,28621
321117.6053796483,0.849,Comp0066,DC0002,6,9917,389,3,9,435,1328
321117.9697139,0.052,Comp0076,DNS0001,17,8338,53,2,2,126,136
321123.6743908743,0.322,Comp0030,DNS0001,17,58028,53,2,3,69,170
321127.992334494,4.855,Web0006,DB0003,6,55578,5432,19,222,1969,902
321128.1461963851,0.388,Comp0031,Mail0001,6,39695,993,7,3,969,540
321129.92376372556,2.326,Proxy0001,Ext0035,6,19606,443,22,138,863,16831
321164.09821334376,24.949,Comp0043,FS0002,6,19526,445,53,324,7082,13466
321167.7343981095,0.447,Comp0025,Mail0002,6,4432,587,3,15,763,262
321182.9285269782,8.556,Comp0027,Proxy0002,6,2941,3128,14,14,198,2381
321183.79229500605,3.437,Comp0025,DC0001,6,36344,389,3,3,3466,615
321185.3048679835,7.319,Comp0014,Web0003,6,5474,443,5,75,1222,6211
321187.52460909524,0.398,Comp0066,DNS0002,17,30224,53,3,2,121,136
321192.41349555715,5.836,Comp0042,FS0001,6,55703,445,91,168,2248,20020
321197.1067410765,6.329,Comp0072,Web0002,6,39213,443,8,24,2675,7273
321198.22215412953,0.054,Comp0079,Web0002,6,16779,443,12,32,1298,7395
321204.20181682066,35.358,Web0006,DB0004,6,22219,3306,52,135,574,15545
321214.6743382726,0.198,Comp0016,DNS0001,17,61370,53,3,3,63,252
321223.82510184695,2.905,Comp0011,DC0001,6,21945,3389,6,7,629,640
321243.32367085194,0.267,Comp0041,DNS0002,17,54049,53,3,4,88,280
321255.79433641507,17.891,Comp0059,FS0002,6,36393,445,15,194,3443,13190
321257.0812062707,0.733,Comp0068,Web0003,6,40006,443,8,111,646,5800
321260.1473503955,9.746,Comp0015,Web0003,6,57824,443,7,53,479,1181
321260.76343842305,0.217,Comp0017,DNS0002,17,44924,53,2,2,36,179
321261.0912083096,10.817,Comp0077,FS0001,6,26795,445,15,281,2749,51998
321278.8103303965,0.902,Comp0054,Proxy0001,6,61629,3128,8,49,1661,1638
321298.31821702974,1.255,Comp0057,Web0005,6,37674,443,7,83,92,11164
321316.47728105297,1.381,Comp0076,Web0004,6,36540,443,8,31,855,7954
321317.695439607,4.765,Comp0053,Proxy0002,6,22784,3128,13,37,2604,6681
321350.0728864041,1.365,Comp0020,DC0002,6,56851,88,3,18,658,572
321364.29941705655,2.419,Comp0016,Web0004,6,65041,443,6,135,4203,10867
321369.4012847439,13.065,Comp0019,Proxy0001,6,47915,3128,5,24,705,6694
321396.4209410106,1.253,Comp0051,Proxy0001,6,51421,3128,6,15,391,7429
321422.227212369,3.243,Comp0035,Mail0002,6,61130,993,4,7,318,5726
321427.4603327345,2.57,Proxy0002,Ext0031,6,11913,80,4,119,286,5632
321437.3624699898,1.962,Comp0078,FS0001,6,40808,445,54,107,2287,35654
321439.51212293026,7.232,Comp0031,Proxy0001,6,18388,3128,12,118,1128,41573
321452.0628853039,2.0,Comp0036,Web0005,6,58738,443,10,66,165,8225
321471.73422825267,3.198,Comp0028,DC0001,6,25797,88,3,4,1507,293
321471.80369821977,0.206,Comp0076,DNS0002,17,15204,53,2,2,26,111
321482.52096299524,8.33,Comp0018,Proxy0001,6,59643,3128,8,50,454,1407
321486.2986979909,0.317,Comp0010,Mail0002,6,43501,587,4,4,173,345
321500.1623849995,6.075,Comp0040,Web0004,6,61496,443,9,22,449,919
321507.346814822,15.014,Comp0002,FS0001,6,23382,445,61,15,2797,372
321508.1852598671,0.018,Comp0054,DNS0001,17,52950,53,2,3,62,82
321531.76173888834,1.236,Comp0028,Web0004,6,52384,443,30,84,899,2484
321534.11291476095,0.294,Comp0078,DNS0001,17,59044,53,2,3,59,91
321554.9006576326,5.414,Comp0078,DC0001,6,3906,445,9,178,2590,41759
321563.17368631583,0.928,Comp0033,DNS0001,17,63108,53,3,3,47,190
321577.0711902075,21.432,Comp0078,DB0003,6,27163,139,23,81,526,544
321599.3367078687,0.836,Comp0078,DNS0002,17,2940,53,2,2,72,125
321612.9174489202,8.074,Comp0012,Web0006,6,7395,443,5,75,473,12094
321629.49938699964,3.193,Comp0065,Web0005,6,38323,443,2,24,580,11707
321631.3164219096,2.025,Comp0073,Web0006,6,17229,443,15,75,1057,5143
321637.1891803696,9.429,Comp0006,Web0006,6,10765,139,25,53,1134,1479
321647.2234791686,0.859,Comp0050,Web0005,6,10283,443,6,112,490,11896
321656.6638875772,2.842,Comp0025,Web0004,6,12619,80,5,178,747,6295
321678.93714358157,27.273,Comp0047,Proxy0002,6,10560,3128,9,6,457,11179
321693.12581124937,0.052,Comp0013,FS0001,6,1910,445,69,53,9691,2358
321694.46519593615,50.812,Comp0022,FS0002,6,29781,445,71,35,679,58132
321698.34282340814,0.028,Comp0043,DNS0001,17,8160,53,3,3,58,361
321711.3170890685,1.484,Proxy0001,Ext0033,6,45366,80,19,45,3209,14104
321722.24808435433,1.123,Comp0032,Web0003,6,30086,443,11,34,1586,1042
321728.96163554455,0.674,Comp0044,DNS0001,17,59531,53,2,4,57,258
321732.9265840972,0.122,Comp0006,Comp0057,6,51601,22,7,2,990,139
321745.8354220511,0.369,Comp0001,DNS0001,17,36018,53,2,4,39,126
321758.8224914526,63.589,Comp0040,DC0001,6,17206,445,14,71,2194,13922
321816.68849865167,0.003,Proxy0002,DNS0002,17,59074,53,2,3,162,422
321817.3838957956,1.172,Comp0040,Mail0001,6,57866,993,3,25,1055,292
321819.13946408813,0.467,Comp0024,DNS0002,17,16349,53,4,3,52,219
321822.53225907736,8.525,Comp0078,Comp0045,6,54100,22,5,6,767,55
321856.77345147985,22.991,Comp0063,DC0001,6,6359,445,11,100,3326,6356
321860.116739435,0.187,Comp0054,DNS0002,17,58580,53,2,3,59,145
321865.64285869495,18.282,Web0004,DB0003,6,44253,3306,20,24,2711,7155
321885.03640883416,1.59,Comp0043,DC0001,6,54700,88,6,5,226,2024
321898.4480852356,0.894,Comp0015,Web0004,6,17473,443,3,14,108,27958
321922.58760769566,8.792,Comp0028,DC0002,6,28214,445,62,42,2008,4136
321932.53663168714,0.184,Comp0028,DC0002,6,7708,389,7,6,176,1031
321940.9041214573,2.016,Comp0043,FS0001,6,14416,445,63,158,501,2856
321967.0473660382,9.291,Comp0014,Web0003,6,40676,443,7,19,177,1017
321977.57970718486,1.681,Web0003,DB0003,6,14320,3306,96,412,2762,2668
322009.6645738454,3.832,Comp0078,Comp0021,6,20716,22,6,6,681,51
322022.9149968195,15.403,Comp0070,DC0001,6,3390,445,26,17,365,9957
322023.69186381117,8.492,Comp0045,Proxy0001,6,23962,3128,5,23,93,11938
322034.25007296016,15.124,Comp0078,Comp0076,6,8166,3389,5,5,275,33
322068.97815905866,0.24,Comp0032,DNS0002,17,58857,53,3,3,107,97
322070.4653339289,9.601,Comp0008,DC0002,6,8533,389,6,7,457,142
322082.43033234077,1.853,Comp0035,Comp0011,6,42496,3389,3,10,476,391
322088.28619399597,5.748,Comp0052,Web0005,6,15419,443,5,213,776,604
322127.3739729466,0.341,Comp0071,Comp0011,6,40938,3389,7,8,237,942
322137.4332768345,0.284,Comp0067,DC0002,6,58469,389,7,29,566,2240
322146.0425081729,0.114,Comp0034,DNS0001,17,3255,53,2,3,117,391
322160.3519234373,1.82,Comp0050,Mail0002,6,39673,993,4,9,680,591
322161.1618768103,4.064,Comp0037,Mail0001,6,6803,993,10,9,135,649
322171.24436883576,31.172,Web0003,DB0004,6,2209,5432,66,180,469,2773
322184.0688767047,3.16,Comp0025,DC0001,6,44446,389,10,4,859,1752
322188.72564986965,3.411,Comp0070,Web0004,6,29217,443,26,90,924,1400
322190.15235674905,1.384,Mail0001,Ext0007,6,19015,25,2,10,999,919
322234.16323224467,0.015,FS0002,DNS0002,17,15397,53,3,3,47,284
322253.4420034215,2.979,Comp0078,Comp0043,6,36707,135,24,8,1028,19
322257.80594178935,0.226,Proxy0002,Ext0008,6,27902,443,17,31,515,663
322273.2827387621,4.414,Comp0008,Mail0002,6,3265,993,4,3,1162,150
322297.4310823651,16.621,Comp0023,FS0003,6,34033,445,22,14,5031,73009
322322.04537911806,4.862,Comp0067,Web0006,6,33520,80,3,142,1286,1560
322337.04160137015,0.074,Comp0013,DNS0001,17,36418,53,2,2,95,277
322351.7590772309,0.148,Comp0013,DNS0001,17,56405,53,3,3,73,108
322356.78214534477,9.037,Comp0074,Web0001,6,10047,80,4,10,972,1797
322379.1489886932,21.406,Comp0054,FS0001,6,38438,445,17,174,7518,9878
322379.54704784707,9.248,Comp0029,Web0003,6,6695,443,9,14,391,10229
322386.5759281875,27.098,Web0005,DB0003,6,12481,3306,56,95,1695,20301
322392.93015904055,1.651,Comp0006,Comp0048,6,27199,22,7,3,289,32
322394.0205347352,0.598,Comp0011,DNS0002,17,41109,53,2,2,35,127
322396.1172120357,3.011,Comp0037,Mail0001,6,28512,587,5,2,160,2437
322399.7626020974,0.398,Comp0077,Web0004,6,16876,443,2,99,297,3493
322418.71738732915,3.855,Comp0070,Web0006,6,62368,443,5,107,118,2684
322434.3705339886,5.162,Comp0053,Mail0001,6,32701,993,6,13,578,2214
322450.7829754837,0.487,Comp0056,DNS0001,17,41989,53,2,3,71,239
322461.6813498444,30.262,Comp0042,FS0002,6,63159,445,5,30,610,15139
322528.19344318553,1.774,Comp0078,Comp0068,6,19396,3389,3,13,732,261
322558.23458300775,4.4,Comp0022,Web0003,6,11655,443,4,23,2240,23488
322568.4185595399,0.261,Comp0034,Web0003,6,46278,443,16,11,777,8098
322580.15166087856,1.308,Comp0007,Proxy0002,6,35963,3128,5,22,496,2193
322582.4752930817,0.171,Comp0022,DNS0001,17,64136,53,3,4,79,103
322598.50096377364,23.933,Comp0013,DC0002,6,13786,445,29,50,1005,1264
322616.5392376047,7.295,Comp0029,Proxy0002,6,10914,3128,6,10,1460,43559
322627.7246989943,0.082,Comp0043,DNS0002,17,17814,53,2,3,78,306
322630.82890611084,0.065,Web0001,DNS0002,17,9683,53,3,2,52,218
322633.56114146847,7.629,Comp0024,Web0003,6,35314,443,8,41,397,2134
322640.87885474524,11.029,Comp0060,DC0002,6,24083,445,12,49,566,3565
322643.7631952077,6.875,Comp0044,Proxy0001,6,27825,3128,3,72,174,6340
322646.97623854503,4.608,Comp0054,Web0002,6,19738,80,33,75,558,1348
322649.1402906317,0.197,Comp0040,DNS0002,17,56891,53,2,2,64,324
322666.9204165322,0.938,Comp0044,DC0001,6,4785,445,16,204,2157,16330
322667.90860659257,1.419,Comp0075,Proxy0002,6,43799,3128,7,12,555,5911
322698.2955015141,1.788,Comp0041,Web0006,6,6469,443,8,76,485,5351
322710.3885553972,6.214,Comp0029,Web0004,6,41006,80,73,17,1335,8947
322711.3320298253,4.568,Comp0037,DC0001,6,57732,389,11,10,422,495
322714.5798918551,0.655,Comp0060,Proxy0001,6,6784,3128,11,11,993,18820
322726.544537329,1.487,Comp0008,Web0002,6,36700,443,6,32,3320,22281
322747.60187691066,25.481,Web0004,DB0001,6,15024,3306,22,61,2814,43339
322785.1649989011,6.174,Comp0025,Proxy0002,6,9477,3128,5,43,1434,11213
322825.82047058264,3.374,Comp0060,Proxy0002,6,24398,3128,15,7,1155,2772
322826.5305405359,12.077,Comp0078,Comp0057,6,35278,445,25,83,1711,272
322835.08320140425,0.073,Comp0079,DNS0002,17,17288,53,3,3,68,189
322856.2042691785,1.018,Comp0027,Web0004,6,16033,443,26,11,1302,32997
322871.68204537185,5.792,Comp0015,Web0006,6,30649,80,11,7,2029,12250
322876.9921641439,1.244,Comp0006,Comp0026,6,15653,3389,6,3,1935,39
322891.61600760935,3.309,Comp0007,Web0003,6,6788,443,3,126,2779,806
322897.482984791,4.699,Comp0019,Web0006,6,53441,443,12,28,205,73991
322935.64745414647,0.249,Comp0060,DNS0001,17,29042,53,3,5,50,147
322948.815875495,0.3,Comp0054,Web0006,6,52271,443,18,46,282,4413
322961.8178256864,6.355,Comp0070,Web0004,6,25116,80,14,10,886,12667
322966.1298458684,0.299,Comp0018,DNS0001,17,20743,53,2,2,38,160
322966.67624320346,0.341,Comp0006,DNS0001,17,45095,53,2,2,76,230
322978.92957448395,5.901,Comp0056,FS0002,6,46159,445,7,119,7476,23419
322991.1643138166,0.298,Comp0046,DNS0002,17,3450,53,2,3,74,123
323012.06292696705,3.362,Comp0011,DC0002,6,34074,88,5,4,2008,525
323018.8525435987,4.343,Comp0048,Web0002,6,28040,443,19,20,942,598
323032.59166204545,1.433,Web0006,DC0002,6,26601,389,4,10,193,462
323043.548108777,0.031,Comp0065,DC0001,6,4744,88,6,13,654,80
323046.63669872726,0.804,Comp0017,Web0004,6,32420,443,5,46,630,47666
323058.2289724292,19.008,Web0002,DB0002,6,39749,3306,25,9,4060,1798
323070.78037023207,1.289,Comp0009,Web0005,6,40534,443,22,23,665,2024
323092.4007044672,18.702,Comp0025,Web0002,6,27067,80,5,27,218,17920
323113.616468171,2.409,Comp0005,DC0001,6,65440,88,8,30,340,4000
323137.5932278371,10.353,Comp0011,Web0001,6,12777,80,8,35,785,6490
323144.54701652686,2.158,Comp0042,Web0004,6,26582,443,7,25,1806,18922
323145.6451900804,2.699,Comp0001,Proxy0001,6,37274,3128,7,33,1171,21599
323149.7123864682,0.263,Comp0047,DNS0001,17,44608,53,2,2,84,110
323161.31602456135,4.818,Web0002,DB0004,6,5185,5432,22,65,1238,29741
323162.03691080306,4.099,Comp0038,Proxy0001,6,47260,3128,7,33,1073,7202
323165.88746917946,4.802,Mail0001,Ext0011,6,51496,25,6,11,2384,151
323185.59183292603,6.593,Comp0045,FS0003,6,31409,445,7,78,403,4168
323188.76666516473,9.419,Comp0014,DC0001,6,30363,445,14,58,500,42315
323257.9462626594,0.045,DB0004,DNS0002,17,62621,53,2,3,64,170
323279.04944077425,1.003,Comp0038,FS0001,6,30905,445,53,115,12170,16734
323284.2780443141,1.588,Comp0060,DC0002,6,19521,389,7,11,530,2230
323291.9764773672,0.191,Web0002,DNS0001,17,41017,53,2,4,45,122
323292.71813451656,3.55,Comp0012,DC0001,6,60262,88,6,9,707,1229
323298.5452228642,0.09,Comp0068,DNS0001,17,35544,53,2,3,152,59
323302.20436541585,3.143,Comp0027,Mail0001,6,49711,993,8,4,349,585
323306.18809653696,14.991,Comp0071,Proxy0002,6,6103,3128,20,66,287,3493
323318.29739816673,2.821,Comp0022,Proxy0001,6,26553,3128,9,189,120,83992
323319.91906447645,0.91,Comp0034,DC0002,6,37277,389,4,4,305,211
323324.5330259613,0.032,Comp0014,DNS0002,17,65100,53,2,2,100,204
323329.392764185,0.004,Comp0006,Comp0043,6,50710,22,5,11,599,61
323331.88059956784,12.858,Comp0055,Proxy0001,6,32063,3128,8,81,859,2484
323341.93034245487,11.858,Comp0077,Web0005,6,1280,443,9,45,463,3250
323356.92556689447,34.909,Web0004,DB0003,6,36590,3306,11,62,270,618
323381.0900948545,1.226,Comp0050,Mail0001,6,5809,993,2,9,103,476
323387.0514835402,1.391,Comp0039,Web0003,6,22406,443,12,65,474,1507
323394.0183585871,5.816,Comp0069,DC0001,6,5892,445,32,65,4456,48730
323406.21598884155,15.554,Comp0012,Web0001,6,56038,443,10,17,594,3356
323417.4258960501,0.064,Comp0068,DNS0002,17,3884,53,2,2,60,183
323471.95394193224,0.036,Comp0039,DNS0001,17,38171,53,2,3,28,100
323474.0348359219,0.121,Comp0079,Mail0001,6,21266,587,7,18,533,384
323477.95445110823,29.793,Comp0056,FS0001,6,6367,445,33,54,695,43138
323495.1705016765,57.04,Comp0032,FS0001,6,1051,445,11,64,2646,7338
323523.59608552686,0.486,Comp0046,Comp0011,6,5852,3389,4,3,101,172
323559.7461754596,0.188,Comp0017,DNS0002,17,30300,53,3,4,93,328
323563.7364197646,3.546,Comp0041,FS0002,6,21973,445,20,102,375,19271
323576.7358226918,2.336,Comp0012,DC0001,6,28671,88,8,5,201,2873
323577.0884406898,0.767,Comp0032,Proxy0002,6,44246,3128,21,58,939,10721
323609.124278905,0.194,Comp0023,DNS0002,17,25529,53,2,3,81,132
323646.7303791549,14.371,Web0003,DB0003,6,16590,3306,30,195,3269,11938
323690.41523052094,2.501,Comp0059,Web0005,6,44032,443,8,92,168,13190
323690.98923498683,5.216,Comp0072,Web0006,6,31248,443,5,92,186,5139
323716.4685014695,7.968,Comp0068,FS0001,6,24130,445,46,320,1087,2486
323727.64262127114,9.142,Comp0052,Web0006,6,4987,443,8,29,1027,36258
323731.84579611407,4.496,Comp0078,Web0001,6,7248,443,7,14,207,659
323743.7369961167,0.457,Comp0004,DNS0002,17,20486,53,2,3,78,178
323762.08152944734,0.078,Comp0024,DNS0001,17,19867,53,2,2,55,89
323795.03742626566,3.683,Comp0008,Web0001,6,6038,80,5,10,616,2281
323814.4962932811,1.939,Comp0049,Proxy0001,6,10636,3128,21,46,908,24522
323826.79266006214,1.938,Comp0078,Comp0024,6,53769,3389,5,18,89,53
323830.8131305294,5.301,Comp0037,Proxy0001,6,49906,3128,67,43,576,6084
323839.99283741164,3.668,Comp0037,Web0001,6,21327,443,10,20,2023,6908
323860.9753414809,7.222,Comp0032,FS0001,6,41625,445,37,96,1824,2536
323889.12253348023,6.918,Web0001,DB0004,6,54451,3306,41,27,859,43270
323893.2263923673,0.181,Comp0048,DNS0002,17,22856,53,3,3,64,61
323895.7225901352,10.275,Comp0017,DC0002,6,59206,445,62,142,674,5278
323940.92901944055,1.766,Proxy0002,Ext0026,6,25000,443,10,33,739,12014
323945.20020819106,9.353,Proxy0002,Ext0014,6,6027,80,11,76,449,12050
323984.4646983506,2.706,Comp0060,Web0004,6,43188,443,3,74,585,8829
323998.26343208994,5.767,Web0001,DB0003,6,58953,5432,43,72,817,8064
324053.77243888774,1.81,Comp0058,Web0002,6,43032,443,7,14,1417,4365
324059.8336391061,8.563,Comp0078,Comp0055,6,45989,445,13,84,1793,1215
324067.6847029214,0.114,Comp0078,DNS0002,17,41653,53,3,2,75,107
324102.2388456715,3.662,Comp0016,Web0001,6,5032,443,13,24,937,35521
324107.51531338773,0.119,Comp0051,DNS0001,17,64166,53,2,2,98,160
324115.3493536112,0.096,Comp0039,DNS0002,17,52757,53,3,2,64,99
324158.91208597494,0.004,Comp0064,DNS0001,17,34382,53,3,3,106,135
324180.9189168416,2.243,Comp0041,Web0003,6,20648,443,10,50,956,5558
324194.2347165019,0.481,Web0005,DNS0002,17,19021,53,3,2,59,199
324202.07459079893,4.659,Comp0006,Web0005,6,37336,443,35,21,491,1486
324241.6890508508,1.713,Proxy0002,Ext0023,6,53664,443,8,173,275,13579
324243.111314946,32.548,Comp0046,DC0001,6,22323,445,31,81,4545,16893
324244.8557521404,4.591,Comp0020,DC0001,6,6272,88,7,3,1029,407
324249.1218845778,0.031,Comp0028,DNS0002,17,53955,53,3,2,51,123
324253.0431218358,0.484,Comp0064,DNS0002,17,13602,53,2,3,102,287
324253.77548310516,5.55,Comp0008,Web0006,6,30535,80,7,42,569,1437
324257.7124276632,13.994,Comp0066,FS0003,6,53347,445,20,135,3358,2549
324257.9979271792,5.212,Web0003,DB0004,6,1921,3306,5,466,941,7352
324282.57987905823,8.407,Comp0063,FS0001,6,17392,445,23,361,687,13058
324297.09933021286,0.162,Proxy0002,Ext0027,6,31755,80,8,53,251,21020
324301.0951293339,1.222,Comp0056,Web0001,6,20957,443,5,57,394,7956
324318.7776035234,12.03,Comp0029,DC0002,6,62102,88,4,12,172,501
324325.77778405586,4.487,Proxy0002,Ext0025,6,44120,80,9,33,1683,4829
324354.77294700954,10.392,Comp0018,Proxy0001,6,16880,3128,5,8,2274,53744
324399.83174571674,7.621,Web0003,DB0003,6,41869,5432,14,41,303,6038
324402.39379877556,9.368,Comp0057,Proxy0001,6,61528,3128,9,48,119,2757
324418.0936229796,0.303,Comp0023,DNS0001,17,56630,53,2,3,64,216
324445.3107545056,0.155,Comp0037,Proxy0001,6,32278,3128,11,33,2367,24530
324463.0952613975,0.058,Comp0017,DNS0002,17,50416,53,3,3,62,415
324466.5787603766,0.618,Comp0047,Proxy0002,6,15128,3128,11,51,7997,10571
324492.1605563406,10.528,Mail0002,Ext0014,6,52730,25,8,4,287,2317
324495.0367883815,0.066,Comp0033,DNS0001,17,51540,53,3,2,57,314
324513.92881319515,5.752,Comp0031,Web0006,6,21288,443,7,47,278,1469
324526.3722883468,0.153,DC0001,DNS0001,17,42511,53,2,2,35,192
324529.89841062843,13.082,Comp0064,Web0002,6,48122,443,5,23,6179,27142
324577.82400953496,0.151,Comp0009,DNS0002,17,48284,53,2,3,69,54
324611.21893649123,0.528,Comp0030,DNS0001,17,7317,53,2,3,33,112
324624.5010977578,9.372,Proxy0002,Ext0026,6,3777,80,12,64,410,20015
324625.0007614539,0.233,Comp0005,DNS0001,17,53020,53,3,2,91,110
324679.4322058277,2.55,Comp0067,Web0003,6,11161,443,9,45,552,3770
324681.50235662766,0.58,Comp0051,Web0005,6,44146,443,6,23,304,17811
324700.1309040536,4.543,Comp0033,Web0004,6,27387,443,15,22,2875,621
324742.48385478853,0.072,Comp0021,DNS0002,17,18191,53,2,3,86,166
324759.90732121014,3.962,Comp0077,Web0005,6,8336,80,15,149,191,7510
324764.0402636742,4.377,Comp0042,Web0003,6,3960,80,8,146,269,3425
324815.61907465314,8.591,Comp0066,DC0001,6,32272,445,31,264,1982,8163
324865.8669496167,11.291,Comp0005,Comp0011,6,62476,3389,6,15,698,1503
324900.60270660906,0.052,Comp0016,DNS0001,17,54275,53,2,2,94,111
324918.7644119342,0.069,Mail0002,Ext0035,6,21124,25,4,8,1464,2036
324938.75744685996,2.652,Comp0037,Web0006,6,54646,443,11,66,528,7368
324958.92688024626,1.688,Comp0002,Mail0002,6,13495,993,12,5,716,582
324997.75118537585,29.526,Comp0070,FS0003,6,29076,445,6,295,2300,61203
324999.4641447148,2.016,Proxy0001,Ext0015,6,54702,80,6,80,539,40650
325010.3721507982,7.968,Comp0055,Web0004,6,41046,80,5,94,646,5608
325023.32254435215,14.123,Comp0020,Web0003,6,21724,80,5,14,1757,11153
325025.4575522763,4.954,Proxy0001,Ext0002,6,34982,80,13,22,951,3301
325041.1464323802,0.002,Proxy0001,DNS0001,17,25691,53,3,2,80,246
325050.0745069225,7.875,Comp0028,Proxy0001,6,14945,3128,3,55,699,397
325062.2719965465,23.793,Web0006,DB0002,6,25123,3306,50,543,1989,13182
325065.69943307026,0.257,Comp0062,DNS0002,17,12642,53,3,3,105,145
325065.8381923833,0.989,Proxy0001,Ext0010,6,60746,443,4,45,684,18130
325116.10590886377,3.903,Comp0030,FS0001,6,49701,445,31,62,355,3757
325122.6510724463,2.391,Comp0037,DC0001,6,44562,88,12,16,714,619
325125.3771967169,0.231,Comp0002,DNS0001,17,53064,53,2,2,71,141
325155.0995901049,0.27,Comp0056,DNS0001,17,31960,53,2,3,153,110
325197.38472673617,0.146,DC0002,DNS0002,17,44431,53,2,3,54,107
325211.36969775584,1.118,Comp0045,Web0005,6,51415,443,9,246,861,4215
325214.6659335593,3.4,Web0005,DB0003,6,49072,5432,7,57,1286,45849
325268.74902802357,0.234,Comp0007,DNS0002,17,25568,53,2,3,37,455
325275.6352459544,6.602,Comp0078,Comp0008,6,33496,3389,17,4,883,14
325297.8150003565,5.631,Comp0019,Proxy0001,6,4478,3128,7,28,288,2426
325313.7680461891,0.189,Comp0060,Mail0001,6,56083,993,4,8,343,582
325350.4188822201,11.721,Comp0011,DC0001,6,12893,389,9,8,269,2551
325372.82433993585,3.641,Comp0003,FS0003,6,13102,445,9,409,1049,66016
325386.8382267046,18.965,Web0001,DB0001,6,40804,3306,15,81,1690,125018
325412.52130466385,0.069,Proxy0002,DNS0001,17,38070,53,2,3,68,340
325413.67941002623,7.931,Comp0052,Web0005,6,57099,443,12,27,805,415
325415.3523340685,2.7,Comp0011,DC0002,6,19410,3389,4,4,878,1688
325428.03063677193,2.132,Comp0005,Proxy0001,6,46989,3128,8,39,261,113517
325433.81143472664,1.537,Comp0008,Comp0011,6,40843,3389,7,24,441,254
325476.6242322106,0.946,Comp0028,Web0006,6,56971,443,6,39,623,1631
325494.0246047744,1.717,Comp0037,Comp0011,6,31930,3389,5,13,1130,2394
325517.25285694725,0.457,Comp0069,Web0004,6,5410,80,8,39,1212,5112
325537.50968295883,10.072,Web0004,DB0004,6,64277,3306,27,103,4218,4675
325544.68889286945,0.008,Comp0008,DNS0002,17,58992,53,2,3,37,193
325576.8904808988,0.03,Comp0034,DNS0001,17,2676,53,2,2,84,103
325593.10565528093,4.778,Comp0006,Comp0012,6,44200,135,19,6,823,34
325607.90481745475,0.469,Comp0037,Proxy0002,6,39756,3128,16,22,945,16123
325646.63034747244,0.025,Comp0079,DNS0002,17,41726,53,2,2,102,179
325661.6164652296,28.406,Comp0016,DC0002,6,64406,445,30,56,703,348215
325672.33826271066,0.02,Comp0029,DNS0001,17,9408,53,3,4,48,151
325679.08690239233,0.903,Web0006,DB0003,6,38536,3306,48,140,1081,85705
325683.71586326713,0.301,FS0002,DNS0002,17,10341,53,2,2,56,213
325696.24556143465,1.978,Comp0080,Web0001,6,42886,443,6,15,640,11354
325705.4172784975,0.144,Comp0050,DNS0001,17,47307,53,2,2,79,154
325707.6641047187,3.821,Proxy0002,Ext0030,6,4352,443,13,55,1285,176
325741.72213633463,5.64,Comp0073,Web0003,6,51297,443,5,51,1112,488
325767.7998044164,0.22,Web0001,DNS0001,17,40261,53,3,2,76,269
325829.0906474078,1.95,Comp0078,DB0003,6,34939,3389,6,9,178,10
325834.8555936782,16.668,Comp0060,FS0003,6,11198,445,14,41,807,17767
325841.11514635227,12.675,Comp0031,Mail0001,6,54284,587,3,9,193,687
325851.147656251,3.739,Comp0031,Proxy0001,6,46149,3128,4,18,2898,8554
325875.9937400795,3.618,Comp0032,Proxy0001,6,52867,3128,4,10,1472,3000
325923.0057591812,6.599,Comp0018,DC0001,6,27690,88,5,8,309,381
325925.60042172566,1.102,Proxy0002,Ext0015,6,57344,443,12,144,1647,17594
325927.83273288934,15.027,Comp0012,FS0003,6,25908,445,44,92,1996,3322
325928.553794763,0.135,Comp0016,Proxy0002,6,8413,3128,3,57,2135,4465
325942.1025453068,10.076,Comp0071,Proxy0001,6,60120,3128,5,48,182,5066
325965.4096334599,2.604,Comp0045,Mail0002,6,8232,993,6,7,37,533
325965.5833329373,0.29,Comp0063,DNS0001,17,17802,53,2,2,60,106
325988.36858066055,1.443,Comp0055,FS0001,6,41247,445,15,736,349,2104
325999.65650161187,5.137,Comp0069,Web0003,6,8453,443,10,32,440,9619
326005.56218659726,1.52,Comp0022,Proxy0002,6,29981,3128,8,13,384,7705
326008.3295774086,23.983,Web0005,DB0003,6,5477,3306,4,75,260,55602
326050.67993801384,5.159,Comp0052,Web0005,6,59589,443,16,12,1697,5937
326052.80017191655,19.301,Comp0047,FS0001,6,33653,445,9,22,1557,16770
326058.67987020325,0.017,Comp0040,DNS0001,17,59959,53,2,3,149,92
326067.5832063615,0.409,Comp0030,DNS0002,17,50603,53,2,3,133,154
326086.8942203043,0.833,Comp0078,Comp0022,6,36639,3389,5,11,308,78
326108.9019421259,4.578,Proxy0002,Ext0005,6,48957,443,5,27,304,5367
326119.0454552738,0.058,Mail0002,DNS0002,17,2552,53,3,3,98,137
326124.89771767525,38.862,Comp0078,FS0003,6,9314,445,16,66,2609,26913
326131.721050967,0.238,Comp0059,DNS0002,17,10653,53,2,4,139,184
326133.2176558363,8.496,Comp0036,Web0002,6,1941,443,8,57,642,95841
326134.6438192373,0.059,Comp0079,DNS0001,17,50573,53,3,3,64,195
326156.30947247933,0.262,Comp0037,DNS0002,17,11592,53,2,3,67,234
326215.01800882234,0.197,Comp0060,DNS0001,17,21034,53,3,3,113,123
326236.4878791412,1.249,Comp0005,Web0006,6,45167,443,5,72,2008,1781
326283.39770683553,1.885,Comp0059,Web0004,6,55858,443,6,10,429,17692
326328.7557793411,8.716,Comp0064,Mail0001,6,8828,993,9,11,386,816
326330.1454390114,4.403,Comp0067,FS0003,6,22886,445,26,298,2398,55276
326333.8700223933,2.372,Comp0017,Proxy0002,6,14714,3128,6,125,825,4214
326362.4451624757,9.156,Comp0079,DC0002,6,20759,88,5,8,503,1000
326373.8446607384,1.325,Comp0059,DC0001,6,49590,88,4,9,661,734
326403.74304573133,0.135,Comp0028,DNS0001,17,7947,53,2,2,92,80
326410.31871319446,3.358,Proxy0001,Ext0016,6,49212,443,10,138,3527,1611
326411.7502506111,0.047,Comp0079,DNS0002,17,65138,53,2,3,94,174
326456.21973402373,0.062,Comp0071,DNS0002,17,20503,53,2,3,55,124
326475.7304542887,1.331,Comp0002,Proxy0002,6,11581,3128,6,36,645,16734
326497.382142915,2.866,Comp0057,Web0002,6,40476,443,8,88,581,13855
326548.25896372617,2.95,Comp0076,Web0006,6,55907,80,5,72,716,25569
326588.0938400243,1.87,Proxy0001,Ext0009,6,63834,443,3,73,153,859
326621.667631705,0.148,Proxy0002,DNS0001,17,7000,53,2,2,65,201
326622.835053697,0.093,Comp0059,DNS0002,17,23985,53,2,2,58,221
326630.2205359831,0.021,Proxy0002,DNS0001,17,31456,53,3,2,117,52
326663.57043704,0.653,Comp0001,DNS0001,17,21547,53,2,2,66,401
326678.0374446041,2.776,Comp0011,Mail0001,6,10424,993,4,14,93,1122
326679.1939213319,0.679,Comp0014,DNS0001,17,45084,53,3,2,60,167
326681.93355878606,0.162,Web0006,DNS0002,17,7964,53,3,3,45,293
326685.24029954604,18.007,Web0001,DB0003,6,6401,3306,10,43,1450,64497
326701.8582177641,2.095,Comp0067,Web0006,6,51787,80,10,76,524,3093
326730.10603256,0.209,Comp0048,DNS0002,17,24107,53,3,3,52,119
326751.44106842135,0.711,Comp0006,Comp0071,6,31110,22,2,9,457,39
326762.47817033686,2.174,Comp0023,DC0002,6,38724,445,45,146,1075,28981
326824.32582358073,10.082,Comp0040,Web0006,6,49506,443,10,25,704,6232
326861.2193318347,7.923,Proxy0002,Ext0001,6,61323,443,7,13,841,61488
326897.7700454741,3.369,Proxy0002,Ext0003,6,50036,443,24,218,2126,3234
326919.71484425827,0.137,Mail0002,DNS0001,17,26401,53,2,2,60,76
326923.17981012166,7.835,Comp0055,Proxy0001,6,46292,3128,7,9,329,3627
326929.3500474681,0.214,Proxy0002,DNS0002,17,4025,53,2,3,48,89
326943.69836105173,0.038,Comp0040,DNS0001,17,58757,53,2,3,94,110
326955.20838588744,1.757,Comp0011,Web0002,6,26832,443,8,23,830,2159
326991.74208953546,0.073,Comp0017,DNS0002,17,24092,53,2,2,118,167
327002.7810378953,3.798,Comp0052,DC0001,6,49789,445,7,417,2169,4295
327010.6461045973,1.172,Web0004,DB0003,6,56752,3306,72,102,986,5277
327014.29211904324,8.03,Comp0006,Comp0053,6,16004,22,3,3,890,56
327068.9196159509,0.242,Comp0067,DNS0001,17,37360,53,2,2,51,137
327091.6528299857,0.034,Comp0026,DNS0001,17,36986,53,2,3,94,118
327098.0370245506,6.308,Comp0073,DC0002,6,53321,389,8,7,426,947
327139.0670762504,24.937,Web0006,DB0004,6,61639,3306,14,148,4306,5499
327142.7484294229,4.416,Web0006,DB0004,6,17675,5432,61,153,763,22557
327218.1085026863,5.101,Proxy0001,Ext0011,6,45755,443,17,105,1063,26469
327252.03763521375,1.869,Comp0045,Mail0002,6,26110,993,3,4,93,615
327259.40001882345,3.017,Comp0009,Web0002,6,29853,443,15,155,1189,13599
327263.4785907539,5.147,Comp0033,Web0003,6,22867,443,17,53,1035,11665
327274.8615285277,0.023,Comp0053,DNS0002,17,48422,53,2,3,43,88
327295.2974149459,18.333,Comp0037,DC0002,6,60815,445,16,149,1195,9317
327309.1241789354,1.265,Comp0070,DC0002,6,1256,389,3,3,177,392
327318.654965672,0.852,Proxy0002,Ext0023,6,56130,80,5,6,223,7592
327385.8408158483,3.851,Proxy0001,Ext0031,6,52931,443,5,29,666,2387
327390.53147262236,0.995,Comp0051,Mail0002,6,46198,993,6,17,306,840
327393.4010224896,0.766,Comp0025,DNS0001,17,42417,53,2,2,69,191
327431.033628026,0.814,Web0003,DB0004,6,3348,3306,35,105,3716,40846
327439.8211918733,1.933,Comp0006,DB0003,6,27281,3389,3,3,649,90
327495.27989968116,1.73,Comp0050,FS0003,6,60254,445,26,42,469,4584
327507.8295396892,0.121,Comp0007,DNS0001,17,26663,53,3,2,109,124
327510.0797293737,1.975,Comp0035,DC0001,6,39479,88,17,14,725,1149
327557.1370931426,10.384,Web0002,DB0001,6,64849,5432,32,99,5637,37348
327565.8810511679,1.775,Comp0006,Comp0079,6,51525,3389,10,4,278,67
327575.68807752634,6.292,Comp0062,Web0002,6,5775,80,2,45,250,192186
327576.91187360534,4.609,Comp0024,Web0001,6,45124,443,7,16,756,3673
327591.98384467245,2.096,Comp0006,Comp0079,6,60127,3389,3,11,816,70
327629.49824357865,0.648,Proxy0002,Ext0029,6,33914,80,7,61,552,188219
327634.0127897279,1.207,Comp0008,Comp0011,6,39511,3389,13,8,245,695
327641.6696810457,0.418,Comp0039,DNS0001,17,13306,53,2,3,97,325
327651.409735018,1.306,Comp0011,FS0003,6,2949,445,23,447,691,7265
327684.7446392776,17.336,Comp0006,Comp0042,6,34380,139,6,45,6224,4767
327715.0829545422,7.211,Proxy0002,Ext0006,6,2768,80,6,19,574,1040
327734.9539835125,31.049,Comp0078,Comp0016,6,25728,445,29,89,562,10380
327737.2426972735,0.077,Comp0051,DNS0001,17,56252,53,2,3,35,92
327737.3118154219,39.594,Comp0001,FS0003,6,56051,445,21,218,3006,4835
327789.67615081905,0.572,Comp0051,DC0002,6,42067,88,6,7,83,1074
327907.66068464634,0.218,Comp0057,DNS0001,17,58077,53,3,3,74,86
327932.85763894324,5.588,Proxy0001,Ext0036,6,55923,443,14,26,805,2785
328007.73796123074,5.883,Proxy0001,Ext0030,6,54416,443,7,110,1184,5285
328045.3466712578,0.263,Comp0065,DNS0002,17,32346,53,2,3,35,211
328061.1317955679,0.999,Comp0075,DC0002,6,8140,389,4,14,192,1067
328070.9398656938,3.785,Comp0001,Comp0011,6,39789,3389,7,6,651,7162
328117.0023423549,9.014,Comp0009,Proxy0001,6,1327,3128,8,11,315,4546
328148.65421648574,2.187,Comp0005,Proxy0001,6,63519,3128,8,48,1603,3150
328176.722030282,0.768,Web0001,DB0003,6,17624,5432,16,36,8753,1633
328186.43240496464,1.581,Comp0037,Web0006,6,13363,80,18,63,679,2089
328233.08345324604,2.784,Web0005,DB0003,6,22408,3306,51,34,1407,4101
328355.30520853726,3.684,Comp0023,Web0001,6,53091,80,12,60,224,2307
328365.104735955,5.828,Comp0026,FS0001,6,15340,445,5,408,1862,45334
328393.631630721,1.531,Comp0012,Web0006,6,20598,443,6,29,1421,6459
328396.60232681676,20.841,Comp0004,DC0001,6,56218,445,34,66,3793,30949
328532.3375595614,9.845,Proxy0002,Ext0027,6,31118,443,3,28,2094,9800
328551.70963147137,0.265,Comp0022,DNS0001,17,54512,53,2,3,106,198
328564.70470942365,0.212,Web0001,DNS0002,17,44618,53,2,2,62,139
328566.2276656744,0.033,Comp0042,DNS0002,17,20123,53,2,2,110,74
328567.1107515024,0.263,Comp0061,DNS0001,17,49703,53,2,2,72,76
328600.8865131701,9.589,Comp0061,DC0002,6,29120,389,4,5,218,3152
328605.21097631427,1.613,Comp0061,Web0002,6,60030,443,22,244,1327,8951
328624.4234644836,0.4,Comp0014,DC0002,6,61579,389,5,12,191,1360
328638.1277994398,8.066,Comp0016,DC0001,6,65517,88,6,7,456,932
328696.44749743096,0.941,Comp0078,Comp0079,6,53674,3389,3,6,198,38
328775.01574735844,9.72,Comp0044,Web0003,6,63072,443,11,21,965,17410
328777.276811094,0.053,Web0004,DB0004,6,55154,5432,9,35,1247,4323
328786.4814952594,24.076,Web0004,DB0001,6,44767,3306,5,93,2252,69309
328811.2826177506,15.819,Proxy0002,Ext0025,6,9826,443,5,129,950,1460
328815.3429674446,0.247,Web0005,DB0004,6,25218,5432,78,93,1165,1971
328828.8498335465,1.639,Comp0006,Comp0012,6,13416,135,27,13,362,93
328839.74816029344,1.139,DB0001,DC0001,6,16229,389,3,3,422,1809
328878.00354878715,0.129,Comp0003,Mail0001,6,52277,587,3,13,571,131
328879.8914268552,0.048,Web0001,DNS0001,17,50965,53,3,4,64,123
328891.4693935816,7.709,Proxy0001,Ext0020,6,58477,443,7,36,1380,22321
328894.4452171313,3.736,Web0005,DB0003,6,56762,5432,23,23,690,15213
328917.5750145293,14.096,Comp0039,Web0005,6,36456,80,8,53,973,5022
328919.3424577504,10.739,Proxy0001,Ext0007,6,42873,80,13,14,559,7241
328970.8244230171,0.559,Comp0078,Comp0006,6,36383,3389,11,12,985,53
328992.3822268665,0.322,Comp0012,DNS0002,17,32824,53,2,3,86,96
329015.03157752217,0.585,Comp0037,DNS0002,17,65166,53,2,2,52,196
329111.7416598486,0.075,Comp0055,DNS0002,17,9709,53,3,2,121,745
329118.8823266225,0.284,Proxy0002,DNS0002,17,43042,53,2,3,74,138
329175.65819771733,0.203,Comp0019,DNS0001,17,34157,53,3,3,123,92
329184.25757629826,0.943,Web0002,DNS0002,17,49092,53,2,2,74,206
329212.32047076256,17.203,Proxy0002,Ext0035,6,55326,80,3,67,110,2728
329217.56838090287,0.144,Web0004,DNS0001,17,29030,53,3,3,142,143
329218.3650933211,8.742,Comp0066,Mail0002,6,40270,587,8,3,442,781
329222.27398162015,0.403,Comp0078,Comp0022,6,48705,3389,3,9,1329,57
329248.31826428435,29.954,Web0004,DB0004,6,54271,3306,8,73,110,29913
329252.8518634844,1.936,Comp0017,Web0001,6,38988,443,21,17,330,1079
329304.0514021055,6.439,Comp0056,Web0002,6,58442,443,11,27,381,2290
329319.1937244822,0.502,Comp0073,DNS0002,17,57567,53,3,2,91,163
329349.8065005727,10.347,Comp0078,Comp0034,6,14174,22,5,11,782,30
329368.9566824263,0.013,DB0003,DNS0002,17,7047,53,2,2,40,150
329443.44811691454,0.81,Comp0078,Comp0058,6,50915,22,7,8,812,32
329466.59947496135,3.053,Comp0005,Comp0011,6,29614,3389,3,4,587,869
329489.21705841395,11.101,Comp0067,FS0003,6,37194,445,17,34,1950,3713
329536.8346908945,4.798,Comp0067,DC0002,6,11025,88,5,9,153,1429
329569.7165889155,20.275,Comp0075,DC0001,6,46765,445,34,342,3530,23255
329591.43171751266,0.074,Comp0045,DNS0001,17,15859,53,2,2,37,217
329606.8828944024,0.822,Proxy0002,Ext0035,6,13560,80,8,18,182,1903
329623.06204791716,11.559,Comp0006,DB0002,6,28730,135,6,10,751,80
329627.84789687366,19.809,Comp0044,DC0001,6,59155,445,67,178,15374,7535
329643.2014904802,0.551,Comp0029,DNS0002,17,51304,53,2,2,74,92
329673.1513462559,10.237,Mail0001,Ext0012,6,60630,25,4,12,306,1337
329686.74836770445,1.445,Proxy0002,Ext0015,6,6706,443,12,22,2165,535
329738.5101996776,10.683,Comp0047,FS0001,6,7795,445,32,105,352,15841
329750.0151980974,0.044,Comp0002,FS0002,6,19887,445,9,11,389,9453
329777.84961203113,7.319,Web0005,DB0002,6,63838,3306,15,182,623,3633
329779.82115269185,3.738,Proxy0002,Ext0021,6,65130,443,6,38,2555,6844
329783.47759781854,6.524,Web0002,DB0003,6,14923,3306,29,72,3635,1874
329788.55280608265,0.005,Comp0078,Comp0045,6,6371,135,7,5,771,16
329798.80525005213,4.108,Comp0045,DC0001,6,7953,88,5,11,390,763
329814.4539531952,0.193,DB0001,DNS0001,17,28525,53,3,3,33,289
329854.41889143357,0.146,Comp0034,DC0002,6,19018,88,6,9,104,1151
329878.1808013043,0.797,Comp0078,Comp0015,6,2232,3389,3,7,184,52
329908.2886561847,3.613,Comp0073,Web0005,6,10299,443,3,49,580,29852
329964.28577343334,4.054,Comp0055,Web0003,6,7238,443,12,50,263,11606
330001.3099877138,4.028,Web0003,DB0004,6,7450,3306,15,37,5235,1876
330023.228323728,6.323,Proxy0002,Ext0006,6,37742,443,63,30,492,3815
330046.9260954311,6.957,Comp0078,Proxy0001,6,5377,445,23,55,1005,2459
330048.85531644674,4.422,Comp0040,Web0005,6,30637,443,5,14,364,2578
330061.30019336846,0.309,Web0002,DNS0001,17,4781,53,2,2,56,88
330083.0784488942,0.155,Comp0038,DNS0002,17,30587,53,2,3,70,325
330134.8244388065,6.124,Proxy0002,Ext0034,6,56183,443,9,14,2579,13332
330170.34041826794,0.121,Comp0020,DNS0002,17,49790,53,3,2,58,106
330261.8641563954,2.242,Comp0051,Web0005,6,61963,443,24,49,1613,1463
330270.5821028022,35.742,Web0003,DB0004,6,23704,5432,25,119,561,9491
330273.17226849345,14.117,Web0005,DB0002,6,2965,5432,24,1628,3467,18753
330277.46244211117,0.784,Comp0006,Mail0002,6,63201,587,4,13,426,555
330303.6977646713,11.324,Comp0002,Web0003,6,29257,443,4,25,691,2264
330309.474833045,45.068,Comp0006,Comp0061,6,9881,445,29,301,231,393
330321.9695602629,15.193,Comp0042,Web0005,6,3311,443,17,25,591,1837
330324.5427023532,34.361,Comp0004,DC0002,6,60280,445,26,220,1137,12438
330342.7002658402,0.796,Comp0016,DNS0002,17,29446,53,3,3,103,119
330346.05843070755,2.125,Proxy0001,Ext0038,6,28113,443,2,73,353,19644
330365.0749483559,4.592,Web0003,DB0003,6,63300,3306,37,396,2561,4003
330365.2790780715,11.914,Web0006,DB0003,6,45989,3306,11,38,2083,8466
330430.48303206486,1.957,DB0004,DC0001,6,21870,389,5,3,208,279
330450.8717949069,8.533,Web0003,DB0002,6,56657,5432,28,58,534,14345
330468.74697494414,2.765,Proxy0001,Ext0034,6,13046,80,6,60,263,16740
330490.5392475793,0.717,Web0003,DB0002,6,1725,5432,17,10,18616,21510
330495.9449265692,2.088,Proxy0002,Ext0009,6,17824,443,26,27,475,7622
330503.6297931704,3.705,Web0005,DB0003,6,50464,3306,7,667,338,45792
330513.3943322762,2.841,Comp0037,Proxy0001,6,6498,3128,30,106,726,11993
330535.56501477014,2.007,Proxy0001,Ext0015,6,2962,443,10,47,111,6136
330541.9070403003,12.853,Proxy0001,Ext0037,6,9746,80,6,8,299,5359
330570.1284950117,0.082,Mail0001,Ext0009,6,51690,25,5,4,897,78
330585.6172545415,0.057,Web0002,DNS0002,17,13005,53,3,3,61,94
330614.46373797604,27.265,Web0006,DB0002,6,60338,3306,58,864,1342,124764
330692.54255633365,4.849,Comp0045,Web0005,6,34074,443,17,53,849,7330
330702.1673738857,5.638,Comp0046,DC0002,6,51476,445,24,108,2434,13540
330710.87446330255,4.797,Comp0016,DC0002,6,16245,389,3,7,456,722
330758.8804235685,4.816,Comp0017,Web0003,6,54175,443,6,26,918,2473
330845.3371435045,18.536,Comp0078,Comp0010,6,30222,139,30,258,433,8852
330895.79498428,2.814,Comp0001,Proxy0001,6,45856,3128,9,152,4150,15023
330945.53630793624,5.516,Proxy0002,Ext0016,6,49612,80,5,60,808,1439
330946.01056793326,21.11,Web0001,DB0003,6,53757,3306,30,91,1019,3243
331020.55423430144,0.224,Comp0029,DNS0002,17,46424,53,2,4,209,282
331061.8172997866,38.233,Comp0078,Comp0055,6,32613,445,82,33,3523,910
331161.9253063875,2.631,Comp0027,Comp0011,6,43248,3389,9,9,792,379
331174.21431765816,58.242,Comp0006,Comp0013,6,50525,139,6,297,3716,887
331276.44188155537,4.118,DC0001,DC0002,6,23975,445,10,64,2235,10803
331286.5411264227,0.483,Web0006,DNS0001,17,9898,53,3,3,59,245
331370.65812671947,0.029,Comp0049,DNS0001,17,24939,53,2,2,107,196
331425.899162791,4.02,Proxy0001,Ext0035,6,23050,443,11,50,731,10832
331443.4136555236,4.626,Comp0038,DC0001,6,28372,88,4,6,307,3121
331475.65562694496,0.443,Mail0001,DNS0001,17,47890,53,2,3,86,123
331486.6889529365,2.342,Comp0010,Comp0011,6,13902,3389,8,9,217,1065
331536.5938204318,0.352,Proxy0001,Ext0023,6,3168,80,11,44,343,1737
331550.5621651531,16.745,Comp0078,Comp0075,6,45662,445,37,158,360,121
331605.23328789463,1.568,Comp0048,Proxy0001,6,29421,3128,29,20,425,2337
331613.6797005043,0.297,Comp0036,DNS0001,17,34329,53,3,2,57,116
331746.9330330795,0.223,Comp0009,DNS0002,17,36801,53,2,3,53,250
331751.96227545757,3.581,Comp0043,Web0002,6,56224,443,5,40,957,4189
331797.9230930017,0.019,Comp0065,DNS0001,17,50992,53,4,2,47,194
331829.75629575376,12.763,Comp0046,Web0001,6,29709,443,10,18,652,2994
331865.2787181595,0.194,Comp0009,DNS0002,17,34859,53,2,2,41,300
331873.1056486978,2.176,Web0006,DB0003,6,40736,3306,21,24,6651,7495
331881.1163366758,7.866,Proxy0001,Ext0022,6,39901,443,6,50,950,5744
331888.2741811335,9.299,Comp0026,FS0003,6,23832,445,11,46,6491,2476
331900.51963662973,1.708,Web0006,DB0003,6,51371,5432,4,326,3236,12904
331936.2894644789,3.725,Comp0011,DC0001,6,5915,3389,10,9,517,997
331969.6547619779,4.657,Comp0040,Comp0011,6,3597,3389,5,9,275,1657
331993.171092996,1.903,Proxy0002,Ext0013,6,53734,443,5,28,916,7497
332091.936867077,3.524,Comp0074,DC0002,6,35264,389,5,2,1046,1163
332197.55676838674,4.295,Comp0078,Comp0060,6,60055,3389,9,9,493,11
332300.42913520895,22.695,Web0002,DB0003,6,10830,5432,68,20,1797,22662
332345.2570441881,8.977,Comp0054,Web0002,6,12191,443,11,16,466,2026
332352.15335903474,0.137,Comp0024,DNS0001,17,4200,53,2,3,39,105
332364.9909869741,4.642,Comp0017,FS0003,6,58307,445,8,30,1850,13983
332405.64764094335,7.596,Proxy0001,Ext0012,6,57663,443,11,123,1788,9190
332406.89843686554,0.141,Comp0026,DC0002,6,29564,88,5,16,540,1882
332410.9036716196,0.502,Comp0052,DNS0001,17,4397,53,2,3,52,127
332433.8750189084,2.184,Comp0056,Web0004,6,15253,443,13,175,813,4490
332444.1493679022,11.288,Proxy0001,Ext0021,6,23564,443,10,9,250,11301
332445.8579398748,6.615,Comp0072,Proxy0001,6,5095,3128,12,7,536,4005
332503.8920559952,4.056,Web0001,DB0001,6,27500,3306,27,30,686,10042
332539.7156073904,0.94,Comp0062,Proxy0001,6,57367,3128,7,31,127,9729
332580.7173930777,0.761,Comp0071,Mail0001,6,18213,993,5,3,276,556
332599.3561451213,7.409,Comp0011,DB0004,6,3395,22,2,12,92,1096
332642.3308104986,3.043,Proxy0002,Ext0021,6,25680,80,4,19,175,13404
332643.3027765986,1.046,Web0005,DC0001,6,46337,389,7,8,609,707
332723.24562105956,0.335,Comp0079,DNS0002,17,61887,53,3,3,52,153
332802.43263697345,0.358,Web0005,DNS0001,17,63437,53,3,2,83,227
332814.9155803076,1.057,Comp0014,Web0004,6,62583,80,21,37,599,4512
332862.33202582365,5.177,Comp0054,DC0001,6,32966,88,6,16,374,2399
332875.60427427525,5.223,Comp0073,Web0005,6,52432,443,6,34,2267,1637
332927.17461535084,0.0,Comp0017,DNS0001,17,41754,53,2,3,38,136
332941.708665758,10.17,Proxy0001,Ext0035,6,53131,80,3,43,1361,1994
332961.9904619112,5.131,Comp0020,Comp0011,6,11508,3389,6,12,282,487
333197.81262844196,5.75,Proxy0002,Ext0009,6,5535,443,9,30,138,5871
333220.68073341413,0.61,Comp0003,FS0002,6,38828,445,11,68,10085,1985
333332.11078242835,2.268,Comp0057,Comp0011,6,40595,3389,10,18,335,743
333348.95715854515,3.684,Comp0023,DC0002,6,15814,445,34,154,5954,7685
333527.1227562692,0.155,Comp0058,DNS0002,17,15134,53,3,3,50,109
333572.63572273625,16.227,Comp0034,Web0001,6,44010,443,7,26,359,747
333645.88283093803,0.719,Comp0075,Proxy0001,6,39306,3128,3,17,296,8793
333661.53064690594,4.578,Comp0078,DNS0001,6,10706,22,7,3,435,141
333677.9238245173,0.283,Comp0058,DNS0001,17,26508,53,2,2,79,160
333732.36555668886,4.811,Proxy0002,Ext0007,6,12718,443,22,418,192,20950
333742.9847968861,1.754,Proxy0001,Ext0034,6,31056,80,6,9,813,5342
333756.5983979598,10.187,Proxy0002,Ext0019,6,41267,443,19,40,652,4355
333845.3949394409,0.588,Mail0001,Ext0028,6,9913,25,3,8,421,659
333933.0077683149,0.296,Comp0051,Proxy0002,6,40893,3128,7,35,104,692
334008.5182115692,3.222,Comp0078,Web0002,6,57735,22,8,8,219,3
334017.2822691698,0.638,Comp0074,DNS0002,17,12436,53,2,3,57,106
334046.4259138653,27.899,Web0001,DB0002,6,39068,3306,10,41,950,3790
334060.0065546179,0.48,Mail0001,Ext0006,6,13907,25,8,4,214,2392
334062.7992314645,3.983,Web0005,DB0001,6,1948,3306,20,144,284,46307
334094.21232073405,42.177,Comp0006,Comp0017,6,47687,139,39,58,1408,332
334094.6665897101,9.437,Comp0006,Comp0007,6,34091,22,2,6,384,36
334118.1179366146,0.905,Comp0078,Comp0025,6,34943,135,7,16,105,23
334127.35725942545,1.425,Proxy0001,Ext0014,6,56949,443,10,73,724,4303
334199.3165545993,0.401,DB0003,DNS0002,17,38311,53,4,3,42,92
334254.03302527475,18.399,Proxy0001,Ext0023,6,56492,80,8,8,2662,7902
334278.89885278855,37.876,Comp0006,Comp0023,6,50211,445,46,284,1500,214
334282.9179836359,1.075,Web0003,DB0001,6,55455,5432,50,60,1196,44914
334327.397700808,0.076,DB0002,DNS0001,17,11215,53,3,3,70,219
334330.24726975174,2.842,Proxy0001,Ext0003,6,26919,443,101,19,315,10394
334349.4373062459,5.767,Comp0026,Web0004,6,43418,443,28,64,1497,1803
334383.5769940756,26.46,Web0001,DB0004,6,7765,3306,34,44,2171,8493
334390.0229604648,0.658,Comp0051,Proxy0001,6,18618,3128,5,73,134,1884
334404.33219071105,22.894,Comp0006,FS0002,6,11477,445,53,207,582,307
334404.8537822945,5.361,Web0002,DB0002,6,65484,3306,17,61,3948,18576
334416.7106003673,2.612,Mail0002,Ext0037,6,33014,25,8,2,364,612
334435.1710823395,8.872,Web0005,DB0004,6,16682,3306,12,101,775,46137
334544.7547434396,0.025,Comp0013,DNS0002,17,26273,53,3,2,50,171
334714.42247747764,1.054,Mail0001,Ext0007,6,5488,25,8,3,236,619
334749.1945230353,7.127,Web0001,DB0001,6,27069,3306,27,32,5533,8894
334754.5486907017,6.048,Web0002,DB0002,6,4639,5432,36,398,1662,30678
334821.2212316438,1.252,Mail0002,Ext0020,6,26273,25,8,17,341,2288
334824.2082639527,8.713,Proxy0001,Ext0001,6,59949,80,5,85,1836,21853
334832.027481004,0.953,Proxy0002,Ext0002,6,40627,443,8,31,942,16344
334849.9345992682,2.777,Web0003,DB0004,6,16113,3306,28,65,1498,13563
334862.5051030728,19.812,Web0004,DB0001,6,58382,5432,57,16,2196,5872
334879.3051982049,5.958,Comp0023,FS0001,6,26172,445,37,43,2082,4159
334887.0294261458,0.067,DB0001,DNS0002,17,52364,53,2,2,20,148
334900.4611685695,9.147,Comp0078,Comp0007,6,32877,3389,7,17,339,39
334908.08212000795,1.394,Comp0030,Comp0011,6,38160,3389,2,3,458,238
334945.458119491,0.839,Proxy0002,Ext0015,6,55111,443,15,34,186,13017
334959.8296996967,1.029,Web0005,DB0004,6,56759,5432,10,75,1237,4002
334980.52877096005,1.899,Comp0078,DB0004,6,32342,135,10,10,280,15
334990.4628277545,1.429,Comp0016,Proxy0002,6,12202,3128,2,68,547,5121
335007.36709289736,24.997,Comp0011,DC0001,6,60481,445,12,82,1560,73617
335034.1733635821,5.941,Proxy0002,Ext0034,6,54647,80,10,17,516,20074
335036.8652099707,4.199,Comp0078,Comp0068,6,2864,445,38,125,2842,399
335086.00336620206,0.8,Web0002,DB0003,6,23260,5432,22,101,625,2406
335101.2759126437,0.175,Comp0011,FS0003,6,3183,3389,2,9,515,1586
335114.47164114483,2.413,Proxy0001,Ext0020,6,46199,443,28,29,378,10246
335279.82257963007,7.241,Web0005,DB0003,6,33145,3306,20,112,3055,9884
335316.4361354359,0.296,Mail0001,Ext0009,6,15199,25,3,11,500,1623
335346.08415954927,0.659,Web0002,DNS0002,17,33921,53,2,3,32,125
335456.18478644907,14.258,Web0006,DB0002,6,45147,3306,20,89,1758,1667
335539.11493574386,0.093,Comp0017,DNS0002,17,57162,53,2,3,42,281
335570.4659628399,0.358,Comp0025,Comp0011,6,50186,3389,3,12,188,414
335647.1581794581,4.073,Comp0078,Comp0055,6,41229,445,19,192,1407,2500
335672.367493791,4.921,Comp0078,Comp0071,6,37147,139,11,67,2621,1034
335729.795701827,7.678,Web0001,DB0002,6,51442,3306,36,186,761,9862
335766.2787825032,11.32,Web0003,DB0001,6,32923,5432,7,99,869,6143
335798.57416673866,10.371,Web0002,DB0003,6,24492,5432,11,106,1464,21505
335821.65535394766,2.99,Web0003,DB0001,6,1205,5432,35,73,3479,8532
335963.26935208536,8.237,Comp0078,Comp0038,6,36365,3389,5,6,667,33
335970.1076004404,10.536,Comp0054,FS0001,6,39052,445,15,157,1006,8356
335999.36683670443,0.244,Web0004,DNS0001,17,3649,53,2,2,50,132
336005.43225895346,1.09,Comp0006,Mail0002,6,63167,139,70,251,6093,2174
336085.86420888617,0.186,Comp0053,DC0002,6,29075,389,5,13,103,290
336147.2734217036,2.617,Comp0011,DB0003,6,62055,445,16,98,1045,1235
336162.8411506798,0.078,DB0001,DNS0001,17,13118,53,3,3,72,286
336503.40775129275,3.06,Comp0078,Comp0071,6,62601,3389,2,4,630,74
336546.9958822024,9.461,Web0002,DB0004,6,15901,3306,17,84,675,31422
336559.99199249,0.032,Comp0058,DC0002,6,3967,88,3,13,151,305
336627.9705358281,0.933,Comp0016,Mail0001,6,14657,587,5,6,227,575
336744.9330820965,11.197,Proxy0001,Ext0016,6,44304,80,9,36,718,11712
336770.4714465923,2.032,Mail0001,Ext0032,6,24086,25,4,3,978,129
336820.50344376545,0.1,Web0005,DNS0001,17,6153,53,3,3,98,86
336860.5408882515,1.697,Comp0006,Comp0054,6,38464,3389,12,10,137,18
336876.0461410029,3.135,Web0003,DB0004,6,18906,5432,14,189,2422,7355
336991.9989823192,0.174,Web0006,DNS0002,17,39143,53,2,2,90,162
337062.68466122745,0.49,Comp0062,Web0002,6,31530,443,21,17,829,3763
337068.8793532941,0.832,Proxy0002,Ext0010,6,27041,443,12,107,885,9860
337080.450774575,4.675,Web0001,DB0002,6,28324,3306,37,34,392,1418
337130.358065414,0.229,Proxy0001,Ext0028,6,34600,443,12,21,652,12232
337225.0949424451,0.204,Proxy0001,DNS0002,17,38762,53,3,3,73,115
337261.0773155411,0.081,Comp0056,DNS0001,17,12151,53,3,2,35,140
337315.8826014612,1.322,Proxy0001,Ext0002,6,29308,80,7,33,2321,12548
337454.1599636518,6.496,Comp0055,DC0002,6,34294,445,28,46,1747,4180
337538.1610024966,0.252,Comp0008,Comp0011,6,24686,3389,5,6,272,716
337541.1996135445,20.048,Comp0078,Comp0005,6,24604,139,23,24,872,771
337565.30168933875,0.027,Web0004,DNS0001,17,37028,53,3,3,181,125
337622.5069931441,1.145,Comp0006,Comp0043,6,60083,3389,4,2,890,63
337640.52017163864,7.193,Proxy0002,Ext0031,6,14173,443,2,26,598,791
337670.8060110168,0.473,Web0005,DB0001,6,61224,3306,20,213,1910,13769
337811.4716231044,1.05,Proxy0001,Ext0026,6,40185,80,13,35,1037,3398
337839.81909737,1.006,Proxy0001,Ext0012,6,52825,443,14,55,2837,64887
337859.01149773085,4.363,Web0006,DC0001,6,18933,389,4,6,1056,763
338051.34764193697,0.303,Comp0042,DNS0002,17,56148,53,3,3,42,101
338076.37146056286,0.414,FS0003,DNS0002,17,61540,53,2,3,57,87
338086.6827370081,3.614,Proxy0001,Ext0014,6,19247,443,14,58,2905,16589
338101.32240397984,0.341,Comp0001,FS0002,6,37781,445,9,106,255,29251
338254.23413491214,13.284,Web0001,DB0004,6,3919,5432,9,59,645,57605
338259.9290936146,0.326,Proxy0001,DNS0001,17,14074,53,3,2,126,86
338373.26696018165,9.628,Comp0007,Comp0011,6,8733,3389,5,11,851,227
338449.7722257994,0.435,Proxy0001,Ext0015,6,30776,80,9,24,806,1886
338467.4858686799,0.24,Proxy0001,Ext0004,6,12858,443,10,17,590,23265
338490.9223902947,0.157,DC0002,DNS0001,17,21174,53,3,2,124,222
338536.95156321494,0.212,Web0004,DNS0001,17,13312,53,3,3,56,148
338609.1484325096,0.956,Comp0057,Web0006,6,15108,443,8,80,2568,14254
338633.03448830394,54.726,Comp0006,Comp0001,6,42917,139,12,69,997,2380
338831.4481655024,3.468,Comp0006,Comp0051,6,21791,135,7,5,242,43
338862.5281130457,0.149,Proxy0002,DNS0002,17,44878,53,3,2,49,135
338998.6625512085,1.626,Web0004,DB0002,6,18670,3306,34,110,1951,24660
339031.37097647367,14.714,Web0004,DB0003,6,27317,3306,21,66,356,14539
339126.26043391327,8.251,Web0005,DB0002,6,20847,5432,22,8,1421,19022
339133.4282199308,20.074,Proxy0002,Ext0017,6,63410,443,23,25,910,6311
339135.4605943736,2.44,Comp0078,Web0005,6,43109,22,5,7,240,29
339226.7457140258,7.645,Comp0036,FS0001,6,45426,445,15,332,619,4185
339280.5855728645,4.761,Proxy0001,Ext0011,6,60386,443,8,26,295,4235
339282.94317513565,0.142,Comp0006,Web0005,6,51048,22,4,9,295,82
339356.33373775036,4.527,Proxy0001,Ext0014,6,15350,80,33,22,853,5981
339472.0210595966,8.069,Proxy0001,Ext0002,6,12146,80,11,58,1473,1181
339503.08369418874,3.093,Web0005,DB0003,6,5614,3306,12,501,1632,4417
339589.0456935872,4.702,Proxy0001,Ext0025,6,19652,443,8,35,466,3150
339639.5096483664,1.208,Web0006,DNS0001,17,32210,53,3,4,31,64
339656.9814340173,0.045,DC0002,DNS0002,17,10150,53,2,3,54,144
339749.57534452755,1.08,Comp0006,DB0003,6,47643,135,6,18,391,39
339781.5307673591,0.08,Mail0001,DNS0002,17,49464,53,3,2,92,146
339799.90578270337,26.018,Comp0078,FS0001,6,6253,139,21,135,778,662
339827.61478298233,7.77,Web0001,DB0003,6,51209,5432,11,62,3549,16901
339845.9252031461,0.417,Comp0011,FS0001,6,31091,3389,3,8,151,1009
339979.1572510377,0.069,Comp0067,DNS0002,17,28289,53,3,4,69,106
339998.1815888121,0.034,Comp0078,Comp0079,6,3439,3389,2,7,712,41
340061.6278361087,5.66,Web0002,DB0004,6,30595,3306,32,69,2107,32424
340073.0020108202,5.734,Comp0011,FS0001,6,3800,22,5,8,201,339
340115.8404527624,0.016,Web0006,DNS0002,17,14054,53,2,3,63,225
340162.23823772866,4.508,Web0003,DB0003,6,45514,3306,14,504,961,74797
340331.7792055966,0.196,Comp0006,Comp0010,6,9235,22,5,5,114,76
340339.53965170495,1.291,Proxy0001,Ext0028,6,65416,80,5,28,351,12818
340400.40870222286,0.067,Web0001,DNS0002,17,17714,53,2,2,29,279
340419.6552736192,4.903,Proxy0002,Ext0036,6,61011,443,9,170,265,19461
340438.72254700423,16.126,Web0005,DB0003,6,45580,3306,36,348,12103,4420
340446.6478545568,0.255,Proxy0002,DNS0001,17,24535,53,2,2,79,194
340513.1553363638,1.192,Web0002,DC0001,6,46255,389,5,13,1443,371
340515.7520859343,5.328,Web0001,DB0001,6,37674,3306,11,24,1856,4910
340574.17787266587,0.713,Comp0006,Proxy0001,6,37620,22,3,6,305,16
340754.6031695502,6.314,Proxy0001,Ext0039,6,59686,80,2,45,493,623
341007.13923386915,2.347,Comp0023,Comp0011,6,43979,3389,7,22,91,267
341018.8487172681,2.159,Web0006,DB0001,6,48926,3306,8,57,6150,21616
341019.8205099057,0.011,DB0001,DNS0002,17,48028,53,2,2,67,100
341055.41184009425,6.676,Web0005,DB0002,6,41338,3306,33,135,1903,20404
341077.2322775087,0.154,Web0005,DNS0002,17,14813,53,2,2,42,100
341307.8732223281,20.709,Proxy0001,Ext0001,6,29102,80,3,20,671,31361
341355.68491320714,1.304,Comp0078,Comp0064,6,3798,135,5,20,528,10
341365.9828406973,1.587,Comp0078,DC0001,6,36900,3389,10,4,157,6
341430.6796351358,4.245,Comp0006,Comp0056,6,14392,135,4,7,84,32
341451.2043153798,54.051,Web0005,DB0001,6,10691,3306,9,123,1169,11067
341470.46055527637,1.63,Proxy0001,Ext0031,6,1437,443,6,34,1204,3794
341471.7660556743,5.33,Proxy0002,Ext0006,6,17096,443,12,25,82,3213
341477.83895223204,4.492,Proxy0001,Ext0015,6,16990,80,17,62,992,13616
341494.6865663039,10.775,Web0005,DB0002,6,36984,3306,38,171,1044,5350
341530.95024056727,0.079,DB0002,DNS0002,17,57343,53,3,3,20,202
341605.15416482516,0.269,Web0002,DNS0001,17,26783,53,2,2,68,251
341649.3972822549,1.654,Web0002,DB0002,6,65293,3306,80,121,2149,3568
341654.85559781524,0.072,Mail0002,DNS0001,17,20058,53,2,3,38,145
341667.36508545844,0.114,Proxy0002,DNS0001,17,39034,53,2,3,104,236
341668.8308099231,21.845,Proxy0002,Ext0026,6,50660,443,7,57,297,6186
341728.4581542528,4.529,Web0005,DB0003,6,46209,3306,25,19,1259,10404
341846.6268012249,1.182,Web0005,DB0004,6,15321,3306,25,207,1108,5175
341990.59333061066,0.154,Proxy0002,Ext0021,6,49307,443,10,23,230,5921
342226.1792751061,1.451,Proxy0001,Ext0018,6,51253,443,3,21,459,3111
342270.63649269374,8.234,Proxy0001,Ext0005,6,28200,443,19,42,256,12248
342313.8627161639,8.599,Mail0002,Ext0006,6,1887,25,6,8,184,521
342352.1865273188,0.237,Comp0068,Comp0011,6,16855,3389,5,5,62,5427
342423.7889683803,9.299,Comp0078,Comp0013,6,21263,139,35,228,460,748
342425.613261759,27.354,Web0004,DB0002,6,35452,3306,20,433,2546,3181
342454.63169975777,3.413,Comp0006,Comp0036,6,61335,3389,4,12,222,29
342585.7329803306,0.303,Web0005,DC0002,6,44173,389,5,4,310,1200
342594.5335031461,11.188,Proxy0001,Ext0009,6,29561,443,13,25,2949,4965
342605.0211473132,0.95,DNS0002,DC0002,6,57504,389,3,11,311,2596
342710.7877909345,0.499,Web0002,DNS0002,17,53422,53,2,2,241,118
342771.8804205504,11.626,Comp0021,Comp0011,6,48233,3389,4,9,534,467
342860.8484762466,6.123,Proxy0002,Ext0038,6,50012,80,23,44,546,534
342931.083303905,8.582,Proxy0001,Ext0008,6,17466,443,6,48,632,11383
342934.7345376694,0.218,Proxy0001,Ext0023,6,57764,443,4,61,672,2934
342982.35892694566,0.457,Web0004,DNS0002,17,47611,53,2,3,119,206
342982.546640964,0.758,Comp0078,Comp0003,6,62051,22,13,4,283,59
343018.73493384477,1.533,Comp0078,Comp0021,6,21259,135,3,9,143,41
343040.788481069,0.11,FS0003,DNS0002,17,18588,53,2,3,64,70
343227.1165030574,9.293,Proxy0002,Ext0007,6,15883,80,16,24,625,6946
343255.22248302464,8.952,Comp0078,Comp0024,6,14587,3389,4,13,378,11
343264.12791875645,5.93,Web0005,DC0002,6,31454,389,6,9,238,256
343303.2459687562,6.091,Web0004,DB0003,6,11070,3306,40,31,5158,6558
343362.27556281333,33.376,Web0001,DB0001,6,19538,3306,69,111,859,21750
343402.69843414065,1.462,Web0005,DB0003,6,49160,5432,23,78,989,9163
343451.86313286866,8.229,Web0004,DB0004,6,18850,5432,7,73,7947,57560
343501.961829417,0.728,Comp0006,Web0002,6,59661,135,6,9,350,37
343526.66258882824,0.28,FS0002,DNS0001,17,30341,53,2,3,104,116
343533.55727677443,5.486,Proxy0001,Ext0004,6,62774,443,15,18,470,11810
343591.5223335412,10.28,Proxy0002,Ext0024,6,19437,443,4,72,1537,29487
343657.1102671398,3.744,Proxy0002,Ext0009,6,61282,443,18,54,806,20401
343694.5081242464,4.829,Comp0078,Comp0061,6,8331,445,74,168,8139,277
343711.5478760297,11.165,Proxy0001,Ext0018,6,46624,443,10,35,455,2079
343784.86977154587,6.099,Proxy0002,Ext0005,6,24643,80,22,42,674,29558
343797.72551226534,2.849,Proxy0001,Ext0019,6,22221,443,7,67,456,34068
343816.73743236274,38.531,Web0005,DB0002,6,17286,3306,16,90,759,50548
343834.4184736006,2.707,Comp0078,Comp0036,6,43285,135,2,4,424,36
343873.2797186754,1.618,Comp0006,Comp0001,6,22286,135,10,4,798,24
343975.123276788,6.826,Comp0062,Comp0011,6,61127,3389,5,18,118,342
344036.4570563784,7.532,Web0005,DB0001,6,35270,5432,10,80,2914,5521
344041.7814804856,12.838,Proxy0002,Ext0001,6,15067,80,11,20,991,13196
344141.6055387079,0.919,Web0001,DNS0001,17,15086,53,2,2,36,281
344144.0134147093,0.31,Comp0047,DNS0002,17,19535,53,2,2,94,177
344168.36506699445,2.397,Proxy0002,Ext0032,6,20864,443,10,48,1469,2593
344286.5166137682,8.074,Web0004,DB0002,6,34998,3306,27,25,2440,4240
344310.6135664586,0.199,Comp0014,Comp0011,6,44535,3389,8,5,347,5526
344380.87586902804,1.03,Proxy0002,Ext0029,6,51953,443,9,34,1231,7247
344390.40911615547,7.519,Proxy0002,Ext0017,6,18608,443,7,26,670,3068
344501.40290846734,1.173,Web0003,DB0002,6,18522,3306,50,72,3289,132766
344513.25336891,10.554,Proxy0001,Ext0001,6,55336,443,8,11,318,13167
344586.0746580794,0.031,DC0002,DNS0001,17,51583,53,3,2,156,75
344604.3513790922,1.646,Comp0006,Comp0054,6,15387,22,4,10,142,138
344707.37828252057,0.222,Web0006,DNS0001,17,41388,53,2,4,36,114
344744.0449963785,3.066,Web0001,DB0002,6,60523,5432,69,60,2702,34244
344802.52611344703,3.663,Proxy0001,Ext0025,6,59315,80,37,53,329,3727
344963.6736573258,0.043,Web0001,DNS0001,17,43869,53,3,2,37,112
344980.6468789101,0.455,Proxy0002,DNS0001,17,44212,53,2,2,82,87
345012.762996603,0.314,Web0006,DNS0001,17,33100,53,2,3,73,112
345041.0437142005,3.559,Web0004,DB0003,6,59420,3306,20,45,801,11003
345132.98568959057,0.756,Web0005,DB0003,6,60778,5432,21,49,3069,41593
345203.5025947875,1.91,Comp0078,Comp0058,6,6764,135,3,9,109,17
345210.9871493761,13.217,Proxy0001,Ext0034,6,65019,443,6,95,242,1303
345233.0319753265,0.3,Web0005,DNS0001,17,62291,53,3,2,135,150
345357.0613962122,1.461,Comp0006,Comp0074,6,7226,3389,6,4,1597,53
345404.35584077804,0.655,Comp0006,Comp0063,6,17621,135,5,5,1126,28
345462.6028899684,0.094,Web0001,DNS0001,17,48805,53,2,2,57,158
345463.26523339713,1.672,Proxy0001,Ext0032,6,45865,443,22,53,205,391
345540.6039173185,1.525,Comp0078,Comp0076,6,28463,135,6,3,68,32
345596.4,2.328,Comp0006,FS0003,6,45275,445,42,63,3109,40690
