time,duration,src_device,dst_device,protocol,src_port,dst_port,src_packets,dst_packets,src_bytes,dst_bytes
173012.10179281022,8.347,Proxy0002,Ext0030,6,16049,443,41,64,1113,46197
173087.2806494367,0.832,Web0002,DC0002,6,43488,389,4,10,86,425
173136.30853759247,13.869,Proxy0001,Ext0005,6,48216,80,6,69,2353,6143
173196.4317928071,1.737,Proxy0001,Ext0023,6,4394,443,6,104,457,2221
173237.33644697748,0.132,Web0002,DNS0002,17,57625,53,3,2,119,86
173308.68030828112,12.643,Web0006,DB0004,6,30930,3306,9,25,3460,24607
173428.00459762622,10.559,Proxy0002,Ext0031,6,65395,443,10,21,1903,7187
173460.1139697874,26.208,Web0004,DB0002,6,30481,3306,15,27,211,3380
173466.4036198957,6.189,Comp0034,Comp0011,6,45280,3389,11,16,1862,418
173662.2346385404,0.052,Proxy0002,DNS0002,17,12118,53,2,3,57,135
173809.33952732605,0.109,FS0002,DNS0002,17,59144,53,2,3,52,151
173846.8889963538,1.279,Comp0036,Comp0011,6,15310,3389,7,5,1021,335
173847.6842160663,5.221,Comp0006,DC0002,6,57813,3389,3,24,172,9
174037.75607709656,7.607,Proxy0001,Ext0008,6,47845,443,12,34,411,7002
174077.69655076164,1.098,Proxy0001,Ext0004,6,58908,443,19,27,1170,7408
174195.5099824488,51.984,Web0002,DB0002,6,51113,3306,19,78,1966,17805
174255.98243065688,6.174,Web0004,DB0003,6,2567,3306,12,82,3367,19749
174359.74372665415,2.904,Web0004,DB0004,6,17876,3306,6,102,746,2244
174490.52424686073,3.123,Proxy0002,Ext0034,6,61232,80,11,40,1113,7656
174514.28320245026,11.774,Proxy0001,Ext0029,6,64271,80,12,17,151,2238
174645.46793998452,8.775,Proxy0001,Ext0022,6,58849,443,17,133,339,583
174701.23004102803,7.276,DNS0002,DC0001,6,2593,389,4,14,584,645
174729.47581153485,47.301,Web0006,DB0002,6,53117,3306,15,334,10311,4649
174789.63375561358,0.74,Web0002,DC0001,6,61933,389,5,4,1270,1518
174858.11319196492,4.25,Comp0045,Comp0011,6,42952,3389,4,5,142,296
174980.55130204005,4.537,Web0006,DB0002,6,21048,3306,19,94,2692,4095
174994.11310156624,17.057,Proxy0002,Ext0016,6,58809,80,13,95,2372,2017
175130.85128403403,9.311,Web0004,DB0004,6,46426,3306,19,318,2336,18468
175134.44189311742,0.757,Web0003,DB0002,6,24106,3306,21,150,3969,4852
175147.81872096236,22.13,Web0001,DB0004,6,46181,3306,15,187,3312,23301
175282.43186378686,8.081,Mail0002,Ext0033,6,11632,25,4,4,962,680
175318.36302528926,20.472,Web0002,DB0001,6,54535,3306,15,63,2925,24134
175321.5468869339,14.276,Proxy0001,Ext0018,6,19203,80,9,9,1736,1274
175331.66797403037,1.875,Proxy0002,Ext0032,6,5029,80,5,89,1285,8584
175340.12640976132,5.604,Comp0011,FS0003,6,30007,445,52,67,4556,2202
175373.1971713133,0.93,Comp0025,Comp0011,6,20841,3389,14,13,147,2055
175391.94448354,49.059,Comp0006,Comp0066,6,60258,139,29,107,1815,223
175395.90857865303,1.353,Comp0011,FS0003,6,14307,22,11,14,153,324
175569.1130285145,10.069,Mail0002,Ext0015,6,25246,25,4,8,1461,404
175574.87030953285,0.229,FS0001,DNS0001,17,35286,53,2,3,148,169
175595.06509277082,3.407,Web0005,DC0002,6,28675,389,6,6,229,121
175635.68639731235,0.004,DC0002,DNS0002,17,59471,53,3,2,72,164
175657.4627895386,2.59,Comp0006,Comp0034,6,59109,3389,5,12,1197,13
175804.87987129742,27.438,Web0002,DB0001,6,35532,5432,8,198,2309,13340
175807.2461054875,0.76,Proxy0001,Ext0031,6,23949,443,13,60,488,6632
175826.6208825269,0.349,FS0001,DC0001,6,26820,88,3,7,427,455
175849.25600422328,4.324,Comp0006,Web0005,6,20816,445,56,234,3453,343
175965.70638797787,1.207,Web0005,DB0004,6,27661,3306,14,123,3063,2132
175975.59560606082,2.876,Proxy0001,Ext0015,6,15775,80,9,107,377,5745
175987.1317695472,0.757,DB0004,DC0002,6,37445,389,4,10,332,4694
176016.14042452813,0.07,DB0002,DNS0002,17,4297,53,2,3,76,165
176072.85951092967,5.401,Web0003,DB0002,6,53157,5432,43,14,1143,6255
176074.22986903435,2.801,Comp0006,Comp0027,6,5997,3389,5,9,1513,48
176114.97592863976,3.988,Proxy0002,Ext0007,6,59313,443,6,23,1349,3729
176136.83931787033,1.69,FS0002,DC0001,6,20003,88,7,9,154,1153
176176.25372978987,22.691,Web0003,DB0002,6,38454,3306,88,162,1676,24199
176228.0514257003,0.99,Comp0006,Comp0074,6,41052,3389,4,8,218,17
176245.84624900875,6.37,Web0003,DB0001,6,56425,5432,10,18,499,20835
176360.04130164962,1.669,Web0002,DB0002,6,10209,5432,14,88,1897,2014
176379.572834453,12.157,Web0005,DB0003,6,19088,3306,49,90,3813,5546
176424.62284069206,12.539,Proxy0001,Ext0004,6,21662,80,15,238,1191,54052
176424.77254569324,6.257,Web0006,DB0004,6,18256,5432,47,57,1833,31340
176577.58210899992,25.428,Comp0006,Comp0002,6,9211,445,34,281,4765,1207
176698.95150942582,3.539,Comp0037,Comp0011,6,18100,3389,5,6,281,524
176724.17122108774,0.452,Comp0076,Comp0011,6,17169,3389,7,24,148,335
176754.01425435112,2.715,Web0005,DB0001,6,16928,3306,24,254,5514,20765
176770.69607015088,0.142,Comp0006,DB0002,6,37359,135,7,25,151,23
176945.6832678758,5.868,Proxy0002,Ext0018,6,37939,443,7,80,172,8733
176955.34178806978,3.11,Web0001,DC0002,6,22965,389,6,3,114,1335
176969.8989915585,4.143,Proxy0001,Ext0003,6,56912,80,7,54,943,7384
177026.32381785367,0.173,FS0002,DNS0002,17,64080,53,3,3,61,60
177077.35638860794,10.438,Proxy0001,Ext0033,6,59265,443,3,17,1096,1927
177198.486542138,2.412,Web0003,DB0003,6,37442,3306,3,72,2204,7592
177325.23332373248,1.853,Web0006,DB0003,6,19245,5432,17,56,1907,31944
177414.45609059418,0.093,Web0005,DNS0002,17,2738,53,3,2,60,159
177420.52238349992,0.001,Web0003,DNS0002,17,37180,53,2,2,54,277
177433.96924066634,9.435,Web0003,DB0003,6,14732,5432,10,156,2023,36858
177507.0319190067,8.437,Proxy0001,Ext0017,6,40431,443,3,32,774,5526
177534.3205829186,3.583,Web0001,DB0003,6,65365,3306,26,86,5220,24486
177642.01512951133,2.431,Comp0006,Comp0077,6,18391,22,7,14,769,6
177647.8956888208,2.357,Web0002,DB0002,6,6304,3306,37,31,2157,63021
177771.86566997593,0.091,Proxy0001,DNS0001,17,31602,53,4,3,34,226
177781.93795279704,5.086,Proxy0002,Ext0001,6,17248,443,13,30,1013,23340
177802.79108061234,0.205,Proxy0001,Ext0025,6,57080,443,5,43,1031,3025
177839.1411004362,0.305,Proxy0002,DNS0001,17,7440,53,3,3,52,210
178020.97385516413,6.859,Proxy0002,Ext0005,6,64849,443,10,63,460,2751
178051.45197629553,4.419,Comp0006,Comp0040,6,53164,445,13,63,11204,4912
178133.54099404984,0.208,Mail0002,DNS0002,17,29961,53,2,3,75,161
178144.52880125452,0.497,Proxy0001,DNS0001,17,59660,53,2,3,156,101
178164.5373834416,14.38,Web0004,DB0002,6,59976,3306,20,158,3811,26859
178213.69441048976,0.921,Web0003,DB0001,6,53607,3306,21,15,2510,24130
178245.22315861617,2.056,Comp0011,DB0001,6,42282,3389,17,5,896,379
178305.08265392293,5.796,Comp0006,DB0001,6,26282,22,9,11,278,80
178309.42449792518,0.311,Comp0006,Comp0043,6,60539,22,10,6,850,31
178331.04408480527,3.469,Comp0006,Comp0075,6,61970,3389,4,7,730,164
178340.2622232598,2.185,Proxy0002,Ext0005,6,36386,443,18,23,1068,8019
178407.17698155117,9.842,Web0001,DB0001,6,24803,3306,15,713,7432,19573
178421.68470707186,2.778,Proxy0002,Ext0030,6,27292,443,5,77,679,7627
178510.73323188064,2.2,Proxy0002,Ext0013,6,28984,443,13,15,1913,17980
178569.85198586874,1.035,Proxy0002,Ext0024,6,26596,80,11,28,1584,6303
178627.71399144977,2.104,Web0005,DB0001,6,57741,3306,8,65,1925,6092
178774.71600043657,15.076,Proxy0002,Ext0001,6,5079,443,6,69,778,2356
178920.6626193748,0.675,Web0003,DNS0002,17,36485,53,3,3,128,173
178958.80431710475,0.09,Mail0001,DNS0001,17,18951,53,3,3,58,129
179027.52496763508,1.102,Web0001,DB0004,6,54648,3306,19,46,314,20559
179120.7601726759,2.268,Web0004,DB0003,6,19734,3306,25,135,3998,34562
179126.27023833376,1.349,Proxy0001,Ext0001,6,10276,443,11,34,890,2307
179155.27552975365,21.603,Web0002,DB0002,6,6804,3306,13,52,2002,3957
179160.13629291338,6.514,DNS0001,DC0002,6,38575,389,3,3,405,202
179166.7875392311,2.064,Comp0056,Comp0011,6,46940,3389,8,7,541,376
179184.82344407053,2.592,Comp0011,DB0003,6,17788,3389,3,12,884,561
179277.5941137487,0.045,Proxy0001,Ext0003,6,59514,80,14,59,5393,4180
179320.53689603397,0.778,Proxy0002,Ext0016,6,64516,443,16,46,651,2440
179367.71405743007,1.74,Proxy0002,Ext0004,6,28505,443,12,11,1251,16230
179391.6883309916,10.208,DC0001,DC0002,6,52780,445,57,14,1393,8351
179499.75495230797,4.922,Proxy0001,Ext0014,6,62806,80,8,40,384,867
179504.0170254692,0.801,Comp0057,Comp0011,6,47569,3389,6,8,158,1293
179613.41587153226,0.493,Proxy0002,Ext0019,6,9341,443,7,18,1494,6789
179671.93591769986,4.862,Web0004,DB0003,6,65350,3306,28,188,1002,6290
179729.6974083004,5.51,Web0004,DB0001,6,51633,5432,23,60,214,55794
179734.53926543504,0.111,Mail0001,DNS0001,17,64847,53,3,2,54,85
179753.40817797222,4.245,Proxy0001,Ext0018,6,11067,443,16,19,2367,9503
179768.93260849858,6.463,Mail0001,Ext0000,6,9219,25,9,4,558,236
180081.80693995347,10.023,Web0006,DB0002,6,43855,3306,14,310,4054,68248
180116.19180509856,1.259,Comp0006,FS0003,6,33689,22,15,11,672,35
180142.02397989243,17.959,Web0001,DB0003,6,28253,3306,11,47,7829,9624
180212.76454784026,3.041,Proxy0002,Ext0026,6,39523,443,4,16,261,6625
180343.83213778655,29.267,Web0003,DB0002,6,5597,5432,15,118,2723,73204
180429.02070833222,0.877,Proxy0002,Ext0035,6,61337,443,15,41,972,15306
180471.5526113382,0.688,Proxy0002,Ext0000,6,44871,443,12,15,1017,3949
180510.10612924167,0.01,Mail0001,DNS0002,17,6873,53,4,2,31,214
180612.67936410228,0.043,Web0001,DNS0001,17,30147,53,3,2,63,107
180625.93880424445,13.377,Web0003,DB0001,6,26031,5432,26,81,12400,18420
180651.70343658744,2.57,Proxy0001,Ext0028,6,47097,443,12,59,1401,3158
180707.31868906526,0.949,Proxy0002,Ext0017,6,8759,443,11,11,625,1908
180724.59723754664,6.715,Mail0001,Ext0014,6,8344,25,7,7,549,538
180746.04697391775,0.207,Web0002,DNS0002,17,23763,53,3,2,60,149
180891.023072655,0.266,Web0006,DNS0001,17,38445,53,2,2,53,143
180899.78244227948,18.525,Proxy0001,Ext0017,6,63167,80,7,73,8855,2016
180927.7062197415,3.101,Comp0006,Web0004,6,51821,3389,5,7,264,27
181163.5654319029,19.151,Web0006,DB0001,6,9777,3306,5,69,1207,79681
181165.87813153228,20.559,Web0005,DB0002,6,11634,3306,17,275,220,1205
181176.49864104087,2.833,Web0002,DB0001,6,10157,3306,21,73,795,4863
181340.78999384926,42.741,Comp0006,Comp0037,6,3872,139,9,88,750,882
181408.27988710295,0.028,DC0001,DNS0001,17,35232,53,2,2,79,243
181409.9539533382,7.255,Proxy0001,Ext0023,6,20780,443,3,24,722,8183
181425.19851353514,2.133,Web0004,DB0002,6,31555,3306,15,105,5401,17408
181500.62346588026,7.921,Web0001,DB0004,6,46866,3306,15,248,212,7614
181564.55015413807,6.325,Proxy0002,Ext0014,6,37002,443,4,40,869,2931
181571.69148511055,25.502,Comp0006,Comp0009,6,47104,139,63,93,4594,754
181635.18827341343,0.029,Mail0001,DNS0001,17,5390,53,3,3,83,183
181799.39326771948,0.858,Proxy0001,Ext0012,6,31003,443,9,19,707,5238
181839.6899019429,7.783,Web0002,DB0004,6,52380,3306,17,93,1498,5107
181925.1598589186,1.307,Proxy0001,Ext0006,6,51628,443,2,34,876,10125
182008.9024827324,40.424,Web0003,DB0002,6,30152,3306,63,69,1701,10736
182045.48776478405,0.325,Comp0051,Comp0011,6,20414,3389,16,4,408,250
182068.62025699747,1.665,Proxy0001,Ext0022,6,27276,443,6,33,1330,2811
182218.77763993313,23.687,Web0004,DB0001,6,45743,3306,19,453,1231,12602
182288.23051096083,11.087,Web0004,DB0001,6,54274,3306,35,108,3217,53726
182301.5368190619,0.107,Comp0025,Comp0011,6,34560,3389,4,7,326,70
182303.0890543241,0.235,Comp0078,Comp0011,6,63854,3389,9,25,208,500
182359.28724406246,0.348,Proxy0002,DNS0002,17,62040,53,2,2,46,239
182504.52029677137,5.64,Comp0053,DC0002,6,19666,88,5,7,1684,815
182543.07440319526,2.19,Proxy0002,Ext0015,6,44680,80,7,23,3057,1417
182588.49839669192,7.622,Comp0034,Web0001,6,5131,80,5,29,1242,65185
182674.75446234527,2.868,Proxy0002,Ext0038,6,11396,443,11,6,365,16554
182756.47393019425,3.367,Mail0001,Ext0020,6,57559,25,7,4,359,2332
182832.64060054973,13.202,Web0006,DB0002,6,15112,5432,25,24,857,28152
182864.28641675977,0.615,Proxy0002,Ext0016,6,25598,443,9,20,1386,2359
182898.1087743357,7.183,FS0002,DC0002,6,34738,88,24,17,1064,1629
182933.99147329188,0.492,Comp0055,Comp0011,6,58603,3389,4,7,191,616
182986.49023030922,1.564,Web0006,DB0002,6,6211,5432,35,106,3059,1395
183123.6719372355,4.148,Web0005,DC0001,6,8959,389,8,8,1380,420
183209.6065153782,3.772,Web0001,DB0003,6,36416,3306,45,72,4980,5647
183404.63506329685,3.87,Proxy0001,Ext0010,6,21196,443,4,10,376,6039
183434.27156292478,14.739,Proxy0001,Ext0030,6,48726,443,5,28,386,11851
183480.33180035604,1.595,Comp0011,DB0004,6,18108,22,3,14,152,157
183548.20073336258,0.02,DC0002,DNS0002,17,10557,53,3,3,54,65
183592.48373837175,36.507,Web0004,DB0004,6,53443,5432,79,51,504,8065
183639.59787926736,2.827,Comp0011,FS0001,6,15005,3389,12,12,630,1000
183715.7877126959,1.565,Web0006,DB0004,6,15929,5432,31,28,1541,35353
183805.89045639132,3.535,Web0001,DB0003,6,21563,3306,9,33,2379,234534
183860.5783266426,2.111,Comp0011,DB0003,6,57455,3389,17,2,114,1176
183908.86063853666,1.543,Proxy0002,Ext0027,6,38157,443,5,68,1685,3497
183976.10056565874,0.017,Proxy0002,Ext0016,6,62502,80,6,106,1068,15364
184011.7557321876,15.582,Web0002,DB0001,6,36142,3306,11,122,7154,5062
184020.56671261904,0.263,DB0003,DNS0001,17,55816,53,3,5,113,114
184088.5531714529,12.041,Web0001,DB0002,6,14641,3306,23,307,6932,2849
184099.9200708088,0.321,Comp0043,Comp0011,6,63927,3389,5,8,479,198
184142.69695055965,11.865,Comp0012,Comp0011,6,35406,3389,14,7,684,3412
184193.34487250802,4.463,Proxy0002,Ext0012,6,33669,443,6,148,446,690
184211.3023633963,7.897,Web0004,DB0002,6,24678,5432,79,122,609,52993
184332.56435100982,0.327,Proxy0002,DNS0001,17,44944,53,2,3,93,132
184352.71393370116,0.64,Proxy0001,Ext0009,6,30624,80,4,42,264,15411
184379.84298853087,9.752,Proxy0001,Ext0005,6,2769,443,19,15,271,1195
184499.9897976437,0.099,Proxy0002,DNS0001,17,35977,53,2,3,90,173
184531.79821780184,0.825,Proxy0001,Ext0024,6,33932,80,5,95,437,7754
184545.98703812787,0.414,Web0004,DB0003,6,28048,3306,194,223,7706,11385
184577.39780925,0.348,Mail0002,Ext0012,6,22514,25,3,20,839,624
184608.01140254864,28.985,Web0002,DB0004,6,63882,5432,28,48,2445,1333
184745.16915950706,2.897,Web0003,DB0004,6,41457,3306,15,19,815,6733
184946.7983416103,21.559,Web0006,DB0004,6,26909,3306,12,155,3357,13317
184958.59736860235,0.89,Proxy0001,Ext0037,6,6385,443,7,123,2711,999
184997.18561756954,1.099,Comp0011,DC0001,6,62678,3389,4,13,208,634
185265.6474726376,2.084,Proxy0002,Ext0001,6,13333,443,6,15,855,31450
185287.45358372823,4.34,Comp0036,Proxy0001,6,54129,3128,11,45,636,14895
185305.2227896434,1.902,Comp0066,Comp0011,6,2875,3389,9,3,159,1047
185376.92642542179,4.718,Comp0053,Web0001,6,5854,80,8,46,194,12555
185450.9839575308,0.048,Mail0001,DNS0001,17,45426,53,3,3,62,112
185455.66584138467,1.8,FS0003,DC0002,6,5179,88,3,7,489,1117
185557.34174763298,0.47,Comp0019,DC0001,6,15215,445,6,340,6425,1139
185645.18660394335,0.24,Comp0013,DNS0001,17,4295,53,2,2,62,145
185662.4842893272,27.857,Web0004,DB0002,6,22294,3306,15,626,1983,11819
185834.97404794936,3.909,Proxy0002,Ext0031,6,1077,443,8,52,739,10323
185839.4456876655,3.461,Proxy0002,Ext0013,6,23555,80,13,36,614,128948
185839.97365921515,0.28,DB0003,DC0001,6,34255,389,5,3,451,626
185945.62432937048,2.341,Web0001,DB0004,6,21569,3306,157,253,1610,5797
186023.6722432311,0.169,DC0001,DNS0001,17,30183,53,2,2,78,181
186046.94975421604,2.825,Web0001,DB0002,6,29773,5432,19,160,548,22922
186052.28588634075,2.671,Comp0006,Comp0040,6,46222,3389,5,5,518,23
186069.1022117728,3.568,Comp0044,Comp0011,6,62618,3389,5,7,820,1830
186112.73237555756,2.897,Comp0006,Comp0009,6,7533,3389,13,6,198,18
186198.21803576307,0.113,Proxy0001,DNS0001,17,15941,53,3,2,36,164
186240.72487713775,5.664,Web0001,DB0001,6,47509,5432,17,98,3748,74617
186359.91003457565,5.92,Proxy0001,Ext0024,6,49994,443,7,14,370,3875
186411.0619638344,4.893,Comp0066,Mail0002,6,62574,993,7,4,358,1510
186421.8002871621,0.115,Mail0001,DNS0001,17,4232,53,3,3,30,52
186447.19646894236,9.473,Mail0001,Ext0039,6,27489,25,8,9,641,867
186551.51809112795,21.034,Web0005,DB0002,6,61659,5432,29,21,1034,12749
186595.3859409462,2.064,Comp0008,DC0001,6,7619,88,2,6,643,853
186627.29779739422,0.101,Web0002,DNS0001,17,29616,53,3,2,41,70
186688.7085731239,0.451,Web0006,DB0002,6,8936,3306,22,278,4779,6905
186814.75370842442,4.465,Comp0011,FS0002,6,26582,22,8,31,224,1021
186880.39487303304,0.891,Proxy0001,Ext0015,6,56465,443,26,56,371,4381
187131.88029184833,1.728,Comp0080,Comp0011,6,58946,3389,8,8,622,1497
187188.2710602535,0.028,FS0001,DNS0002,17,44819,53,3,2,88,62
187192.5138428942,14.793,Proxy0001,Ext0039,6,10452,80,6,12,1434,19867
187195.87347569736,0.134,Proxy0002,DNS0001,17,5571,53,1,3,82,90
187298.0631468818,0.23,Web0006,DB0004,6,60534,3306,14,48,4866,2380
187300.0477782027,0.141,Web0002,DNS0001,17,27871,53,3,2,58,147
187375.87640942517,1.245,Proxy0001,Ext0028,6,20165,443,11,71,1107,3420
187403.43145614423,2.205,Proxy0002,Ext0037,6,7008,443,13,184,5037,43883
187483.54118766246,10.224,Web0001,DB0004,6,12912,3306,17,39,1187,17047
187495.1163425927,0.543,Web0005,DNS0002,17,22169,53,2,2,98,260
187535.15248195056,0.502,Comp0035,Comp0011,6,64142,3389,5,3,520,115
187581.1002879976,1.814,Mail0001,Ext0025,6,18405,25,4,7,453,491
187616.4032240588,0.053,Comp0076,Comp0011,6,30693,3389,7,6,288,1595
187822.10726344568,12.451,Web0002,DB0002,6,39241,5432,71,357,634,18823
187831.55538158157,0.113,Web0001,DNS0002,17,55960,53,2,2,69,366
187945.99138511944,10.548,Comp0067,Mail0001,6,57739,587,8,7,377,1037
187958.92690363163,8.085,Comp0006,Comp0020,6,28695,22,10,12,672,21
187975.83973772638,10.825,Proxy0001,Ext0001,6,26639,443,6,115,1334,6502
188037.62617470959,4.047,Web0006,DB0004,6,42916,3306,38,196,7851,566
188088.49791873168,2.256,Comp0062,Web0004,6,13217,80,4,28,413,4942
188165.2999176899,0.373,Comp0006,Comp0026,6,6537,22,14,5,879,39
188217.97214443475,9.503,Proxy0001,Ext0001,6,18121,443,7,29,155,78843
188241.38278443148,1.541,Web0006,DB0004,6,43750,3306,27,116,291,24626
188243.42244735197,1.632,Web0003,DB0004,6,9082,3306,108,88,1475,2925
188259.33213145263,37.219,Web0001,DB0001,6,6974,3306,8,179,1786,6207
188309.52730739664,1.361,Proxy0001,Ext0002,6,57478,80,32,32,2759,914
188400.35883067493,1.759,Comp0006,Comp0059,6,56667,3389,6,6,289,29
188426.52071102132,1.821,Comp0064,Web0001,6,29233,443,3,31,518,11023
188431.53012948236,4.929,Comp0048,Comp0011,6,49769,3389,6,12,269,994
188492.0053009338,13.716,Web0002,DB0004,6,59186,3306,14,79,2664,14439
188589.0122564432,17.273,Proxy0002,Ext0033,6,36467,443,5,58,395,789
188803.2953088638,10.197,Proxy0002,Ext0016,6,28606,80,9,107,1098,39596
188855.01670659822,0.443,FS0002,DNS0002,17,29715,53,3,2,54,137
188947.22548050177,1.551,Mail0001,Ext0022,6,56373,25,4,10,548,263
188967.8309677031,4.045,Web0005,DB0004,6,13799,3306,14,192,4563,70965
189000.73389721976,0.067,FS0001,DNS0002,17,61534,53,2,2,58,84
189193.66430351924,20.682,Web0003,DB0002,6,24995,5432,11,612,818,6890
189316.06239221737,1.585,Comp0071,DC0001,6,60407,389,6,7,335,882
189412.26365254977,1.067,Proxy0001,Ext0019,6,32879,80,10,54,545,3025
189449.7614575895,0.414,Web0002,DB0003,6,2764,3306,22,36,7664,77917
189465.19963376192,0.277,Comp0021,Comp0011,6,54003,3389,3,5,764,449
189498.20561636586,0.078,Web0005,DNS0002,17,53516,53,2,3,65,139
189522.23957217162,67.276,Web0001,DB0004,6,53356,3306,23,172,2645,80448
189734.56671789772,0.967,Comp0007,Web0003,6,20856,443,5,34,1894,9245
189874.4684805115,1.094,DNS0002,DC0001,6,14055,389,7,6,379,2272
189887.24596799008,12.669,Comp0006,Comp0039,6,56325,445,64,459,3920,1090
190050.97798510717,3.829,Comp0006,Comp0077,6,1787,135,2,8,2160,13
190061.06269723785,0.07,Comp0003,DNS0002,17,36715,53,2,3,118,170
190173.24653163285,26.137,Web0001,DB0004,6,10866,3306,4,82,1303,35279
190295.847880664,0.889,Proxy0002,Ext0036,6,1983,443,4,40,421,1835
190298.12020334014,1.514,Proxy0002,Ext0034,6,30861,80,5,21,387,2989
190304.96567180214,6.337,Comp0043,Proxy0001,6,29003,3128,7,40,4024,6228
190432.79351283607,6.666,Proxy0001,Ext0025,6,27306,443,8,23,924,727
190533.40800037154,1.02,Proxy0002,Ext0029,6,39877,443,8,18,3355,9956
190588.55746476515,0.645,DB0002,DC0001,6,3294,389,7,9,366,86
190590.2283413212,0.722,Comp0025,DNS0002,17,28199,53,3,2,51,50
190615.22638545657,3.781,Web0005,DB0003,6,57520,3306,82,28,24784,45985
190648.8040811514,2.591,Web0001,DB0002,6,43937,5432,20,137,1194,36689
190652.5301809837,0.879,Comp0049,DNS0002,17,40381,53,2,3,50,208
190676.1688794381,6.474,Comp0032,Web0005,6,44250,443,37,61,511,2328
190698.26469420502,0.041,Comp0045,Mail0002,6,36245,587,8,4,963,315
190737.91477543354,11.63,Comp0047,Comp0011,6,63882,3389,7,4,457,378
190783.14071269665,12.892,Web0001,DB0004,6,25514,3306,16,134,1299,5748
190837.1166086995,0.446,Web0004,DB0004,6,29912,5432,17,39,263,6407
190861.60658607885,2.116,Proxy0002,Ext0006,6,6768,80,14,57,450,2596
190882.95061946765,5.839,Web0001,DB0003,6,6252,3306,18,187,6454,8430
190927.55926932595,0.688,Proxy0001,Ext0018,6,53697,443,5,32,864,6814
191095.2819069761,22.117,DC0001,DC0002,6,30264,445,7,288,345,33574
191099.46010814206,26.041,Web0002,DB0004,6,51764,3306,31,413,489,15119
191101.68807800405,11.144,Web0006,DB0003,6,45523,3306,14,12,425,19271
191111.7570689834,0.193,Comp0076,DNS0001,17,64739,53,3,2,59,200
191145.98513575917,13.952,Web0006,DB0002,6,52432,3306,93,68,517,5821
191201.99364195726,0.099,Comp0002,Web0002,6,62730,80,12,18,1498,6355
191248.12138925452,1.348,Comp0006,Comp0027,6,47888,135,6,13,131,72
191262.16588228208,5.093,Web0002,DB0001,6,9466,5432,114,86,7889,4451
191313.56376881798,0.038,Comp0044,DNS0001,17,10440,53,2,3,61,229
191404.12943261245,0.245,Comp0013,Proxy0002,6,63880,3128,26,15,457,1457
191540.46399535498,0.386,DB0004,DC0001,6,23697,389,5,5,753,5130
191553.75473537174,1.781,Comp0006,Comp0055,6,2354,3389,8,8,276,57
191674.61923607814,0.005,Comp0013,DNS0001,17,40328,53,2,2,55,91
191678.8280276659,0.278,DB0004,DNS0002,17,62254,53,2,3,45,101
191697.12513970642,11.239,Comp0006,Comp0042,6,10673,139,3,113,9537,354
191718.80212041302,0.504,Comp0063,Comp0011,6,49734,3389,3,7,358,201
191732.85612495153,5.719,Comp0045,Comp0011,6,39662,3389,4,10,601,771
191871.56983974093,0.472,Mail0001,DNS0001,17,41221,53,2,2,89,209
191908.53781479353,0.013,Web0006,DNS0001,17,9158,53,2,2,56,200
191945.91768725493,5.149,DNS0001,DC0001,6,19044,389,6,9,1036,394
191946.58325520158,0.978,Comp0051,DC0001,6,60365,445,43,41,761,10358
191978.62633593858,22.173,Comp0011,DB0001,6,8721,445,53,33,3781,10562
191979.31687437365,0.039,DB0002,DNS0001,17,49810,53,3,3,36,191
191981.56973358078,1.236,Web0002,DB0001,6,54668,3306,8,390,1623,29934
192017.3901512174,10.402,Proxy0001,Ext0006,6,30171,80,4,41,2065,5391
192060.95686843124,2.276,Proxy0001,Ext0039,6,31788,443,11,33,3898,1267
192197.51633255108,2.485,Web0003,DB0001,6,30538,5432,30,547,1662,11349
192243.64952105258,2.144,Comp0012,Mail0001,6,27463,993,4,7,230,522
192294.2121818125,10.593,Comp0031,DC0001,6,20768,389,7,6,292,819
192317.59266274926,18.793,Comp0006,Comp0062,6,43810,445,36,206,7179,757
192319.2328245232,0.175,Web0004,DNS0001,17,36251,53,2,2,31,138
192339.90050592998,0.265,Comp0043,DNS0001,17,55742,53,2,2,64,352
192407.62367212932,1.458,Comp0006,Comp0016,6,54311,22,6,3,813,87
192460.65776521445,0.141,Comp0076,DNS0002,17,2818,53,2,3,106,59
192504.2880189533,0.408,Comp0065,DNS0002,17,34983,53,3,2,60,112
192550.1617450328,7.586,Comp0022,Proxy0001,6,48867,3128,6,63,1476,22150
192568.8567014162,0.017,Comp0078,DNS0001,17,26114,53,3,3,73,65
192581.7482356842,3.343,Comp0007,FS0003,6,55149,445,16,252,1065,26365
192653.71187015815,0.158,Comp0064,DNS0001,17,19715,53,2,2,76,436
192681.19300851194,1.119,Comp0011,DB0003,6,5823,22,5,20,542,1246
192716.3038075752,6.318,Comp0026,DC0002,6,5537,445,27,86,1324,21912
192788.70138220667,0.811,Comp0075,Web0006,6,58814,443,22,59,3400,3139
192799.19260359867,1.71,Comp0075,Comp0011,6,48776,3389,7,5,692,3216
192812.86620422106,0.596,Comp0056,Web0003,6,53294,443,2,28,684,4337
192819.67404295277,18.662,Web0005,DB0002,6,30402,3306,35,58,1932,39589
192847.58165812714,1.651,Proxy0001,Ext0031,6,22930,443,18,26,142,12127
192861.47234774398,9.494,Proxy0001,Ext0036,6,1194,80,3,258,189,18274
192972.00657196302,11.185,Comp0004,Comp0011,6,22801,3389,6,4,732,286
192992.48777998626,6.475,Comp0011,DB0001,6,28364,22,7,9,223,297
193028.89724855768,12.312,Comp0041,Web0006,6,18276,443,13,71,353,7913
193082.3903583306,12.584,Web0001,DB0003,6,59684,5432,23,17,485,5360
193172.73359328188,3.487,Comp0014,Mail0001,6,50354,587,4,15,359,358
193214.43447548672,0.189,Comp0054,DC0001,6,41512,88,8,8,1204,238
193311.03772361367,4.52,Comp0001,FS0003,6,44476,445,172,345,962,3127
193395.02041936194,6.074,Proxy0001,Ext0026,6,9486,80,6,61,1662,13261
193395.1294538692,1.042,Web0005,DB0002,6,4154,3306,121,64,4297,2512
193421.08140375037,0.045,Web0004,DNS0002,17,51676,53,2,2,81,144
193521.77649456475,0.293,Web0002,DB0004,6,51030,3306,10,36,491,21804
193574.4131999807,0.242,Comp0058,DNS0001,17,63565,53,2,3,137,202
193590.25856092447,6.194,Comp0050,DC0002,6,61107,389,6,10,696,460
193693.51335631864,0.496,Comp0062,DNS0002,17,2103,53,2,2,28,157
193741.57271505895,1.058,Web0002,DC0001,6,13245,389,4,4,90,473
193879.2856214864,0.044,Comp0074,DNS0002,17,64109,53,3,3,48,444
193881.0759031556,4.815,Proxy0002,Ext0029,6,57504,443,3,157,2391,4319
193915.8691500236,28.79,Comp0080,FS0003,6,62551,445,131,225,4746,8014
194058.62644295144,7.71,Web0002,DB0001,6,25084,3306,10,122,559,13118
194065.59404176037,3.975,Proxy0001,Ext0015,6,37163,80,5,16,729,3574
194194.77850932474,2.733,Comp0033,Proxy0002,6,54862,3128,14,97,120,16695
194224.1430972872,0.235,Comp0017,DC0002,6,17186,389,5,16,911,271
194252.17749375396,9.106,Web0005,DB0001,6,65002,3306,18,61,10304,6656
194257.302784028,4.939,Comp0006,Web0003,6,47181,139,13,102,717,442
194265.46937493922,3.85,Proxy0001,Ext0025,6,62886,443,9,23,477,3886
194271.2333363163,0.14,DC0001,DNS0001,17,4452,53,4,4,37,106
194278.69703616764,4.145,Proxy0001,Ext0004,6,64038,80,9,39,298,41497
194303.3596608711,15.527,Comp0017,Web0004,6,14111,443,5,55,418,8705
194338.0206672031,7.635,Comp0074,Web0005,6,9770,443,5,38,1563,33602
194362.986917924,7.445,Proxy0001,Ext0039,6,54090,80,5,36,1020,17566
194439.03092110995,12.967,Comp0005,FS0002,6,36546,445,30,60,5037,837
194444.82161950445,2.718,Comp0008,Web0002,6,40105,443,16,34,845,9668
194527.13736788282,3.976,Comp0049,Web0002,6,22144,443,23,21,1018,14557
194541.1428139558,24.918,Comp0072,FS0001,6,35627,445,85,399,5928,42747
194541.4243343651,20.069,Web0005,DB0002,6,44467,3306,20,109,177,14000
194648.99944662311,0.1,DC0002,DNS0002,17,37644,53,3,2,85,442
194654.07491809645,1.034,Comp0010,Mail0002,6,11010,993,8,4,1068,506
194659.88272781658,0.192,Comp0028,DNS0002,17,49624,53,2,2,41,192
194670.32065510203,7.022,Web0005,DB0002,6,62736,5432,13,184,5048,5081
194691.05252058373,0.614,Comp0028,Comp0011,6,20191,3389,3,13,683,875
194698.76954881908,0.073,Comp0006,DNS0001,6,55036,3389,7,8,182,66
194732.19023850653,1.961,Comp0011,FS0001,6,59990,22,7,7,418,2066
194749.34595770316,0.404,DB0001,DNS0002,17,55812,53,3,2,70,104
194818.63694587618,1.822,Comp0058,Web0001,6,39827,443,5,30,731,48869
194846.20780429387,0.15,Web0001,DNS0001,17,44373,53,2,2,48,101
194872.919467549,1.566,Comp0046,Comp0011,6,52857,3389,11,5,402,235
194987.49782649428,30.555,Comp0039,FS0001,6,15600,445,45,577,4677,6675
195008.9605058625,20.204,Comp0006,Proxy0001,6,5877,3128,12,48,473,5689
195018.3340713143,0.514,FS0001,DC0001,6,3038,88,6,26,854,1401
195044.76175078013,20.871,Web0005,DB0001,6,56448,3306,11,506,1544,31665
195126.36905980718,0.155,Comp0065,DNS0001,17,18444,53,2,2,164,101
195139.5514358959,0.02,DB0003,DNS0001,17,37060,53,2,2,127,160
195145.87825061276,2.32,Mail0002,Ext0030,6,25535,25,4,7,511,570
195169.9723236322,1.85,Web0004,DB0001,6,19638,5432,31,89,3166,14027
195228.32096793747,6.041,Comp0038,Web0001,6,14801,443,14,15,3626,1194
195415.92063664843,1.864,FS0001,DC0002,6,57756,88,5,12,410,1057
195448.08843206658,0.094,Comp0046,DNS0002,17,14007,53,3,2,59,177
195537.7487968058,3.814,Comp0010,Web0003,6,48613,443,14,14,2803,1110
195574.76005283833,25.437,Web0003,DB0003,6,19896,3306,5,96,995,4220
195596.14582844483,2.419,Comp0006,Comp0036,6,38845,135,3,3,735,10
195706.3824114332,7.17,Comp0040,Web0005,6,51691,443,17,25,543,5390
195762.35251460833,11.403,Web0001,DB0002,6,48129,3306,61,22,2566,7438
195788.53979089775,9.783,Comp0070,Proxy0002,6,59594,3128,9,53,375,33069
195886.72616131176,0.037,Comp0052,DNS0001,17,1805,53,3,3,71,202
196032.06072347483,0.655,Comp0060,DC0001,6,9261,389,5,10,883,369
196039.28968748287,27.41,Web0006,DB0001,6,54096,3306,25,103,3503,33295
196078.4905655399,16.078,Web0003,DB0003,6,5708,3306,94,233,6196,10677
196121.46542490373,0.013,Comp0072,Mail0002,6,22948,587,5,21,421,789
196125.156528777,10.412,Comp0028,DC0001,6,11897,389,21,5,483,1287
196153.1448493097,0.527,Proxy0001,Ext0035,6,62719,80,21,99,404,659
196176.0444548923,0.304,Comp0071,DNS0001,17,51771,53,2,2,68,134
196219.05639411823,0.405,Mail0002,DNS0001,17,3836,53,3,2,109,78
196222.6833681396,10.208,Comp0067,Web0002,6,57264,443,7,151,407,4245
196251.10632377147,3.191,Comp0022,Proxy0001,6,42772,3128,14,133,167,1167
196266.6608147235,0.271,Comp0018,DC0002,6,37353,88,10,10,540,2180
196368.16333694986,3.939,Proxy0001,Ext0030,6,36562,443,5,25,552,4004
196379.22800894457,2.692,Comp0066,Web0002,6,64215,80,2,125,409,10363
196398.74539288075,0.445,Proxy0002,DNS0002,17,38798,53,3,3,70,87
196409.9506389734,2.273,Comp0048,Proxy0002,6,57162,3128,35,58,4610,9985
196423.76055408074,0.069,Comp0061,DNS0001,17,43639,53,4,3,83,133
196431.62734865007,4.672,Web0002,DB0001,6,3885,5432,14,37,612,158892
196498.3913279047,0.921,Comp0050,Mail0002,6,14199,587,11,5,704,423
196501.6508727055,2.257,Comp0036,Comp0011,6,30714,3389,12,3,290,159
196516.98974142072,1.196,Mail0002,DC0001,6,54468,389,5,23,190,853
196533.98306851462,8.063,Proxy0002,Ext0031,6,36191,443,11,33,420,8484
196538.38601641473,1.914,Comp0077,Comp0011,6,16865,3389,6,13,200,397
196549.16379848126,0.329,Comp0041,DNS0001,17,8564,53,2,3,123,212
196556.15964225327,20.636,Web0002,DB0001,6,16356,3306,10,261,9857,6977
196612.3031772352,10.135,Web0006,DB0003,6,5559,3306,5,64,528,5318
196618.87677642045,1.388,Web0005,DC0001,6,31007,389,5,10,2225,477
196690.21600843902,0.133,Comp0027,DC0001,6,20069,445,29,17,1728,19964
196719.6873852186,1.303,Comp0065,Proxy0001,6,49821,3128,7,71,137,17623
196728.59313078603,0.184,Comp0078,DNS0002,17,17211,53,3,3,74,72
196756.28127994834,0.012,Comp0035,DNS0001,17,50449,53,3,2,68,80
196776.86458883077,32.524,Web0002,DB0001,6,37770,5432,18,29,1720,1529
196791.85982982398,0.21,Comp0063,DNS0002,17,57533,53,2,3,89,234
196796.1284447238,13.375,Comp0002,Proxy0002,6,52057,3128,16,9,1987,1361
196809.18264584555,0.315,Comp0021,DNS0001,17,57214,53,2,2,89,148
196838.74359167946,3.062,Comp0056,Comp0011,6,40783,3389,3,6,336,1820
196865.97507342504,11.936,Comp0065,FS0003,6,5995,445,43,88,340,34701
196878.81359677733,1.42,Comp0038,Web0006,6,1885,443,6,55,425,6422
196894.5796578541,2.979,Comp0075,DC0001,6,19293,389,6,9,384,299
196904.64832559793,0.103,Comp0072,DNS0001,17,38873,53,2,2,133,163
196930.06449196857,13.756,Proxy0001,Ext0023,6,2530,443,15,15,144,3025
196939.00096936015,9.973,Proxy0001,Ext0028,6,47021,80,16,24,550,6776
196947.86075303188,0.345,Comp0019,DNS0001,17,28906,53,3,3,86,157
196995.96117123653,3.416,Comp0006,Proxy0002,6,44323,3128,6,16,578,6161
197009.4481168129,7.907,Comp0051,Comp0011,6,19295,3389,7,6,597,963
197030.36222972875,7.575,Proxy0002,Ext0035,6,61198,443,6,50,699,8785
197064.30756889694,5.402,Comp0059,Web0006,6,16814,443,14,27,837,8037
197086.2176114049,0.956,Web0006,DB0004,6,43458,3306,25,45,7195,62181
197095.58907033864,2.277,Comp0023,FS0003,6,7332,445,13,47,1833,2477
197140.74917144518,5.41,Proxy0002,Ext0028,6,52967,443,20,183,1042,2331
197155.9851645141,0.449,Web0001,DB0001,6,38952,3306,24,44,1176,7586
197197.73436794983,0.181,FS0001,DNS0002,17,57269,53,3,2,98,266
197220.95667550384,2.785,Comp0038,Proxy0002,6,36713,3128,14,16,1183,2768
197284.04203045563,2.299,Comp0056,Web0002,6,34597,443,16,90,204,7348
197357.52299007535,4.038,Comp0006,Comp0041,6,22127,135,4,5,141,42
197380.78425978642,5.348,Comp0033,Comp0011,6,4571,3389,16,8,442,758
197406.21411624007,1.189,Proxy0001,Ext0037,6,22271,443,12,28,1243,32942
197408.64561671083,9.366,Comp0032,Proxy0001,6,43604,3128,5,24,3842,63238
197445.83996422845,0.312,Comp0061,DC0001,6,25237,389,3,24,109,440
197495.04802976392,0.021,Web0002,DNS0001,17,17378,53,3,4,90,183
197511.59592639154,9.033,Comp0021,FS0002,6,9169,445,11,28,6479,26710
197531.4760256885,1.697,Mail0001,Ext0017,6,63620,25,4,2,755,1081
197565.83913421788,1.795,Comp0077,Web0005,6,25691,443,7,21,921,7985
197595.5539027494,2.115,Comp0030,DC0001,6,49714,389,4,6,562,714
197611.043737657,0.056,FS0003,DNS0001,17,27187,53,2,4,115,132
197618.7362721506,0.142,Comp0016,DNS0001,17,56740,53,3,4,31,256
197626.4904275812,7.627,Comp0046,Comp0011,6,14605,3389,8,20,629,3067
197632.57657641757,10.388,Comp0080,Web0006,6,56258,443,6,46,180,9081
197635.71123398,0.074,Proxy0002,DNS0001,17,8911,53,2,2,90,176
197667.1303637377,2.303,Comp0056,FS0001,6,4737,445,18,81,3625,3084
197704.74725393672,1.042,Comp0063,Web0004,6,37760,80,8,39,949,37022
197720.2412497771,0.79,Proxy0002,Ext0007,6,36435,80,8,71,954,29179
197726.08244519908,0.133,Comp0026,DNS0001,17,40833,53,2,3,91,110
197751.93013826493,24.863,Comp0046,FS0003,6,49259,445,10,33,4520,15156
197762.90288599575,6.352,Comp0043,Web0005,6,18042,80,6,55,242,1314
197772.50098268135,0.604,Comp0042,DNS0001,17,50883,53,2,3,54,78
197818.8973893861,2.306,Proxy0002,Ext0010,6,43675,80,13,32,298,9754
197838.1891666549,0.063,Comp0046,DNS0001,17,60812,53,2,2,62,105
197848.9224860639,1.608,Web0005,DB0003,6,54829,5432,11,72,7051,8614
197852.0772165234,0.444,Comp0006,DNS0002,17,7289,53,3,3,101,44
197863.09506327577,0.926,Comp0059,Web0005,6,5807,443,4,93,1762,11198
197872.03693720748,0.1,Mail0002,DNS0001,17,65012,53,2,2,66,113
197879.8882822375,11.833,Comp0022,FS0003,6,40062,445,105,165,8278,38548
197910.64379933267,11.667,Comp0011,DB0001,6,49409,445,104,126,6464,2699
197967.10008221673,0.234,Comp0080,FS0003,6,55081,445,21,50,2084,22961
197997.15440360407,28.153,Comp0011,FS0002,6,21095,445,95,57,1172,83053
198008.81535967503,5.154,Comp0075,Proxy0001,6,52748,3128,6,27,1186,23748
198010.18177751056,6.353,Web0005,DB0002,6,44081,3306,22,105,3715,89301
198062.59036187414,7.33,Proxy0002,Ext0027,6,34693,443,6,70,452,4332
198098.41926628945,0.441,Comp0053,Web0005,6,24085,443,6,28,602,3741
198156.5909618738,6.114,Proxy0001,Ext0018,6,29565,443,10,60,1464,14000
198178.98905743408,0.136,DB0001,DNS0001,17,13443,53,4,3,106,95
198198.17415333993,15.043,Comp0077,Web0003,6,1025,443,46,26,2045,6583
198222.02895983064,0.77,Comp0078,Mail0001,6,9228,993,10,8,364,157
198226.6608482264,4.551,Comp0023,Mail0002,6,60491,993,5,8,360,911
198278.03073714953,1.821,Comp0076,Web0005,6,54830,443,9,42,285,11530
198299.78053766172,11.547,Comp0006,Comp0033,6,1968,445,11,68,2342,506
198306.76154151914,0.579,Comp0035,FS0001,6,60907,445,8,881,5848,10981
198328.9887203883,1.597,Comp0068,Proxy0002,6,52363,3128,16,19,597,22977
198334.7391106992,8.513,Comp0076,Web0004,6,3570,443,8,31,568,12347
198337.31617546335,6.757,Web0005,DB0004,6,26447,3306,24,42,1238,6605
198399.72602275223,1.396,Comp0045,DC0002,6,52025,445,47,110,3967,45891
198423.88988898284,0.21,Comp0010,DNS0002,17,51718,53,2,2,45,183
198464.89046757703,20.412,Comp0011,FS0001,6,15378,445,8,188,3012,4162
198477.1145360831,0.548,Comp0030,DC0002,6,13884,445,52,285,7049,4734
198482.26416907893,0.151,Comp0007,DNS0002,17,47683,53,2,3,71,93
198490.27937315922,4.218,Comp0007,DC0001,6,27289,389,4,11,344,453
198491.43403104745,2.966,Comp0059,Web0004,6,14192,443,10,30,1132,9147
198503.2031347254,0.325,Comp0039,DNS0001,17,27930,53,2,3,71,160
198570.7970147834,0.192,Comp0062,Proxy0002,6,28990,3128,17,38,821,4584
198579.0057082207,4.903,Comp0080,DC0002,6,60020,88,18,2,1059,548
198678.12888415813,3.281,Comp0023,Web0003,6,43093,80,14,37,596,1061
198687.05361326368,0.272,Comp0049,DNS0001,17,1969,53,2,3,93,185
198722.58492629539,0.426,Comp0051,DNS0002,17,52857,53,2,2,33,67
198723.59449427537,0.39,Comp0011,DB0001,6,2976,22,5,13,185,662
198744.34166284194,0.194,Comp0040,Web0005,6,61528,443,5,19,97,5198
198757.8273810977,0.44,Comp0033,DNS0001,17,13870,53,3,2,37,202
198763.81759503108,0.127,Comp0049,Web0003,6,52775,80,8,52,347,8916
198813.80372030518,17.332,Comp0064,DC0002,6,56839,445,5,148,4574,11420
198847.82288323235,0.378,Comp0075,DNS0001,17,44008,53,2,2,95,205
198853.93097684832,7.933,Comp0044,FS0001,6,12306,445,19,101,770,25944
198871.9109199017,0.314,Comp0032,Web0002,6,62116,443,9,117,308,5408
198874.5665956717,0.345,Comp0015,Web0001,6,25912,443,9,84,322,15425
198904.61167026023,3.96,Comp0051,DC0001,6,5334,389,4,5,411,521
198936.99720792013,5.791,Comp0027,Web0005,6,45850,443,5,126,521,2772
198954.18230494903,0.209,Comp0076,Proxy0002,6,23101,3128,11,26,351,11586
198955.40996751207,0.121,Comp0025,DNS0002,17,56798,53,2,3,95,277
198968.2129843416,2.808,Comp0010,Mail0002,6,1972,587,5,11,209,1286
198968.23842902988,5.387,Comp0056,Web0005,6,64341,443,8,24,717,3907
198994.14718211157,0.841,Comp0055,Web0002,6,57240,443,48,23,422,95922
199009.23845301,2.611,Mail0002,Ext0000,6,3303,25,3,6,539,83
199016.0095298624,0.392,Proxy0002,Ext0002,6,48098,443,8,7,371,2256
199046.34693925103,0.869,Comp0004,Web0005,6,51573,80,7,63,182,38526
199046.91360625986,10.664,Comp0041,Web0004,6,41987,443,5,8,303,4561
199053.23044018782,11.916,Comp0061,FS0002,6,53772,445,13,36,2133,12860
199073.0625248574,0.264,Comp0039,DNS0002,17,2842,53,2,3,133,82
199096.334244117,3.445,Comp0059,Web0006,6,15576,443,6,22,2060,6006
199100.2802599731,0.051,Comp0079,DNS0001,17,37569,53,2,3,83,199
199130.04163992597,2.728,Comp0006,Comp0061,6,20418,139,95,135,1420,1087
199139.04534524053,52.486,Web0005,DB0001,6,57834,3306,67,13,13743,6457
199147.6582825045,6.701,Comp0070,FS0001,6,59256,445,26,206,8405,41110
199228.69475276754,1.899,Web0003,DB0001,6,5009,3306,10,27,1812,8380
199230.6900083461,21.416,Comp0056,DC0001,6,13202,445,59,36,1299,34707
199246.13921080696,0.222,Comp0059,DNS0002,17,17851,53,3,3,82,114
199258.1408023322,1.874,Comp0003,FS0002,6,25861,445,21,108,10502,22448
199265.00717959678,9.435,Comp0037,DC0001,6,42334,88,3,5,382,812
199306.98771790502,0.081,Web0006,DNS0001,17,53347,53,2,3,54,101
199309.4932440683,4.155,Comp0043,Mail0001,6,25653,993,11,6,199,1079
199310.32886202328,0.477,Comp0035,DNS0002,17,43990,53,2,2,51,212
199358.9524909089,1.746,Web0005,DB0001,6,59960,3306,38,47,1042,16024
199396.0960179401,0.219,Comp0022,DNS0002,17,23472,53,2,3,51,227
199429.97595557768,11.884,Comp0017,Web0001,6,15827,80,4,45,201,4694
199453.45595709528,7.163,Comp0008,Proxy0002,6,44947,3128,7,83,455,2748
199462.8372809217,0.402,Proxy0001,Ext0013,6,3229,80,12,36,1591,1373
199467.50877288685,0.189,Comp0071,DNS0002,17,49642,53,2,2,85,94
199469.68315019069,7.006,Comp0009,FS0001,6,53524,445,6,152,3445,16690
199480.50039739552,11.07,Comp0057,FS0003,6,35173,445,7,228,4433,1191
199490.82948017094,4.152,Comp0031,Web0002,6,49517,443,6,20,780,23630
199500.37836229525,20.187,Web0005,DB0002,6,5200,3306,36,297,5364,3662
199510.9412838935,4.872,Comp0010,Web0003,6,20971,80,13,45,108,10679
199538.9120650867,0.057,Mail0001,DNS0001,17,59933,53,3,2,74,192
199556.26509759258,0.1,Web0006,DNS0002,17,52435,53,3,2,73,125
199585.10136888357,9.187,Comp0073,Proxy0001,6,51284,3128,3,70,2282,4441
199614.85512308858,0.343,Comp0073,Web0002,6,38428,80,17,34,315,5129
199621.07776924377,0.161,Comp0073,DNS0001,17,39203,53,2,2,95,63
199635.6549250097,0.335,Comp0004,DNS0002,17,34867,53,3,2,75,140
199662.91321603028,0.949,Comp0064,Proxy0002,6,4421,3128,6,25,7669,8243
199681.9327149871,0.001,Web0002,DNS0002,17,36683,53,2,2,45,135
199685.94650513714,1.432,Comp0042,Web0005,6,27013,443,3,40,947,10400
199696.26139404098,6.396,Comp0048,Web0002,6,55012,443,18,33,412,166565
199775.21834035582,2.82,Comp0008,Proxy0001,6,49856,3128,9,19,812,32872
199801.63732245885,0.012,Comp0076,DNS0001,17,5025,53,3,3,28,136
199801.71713978535,2.586,Web0002,DB0003,6,25102,5432,8,44,925,6921
199815.004176751,17.908,Comp0013,DC0002,6,2715,445,9,115,4164,9958
199825.63171940797,0.786,Comp0071,Proxy0001,6,45315,3128,9,29,842,13003
199837.27938754603,3.263,Web0005,DB0002,6,56961,3306,20,113,1379,18262
199837.79505419693,3.267,Comp0054,DC0001,6,62040,88,5,11,317,784
199845.62010751432,0.621,Comp0015,DNS0001,17,1673,53,3,2,65,301
199846.31133540202,0.465,Comp0067,DNS0002,17,3001,53,2,3,35,303
199850.56863771775,28.443,Comp0066,FS0002,6,40226,445,26,63,1987,4342
199852.3287761417,25.909,Comp0047,Web0004,6,7251,443,6,10,59,4846
199858.6247888393,10.696,Comp0045,Web0001,6,59322,443,12,33,210,446
199888.21416563744,0.049,Comp0054,DNS0001,17,47329,53,2,2,119,202
199954.49961807724,2.547,Comp0003,Web0002,6,32226,80,4,20,3854,48933
199988.78361594645,0.397,Comp0054,DNS0001,17,59231,53,2,2,68,83
200012.27599909357,2.627,Comp0048,Mail0002,6,58067,993,14,5,289,77
200025.92960606745,9.061,Web0004,DB0002,6,36436,3306,20,49,1391,4971
200033.46886494706,0.825,Comp0041,Mail0001,6,23509,993,7,4,1515,1667
200039.6326941127,1.024,Proxy0002,Ext0024,6,20302,443,5,11,1786,17807
200071.70371568852,0.042,Comp0011,DNS0001,17,31250,53,3,2,55,111
200072.0310697302,0.952,Proxy0002,Ext0020,6,38530,80,8,25,167,2950
200081.12945821238,4.877,Proxy0001,Ext0016,6,20722,443,11,25,778,13674
200082.66489571618,6.557,Proxy0001,Ext0017,6,11729,80,4,75,411,13584
200091.15772924945,0.077,Comp0057,DNS0002,17,8223,53,3,2,117,110
200107.5869858076,0.162,Comp0006,DNS0001,17,7726,53,2,2,73,163
200109.26385782435,0.074,Comp0073,DNS0002,17,15805,53,2,2,39,249
200118.85031223967,9.625,Proxy0001,Ext0022,6,26236,443,7,22,1420,9925
200152.70195200306,0.095,Proxy0002,Ext0008,6,43106,443,4,98,171,22692
200164.38416912933,0.083,DB0004,DNS0002,17,1803,53,3,2,85,82
200197.55177382941,4.56,Proxy0001,Ext0020,6,55673,443,12,5,247,1072
200198.83535581257,10.326,Comp0031,FS0003,6,46684,445,197,276,1472,4360
200214.327325964,5.55,Comp0025,Proxy0001,6,64366,3128,22,65,1494,2817
200227.86825535767,4.006,Comp0019,Mail0002,6,14864,587,5,7,407,1643
200232.90340832982,12.77,Proxy0002,Ext0008,6,55221,80,7,74,1301,21724
200262.6115908414,0.211,Comp0016,Web0001,6,53193,443,9,77,412,23457
200315.71672085463,5.752,Proxy0001,Ext0002,6,11724,443,7,12,613,7433
200363.65125506299,0.037,Comp0067,DC0002,6,13457,445,18,49,2738,6900
200381.1300634273,1.79,Web0006,DB0001,6,47815,3306,30,52,7930,77706
200410.59163766936,0.704,Comp0047,Web0005,6,7677,443,5,17,895,4852
200449.29479682952,0.458,Comp0074,DNS0002,17,3264,53,2,2,45,249
200451.1769883891,7.008,Comp0074,Web0001,6,49196,443,9,128,509,7818
200499.65577826122,15.334,Comp0044,FS0003,6,24823,445,26,39,164,91621
200501.15443452075,14.969,Comp0039,Web0006,6,42018,443,16,33,662,9242
200516.7073110293,0.474,Comp0048,DC0002,6,2186,389,10,3,481,1982
200525.47718109685,2.582,Comp0062,Mail0002,6,14615,993,4,10,337,356
200527.57624594803,1.502,Comp0034,DC0001,6,30993,389,9,6,541,1136
200544.4433212556,4.016,Comp0044,Web0002,6,62211,443,4,36,829,4817
200557.1552806655,0.094,Comp0021,DC0001,6,46531,88,5,8,96,433
200574.5328097252,8.997,Comp0002,Web0006,6,28336,443,6,128,974,50044
200580.33230165695,0.024,Comp0044,DNS0001,17,60309,53,2,4,53,117
200590.2228170429,3.069,Comp0061,Web0002,6,39976,443,20,55,189,30594
200659.84603378287,0.083,Comp0043,DNS0001,17,63822,53,2,2,63,189
200667.99079750144,0.007,Comp0044,DNS0002,17,64320,53,2,3,69,64
200688.4604144929,44.735,Web0005,DB0003,6,64080,3306,16,37,38750,9423
200688.83497063396,2.562,Comp0068,Web0001,6,13241,80,4,64,506,1524
200703.9754400546,8.474,Web0004,DB0002,6,23840,3306,16,73,745,30091
200722.36050191068,0.979,Web0003,DC0002,6,36406,389,6,31,573,458
200726.44952193066,4.413,Comp0075,Web0002,6,29770,80,3,274,474,13441
200728.5503072217,2.436,Comp0039,Web0006,6,27833,80,29,45,506,1188
200749.61918998504,5.289,Comp0045,Web0006,6,27332,80,11,26,1247,2873
200774.95222572843,1.022,Comp0041,Web0003,6,13340,80,10,108,575,606
200779.09208940226,1.45,Comp0074,Proxy0002,6,27810,3128,18,24,384,27563
200788.87153416802,7.1,Comp0070,Web0003,6,22218,443,9,113,859,18034
200799.60551688564,0.042,Comp0010,Mail0001,6,6075,993,5,4,143,1260
200855.49303707917,4.216,Comp0024,Web0002,6,53863,80,10,7,182,13854
200864.73795146702,4.61,Comp0071,DC0001,6,47080,88,11,5,195,570
200890.3238357188,4.729,Comp0029,Web0004,6,62071,443,9,37,448,2492
200896.21746248487,8.883,Comp0028,Web0003,6,10279,80,7,25,1279,4106
200920.68078727042,0.375,Comp0073,DC0001,6,6158,88,8,6,222,247
200924.79854399382,0.279,Comp0040,DC0002,6,47045,88,6,3,205,1322
200925.0560908413,11.107,Comp0037,FS0002,6,30856,445,18,108,5039,21049
200991.75906288705,0.864,Comp0015,Web0002,6,28036,443,9,45,163,2146
201016.96100258591,5.296,Comp0016,Web0005,6,4050,443,8,15,157,917
201035.10450822432,0.067,Comp0034,Web0001,6,20543,80,8,42,810,1642
201098.58508808998,0.228,Comp0059,DNS0002,17,34829,53,2,2,66,109
201111.35100725183,0.115,Comp0023,DNS0002,17,63473,53,3,3,34,63
201115.98167758275,1.956,Comp0071,Proxy0002,6,20850,3128,4,6,1168,776
201138.84656966123,8.785,Proxy0002,Ext0011,6,9693,80,10,51,1399,8368
201149.26407051831,0.054,Comp0032,DNS0001,17,37569,53,2,2,61,355
201163.82093170815,0.056,Comp0032,DNS0001,17,42614,53,3,3,50,76
201165.39396679576,0.171,Comp0038,DNS0002,17,6060,53,2,3,55,204
201174.61918589525,0.352,DB0004,DNS0002,17,54261,53,3,3,34,172
201180.13579678285,5.659,Comp0032,Proxy0001,6,6762,3128,10,27,1074,11440
201195.54946722792,2.57,Comp0006,Comp0012,6,39062,139,6,44,22571,537
201198.48014379214,1.388,Comp0080,FS0001,6,7430,445,8,39,622,1683
201210.2407863321,3.273,Comp0037,Proxy0002,6,59223,3128,8,47,523,3020
201241.51646166807,1.229,Comp0055,Mail0002,6,11605,993,3,5,247,350
201257.5633183571,0.527,Comp0019,Web0005,6,28081,443,6,38,2484,5936
201270.76019777692,0.213,Comp0014,DNS0002,17,55821,53,3,3,32,167
201272.8139849935,0.586,Comp0005,DC0001,6,35208,88,12,2,191,3609
201274.67690709757,4.701,Comp0005,DC0001,6,26746,88,7,2,215,684
201279.6907761044,5.657,Comp0004,DC0001,6,12848,389,7,4,455,177
201281.69918522373,0.292,Comp0002,Web0003,6,57565,80,3,10,272,31405
201293.2678585718,2.563,Comp0042,FS0002,6,62779,445,31,466,5216,7709
201301.22363133923,10.605,Proxy0002,Ext0026,6,41150,80,6,32,1400,7506
201310.32506084914,0.279,Comp0036,DNS0002,17,50150,53,3,2,129,142
201342.39657489187,1.35,Comp0021,Proxy0001,6,26260,3128,4,18,96,7877
201357.67132490355,0.045,Proxy0002,DNS0002,17,25053,53,2,3,49,176
201364.31803658494,0.143,Comp0015,DNS0001,17,2330,53,3,2,112,173
201380.20936609182,0.027,Comp0048,DNS0002,17,63720,53,3,3,75,102
201381.64569734313,7.451,Comp0079,Web0003,6,3017,443,8,45,413,12536
201410.0354604041,0.801,Comp0041,DNS0001,17,53321,53,2,3,50,197
201422.65085247875,0.058,Comp0003,DNS0001,17,47440,53,2,4,41,305
201423.2290745924,21.766,Comp0041,DC0001,6,56552,445,13,98,1259,42074
201495.9136283329,5.641,Comp0075,Web0003,6,64638,443,5,26,927,99337
201497.4540874169,0.056,Comp0071,DNS0001,17,42737,53,2,2,50,120
201553.99046361007,7.588,Web0005,DB0001,6,13553,3306,170,62,4578,43717
201599.27997076823,0.079,Comp0033,DC0002,6,55748,88,4,4,149,400
201606.815665405,0.913,Comp0006,DC0002,6,43828,389,9,9,166,2937
201622.71642185803,0.679,Comp0040,Proxy0002,6,42521,3128,27,59,1011,2964
201646.576788543,5.719,Proxy0001,Ext0016,6,38531,443,19,13,416,56207
201667.43962358602,7.437,Comp0025,Web0004,6,52673,443,16,57,676,1435
201670.54864374682,9.174,Comp0043,FS0001,6,35782,445,11,109,1625,42157
201692.6430186099,5.825,Comp0018,Web0001,6,54243,443,6,102,1173,4335
201701.46241908736,1.856,Web0001,DB0004,6,38886,3306,8,25,624,11176
201701.46767761948,5.35,Comp0016,Web0001,6,64801,443,23,57,400,1747
201711.15387664878,0.046,Comp0060,Mail0002,6,62596,993,6,12,313,4960
201722.12473844877,6.416,Comp0006,Web0002,6,54766,443,10,18,404,1964
201730.19232453793,16.147,Comp0033,DC0001,6,49552,445,9,484,703,59618
201737.5544855211,0.269,Web0004,DNS0001,17,28873,53,3,3,43,122
201746.06708480313,26.252,Web0003,DB0001,6,1619,3306,50,187,1316,38319
201749.09320181937,23.121,Web0003,DB0004,6,59922,5432,11,193,1806,7719
201753.9137817749,2.054,Comp0073,Web0001,6,10744,443,5,27,504,1250
201802.38684057115,3.963,Proxy0002,Ext0022,6,4862,443,13,20,1435,3456
201806.41732959097,0.164,Comp0073,DNS0002,17,11298,53,2,3,57,84
201828.93890912778,2.838,Comp0027,Web0005,6,31264,443,5,8,48,10786
201847.99467428876,0.656,DB0001,DC0002,6,30428,389,3,5,247,2651
201881.37938078202,0.184,Comp0027,FS0001,6,15186,445,6,90,2367,15278
201926.09982126526,7.762,Comp0016,Mail0001,6,30185,993,9,3,280,172
201953.32495099137,17.329,Comp0006,Comp0022,6,51262,139,14,28,2162,2913
201972.42645034596,5.54,Comp0066,Proxy0001,6,12891,3128,9,76,794,14427
201985.67144369555,3.926,Proxy0001,Ext0026,6,46745,80,6,40,1087,2273
202015.10036504763,1.658,Comp0007,Proxy0001,6,11080,3128,11,34,894,2153
202042.6323218748,11.144,Web0003,DB0003,6,43418,3306,23,97,1871,4107
202046.76445035636,10.436,Comp0053,Web0002,6,2549,443,3,20,479,10459
202051.8928834368,2.308,Comp0025,Mail0001,6,33362,993,5,10,667,296
202062.25074550635,4.566,Comp0040,FS0003,6,56981,445,10,263,3889,34681
202076.32304393657,2.195,Comp0055,DC0002,6,14811,88,6,15,139,451
202088.58261649733,15.711,Comp0034,FS0002,6,10001,445,12,115,3881,10761
202110.94850191995,21.051,Comp0067,Web0002,6,61574,443,4,41,715,1561
202116.33682655907,1.676,Comp0025,Web0003,6,56194,443,8,15,664,8575
202117.24564539696,1.521,Comp0007,Comp0011,6,63826,3389,7,7,135,495
202120.88697174238,0.187,Comp0069,DNS0001,17,30232,53,3,2,50,108
202123.0127824271,0.004,Comp0079,DNS0001,17,29814,53,3,2,57,266
202126.33080688037,0.841,Comp0054,DNS0001,17,53754,53,2,2,67,287
202141.86268809007,3.059,Mail0001,Ext0037,6,62176,25,4,10,349,1160
202142.82326959088,0.672,Comp0032,Web0005,6,5531,443,20,24,244,3189
202144.4516458437,0.165,Comp0061,DNS0001,17,52603,53,3,2,92,152
202144.91480186195,1.621,Comp0002,DC0002,6,9838,389,7,14,824,1343
202147.98874208803,0.107,Comp0044,DNS0002,17,31133,53,3,2,53,112
202153.22998287834,0.77,Comp0011,FS0001,6,3855,445,29,444,1873,5814
202158.61001191396,0.472,DB0001,DNS0001,17,32304,53,2,2,93,85
202167.30661428228,0.005,Comp0047,DNS0001,17,13390,53,2,3,26,94
202179.2562792913,9.937,Comp0040,Web0001,6,25496,443,4,16,84,64925
202216.74921446922,0.094,Comp0043,DNS0002,17,43223,53,2,3,100,78
202224.00803454942,0.104,Comp0039,DNS0001,17,14677,53,2,3,40,169
202226.51578286558,0.011,Comp0044,DNS0002,17,35694,53,3,2,92,149
202245.43792958956,0.153,Comp0077,DNS0002,17,15917,53,2,2,71,243
202274.66411510058,0.371,Comp0012,FS0001,6,37092,445,17,408,1671,9157
202293.3924950359,12.663,Comp0023,FS0003,6,17282,445,22,136,1480,3135
202299.52831736053,5.035,Comp0071,Web0005,6,55984,443,3,18,250,3502
202304.83823154063,0.273,Comp0056,DNS0001,17,51124,53,2,2,63,115
202305.50382155186,9.935,Comp0022,Web0002,6,35643,443,24,21,1437,2686
202315.23292791133,2.634,Comp0059,DC0002,6,21677,389,7,5,302,1012
202315.89596519107,0.107,Comp0001,DNS0001,17,56457,53,3,3,70,203
202320.9148398823,1.88,Comp0047,Proxy0001,6,30857,3128,5,53,2705,24109
202366.01051676556,34.384,Comp0047,DC0001,6,56966,445,21,66,1654,28125
202368.94760617265,17.135,Comp0037,Web0004,6,5186,80,3,27,866,4262
202372.16566749243,0.618,Proxy0002,Ext0030,6,53911,443,8,34,1358,2796
202395.73185142427,0.351,Comp0002,Web0002,6,36917,443,20,70,1425,26416
202404.82480010405,0.166,Comp0036,DNS0001,17,59602,53,2,3,90,296
202423.65157596325,0.918,Comp0070,DNS0002,17,45746,53,3,3,48,156
202431.6124168834,0.177,Comp0076,DNS0001,17,52946,53,2,3,98,132
202442.57932712737,10.307,Comp0053,Proxy0002,6,34951,3128,12,278,224,5173
202475.22182161495,7.093,Comp0008,Mail0001,6,47341,993,10,8,2338,162
202483.12527236302,3.847,Proxy0002,Ext0017,6,49758,443,9,38,1263,6201
202483.47075530337,12.411,Comp0028,FS0003,6,13213,445,12,110,1192,3597
202484.11270511092,15.738,Comp0007,Web0006,6,50051,443,13,25,721,4484
202489.89356997766,4.088,Proxy0001,Ext0009,6,44584,443,8,134,1443,4739
202497.74028789686,2.126,Comp0035,Proxy0001,6,41029,3128,5,18,394,6151
202520.5652063176,5.361,Comp0033,Proxy0001,6,35721,3128,13,47,3407,4009
202524.86178857193,0.702,Comp0061,Web0003,6,18170,443,15,34,1789,5644
202527.07729910366,7.16,Comp0036,FS0003,6,49887,445,11,258,2227,3939
202528.3651271384,2.955,Proxy0001,Ext0011,6,53967,443,14,25,265,5631
202544.31388415542,14.354,Comp0058,FS0002,6,53108,445,80,48,869,103826
202545.9691057072,10.217,Comp0041,Web0005,6,40309,443,5,15,742,1225
202557.49861121524,6.536,Comp0062,DC0001,6,64912,88,6,14,850,146
202568.19670087338,0.173,Comp0045,DNS0002,17,38814,53,3,2,33,86
202588.33291747083,3.091,Comp0074,Proxy0001,6,60844,3128,19,7,1530,20537
202598.76602709427,0.143,Comp0009,Web0001,6,9261,443,18,8,1508,1885
202614.43494012227,0.864,Comp0037,DNS0001,17,6605,53,2,2,46,76
202616.0368506923,9.927,Web0002,DB0003,6,40578,3306,14,139,846,3110
202636.636402764,10.914,Web0004,DB0003,6,56985,5432,16,101,1262,14506
202674.09052408178,0.015,Comp0021,DNS0001,17,44293,53,2,3,46,126
202680.37310764226,7.565,Comp0079,FS0002,6,7698,445,31,72,696,53080
202681.89311053732,7.357,Comp0054,Mail0001,6,17065,993,7,8,5297,2547
202708.09350251572,3.27,Comp0024,Web0003,6,61200,443,21,26,1287,6502
202712.5343469577,3.395,Comp0054,Web0004,6,9947,443,8,123,721,66808
202726.64561236452,9.393,Comp0059,Web0001,6,2536,443,7,63,954,42395
202741.19776560378,0.274,Comp0024,Web0003,6,18625,443,6,79,1370,12477
202759.37641648902,2.593,Comp0016,Web0005,6,13301,80,11,34,1104,3153
202774.8784135905,0.328,Comp0020,DNS0001,17,17973,53,2,3,48,185
202778.5290833414,0.118,Comp0008,DNS0002,17,48113,53,3,2,61,83
202804.15964976038,0.246,Comp0073,DNS0002,17,50133,53,3,3,42,150
202809.91672426875,0.212,Comp0052,DNS0001,17,37634,53,3,2,63,122
202827.62629992203,1.332,Comp0067,Proxy0002,6,37356,3128,16,29,1160,3766
202841.1892363112,15.564,Web0001,DB0003,6,3448,3306,79,172,2347,8722
202846.31599396933,0.117,Mail0001,DNS0001,17,1251,53,3,2,75,100
202849.1204093844,1.42,Comp0001,Web0005,6,22202,443,5,134,1305,7292
202864.19788805698,1.355,Proxy0002,Ext0032,6,38381,80,24,41,481,11546
202911.4017606094,0.242,Comp0080,DC0001,6,47984,88,4,7,419,1033
202919.23935841417,2.806,Comp0049,FS0003,6,46608,445,6,13,782,4631
202930.55323359702,1.836,Comp0025,Web0002,6,48526,443,21,22,508,8443
202940.2251004597,3.345,Comp0004,DC0001,6,16474,88,9,4,787,185
202947.3914605032,0.512,Comp0056,Proxy0002,6,56242,3128,7,124,132,1720
202957.2328928545,0.441,Comp0053,DNS0001,17,65061,53,2,3,49,166
202963.25921248406,3.57,Comp0004,Web0001,6,25320,443,10,47,1936,9581
202971.25815937022,10.86,Comp0053,DC0001,6,24938,445,15,42,2752,107653
202974.73206667433,0.159,Comp0068,DNS0002,17,26687,53,3,3,40,182
202988.28109368595,2.005,Comp0077,FS0002,6,58129,445,51,13,16358,39346
203018.7827744362,3.336,Comp0021,DC0002,6,59851,389,5,24,906,253
203018.9343873697,2.238,Proxy0002,Ext0016,6,15735,443,11,55,2430,3304
203033.9216545249,0.255,Comp0048,DNS0001,17,49543,53,2,2,117,161
203054.4920553154,21.61,Comp0027,FS0001,6,40421,445,19,135,3733,26958
203055.8746795405,0.188,Comp0055,DNS0002,17,3636,53,3,3,102,196
203062.8346343385,9.692,Web0004,DB0004,6,31562,3306,24,119,2437,16790
203070.29698590704,0.062,Comp0004,DNS0002,17,42377,53,2,2,37,112
203079.4858624727,0.359,Comp0019,DNS0002,17,11229,53,2,3,53,101
203083.409083253,13.316,Comp0014,Web0003,6,38362,80,9,24,171,5748
203086.39546201442,1.264,Comp0056,Web0004,6,46848,443,9,48,552,805
203097.68491519618,6.385,Comp0020,Web0001,6,2414,443,4,39,320,14307
203102.44493124817,3.851,Comp0025,Web0003,6,11564,443,9,8,456,8029
203127.90032556537,3.733,Comp0005,Mail0001,6,41004,587,4,13,544,292
203128.93260026767,0.88,Comp0039,DC0001,6,31928,389,6,5,165,2263
203143.43810188404,0.329,Comp0030,DNS0002,17,19560,53,2,3,95,302
203155.14907731762,0.103,Comp0044,DNS0001,17,58627,53,3,2,57,189
203178.80605021978,13.601,Comp0020,Web0004,6,18837,443,10,111,3510,4238
203182.0476141158,0.09,Comp0011,DNS0001,17,59289,53,3,3,123,102
203186.3150906418,4.572,Mail0002,Ext0024,6,44189,25,5,10,583,1862
203198.20472190838,2.093,Comp0006,Comp0058,6,61783,135,5,20,78,9
203199.16217528767,18.058,Web0001,DB0002,6,4554,5432,45,248,2669,5691
203255.7456007794,0.037,Comp0075,DNS0001,17,20105,53,2,3,54,213
203271.87720307213,0.55,Comp0035,DNS0001,17,5344,53,2,2,40,177
203282.6546731483,4.605,Comp0044,Web0004,6,59959,443,23,57,902,45642
203284.40457951746,2.923,Comp0022,Web0003,6,42531,443,10,51,1621,4807
203294.28845741667,0.27,Web0005,DNS0001,17,15769,53,3,2,32,184
203299.94461559725,6.657,Proxy0002,Ext0030,6,13620,80,14,51,1996,6786
203306.79224431608,0.202,Comp0009,DNS0001,17,15546,53,3,2,35,146
203308.8766393938,0.076,Mail0002,DNS0001,17,52073,53,2,3,37,249
203332.24120092858,7.655,Comp0040,Web0005,6,20704,80,6,32,364,5316
203340.27985039187,5.325,Comp0020,Web0005,6,35580,443,22,236,301,11916
203359.73640638255,1.242,Comp0061,Web0001,6,37803,443,12,35,645,4153
203398.94031012556,31.384,Web0004,DB0002,6,63282,5432,37,30,1380,44862
203399.82376294234,32.622,Comp0062,FS0002,6,54038,445,38,201,886,4218
203403.0459653485,0.123,Comp0050,DNS0001,17,20022,53,2,2,44,130
203403.6902473959,1.167,Comp0035,Proxy0002,6,47320,3128,9,27,509,3829
203415.9053543499,5.331,Comp0023,Web0005,6,31310,443,26,29,309,2387
203423.8406882456,5.282,Comp0055,Web0005,6,62672,443,7,65,3576,8415
203437.7322003344,0.568,Comp0055,Web0004,6,7496,443,12,93,157,39328
203457.13363456956,1.539,Comp0037,Web0006,6,62984,443,12,65,541,4358
203470.11701442153,0.009,Comp0034,DNS0002,17,56150,53,3,2,45,251
203485.57877098504,0.023,Comp0034,DNS0001,17,26139,53,3,2,49,232
203519.16814569908,3.24,Comp0025,Web0001,6,29676,80,4,67,173,5219
203550.7360316081,1.524,Comp0044,Proxy0001,6,51895,3128,10,18,2035,4629
203551.38817726765,8.395,Web0003,DB0001,6,61483,3306,77,14,3272,61683
203551.51666509878,7.154,Comp0038,DC0002,6,3604,445,4,16,390,22414
203580.36868007955,9.029,Comp0028,FS0002,6,42528,445,19,148,1386,2796
203588.6628524859,9.336,Comp0070,Web0001,6,43205,443,8,32,1036,6856
203597.55757574615,6.827,Comp0004,FS0002,6,36104,445,19,63,1133,47174
203631.41015177438,0.182,Comp0007,DNS0001,17,28363,53,2,3,45,67
203648.29188886558,0.336,Comp0061,DC0002,6,33539,88,9,3,233,307
203657.61108890513,0.145,Comp0047,DC0002,6,59461,445,19,22,1069,26778
203657.9975271804,2.569,Comp0048,Mail0002,6,34335,993,3,7,340,505
203659.64913908814,0.28,DB0003,DNS0002,17,52267,53,2,2,74,63
203664.61363105438,0.261,Comp0009,DNS0002,17,43759,53,2,2,70,67
203668.13196669804,1.167,Comp0040,DC0002,6,23977,88,4,3,2061,392
203669.35003222746,1.064,Comp0020,DC0002,6,12482,88,10,4,663,2054
203727.5468137072,1.04,Comp0025,DC0001,6,27493,88,6,10,479,1999
203727.8545339154,0.607,Comp0037,DNS0002,17,55728,53,3,2,66,234
203762.53660290182,2.119,Comp0022,FS0001,6,56836,445,38,26,621,731
203768.56385704014,2.179,Comp0020,Web0001,6,23493,443,9,42,78,37636
203777.50286356953,13.662,Comp0067,Web0002,6,17628,443,13,75,1438,1260
203785.49179844148,6.435,Comp0047,DC0001,6,2659,389,7,17,327,209
203799.8146098254,38.456,Comp0006,Comp0057,6,44957,445,84,63,1918,1587
203818.3509423274,25.367,Comp0075,Proxy0001,6,60412,3128,16,31,504,5348
203853.09596695637,0.176,Comp0003,DNS0001,17,65181,53,2,2,78,165
203883.13423277176,0.088,Proxy0001,DNS0001,17,39042,53,2,2,47,133
203883.21511402648,0.259,Comp0034,DC0002,6,53205,389,7,8,230,495
203883.30912809487,0.042,Comp0076,DNS0002,17,21444,53,3,2,87,270
203925.5887710647,2.166,Comp0008,DC0002,6,30792,88,3,11,380,1645
203930.8202103731,1.622,Comp0070,Web0004,6,2815,80,5,11,1409,45476
203935.80487087357,3.054,Comp0076,Proxy0001,6,3159,3128,11,17,192,6766
203940.85046010697,11.876,Comp0064,Proxy0001,6,65398,3128,9,16,1042,7871
203944.1147112312,0.148,Web0001,DB0002,6,48416,5432,93,206,2507,57137
203947.6479363835,6.687,Comp0030,Web0001,6,30762,443,17,17,2796,5285
203952.7344803206,7.263,Web0006,DB0003,6,39511,5432,36,228,2624,34363
203953.15062625398,9.312,Comp0053,Proxy0001,6,34676,3128,4,154,687,5726
203962.41324514075,2.922,Comp0027,DC0001,6,54747,389,6,4,429,2867
203969.61717228836,0.299,Comp0036,DNS0001,17,54039,53,2,3,39,111
203984.75414331118,0.056,Comp0067,DNS0001,17,16600,53,3,2,66,233
204033.393615329,4.169,Comp0037,Proxy0001,6,11994,3128,14,137,4226,15420
204042.20972896894,0.831,Comp0076,DNS0002,17,40064,53,2,3,49,380
204047.74806829344,9.188,Comp0073,Web0004,6,35542,443,5,13,3789,4142
204049.85945192736,1.037,Comp0073,Mail0002,6,54271,993,7,5,448,262
204055.11037041096,0.03,Comp0074,DNS0002,17,61453,53,2,3,70,212
204068.3039144597,2.138,Comp0038,Web0002,6,65412,443,24,40,749,8064
204087.97663466484,0.248,Comp0059,Web0001,6,64183,443,7,42,308,794
204092.6446111988,12.725,Web0001,DB0003,6,24850,3306,25,168,6499,17962
204096.89487183877,0.116,Comp0059,DNS0001,17,21752,53,2,3,66,246
204114.19841574086,14.513,Web0006,DB0002,6,6873,3306,85,187,605,17475
204120.22865325597,0.015,Comp0038,DNS0002,17,43846,53,2,2,102,122
204124.77287186251,0.137,Web0006,DB0004,6,52495,3306,14,36,2848,5687
204147.7774901854,14.904,Comp0047,Mail0002,6,56497,993,5,6,172,1658
204154.64398205167,0.264,Comp0071,DNS0002,17,2806,53,2,2,113,58
204158.6684074387,2.406,Comp0051,Web0003,6,21505,443,3,38,1047,47991
204176.17538373018,0.029,Comp0072,DNS0002,17,20833,53,3,2,80,94
204196.56990287834,1.847,Comp0035,DC0002,6,12658,389,13,9,1529,396
204207.44671345013,0.092,Comp0026,DC0002,6,13902,88,7,10,145,1033
204209.83400130976,0.032,Proxy0002,Ext0032,6,22229,80,6,42,304,2503
204211.84879898443,2.364,Comp0046,FS0003,6,35113,445,7,77,432,25998
204222.5383057478,1.619,Comp0010,Web0001,6,22024,443,11,160,499,6351
204229.0654435127,11.267,Comp0062,FS0001,6,53573,445,12,183,2191,9783
204229.4690096592,0.011,Comp0046,DNS0001,17,45964,53,2,2,81,441
204257.50238999992,2.243,Mail0001,Ext0018,6,20058,25,4,15,1218,3594
204275.62854846154,0.464,Comp0014,DNS0001,17,18748,53,3,2,55,150
204278.14691924062,1.416,Comp0008,Web0002,6,2299,443,7,53,2207,3769
204278.6287754873,0.226,Comp0068,DNS0002,17,39024,53,2,2,55,158
204280.4698388925,0.232,Comp0041,DNS0002,17,23781,53,2,3,65,141
204290.7009235113,8.234,Comp0012,Web0001,6,13582,443,8,76,740,6854
204296.62514106795,5.27,Comp0065,Web0002,6,58391,443,18,32,1089,5856
204305.7678595787,0.205,Comp0068,DNS0001,17,40736,53,3,3,34,81
204320.67386925474,0.231,Comp0020,Web0003,6,54560,80,9,38,2257,14084
204344.21488295734,0.018,Comp0018,DNS0002,17,54030,53,3,3,32,128
204346.16615499192,10.049,Comp0028,Proxy0002,6,30892,3128,7,104,2743,8438
204368.19453545613,3.306,Comp0031,DC0001,6,32527,445,12,192,4624,33310
204373.94017557998,8.229,Comp0029,Web0006,6,59105,80,7,22,195,4956
204374.88728903412,0.066,Proxy0002,Ext0018,6,64924,80,13,67,56,6373
204411.0058205641,0.073,Comp0018,DNS0002,17,10489,53,2,2,93,145
204413.09829334577,1.309,Comp0026,Web0003,6,11881,80,19,19,240,6707
204428.73471613077,0.511,Comp0060,DC0001,6,12469,389,3,11,2212,159
204456.25758324505,3.986,Comp0080,Web0001,6,23159,443,45,79,574,5688
204458.33709029507,2.529,Comp0027,Web0002,6,25833,443,13,56,143,8493
204465.39438955364,1.089,Comp0070,Proxy0002,6,44965,3128,4,11,645,2929
204486.31504493242,0.047,Comp0011,DNS0002,17,21827,53,3,2,69,151
204504.26784198603,1.715,Comp0011,Web0004,6,26891,443,8,106,692,10618
204519.0017477827,0.206,Comp0071,DNS0002,17,48143,53,2,3,77,189
204527.2948135668,12.433,Comp0049,DC0001,6,21558,445,17,114,8211,21812
204534.1676843532,6.873,Comp0020,Proxy0001,6,57683,3128,11,25,1548,2353
204539.99999342847,13.997,Comp0020,Web0004,6,31991,443,5,7,499,5157
204547.0790593682,1.596,Proxy0001,Ext0037,6,53571,443,7,12,282,5791
204551.71520846014,2.707,Comp0076,Web0004,6,45475,443,12,110,338,5957
204570.32192309955,1.053,Web0006,DB0001,6,46204,5432,46,24,3218,36110
204572.7699976527,33.692,Comp0059,Web0001,6,11968,443,7,144,146,2378
204572.8034637411,0.245,Comp0079,DNS0001,17,32969,53,2,2,81,182
204588.02903464707,1.964,Comp0059,Web0003,6,7452,443,20,23,458,3179
204589.90730059982,0.125,Comp0073,DNS0001,17,24094,53,2,2,91,138
204605.70043061176,12.067,Comp0024,DC0001,6,38393,445,43,94,403,10016
204612.03217632856,0.37,Comp0034,Proxy0002,6,32769,3128,8,117,1405,13880
204638.22015012125,0.069,Comp0066,DNS0002,17,55314,53,3,2,93,135
204638.92480625838,3.261,Comp0020,FS0003,6,28042,445,58,47,3078,4576
204648.2829383294,0.35,Comp0033,DNS0002,17,40673,53,3,2,87,94
204659.73569617103,10.201,Comp0060,DC0002,6,52828,445,9,257,4992,35671
204688.79868650247,0.232,Comp0032,DNS0001,17,7405,53,2,3,61,197
204705.0201620509,0.262,Comp0024,DNS0001,17,58693,53,2,2,109,341
204711.86826996258,0.168,Comp0023,DNS0001,17,5939,53,2,3,31,299
204721.25061558696,0.004,Comp0080,DNS0001,17,31988,53,2,2,73,13
204728.2384131189,3.747,Comp0042,DC0002,6,1986,445,34,118,13585,28508
204730.42081166754,0.122,Comp0070,DNS0001,17,15338,53,2,3,78,328
204734.86961904008,1.033,Comp0001,Web0002,6,32352,443,13,129,1574,4241
204746.59910756093,10.031,Comp0068,Web0004,6,31714,443,4,10,407,2693
204748.56481693318,0.011,Comp0023,DNS0002,17,52228,53,2,3,65,109
204748.80198721655,18.73,Web0003,DB0002,6,48096,3306,12,74,1599,12856
204777.95242610213,3.046,Comp0002,FS0003,6,21302,445,40,16,2825,2329
204790.1438999896,0.378,Comp0080,Mail0001,6,25526,993,5,6,247,820
204790.91583825566,0.664,DB0004,DC0001,6,4549,389,8,6,193,550
204802.08341099514,0.141,Comp0002,DNS0002,17,49488,53,3,3,93,122
204805.1683285709,13.424,Comp0027,Web0003,6,61297,80,6,37,307,22408
204806.091259,2.015,Comp0039,Proxy0002,6,47718,3128,6,48,801,14959
204834.81125628282,19.925,Proxy0001,Ext0038,6,33887,80,7,24,501,1751
204853.43529247813,0.261,Comp0011,DNS0002,17,53676,53,2,3,31,83
204857.83139049335,10.625,Web0005,DB0003,6,24265,5432,24,156,363,2292
204869.52088958985,0.139,Comp0054,DNS0001,17,60344,53,2,2,62,103
204871.6307079065,0.111,Comp0060,DNS0001,17,23844,53,2,3,65,239
204896.0355972841,0.045,Comp0007,DNS0002,17,58478,53,2,3,79,273
204902.93878275517,3.629,Comp0006,Web0004,6,14948,80,11,44,231,7532
204917.44482989487,0.147,Comp0057,DNS0002,17,30487,53,2,2,54,268
204919.35055907653,2.13,Comp0001,Web0003,6,7005,80,6,85,304,17323
204925.4631710789,27.798,Comp0078,FS0003,6,12329,445,38,199,881,2109
204953.89364264836,6.208,Comp0061,Web0001,6,47339,443,6,85,896,19794
204956.8237965289,23.858,Comp0070,FS0002,6,11721,445,15,93,322,4918
204956.8647872305,3.144,Comp0046,DC0001,6,18438,389,5,10,404,2690
204962.82735113456,6.59,Comp0046,Web0006,6,63540,443,21,13,1109,23232
204975.23060529615,0.091,Comp0004,DNS0002,17,48489,53,2,2,104,118
204993.66793597658,0.317,Comp0019,DNS0002,17,58604,53,2,2,58,109
205016.06206737767,2.826,Comp0044,Web0003,6,18690,80,11,56,649,3399
205029.25433463615,4.296,Comp0031,Mail0002,6,18333,587,5,14,265,590
205035.28766332375,5.815,Comp0006,Comp0034,6,12935,445,56,173,703,109
205047.86210765011,11.979,Comp0052,DC0001,6,2553,389,6,8,355,452
205062.47141193593,5.852,Comp0044,Web0004,6,16272,80,15,33,369,13111
205076.00779923156,0.2,Comp0044,DNS0001,17,38553,53,3,3,92,213
205082.82700230827,1.087,Comp0048,Mail0002,6,63722,587,5,3,266,270
205094.94927195227,2.244,Comp0016,Web0002,6,9359,443,10,76,69,3847
205105.6612077983,1.174,Comp0047,Mail0001,6,64840,587,4,16,254,205
205107.82010436815,2.144,Comp0023,Proxy0002,6,13762,3128,14,50,528,12760
205108.25873178418,25.455,Comp0001,FS0001,6,45094,445,28,79,4414,12117
205117.77737792296,0.193,Web0005,DB0003,6,51193,3306,175,60,2586,4630
205118.7383438241,0.23,Comp0006,Web0005,6,21509,443,4,28,487,5206
205121.41668994585,4.767,Comp0077,Web0001,6,42502,443,13,10,2312,3742
205127.0303219258,3.498,Comp0066,Proxy0001,6,16423,3128,16,117,1478,2420
205133.3620160239,0.118,Comp0009,DNS0001,17,12131,53,2,3,36,125
205155.8241555873,3.989,Comp0003,Web0003,6,29808,443,35,31,376,5400
205157.1318810381,1.745,Comp0034,Proxy0001,6,16254,3128,12,132,1025,2227
205160.5684110452,3.409,Comp0004,Proxy0002,6,33827,3128,3,140,1028,19748
205168.56299482082,3.616,Comp0006,Comp0080,6,47082,135,7,22,229,14
205177.05729240907,1.431,Comp0064,Proxy0001,6,34248,3128,13,33,284,5298
205200.19710314533,0.462,Comp0030,FS0002,6,57562,445,12,43,5329,11232
205203.02459076158,34.902,Proxy0002,Ext0030,6,58887,443,4,46,23,1277
205212.7414454152,5.311,Comp0058,Web0002,6,54522,443,23,71,1041,5801
205214.46953953317,1.658,Proxy0002,Ext0019,6,39572,443,10,34,314,2554
205229.5139174562,0.857,Comp0063,Proxy0002,6,31671,3128,10,19,354,2088
205250.45369091647,4.938,Proxy0002,Ext0011,6,3374,80,8,60,1657,19345
205295.39302762563,15.183,Comp0018,FS0001,6,41693,445,9,29,1499,16544
205316.60739804702,4.289,Comp0049,Proxy0002,6,20595,3128,15,26,2063,6003
205326.39554430536,2.02,Comp0041,Web0005,6,60815,443,5,40,300,36623
205337.96579994337,0.063,Comp0025,DNS0002,17,57033,53,3,2,130,148
205338.37780051364,6.966,Comp0057,Web0001,6,5253,443,8,52,559,16582
205350.76777222735,0.06,Comp0036,DNS0001,17,16174,53,2,2,46,461
205357.78839867932,0.006,Comp0057,DNS0001,17,57573,53,3,2,95,105
205359.12801867753,1.558,Comp0068,Web0001,6,49589,443,5,254,449,2016
205361.23945812124,3.995,Comp0042,Mail0002,6,35334,587,3,8,923,468
205375.5990371037,4.71,Comp0061,Mail0001,6,24968,993,3,7,585,283
205378.1916709081,10.636,Proxy0002,Ext0027,6,53826,443,14,10,489,4769
205382.19824147943,3.866,Comp0029,Web0001,6,24305,443,3,77,769,31172
205384.63482046634,1.404,Comp0067,Mail0001,6,26542,587,3,9,498,603
205394.95758936994,0.487,Comp0063,DNS0001,17,61023,53,2,2,63,121
205409.80307003326,2.442,Comp0075,Web0005,6,49503,80,6,59,1784,6967
205413.5889039997,2.378,Comp0008,Mail0001,6,61219,993,6,11,453,1013
205417.26644519944,1.615,Comp0043,DC0001,6,8460,389,4,5,205,344
205420.22085357882,1.189,Comp0022,Web0006,6,50805,443,11,33,1855,19385
205421.91395101137,1.575,Comp0017,Web0006,6,52289,443,13,129,583,24457
205422.5797341994,0.231,Comp0015,DNS0002,17,2136,53,2,2,43,93
205422.73143568003,0.045,Comp0019,DNS0001,17,23685,53,2,3,62,121
205424.05456545283,6.753,Comp0053,FS0003,6,28295,445,8,217,762,3858
205424.32458739378,0.006,Comp0052,DNS0001,17,33964,53,2,3,93,87
205430.6610267894,0.882,Comp0003,Web0005,6,24687,443,26,16,592,11511
205439.47216944766,0.015,Comp0041,DNS0002,17,44125,53,3,2,31,134
205449.1252867299,23.85,Proxy0002,Ext0038,6,63332,80,6,16,304,20524
205463.29629847722,11.799,Comp0059,Web0001,6,50101,443,4,40,1162,3042
205477.8238683126,0.929,Comp0024,Mail0001,6,7148,587,8,4,524,1033
205479.1795341645,6.297,Comp0062,Web0004,6,53643,443,6,151,1062,4854
205489.92819541597,1.325,Comp0045,DC0001,6,24094,88,3,11,435,788
205497.9072487869,0.005,Mail0002,DNS0001,17,38328,53,3,3,75,106
205500.51186673265,0.242,Comp0011,DNS0002,17,5229,53,3,2,66,416
205502.4524965355,0.087,Comp0037,DNS0001,17,25351,53,3,2,41,238
205503.26226146304,0.721,Web0003,DB0004,6,45462,5432,32,352,2667,8070
205503.67948910658,12.218,Comp0044,Web0001,6,6360,443,25,46,1015,6417
205511.14925774097,10.706,Comp0036,FS0003,6,57175,445,58,50,6097,3059
205512.93711162082,5.068,Comp0046,FS0003,6,7629,445,50,91,1080,52168
205526.19222626943,0.174,Comp0001,DNS0001,17,16606,53,2,2,110,136
205536.16523569982,0.684,Comp0073,DNS0001,17,58482,53,3,3,111,131
205538.81567279258,1.043,Comp0013,Mail0001,6,21084,587,3,9,826,667
205541.08537096815,2.976,Comp0041,DC0001,6,18920,389,3,10,196,375
205542.73360359404,0.783,Comp0006,DNS0002,17,16416,53,2,2,69,177
205589.12540519476,3.771,Comp0039,Web0002,6,59659,443,4,61,176,10414
205592.94254527809,4.58,Comp0070,Web0003,6,10077,443,9,61,594,26485
205601.286583306,0.417,Comp0039,DNS0002,17,36264,53,3,2,53,222
205619.55515136334,1.797,Comp0039,DC0002,6,8974,88,5,5,1867,333
205628.52959439903,4.327,Comp0048,Proxy0001,6,16168,3128,9,58,3707,4082
205639.75698345568,14.198,Comp0054,Web0004,6,51704,443,9,17,905,4301
205642.3092643228,3.468,Comp0041,Proxy0001,6,45192,3128,15,15,458,6336
205648.40786609892,0.084,Comp0077,DNS0001,17,46449,53,2,2,54,91
205648.47181848987,0.128,DC0002,DNS0001,17,42742,53,2,2,41,193
205654.6694549777,0.205,Comp0072,DNS0001,17,18274,53,2,3,75,177
205665.34530055927,14.822,Comp0061,DC0002,6,56988,445,30,139,1027,4523
205682.42448416265,0.143,Comp0080,DNS0001,17,52749,53,2,3,44,229
205688.1605714614,4.615,Comp0034,Mail0001,6,11988,993,4,7,476,2651
205701.96306899004,10.034,Comp0003,Proxy0001,6,63168,3128,8,15,1046,974
205730.02412020223,0.084,Comp0014,DNS0001,17,39107,53,3,2,58,153
205739.47825948478,14.843,Comp0034,Web0001,6,5906,80,3,39,1398,6054
205742.43721685134,2.631,Comp0008,Web0004,6,18672,443,37,95,260,1240
205742.67648739152,0.351,Comp0038,Web0004,6,26277,443,40,39,1114,3188
205746.8017530055,0.334,Comp0056,DNS0001,17,33719,53,2,3,121,74
205750.00852795097,7.348,Comp0079,DC0001,6,58205,445,64,58,913,13704
205762.83293816715,2.245,Comp0045,DC0001,6,25754,389,6,7,245,294
205765.55084815697,3.098,Comp0004,Proxy0001,6,33345,3128,5,66,547,4189
205769.2554458336,2.155,Proxy0001,Ext0032,6,19122,443,4,29,2315,2992
205801.89385127812,0.042,Comp0051,DNS0002,17,37523,53,3,2,93,119
205808.04977682885,7.953,Comp0056,Web0005,6,48610,443,9,33,644,2429
205811.56650348258,4.819,Comp0059,FS0001,6,30843,445,43,35,1303,33444
205845.79427890203,8.702,Comp0060,FS0002,6,40384,445,9,39,1513,14847
205859.92633322164,15.329,Comp0012,Web0006,6,61124,443,14,63,839,46192
205862.3935417767,1.703,Comp0009,DC0001,6,40583,389,2,6,134,834
205865.13318537737,19.234,Web0004,DB0002,6,50186,3306,12,51,2333,765
205876.3395039359,28.649,Comp0079,Web0004,6,59745,443,6,29,237,1164
205877.9861888592,0.226,Comp0048,DNS0001,17,6481,53,2,2,83,165
205896.9303756482,0.24,Comp0025,DNS0001,17,41776,53,2,3,58,240
205913.20498311502,0.202,Comp0033,DNS0002,17,27119,53,2,3,49,133
205916.58922284318,0.115,Comp0046,DC0002,6,39203,389,5,4,517,482
205942.91999048772,12.954,Comp0001,FS0003,6,13234,445,42,151,465,22542
205946.82230119826,0.383,Comp0060,DNS0001,17,47469,53,2,3,78,125
205948.75352492993,5.821,Comp0025,Web0002,6,48937,443,9,15,363,3695
205951.66464955703,0.016,Comp0031,DNS0001,17,27970,53,2,2,61,125
205978.44160778876,0.039,Comp0025,DNS0001,17,47909,53,2,3,57,90
205983.68639013486,8.443,Comp0060,FS0003,6,34395,445,12,23,5584,139826
205993.59315903066,0.371,Comp0069,DNS0002,17,9774,53,2,3,121,173
206022.1150971648,0.239,Comp0072,DNS0001,17,48114,53,3,2,108,125
206031.06579030066,0.218,Proxy0001,DNS0002,17,4306,53,3,2,83,145
206031.57938426308,0.104,Comp0041,Web0002,6,6994,80,15,33,460,8770
206036.8411456789,0.489,Comp0023,Web0004,6,8808,443,13,104,443,1061
206068.57865479556,0.007,Web0003,DNS0001,17,43625,53,3,2,25,198
206083.48023742807,3.184,Comp0006,Comp0002,6,7667,22,4,10,261,30
206084.9871233112,1.003,Comp0064,DC0002,6,4326,88,8,4,270,1413
206089.27078137564,0.088,Comp0060,DNS0001,17,5640,53,3,2,60,190
206100.79518662888,5.625,Comp0005,Web0006,6,30942,80,5,88,734,3820
206141.49852355276,2.959,Comp0006,FS0001,6,38500,445,39,94,987,6686
206142.10991345113,0.174,Comp0020,DNS0001,17,17412,53,2,2,81,95
206142.70756985983,0.185,Comp0020,DNS0001,17,55903,53,3,2,148,279
206159.84212168364,4.926,Comp0024,Web0003,6,62396,80,5,79,1199,22083
206160.58523737607,0.104,Comp0078,DNS0001,17,21022,53,2,3,103,95
206170.6407547034,9.495,Proxy0001,Ext0004,6,62583,443,8,39,141,7072
206182.34813146724,9.519,Proxy0001,Ext0029,6,61612,443,4,86,780,15035
206190.42493069635,8.299,Comp0014,Proxy0001,6,11329,3128,8,279,5419,8650
206201.83813200842,2.093,Comp0063,Web0002,6,24074,443,3,16,2845,6152
206217.09383110184,1.357,Comp0021,Web0003,6,36413,80,5,74,3366,16904
206218.08993249806,1.339,Comp0002,DC0002,6,64070,88,7,2,174,7783
206234.33405307168,1.267,Comp0034,DC0002,6,58894,389,4,5,175,778
206236.16433649464,9.699,Comp0055,FS0002,6,4996,445,4,63,1454,10146
206237.56493597385,0.03,Comp0030,DNS0002,17,49858,53,2,2,96,127
206238.7274886993,24.02,Comp0065,Proxy0002,6,24625,3128,22,116,1021,772
206241.86208904668,0.108,Comp0008,DNS0001,17,46272,53,2,2,88,271
206251.30531940158,4.761,Comp0043,FS0003,6,22062,445,56,201,6888,9305
206256.9831355987,5.684,Comp0074,DC0002,6,62354,389,7,8,180,148
206258.3391117463,16.723,Comp0075,DC0002,6,17127,445,22,110,2057,12398
206266.01765858335,0.196,Comp0030,Web0003,6,13965,443,5,33,87,7814
206271.18736824574,0.642,Comp0050,Web0005,6,24792,443,6,50,2492,6629
206272.76410677284,0.369,Comp0027,DNS0001,17,36339,53,3,3,45,157
206278.64313081716,9.477,Comp0028,DC0001,6,38847,445,18,82,1412,16444
206312.419667055,3.827,Comp0018,Proxy0001,6,57398,3128,4,18,562,2211
206325.0905256391,3.801,Comp0075,Mail0002,6,64097,993,13,10,749,536
206325.9192818291,6.097,Comp0002,Web0003,6,6033,443,21,36,496,4417
206341.78455884426,0.034,Comp0042,DNS0002,17,17329,53,2,2,113,177
206348.70165892088,17.647,Comp0073,FS0001,6,26880,445,22,75,2687,3676
206354.87023558462,1.693,Comp0022,Web0004,6,51668,443,8,22,786,7915
206358.36550849417,1.712,Comp0066,Proxy0001,6,60060,3128,9,86,412,43222
206373.9796110213,4.827,Comp0034,FS0002,6,32838,445,7,61,995,2163
206390.14321463578,0.635,Comp0019,FS0002,6,61648,445,39,178,2195,32136
206391.36563567087,15.22,Comp0034,FS0003,6,23852,445,23,88,670,303676
206395.21175839903,11.825,Comp0013,FS0002,6,42616,445,10,60,714,7951
206417.23327783533,0.927,Comp0003,Mail0001,6,3191,587,13,3,258,245
206421.8784726093,0.887,Comp0068,Proxy0001,6,30408,3128,16,42,459,8381
206432.60096667273,5.562,Comp0050,Proxy0001,6,52787,3128,4,103,890,9283
206433.5899515058,6.579,Comp0039,Mail0002,6,56286,993,7,10,319,402
206440.79249815908,3.66,Comp0066,Comp0011,6,11919,3389,10,3,838,1084
206450.32884637214,0.163,Comp0064,DNS0001,17,54269,53,2,2,68,125
206455.37495884884,0.246,Comp0030,Web0003,6,19714,443,14,57,256,3297
206463.7160478477,2.386,Comp0021,Web0006,6,34208,443,6,15,1574,2012
206466.6695412031,3.547,Comp0049,Proxy0001,6,63827,3128,8,104,565,1030
206471.05991750862,0.13,Comp0075,DNS0002,17,50453,53,2,2,36,64
206472.0033835773,1.647,Comp0029,DC0001,6,18147,88,6,29,478,1152
206477.7825069775,32.146,Comp0035,FS0001,6,12186,445,29,64,956,3850
206481.25147644323,13.819,Comp0023,FS0003,6,2798,445,23,147,2685,11380
206481.59951338067,0.933,Comp0040,Mail0002,6,6123,993,5,8,488,339
206485.78816645636,15.915,Web0005,DB0002,6,16434,3306,96,38,10941,2657
206496.85742097982,0.023,Comp0001,DNS0002,17,16896,53,2,2,57,252
206501.74472679183,0.433,Comp0001,FS0001,6,12496,445,19,121,889,44193
206510.40337608132,4.219,Comp0022,Web0006,6,36769,443,4,30,1086,2106
206511.20547476324,0.06,Comp0027,DNS0001,17,54074,53,3,3,72,173
206513.47613122218,1.892,Comp0054,Web0002,6,30974,80,6,21,860,18599
206514.51905160517,2.943,Comp0036,Web0005,6,11891,443,4,122,756,422
206517.13331765463,0.011,Comp0053,DNS0001,17,10435,53,2,3,42,63
206522.39360296197,3.24,Comp0058,Web0004,6,19620,80,16,29,592,10509
206523.874104198,16.249,Comp0070,FS0001,6,9806,445,37,193,1567,287135
206524.12677496191,9.062,Comp0042,Web0002,6,31348,80,11,26,632,2795
206536.56845461822,19.647,Comp0014,DC0002,6,10398,445,9,80,5154,1476
206539.47038263967,10.129,Comp0054,Web0005,6,7413,443,12,48,371,37902
206544.15982485283,1.138,Comp0054,FS0001,6,27900,445,12,411,2626,3509
206565.28560992368,4.308,Comp0054,Web0004,6,27688,443,4,159,220,6530
206585.26250315903,3.013,Comp0023,DC0001,6,18215,389,17,7,98,1308
206593.6503867433,0.041,Comp0030,DNS0002,17,6847,53,2,2,61,40
206596.8669177207,1.21,Comp0014,DC0002,6,43905,88,4,3,255,2953
206597.44711761182,0.04,Comp0008,DNS0002,17,36973,53,2,3,66,80
206603.32827828708,4.464,Comp0074,Web0006,6,25759,443,9,39,111,10849
206608.2971499181,8.609,Web0003,DB0003,6,51761,3306,19,25,1682,85425
206618.8771860034,0.083,Comp0060,DNS0002,17,55679,53,2,4,44,134
206626.98994617554,11.509,Comp0024,DC0002,6,28909,445,11,371,1055,1538
206636.07902576285,0.097,Comp0035,DNS0001,17,20640,53,2,2,155,102
206659.906677234,9.124,Comp0041,Web0005,6,14981,443,13,66,249,5408
206673.4033080134,0.054,Comp0022,DNS0002,17,34931,53,2,3,42,131
206681.59917386112,27.71,Comp0050,Web0006,6,26031,443,5,23,1258,9110
206691.26851006347,0.263,Comp0025,DNS0002,17,48077,53,2,3,92,305
206703.6090284585,0.009,Proxy0001,Ext0011,6,38900,443,7,31,165,12158
206705.2443191875,0.159,Web0006,DNS0002,17,40076,53,3,4,128,85
206717.15828142056,14.504,Comp0042,Proxy0001,6,22765,3128,20,34,864,7184
206723.85336144504,1.939,Comp0071,DC0002,6,18880,445,44,33,7357,13629
206746.76267633715,0.282,Comp0020,Mail0002,6,21224,993,2,9,1376,1561
206750.5380551116,28.104,Comp0014,FS0003,6,9366,445,22,152,1558,6166
206755.63878645754,3.36,Comp0059,Web0004,6,24697,80,10,20,274,2200
206756.22121517162,11.962,Comp0013,Proxy0002,6,3953,3128,7,24,585,3890
206757.01134045311,3.289,Comp0019,Proxy0002,6,16548,3128,7,68,820,2843
206761.29303910493,6.793,Comp0008,Mail0002,6,30459,993,10,6,123,911
206764.12848443195,1.273,Comp0026,Web0005,6,27576,443,6,18,287,7307
206770.36203162183,6.7,Comp0004,Web0001,6,53785,443,13,42,162,6386
206792.19236118105,1.602,Comp0025,Web0001,6,29566,443,7,52,805,4860
206792.67950147498,1.22,Comp0025,Proxy0002,6,19794,3128,6,107,594,5803
206793.29142466694,0.267,Comp0073,DNS0002,17,26863,53,2,2,79,113
206801.79129100454,1.449,Comp0017,Proxy0002,6,35073,3128,3,49,1364,3667
206806.35089708224,2.35,Comp0022,Web0006,6,31835,80,22,63,3477,20094
206808.5066859435,3.071,Comp0077,Web0004,6,19765,80,4,46,947,6581
206811.83037777297,0.196,Comp0054,Web0006,6,52378,443,43,30,1977,1936
206824.64522090554,2.67,Comp0036,Web0004,6,5297,80,13,14,725,6478
206831.91839746735,13.462,Web0003,DB0001,6,46802,3306,15,188,11164,14323
206832.9299681614,3.973,Comp0025,Web0001,6,61873,443,19,137,1182,11393
206837.41386445842,0.135,Comp0023,DNS0001,17,26627,53,2,2,67,96
206839.13142610522,0.89,Comp0079,Web0001,6,59259,443,6,23,586,3147
206843.7398581759,1.38,Comp0042,Web0004,6,38052,443,11,20,439,2273
206852.1172616813,0.064,Comp0070,DNS0001,17,25971,53,2,3,84,124
206863.29763980617,7.763,Comp0046,Web0006,6,64269,443,27,16,531,14052
206863.62218220244,15.075,Comp0040,Web0006,6,56604,443,6,30,1438,31506
206870.54896466818,0.3,Comp0069,DNS0002,17,54059,53,3,3,32,138
206885.3625656059,0.045,Comp0060,DNS0001,17,38187,53,2,2,59,145
206888.18287484883,8.998,Comp0080,Web0004,6,20065,443,9,42,1359,8264
206890.98142173147,0.047,Comp0018,DNS0001,17,41277,53,2,3,84,243
206896.419138066,0.107,Comp0041,DNS0001,17,34372,53,3,2,116,100
206902.4976291852,2.764,Comp0030,Web0001,6,22356,443,4,35,488,13727
206911.12218645425,12.403,Comp0011,Web0002,6,61404,443,6,34,514,2220
206916.92036489805,2.763,Comp0047,Mail0002,6,16159,993,6,5,1212,422
206917.29080087712,7.394,Comp0002,Web0003,6,25915,443,9,37,2720,28041
206930.1018451198,11.666,Comp0006,FS0001,6,17852,445,21,173,257,60284
206931.5581686874,0.02,Comp0055,DNS0001,17,7508,53,2,4,53,172
206939.84122966888,0.47,Comp0009,DNS0002,17,5309,53,2,2,92,258
206940.67669340607,1.683,Comp0004,FS0001,6,36208,445,64,81,751,7493
206953.4860422359,0.346,Comp0073,DNS0002,17,22339,53,2,2,65,232
206958.69719956294,3.815,Comp0037,FS0001,6,52407,445,15,73,844,21929
206959.5861708831,0.033,Comp0057,DNS0001,17,1664,53,2,3,102,203
206961.49746903268,0.144,Comp0067,DNS0002,17,29891,53,2,3,62,105
206963.49468615954,11.642,Comp0004,FS0001,6,17537,445,7,58,4697,9503
206965.9038026904,9.833,Comp0065,DC0001,6,17680,389,3,27,124,516
206972.3688772404,4.455,Comp0028,Proxy0001,6,20829,3128,10,19,645,1479
206985.93670917457,16.77,Comp0034,Web0006,6,65223,443,11,74,723,5551
206992.77999213102,2.226,Comp0006,Web0006,6,11737,443,9,31,551,10763
207005.80950428508,2.063,Comp0058,Mail0001,6,10892,587,4,5,570,134
207005.84558723972,1.56,Comp0061,Web0006,6,7904,80,11,28,664,3156
207019.03500486587,0.083,Comp0042,DNS0001,17,7666,53,2,3,74,326
207024.58457759855,0.657,Comp0070,DNS0001,17,46101,53,2,3,77,237
207024.71045232235,17.755,Comp0026,Web0006,6,45810,443,3,16,2684,5837
207025.59965452884,26.729,Web0005,DB0001,6,35210,3306,7,15,3955,4641
207028.73880718325,0.975,Comp0059,DNS0002,17,64007,53,2,3,127,234
207037.2667394511,0.103,Comp0073,DNS0002,17,9569,53,2,2,43,123
207047.0139833605,6.659,Comp0023,Web0003,6,31868,443,16,57,852,3358
207051.9425665657,13.359,Comp0004,Proxy0001,6,7023,3128,4,73,1633,2604
207056.75227079738,0.17,Comp0063,DNS0001,17,7936,53,3,2,109,112
207061.61942323728,0.601,Proxy0001,Ext0011,6,30755,443,9,72,627,6201
207089.94538172643,0.229,Comp0052,DNS0002,17,64051,53,3,4,22,133
207094.89937658075,5.9,Comp0009,Web0004,6,64838,443,6,89,9611,14188
207099.54732008197,0.101,Comp0007,DNS0001,17,7230,53,2,3,66,626
207100.80501856442,11.942,Comp0032,FS0002,6,23518,445,23,86,1029,5034
207101.00778736421,13.344,Comp0049,Proxy0002,6,28435,3128,3,6,359,2120
207102.5903757806,0.004,Comp0029,DNS0002,17,52895,53,3,2,57,529
207120.314425259,6.491,Comp0002,Web0006,6,65285,80,4,45,854,15739
207120.77389227238,0.132,Comp0022,DNS0001,17,34353,53,2,2,41,61
207128.601414373,4.181,Comp0025,Web0004,6,29980,80,5,37,476,5510
207141.74742558415,0.635,Comp0078,DC0002,6,39683,88,16,8,1709,228
207144.79119789612,0.073,Comp0045,DNS0002,17,46523,53,2,2,52,85
207162.4463246902,0.136,Comp0023,DNS0002,17,24390,53,2,2,59,162
207169.7164511546,1.045,Comp0039,Web0003,6,1194,443,13,16,180,2069
207172.8034150778,0.001,Comp0026,DNS0001,17,37882,53,2,2,86,199
207173.9698456491,6.41,Comp0034,Web0004,6,13043,443,14,45,708,1830
207182.74532186778,0.151,Comp0023,DNS0001,17,48133,53,3,4,91,147
207190.95157204484,0.92,Comp0045,Proxy0002,6,4565,3128,8,68,1739,9719
207192.43014655134,2.156,Proxy0002,Ext0022,6,17817,443,4,16,781,36015
207206.350927523,0.592,Comp0074,FS0001,6,41887,445,16,293,1231,11115
207210.32626119693,0.057,Comp0010,DNS0001,17,40301,53,3,3,59,286
207228.5538018584,20.168,Comp0023,Web0002,6,7660,443,6,33,1407,2957
207235.31272803526,9.689,Comp0045,Web0004,6,57011,443,8,22,1733,11889
207250.02045883407,0.052,DC0001,DNS0002,17,1447,53,3,2,56,279
207251.22419339663,5.266,Comp0026,DC0001,6,49843,88,8,6,629,1065
207254.65670853748,0.195,Comp0050,DNS0002,17,16968,53,2,3,43,124
207270.02546947484,0.053,Comp0062,DNS0001,17,12690,53,2,3,66,119
207272.26988672707,37.651,Comp0059,DC0001,6,15250,445,60,80,3060,36658
207293.05160308044,8.179,Comp0051,Web0002,6,53732,443,11,44,1503,7577
207298.37385496296,0.568,Proxy0002,Ext0009,6,1220,443,13,43,433,30432
207316.68330558774,18.387,Comp0066,Web0003,6,31506,443,14,69,742,12987
207325.3173888605,6.635,Comp0059,Web0003,6,58860,443,15,46,367,2949
207333.39442827372,4.617,Comp0066,Web0002,6,50578,443,6,39,629,4729
207338.10399972694,0.01,Comp0051,DNS0002,17,25421,53,5,2,85,104
207348.08285574656,0.317,Comp0066,DNS0001,17,9986,53,2,2,219,79
207352.26161334023,0.601,Comp0072,Web0003,6,1506,80,5,61,767,15306
207353.23344326764,19.678,Comp0066,Web0005,6,30485,443,4,23,161,3358
207354.31742408202,10.328,Proxy0001,Ext0004,6,44617,80,6,24,586,4640
207359.70131277217,8.004,Comp0040,Web0003,6,29281,80,4,148,86,55815
207380.6548425608,0.256,Comp0035,FS0003,6,14788,445,68,242,1234,10684
207384.2687910907,3.974,Comp0038,DC0002,6,2477,389,9,3,634,933
207389.29365771366,0.134,Comp0009,DNS0002,17,46957,53,3,2,123,49
207395.90273172155,0.023,Comp0003,DNS0001,17,5916,53,2,2,56,181
207405.48338525102,11.439,Comp0050,Web0004,6,51958,80,6,34,279,3397
207413.1996103207,1.942,Comp0059,Proxy0002,6,6904,3128,4,19,505,40093
207417.54873080354,5.293,Comp0018,FS0001,6,26255,445,22,34,854,17183
207418.95658375113,0.424,Comp0050,FS0002,6,40570,445,21,117,3755,18521
207428.85123829273,1.112,Comp0036,Web0004,6,32155,443,30,16,3117,3101
207434.82961230015,0.038,Comp0017,DNS0002,17,44959,53,2,4,95,113
207435.47680719354,0.128,Comp0028,DNS0001,17,47326,53,3,2,99,233
207449.83478329887,0.15,Comp0002,DNS0002,17,46870,53,2,3,85,204
207469.44050362278,2.504,Comp0002,Proxy0001,6,26135,3128,7,42,422,17265
207472.2926277197,2.21,Comp0015,Web0003,6,23297,443,8,12,45,7451
207472.86801025918,8.455,Mail0002,Ext0008,6,22631,25,12,4,588,106
207481.16580515506,4.308,Comp0063,Web0001,6,40636,80,5,70,99,12229
207486.3296795827,0.193,Comp0011,DNS0002,17,53303,53,2,4,48,131
207487.64320652006,7.639,Comp0047,Proxy0002,6,44287,3128,7,36,366,22582
207496.86175128754,0.087,Comp0075,DNS0001,17,15827,53,2,4,92,152
207498.40211050017,21.224,Web0006,DB0003,6,47770,3306,9,50,885,26784
207503.00686456892,0.187,Comp0032,DNS0002,17,26922,53,2,2,73,174
207507.9725074799,0.565,Comp0065,DNS0002,17,52499,53,2,3,66,92
207511.4399120068,0.424,Comp0068,Proxy0001,6,35463,3128,5,27,918,4329
207564.00380511722,0.102,Comp0035,DNS0002,17,53508,53,2,3,43,176
207564.82065499647,0.248,Comp0051,Web0002,6,60349,80,26,137,210,6669
207565.29622531714,0.496,Comp0012,Proxy0001,6,3429,3128,16,15,2130,11976
207567.66254579,9.661,Comp0011,Web0005,6,58780,443,35,70,695,6100
207571.42207004747,1.084,Comp0031,Web0006,6,55513,443,19,43,1813,1327
207578.3329584309,20.095,Comp0079,Proxy0002,6,9120,3128,14,44,208,853
207578.7831189422,2.869,Comp0061,Web0004,6,17384,80,6,7,1919,9986
207587.12867552385,0.045,Comp0061,Mail0001,6,52958,587,8,8,359,289
207618.76464287026,2.494,Comp0066,DC0002,6,2630,88,4,12,238,589
207627.20000691558,11.836,Web0001,DB0001,6,13911,3306,42,363,746,4678
207635.5564048201,0.151,Comp0038,DNS0001,17,4584,53,2,3,39,144
207637.76747216124,1.985,Comp0041,Mail0002,6,35807,587,6,10,430,302
207638.85346074507,19.485,Comp0017,Proxy0002,6,31435,3128,19,21,2200,24024
207648.57538546476,1.211,Comp0067,FS0002,6,56793,445,7,63,3370,25626
207654.4675206634,0.545,Comp0055,DNS0001,17,10548,53,2,2,49,154
207664.6528668027,27.572,Comp0016,FS0003,6,64278,445,51,28,2119,121043
207667.81823223486,0.04,Comp0026,Proxy0002,6,19398,3128,9,7,528,17561
207681.42028071685,1.731,Comp0037,Proxy0001,6,29241,3128,8,46,191,54357
207682.01176501668,0.143,Comp0009,DC0001,6,23792,88,7,7,244,125
207685.71684333315,9.985,Comp0024,Web0002,6,8304,443,20,79,338,9239
207690.4593859904,0.798,Comp0030,Mail0002,6,2074,587,13,4,268,1405
207700.14753777097,5.012,Comp0064,Web0003,6,11414,80,5,88,997,5077
207701.483758128,0.147,Comp0025,Proxy0002,6,54082,3128,8,24,1144,2666
207708.32143239366,5.839,Comp0052,DC0002,6,65327,389,11,8,137,1230
207710.11001126585,2.351,Comp0064,DC0002,6,52947,88,7,5,1053,833
207716.67344517238,0.007,Comp0053,DNS0001,17,6261,53,3,2,33,81
207725.84073441103,0.118,Comp0041,DNS0001,17,46464,53,2,3,99,58
207731.5345859331,0.007,Comp0066,DNS0002,17,31246,53,3,2,89,331
207735.4111217667,8.328,Comp0064,Proxy0001,6,63231,3128,21,30,282,3365
207737.2248378958,0.122,Comp0072,DNS0002,17,37123,53,2,2,60,112
207738.04538987545,8.422,Comp0080,DC0002,6,45412,445,18,177,6242,73604
207738.34420295755,6.96,Comp0031,DC0001,6,52041,88,9,4,750,1090
207742.11815521104,43.024,Web0003,DB0002,6,60136,5432,27,39,603,2923
207747.39083182078,0.071,Comp0007,DNS0002,17,42048,53,3,2,124,113
207751.44790806703,0.055,Comp0011,DNS0002,17,62388,53,2,3,109,200
207758.43136453646,5.495,Comp0061,Mail0002,6,11740,993,3,8,282,2356
207766.22539355277,4.661,Web0004,DB0002,6,26659,5432,39,110,632,160999
207769.0615090886,0.253,Web0005,DNS0002,17,6808,53,2,3,40,156
207777.08567468708,0.675,Comp0010,DNS0001,17,64970,53,3,2,42,303
207778.44094040385,0.334,Comp0046,Web0004,6,1512,80,5,128,320,1578
207778.89912802493,2.048,Comp0033,Proxy0001,6,21554,3128,3,39,1146,949
207788.73673626073,1.343,Comp0031,Mail0002,6,27056,993,5,9,874,638
207790.88962158517,3.354,Comp0025,Proxy0002,6,64940,3128,8,38,597,17236
207793.72881117533,2.578,Comp0019,Proxy0001,6,29377,3128,5,73,990,13160
207814.63728581523,0.13,DC0001,DNS0002,17,12389,53,3,3,86,68
207821.78940304203,0.07,Comp0043,DNS0002,17,5705,53,3,2,84,333
207833.7774446999,0.284,Comp0071,DNS0001,17,20767,53,3,2,88,305
207834.30477147002,34.056,Web0005,DB0001,6,6427,3306,20,159,321,36859
207844.13215766626,0.203,Comp0058,DC0002,6,53215,389,5,8,137,1924
207854.8824379001,0.136,Comp0072,DNS0001,17,31519,53,3,2,46,159
207859.7798328788,0.779,Comp0057,FS0003,6,4806,445,17,69,1717,20375
207860.49595708644,0.282,Comp0054,DNS0002,17,24588,53,2,3,50,101
207861.53952304207,1.002,Web0004,DB0003,6,55380,3306,31,112,562,115509
207878.37342009452,0.011,Comp0023,DNS0001,17,10308,53,2,2,49,148
207883.9309086936,9.262,Comp0012,DC0002,6,5185,88,6,6,594,579
207895.40791189123,41.549,Web0005,DB0001,6,33708,5432,8,107,842,23137
207897.4335497318,7.644,Comp0012,Mail0002,6,18694,993,8,6,148,1196
207900.16386318058,5.868,Comp0018,Web0001,6,47340,443,11,50,340,1870
207924.29245892668,5.9,Comp0067,Web0005,6,11633,80,4,16,430,5041
207935.35793483784,6.481,Comp0058,Proxy0001,6,18615,3128,15,26,901,4161
207936.41733038338,2.899,Comp0075,DC0001,6,59877,389,4,4,136,235
207947.2765476199,2.591,Comp0029,FS0001,6,42946,445,92,89,9214,6381
207948.9663520325,2.446,Comp0044,Web0003,6,32348,443,8,128,180,7605
207950.10332177285,11.036,Comp0052,Proxy0001,6,44284,3128,8,97,4127,10041
207954.87589945385,1.143,Comp0063,DC0002,6,53555,88,9,5,248,956
207965.63232024113,0.275,Comp0003,DNS0002,17,35574,53,2,3,73,97
207967.09269295537,0.439,Comp0028,DNS0002,17,1710,53,2,3,64,167
207971.8513640487,8.678,Comp0010,Web0001,6,54919,80,7,62,715,28692
207972.80948257374,0.056,Comp0013,DNS0001,17,43193,53,3,3,55,82
207976.44229908352,1.655,Comp0076,DC0002,6,27840,88,8,7,451,793
207977.00242052256,0.551,Comp0070,Proxy0002,6,38998,3128,24,72,605,3855
207980.7753299678,0.091,Comp0069,DNS0001,17,38002,53,2,2,43,175
207984.46558624596,14.766,Comp0075,FS0002,6,23894,445,4,33,5503,40893
207995.42098206253,0.543,Comp0053,DNS0001,17,55716,53,2,3,87,171
207998.39593022794,3.227,Comp0011,FS0002,6,33997,22,7,5,239,598
208005.05005455617,3.421,DB0001,DC0002,6,40054,389,4,5,149,137
208013.520196865,13.196,Comp0059,Web0005,6,44829,443,9,53,1659,36053
208013.53951904766,7.374,Proxy0002,Ext0016,6,47758,80,12,54,609,6168
208018.16215906848,0.326,Comp0071,DNS0001,17,39132,53,2,3,99,217
208030.9930645561,8.134,Comp0005,Web0006,6,24234,443,6,16,1539,6303
208031.4828737678,2.107,Comp0030,Proxy0002,6,34492,3128,9,207,322,1728
208032.23782901006,0.099,Comp0003,DC0001,6,46659,389,4,5,116,490
208041.71176880953,1.942,Comp0076,Web0003,6,6464,443,5,40,308,7751
208042.83696590672,13.786,Comp0038,FS0003,6,8602,445,7,78,6683,9183
208045.93106106645,1.69,Comp0052,Mail0002,6,27149,993,9,11,240,485
208051.79844700237,13.827,Comp0006,Comp0011,6,55612,445,19,17,9119,2096
208053.8184618406,7.916,Comp0020,Web0002,6,38920,443,7,41,263,4116
208061.84100907954,2.628,Comp0029,DC0001,6,1054,88,7,18,399,361
208063.75600353512,0.354,Comp0008,DNS0002,17,5458,53,3,2,59,85
208069.9563934625,13.164,Comp0060,Proxy0001,6,20241,3128,11,59,2388,10578
208070.34241771934,0.952,Proxy0001,Ext0013,6,38595,80,12,7,149,9122
208073.81297304193,5.916,Comp0043,Proxy0002,6,65168,3128,20,17,765,6335
208086.11150832372,0.112,Comp0030,DNS0001,17,49629,53,2,3,34,316
208104.0069231852,2.905,Comp0030,Web0001,6,40836,443,6,22,775,7880
208104.40723762824,0.028,Comp0020,DNS0001,17,21985,53,3,2,87,215
208114.0110408162,1.807,Comp0017,DC0002,6,25620,445,5,309,2476,331205
208128.7787468157,1.812,Comp0071,FS0002,6,52256,445,19,170,454,45187
208140.35483310965,3.06,Comp0024,DC0002,6,32032,389,8,16,1185,808
208148.18238825034,0.236,Comp0042,DNS0002,17,15183,53,2,2,64,168
208156.3442486312,13.345,Comp0065,DC0001,6,17328,389,8,9,523,380
208157.9130736572,0.24,Proxy0001,Ext0029,6,2782,80,8,11,812,8434
208162.7162335484,0.014,Comp0057,DNS0001,17,14027,53,2,2,59,87
208165.39915949764,0.216,Comp0051,DNS0002,17,43466,53,2,3,69,151
208169.073287491,0.102,Comp0076,DNS0001,17,54703,53,2,2,84,226
208169.67716432075,0.593,Comp0052,DC0002,6,25779,389,3,11,433,818
208171.39769373808,0.977,FS0002,DC0001,6,58430,88,3,9,329,131
208183.7682126687,18.058,Comp0014,Proxy0002,6,54691,3128,6,36,332,1242
208205.09572766096,6.111,Comp0075,Mail0002,6,30550,993,10,3,765,285
208208.13579548913,3.054,Comp0057,FS0001,6,6236,445,19,81,2396,6788
208215.33907211662,0.006,Comp0044,Web0004,6,26247,80,12,75,503,9459
208218.99834814674,1.024,Comp0051,Proxy0002,6,61421,3128,11,44,238,2071
208224.85859559735,0.346,Comp0030,DNS0001,17,28862,53,2,3,118,175
208237.35049692486,2.002,Proxy0002,Ext0010,6,6831,80,7,47,991,2349
208239.80631301145,0.041,Comp0043,DNS0002,17,25957,53,4,3,154,177
208241.88328419774,0.79,Comp0073,Web0005,6,11348,443,11,37,2251,17895
208244.00914675812,0.186,Comp0039,DNS0001,17,14105,53,3,3,72,118
208255.33995145082,1.027,Comp0002,Web0005,6,47505,443,13,45,4712,13701
208256.90369749116,1.801,Comp0017,Proxy0002,6,1851,3128,8,23,1240,6415
208270.99662804752,0.057,Mail0002,DNS0001,17,5031,53,3,3,50,139
208290.20619036484,0.459,Comp0056,Proxy0001,6,37183,3128,3,109,461,9496
208294.56359909085,0.105,Comp0061,DC0001,6,32013,88,14,7,292,692
208295.82518225833,6.306,Comp0070,DC0002,6,34587,389,4,8,623,429
208301.3472086393,0.704,Comp0008,DC0001,6,11758,389,5,3,75,1545
208308.69639678046,4.593,Proxy0001,Ext0033,6,11001,443,8,7,471,3464
208325.27361456797,1.527,Comp0080,Web0003,6,51178,443,6,523,1838,70372
208333.59654237944,1.077,Comp0057,Web0004,6,58862,443,5,12,880,6497
208337.21902293505,7.263,Comp0047,Proxy0002,6,65115,3128,4,9,698,11689
208340.37544171387,0.05,Comp0011,DNS0001,17,40496,53,2,3,121,150
208341.61622010215,14.079,Comp0006,Proxy0002,6,60349,3128,4,23,317,10952
208358.09042678186,0.21,Comp0034,DNS0001,17,45588,53,2,3,47,84
208361.564839477,0.898,Comp0063,DC0002,6,12629,88,7,4,240,804
208381.4281861142,2.349,Comp0078,DC0001,6,25123,389,5,8,495,380
208390.6911021258,0.15,Comp0034,DNS0001,17,5883,53,2,3,95,100
208391.1934332179,34.596,Comp0023,DC0002,6,28560,445,35,136,2208,8383
208396.11796547243,10.067,Comp0005,Web0001,6,37482,443,12,13,788,2153
208398.34608776338,0.592,Comp0008,Web0003,6,27086,443,5,40,229,1458
208401.2725779112,18.475,Web0003,DB0003,6,13271,3306,19,58,1474,26835
208402.29962987074,0.258,Comp0006,Comp0066,6,21137,139,11,43,8270,1385
208404.8731361129,0.792,Comp0002,Web0006,6,46749,443,6,15,1639,9280
208408.35222474742,0.227,Comp0052,DNS0002,17,43303,53,2,2,73,54
208409.73027495222,0.674,Comp0007,Web0003,6,18819,80,23,41,2103,3319
208418.0326268518,1.5,Comp0079,Proxy0002,6,7060,3128,27,23,273,59070
208424.28232319868,0.254,Comp0034,Web0005,6,9042,80,8,23,1100,4969
208424.31417327252,2.078,Comp0029,FS0002,6,44480,445,14,89,1060,9999
208425.35474417498,0.545,Comp0030,DC0002,6,5810,389,8,6,112,305
208433.55580815612,40.782,Comp0038,FS0001,6,7233,445,32,57,11078,7940
208433.7903740279,7.223,Comp0049,FS0003,6,20241,445,10,67,6579,9050
208451.58300404926,0.981,Comp0061,Web0001,6,45581,443,6,11,1152,5123
208454.2174596916,0.852,Comp0003,DNS0002,17,30649,53,2,2,73,55
208465.7163120957,0.611,Comp0054,DNS0002,17,33259,53,2,2,31,137
208476.94652962429,10.992,Comp0005,Proxy0001,6,23641,3128,14,54,1030,28143
208508.9490936502,2.812,Comp0030,Web0006,6,31539,443,17,19,2040,17667
208511.67809843307,5.335,Comp0009,Web0001,6,37910,443,8,21,2499,6630
208516.80415564944,1.205,Comp0030,DC0002,6,58756,389,4,4,407,93
208523.8862441548,0.629,Comp0021,DNS0001,17,47807,53,3,3,86,219
208523.97280858105,0.103,Comp0043,DNS0001,17,6162,53,2,2,49,152
208524.8840498463,0.266,Comp0043,DNS0002,17,9234,53,2,4,170,332
208526.3468421489,0.515,Comp0047,Mail0001,6,46829,993,6,4,260,360
208531.60594184868,2.072,Comp0009,Mail0002,6,20150,587,4,6,685,478
208531.9416181199,4.601,Comp0015,Proxy0002,6,55207,3128,3,26,789,4222
208532.18023626728,1.092,Comp0032,DC0002,6,46188,88,7,12,119,456
208532.53836455173,15.017,Comp0049,FS0002,6,36139,445,7,37,3449,22891
208534.66793625374,2.354,Comp0017,Web0005,6,35012,443,12,38,5585,3647
208536.20686429454,1.95,Comp0008,Web0002,6,46848,443,9,52,354,17564
208543.47827769263,2.132,Comp0010,FS0003,6,49776,445,49,305,10994,9486
208550.76571123014,12.919,Comp0005,FS0003,6,30996,445,8,35,3051,9181
208557.50031810245,0.281,Comp0063,DNS0001,17,34456,53,2,2,66,187
208558.55625121418,0.256,Comp0006,DNS0001,17,59630,53,2,2,101,208
208566.06018904655,0.256,Comp0080,DNS0002,17,24088,53,2,2,69,182
208571.32194974885,0.736,Web0001,DC0002,6,48653,389,6,14,224,140
208571.40571140003,8.319,Comp0008,Web0003,6,43482,443,9,77,4946,8699
208574.2809283813,0.513,Comp0034,Mail0002,6,29617,993,4,3,332,260
208575.33737457945,4.168,Comp0012,Mail0001,6,44884,587,4,5,56,830
208586.3945628433,5.898,Comp0058,Mail0001,6,48099,993,3,4,599,142
208588.00682745318,6.345,Comp0024,Web0001,6,45537,80,15,17,845,4300
208594.4408165116,0.194,Comp0005,DNS0001,17,1219,53,2,3,50,150
208595.1144913422,3.358,Comp0003,Web0003,6,45028,443,64,59,1420,2611
208602.44460436155,0.0,Comp0013,DNS0001,17,17787,53,3,2,50,72
208605.2105394672,0.6,Comp0066,Mail0001,6,64697,993,5,4,971,292
208606.70594223565,4.936,Comp0073,DC0002,6,46169,445,7,105,392,1411
208608.4843398239,28.816,Comp0013,Web0006,6,55898,80,4,8,1067,1515
208620.91881936422,5.421,Comp0072,FS0002,6,63967,445,4,72,4787,21879
208634.85602798278,0.458,Comp0049,Mail0001,6,35328,993,6,5,1107,371
208634.93871469822,1.991,Comp0033,Web0003,6,50279,80,8,18,431,10351
208638.8580094067,0.048,Comp0046,DNS0002,17,8931,53,3,2,73,188
208642.53542528563,14.046,Comp0034,FS0002,6,9089,445,6,79,3149,96668
208643.67217137286,3.229,Comp0021,Web0005,6,65180,443,17,22,277,31821
208658.76274172595,0.174,Comp0017,Proxy0002,6,13171,3128,5,29,815,1424
208662.95181077177,0.503,Proxy0002,Ext0022,6,36428,80,10,41,287,6174
208665.23750017065,0.849,Proxy0001,DNS0001,17,57797,53,2,3,69,119
208679.4556761252,1.056,Comp0043,Web0004,6,16272,80,7,78,616,1466
208682.0869962235,4.683,Comp0056,Web0006,6,51211,443,6,61,831,4474
208687.1759138481,6.368,Comp0015,DC0002,6,14522,88,8,5,248,1909
208696.68387923992,5.26,Comp0053,DC0001,6,20739,389,9,14,1359,299
208699.2170130648,3.788,Comp0016,Web0001,6,1403,443,2,23,1551,2893
208702.0722350203,1.413,Comp0015,DC0001,6,28292,389,4,10,216,406
208707.3896431138,0.462,Comp0074,Web0005,6,59701,443,10,47,778,16139
208722.0343639791,1.193,Comp0062,Proxy0002,6,57493,3128,3,40,118,1168
208723.73121594713,1.148,Comp0033,Web0004,6,5747,443,13,51,306,15979
208726.07220940874,1.383,Comp0036,Web0006,6,29813,80,10,215,217,4321
208726.20454966728,3.346,Comp0032,Mail0001,6,13889,587,5,3,206,1012
208746.43794575823,4.192,Comp0012,Web0006,6,1241,80,13,11,767,2657
208748.53268752788,2.403,Comp0080,FS0003,6,9136,445,17,20,6625,17120
208762.3870592536,13.582,Comp0032,FS0002,6,29748,445,42,314,2053,16506
208762.75176769524,13.211,Web0006,DB0004,6,6698,3306,23,637,608,26011
208788.97481898143,12.391,Comp0042,Web0002,6,8817,443,4,43,623,10153
208791.29413161383,12.197,Proxy0002,Ext0029,6,7610,80,13,43,109,2928
208797.22669705178,0.094,Comp0014,DNS0001,17,47780,53,3,3,38,104
208823.67031396332,0.09,Comp0068,Web0006,6,53896,443,25,21,3757,592
208827.62459056333,1.76,Comp0068,Web0002,6,49745,443,6,26,959,1788
208830.35751147385,0.16,Comp0012,DNS0002,17,17872,53,2,2,83,66
208844.89861541425,15.578,Comp0065,Web0002,6,11777,443,11,68,485,15637
208845.58925450526,1.785,Comp0030,Mail0002,6,54637,587,7,12,7341,2023
208855.57476175152,0.645,Comp0063,Mail0001,6,20719,587,6,5,485,86
208864.55031318954,3.163,Comp0011,Mail0001,6,24489,993,15,6,510,647
208866.3196666454,0.795,Comp0059,Web0002,6,8004,80,3,134,1123,9475
208872.15221967624,0.871,Comp0068,Web0005,6,23393,80,7,31,394,872
208875.086057265,0.522,Comp0080,DNS0002,17,43539,53,3,3,113,157
208890.61569909874,0.004,Comp0009,DNS0002,17,6541,53,2,2,104,226
208909.70895545668,12.157,Proxy0001,Ext0030,6,42194,443,23,32,2530,7672
208910.4096926648,1.434,Comp0023,DC0002,6,31742,445,23,51,16455,1000
208910.92661040192,4.808,Comp0004,Mail0001,6,42377,587,4,25,483,2490
208911.89827700699,0.213,Comp0065,DNS0002,17,15589,53,2,2,62,118
208924.7564130861,7.717,Comp0052,FS0001,6,26519,445,27,40,439,22581
208927.86441332437,0.877,Comp0031,DNS0002,17,3984,53,3,2,99,92
208929.04278574974,22.232,Comp0040,DC0002,6,53746,445,7,221,658,12208
208951.77007900566,3.398,Comp0057,Web0006,6,15362,443,5,96,1859,9310
208952.39170111855,2.718,Comp0013,FS0002,6,59655,445,65,533,4154,12618
208957.2517695798,10.67,Comp0006,DC0001,6,8153,88,6,5,730,2086
208957.54721798358,2.86,Comp0064,Mail0002,6,29046,587,5,5,3484,316
208965.17248518104,0.229,Comp0072,DNS0001,17,50244,53,3,3,88,162
208971.47931905635,9.292,Web0003,DB0004,6,5814,5432,12,108,856,34276
208979.37920371103,2.266,Comp0049,DC0002,6,15927,88,4,4,501,1451
208984.4923035683,1.211,Comp0072,Web0004,6,2337,443,7,53,2149,2288
208987.6999230364,6.47,Comp0005,Proxy0002,6,26884,3128,2,23,88,1378
208988.11920770886,4.816,Comp0032,DC0001,6,1963,88,5,5,522,1031
208989.72072936292,0.083,Comp0032,DNS0001,17,14649,53,2,3,100,211
208996.46912098082,28.456,Comp0054,Proxy0002,6,41036,3128,11,38,6464,13046
209010.7906883061,1.805,Comp0052,Web0003,6,31705,443,15,37,558,1636
209011.35059307265,0.918,Comp0062,Web0006,6,2873,443,8,21,913,4034
209018.25991739286,6.201,Comp0036,Mail0002,6,61017,587,8,4,130,584
209019.57786935766,5.296,Comp0055,Web0005,6,32941,80,7,127,595,10145
209024.84272242236,1.444,Comp0071,DC0001,6,56170,389,5,5,148,1228
209029.55917264585,0.195,Comp0042,DNS0002,17,18426,53,3,3,154,135
209035.2107164645,1.223,Comp0053,Proxy0001,6,60763,3128,10,25,5877,37259
209069.541771484,1.556,Comp0031,Web0003,6,49619,443,8,224,966,75552
209072.9866108031,0.662,Comp0025,DC0001,6,47282,88,3,4,124,776
209074.3943972818,0.464,Comp0067,DNS0002,17,39114,53,2,3,93,57
209077.86988693345,3.292,Comp0015,FS0001,6,46708,445,8,145,3523,5159
209080.1625282633,10.49,Comp0007,Web0001,6,24757,80,8,65,384,40409
209082.55472863937,11.021,Comp0041,Web0002,6,16550,443,9,33,287,1832
209092.99386414548,2.65,Proxy0001,Ext0024,6,11742,443,19,78,1571,1564
209101.0172884037,0.077,Comp0007,DNS0001,17,30880,53,2,3,125,107
209108.5330417075,25.109,Comp0064,FS0001,6,42571,445,12,315,5055,23261
209114.58486478782,0.314,Comp0072,DNS0001,17,64132,53,2,3,72,198
209123.0753795251,0.355,Comp0065,DNS0002,17,25781,53,2,2,72,119
209125.00666603178,7.1,Comp0050,Web0001,6,8035,80,9,49,4568,12170
209148.6840597573,0.732,Comp0026,Web0006,6,10302,443,9,145,3042,24223
209150.47833924904,0.339,Web0001,DNS0001,17,20464,53,3,3,124,107
209151.8271403655,0.126,Comp0022,DNS0001,17,49823,53,3,2,33,71
209155.98275526016,0.411,Comp0013,DNS0002,17,31702,53,2,3,85,164
209160.249484879,6.479,Comp0066,Web0004,6,38221,443,6,34,907,1681
209162.1728307926,0.264,Comp0076,DNS0001,17,48093,53,2,2,82,138
209170.52682671798,4.248,Comp0066,Web0005,6,22796,443,16,30,332,25184
209179.6075616366,4.37,Comp0049,Proxy0002,6,36783,3128,8,102,617,9117
209181.8917477384,2.141,Comp0067,DC0002,6,11376,389,10,7,399,596
209186.3291429694,0.424,Comp0074,DNS0002,17,27354,53,2,3,67,116
209190.89049685557,2.42,Comp0036,Web0005,6,41876,443,10,39,2559,2024
209203.76214625617,0.025,Comp0018,DNS0002,17,30371,53,3,2,80,122
209204.42647072923,15.675,Comp0039,FS0001,6,59099,445,63,119,543,201625
209205.28571795352,0.873,Comp0073,Web0004,6,14784,443,8,43,1458,17684
209233.2998745038,0.089,DC0002,DNS0002,17,21463,53,3,3,178,138
209234.0367847515,0.084,FS0001,DNS0002,17,47886,53,3,3,63,367
209269.71966486122,11.675,Comp0035,FS0003,6,20162,445,24,44,499,7435
209278.56735509695,0.182,Comp0061,Proxy0002,6,30235,3128,29,24,1302,7215
209282.30357445864,0.253,Proxy0001,Ext0012,6,58146,443,6,18,95,32609
209282.50850942344,2.087,Comp0015,DC0002,6,61280,88,7,5,1248,2277
209284.4421077754,5.73,Comp0043,Mail0002,6,31914,993,12,7,486,367
209293.89249119227,10.765,Comp0040,FS0002,6,8651,445,31,115,513,1011
209312.61558794827,0.076,Comp0070,DNS0002,17,51906,53,2,3,28,253
209322.26202376786,0.008,Comp0013,DNS0002,17,58719,53,2,3,53,99
209325.24853039102,13.212,Comp0061,DC0001,6,8023,88,10,14,359,331
209325.5771927106,16.279,Comp0050,Web0005,6,29004,443,7,95,287,2226
209327.00432733202,27.911,Comp0035,FS0003,6,60794,445,19,105,2487,5236
209333.7404129337,0.044,Comp0059,DNS0002,17,22249,53,2,2,53,158
209335.0480478101,0.034,Comp0032,DNS0002,17,5228,53,2,3,75,136
209349.1489539803,0.747,Comp0026,DC0002,6,59064,88,3,8,399,390
209356.47149980915,2.315,Comp0008,Proxy0001,6,47773,3128,14,8,759,8317
209356.6985618244,4.683,Comp0054,Web0004,6,35059,80,8,24,199,1796
209372.5229775929,0.373,Comp0016,Proxy0002,6,49225,3128,12,16,516,7035
209373.08691617392,0.0,Comp0045,DNS0002,17,33928,53,3,3,43,248
209377.15982276006,0.372,Comp0070,DNS0002,17,36335,53,2,3,33,284
209382.19801207638,1.839,Comp0005,Proxy0002,6,58845,3128,6,14,906,1900
209385.01061598648,3.704,Web0005,DB0001,6,55888,3306,8,240,290,6845
209385.94188216768,18.253,Comp0054,Web0004,6,24385,80,29,40,1255,26348
209388.39127061956,12.736,Comp0076,Mail0002,6,3814,587,6,10,503,772
209389.68404847372,7.788,Comp0006,Web0004,6,19384,443,9,13,498,2915
209390.1188929802,0.112,Comp0014,DNS0002,17,23087,53,2,2,74,238
209390.47625056657,0.009,Proxy0001,DNS0001,17,7115,53,2,3,55,129
209394.6215937929,0.618,Comp0058,Web0001,6,10508,80,9,56,151,11155
209411.92166971898,4.615,Comp0015,FS0002,6,5394,445,19,309,1869,3391
209411.95544637984,6.836,Comp0026,DC0002,6,16676,445,35,129,2565,1680
209422.45167058727,1.299,Comp0021,FS0002,6,19242,445,13,37,762,3709
209423.49107830122,2.303,Comp0032,Web0004,6,13546,80,24,29,450,2663
209424.1622843922,1.878,Comp0006,Mail0001,6,16579,993,5,8,596,2031
209428.26824565307,3.259,Web0006,DB0002,6,10581,5432,5,39,6009,10531
209443.00331574422,0.976,Comp0078,DC0002,6,31337,88,4,7,719,2772
209443.14412571365,1.82,Comp0021,Proxy0001,6,40222,3128,8,39,181,6775
209445.41045347415,6.081,Comp0074,Web0001,6,28126,80,5,302,1652,4698
209463.8352686762,0.44,Comp0030,Proxy0002,6,61717,3128,31,11,3598,3945
209464.7966162821,0.175,Comp0012,DNS0001,17,34967,53,3,2,78,51
209468.48485423322,0.414,Comp0004,DNS0002,17,64312,53,2,2,79,264
209468.72688415713,1.256,Comp0011,Web0005,6,36915,443,5,16,1124,1774
209473.299811678,0.229,Comp0075,DC0002,6,59047,389,4,4,199,428
209477.76547880046,0.375,Comp0002,DC0001,6,35105,88,4,10,1051,351
209481.84877316334,11.025,Comp0047,Proxy0001,6,46202,3128,8,30,2980,1243
209485.5320636871,1.703,Comp0001,Web0003,6,15040,80,10,44,1811,1275
209486.71126772484,18.556,Comp0077,Web0001,6,22644,443,16,90,188,3011
209486.8297345817,2.676,Comp0014,DC0002,6,12899,389,6,12,349,2094
209488.43983228208,2.426,Comp0027,Web0002,6,1273,443,13,208,1495,7630
209499.59177704615,18.091,Comp0073,FS0002,6,46725,445,16,246,304,254425
209499.88613682982,0.88,Comp0050,Proxy0001,6,4647,3128,8,36,2077,5101
209505.9684801865,3.11,Comp0035,Web0005,6,26104,443,2,13,4221,2915
209511.71442553506,2.002,Comp0044,Proxy0002,6,4120,3128,13,8,136,47800
209511.97738166596,0.148,Comp0053,DNS0002,17,39702,53,2,2,102,166
209520.85969775287,0.446,Comp0013,DNS0001,17,21471,53,2,3,46,82
209527.24928238464,9.419,Comp0031,Proxy0002,6,30157,3128,7,17,613,21323
209536.2769960784,0.064,Comp0010,DNS0001,17,47612,53,2,2,68,307
209540.51991665966,0.051,Comp0016,DNS0001,17,32252,53,2,3,74,526
209541.64640521124,0.006,Comp0001,DNS0001,17,11410,53,2,2,59,148
209543.76472216428,0.828,Comp0028,Web0003,6,18765,80,2,48,681,8334
209555.91906091047,0.76,Comp0042,DNS0001,17,55790,53,3,3,77,275
209565.27714066976,1.939,Comp0024,Web0003,6,39244,443,11,65,424,742
209565.5618181401,0.004,Comp0032,DNS0002,17,35504,53,3,3,81,133
209583.94308569882,2.971,Proxy0002,Ext0002,6,24417,80,7,31,1049,17838
209584.21973340478,0.049,Comp0037,DNS0002,17,55304,53,2,3,56,41
209585.80803008136,3.006,Comp0011,DC0001,6,29134,389,17,12,500,1037
209591.78539463197,1.302,Comp0045,DNS0002,17,32096,53,3,2,69,142
209591.8959242435,0.874,Comp0026,FS0002,6,45098,445,24,93,358,10673
209601.31621787976,9.649,Comp0046,FS0001,6,32531,445,21,81,3490,19665
209610.2706101037,7.368,Proxy0001,Ext0029,6,1857,443,6,201,831,3880
209610.98336410322,1.611,Comp0006,DC0001,6,7255,389,17,11,398,4284
209623.5802300786,0.509,Comp0039,DNS0001,17,31393,53,2,3,97,172
209627.7868329018,2.142,Comp0070,Web0006,6,11420,443,9,25,571,2196
209628.04938720856,5.616,Comp0035,Web0004,6,3578,443,41,31,489,3255
209630.23107393068,0.427,Comp0018,DC0001,6,63580,389,15,9,362,1966
209630.79203559857,3.6,Comp0051,Proxy0002,6,33548,3128,8,146,235,6505
209640.25530461775,0.202,Comp0008,DNS0001,17,18779,53,3,4,27,201
209641.19791003544,19.205,Comp0052,FS0002,6,26549,445,79,160,2517,2683
209646.48487447103,0.231,Web0001,DC0001,6,30156,389,5,15,176,1680
209653.8699872067,34.345,Comp0049,DC0001,6,18773,445,22,560,1382,7732
209661.3897099471,0.017,Comp0072,DC0001,6,55900,389,6,11,600,86
209682.58628688307,0.36,Comp0031,DNS0002,17,18269,53,2,3,64,154
209691.65930321056,0.035,Comp0028,DC0002,6,53453,445,26,170,2710,63814
209692.12284451223,0.163,Comp0073,DNS0002,17,40212,53,2,3,75,168
209694.43281807125,15.416,Comp0058,Mail0001,6,27910,993,8,21,884,1318
209700.30508418824,0.081,Comp0072,Web0003,6,18354,443,5,27,1568,18826
209719.54057759122,6.16,Comp0028,Proxy0001,6,50929,3128,7,35,478,2441
209719.7974091221,0.116,Comp0060,DNS0001,17,58398,53,2,2,37,199
209723.95860324468,0.148,Comp0014,DNS0001,17,4154,53,2,3,61,279
209725.98587458744,20.752,Comp0023,Proxy0001,6,31071,3128,22,46,495,10575
209729.07677040168,0.092,Comp0031,DC0002,6,44796,445,6,90,6899,7793
209729.46626073268,4.689,Comp0008,Mail0001,6,29650,993,8,7,176,641
209731.42919645394,3.245,Comp0043,Proxy0001,6,5130,3128,5,44,1061,43401
209732.00866663485,3.004,Comp0075,DC0001,6,62753,88,6,7,602,135
209735.06397268834,0.409,Comp0034,DC0001,6,10832,88,5,3,504,203
209737.14677345712,5.647,Web0004,DB0003,6,11208,5432,26,118,1437,13514
209741.05186424064,15.289,Comp0044,DC0002,6,11489,445,25,289,2553,27668
209745.4731745416,0.663,Comp0072,Mail0002,6,28148,993,6,5,352,1679
209755.3126672181,3.535,Comp0049,DC0001,6,1594,389,4,8,180,94
209757.38784792088,0.484,Comp0011,Web0001,6,63400,443,21,52,117,5601
209761.35238436237,0.414,Comp0047,DNS0001,17,19642,53,3,3,75,115
209762.30380803125,0.069,Comp0020,DNS0001,17,2652,53,3,2,100,183
209763.039979349,0.02,Comp0077,DNS0001,17,31597,53,2,2,39,255
209772.1745937728,5.715,Comp0062,Web0006,6,56672,443,14,27,70,66050
209779.59173004507,0.46,Comp0068,DNS0001,17,53639,53,2,2,45,283
209786.3110320199,0.081,Comp0036,DNS0002,17,35604,53,2,2,78,361
209786.74969978747,0.089,Comp0068,DNS0001,17,8374,53,2,2,42,68
209792.9037154214,0.258,Comp0041,DNS0002,17,59759,53,2,3,35,235
209793.33836754202,0.043,Comp0037,DNS0002,17,11372,53,3,3,78,184
209796.02094208033,0.049,Comp0003,DNS0002,17,21095,53,2,2,55,248
209797.0382600129,0.724,Mail0002,Ext0032,6,7859,25,4,3,775,918
209809.2292201271,10.884,Comp0078,Mail0002,6,37862,993,4,7,1115,457
209820.5756163789,2.566,Comp0024,Web0006,6,19385,443,17,64,163,1560
209822.87407063157,0.594,Comp0001,DNS0001,17,48059,53,3,2,154,157
209825.07390449385,3.134,Comp0066,Web0004,6,25762,443,16,49,740,15581
209828.5357701867,0.068,Comp0038,DNS0001,17,52324,53,2,2,98,145
209831.3627570295,0.364,Comp0071,DC0001,6,50909,88,6,13,420,236
209836.60467755608,0.962,Comp0048,Mail0001,6,52226,993,2,3,437,814
209843.19754485477,4.389,Comp0062,DC0001,6,63035,88,3,4,503,321
209849.90058321413,0.601,Comp0070,Web0006,6,55141,443,10,156,333,4462
209852.14057932558,6.639,Comp0043,Web0002,6,30552,443,8,33,658,828
209855.20920075892,5.948,Comp0022,Web0003,6,56737,80,4,28,102,4325
209877.3015819681,1.451,Comp0061,DC0002,6,8964,88,5,6,724,304
209884.6740060792,0.034,Comp0042,DNS0002,17,45602,53,3,3,70,155
209892.7682579452,0.765,Comp0050,DNS0001,17,29693,53,3,5,35,66
209898.94458881734,0.059,Comp0050,DNS0002,17,21613,53,3,2,63,110
209902.45168068778,3.165,Proxy0002,Ext0015,6,12460,80,10,70,1214,5706
209902.51028239977,0.198,Comp0067,DNS0002,17,40401,53,2,2,39,174
209902.56209668034,0.288,Comp0046,DNS0002,17,7564,53,3,4,110,315
209903.54711938728,0.602,Comp0072,Proxy0002,6,18243,3128,3,65,352,6679
209905.12855806993,0.267,Comp0018,Web0006,6,60089,443,6,20,266,39371
209914.10379131362,6.033,Comp0021,Web0001,6,37983,443,5,109,1024,5473
209916.06065442256,6.936,Comp0006,Web0003,6,39902,443,13,76,526,20761
209920.1528908227,5.674,Comp0047,DC0002,6,2107,88,8,13,786,275
209928.85093115226,3.337,Comp0019,Web0002,6,49814,443,12,165,2009,19790
209929.6168442552,0.94,Comp0021,DC0001,6,17350,389,5,7,739,874
209929.70034875043,5.764,Comp0045,FS0002,6,18499,445,31,48,1891,7531
209945.81024679026,0.009,Comp0016,DNS0001,17,8370,53,2,2,89,152
209952.10512848067,0.052,Comp0073,DNS0001,17,4476,53,2,4,72,114
209963.5535379404,0.166,Comp0025,DNS0001,17,17534,53,2,2,52,414
209983.78921640787,0.461,Web0001,DB0003,6,36567,3306,9,11,9285,8588
209996.11315714708,6.856,Comp0042,FS0002,6,38601,445,20,353,3092,35750
209999.504592296,0.223,Comp0056,DNS0002,17,10501,53,2,3,88,112
210001.4389446908,2.255,Comp0011,Web0006,6,36180,443,21,33,2194,18686
210003.39740230897,19.576,Web0003,DB0004,6,50734,3306,16,116,3404,6399
210005.74699368942,0.606,Comp0040,Mail0002,6,23985,993,3,9,221,152
210006.05973757172,2.987,Comp0045,DC0001,6,57645,88,5,17,110,1278
210010.35947549873,3.087,Comp0017,DC0002,6,36460,389,5,30,109,204
210018.29830793152,3.589,Comp0058,Web0001,6,31900,80,10,36,1603,4067
210032.92653917096,0.029,Comp0027,DNS0001,17,63665,53,2,2,73,116
210035.57615870866,22.48,Comp0035,FS0002,6,53583,445,9,572,2138,3815
210038.75631194812,0.065,Comp0079,DNS0001,17,45663,53,2,2,126,78
210044.79877013562,0.127,Comp0057,Proxy0002,6,58993,3128,4,11,1729,5348
210048.846433521,0.073,Comp0002,DNS0002,17,50745,53,2,3,106,389
210051.96527200393,2.738,Comp0030,Mail0001,6,40006,587,4,25,289,455
210057.71060171974,8.845,Comp0057,Web0001,6,14140,80,17,199,1413,19574
210059.44167970758,0.254,Comp0016,DNS0002,17,19874,53,3,3,34,98
210074.725317132,0.146,Comp0034,DNS0001,17,52025,53,2,3,93,182
210076.00092441222,5.881,Comp0021,Proxy0001,6,46872,3128,9,234,1234,14803
210081.07647598934,65.35,Comp0056,DC0002,6,26705,445,18,222,520,1318
210087.98638724163,14.043,Proxy0002,Ext0027,6,41879,443,9,7,507,5087
210093.83649373252,16.764,Comp0062,DC0001,6,25129,445,28,60,811,10325
210094.92457728044,12.266,Comp0026,FS0001,6,26545,445,21,66,3787,20318
210098.5171765546,2.273,Comp0002,Web0004,6,24453,443,5,70,1297,1903
210102.59544080152,4.252,Comp0047,Mail0002,6,13565,587,4,12,388,254
210113.64566363842,0.026,Comp0055,DNS0002,17,26002,53,2,3,48,255
210119.53237894416,8.345,Comp0046,Web0006,6,53201,443,8,13,493,6728
210123.12192710303,5.337,Comp0058,Web0004,6,63630,443,12,38,756,1590
210134.7760305332,0.288,Web0005,DNS0002,17,7745,53,3,4,130,182
210137.57567580536,0.341,Comp0047,DNS0002,17,7688,53,3,3,73,73
210144.1806363258,12.782,Web0002,DB0001,6,13677,5432,51,14,928,18766
210152.80926612127,1.728,Comp0022,Mail0002,6,23197,587,5,7,297,1929
210159.84239093892,0.023,Comp0051,DNS0001,17,21961,53,2,2,77,109
210166.54244939005,2.707,Comp0002,Web0005,6,27639,80,30,21,137,8783
210178.27111397043,1.809,Comp0054,DC0002,6,63250,445,69,240,713,7505
210183.89561372125,1.848,Comp0023,Web0003,6,37758,443,8,58,5439,7691
210192.48761118925,0.28,Mail0002,Ext0003,6,42467,25,13,8,230,243
210199.80531202484,0.3,Comp0050,DNS0001,17,28341,53,3,2,46,235
210202.33983034466,6.125,Comp0011,Web0005,6,28839,443,6,25,743,33748
210211.21890666624,0.91,Comp0069,DC0001,6,61050,389,3,17,122,1165
210212.18025506043,1.537,Comp0012,Proxy0001,6,13625,3128,11,42,735,28062
210223.35998554138,0.185,Comp0033,DNS0001,17,7239,53,3,3,56,333
210224.20425064547,0.108,Comp0047,DNS0002,17,49136,53,2,2,99,128
210226.38634605217,6.49,Comp0030,DC0002,6,5512,88,7,5,234,505
210236.5337599486,3.237,Comp0001,Proxy0002,6,44714,3128,13,267,820,18134
210241.84576481738,0.03,Comp0007,DNS0001,17,39768,53,3,3,61,182
210263.89501189563,0.015,Comp0029,DNS0002,17,55230,53,2,3,41,62
210267.22288111,1.661,Comp0044,DC0002,6,37830,389,11,4,153,648
210272.3480589447,1.149,Comp0062,Web0001,6,29928,443,4,11,910,8971
210286.37947672163,0.335,Comp0059,DNS0001,17,38860,53,2,3,31,122
210299.5526051022,8.763,Comp0050,Proxy0002,6,57046,3128,15,59,1324,32547
210300.1098254179,0.047,Comp0032,DNS0001,17,45460,53,3,2,49,141
210301.9492378861,0.331,Comp0024,DC0001,6,49345,389,6,8,398,167
210309.14083611174,0.502,Comp0079,Proxy0002,6,3588,3128,5,20,1851,22917
210309.39581121,0.519,Comp0044,Mail0001,6,43693,993,8,4,829,760
210310.2746374351,2.242,Comp0026,DC0001,6,57341,445,8,106,2734,25979
210318.8610171688,0.236,DB0004,DNS0002,17,56702,53,3,2,56,109
210321.23173911095,4.046,Comp0016,Mail0002,6,61822,993,5,2,131,1002
210324.89691816893,43.46,Comp0050,FS0002,6,32989,445,11,395,2311,22425
210332.8535762316,2.012,Comp0051,Web0002,6,41583,80,10,14,3257,5636
210343.91967980354,4.071,Comp0039,Mail0002,6,19132,993,5,3,2787,462
210349.59399681585,0.318,Comp0070,DNS0002,17,39114,53,2,3,102,123
210352.05225489006,3.101,Comp0064,DC0002,6,58368,389,11,23,912,616
210355.69849982735,0.013,Comp0013,DNS0001,17,4545,53,2,2,103,388
210360.2876565489,1.107,Comp0078,Web0001,6,64804,443,8,7,1242,39958
210362.64316130753,0.27,Comp0077,DNS0002,17,53067,53,3,4,87,173
210365.19241734844,0.051,Comp0059,DNS0001,17,41353,53,2,2,54,313
210372.10657042812,19.04,Comp0066,FS0002,6,49309,445,40,180,867,50991
210374.67292575695,4.815,Comp0079,Web0003,6,55865,443,13,126,1466,13866
210380.3794344791,0.182,Comp0043,DNS0002,17,51279,53,2,3,76,123
210383.06866141086,0.03,Proxy0002,DNS0001,17,13662,53,2,3,50,212
210390.68191021666,10.931,Comp0012,Mail0001,6,47493,993,5,6,236,3728
210396.68602232082,10.738,Comp0034,Web0001,6,22908,443,16,34,2199,34261
210398.17672560792,0.069,Comp0058,DNS0002,17,62205,53,2,2,33,204
210399.31120287644,7.133,Comp0058,Mail0001,6,18672,587,6,10,430,3188
210400.54107792853,0.007,Comp0040,DNS0001,17,6410,53,2,2,81,191
210407.46303746765,0.013,Comp0074,Web0003,6,17049,80,15,26,316,6006
210411.28323696592,15.238,Comp0039,FS0002,6,60302,445,18,116,1094,195590
210413.73590487483,0.173,Comp0006,DNS0002,17,1473,53,2,2,60,137
210417.15299836436,2.005,Comp0044,Web0004,6,62399,443,4,26,1022,18822
210424.8289225961,0.154,Comp0080,DNS0002,17,54133,53,3,2,99,118
210425.23938795505,0.59,Comp0071,Web0005,6,52188,443,14,107,789,22291
210431.30459224587,0.617,Comp0034,DNS0001,17,46491,53,3,3,78,252
210434.24959167297,2.099,Proxy0002,Ext0015,6,42460,443,5,20,653,20359
210435.34388285966,1.158,Comp0054,DC0002,6,51393,389,4,7,256,143
210436.3810697835,0.146,Comp0011,DNS0002,17,62138,53,2,3,23,557
210442.67915945512,4.538,Comp0051,Web0005,6,63690,443,7,92,725,14334
210450.9732350298,0.485,Comp0030,Proxy0001,6,11119,3128,8,46,1197,15979
210453.553666416,0.149,Comp0034,Web0002,6,11304,80,5,46,1192,1281
210463.15173509833,0.335,Comp0017,DNS0002,17,53685,53,3,2,73,192
210474.0414014862,0.083,Comp0039,DNS0002,17,35784,53,2,3,61,108
210474.77734933098,4.944,Comp0023,Proxy0001,6,34144,3128,14,33,1074,3814
210476.5634575129,1.682,Comp0077,DC0001,6,35633,88,6,3,1644,2557
210480.1654151975,0.173,Comp0051,DNS0001,17,55248,53,2,3,129,73
210485.76154745623,0.478,Comp0077,DNS0001,17,23044,53,3,2,81,217
210490.75446440378,6.96,Comp0044,Web0001,6,4308,80,15,31,289,22083
210494.45063442038,0.004,Comp0030,DC0001,6,2241,445,30,26,632,22380
210496.25892196991,1.838,Comp0059,Proxy0002,6,29382,3128,12,76,275,1059
210497.0989028379,13.153,Comp0046,Web0004,6,2316,443,19,26,461,31355
210497.78678669146,2.225,Comp0068,Proxy0002,6,45822,3128,6,30,740,1992
210500.62131269337,0.05,Comp0059,DNS0001,17,10349,53,2,3,83,299
210513.8015793634,0.337,Comp0034,DNS0002,17,25161,53,3,2,88,103
210517.75336842844,0.721,Comp0007,DC0002,6,27885,88,11,9,500,813
210524.25842752642,20.23,Comp0066,Proxy0002,6,50416,3128,21,58,6963,31312
210528.0625673745,5.434,Comp0055,Web0005,6,25756,443,11,13,370,77350
210529.22330902837,19.995,Comp0062,Web0003,6,4625,80,10,45,709,3291
210546.77714689283,7.031,Comp0003,Web0004,6,26065,443,5,59,261,4083
210560.82148228632,0.191,Comp0047,Web0001,6,47147,443,5,205,550,7154
210561.929265095,4.209,Comp0047,Mail0001,6,51801,993,3,6,226,90
210566.74803758747,0.491,Comp0033,DNS0001,17,45517,53,3,2,68,139
210569.04097076767,0.042,Comp0040,DNS0002,17,1780,53,2,2,82,151
210572.3052155287,0.046,Comp0072,DNS0001,17,45780,53,3,2,135,122
210578.71089623074,0.033,Comp0018,Proxy0002,6,27459,3128,3,12,769,8118
210579.1883684093,6.712,Comp0074,Web0001,6,22973,443,4,11,352,51553
210580.22404093994,8.368,Comp0075,Web0003,6,16798,443,7,118,804,2881
210580.7967608727,0.347,Comp0071,DNS0002,17,37306,53,2,3,72,175
210592.2829196065,21.993,Comp0061,DC0001,6,17513,445,44,85,1843,1419
210596.84939184895,1.739,Comp0045,Proxy0002,6,40414,3128,15,57,1053,18181
210611.50075915633,60.91,Web0003,DB0004,6,32271,3306,9,40,1617,6812
210626.06600796222,0.149,Comp0079,DNS0001,17,57980,53,3,2,42,150
210628.3488404141,11.09,Proxy0001,Ext0036,6,45909,443,31,15,298,1078
210629.5996213784,1.402,Comp0029,Proxy0002,6,47999,3128,5,159,778,12614
210638.99549277365,0.523,Comp0073,Proxy0001,6,44874,3128,28,94,1450,1720
210645.54156752152,0.096,Comp0046,DNS0002,17,1928,53,3,3,110,225
210651.60893539916,2.668,Comp0023,Web0004,6,51392,443,14,121,871,11785
210657.44161651217,1.731,Comp0004,Web0001,6,62693,443,5,53,482,20502
210657.9112515351,4.061,Comp0042,DC0002,6,50062,88,6,8,476,912
210661.90002149655,3.244,Comp0054,Web0004,6,5922,443,10,27,583,6468
210667.7792860018,7.366,Comp0070,Web0006,6,9277,443,13,14,1194,5247
210668.3145593456,3.811,Comp0045,DC0002,6,61462,389,3,6,317,1244
210671.77662225827,9.825,Comp0069,Mail0001,6,41277,993,9,12,1353,381
210673.09344999565,0.269,Comp0038,DNS0002,17,64210,53,2,2,58,81
210693.20101464735,0.288,Comp0054,DNS0002,17,2365,53,3,3,96,260
210697.40609030367,3.256,Comp0034,Web0003,6,9388,443,10,49,187,6433
210702.45338719655,8.002,Comp0078,FS0003,6,44755,445,10,35,6181,11290
210704.9660271695,7.579,Comp0070,Mail0002,6,11299,993,6,18,222,784
210705.63120194126,11.396,Comp0006,Web0001,6,41396,443,15,22,935,323
210707.65321609963,0.107,Comp0016,DNS0001,17,57979,53,3,3,54,224
210707.6558517164,0.052,Comp0045,DNS0002,17,18320,53,2,2,80,117
210721.44042405812,3.697,Comp0060,Proxy0002,6,50687,3128,5,85,649,13449
210722.04878906874,0.157,Comp0003,DNS0002,17,49215,53,2,2,77,34
210722.83401797613,8.761,Comp0062,Web0005,6,28491,80,3,25,649,338
210728.89763306873,3.663,Comp0034,Proxy0001,6,25112,3128,4,79,255,12178
210744.3774919771,1.391,Comp0069,Web0003,6,21903,443,11,19,333,6450
210747.40591265104,5.848,Comp0046,Web0003,6,20812,443,14,9,317,53872
210763.44147101426,8.072,Comp0059,Web0001,6,58990,80,19,39,983,11690
210785.00603453672,4.929,Comp0031,Web0003,6,12290,443,8,78,872,7276
210796.66695757216,5.448,Comp0037,DC0001,6,18545,88,9,5,285,533
210800.69957417282,0.243,Comp0058,DNS0001,17,44428,53,3,2,66,151
210834.66357081424,7.335,Comp0005,Web0001,6,24803,443,4,58,315,583
210842.1481910046,0.143,Comp0009,DNS0001,17,24911,53,4,2,74,125
210860.7903696352,8.17,Comp0055,Web0001,6,48759,443,3,44,441,579
210866.5178967986,0.205,Comp0027,DNS0001,17,60336,53,3,3,63,68
210868.30912988537,0.128,Comp0016,DNS0002,17,17669,53,2,2,58,80
210875.76123162918,0.395,Comp0017,DNS0001,17,3756,53,3,2,61,141
210878.1946856976,2.184,Comp0034,Web0001,6,44537,443,31,93,2411,44602
210881.53692639206,5.183,Proxy0002,Ext0016,6,49364,80,3,45,242,16140
210886.5606194717,2.099,Comp0011,Mail0002,6,1028,587,11,5,271,313
210892.27196494766,9.236,Comp0065,DC0001,6,14418,445,38,82,2386,912
210900.56054564053,4.635,Comp0033,Web0004,6,52832,443,5,21,251,5119
210903.70599505544,0.175,Comp0048,DNS0002,17,56715,53,2,2,28,219
210909.24615670618,0.088,Comp0003,DNS0001,17,55163,53,3,3,148,146
210915.28666545104,2.158,Proxy0002,Ext0021,6,49264,80,6,256,3655,2760
210921.39063397175,0.03,Comp0069,DNS0001,17,15170,53,3,3,41,233
210930.7610438957,3.44,Comp0020,FS0003,6,5308,445,13,46,3441,10548
210933.51815433905,0.154,Comp0046,DNS0002,17,5747,53,2,3,32,438
210950.0166639197,1.874,Comp0073,Mail0002,6,13600,587,3,12,342,159
210950.06775222695,0.181,Comp0056,DNS0002,17,20410,53,2,3,91,85
210951.24060689582,2.52,Comp0075,Proxy0002,6,29540,3128,20,25,570,1230
210952.91714394646,0.379,Comp0003,DNS0002,17,41033,53,3,3,56,124
210953.47839255928,4.767,Comp0068,DC0001,6,19168,88,7,10,669,759
210970.6205160477,0.054,Comp0077,DNS0002,17,37931,53,3,2,31,248
210974.0922826307,0.199,Comp0043,DC0001,6,47843,88,4,14,511,835
210974.82931643512,1.243,Comp0046,FS0001,6,14652,445,40,56,3447,11593
210975.3830672309,2.726,Comp0054,Proxy0001,6,36822,3128,17,80,342,3172
210976.37716756377,0.317,Comp0006,DNS0002,17,40892,53,2,2,138,163
210976.73501132647,0.007,Comp0004,DNS0001,17,60140,53,2,2,48,64
210980.81424264776,0.485,Comp0026,DNS0001,17,59306,53,2,3,80,191
210981.29031947348,0.429,Comp0002,DNS0002,17,15204,53,3,2,86,165
210985.7095890483,2.852,Comp0027,DC0001,6,52219,445,17,333,1814,36767
210992.41185761004,0.145,Mail0002,Ext0030,6,60946,25,5,4,489,109
210997.53759701402,0.548,Comp0045,DNS0002,17,62501,53,3,2,72,39
210999.05864741173,0.075,Comp0014,Web0001,6,41909,443,18,23,772,5940
211000.24528844614,8.893,Comp0032,DC0002,6,9873,445,6,243,8699,2497
211003.22180405204,15.706,Comp0065,FS0001,6,16058,445,23,78,6866,16504
211010.3801991385,0.149,Comp0017,DNS0001,17,2038,53,3,3,93,93
211015.89039223158,5.361,Comp0055,Web0001,6,47030,80,10,35,911,18799
211019.52274936397,7.433,Comp0078,Proxy0001,6,64526,3128,6,35,808,3244
211023.93175417083,1.049,Comp0018,DC0002,6,7514,88,7,13,309,430
211025.8691641625,7.348,Comp0058,DC0002,6,12943,88,10,18,1463,571
211026.3035297719,0.324,Comp0028,DNS0001,17,54335,53,2,2,50,282
211027.271198101,0.062,Comp0071,DNS0002,17,21949,53,2,2,93,290
211031.92147103907,2.124,Comp0029,Web0005,6,17570,443,7,44,354,10023
211033.33735374548,2.002,Comp0063,Proxy0002,6,2082,3128,4,38,369,2958
211037.71399640513,0.002,Comp0061,DNS0002,17,54375,53,3,3,45,214
211044.4561678297,7.81,Comp0054,Web0004,6,5766,443,6,15,468,5007
211047.94117253926,1.647,Comp0067,Proxy0002,6,26318,3128,9,43,2860,24701
211048.04005313767,2.343,Comp0035,Proxy0001,6,49228,3128,3,44,1905,16527
211050.30879044885,0.43,Comp0022,DNS0002,17,46025,53,2,3,69,299
211051.8914846277,0.026,Comp0002,DNS0001,17,29574,53,2,3,82,146
211052.49553346357,0.008,Comp0010,DNS0001,17,13860,53,3,3,86,81
211053.81646957432,0.014,Comp0004,Web0005,6,53418,80,6,81,623,20927
211058.17065113515,3.636,Comp0076,Proxy0002,6,18808,3128,8,26,1660,2518
211066.6606723642,0.254,Comp0061,Web0006,6,52747,443,18,22,216,1483
211069.54101791585,0.036,Comp0006,DNS0002,17,54708,53,3,3,50,268
211087.36296721784,14.065,Comp0021,DC0001,6,11061,445,16,27,5667,28424
211095.09250521776,5.333,Web0001,DB0001,6,15576,5432,35,431,1430,17286
211121.5516232257,7.577,Comp0071,Proxy0002,6,47009,3128,5,40,926,2913
211130.0249808828,1.634,Comp0006,Mail0001,6,27909,993,5,6,1027,1142
211134.0486259621,3.013,Comp0065,DC0001,6,40962,88,3,10,1237,1372
211140.68976414343,0.313,Comp0025,DC0001,6,28703,389,6,4,561,460
211140.98969616936,3.396,Comp0014,Mail0001,6,1297,993,4,13,223,1144
211144.99502009555,2.138,Comp0078,Mail0001,6,18154,993,6,16,809,271
211153.8125653977,3.105,Comp0079,Mail0001,6,38677,587,5,27,3984,517
211165.01711038692,1.617,Comp0006,Comp0060,6,39427,3389,8,13,902,108
211173.7790903865,3.726,Comp0023,Web0001,6,33571,443,4,21,1226,13986
211174.81931150355,1.009,Comp0075,Mail0001,6,60311,587,10,5,352,778
211178.21450878133,1.055,Comp0016,DC0001,6,51918,88,8,11,1020,463
211194.0198754883,0.012,Comp0034,DNS0002,17,58242,53,2,4,119,132
211196.32397497474,0.118,Comp0053,DNS0002,17,48204,53,2,2,63,71
211196.7047307926,3.161,Comp0009,Proxy0002,6,37529,3128,8,32,210,10854
211197.56027739635,20.428,Comp0075,DC0001,6,9589,445,129,155,1712,8900
211198.5138098687,3.9,Comp0010,Web0004,6,25196,80,23,68,850,19669
211203.73085549992,5.216,Comp0047,Web0006,6,10857,443,11,43,540,10765
211207.01406532808,3.022,Comp0057,Web0002,6,50408,443,11,38,285,15268
211207.433140155,11.905,Comp0052,FS0002,6,49936,445,27,65,627,67701
211209.92260975635,8.99,Comp0001,Web0001,6,44696,443,12,23,954,2452
211210.08348540982,3.73,Comp0034,Mail0001,6,33198,993,6,2,824,216
211226.94607332343,0.275,Comp0019,DNS0001,17,5792,53,3,2,59,145
211228.53677648853,4.721,Comp0038,Web0005,6,37952,443,4,20,302,6586
211231.11932718614,0.129,Comp0060,DNS0002,17,7419,53,3,2,68,146
211231.48330009685,0.368,Comp0047,DNS0002,17,33173,53,4,3,177,179
211239.65199192832,12.085,Comp0043,Web0004,6,12740,443,14,147,334,6255
211242.31805484422,4.018,Comp0066,FS0001,6,10232,445,21,131,15339,1748
211243.46759766462,8.992,Comp0023,Web0005,6,44699,443,16,29,447,15918
211246.8553186695,0.066,Comp0013,DNS0002,17,47127,53,3,2,55,187
211247.79295923695,0.225,Comp0014,Proxy0002,6,37013,3128,5,18,405,8878
211253.14329196504,0.306,Comp0050,DNS0002,17,38212,53,2,2,106,82
211262.36381769646,5.93,Comp0066,Web0006,6,15311,80,10,11,457,3769
211264.16876660736,0.664,Comp0036,DC0002,6,33860,445,11,27,477,26113
211274.2779813627,0.66,Comp0006,Comp0008,6,14637,135,5,15,618,52
211289.67321076733,10.084,Comp0036,Proxy0002,6,37248,3128,15,7,883,16796
211290.42723729776,0.002,Comp0062,DNS0001,17,2785,53,3,2,48,105
211296.03171297093,0.227,Comp0051,DNS0001,17,6907,53,3,2,37,323
211302.5404751635,0.095,Comp0078,DNS0001,17,18444,53,2,3,55,80
211313.80154672512,16.545,Comp0020,Web0006,6,55593,443,4,15,862,9164
211316.85664765807,7.781,Comp0063,Proxy0002,6,6685,3128,8,59,2543,12896
211328.4957748003,4.385,Comp0006,DC0001,6,60196,445,47,40,587,87029
211328.6599300218,1.734,Comp0022,DC0001,6,30927,389,4,9,112,536
211332.408906565,3.755,Comp0016,Proxy0002,6,62752,3128,10,33,691,241
211338.2019738849,85.74,Comp0024,FS0002,6,36446,445,9,92,2198,6766
211338.2889948306,0.149,Comp0065,DNS0001,17,64224,53,3,2,28,60
211348.9451162262,6.055,Comp0048,Web0001,6,34432,80,25,20,556,3581
211351.70943158804,0.288,Comp0011,DNS0001,17,1905,53,2,2,126,78
211356.19750396942,0.012,Comp0043,DNS0001,17,21078,53,2,2,65,249
211358.6600307128,0.092,Comp0049,Web0002,6,50756,80,15,56,3075,5840
211358.81030583603,0.005,Comp0061,DNS0001,17,62133,53,2,3,81,218
211369.92311288713,1.323,Comp0059,Web0006,6,23661,443,7,53,271,906
211376.25067760688,0.104,Comp0077,DNS0001,17,58881,53,3,2,136,128
211378.95963776973,2.022,Comp0065,DC0002,6,40982,88,12,4,258,315
211379.3746831501,0.386,Comp0031,Mail0001,6,31643,993,6,19,303,1107
211384.7100720373,1.875,Comp0021,Web0004,6,6797,443,5,35,307,28213
211385.93702348613,4.565,Comp0014,Proxy0002,6,13016,3128,11,18,116,4404
211386.6004575486,5.22,Comp0072,Proxy0001,6,49563,3128,17,279,565,9072
211387.64292800476,0.009,Comp0018,DC0002,6,27227,88,10,6,119,802
211390.63683635477,4.183,Comp0076,DC0002,6,4022,88,9,6,275,716
211398.54845230601,0.685,Comp0052,Proxy0002,6,61029,3128,4,109,1053,1793
211405.64944639755,4.76,Comp0010,Mail0001,6,50893,993,5,3,265,1098
211408.11347502322,0.275,Web0006,DNS0002,17,20389,53,2,2,65,247
211413.2078718238,1.738,Comp0012,Web0001,6,12675,443,9,77,1047,6102
211420.53415269885,3.708,Comp0043,Proxy0002,6,48976,3128,4,33,340,4747
211425.92960779375,8.937,Comp0032,DC0002,6,23397,445,19,407,639,12546
211428.8814378534,2.596,Comp0045,Web0002,6,5123,80,5,75,581,24283
211431.86587727975,9.717,Comp0074,Proxy0001,6,60749,3128,3,30,821,31362
211434.15704779906,7.126,Web0002,DB0002,6,54453,3306,5,109,3398,67618
211434.89832154423,0.016,Proxy0001,Ext0012,6,56732,443,7,32,511,13593
211437.11447082512,0.035,Comp0016,DNS0002,17,43836,53,2,2,73,67
211437.3239772885,7.576,Comp0033,Web0006,6,42546,443,7,35,147,5926
211447.06272586124,0.08,Comp0059,DNS0001,17,12210,53,2,2,28,180
211455.58833940516,6.272,Comp0041,Proxy0002,6,53835,3128,3,57,621,2603
211456.06035342015,0.657,Comp0037,Mail0002,6,11301,993,11,9,926,263
211456.71361577272,46.298,Comp0016,FS0002,6,38456,445,12,301,3518,10294
211458.08880235703,0.591,Comp0011,Web0001,6,51442,80,5,28,1015,9636
211466.1243387377,0.023,Comp0058,DNS0002,17,54049,53,2,3,77,115
211467.55335622944,11.825,Comp0025,FS0001,6,59432,445,37,58,1683,16167
211469.89125506408,0.368,Comp0001,DC0002,6,61783,88,6,7,399,1648
211479.712212221,0.313,Comp0021,Web0001,6,19940,80,12,43,240,66716
211481.7047480893,3.122,Comp0055,FS0002,6,35309,445,20,154,10854,4646
211483.0762952334,0.078,Comp0068,DNS0001,17,29813,53,3,2,76,267
211489.18572006785,1.727,Comp0025,Web0003,6,17367,80,6,62,1430,4062
211490.20988934516,0.082,Web0003,DNS0001,17,32961,53,2,3,64,165
211501.82029812457,0.814,Comp0006,Comp0044,6,63978,139,29,133,2200,78
211516.108030626,3.187,Comp0073,Mail0001,6,25172,587,16,14,804,526
211517.36326475118,4.205,Comp0069,Web0004,6,15670,443,4,109,787,20387
211517.8858581842,1.198,Comp0006,Mail0002,6,16038,135,4,7,838,108
211519.57803714537,6.28,Comp0064,Web0005,6,49900,443,17,66,201,10402
211521.65750831258,5.206,Comp0072,DC0001,6,36394,389,4,3,128,1734
211523.98757614003,2.018,Comp0043,DC0001,6,51081,445,29,211,579,52300
211526.4763042313,0.061,Comp0076,DNS0002,17,38628,53,3,2,60,79
211527.68304780696,16.621,Comp0059,DC0001,6,1247,445,16,104,4014,6913
211528.1080575816,7.523,Comp0002,Proxy0001,6,61004,3128,5,4,1918,7035
211528.39173940712,11.95,Comp0012,FS0001,6,47033,445,14,167,4432,16702
211537.25526980648,0.009,Comp0075,DNS0001,17,56928,53,3,2,70,204
211539.9640151861,7.205,Comp0042,DC0001,6,35599,88,6,7,155,379
211547.5687870396,6.798,Comp0036,Web0004,6,62430,443,4,226,306,3162
211558.99485199552,0.345,Comp0005,Web0003,6,52097,443,7,58,1383,2659
211565.5004425119,0.96,Web0003,DB0002,6,33030,3306,15,124,8105,141967
211569.1443042669,6.103,Comp0048,FS0002,6,39004,445,70,664,1532,17683
211572.8502239751,0.053,Comp0037,DNS0002,17,54788,53,3,2,63,301
211577.58143122098,0.391,Comp0051,DNS0001,17,41529,53,2,2,83,104
211580.73527533212,3.561,Comp0007,Web0003,6,36241,443,9,21,475,15735
211589.51262567384,0.829,Comp0016,Proxy0002,6,1786,3128,9,158,518,16407
211589.73737025505,0.099,Comp0052,DNS0001,17,13525,53,2,2,66,443
211596.30461787985,3.564,Comp0024,Proxy0002,6,20899,3128,6,60,755,3487
211598.1425481505,1.117,Proxy0001,Ext0029,6,51253,443,34,29,1481,501
211600.666527587,4.493,Comp0079,Web0002,6,49954,443,4,82,396,30559
211604.79334807166,13.163,Comp0059,DC0001,6,59869,445,15,33,3353,5115
211610.39955160845,3.254,Comp0030,Mail0002,6,18611,993,6,6,1048,303
211614.71782543988,3.712,Comp0029,DC0001,6,53221,88,19,30,594,1775
211618.56212944764,6.295,Comp0063,FS0001,6,8134,445,27,89,3817,3731
211620.9214915935,0.053,Comp0046,DNS0001,17,50456,53,3,2,42,213
211621.8081960684,0.028,Comp0078,DNS0001,17,34846,53,3,3,76,402
211624.2067505666,2.012,Comp0058,Web0003,6,10280,443,12,62,288,8605
211631.97846534377,0.205,Comp0009,DNS0001,17,16222,53,2,3,33,202
211633.83635498714,11.436,Comp0044,Mail0001,6,29722,587,8,10,101,211
211640.9673452177,0.09,Comp0027,DNS0002,17,38509,53,3,3,53,62
211642.83057563374,1.428,Comp0045,DC0002,6,3806,88,8,9,325,187
211643.48048394846,0.149,Comp0008,DNS0001,17,4847,53,2,2,53,248
211646.49438152538,0.322,Comp0026,DNS0002,17,3706,53,2,3,59,122
211651.87417775387,0.071,Comp0066,DNS0001,17,46419,53,2,2,124,174
211655.22858031222,0.014,Comp0048,Proxy0002,6,53770,3128,12,40,1196,6780
211655.70906457608,1.146,Comp0014,Web0002,6,7647,443,7,124,195,3644
211657.72321643322,0.093,Mail0002,DNS0002,17,40752,53,2,2,51,204
211658.76877210042,4.571,Comp0008,DC0002,6,36023,88,5,14,352,530
211664.8940586322,4.529,Comp0078,FS0001,6,26257,445,13,31,1319,15497
211665.84432335364,0.191,Web0002,DNS0001,17,49571,53,3,2,35,116
211668.84652329652,1.023,Comp0069,DC0001,6,34505,389,3,7,368,2021
211677.38538632408,0.352,Comp0024,DNS0002,17,54911,53,3,2,100,107
211685.55874112598,0.325,Comp0020,DNS0002,17,62686,53,2,3,84,139
211694.73060071626,5.872,Web0004,DB0003,6,51737,5432,14,363,458,1978
211695.6472130555,1.05,Comp0077,Proxy0001,6,21071,3128,4,50,1646,16917
211707.95395790352,3.589,Comp0079,Web0004,6,49241,443,28,29,841,26426
211709.06415159028,0.387,Comp0059,Web0006,6,58875,443,6,73,571,5444
211711.54601253872,1.205,Comp0028,Mail0002,6,54138,993,3,9,1602,220
211720.09226825746,0.054,Comp0007,DNS0002,17,63665,53,2,2,52,239
211722.8103998496,1.873,Comp0075,DC0002,6,36483,389,13,3,3384,631
211724.8394741925,5.801,Comp0033,Web0005,6,35200,80,8,22,1968,10206
211725.04413383274,11.347,Comp0056,FS0001,6,21754,445,8,52,4295,8746
211729.9253802767,0.156,Comp0019,DNS0001,17,58970,53,3,2,75,77
211735.25808024858,1.615,Comp0033,Web0003,6,23538,80,3,49,1997,672
211747.64170313173,1.026,Comp0073,Proxy0002,6,34197,3128,9,24,11095,62597
211747.90846611946,0.196,Comp0012,DNS0002,17,47771,53,2,3,25,218
211749.3678192316,10.209,Comp0035,Web0003,6,35419,443,10,55,191,773
211749.3850467013,1.989,Comp0002,Proxy0002,6,52763,3128,10,120,2960,17716
211766.66412109745,2.847,Comp0022,FS0003,6,27610,445,65,38,1336,25556
211780.29392737872,0.129,Comp0058,DNS0001,17,18695,53,2,3,76,56
211786.05741781925,4.628,Comp0067,FS0003,6,4368,445,5,91,427,26648
211787.11273570126,12.355,Proxy0001,Ext0019,6,17279,443,4,33,406,6255
211795.2797801383,0.0,Web0001,DNS0001,17,49246,53,2,3,82,182
211797.24662850966,0.131,Comp0056,DNS0001,17,28988,53,3,3,124,298
211797.4327278848,0.449,Comp0054,DNS0002,17,12629,53,2,2,51,99
211799.2350791333,0.033,Comp0027,DNS0001,17,56496,53,2,3,30,216
211815.63796461982,4.778,Comp0004,Web0006,6,20927,443,10,61,1389,10528
211831.1040035933,23.656,Comp0069,FS0002,6,5529,445,31,64,665,12592
211850.81946816164,0.188,Comp0059,DNS0001,17,25334,53,2,2,51,396
211872.61300804827,12.699,Comp0022,DC0001,6,58312,445,16,32,315,19168
211878.98697925007,4.268,Comp0067,Web0005,6,44498,443,3,56,205,18354
211881.0019022814,0.803,Comp0061,Web0001,6,37176,80,5,24,506,11030
211886.86533488944,3.396,Comp0028,Web0004,6,50469,80,6,30,365,5982
211892.11765420827,0.11,Comp0065,DNS0002,17,16664,53,3,2,72,115
211892.6859519625,0.145,Comp0034,DC0002,6,7376,389,12,4,312,846
211893.87510686068,12.032,Comp0055,FS0001,6,13375,445,107,268,647,5065
211896.3579585379,0.021,Comp0039,DNS0002,17,14124,53,4,3,38,231
211898.4059031567,0.071,Comp0055,DNS0001,17,38340,53,2,2,54,87
211910.01614155917,0.482,Comp0011,DNS0002,17,45433,53,3,2,38,222
211910.6931090976,2.625,Comp0054,Web0006,6,50722,443,3,33,481,12872
211913.1398826251,0.494,Comp0066,Comp0011,6,27063,3389,6,11,790,585
211915.4547862503,10.826,Comp0070,Web0006,6,35160,443,9,14,247,6216
211916.31764850428,6.482,Comp0003,Web0005,6,15327,80,6,71,791,3422
211918.80348451936,0.157,Web0001,DNS0002,17,10009,53,2,2,45,204
211919.9772067211,6.401,Comp0013,DC0001,6,33866,445,25,60,860,164527
211934.80775898893,1.313,Comp0051,Web0001,6,44191,443,17,147,402,5916
211939.0968953647,0.207,Comp0011,DNS0002,17,49865,53,3,2,42,117
211941.55764865372,2.964,Comp0017,Proxy0001,6,25973,3128,8,30,342,7123
211952.87420754612,0.037,Comp0056,DNS0002,17,34285,53,3,2,39,95
211964.5252839375,0.012,Comp0080,DNS0002,17,2856,53,3,3,66,159
211965.29616648448,1.825,Comp0052,Web0003,6,61619,443,4,33,920,5573
211965.3114035314,4.079,Comp0020,Proxy0002,6,38387,3128,3,25,1123,33778
211969.42656379784,0.097,Comp0079,DNS0001,17,22807,53,2,3,104,120
211970.01953319283,0.036,Comp0030,DNS0001,17,11131,53,2,2,41,155
211973.0190411668,3.094,Comp0011,Web0004,6,32422,80,23,89,1707,4179
211974.71370192576,26.317,Comp0059,FS0003,6,51346,445,44,143,3676,2099
211976.01268918367,0.447,Comp0063,DNS0002,17,45099,53,2,2,77,115
211993.65294529198,0.115,Comp0032,Web0005,6,11873,443,7,38,208,26141
211993.6762579313,0.658,Comp0073,Proxy0002,6,37742,3128,7,56,726,3637
212002.948678683,8.458,Comp0070,Proxy0001,6,54784,3128,12,97,698,11455
212010.83725475665,19.738,Comp0079,DC0002,6,20339,445,6,173,567,6117
212016.8490839636,4.743,Comp0060,Web0003,6,29784,443,15,41,475,11217
212028.33626032347,8.39,Comp0056,Web0005,6,65449,443,10,56,449,996
212029.0833540813,0.362,Comp0073,DNS0001,17,56080,53,3,2,52,183
212031.45501754284,11.967,Comp0056,Web0001,6,49634,443,17,34,999,21764
212036.4453207897,8.481,Comp0042,Web0003,6,3894,443,12,57,566,19883
212039.2814878095,1.008,Comp0016,Web0001,6,18807,80,11,65,812,7359
212040.70095286085,6.3,Comp0038,Comp0011,6,63391,3389,5,3,199,108
212041.57658687735,0.525,Comp0005,Web0006,6,8033,443,8,19,1497,2661
212043.26143856152,0.1,Comp0052,Proxy0001,6,64207,3128,4,42,344,25785
212056.09374621295,0.381,Comp0002,Mail0001,6,22131,993,4,2,290,5552
212059.07763561956,6.764,Comp0005,Web0006,6,2153,443,7,63,2799,73100
212059.8290505269,0.005,Comp0001,DNS0002,17,7596,53,2,2,76,107
212067.52359862044,0.148,Comp0068,DNS0001,17,6622,53,2,4,65,386
212069.44061209087,3.627,Comp0073,Proxy0001,6,42414,3128,11,235,909,13192
212079.51803513154,0.821,Comp0064,FS0003,6,28197,445,40,45,1266,25958
212086.11642562778,5.149,Comp0051,Web0002,6,35037,443,14,32,216,1723
212093.49656508333,2.93,Comp0003,Web0002,6,13114,443,24,187,197,13991
212093.61442473624,4.231,Comp0002,Proxy0001,6,14736,3128,9,42,428,3380
212100.44469849442,0.081,Comp0063,DNS0002,17,48475,53,3,3,43,43
212101.96827631062,0.025,Comp0039,DNS0002,17,49779,53,3,3,56,544
212106.34259950495,0.323,Comp0042,FS0002,6,65270,445,14,90,1658,4996
212114.26061765078,8.251,Comp0039,DC0001,6,62776,88,2,5,1278,974
212117.32289115048,0.234,Comp0076,Web0003,6,46310,443,10,12,195,4762
212119.44855865306,3.506,Web0005,DC0002,6,6692,389,4,7,970,150
212121.32560344398,2.358,Comp0046,FS0002,6,27542,445,28,97,215,75941
212128.00776842062,0.016,Comp0019,DNS0001,17,45861,53,3,2,109,153
212129.30063639043,0.104,Comp0038,DNS0002,17,46191,53,2,2,54,78
212133.2323362383,13.005,Comp0002,FS0003,6,2730,445,10,31,631,119485
212141.54320404504,8.085,Comp0008,Web0003,6,56334,443,5,26,869,327
212142.45171729097,18.891,Comp0061,FS0002,6,52794,445,18,75,184,17250
212160.63240997854,0.553,Comp0044,Proxy0002,6,5615,3128,19,27,151,1003
212162.14368131536,0.606,Comp0008,Web0001,6,38096,443,5,45,4544,5845
212168.20630395805,0.105,Comp0026,DNS0002,17,32963,53,3,3,56,131
212170.15293815456,16.919,Comp0047,Web0002,6,9667,443,4,45,1014,54836
212171.98920887956,0.059,Comp0029,DNS0002,17,41783,53,3,3,59,259
212173.9133146366,0.213,Comp0077,DNS0002,17,36020,53,2,2,74,238
212179.49135680945,1.919,Comp0001,Web0004,6,53899,443,17,37,883,51865
212181.2338215262,0.083,Comp0028,Proxy0002,6,16434,3128,22,173,188,8478
212185.3317327105,20.02,Comp0047,FS0002,6,34017,445,49,108,6583,22872
212193.7650697074,12.955,Comp0016,FS0002,6,46529,445,19,62,4818,29862
212196.7527428997,0.6,Comp0051,DNS0002,17,65039,53,2,2,64,220
212202.96568545303,0.082,Comp0024,DNS0002,17,58019,53,2,4,115,487
212220.52492558624,7.944,Comp0060,Web0003,6,56958,443,13,45,765,16690
212224.1861698243,0.12,Comp0075,DNS0002,17,16915,53,2,3,166,187
212226.8856944355,0.042,Comp0014,DNS0002,17,32093,53,2,3,77,206
212232.16072399472,0.073,Comp0027,DNS0002,17,57782,53,2,4,70,267
212235.5924944708,0.212,Comp0025,DNS0002,17,62250,53,2,2,80,131
212236.8015792301,0.159,Comp0049,DNS0002,17,54515,53,2,2,59,198
212242.98456001212,3.735,Comp0050,Web0005,6,60928,443,8,33,83,3769
212245.85764500167,1.032,Comp0006,Web0003,6,20449,443,7,20,1218,3489
212262.3940142697,3.964,Comp0052,Mail0002,6,40425,993,7,5,529,92
212267.66187947727,1.732,Comp0072,DC0002,6,32769,88,4,4,430,495
212268.78470542192,6.395,Comp0003,Web0001,6,17449,80,6,27,664,5728
212271.6111128886,12.557,Comp0011,Proxy0002,6,54217,3128,10,16,1376,2862
212282.87766578206,4.036,Comp0073,DC0002,6,47812,389,4,17,202,1990
212283.89891757705,2.04,Comp0008,Web0005,6,23076,443,5,56,122,9038
212284.48837347789,1.402,Comp0002,FS0003,6,47750,445,72,35,2752,9846
212287.6809690571,0.116,Comp0062,DNS0001,17,1669,53,4,2,113,159
212288.0731565921,8.69,Comp0026,Web0006,6,36248,443,16,5,305,1757
212288.98363711283,0.627,Comp0054,DC0001,6,40067,88,8,6,320,616
212291.33111895816,5.87,Web0005,DB0001,6,47828,3306,26,126,1087,92894
212293.49499302186,1.832,Comp0076,Proxy0001,6,51195,3128,13,15,6415,4616
212295.7177399238,0.044,Comp0042,DNS0002,17,27033,53,2,2,52,146
212316.17606974288,1.604,Comp0075,DC0001,6,21306,88,12,16,738,139
212320.70332022745,5.673,Comp0071,Web0003,6,47443,443,11,83,619,863
212323.0933108793,0.104,Comp0027,DNS0001,17,38896,53,2,2,142,115
212328.10998642907,0.248,Comp0033,DNS0002,17,8659,53,2,3,88,112
212333.43852780355,6.008,Comp0059,Web0005,6,48047,80,7,45,2888,10469
212334.48990124912,0.199,Comp0064,DNS0001,17,34993,53,2,3,89,105
212334.60581919184,0.18,Comp0033,DNS0002,17,56209,53,2,2,108,184
212341.9324353368,3.705,Comp0037,Proxy0001,6,64842,3128,5,26,1585,18648
212344.32134338006,4.482,Comp0067,Mail0001,6,47438,993,6,10,460,78
212345.96654549538,0.218,Comp0003,DNS0001,17,13031,53,2,2,54,211
212348.07265270728,4.798,Mail0002,Ext0027,6,43783,25,5,9,179,663
212348.97438079337,0.003,Web0004,DNS0001,17,45114,53,2,2,54,199
212353.97109128226,0.371,Comp0038,Web0005,6,21862,443,4,83,1362,21641
212357.48077310246,6.764,Comp0066,Web0006,6,15420,443,7,89,2928,9426
212358.1534263048,0.408,Comp0062,Proxy0002,6,17486,3128,4,8,968,5240
212363.14368366843,10.82,Comp0060,Web0006,6,22191,80,10,13,819,3603
212366.57519193413,0.325,Comp0022,Web0002,6,40028,80,3,78,165,6440
212368.78050973118,2.917,Comp0079,Mail0001,6,35515,993,6,6,453,430
212372.48247239788,15.196,Web0001,DB0002,6,16950,3306,11,153,6045,64974
212373.12018103787,0.232,Comp0056,DNS0002,17,18967,53,2,3,43,332
212382.00644651995,0.384,Comp0034,DNS0002,17,45675,53,3,2,56,449
212390.55538071145,0.637,Comp0013,Web0002,6,30650,443,9,24,496,7518
212391.06098215358,0.758,Mail0002,Ext0011,6,46654,25,3,16,153,2355
212393.2751735239,7.944,Comp0054,Mail0002,6,35770,993,8,10,659,2768
212393.5049053849,1.359,Comp0042,Web0005,6,31561,443,9,16,758,39614
212394.2667316006,2.976,Comp0053,Web0004,6,25312,80,3,51,742,4675
212399.288577605,0.221,Comp0052,DNS0002,17,16569,53,2,2,90,349
212402.68349218258,0.026,Comp0063,DNS0001,17,57889,53,2,3,91,148
212403.00589747794,0.43,Comp0076,DNS0002,17,29445,53,2,2,32,209
212407.88301986776,4.709,Comp0069,Proxy0002,6,21351,3128,11,70,478,6057
212411.51448588376,1.29,Proxy0001,Ext0020,6,64796,443,6,30,946,7418
212416.32801828612,57.631,Comp0028,FS0003,6,30458,445,32,64,599,3210
212427.19717784587,3.693,Comp0059,DC0001,6,35467,445,18,66,5096,27742
212429.49684752204,0.11,Comp0073,DNS0002,17,41744,53,2,2,64,160
212430.322357052,3.069,Comp0062,Proxy0001,6,46478,3128,17,18,112,6484
212438.87240678028,2.873,Comp0066,Mail0001,6,34378,587,3,5,265,272
212442.75470159535,6.673,Comp0023,Web0006,6,31226,80,7,19,829,4317
212449.74816486554,3.228,Comp0023,Web0004,6,64840,80,4,12,567,3699
212478.773643431,0.063,Comp0049,DNS0002,17,40855,53,2,3,49,150
212481.30226738565,0.696,Comp0033,Proxy0001,6,48102,3128,5,16,688,21342
212482.40092096478,0.301,Comp0027,DNS0002,17,57046,53,2,2,85,69
212485.10684524663,5.849,Comp0069,Proxy0002,6,32740,3128,19,333,942,27873
212499.8914194959,19.291,Comp0059,Web0005,6,46488,443,19,14,1193,2201
212500.72868833842,21.718,Comp0021,FS0003,6,46189,445,14,181,2329,17359
212502.13244038966,3.791,Comp0003,Proxy0001,6,18085,3128,6,35,765,1804
212511.6254296935,0.058,Comp0009,DNS0002,17,10938,53,2,2,87,659
212515.53665342322,7.634,Comp0048,Proxy0002,6,8126,3128,7,15,419,8518
212521.4761991075,0.722,Comp0001,Mail0001,6,55659,587,8,4,392,946
212522.5615254397,0.246,Comp0017,Web0002,6,14178,443,11,55,4718,3337
212527.77694677823,8.227,Comp0030,Web0003,6,22382,443,5,133,1689,10254
212539.06418482945,5.371,Proxy0001,Ext0029,6,4027,443,13,49,281,7436
212543.558644157,0.404,Comp0003,DNS0001,17,3286,53,2,2,52,118
212552.38016249693,0.441,Comp0046,DNS0002,17,8118,53,3,2,26,70
212555.07900637676,2.966,Comp0045,Comp0011,6,39309,3389,10,4,578,392
212555.86570374717,0.15,Comp0008,DNS0002,17,54340,53,2,2,85,254
212556.83896876482,4.905,Comp0009,Web0003,6,7603,443,3,267,362,1758
212567.5350958024,9.311,Comp0015,DC0001,6,57599,88,3,5,110,445
212577.85046183242,0.045,Comp0065,DNS0001,17,61814,53,2,3,85,63
212578.39027045458,23.475,Comp0046,FS0002,6,54488,445,6,101,2710,13335
212590.89642187388,10.653,Comp0011,FS0003,6,29496,445,28,27,2878,5944
212592.55459672838,0.288,Comp0057,DNS0002,17,36473,53,3,2,84,161
212604.34198492893,0.424,Comp0003,DNS0001,17,55500,53,3,3,68,139
212608.2909868058,1.856,Comp0016,Mail0001,6,5833,587,7,5,196,2186
212617.6385214516,0.111,Comp0079,DNS0001,17,27426,53,2,2,67,196
212619.48390445244,3.078,Comp0066,Proxy0002,6,37868,3128,17,38,1133,8756
212623.0326535431,0.433,Comp0007,Proxy0002,6,26048,3128,17,20,4476,2066
212623.4160637277,0.867,Comp0066,Web0001,6,63865,80,9,38,969,12440
212623.70882301877,0.412,Comp0053,Web0001,6,51176,443,11,20,632,30734
212624.14997479133,0.098,Comp0075,DNS0002,17,5693,53,2,2,57,144
212628.60694695677,0.049,Proxy0002,DNS0001,17,17100,53,2,3,84,191
212628.93743601363,0.008,Comp0004,Proxy0002,6,63087,3128,10,103,300,3143
212632.72220591095,0.001,Comp0078,DNS0001,17,38736,53,3,3,101,201
212646.3362419603,0.058,Comp0069,DNS0002,17,32382,53,2,3,57,91
212654.3041363819,15.472,Comp0073,Web0001,6,13647,443,3,46,236,3705
212667.11565381286,1.5,Comp0009,Web0001,6,3977,443,8,18,428,20524
212674.572764543,3.221,Comp0048,DC0001,6,3983,389,11,2,467,141
212677.13609913999,4.271,Comp0051,Web0001,6,36915,443,7,256,100,18498
212677.20601281847,1.512,Comp0069,Mail0002,6,2689,993,7,5,195,227
212684.49901773958,1.619,Comp0058,Proxy0002,6,32846,3128,10,34,739,1950
212695.84317729212,1.461,Comp0041,Mail0002,6,5964,587,9,7,390,296
212699.39522460656,2.719,Comp0049,Web0005,6,57525,80,18,37,341,2747
212705.793290925,3.323,Comp0041,DC0002,6,13606,88,5,9,1749,1480
212706.38198862903,0.224,Comp0007,DC0002,6,55741,88,2,6,293,507
212724.86876884816,18.825,Comp0027,FS0003,6,7737,445,34,208,1274,9668
212729.04007562366,0.13,Comp0002,DNS0001,17,25577,53,3,3,71,237
212731.33108532568,22.85,Comp0046,FS0003,6,43963,445,26,42,1253,11933
212732.44240128648,0.325,Comp0023,DNS0001,17,43508,53,2,3,69,201
212736.19448505685,11.563,Comp0018,Web0003,6,23302,80,4,138,340,4651
212742.52190237213,7.609,Comp0059,Web0002,6,50000,80,17,9,3123,9779
212749.13050909893,5.044,Comp0067,Web0002,6,36014,80,12,34,2805,18400
212751.898539719,0.059,Comp0034,DNS0002,17,32330,53,3,3,104,414
212754.97166007882,3.225,Comp0017,Web0005,6,30724,80,6,7,352,11033
212757.65078453027,0.242,Comp0039,Mail0002,6,39824,993,3,4,223,1364
212760.137386772,0.075,Comp0050,DNS0002,17,44804,53,2,2,111,197
212761.12401845862,18.331,Comp0023,DC0001,6,16279,389,6,8,513,1839
212772.8960086059,1.609,Comp0015,Web0001,6,56956,80,5,17,313,10292
212779.39369717258,1.481,Comp0047,Mail0002,6,14603,993,3,9,1022,416
212780.88051986895,2.198,Comp0010,Proxy0002,6,21408,3128,15,95,294,3713
212782.06383714473,0.142,Comp0057,Web0003,6,40999,443,3,24,1034,25758
212788.35420342156,2.953,Comp0080,Mail0002,6,54467,587,4,9,1491,4253
212790.14313361095,4.52,Comp0034,FS0002,6,53982,445,49,36,2145,8385
212808.09690571486,4.025,Comp0045,Web0001,6,59101,80,13,9,3175,11922
212809.06381102616,1.993,Proxy0002,Ext0027,6,48779,80,9,25,303,5281
212819.4514868935,3.106,Comp0037,DC0001,6,61031,88,4,31,656,327
212819.9255253197,2.747,Comp0054,Web0004,6,62837,80,9,35,1277,4677
212826.89113530028,1.368,Comp0080,DC0001,6,50332,88,8,16,958,404
212841.14883662743,0.079,Comp0066,DNS0001,17,6870,53,2,2,95,94
212859.47146598663,10.471,Comp0015,DC0002,6,2370,389,9,5,282,834
212865.30262813525,0.791,Comp0072,DC0001,6,15723,88,6,8,190,1245
212884.5868773421,6.633,Comp0017,Web0005,6,47417,443,11,12,535,9593
212904.5264492471,0.394,Comp0016,DNS0001,17,54914,53,3,3,138,96
212905.34870342741,3.663,Comp0055,Proxy0001,6,39316,3128,8,36,377,2929
212916.10383130395,0.252,Comp0005,DNS0001,17,47773,53,2,2,65,89
212920.63721093017,7.824,Comp0071,Proxy0001,6,50876,3128,12,24,866,4420
212924.55594196817,0.447,Web0002,DNS0002,17,24718,53,2,2,122,215
212930.05172896432,10.426,Comp0070,FS0002,6,23344,445,24,247,3028,9810
212934.80052135832,6.434,Comp0032,DC0001,6,56876,389,10,7,634,566
212946.32290378658,5.691,Comp0068,Web0004,6,53870,443,4,35,581,705
212953.14167541964,4.307,Comp0019,Web0001,6,39101,80,4,94,3020,8895
212957.5897263618,5.011,Comp0073,Web0005,6,40318,443,11,190,1207,3304
212958.68811159348,2.492,Comp0060,Web0003,6,32431,443,3,35,78,27331
212961.47071950347,8.581,Comp0075,Web0003,6,3870,443,10,22,342,9699
212962.675680565,1.901,Comp0030,Proxy0001,6,57719,3128,4,24,767,7759
212962.92211606225,10.609,Comp0038,Mail0002,6,51663,993,8,6,216,204
212964.2612927595,6.503,Comp0039,Web0005,6,64765,443,10,31,209,12750
212970.13090666072,0.938,Comp0074,DNS0001,17,47371,53,2,2,58,513
212970.1520511974,8.724,Comp0040,Web0001,6,19493,443,11,64,220,1598
212971.22099060775,2.216,Comp0041,Web0002,6,19042,443,19,109,657,28719
212972.05769159907,0.041,Comp0040,DNS0001,17,15156,53,2,2,51,70
212974.98254799243,0.093,Comp0039,DNS0002,17,53013,53,3,3,86,117
212975.2831695026,6.205,Comp0018,Mail0002,6,46422,993,11,5,517,541
212983.08977428137,6.382,Comp0031,FS0001,6,60251,445,16,33,1829,36709
212983.5475262794,0.022,Comp0038,DNS0002,17,34050,53,2,2,54,320
212992.88134905853,0.088,Comp0038,DNS0001,17,48740,53,2,3,65,419
213002.08113145985,0.277,Comp0047,DNS0002,17,1797,53,3,2,105,97
213004.46350171344,3.962,Comp0054,Web0003,6,62558,443,11,54,1354,49986
213006.47438360399,6.402,Comp0016,Web0002,6,36547,443,10,87,562,18694
213010.13183718565,1.369,Comp0060,Web0002,6,7322,443,8,26,352,20983
213010.35548638168,3.409,Comp0034,Mail0002,6,49616,993,3,10,662,1214
213033.39774334393,4.518,Comp0042,Proxy0002,6,41332,3128,3,103,639,29923
213037.2668425846,3.361,Comp0030,Web0006,6,56886,443,5,16,588,4201
213038.93729640963,0.051,Comp0045,DNS0002,17,13342,53,2,2,38,232
213040.26504885015,5.389,Comp0073,Web0003,6,45339,443,24,17,169,2465
213041.3934765603,1.521,Comp0058,Web0001,6,16287,443,14,33,725,22271
213056.41642717563,0.765,Comp0058,Proxy0001,6,44162,3128,12,30,183,1744
213062.1859741995,2.3,Comp0061,Mail0001,6,57933,993,9,5,545,395
213064.55711155283,0.029,Comp0032,DNS0002,17,9519,53,2,2,50,174
213066.69828046317,3.09,Comp0024,Web0006,6,50709,80,6,85,3059,34298
213070.40512334346,8.587,Comp0065,DC0001,6,13688,389,17,7,68,601
213074.8877880562,0.065,Comp0071,DNS0002,17,52182,53,2,2,85,117
213075.2855880645,4.427,Comp0006,DC0002,6,59005,22,3,7,299,34
213085.065769872,3.408,Comp0074,DC0002,6,14729,445,20,91,6921,16982
213090.92307795928,7.593,Comp0017,DC0002,6,5811,445,31,34,1358,10755
213093.9367957154,1.941,Comp0004,Web0003,6,59832,443,12,15,138,9728
213105.44787228858,0.009,Comp0051,DNS0001,17,13974,53,2,3,35,248
213109.08387199984,4.811,Comp0051,Mail0001,6,33486,993,5,8,148,780
213110.6849455133,14.175,Comp0039,FS0001,6,1761,445,47,10,8430,71426
213115.19278110267,0.211,Comp0048,DNS0001,17,54033,53,3,2,80,179
213116.3199427829,1.494,Comp0017,Web0006,6,17089,443,7,13,1262,2265
213116.5288731787,5.972,Comp0064,Proxy0002,6,43270,3128,24,56,103,2797
213119.83629752643,0.009,Comp0040,DNS0001,17,21046,53,3,3,76,196
213133.6026085465,0.008,Comp0040,DNS0002,17,60120,53,2,4,72,101
213138.8667146784,9.541,Web0006,DB0003,6,26663,5432,26,358,2085,6035
213141.0476248647,10.592,Comp0037,Web0001,6,62483,443,8,43,874,4587
213152.06112267153,14.851,Comp0077,FS0003,6,15526,445,6,231,160,8071
213154.75802288295,0.143,Comp0011,DNS0001,17,59500,53,3,3,43,125
213159.47465546185,3.138,Comp0004,Proxy0001,6,33404,3128,3,16,1455,3902
213161.60990358816,0.267,Comp0057,DNS0001,17,34455,53,3,2,204,98
213161.7141913895,0.027,Comp0065,DC0002,6,40742,88,9,8,459,265
213164.2657248255,39.392,Proxy0002,Ext0018,6,20127,80,8,17,1932,2337
213165.04147241777,0.097,Comp0057,DNS0001,17,22068,53,2,2,73,141
213165.90899752683,3.064,Comp0037,Web0001,6,51805,443,12,12,947,1568
213173.5751074284,7.749,Comp0046,Web0001,6,36680,443,12,29,529,27799
213178.33100649976,0.047,Comp0075,DNS0002,17,21232,53,2,2,49,207
213179.3717077738,0.172,Comp0079,DNS0001,17,27431,53,2,3,56,149
213179.62904254955,13.606,Comp0040,Proxy0001,6,65201,3128,27,16,73,17408
213180.27167399408,1.86,Comp0038,Web0003,6,35645,80,3,55,431,7144
213181.70075225524,7.94,Comp0079,FS0001,6,61131,445,8,154,13916,49406
213182.59397852514,0.787,Comp0036,DNS0001,17,30241,53,2,2,56,151
213186.36448368034,6.916,Comp0001,Proxy0002,6,14635,3128,13,12,590,7447
213187.5754836252,18.382,Comp0043,Proxy0002,6,31302,3128,7,30,1312,8629
213188.286357944,12.136,Comp0001,Web0005,6,8675,80,10,28,501,33872
213207.95167860435,16.078,Comp0059,FS0003,6,14711,445,8,220,1387,31661
213208.7704522234,0.169,Comp0055,DNS0001,17,12780,53,3,2,78,266
213211.5141499652,3.347,Comp0044,Web0003,6,24771,443,29,119,849,12205
213219.0357218359,5.327,Comp0019,Web0001,6,20446,80,7,29,693,5000
213221.2683158399,0.26,Comp0068,DNS0001,17,1044,53,2,2,124,175
213223.3694769969,4.889,Comp0073,DC0001,6,34441,88,5,7,203,1424
213224.60349637427,14.53,Web0006,DB0001,6,64815,3306,24,47,1452,31688
213225.27124185563,0.123,Comp0026,DNS0002,17,59216,53,2,2,40,111
213226.29818921382,1.623,Comp0018,Web0005,6,21305,443,15,29,434,7836
213227.4711215616,0.268,Comp0057,DNS0001,17,21835,53,2,2,69,363
213227.55048904198,0.61,Comp0069,DNS0001,17,36179,53,2,2,114,100
213231.09652517881,1.752,Comp0014,Proxy0001,6,15583,3128,5,15,1223,31766
213231.38546643915,0.065,Comp0033,Web0002,6,24267,80,6,39,269,16046
213232.3471311093,3.871,Comp0064,FS0003,6,11459,445,117,151,2392,450468
213234.93135027605,0.164,Comp0071,DC0002,6,2158,88,5,42,476,830
213237.33740220068,0.043,Comp0014,DNS0001,17,31469,53,2,2,95,91
213239.29374858778,0.301,Comp0048,DNS0001,17,14594,53,3,3,50,93
213241.702083969,0.356,Comp0012,Proxy0002,6,58684,3128,6,28,1414,18108
213243.9340368245,0.436,Comp0042,DNS0002,17,23075,53,2,2,47,190
213245.67126057556,0.089,Comp0006,DNS0001,17,9504,53,2,2,72,219
213245.9223448664,0.166,Comp0064,DNS0001,17,25441,53,2,2,53,174
213252.8355651432,2.517,Comp0041,Web0005,6,5388,443,5,45,7101,4192
213257.3724027117,1.941,Comp0018,Proxy0001,6,43216,3128,4,60,1101,3076
213258.48386149446,0.205,Comp0014,Mail0001,6,49057,993,3,11,225,359
213264.3112767124,8.928,Comp0015,Proxy0001,6,49283,3128,8,84,1205,28138
213266.4911765187,5.036,Comp0035,Web0004,6,30535,443,5,70,406,33553
213272.62796107912,5.434,Comp0049,DC0002,6,59517,445,6,11,324,9200
213280.6180858981,3.087,Comp0041,Web0002,6,57302,443,14,13,1162,6896
213284.71210276018,3.39,Comp0006,Web0005,6,57437,443,6,33,791,38218
213284.89838815128,14.008,Comp0050,Web0004,6,30268,80,3,70,334,1639
213293.4355669601,16.98,Comp0045,Proxy0001,6,5723,3128,14,27,1577,11189
213298.55482162835,2.486,Comp0070,Web0004,6,43720,80,13,19,100,5463
213302.61910136425,0.08,Comp0042,DC0001,6,2675,389,4,13,381,110
213305.99383754833,0.018,Comp0058,DNS0001,17,17189,53,2,2,60,170
213309.84907592082,2.407,Comp0063,FS0003,6,29765,445,29,34,462,3212
213318.60946328816,0.734,Comp0069,Mail0002,6,20170,993,8,7,956,464
213319.66630686942,7.104,Comp0058,FS0003,6,10127,445,8,117,1831,137699
213321.0085053058,42.913,Web0006,DB0004,6,20099,5432,15,43,714,6385
213321.09165366445,3.37,Comp0044,Web0004,6,21581,443,18,22,507,7063
213324.72486713986,7.107,Comp0079,Web0001,6,29048,443,8,63,533,2800
213328.85110463662,15.173,Comp0018,Proxy0002,6,40902,3128,24,63,713,4181
213330.90663892793,5.867,Comp0075,Proxy0001,6,38024,3128,11,58,1956,3676
213332.688564773,8.563,Comp0077,Web0002,6,3529,443,7,104,566,6110
213338.57898707534,3.118,Comp0025,Web0004,6,34179,443,8,115,906,8272
213345.39553283452,6.506,Comp0038,Web0004,6,35897,443,5,18,344,11975
213352.19972608343,0.721,Comp0080,DNS0002,17,9791,53,3,3,94,115
213359.9862949453,18.778,Comp0056,Proxy0002,6,60671,3128,4,59,1512,11484
213370.035742013,0.555,Comp0029,DNS0001,17,23966,53,2,2,47,121
213370.83822379715,0.536,Comp0024,Web0004,6,29597,80,11,141,720,3881
213371.35794201793,0.087,Comp0070,DNS0001,17,62905,53,2,2,41,109
213379.96952970198,9.705,Comp0051,Web0002,6,39591,443,13,51,118,4894
213385.4922948365,0.131,Comp0022,DNS0001,17,22657,53,2,3,77,64
213395.269809787,2.759,Comp0066,Web0006,6,52316,443,5,37,661,941
213404.3475840721,7.768,Comp0005,Web0001,6,8712,443,8,124,2363,23133
213406.76933168076,0.044,Comp0011,DNS0001,17,43574,53,2,2,84,94
213407.49918792988,5.391,Comp0029,Mail0002,6,20078,587,2,6,398,723
213408.88013683172,1.48,Comp0025,DC0002,6,17020,389,6,10,158,434
213413.4622188762,0.053,Comp0076,DNS0002,17,22878,53,2,3,122,208
213418.76831598335,10.792,Comp0015,Web0003,6,31201,443,7,116,1061,2816
213421.15336436848,10.552,Comp0076,Web0002,6,19831,443,5,182,750,14714
213430.2608773784,3.206,Comp0001,Web0001,6,49915,80,10,16,318,10290
213432.17208614678,0.42,Comp0021,Mail0001,6,24462,993,3,5,1010,598
213435.16197782324,38.645,Comp0029,FS0003,6,56858,445,20,21,2543,27930
213439.78346133637,0.345,Comp0004,DNS0001,17,22354,53,2,3,51,180
213440.3901665747,0.478,Comp0073,Web0002,6,63065,80,19,27,316,1293
213440.40071452202,0.205,Comp0041,DNS0001,17,10980,53,2,2,131,54
213446.14697982653,8.213,Comp0023,Proxy0001,6,40158,3128,12,23,395,6314
213452.4115086986,0.621,Comp0047,DC0002,6,9106,389,7,10,904,441
213454.9208026897,1.0,Comp0029,Web0005,6,51241,80,10,74,431,4204
213460.2920078033,2.713,Comp0037,DC0001,6,53431,88,4,15,780,133
213460.4501263444,0.007,Comp0079,DNS0001,17,29082,53,3,3,77,132
213464.70616257042,4.73,Comp0071,FS0003,6,61758,445,13,106,2457,31562
213472.1917371024,5.198,Comp0056,Proxy0002,6,5062,3128,28,35,502,666
213474.38909684456,0.179,Comp0002,DNS0002,17,33052,53,2,2,58,177
213480.6252030925,0.155,Comp0064,DNS0002,17,8725,53,3,2,54,111
213482.94295683797,11.813,Web0006,DB0001,6,30279,3306,10,159,2290,21169
213499.28325371968,0.003,Comp0066,Comp0011,6,19191,3389,3,3,2045,1777
213500.83869287552,0.284,Comp0003,DC0002,6,30000,88,3,14,218,555
213502.2801341149,0.108,Comp0062,DNS0001,17,31860,53,2,2,109,120
213506.36885704735,0.005,Comp0050,DNS0002,17,55297,53,2,2,95,214
213508.86569701636,6.144,Comp0056,Web0002,6,3851,80,8,84,194,8260
213509.21835198064,6.119,Comp0061,DC0001,6,9379,389,2,4,312,683
213513.59589751653,7.392,Comp0026,Web0003,6,61449,443,4,43,3749,26290
213524.63484142552,0.172,Comp0036,DNS0002,17,44582,53,3,4,91,146
213537.04571505656,2.203,Comp0037,Web0004,6,4907,443,6,22,2580,36592
213541.67582085723,0.037,Comp0056,DNS0002,17,42026,53,2,2,46,103
213549.38794884965,1.294,Comp0003,Mail0002,6,26751,993,6,8,345,865
213551.61920375584,14.433,Comp0008,Web0005,6,50794,80,9,129,557,823
213554.64121678536,8.596,Comp0032,Web0005,6,27206,443,12,31,235,1760
213566.28391560487,4.801,Comp0011,Web0005,6,28848,443,25,53,1419,1683
213573.74250012607,0.086,Comp0027,DNS0002,17,24460,53,2,3,82,393
213576.11581947698,0.097,Comp0048,DNS0001,17,25659,53,2,2,94,128
213577.018191268,0.518,Comp0052,DC0002,6,38825,88,4,5,654,213
213582.46477538877,3.338,Comp0039,Proxy0001,6,1696,3128,12,17,1152,5931
213583.53446440614,2.628,Comp0036,FS0003,6,48980,445,19,47,2345,18078
213593.29973710078,3.991,Comp0013,Web0005,6,19410,443,14,25,1417,18472
213594.30995995124,0.302,Comp0072,DNS0002,17,59369,53,2,2,138,295
213595.48665894946,0.359,Comp0011,DB0003,6,10524,22,4,10,997,181
213599.90517786192,2.772,Comp0003,Proxy0002,6,65163,3128,7,99,95,1935
213603.30557316303,0.973,Comp0074,Proxy0002,6,10372,3128,11,4,88,35017
213608.44828874886,9.866,Comp0038,Proxy0002,6,60132,3128,9,68,1178,22659
213609.4265994532,0.696,Comp0059,Web0004,6,38597,80,3,27,595,17554
213613.7227933823,9.788,Comp0045,DC0001,6,60609,445,27,161,238,7164
213616.29343354926,6.148,Comp0071,DC0001,6,40296,445,22,110,809,85885
213622.33617850387,0.116,Comp0080,Web0001,6,31403,80,6,41,362,8330
213626.6804355499,0.225,Comp0047,DNS0001,17,16919,53,3,2,53,103
213627.50094886898,6.041,Comp0036,DC0002,6,62830,88,5,6,58,558
213633.47760795162,7.954,Comp0055,Web0002,6,53423,443,7,23,1637,8372
213634.9038663297,2.721,Comp0048,DC0002,6,12323,88,6,12,1462,353
213635.22931335174,18.423,Comp0080,Web0003,6,24183,80,6,27,655,32079
213638.67328923265,4.177,Comp0003,Proxy0002,6,42703,3128,6,40,873,7273
213641.17591149505,1.756,Comp0011,DC0001,6,6440,88,32,3,1216,386
213644.1974808533,7.097,Comp0059,Web0005,6,48926,80,7,39,1053,18360
213645.2721962363,15.447,Comp0041,Web0004,6,25045,443,6,28,821,12710
213647.61914464604,15.865,Comp0056,DC0002,6,1990,445,4,44,2581,12814
213656.85009577585,4.162,Comp0033,Web0002,6,22254,443,11,33,1071,2000
213659.13955673517,0.075,Comp0037,DNS0002,17,48777,53,2,2,40,129
213666.03173773416,0.071,Comp0050,DNS0002,17,5755,53,2,3,39,139
213668.56473098538,5.588,Comp0043,Web0006,6,52098,443,16,45,488,5247
213678.94552983387,5.125,Comp0039,Web0002,6,29157,443,9,34,944,1649
213681.09240959107,0.276,Comp0007,DNS0001,17,21128,53,2,2,68,205
213685.96830553646,0.081,Comp0080,DNS0002,17,8378,53,2,3,83,234
213688.83223943808,0.014,Comp0042,DNS0001,17,8006,53,3,3,39,218
213692.21759331538,0.139,Comp0072,DNS0002,17,30431,53,3,2,37,120
213696.42779196662,0.17,Comp0019,DNS0002,17,8222,53,2,3,36,133
213699.801404926,4.461,Comp0029,Web0004,6,32917,443,8,48,235,4317
213702.40091531156,0.002,Comp0023,DNS0001,17,58004,53,2,4,98,81
213707.08638958982,0.207,Comp0074,Mail0001,6,30309,993,4,6,219,287
213707.27727562186,9.624,Comp0049,Proxy0002,6,40044,3128,9,83,102,4354
213714.20071138206,15.06,Comp0073,Web0005,6,10457,443,4,24,594,5311
213717.82625793983,0.05,Comp0074,DNS0001,17,43321,53,3,2,63,168
213722.0844597929,3.103,Comp0036,Web0006,6,16007,443,13,78,235,10914
213723.2837695913,0.637,Comp0062,DC0001,6,14759,88,4,6,901,86
213727.06377432554,6.196,Comp0022,Mail0002,6,22682,993,5,9,531,673
213746.453422514,1.835,Comp0018,Proxy0002,6,55262,3128,12,27,1218,61311
213748.54249768992,1.025,Comp0045,Web0006,6,21925,443,8,18,3678,14479
213749.64274354628,2.387,Comp0041,DC0001,6,40440,445,8,198,5970,11198
213750.60641368947,1.657,Comp0068,Web0006,6,10633,443,11,34,662,19849
213752.3354913644,0.006,Comp0076,DNS0002,17,45859,53,2,2,51,163
213759.40039518054,1.015,Comp0043,Web0006,6,55086,443,5,34,472,996
213763.7546776419,0.56,Comp0070,DNS0001,17,46280,53,3,3,27,241
213772.42529243213,6.031,Comp0018,DC0002,6,12852,88,9,6,360,1094
213774.6427040157,3.943,Comp0076,Proxy0001,6,29449,3128,8,19,655,16709
213775.11095513398,1.725,Comp0032,Web0002,6,14951,443,4,25,595,3409
213776.6939127026,13.539,Web0004,DB0004,6,15460,3306,19,43,2477,4927
213780.10108260383,12.839,Comp0057,FS0003,6,2723,445,15,364,2471,11227
213785.2789380826,0.764,Comp0072,Web0006,6,40428,80,3,22,566,50001
213785.29920497249,2.031,Comp0045,Proxy0001,6,22579,3128,9,21,591,26425
213788.3980610359,2.536,Comp0038,DC0002,6,56880,88,3,15,548,908
213795.33064781874,2.95,Comp0038,FS0001,6,57036,445,27,335,6455,10138
213796.03336217086,0.183,Comp0059,Web0005,6,54502,443,7,12,1160,4823
213797.00785866793,3.775,Comp0036,Proxy0002,6,21092,3128,16,139,1157,14193
213799.87054195808,0.153,Comp0077,DNS0002,17,63516,53,2,3,138,112
213799.88519109663,5.546,Comp0025,Web0003,6,20492,80,11,59,406,21891
213799.9057243468,2.153,Comp0031,Web0002,6,3952,443,7,11,178,10263
213800.48989545746,11.336,Comp0039,DC0001,6,54174,445,7,135,643,2074
213800.6637737202,9.942,Comp0057,Mail0002,6,11974,993,3,33,544,370
213806.80970534578,7.528,Comp0038,FS0003,6,27497,445,23,208,1071,6895
213806.9735896076,2.091,Comp0070,DC0001,6,54790,445,32,76,884,7882
213808.31572931854,0.645,Comp0010,Web0004,6,14237,443,21,32,587,7523
213808.54359246822,1.113,Comp0038,Web0002,6,25391,443,2,158,548,2606
213813.8544394868,0.912,Comp0023,Proxy0002,6,13129,3128,6,33,506,34552
213823.03192018345,0.077,Comp0055,DNS0001,17,27923,53,2,3,97,133
213824.19868484826,8.234,Comp0055,DC0001,6,2835,445,19,61,2462,3799
213827.9271390325,0.013,Comp0075,DNS0002,17,49662,53,2,2,83,54
213831.50698620416,21.89,Comp0048,Web0001,6,5819,443,3,45,1062,23491
213832.30029658336,0.018,Comp0037,DNS0002,17,6720,53,3,2,71,80
213837.67425226554,3.049,Comp0058,Web0002,6,30257,443,7,79,773,11433
213842.98190377472,4.052,Comp0037,Proxy0001,6,2226,3128,8,7,1303,692
213850.29246701754,3.385,Comp0076,Web0006,6,64569,443,3,29,1659,124814
213853.2720206472,13.139,Comp0079,FS0003,6,14164,445,15,224,4266,72236
213856.39669010986,2.478,Comp0019,Web0004,6,62255,443,5,20,2175,2790
213861.19588738057,0.066,DC0002,DNS0001,17,20213,53,2,3,63,290
213870.38465963327,1.116,Comp0045,Web0002,6,51892,443,16,91,1393,19889
213874.64112174482,11.951,Proxy0002,Ext0031,6,16670,443,11,103,301,5715
213876.82406764923,0.361,Comp0077,DNS0002,17,18248,53,3,3,90,189
213880.30584833672,29.426,Comp0071,FS0003,6,60999,445,158,308,1824,4067
213882.5926134234,1.129,Comp0040,Web0006,6,34208,80,13,47,849,5751
213887.24143097352,4.085,Comp0033,Web0003,6,52736,443,12,30,599,18336
213911.57463029074,0.168,Comp0063,DNS0002,17,25261,53,3,3,28,71
213914.15286594126,10.778,Comp0078,FS0001,6,57337,445,14,170,280,62483
213914.7854407656,5.271,Comp0022,Proxy0002,6,4691,3128,8,37,2227,18222
213926.23040646958,2.043,Comp0049,Proxy0001,6,45319,3128,16,58,153,1728
213927.63965442943,42.245,Comp0077,FS0001,6,43351,445,8,166,1203,8553
213927.84953253265,0.047,Comp0017,DNS0001,17,52628,53,2,3,56,227
213935.71195324647,1.096,Comp0021,Proxy0001,6,26730,3128,8,33,772,36597
213937.21946296643,0.272,Comp0021,DNS0002,17,31692,53,2,2,21,266
213943.96588428202,11.685,Comp0003,FS0002,6,37770,445,23,255,1340,15260
213948.9122643096,5.87,Comp0052,FS0003,6,41907,445,23,93,5179,15688
213952.8658542237,0.248,Comp0004,DNS0001,17,31629,53,2,3,72,129
213956.19477740087,0.364,Comp0047,DNS0001,17,13830,53,2,3,94,133
213959.43047381018,11.024,Web0005,DB0003,6,4170,5432,15,75,937,13021
213962.83014173346,4.796,Comp0070,DC0002,6,31855,88,8,10,572,472
213970.0676776601,4.287,Comp0012,DC0002,6,29895,389,9,5,625,133
213976.8074322442,1.769,Comp0031,DC0002,6,10311,88,4,7,581,469
213979.0237746997,3.131,Comp0052,Web0002,6,29970,443,7,38,989,17501
213992.59511166223,0.281,Comp0051,DNS0002,17,39394,53,3,3,48,106
213992.77803092374,1.584,Comp0031,FS0003,6,7634,445,9,51,598,671
214007.4105211028,3.71,Comp0072,Web0006,6,62588,443,8,71,503,16770
214013.52295036393,0.112,Comp0014,DC0001,6,63242,389,4,14,728,1327
214019.8669197756,3.455,Web0003,DB0001,6,6268,5432,14,225,5860,8546
214022.29223878996,0.343,Comp0015,DNS0002,17,2390,53,3,2,33,72
214027.06406106078,8.535,Comp0078,Web0001,6,15933,443,4,21,774,58223
214028.4518124357,0.072,Comp0072,DNS0002,17,9219,53,2,2,74,45
214029.85003074264,0.289,Comp0031,Proxy0001,6,26801,3128,6,27,490,2458
214031.34669913602,0.338,Comp0052,DNS0001,17,47020,53,2,2,59,61
214035.03185009919,3.537,Proxy0001,Ext0030,6,18620,443,5,14,223,7586
214035.29381904134,0.049,Comp0074,DNS0001,17,17950,53,2,2,47,150
214035.31978631584,0.234,Comp0007,Proxy0001,6,64731,3128,13,105,355,2942
214035.5999306116,9.849,Comp0021,Web0006,6,43398,443,4,19,114,59202
214041.4928663898,12.791,Comp0015,Web0006,6,19080,80,32,239,1589,4378
214047.43657308136,2.385,Comp0030,Web0003,6,60821,80,11,23,549,8168
214051.9168444618,0.554,Comp0046,DC0001,6,29420,389,5,17,1645,1268
214056.49134633323,6.4,Comp0013,Proxy0002,6,52276,3128,30,38,5639,13046
214057.46708818246,7.191,Comp0042,Proxy0001,6,29759,3128,8,178,1333,3820
214059.9069437096,0.983,Comp0074,Mail0002,6,27808,993,8,5,162,205
214063.838540595,30.681,Comp0049,FS0002,6,32533,445,92,56,2818,11087
214065.94086328096,0.229,Comp0037,DNS0001,17,15821,53,2,3,55,175
214068.88892372948,1.703,Comp0047,Web0003,6,12864,443,7,43,298,8553
214071.78291489618,1.604,Comp0046,Proxy0001,6,12036,3128,20,78,491,1515
214074.93418113,28.69,Comp0029,Proxy0002,6,25271,3128,9,26,372,6285
214076.38029585505,10.651,Comp0032,FS0002,6,54160,445,22,484,596,9138
214082.24372248288,0.993,Comp0052,DC0001,6,64141,88,9,6,225,694
214084.46884315502,0.416,Comp0033,DNS0001,17,20605,53,2,2,67,65
214085.8222854067,3.259,Comp0021,Web0004,6,36548,443,7,80,248,1196
214087.02237274157,1.028,Comp0047,DC0001,6,49531,88,6,4,936,148
214090.97882374856,0.274,Comp0077,DNS0001,17,63103,53,2,2,74,174
214094.9205374958,8.18,Comp0003,DC0001,6,14875,445,68,121,2308,3257
214095.489176158,0.06,Comp0034,DNS0001,17,21752,53,3,3,57,539
214104.90906423476,0.059,Comp0014,DC0001,6,16596,88,9,4,444,292
214108.6137492787,0.861,Comp0069,Proxy0001,6,55987,3128,5,25,507,10444
214109.01435786218,9.548,Comp0055,Proxy0002,6,18862,3128,13,38,746,31179
214113.52626062147,1.635,Comp0040,Proxy0001,6,31659,3128,49,21,629,14440
214117.58221489142,0.036,Comp0011,DNS0002,17,65129,53,2,3,42,74
214122.91844651353,2.823,Comp0036,Mail0002,6,43739,993,6,3,220,421
214124.48632222653,9.394,Comp0063,Web0002,6,59420,443,13,145,922,4490
214129.33293322648,0.108,Comp0030,DNS0001,17,42592,53,3,3,89,187
214144.39536747293,0.066,Comp0026,DNS0002,17,14834,53,3,2,56,228
214145.41787578794,27.059,Comp0016,Proxy0001,6,60042,3128,9,130,502,13878
214145.5883756007,0.106,Comp0025,DNS0002,17,61849,53,2,3,75,107
214146.51451753447,7.523,Comp0045,Web0003,6,17596,443,9,22,3142,48797
214173.15985111857,12.292,Comp0049,FS0001,6,26212,445,27,56,7910,152806
214174.28245784942,7.75,Comp0034,Web0004,6,46782,443,6,192,1129,10023
214178.22541930265,0.065,Comp0011,DNS0001,17,38625,53,3,2,92,180
214185.7057145961,2.474,Comp0033,DC0002,6,31683,445,7,68,2245,13777
214188.63511117807,22.158,Comp0010,DC0001,6,12173,445,10,87,2913,8415
214195.2712284956,12.202,Comp0029,Proxy0001,6,14124,3128,7,17,823,18798
214198.0502261778,0.123,Comp0037,DNS0002,17,57039,53,2,3,95,165
214199.3317404264,4.227,Comp0029,DC0001,6,34944,389,6,7,171,928
214201.88798031374,0.064,Comp0041,DNS0001,17,8453,53,2,2,87,230
214206.05069245782,1.082,Comp0075,Proxy0002,6,26430,3128,15,14,3819,7442
214206.69229780982,4.54,Proxy0001,Ext0018,6,38538,443,7,32,1103,10353
214208.69888400077,0.082,Comp0023,DNS0002,17,40196,53,3,2,71,83
214209.36417500576,4.91,Comp0071,Proxy0002,6,26066,3128,4,23,86,7801
214210.02848659136,0.122,Comp0012,DNS0001,17,50512,53,2,2,76,239
214249.6508070188,0.027,Comp0017,DNS0001,17,26004,53,3,2,47,114
214257.80868757144,0.484,Mail0002,Ext0011,6,28044,25,2,21,289,994
214268.26797436498,4.765,Comp0015,Web0001,6,27053,443,5,66,166,1882
214272.22027402057,22.739,Web0003,DB0001,6,43453,5432,17,100,1684,100642
214272.57667766543,11.937,Comp0079,FS0002,6,16810,445,29,74,943,19134
214278.26445580798,2.309,Comp0052,DC0001,6,21291,389,5,15,840,453
214281.6323266642,0.019,Comp0020,DNS0002,17,4319,53,2,3,48,167
214281.84976599476,4.717,Proxy0002,Ext0035,6,24243,443,7,111,5662,20729
214285.34796265862,2.337,Comp0001,DC0002,6,42743,88,7,8,333,1070
214288.47902343245,1.959,Comp0024,Proxy0002,6,36825,3128,15,66,853,1574
214289.41384045265,3.669,Comp0045,Web0001,6,54976,443,4,25,1137,6763
214291.17999693408,1.166,Comp0052,Web0004,6,45759,80,11,27,369,12959
214292.4639042972,0.142,Comp0062,DNS0001,17,34515,53,2,2,65,245
214297.1656600022,0.142,Comp0010,DNS0001,17,39063,53,3,2,72,201
214302.51808867976,0.815,Comp0035,DC0002,6,62854,389,4,13,482,836
214306.75295207347,0.075,Comp0072,DNS0002,17,41458,53,2,3,78,77
214307.22820025566,1.729,Comp0032,Mail0002,6,43654,993,7,13,455,636
214316.35017238103,2.483,Comp0053,Web0003,6,28272,443,8,10,1089,14824
214321.92735460802,0.289,Comp0070,DNS0002,17,5666,53,2,2,67,283
214329.76861944437,3.416,Comp0022,FS0003,6,43339,445,23,176,3768,4859
214336.60092957813,7.072,Comp0009,DC0001,6,46225,88,5,6,244,1876
214337.44029573922,0.605,Comp0054,Web0003,6,33729,443,11,45,590,10923
214339.47919914254,0.434,Comp0034,DNS0001,17,25401,53,2,3,74,116
214339.94523511032,0.555,Comp0069,DNS0001,17,32654,53,2,4,104,70
214346.4889176814,0.968,Comp0027,FS0003,6,12054,445,10,50,1297,58991
214349.2486322555,0.61,Comp0030,Web0001,6,59083,80,6,28,502,1594
214360.79642236314,4.512,Comp0045,Proxy0001,6,19539,3128,4,47,104,8924
214362.19981043896,15.529,Comp0014,Proxy0002,6,5522,3128,22,26,293,8925
214368.48631570826,3.292,Comp0001,Proxy0002,6,9887,3128,12,135,340,598
214371.8055003502,40.276,Comp0060,DC0002,6,55655,445,7,454,2189,10828
214371.85507572087,12.191,Comp0007,Mail0001,6,1539,587,6,5,753,718
214378.40984858296,1.99,Comp0059,Proxy0002,6,7219,3128,10,56,2514,6611
214380.60886130287,0.032,Comp0076,DNS0001,17,48556,53,2,2,60,323
214387.1083714394,1.231,Comp0018,FS0003,6,24845,445,15,50,576,11041
214392.08179335357,7.061,Comp0025,Proxy0002,6,13280,3128,8,28,2882,13658
214395.31693371056,1.666,Comp0025,Web0005,6,57364,443,5,64,190,20069
214397.84320599277,1.203,Comp0078,Web0001,6,9118,80,5,50,271,16395
214402.2002200946,0.162,Comp0036,DNS0002,17,53003,53,2,3,68,178
214403.29534671362,0.44,Comp0060,DC0002,6,47952,389,4,8,1486,400
214408.8799994057,0.797,Comp0038,Mail0002,6,7863,993,5,7,242,513
214409.35968214943,3.481,Comp0028,Proxy0002,6,23700,3128,4,35,2253,8302
214409.71256871187,0.092,Comp0024,DNS0001,17,9648,53,2,3,78,135
214413.74878212658,0.076,Comp0012,DNS0001,17,22680,53,2,2,63,72
214415.1340987193,1.715,Comp0019,Comp0011,6,47748,3389,3,5,948,1004
214418.21578808213,7.671,Comp0057,FS0003,6,50834,445,56,144,356,5035
214419.43925682435,0.74,Comp0047,Web0005,6,50633,443,3,47,547,24063
214420.45584906483,1.773,Comp0053,Web0004,6,38788,443,6,17,251,9816
214426.50915476432,2.906,Comp0032,Web0002,6,2016,443,11,64,219,1640
214431.01056833338,1.258,Comp0030,Web0002,6,39923,443,15,12,329,1781
214439.78551170073,0.869,Comp0056,Web0002,6,9872,80,7,32,282,7395
214441.42364496383,3.171,Comp0036,Mail0001,6,20448,587,11,9,97,209
214450.37004790374,5.047,Comp0076,FS0001,6,36572,445,26,131,303,7367
214451.40453813548,1.626,Comp0022,Web0005,6,57133,443,5,33,1173,7197
214453.30640672927,4.256,Comp0033,Proxy0002,6,33429,3128,5,69,328,1225
214453.4698635502,0.04,Comp0033,FS0002,6,43718,445,7,109,911,44544
214465.8339794851,11.95,Comp0076,DC0002,6,60939,389,5,5,578,888
214467.54798327302,2.766,Comp0054,Web0002,6,11641,443,21,30,533,2010
214468.07099668696,5.535,Comp0034,Mail0001,6,35790,993,9,7,757,3447
214472.9947702152,0.012,Comp0014,DNS0002,17,52409,53,3,2,51,180
214474.65819331573,3.042,Comp0006,Web0002,6,27758,443,10,28,202,1187
214476.1622875988,0.591,Comp0018,Web0004,6,13858,443,7,16,2657,2327
214476.43379836105,11.137,Comp0028,FS0003,6,33041,445,5,157,325,32397
214491.84357536052,0.493,Comp0032,Web0001,6,26498,443,12,29,281,7024
214492.5289822166,2.806,Comp0036,DC0002,6,12478,88,6,4,143,351
214499.34646138077,0.859,Comp0040,Comp0011,6,51033,3389,6,9,212,3244
214501.68315788393,47.083,Comp0032,Proxy0001,6,65461,3128,6,50,139,2038
214504.37450133445,3.359,Comp0031,FS0003,6,19921,445,62,112,2401,1912
214513.83194631088,1.269,Comp0044,Web0004,6,41741,80,22,15,536,8445
214515.3275498493,0.114,Comp0075,DNS0002,17,7926,53,2,2,71,187
214522.01442621322,12.932,Comp0078,Web0004,6,20303,80,25,32,841,15369
214529.7012257651,2.396,Comp0023,DC0001,6,10883,88,8,8,214,2691
214530.22958253667,0.233,Comp0039,DNS0002,17,29308,53,2,2,91,93
214532.1501171309,4.099,Comp0065,Proxy0001,6,57107,3128,12,17,300,11958
214534.2848008126,2.882,Comp0049,Web0003,6,63839,443,19,13,1237,31444
214534.51314388632,13.085,DB0004,DC0001,6,11336,389,2,3,635,489
214534.7992004311,12.22,Comp0062,Web0005,6,23746,443,26,49,391,5729
214538.02306889434,4.197,Comp0054,Web0003,6,63820,443,11,35,1644,2534
214539.88569010678,2.94,Comp0019,FS0002,6,31701,445,24,77,981,27146
214540.8093630742,0.06,Comp0071,DNS0001,17,7897,53,3,3,58,82
214543.34872205454,0.933,Comp0076,Web0004,6,25379,443,9,23,664,8895
214550.29641216274,0.514,Comp0008,Mail0001,6,63353,587,4,4,1675,125
214553.1681625753,0.198,Comp0046,DNS0001,17,10721,53,2,3,73,109
214554.86970615629,7.318,Comp0001,Web0003,6,28217,443,9,11,1734,12557
214567.90847581136,2.981,Comp0069,Proxy0002,6,39330,3128,6,22,1571,2137
214575.49658115784,0.031,Comp0029,DNS0002,17,58160,53,2,2,77,237
214575.78960010654,7.843,Comp0071,Web0006,6,12490,80,4,53,1070,14249
214578.3499906153,0.292,Comp0001,DNS0002,17,40023,53,2,3,130,235
214580.19100461912,4.466,Comp0024,Mail0002,6,60551,993,7,7,930,1754
214581.71078089875,0.972,Comp0031,DC0002,6,29853,445,6,93,163,17382
214588.34172098985,0.384,Comp0041,DNS0002,17,18128,53,2,2,63,80
214591.88044104242,0.724,Comp0011,DB0003,6,1444,3389,7,3,359,4011
214598.61791075184,3.447,Comp0067,Web0002,6,10447,443,3,170,118,4572
214600.35003608643,0.357,Comp0028,DNS0002,17,19673,53,3,2,42,94
214600.9888912567,17.343,Comp0064,FS0001,6,21563,445,21,51,308,73387
214604.28282412936,0.134,Comp0021,DNS0001,17,24383,53,3,3,82,216
214606.20936095726,10.127,Comp0007,Mail0002,6,47491,993,12,5,566,2807
214611.85429329972,11.789,Comp0058,Web0004,6,13502,80,9,32,1507,4901
214614.09041035356,0.18,Comp0055,DC0002,6,36879,88,4,11,763,310
214628.3966154757,27.007,Comp0071,FS0003,6,56085,445,43,78,5087,20995
214633.86289281608,7.282,Comp0048,FS0002,6,47976,445,34,56,2201,18186
214645.53729228507,0.58,Comp0016,DNS0001,17,58849,53,2,2,153,59
214650.78581919198,8.014,Comp0020,Web0005,6,32901,443,6,38,357,4375
214655.5499892948,10.763,Comp0006,Web0004,6,30372,443,9,8,439,5742
214664.2349872611,0.706,Comp0053,Proxy0002,6,54491,3128,10,12,794,11338
214665.62885259834,22.777,Comp0058,FS0001,6,8035,445,5,140,1841,17768
214682.12711725535,5.426,Comp0005,Web0006,6,47099,443,13,35,1132,6479
214685.28616901947,11.203,Comp0009,DC0002,6,63854,445,30,90,6645,2795
214689.12107552937,2.801,Comp0009,Proxy0001,6,18293,3128,7,24,841,6818
214690.87644728637,11.256,Comp0040,Web0005,6,17989,80,12,16,2426,2051
214691.87891399662,0.349,Comp0006,DNS0001,17,19469,53,2,2,116,65
214696.09100976022,0.018,DC0002,DNS0002,17,30299,53,3,3,46,259
214701.05528736708,14.896,Comp0053,FS0001,6,32514,445,299,53,1855,15301
214711.88870493235,8.24,Comp0041,Web0002,6,4039,80,3,24,641,2949
214727.45228183092,32.601,Comp0031,FS0001,6,12022,445,37,202,1649,5297
214734.51091595535,0.53,Comp0072,DC0002,6,9946,88,9,16,566,163
214738.3846426561,0.149,Comp0045,DNS0001,17,5039,53,3,3,50,237
214741.03873453863,1.464,Comp0052,Mail0001,6,11171,587,3,7,338,970
214743.7536919644,3.906,Comp0039,Proxy0002,6,60967,3128,7,15,109,5348
214751.81199823198,0.324,Comp0037,Web0001,6,52070,443,20,12,2080,702
214755.51189226174,8.601,Comp0006,Comp0023,6,44192,445,58,87,720,271
214763.54677954118,2.215,Comp0058,Web0002,6,5228,443,8,70,4025,12229
214766.63183702156,16.774,Web0003,DB0001,6,62496,3306,40,82,4441,13437
214766.97760095532,0.042,Comp0061,DNS0001,17,48187,53,3,2,48,136
214768.66615049235,2.247,Comp0078,Mail0001,6,35635,993,22,11,1495,911
214769.0009996075,0.116,Comp0025,DNS0001,17,53866,53,2,3,68,256
214777.28304029073,0.768,Comp0024,Web0006,6,14576,443,10,124,244,2171
214791.14012273774,1.242,Comp0006,FS0003,6,28572,445,22,79,3990,5665
214792.38510605498,6.412,Comp0011,FS0002,6,61197,445,20,376,1811,1654
214795.81584232248,11.949,Comp0071,DC0001,6,8141,445,8,23,378,16787
214809.52255533964,3.815,Comp0002,FS0001,6,59212,445,33,114,1143,19623
214809.88505437342,2.857,Comp0065,DC0001,6,48713,389,9,7,715,608
214817.22141225924,0.019,Comp0072,DNS0002,17,19502,53,2,3,44,117
214819.8370146558,0.043,Comp0047,DNS0002,17,36960,53,2,3,79,84
214828.3168066443,6.942,Comp0079,Web0001,6,56315,443,17,90,605,5541
214832.55430679893,12.298,Comp0040,DC0002,6,56475,389,3,28,278,294
214832.99169586343,3.279,Comp0048,DC0001,6,21489,88,4,6,1339,663
214838.29034028848,0.042,Comp0063,DNS0002,17,51327,53,2,2,72,216
214838.47285245277,1.184,Comp0071,Web0004,6,37444,443,13,14,2789,6127
214850.57060766802,1.884,Proxy0002,Ext0018,6,26709,80,10,39,1072,6429
214850.78372617846,1.241,Comp0068,Web0004,6,56816,80,8,7,2206,4584
214859.75205312556,0.762,Comp0022,Proxy0002,6,56657,3128,5,86,437,13117
214860.12073967437,14.737,Comp0042,FS0001,6,20998,445,66,35,1324,5065
214865.84713694395,5.04,Comp0032,Comp0011,6,33417,3389,2,23,79,228
214868.5757949716,0.051,Comp0024,DNS0001,17,12280,53,2,2,46,163
214868.60048424234,9.282,Comp0021,FS0001,6,47254,445,29,26,3635,19836
214871.64335323844,9.71,Comp0055,DC0002,6,39071,445,13,182,1650,104162
214876.98675569636,12.085,Comp0052,FS0002,6,4908,445,76,41,3033,21645
214881.86122600752,0.101,Comp0004,DC0001,6,13352,389,3,7,543,710
214882.46572296298,5.175,Comp0023,DC0002,6,46934,389,4,6,425,246
214883.67556723848,9.125,Comp0016,Web0005,6,7888,443,6,57,1723,118497
214886.69260962537,6.381,Comp0041,Proxy0001,6,2560,3128,3,25,226,11841
214891.7386423123,1.362,Comp0063,DC0002,6,35246,88,5,4,287,1004
214898.73366807017,2.095,Comp0057,Mail0002,6,3553,993,9,8,339,1152
214900.43487998855,0.006,Comp0039,DNS0001,17,37782,53,2,4,52,260
214900.55244557466,0.119,Comp0070,DNS0002,17,37833,53,2,2,79,104
214901.04628678903,5.254,Comp0032,Mail0002,6,30802,587,3,3,215,162
214905.0068262716,3.93,Comp0044,Proxy0001,6,62240,3128,14,79,557,5062
214909.2447455089,0.95,Comp0050,DC0002,6,58413,88,5,6,1010,644
214913.06970551927,69.188,Web0006,DB0003,6,41120,5432,63,171,4358,14633
214921.1132742219,14.392,Comp0059,Web0001,6,5596,443,5,108,3320,6508
214924.19256570356,1.973,Comp0008,Web0001,6,15374,443,10,39,217,1736
214930.80644222363,3.248,Comp0064,FS0001,6,6912,445,57,105,2748,26173
214933.89445667044,10.256,Comp0017,DC0002,6,57552,445,5,181,721,12207
214934.23600738082,0.083,Comp0065,DNS0001,17,16652,53,3,2,35,69
214934.31463555462,0.052,Comp0079,DNS0002,17,12870,53,2,3,55,318
214937.66798382055,9.903,Comp0064,FS0002,6,22719,445,17,25,1234,144
214946.510501655,7.336,Comp0074,DC0001,6,59257,88,4,12,1491,178
214952.73722681354,5.582,Comp0033,Web0002,6,40363,443,3,169,437,20725
214952.77235178842,0.07,Comp0066,Proxy0002,6,21831,3128,12,14,769,2309
214956.20137435012,0.588,Comp0008,DNS0002,17,59555,53,2,3,68,128
214958.6629666586,0.093,Comp0068,DNS0002,17,28404,53,2,3,96,291
214960.5206746372,7.043,Comp0022,Proxy0002,6,33167,3128,6,23,347,52484
214962.44645876225,0.368,Comp0027,Web0005,6,39693,443,17,147,694,6947
214967.1379329266,0.267,Comp0068,DNS0002,17,52190,53,2,3,51,102
214972.31914159298,6.207,Comp0048,Web0003,6,37088,80,5,85,196,12135
214973.37378448967,0.627,Comp0016,Web0001,6,43817,443,4,50,770,15332
214973.99856280867,23.362,Comp0052,Web0006,6,13204,443,17,19,249,44963
214979.02887818625,22.334,Comp0057,FS0003,6,57836,445,30,114,6971,6959
214991.49991247675,0.064,Comp0027,DNS0001,17,35621,53,4,2,126,84
214994.54901044836,0.68,Comp0047,DNS0002,17,19672,53,2,2,82,119
215003.96812372492,0.075,Comp0003,DNS0001,17,6768,53,3,3,36,133
215004.26604426003,0.208,Comp0039,DNS0002,17,63623,53,2,2,39,234
215012.8204800805,0.166,Comp0079,DNS0001,17,11503,53,3,2,60,40
215014.730364589,0.174,Comp0048,Proxy0001,6,39240,3128,2,34,1236,13482
215020.20830688125,23.756,Web0001,DB0004,6,34718,3306,9,279,386,16769
215023.53202112066,27.354,Comp0040,DC0001,6,3492,445,41,109,1766,1156
215025.2981693094,2.642,Comp0010,Web0002,6,8350,443,3,9,5709,3598
215032.2743854906,1.3,Comp0024,Web0005,6,9831,443,13,150,1982,3271
215032.3322949144,14.019,Comp0026,Web0003,6,6707,443,7,41,804,1838
215032.5448505175,0.122,DB0004,DNS0001,17,58267,53,2,2,50,249
215034.46473540805,3.507,Comp0031,DC0002,6,15376,88,3,7,91,174
215035.21242095233,8.782,Comp0009,Proxy0002,6,57926,3128,7,73,795,30410
215040.17554612842,2.493,Comp0067,Web0002,6,20763,80,11,80,1845,4211
215040.71392913282,2.021,Comp0075,Web0004,6,63025,443,15,29,415,11777
215043.40681836207,0.028,Comp0038,Proxy0002,6,9100,3128,6,120,1716,4800
215044.7784710389,0.724,Comp0033,Web0005,6,16564,443,5,73,407,2270
215059.42653715747,3.248,Comp0061,Proxy0001,6,28329,3128,8,26,2652,9575
215064.4988032796,7.82,Comp0076,DC0002,6,59746,389,7,5,158,426
215065.31410101865,2.386,Comp0062,Web0005,6,29684,443,3,55,876,9718
215073.31350181307,0.916,Comp0036,DC0002,6,39245,88,10,5,448,255
215075.3533208996,0.316,Comp0012,DC0002,6,8228,445,14,41,1800,20381
215077.18678110582,5.664,Comp0065,Mail0001,6,34666,587,12,18,254,714
215078.72708022967,5.169,Comp0019,Mail0001,6,23608,993,3,7,1183,242
215080.73899081282,2.866,Comp0056,Proxy0002,6,1972,3128,2,14,626,7855
215087.0581071211,19.832,Comp0043,DC0001,6,52354,445,6,86,5557,11203
215087.10701991717,15.884,Comp0044,FS0002,6,36338,445,84,24,3361,11930
215089.03947298243,0.12,Comp0077,Mail0001,6,64152,993,6,7,109,970
215098.84136821076,14.659,Comp0009,DC0002,6,57637,445,82,7,968,118041
215099.21160034675,4.123,Comp0049,Web0006,6,56286,443,3,35,2177,1679
215103.25790941343,0.736,Comp0016,Proxy0001,6,54543,3128,18,27,201,4179
215108.5408923246,0.452,Comp0058,Mail0002,6,34205,993,4,15,354,805
215108.6331210166,15.499,Comp0013,Web0006,6,11204,443,9,51,491,1299
215110.71568040593,5.808,Comp0035,Web0005,6,10716,443,7,36,104,4075
215115.84018261905,20.965,Comp0076,DC0001,6,23531,445,8,75,6050,12804
215119.9168948364,0.057,Comp0035,DNS0002,17,62915,53,2,3,37,242
215122.7037173889,8.577,Web0004,DB0003,6,45311,3306,10,29,5006,55417
215123.04225909058,3.489,Comp0048,Web0001,6,65095,443,10,74,802,22912
215124.30923365813,0.37,Comp0054,Web0004,6,24369,443,7,69,914,51173
215126.6151499031,46.821,Web0003,DB0002,6,20469,5432,22,70,3587,64046
215128.50233256037,7.349,Comp0051,Mail0002,6,65478,993,3,5,962,468
215131.05585327896,6.267,Comp0020,FS0001,6,36063,445,50,61,729,6350
215135.48201035877,2.164,Proxy0002,Ext0018,6,11748,80,11,91,560,9531
215137.7651066269,2.68,Comp0061,Web0004,6,40646,80,16,97,1269,3191
215142.58206781684,0.304,Comp0063,DNS0002,17,8796,53,2,2,52,161
215145.21794341775,0.104,Comp0012,DC0001,6,27348,389,4,8,457,849
215151.24672220222,2.165,Comp0003,Proxy0001,6,49113,3128,14,80,1248,5029
215152.15336686678,7.201,Comp0004,Web0006,6,8597,80,20,17,315,5631
215154.03572902264,0.355,Comp0017,Web0005,6,27038,443,8,11,325,2082
215154.8929914612,2.793,Comp0065,Web0005,6,36003,80,33,30,909,3291
215156.0022282377,0.101,Comp0054,DNS0001,17,3324,53,4,2,53,110
215156.90082615073,1.014,Comp0036,Web0004,6,51153,443,28,16,600,7425
215166.33279657701,1.019,Comp0061,Proxy0001,6,8465,3128,4,26,1011,8886
215172.72693166096,1.467,Comp0037,Web0004,6,32898,80,11,98,830,7095
215189.2231468135,5.468,Comp0072,DC0002,6,38142,88,6,6,1314,1058
215192.72068405975,3.11,Comp0023,Mail0002,6,22547,993,5,8,1691,166
215194.86260159127,0.026,Comp0051,DNS0001,17,8810,53,3,2,42,105
215200.57825798853,10.686,Comp0020,Web0004,6,38100,443,18,147,126,11785
215200.6459205341,5.327,Comp0008,Proxy0001,6,61252,3128,8,28,342,19900
215203.27215817166,2.974,Comp0030,Proxy0001,6,14801,3128,11,69,197,8116
215215.85253582578,0.28,Comp0006,Comp0065,6,37585,3389,12,23,681,46
215216.1324891222,2.371,Mail0002,Ext0002,6,56226,25,4,8,500,683
215217.94263192418,0.405,Comp0058,DNS0002,17,38724,53,3,3,43,474
215219.6420592721,0.27,Comp0065,DNS0002,17,57577,53,2,3,126,112
215228.62809597907,1.586,Comp0048,FS0002,6,38243,445,60,27,1067,20076
215230.85389426386,5.969,Comp0077,DC0002,6,43548,445,9,189,3036,10771
215243.20010067965,2.649,Web0005,DB0004,6,20530,3306,18,83,4221,9896
215247.2565619923,1.619,Comp0080,Mail0001,6,5986,993,5,4,1777,779
215261.3526280729,4.875,Comp0005,Mail0001,6,24514,587,6,7,582,395
215272.5997978893,3.539,Comp0026,Proxy0001,6,60547,3128,6,42,480,55448
215275.13167407445,0.068,Comp0003,DNS0002,17,36093,53,3,2,61,168
215278.5508057058,1.679,Comp0026,Proxy0002,6,12524,3128,10,102,686,31721
215284.2240773891,0.859,Comp0026,Web0003,6,53911,443,7,31,788,1014
215285.04809508348,1.419,Comp0056,DC0001,6,61202,445,10,78,2875,23987
215286.05210272974,2.023,Comp0006,Mail0002,6,30615,993,3,2,158,689
215294.29199516817,0.132,Comp0030,DNS0001,17,34262,53,2,3,109,126
215306.25302115415,9.125,Comp0044,Web0004,6,63416,80,4,41,511,2428
215308.50289591707,1.625,Comp0051,Mail0001,6,16256,993,9,10,2245,258
215314.88515019589,3.009,Comp0015,Mail0001,6,44134,993,8,3,194,660
215315.88081254368,2.822,Comp0010,DC0001,6,46422,445,23,149,3772,2044
215321.29918571495,6.274,Comp0068,Proxy0001,6,37859,3128,8,83,600,5936
215321.4280095209,0.225,Comp0054,DNS0002,17,9466,53,2,3,67,196
215326.6053233284,0.168,Comp0065,DNS0001,17,16095,53,3,3,80,227
215328.07686375774,9.704,Web0005,DB0004,6,36350,3306,31,62,2722,9118
215333.22795973532,0.082,Comp0078,DNS0002,17,23181,53,3,2,102,108
215335.19848719385,4.128,Mail0001,Ext0019,6,55547,25,7,18,379,1636
215335.55401578307,2.395,Comp0077,Proxy0002,6,47175,3128,5,16,649,373
215352.1950114445,0.132,Comp0023,DNS0002,17,40356,53,3,3,41,248
215363.09441161546,0.077,Comp0037,Mail0002,6,17137,587,7,12,931,1497
215367.72693858697,11.849,Comp0015,DC0002,6,52820,445,45,48,629,1547
215369.7196572707,0.434,Comp0069,Web0005,6,46730,80,9,48,730,1086
215376.0019283403,3.27,Comp0064,Web0005,6,41914,443,6,21,3048,27395
215380.07988675774,2.706,Comp0036,FS0003,6,25878,445,13,86,6683,10028
215381.46640012262,1.184,Comp0068,Mail0001,6,18541,993,4,5,282,445
215384.58918405382,4.392,Comp0054,Web0002,6,54391,443,7,36,912,57087
215387.41749305994,0.003,Comp0074,DNS0001,17,9425,53,2,2,51,50
215392.04664020467,1.685,Comp0004,Web0005,6,27788,443,5,9,173,2688
215393.47197226086,2.543,Comp0059,Proxy0002,6,46346,3128,4,40,951,4740
215393.62297914393,0.01,Comp0077,DNS0002,17,53377,53,3,3,54,180
215395.47610767945,3.977,Comp0055,Web0001,6,34520,443,6,36,1924,6228
215403.21885696249,8.712,Comp0015,Web0004,6,24950,443,6,46,951,1606
215403.84698060533,0.017,Comp0007,DNS0001,17,4800,53,3,2,46,121
215421.46438770922,1.275,Comp0051,Web0005,6,55462,443,19,37,1675,2686
215422.4152811477,2.769,Comp0013,Web0006,6,43436,80,13,29,983,5914
215435.5124002115,0.038,Comp0051,DNS0001,17,45616,53,2,2,66,318
215436.33894527217,0.493,Comp0076,DNS0002,17,7597,53,3,2,90,83
215438.112330571,0.086,Comp0079,DNS0001,17,26487,53,3,2,113,231
215445.39910690888,7.41,Comp0047,Web0002,6,13053,443,6,13,196,18218
215448.47682179493,1.258,Comp0002,Web0004,6,63364,443,4,15,532,16858
215448.4957940752,2.854,Comp0052,DC0002,6,6945,88,5,3,382,5475
215452.11822275887,2.151,Comp0074,DC0001,6,26276,88,3,12,1008,521
215457.98241636943,2.967,Comp0033,Mail0002,6,3225,993,9,68,321,421
215458.3113676309,0.147,Comp0037,DNS0001,17,7133,53,2,2,86,128
215458.35297957982,11.931,Comp0038,FS0001,6,60916,445,25,35,1226,6355
215461.29843325383,2.082,Comp0003,Proxy0002,6,25047,3128,5,33,816,8084
215463.70962959906,0.481,Comp0061,DNS0002,17,21278,53,2,3,55,162
215465.8494487721,0.26,Comp0046,Proxy0002,6,41687,3128,10,37,1548,709
215465.98083985428,2.583,Comp0078,Mail0002,6,1160,993,8,13,953,724
215467.6970804186,2.444,Comp0059,Proxy0001,6,29774,3128,12,9,707,18923
215468.95515692607,0.213,Comp0007,DNS0001,17,64327,53,4,3,47,72
215474.4554420149,5.261,Comp0027,Proxy0001,6,42644,3128,8,36,738,7502
215477.37576004042,0.016,Comp0057,DNS0002,17,35716,53,2,3,83,162
215477.84287633176,2.798,Comp0079,Web0001,6,56393,443,5,46,731,3613
215481.43121114234,7.112,Comp0020,DC0001,6,42024,389,5,11,1571,438
215481.91165053155,6.437,Comp0077,Mail0001,6,37712,587,9,6,173,897
215484.9818958169,1.407,Comp0057,Web0003,6,10137,443,6,25,1015,4426
215485.22836197502,0.397,Comp0079,DNS0001,17,49332,53,2,3,86,68
215485.32595330384,0.178,Comp0006,Web0002,6,10583,443,6,26,677,13760
215486.95985626726,5.323,Comp0014,Proxy0002,6,57591,3128,10,26,652,2107
215490.42723359508,3.556,Comp0004,FS0001,6,21311,445,31,66,1849,299015
215490.7122544851,2.926,Comp0020,Proxy0001,6,22933,3128,4,89,729,8059
215493.6623935193,2.436,Comp0073,Web0004,6,57853,443,3,13,339,2043
215500.19752774521,2.996,Comp0006,Comp0054,6,10826,22,3,5,205,35
215503.57401131094,2.009,Comp0018,DC0002,6,45381,389,3,4,3738,529
215505.94530877468,8.197,Comp0073,Web0001,6,10596,443,9,40,1135,1362
215511.27568007677,0.524,Comp0015,Web0002,6,36395,80,5,79,2210,5893
215517.32480311987,0.271,Comp0018,DNS0001,17,49185,53,2,3,75,215
215521.18327987945,0.798,Comp0074,DNS0001,17,24145,53,2,4,44,424
215522.82626399782,0.071,Comp0056,DNS0001,17,23688,53,2,2,113,85
215528.6922887141,3.392,Comp0033,DC0002,6,24796,445,6,193,12051,11206
215534.6385760598,3.669,Web0004,DB0002,6,45324,3306,12,123,5311,4977
215535.80563925867,3.295,Comp0022,Web0006,6,48263,443,11,16,521,1222
215540.6533366344,8.498,Comp0047,DC0002,6,44867,445,9,75,1081,43906
215544.1189024914,1.249,Comp0004,Proxy0002,6,11926,3128,10,13,343,350
215546.40897521676,2.264,Comp0071,DC0001,6,19782,389,7,18,186,842
215546.85706406197,26.962,Comp0066,FS0002,6,9398,445,34,31,1790,27427
215551.0301594428,7.669,Comp0054,Web0002,6,24029,443,9,146,228,12210
215555.2111406627,3.207,Comp0064,Web0001,6,39154,443,7,31,656,6807
215561.11833341394,11.266,Web0001,DB0004,6,36235,3306,4,101,616,3055
215561.23325045238,0.393,Comp0021,DNS0002,17,20267,53,3,2,69,312
215561.92609510425,3.065,Comp0037,Web0002,6,34515,443,2,21,479,3141
215566.75339695162,0.473,Comp0068,Proxy0002,6,41150,3128,6,58,1413,26340
215570.54015837013,50.323,Web0003,DB0001,6,14038,3306,77,69,2474,2420
215573.66660418495,1.486,Comp0044,Web0003,6,15190,443,4,158,701,100232
215573.76501111075,1.631,Comp0052,Web0002,6,52560,80,2,34,4846,21857
215575.68442511585,5.929,Comp0067,DC0002,6,37121,389,3,25,2014,551
215582.58937358184,1.918,Comp0069,Mail0001,6,62617,993,4,7,191,347
215588.4069297365,2.322,Comp0016,Proxy0001,6,37017,3128,8,37,320,593
215593.0015865944,0.056,Comp0003,Proxy0002,6,20947,3128,10,31,1019,8924
215593.43053754413,0.053,Comp0071,DNS0002,17,6742,53,2,2,95,286
215602.45640128848,3.425,Comp0012,Mail0002,6,15401,587,3,5,588,1227
215604.2911538183,5.493,Comp0003,Web0006,6,61804,443,12,23,329,8587
215614.8919823568,0.479,Comp0078,DNS0002,17,57783,53,3,3,82,326
215619.02121237773,2.622,Comp0019,FS0002,6,42495,445,14,97,1225,3356
215623.04508105604,8.413,Comp0042,Proxy0002,6,31977,3128,4,41,1117,1648
215626.08468426624,3.065,Comp0003,DC0001,6,25122,88,8,14,229,706
215627.04352863695,0.284,Comp0011,DNS0001,17,59775,53,3,2,61,187
215641.9614443772,0.006,Comp0057,DNS0001,17,15978,53,3,3,118,98
215642.01396813343,3.335,Comp0023,Mail0001,6,19345,587,3,5,328,436
215642.85053913912,3.462,Comp0079,FS0003,6,18623,445,22,149,4742,24860
215651.13279523628,10.18,Comp0038,Web0003,6,62872,443,7,72,590,60439
215658.37347171977,0.022,Comp0036,DNS0001,17,61942,53,2,2,76,272
215664.24242432328,0.33,Comp0035,Web0001,6,36930,443,8,84,735,101768
215667.9694994924,3.265,Comp0068,Proxy0002,6,46474,3128,22,257,395,2152
215671.71640649354,0.207,Comp0019,Web0005,6,30431,443,10,28,1901,23243
215672.15271074494,2.996,Comp0006,DC0002,6,57626,88,6,6,355,1475
215681.83416648526,5.839,Comp0061,Mail0001,6,22265,993,6,15,258,1165
215685.57366055113,0.217,Comp0008,DNS0001,17,5400,53,2,2,67,149
215691.21341610703,2.297,Comp0039,FS0001,6,53391,445,5,28,1948,5866
215691.98183556664,0.027,Comp0053,DNS0002,17,41277,53,2,2,60,90
215696.7804567393,2.823,Comp0064,DC0001,6,35006,389,4,3,336,1306
215699.99650100217,0.695,Comp0037,DNS0002,17,38420,53,2,2,51,195
215701.5187950173,17.264,Comp0061,Proxy0002,6,48798,3128,4,58,528,2518
215702.15112399557,0.117,Comp0003,DNS0002,17,20909,53,2,4,63,154
215706.78470483187,0.185,Comp0052,DNS0001,17,61044,53,2,2,44,49
215709.36854475137,2.478,Comp0059,Mail0002,6,1498,587,4,2,1737,326
215710.13609864004,4.589,Comp0026,DC0002,6,8320,88,3,7,1961,533
215710.88449905903,3.797,Comp0011,Web0006,6,26329,80,2,77,823,1001
215716.39734043047,3.507,Comp0015,Web0003,6,42347,443,13,54,759,8640
215721.3759962832,0.072,Comp0003,DNS0001,17,34837,53,2,2,143,59
215722.3124250071,1.8,Comp0020,Web0001,6,44148,80,8,20,270,27439
215725.77363485238,1.636,Comp0069,Web0004,6,3022,443,17,44,419,30405
215726.30981916215,0.063,Comp0012,DNS0002,17,39588,53,3,3,44,115
215727.90043776235,4.012,Comp0072,Web0006,6,26057,80,7,70,262,16367
215729.9860589957,0.367,Comp0013,DNS0001,17,18518,53,2,2,73,181
215749.97721052438,0.326,Comp0008,DC0001,6,24540,389,6,6,259,304
215751.4565732261,7.338,Comp0024,Web0006,6,10604,443,15,24,2689,2009
215753.3730992079,10.612,Comp0044,DC0002,6,46177,445,14,101,1128,2106
215755.0752452,9.557,Comp0009,Proxy0002,6,14166,3128,16,24,800,21850
215755.64609946942,0.086,Comp0022,DNS0002,17,36154,53,3,4,40,247
215762.41294113637,0.291,Comp0071,Web0002,6,56781,443,4,62,761,3414
215765.50804610585,0.006,Comp0007,DNS0001,17,39605,53,2,2,66,75
215770.8897093024,4.263,Comp0001,Mail0001,6,28198,993,4,10,502,667
215770.96913790435,11.024,Comp0004,Web0004,6,43205,443,6,130,786,7791
215775.68229745925,1.623,Comp0048,DC0001,6,42255,88,2,8,1048,354
215787.81573711068,3.494,Comp0069,Web0001,6,37859,80,20,63,177,739
215788.06485569524,0.764,Comp0019,DC0002,6,26948,88,4,11,2957,205
215800.3447840701,5.594,Comp0080,Proxy0001,6,14108,3128,5,40,691,5231
215801.40844526354,0.339,Comp0022,DNS0002,17,19688,53,2,3,83,118
215802.4649871799,7.698,Comp0038,Web0005,6,14448,443,18,38,1817,7561
215803.3191907968,0.011,Comp0052,DNS0002,17,7757,53,2,2,39,62
215807.7776069411,1.135,Comp0069,Mail0001,6,30896,993,5,6,669,1201
215814.0435532706,14.074,Comp0047,Web0005,6,49363,443,19,18,1894,18976
215819.74959332956,20.039,Comp0071,DC0002,6,30137,445,31,131,2593,13888
215820.80067951925,3.36,Comp0063,Proxy0001,6,49101,3128,7,34,135,3986
215820.86216756018,5.553,Comp0037,Web0003,6,33731,443,11,52,258,5487
215822.8818338762,4.932,Comp0056,Mail0002,6,37502,993,6,9,344,679
215823.95000528233,9.371,Comp0054,FS0002,6,58542,445,7,102,1056,25640
215834.59568654175,0.133,Comp0003,DNS0001,17,37273,53,2,3,105,231
215836.53457182285,0.227,Comp0040,DNS0001,17,51623,53,2,3,91,126
215836.5515422959,0.379,Comp0046,DNS0002,17,38360,53,2,2,112,88
215842.31748362863,0.867,Comp0036,Mail0002,6,56744,587,3,8,349,3472
215842.6776141839,0.711,Comp0071,Web0005,6,64684,443,37,34,1253,7830
215845.02177265292,7.113,Comp0037,Web0003,6,21855,443,5,72,447,5144
215852.62790299003,1.043,Comp0058,DC0002,6,29134,445,22,65,748,16881
215854.03269595653,6.889,Comp0011,Web0003,6,51307,443,11,20,1434,5863
215854.31636588706,8.631,Comp0006,Web0002,6,23990,443,11,31,8068,20608
215861.72393754788,0.208,Comp0050,DNS0002,17,9092,53,2,3,45,114
215863.46228248646,0.254,Comp0029,DNS0001,17,25866,53,2,2,34,194
215866.0715373017,14.23,Comp0071,FS0003,6,13310,445,61,47,1396,24205
215880.05234253174,0.118,Comp0001,DNS0001,17,17223,53,2,2,32,93
215880.10923921663,14.423,Comp0036,FS0003,6,42392,445,78,239,2825,47770
215880.8680822826,0.068,Comp0031,DNS0002,17,39712,53,2,2,60,176
215883.95727061952,0.772,Comp0066,DC0002,6,19169,88,4,3,121,967
215890.99476503613,1.96,Comp0011,DB0004,6,20876,3389,4,9,2944,724
215895.04161507468,1.432,Comp0006,Proxy0002,6,20009,3128,25,56,289,2273
215895.9988953409,0.105,Comp0033,DNS0001,17,36536,53,2,2,91,153
215901.7770543915,2.567,Comp0006,Proxy0002,6,49561,3128,22,32,807,2823
215905.19650668476,34.565,Comp0043,FS0003,6,42893,445,29,213,6100,17176
215908.9945706206,3.839,Comp0014,Web0005,6,4772,80,10,20,116,1249
215909.63741454997,0.132,Comp0011,DNS0002,17,47491,53,3,3,51,37
215918.76692095207,1.89,Comp0018,Web0003,6,43855,443,7,50,932,27489
215921.95509656204,12.155,Comp0056,FS0001,6,63980,445,18,186,1135,29819
215926.6973161347,7.426,Comp0042,Web0003,6,4471,80,20,140,437,1699
215929.19570737018,2.855,Comp0073,Web0002,6,40991,443,11,56,154,19247
215929.96303073346,1.882,Comp0044,Web0001,6,19611,443,12,191,438,13839
215933.068152729,23.096,Comp0074,FS0002,6,12604,445,18,215,911,37717
215933.73989798804,0.429,Comp0010,Web0004,6,20131,443,5,48,205,1709
215935.37588764948,6.586,Comp0078,Web0006,6,36743,80,25,13,966,5485
215937.71507031156,0.117,Comp0056,Web0003,6,52996,443,12,83,232,14386
215941.5816997845,4.809,Web0003,DB0002,6,23188,3306,27,26,1845,2965
215942.14969699635,9.43,Comp0007,DC0001,6,33319,389,6,8,488,211
215946.59764340328,1.414,Comp0005,DC0001,6,51681,88,12,7,467,259
215954.34425099054,7.909,Comp0034,Proxy0001,6,9775,3128,8,57,207,7404
215957.17195773986,0.361,Comp0079,DNS0001,17,2123,53,3,3,46,149
215960.10901078797,5.635,Comp0001,Web0002,6,33534,443,12,31,344,32814
215962.96699699597,7.213,Comp0033,FS0003,6,38874,445,79,38,1633,30113
215965.2892558341,1.253,Comp0012,Mail0002,6,47312,587,3,3,857,618
215965.4635652474,3.658,Comp0072,Proxy0001,6,48759,3128,3,37,930,53807
215967.03542083726,0.425,Comp0071,Proxy0002,6,5277,3128,8,80,508,954
215971.51224642422,0.695,Comp0045,DC0002,6,65060,88,4,5,525,162
215979.31049489276,9.891,Comp0053,Web0001,6,9218,443,4,23,131,3048
215987.51498476526,11.191,Comp0035,FS0001,6,26920,445,85,61,2286,1298
215988.44472171733,3.586,Comp0028,Proxy0001,6,6417,3128,5,36,1085,5667
215992.41376605193,10.51,Comp0046,FS0002,6,40136,445,22,34,2512,9273
215998.88402897512,2.354,Comp0011,DC0002,6,36931,88,5,16,798,984
216014.82236599913,1.277,Comp0070,DNS0001,17,32906,53,2,2,53,100
216020.91052307846,12.738,Comp0015,Web0005,6,2418,443,25,27,672,7730
216025.03568957394,0.099,Comp0027,DNS0002,17,56869,53,2,3,105,39
216025.71714875253,25.364,Comp0022,Web0004,6,18769,443,28,4,317,34373
216028.3961181544,0.241,Comp0006,Comp0026,6,5649,135,5,7,236,17
216035.70218121383,0.104,Comp0038,DNS0001,17,14425,53,3,3,45,319
216039.6330661538,0.259,Comp0022,DNS0002,17,50321,53,3,3,64,173
216044.7475318305,14.499,Comp0015,Web0004,6,16406,443,24,55,103,8068
216047.36498901233,3.586,Comp0032,DC0001,6,11324,389,5,3,456,366
216049.77877163893,3.478,Comp0063,DC0002,6,48285,389,6,13,438,1759
216050.18383258738,0.77,Comp0013,Web0001,6,14033,443,31,48,1373,36514
216064.68697482778,5.45,Comp0023,Web0003,6,7413,443,5,96,1167,5501
216066.81278034954,0.075,Comp0039,Web0005,6,63438,443,11,30,567,26936
216068.80040536428,3.525,Comp0021,DC0001,6,23548,389,11,6,162,337
216077.628629927,0.071,Comp0057,DNS0002,17,8957,53,2,4,100,153
216078.29203856245,1.286,Comp0059,Web0001,6,16014,80,6,31,2780,3183
216080.9478431407,0.216,Comp0012,DNS0001,17,64690,53,2,3,58,93
216084.06627863084,0.002,Comp0080,DNS0002,17,64309,53,2,2,71,100
216085.09508841735,7.277,Comp0007,Web0001,6,53156,443,9,40,1643,18707
216086.6156068349,4.143,Comp0037,Mail0002,6,54225,587,8,73,1786,3276
216091.9317178517,3.736,Comp0046,Mail0001,6,22286,993,3,8,1022,1169
216097.75768815895,3.046,Comp0038,DC0002,6,52420,88,3,9,257,65
216100.60970510583,11.17,Comp0069,Web0001,6,30694,443,16,89,859,10611
216102.45258338941,0.022,Comp0028,DNS0002,17,39099,53,2,2,109,168
216105.5892563412,2.867,Comp0031,Web0004,6,24758,443,17,23,467,65567
216106.46330220913,3.644,Comp0079,Proxy0002,6,15236,3128,13,19,3499,5363
216119.94186056004,0.003,Comp0066,DNS0002,17,13375,53,2,2,57,118
216122.5804996255,0.764,Comp0067,Web0006,6,42322,443,5,13,672,13374
216125.53311684742,11.312,Comp0057,Web0001,6,20107,443,8,100,460,16237
216129.87337918906,5.558,Comp0024,Web0002,6,39512,443,6,65,456,26374
216136.24400330352,51.683,Comp0066,FS0001,6,61694,445,27,71,9283,5726
216141.66852545488,4.298,Comp0070,Proxy0001,6,31024,3128,26,16,197,4641
216154.57873054766,0.349,Comp0021,DNS0001,17,34220,53,3,3,128,240
216157.05551830772,0.126,Comp0021,DNS0001,17,56250,53,3,2,97,233
216157.78576409933,0.662,Comp0041,Web0001,6,62496,443,13,43,743,24860
216164.42602078448,0.537,Comp0032,FS0001,6,47132,445,60,30,396,4892
216165.7390898367,5.494,Comp0063,Web0005,6,1049,80,5,62,453,7238
216167.61096241645,0.853,Comp0051,DNS0001,17,8248,53,2,3,74,133
216169.03850259166,1.813,Comp0079,Proxy0001,6,1724,3128,32,8,4403,938
216172.09159507416,0.212,Comp0025,Web0002,6,48855,80,7,27,966,5677
216172.59803447,0.029,Comp0007,DNS0001,17,36808,53,3,2,71,114
216174.9617869666,1.811,Comp0064,Web0006,6,3307,443,4,8,340,9125
216184.53214284475,0.22,Comp0007,DNS0002,17,62634,53,3,2,50,156
216189.2823380577,5.748,Comp0011,DC0001,6,31362,88,7,6,1115,1092
216192.6181622081,8.863,Comp0051,DC0002,6,45882,88,3,10,299,746
216206.6965507235,4.142,Comp0015,Mail0002,6,53253,587,5,13,474,1445
216208.67442080265,0.099,Comp0054,DNS0001,17,22154,53,2,3,48,137
216210.38276216318,0.435,Comp0023,DNS0001,17,11149,53,3,3,79,177
216210.78683683107,18.131,Comp0027,FS0003,6,37641,445,12,38,1305,21559
216212.733346759,17.189,Comp0078,DC0001,6,2503,445,15,132,1229,2340
216222.7480463724,0.478,Comp0047,Web0005,6,48393,443,8,23,970,7715
216227.33047960023,0.119,Comp0080,DNS0002,17,15601,53,2,3,111,180
216240.14971894136,0.335,Comp0061,FS0002,6,20814,445,21,427,2701,34258
216241.36786055285,2.712,Comp0058,Proxy0002,6,25890,3128,14,13,283,582
216243.3836065611,6.056,Comp0012,FS0001,6,20404,445,7,138,2397,19212
216250.88938509516,0.14,Comp0063,DNS0002,17,36603,53,3,2,37,155
216254.26004224338,0.149,Comp0063,DNS0002,17,32526,53,2,2,83,214
216254.72944855277,13.342,Comp0014,Web0001,6,18790,443,9,39,603,31074
216258.27765059273,0.372,Comp0076,Web0005,6,10450,443,36,52,162,6834
216261.7112752802,0.161,Comp0038,DNS0002,17,23294,53,3,3,52,74
216262.2413517297,0.196,Comp0001,Web0006,6,14864,443,12,15,143,2540
216264.23537463904,0.059,Comp0080,DNS0001,17,9710,53,3,3,67,107
216265.4537313523,0.043,Comp0050,DNS0001,17,14790,53,2,3,47,104
216266.33165759416,0.379,Comp0066,DNS0002,17,64312,53,4,2,119,169
216270.1994457394,0.686,Comp0004,DC0001,6,33799,389,7,2,1632,949
216271.22031235616,0.108,Comp0015,DNS0001,17,60152,53,3,3,108,129
216272.92568501714,5.397,Comp0047,DC0001,6,26111,389,3,9,309,1694
216273.0453646356,4.021,Comp0064,DC0001,6,10343,445,32,17,3269,28642
216280.77543936818,2.204,Comp0006,Web0003,6,12466,80,4,23,645,8676
216292.38989738806,0.33,Comp0033,DNS0002,17,32552,53,2,3,125,107
216293.957712451,4.661,Comp0044,Mail0002,6,38307,587,4,12,275,2468
216298.1619010517,0.045,Comp0009,DNS0002,17,64642,53,3,2,76,562
216298.86804661478,0.281,Comp0010,DNS0001,17,63089,53,2,2,96,119
216302.86713477937,0.022,Comp0061,DNS0001,17,17386,53,3,2,176,216
216307.2528214716,7.248,Comp0078,Proxy0002,6,34892,3128,28,38,2255,2446
216307.80218704225,5.933,Comp0021,FS0003,6,26643,445,23,23,1733,3579
216326.60546753622,9.768,Comp0031,Web0003,6,54882,443,17,74,791,11406
216326.69403482304,0.176,Comp0074,DNS0002,17,40969,53,2,3,93,121
216336.61310595923,13.573,Comp0063,DC0002,6,16023,88,3,7,309,1800
216337.08218800664,1.846,Web0004,DB0003,6,30435,3306,22,91,3133,123009
216339.10370260527,27.017,Web0005,DB0003,6,21490,5432,5,41,755,3935
216342.95367223897,2.622,Comp0060,Web0003,6,56965,443,5,17,2061,8598
216344.23242211813,1.638,Comp0049,Web0006,6,63993,443,6,27,460,6376
216345.2798303679,28.751,Comp0039,FS0001,6,16309,445,51,126,2471,338727
216346.4111505119,3.252,Comp0001,FS0002,6,24129,445,49,44,5534,51345
216347.44723903696,0.458,Comp0066,DC0001,6,64830,88,6,65,431,634
216352.17271015383,5.429,Comp0062,Comp0011,6,63581,3389,8,7,710,564
216353.971231731,0.097,Comp0037,DNS0001,17,16607,53,4,3,76,106
216357.10330615746,0.151,Comp0016,Web0006,6,52502,443,6,30,506,15689
216357.26594357612,0.054,Comp0048,DNS0002,17,49904,53,2,3,51,129
216357.73407545945,59.396,Comp0047,FS0001,6,29259,445,14,73,6081,69842
216369.53687959092,0.089,Comp0045,DNS0002,17,31414,53,3,2,57,127
216373.75541008826,1.332,Comp0028,Mail0001,6,35182,993,6,8,128,3646
216374.01687880052,6.471,Comp0016,Web0006,6,38486,443,4,43,1724,3013
216377.90216670115,4.096,Comp0078,Mail0002,6,61075,993,4,14,421,849
216379.69607949466,1.144,Comp0001,DC0001,6,18997,389,18,10,63,1453
216385.12794495607,3.916,Comp0014,Web0001,6,55563,443,12,12,288,8804
216387.12621988577,7.996,Proxy0002,Ext0017,6,10372,443,6,158,716,4060
216390.82617296925,5.9,Comp0023,Proxy0002,6,8916,3128,7,55,729,7476
216393.08607253176,0.041,Comp0046,DNS0002,17,46809,53,2,2,61,426
216394.33341597472,22.851,Comp0015,Web0005,6,16907,443,9,27,1970,5125
216395.60714789017,0.995,Comp0028,Web0001,6,47568,443,5,90,243,2907
216397.5181119686,0.149,Comp0025,DNS0002,17,7927,53,2,3,53,180
216405.33925328313,6.557,Comp0073,Web0001,6,49525,80,8,29,1828,10419
216405.89530250148,0.203,Comp0031,DNS0002,17,7582,53,2,5,70,55
216406.6516389226,9.175,Proxy0001,Ext0039,6,5749,443,7,63,383,1241
216411.85465288462,12.382,Comp0019,Web0002,6,20298,443,4,15,1604,4318
216417.3869529204,3.425,Comp0015,Web0004,6,33373,443,20,36,330,6389
216418.91588049234,0.045,Web0003,DB0003,6,13427,3306,11,32,3935,5066
216429.26564089427,0.383,Mail0001,Ext0034,6,16344,25,8,11,1560,398
216444.48037710943,7.309,Comp0006,DC0002,6,15265,445,5,263,2398,7878
216448.07107806538,14.475,Comp0049,DC0002,6,1185,445,81,49,2998,7291
216453.14044232882,0.588,Comp0030,Web0005,6,63967,443,10,21,262,2513
216463.30791833802,0.06,Comp0018,DC0001,6,55301,88,5,9,758,1909
216476.70464067644,26.291,Comp0064,FS0003,6,56258,445,10,15,4302,2330
216482.10686167388,5.165,Comp0060,DC0002,6,14654,445,47,107,1372,33180
216484.41480672944,0.077,Comp0045,DNS0002,17,19697,53,2,3,34,123
216485.27464396422,0.026,Comp0071,DNS0001,17,40735,53,2,3,66,117
216491.7783886011,5.798,Comp0055,FS0003,6,35538,445,20,54,3437,48795
216498.134875834,2.972,Comp0008,DC0002,6,12967,389,5,4,817,1495
216498.14618888692,0.061,Comp0077,DNS0001,17,27805,53,2,2,154,211
216498.2061140938,18.839,Comp0014,FS0003,6,39584,445,209,101,1029,15266
216498.4836469059,0.012,Comp0059,DNS0002,17,3438,53,2,2,92,236
216499.28175160335,1.358,Comp0005,DNS0001,17,43265,53,2,2,108,86
216501.2833784251,1.338,Comp0031,Proxy0002,6,5892,3128,12,274,363,1546
216503.33756196452,0.553,Comp0054,DNS0001,17,53004,53,2,2,69,163
216507.5575631877,0.207,Comp0051,DNS0001,17,26470,53,3,2,43,91
216508.3415960616,0.309,Comp0055,Mail0001,6,44283,993,8,4,313,347
216511.25219304458,9.496,Comp0006,DC0002,6,19930,88,12,19,180,1159
216514.1944239091,7.757,Comp0058,Web0003,6,31993,80,9,33,536,17596
216517.5780726803,5.591,Comp0039,FS0001,6,12516,445,20,118,1134,160937
216518.93298764274,3.082,Comp0034,Web0006,6,28260,443,6,207,365,999
216520.94848930356,0.427,Comp0061,DNS0001,17,26905,53,3,3,129,147
216532.271378065,7.425,Comp0050,Web0004,6,19196,443,5,41,583,10876
216532.3710748495,0.312,Comp0075,DNS0001,17,26271,53,2,3,104,211
216532.56906747457,7.91,Comp0042,Web0004,6,53609,443,8,61,998,1809
216537.13502772737,22.772,Comp0036,FS0002,6,49230,445,23,32,1133,24463
216539.05099829438,0.787,Comp0055,FS0001,6,15231,445,28,70,1024,12136
216543.19227685116,0.022,Comp0015,DNS0002,17,52851,53,3,2,59,119
216546.83454426774,0.3,Comp0056,DNS0002,17,32554,53,2,3,71,87
216552.1264610083,0.293,Comp0003,DNS0002,17,17211,53,3,2,102,169
216553.91106495733,0.568,Comp0029,Proxy0002,6,8656,3128,3,152,497,3003
216565.04435231947,5.499,Comp0010,DC0002,6,20018,389,3,21,388,458
216574.41887442724,1.183,Comp0066,Web0005,6,15695,443,6,18,384,7105
216574.6307053491,0.025,Comp0043,DNS0001,17,45377,53,2,2,42,113
216577.11041977053,0.545,Comp0048,Web0005,6,36501,443,6,42,845,3766
216579.54216318467,1.983,Comp0021,Mail0001,6,63881,993,10,9,113,1587
216583.3686570924,0.82,Comp0040,Proxy0002,6,60553,3128,4,22,527,16853
216583.75926310243,0.042,Comp0018,DNS0002,17,41287,53,2,2,85,139
216584.4266302838,1.945,Comp0021,Web0005,6,18325,443,5,13,2085,12387
216585.64044540038,9.908,Comp0018,Web0006,6,49475,443,10,77,195,15538
216591.0740221397,0.05,Comp0027,DC0001,6,41821,88,8,4,1328,267
216597.12874349617,0.065,Comp0015,DNS0001,17,55953,53,2,3,70,113
216597.1840321918,4.072,Comp0014,Web0005,6,17335,443,11,14,406,3921
216602.07593439677,11.042,Comp0028,FS0003,6,15316,445,50,129,1284,8508
216602.64058325026,0.241,Comp0077,DNS0001,17,27076,53,3,3,107,91
216611.20062368741,0.038,Comp0067,DNS0001,17,15394,53,2,3,60,227
216611.61689302456,7.978,Comp0010,Web0002,6,42194,443,5,15,309,27891
216611.85175534547,0.231,Comp0001,DNS0001,17,16089,53,2,3,94,395
216617.96650859297,0.013,Comp0072,DNS0001,17,27855,53,2,2,53,151
216625.14721988086,0.44,Comp0054,DNS0001,17,33107,53,2,2,49,113
216627.32355819448,1.373,Comp0044,Proxy0002,6,49790,3128,12,11,1086,4041
216636.2492471235,4.894,Comp0078,Web0002,6,21050,443,9,11,759,21790
216638.98972062144,0.255,Comp0028,DNS0002,17,65220,53,3,2,40,134
216645.80554331836,9.686,Comp0013,Proxy0001,6,16118,3128,21,16,295,79906
216651.30096878516,0.301,Comp0070,DNS0002,17,43823,53,3,3,187,99
216656.78089270293,0.005,Comp0024,DNS0001,17,38626,53,3,3,56,160
216663.9294667789,0.18,Comp0080,DNS0001,17,26158,53,2,2,30,116
216666.5462611283,0.016,Comp0020,DNS0002,17,26031,53,2,3,95,181
216666.84606889976,3.798,Comp0008,Web0006,6,51610,443,12,22,436,21075
216671.6400349558,0.115,Comp0068,DNS0001,17,50692,53,2,3,115,177
216674.92280274688,0.562,Comp0040,Mail0002,6,52496,993,7,12,68,1602
216675.29670492376,0.317,Comp0037,DNS0001,17,14056,53,2,2,55,69
216676.48386242127,0.196,Comp0071,DNS0002,17,39803,53,2,3,52,137
216676.7322403231,0.122,Comp0055,DNS0002,17,65082,53,2,2,66,403
216681.1857562898,0.387,Comp0069,DNS0001,17,8505,53,2,3,78,178
216681.49136451364,0.489,Web0005,DB0004,6,54753,3306,20,97,822,20822
216683.48237416684,1.41,Comp0021,DC0001,6,13521,389,5,4,349,512
216686.99179287208,7.468,Comp0024,FS0003,6,47204,445,28,38,3275,19733
216692.87292496127,2.716,Comp0041,Proxy0001,6,26363,3128,16,15,135,8551
216695.4768744617,0.552,Comp0066,FS0001,6,10279,445,12,70,2384,36267
216699.0223527475,0.409,Comp0073,DNS0001,17,49959,53,3,2,60,177
216699.65470548806,0.017,Comp0048,DNS0002,17,1824,53,2,2,40,130
216705.2159049055,1.194,Comp0011,DC0002,6,49497,389,7,6,775,218
216707.8169818088,14.042,Comp0043,Web0002,6,31321,80,7,76,368,20678
216708.77739531256,5.147,Comp0008,Web0001,6,65524,443,8,41,3097,28752
216712.97971665472,0.701,Comp0042,Proxy0002,6,9453,3128,15,47,2568,77375
216715.8719562369,0.167,Comp0019,DNS0001,17,3759,53,3,2,45,167
216717.55908242607,4.855,Comp0043,FS0003,6,9902,445,10,384,10847,8519
216719.37623585414,0.054,Comp0003,DNS0001,17,3937,53,4,2,56,111
216721.74364002404,0.506,Comp0028,Web0002,6,27679,80,47,40,292,15987
216729.48978155252,4.534,Comp0022,Web0006,6,62090,443,9,39,3475,2593
216733.35010720874,0.11,Comp0025,DNS0002,17,26915,53,3,2,99,581
216735.69198645477,0.001,Comp0020,DNS0002,17,9362,53,2,2,87,94
216741.04478424232,0.208,Comp0075,DNS0001,17,2303,53,2,3,56,114
216747.21927775317,1.112,Comp0018,DC0002,6,17495,88,5,9,320,388
216748.9237669751,0.066,Comp0016,DNS0002,17,34461,53,2,3,57,177
216749.92459176606,0.036,Comp0015,DNS0002,17,13939,53,4,2,33,141
216759.35262578094,0.013,Comp0055,DNS0001,17,15542,53,3,3,48,102
216760.50811501444,0.082,Comp0070,Web0005,6,5152,443,9,62,429,15733
216762.01211532176,7.189,Comp0054,Proxy0001,6,9363,3128,32,63,3699,2962
216763.5177766418,7.292,Comp0080,Web0001,6,42645,80,20,20,362,31580
216765.8467056748,6.158,Comp0053,Web0005,6,10302,443,7,88,440,14165
216770.93121101975,0.754,Comp0022,Mail0002,6,49444,993,3,3,343,1731
216772.63124237463,0.121,Comp0015,DNS0001,17,14724,53,2,3,35,254
216778.31819447514,0.244,Comp0041,DNS0002,17,29913,53,2,2,50,94
216778.4400692333,0.087,Comp0039,DC0001,6,55979,389,7,30,352,990
216784.0635514734,5.278,Comp0063,DC0001,6,63777,445,24,202,12481,41731
216785.74369650224,1.802,Comp0059,Proxy0002,6,49257,3128,8,81,2802,9940
216801.50738334237,0.076,Comp0009,DNS0002,17,41124,53,3,2,68,261
216802.21949484572,0.446,Comp0071,Comp0011,6,4991,3389,5,10,336,160
216804.72128264306,3.176,Comp0023,DC0002,6,2556,389,5,3,116,1355
216807.38433911843,0.487,Proxy0002,Ext0004,6,28216,443,17,94,804,7421
216811.36399104155,0.448,Comp0026,DNS0002,17,48310,53,2,2,70,209
216812.93088728504,13.91,Comp0015,DC0002,6,50298,445,27,101,222,7062
216813.36661151226,7.546,Comp0066,Web0006,6,14617,80,13,32,2774,581
216821.17007864593,9.329,Comp0072,FS0003,6,60248,445,14,91,993,1255
216824.3809709915,5.875,Comp0032,Web0005,6,16349,443,8,78,432,6792
216827.0632440732,3.628,Comp0060,Mail0002,6,34675,993,3,7,1552,1744
216828.25773164452,0.069,Comp0002,DNS0002,17,24691,53,3,2,49,86
216840.5548626659,9.894,Comp0030,DC0002,6,17214,389,5,4,163,3615
216840.65138540603,2.339,Comp0048,Web0005,6,59523,443,3,16,153,11152
216844.66853336873,1.868,Comp0012,Web0001,6,61004,443,14,19,1323,1777
216845.0195436355,0.927,Comp0063,DC0002,6,7403,88,7,9,76,1617
216850.5116546502,0.86,Comp0048,Proxy0001,6,21279,3128,21,59,1702,4029
216854.88949279493,1.869,Comp0012,Mail0001,6,22551,587,9,7,338,726
216862.5511853292,10.503,Comp0001,Web0002,6,61968,443,10,21,279,2641
216866.4698084513,2.233,Comp0052,DC0001,6,12455,88,3,10,2228,193
216868.01100552917,19.168,Comp0050,Web0004,6,56969,443,19,199,1109,4476
216868.78654330928,18.367,Web0003,DB0002,6,45766,3306,51,139,4706,27476
216870.60963406993,0.124,Comp0002,DNS0001,17,16414,53,3,3,94,157
216871.6934442136,0.119,Comp0064,DNS0001,17,29935,53,2,2,69,118
216876.8193750289,0.02,Comp0069,DNS0002,17,57992,53,3,2,96,229
216880.2888118552,21.177,Comp0029,FS0002,6,33531,445,27,93,4159,1509
216890.50104757282,2.281,Comp0012,Mail0002,6,57343,993,4,4,1052,268
216900.1406701827,0.155,Comp0057,DNS0002,17,40804,53,3,4,85,121
216912.85352518977,1.759,Web0001,DB0001,6,11692,3306,108,74,775,6368
216921.24542133353,3.685,Comp0026,DC0002,6,48957,88,6,4,168,957
216927.87162977672,2.954,Comp0053,DC0001,6,59116,88,3,8,259,479
216928.7335022744,7.304,Comp0006,Proxy0001,6,49266,3128,6,28,969,38662
216931.20176135632,5.724,Comp0046,DC0002,6,63008,389,3,11,216,322
216936.06312822257,0.285,Comp0025,DNS0001,17,29570,53,2,3,36,321
216936.37600185702,10.314,Comp0032,Proxy0001,6,46101,3128,6,28,514,12974
216937.56759493204,0.051,Comp0056,DNS0001,17,10416,53,3,3,151,102
216943.08295201638,2.759,Comp0058,Web0003,6,20942,80,7,43,725,4627
216951.08081259404,0.197,Comp0049,DNS0001,17,59002,53,2,2,51,93
216952.81986236526,12.776,Comp0018,FS0003,6,38512,445,6,112,2395,46683
216953.66308376507,0.725,Comp0012,Mail0001,6,33476,993,7,2,982,656
216956.6410623066,5.426,Comp0055,FS0002,6,61836,445,36,22,7361,5802
216956.76695526903,2.843,Comp0026,Web0002,6,25154,443,5,24,565,3647
216965.42665132924,6.197,Comp0046,Proxy0002,6,8600,3128,14,31,326,5896
216966.8403655864,0.016,Comp0009,DNS0002,17,59825,53,3,3,51,148
216973.11122921525,4.886,Comp0056,Web0003,6,57273,80,15,98,1548,1111
216974.2459663665,1.224,Comp0049,DC0001,6,52888,445,22,132,8878,7930
216978.45132257836,1.073,Comp0074,Mail0001,6,29579,993,4,6,2490,409
216978.68066252454,3.257,Comp0064,Proxy0002,6,44018,3128,16,92,1299,22602
216982.428609588,0.037,Comp0036,DNS0001,17,20267,53,3,3,78,189
216984.55832949092,3.226,Comp0019,Mail0001,6,20477,993,6,11,291,447
216985.02668996673,2.058,Proxy0002,Ext0023,6,43301,80,5,56,1162,4197
216988.02843221667,2.643,Comp0012,DC0002,6,65431,389,3,8,173,434
216988.2457543695,0.044,Comp0051,DNS0002,17,45305,53,2,2,106,139
216992.1432252766,0.19,Comp0007,DNS0002,17,28248,53,2,2,81,114
217000.0659111425,0.493,Comp0078,Web0004,6,12562,80,11,31,1114,7133
217003.7706626856,0.685,Comp0043,DC0001,6,40695,389,3,10,365,3043
217004.98048571515,20.328,Web0001,DB0001,6,6913,5432,20,77,19581,8438
217009.62922287983,0.118,Comp0069,DNS0002,17,60875,53,2,2,72,194
217011.63298840157,2.069,Comp0072,Web0005,6,37570,443,16,74,682,902
217013.54267637583,0.491,Comp0018,Mail0001,6,23789,587,10,14,374,691
217016.88201112257,5.256,Comp0018,Proxy0002,6,13222,3128,4,50,671,9404
217018.81276395428,0.587,Comp0013,Mail0002,6,2794,993,4,7,1247,3092
217025.2295478836,31.237,Comp0022,FS0003,6,58706,445,11,13,1104,707
217029.00016891042,0.112,Comp0043,DNS0002,17,39071,53,2,2,65,178
217029.19312278694,1.518,Comp0039,DC0001,6,64475,445,10,78,1120,17549
217031.4781359933,1.277,Comp0049,DC0001,6,21627,389,7,3,167,120
217034.73456813412,0.029,Comp0071,DNS0001,17,40824,53,2,3,38,141
217035.79901017138,0.082,Comp0060,DNS0001,17,4790,53,2,3,61,137
217044.37383400623,0.272,Comp0043,DNS0001,17,29524,53,2,2,81,241
217046.38689386373,4.101,Comp0061,Web0005,6,63984,443,21,14,2093,2364
217048.1249574481,1.166,Comp0018,Mail0001,6,28738,993,4,3,801,393
217048.85278094586,0.739,Comp0017,DNS0002,17,62452,53,2,2,63,214
217051.54956828573,27.862,Web0006,DB0002,6,47116,5432,28,69,314,15528
217051.6509879973,1.801,Comp0051,FS0002,6,35185,445,4,90,999,103487
217052.93729351053,0.446,Comp0028,DNS0001,17,21190,53,2,3,67,163
217054.81545812037,0.012,Comp0066,DNS0001,17,32561,53,3,3,47,160
217054.92862574925,6.345,Comp0058,Mail0002,6,43507,587,3,7,406,2203
217055.72457183173,3.221,Comp0006,DC0002,6,49838,88,6,5,384,631
217058.36148672376,9.216,Comp0027,Mail0002,6,10884,993,4,4,427,277
217059.43739741645,0.157,Comp0079,Proxy0001,6,14339,3128,6,202,2323,10237
217060.51184566334,7.215,Comp0044,Proxy0001,6,24212,3128,15,47,476,4198
217067.71181836212,6.156,Comp0063,Web0002,6,55149,80,10,39,1699,9009
217070.822742421,3.176,Comp0063,Proxy0002,6,34081,3128,7,39,718,941
217072.10900085868,6.857,Comp0067,Proxy0002,6,26128,3128,6,99,364,12141
217073.711161247,8.312,Comp0011,Web0003,6,49829,443,9,45,327,5001
217076.81301829097,4.47,Comp0059,Mail0001,6,18650,993,22,9,112,903
217077.0901255029,2.15,Comp0034,FS0002,6,58636,445,39,117,3754,3911
217077.25246301293,0.547,Comp0037,DNS0001,17,50802,53,3,3,54,66
217078.2387519768,2.568,Comp0035,Proxy0002,6,57003,3128,7,33,306,23733
217082.47004024632,6.246,Comp0013,Web0001,6,11416,80,7,79,1022,23699
217088.82242805493,7.022,Comp0020,Web0006,6,49250,80,10,23,258,1514
217091.82613573602,4.473,Comp0006,Comp0071,6,14473,135,5,5,562,92
217092.08392650136,7.525,Comp0060,Web0005,6,58497,80,7,47,194,12713
217093.4681904305,3.266,Comp0003,Mail0002,6,29447,993,8,5,708,546
217103.7486112237,2.3,Comp0035,Proxy0001,6,14679,3128,8,15,1381,9144
217113.37865979184,1.042,Comp0047,Web0006,6,21516,443,11,39,459,1528
217115.49515961623,8.946,Comp0035,FS0002,6,61071,445,12,45,890,21528
217118.2620750303,8.186,Web0005,DB0002,6,17177,3306,13,161,11604,13140
217123.0139632101,0.544,Comp0009,DNS0002,17,10915,53,2,2,69,111
217130.19374913807,0.208,Comp0027,DNS0001,17,51448,53,3,3,36,170
217130.79388142563,0.459,Comp0044,Mail0002,6,52902,993,4,10,1114,433
217131.6576039656,2.063,Comp0073,DC0001,6,5258,389,8,13,550,555
217143.60080248257,2.393,Comp0003,DC0001,6,41228,88,6,8,268,621
217143.75129159412,7.278,Comp0073,Web0001,6,55250,80,9,32,916,9841
217146.477829755,0.342,Comp0004,DNS0002,17,12496,53,2,2,94,184
217150.0238873347,1.593,Comp0008,Web0005,6,59516,443,27,20,2526,12514
217151.82138015746,10.561,Comp0040,Web0004,6,19295,443,10,16,1312,19540
217155.55504665466,4.51,Comp0079,Web0004,6,17091,80,11,38,874,3962
217158.07726888932,8.912,Comp0062,Web0006,6,63572,443,18,40,1019,24175
217162.0880050018,0.343,Comp0028,DNS0002,17,53959,53,2,3,43,90
217162.10134024298,2.079,Comp0039,Web0002,6,5414,443,58,136,4593,1812
217170.99002354103,0.966,Comp0042,DC0001,6,2660,88,9,23,203,614
217172.5932484986,1.583,Comp0074,DC0001,6,50914,88,4,18,414,1110
217172.9069372519,1.367,Comp0070,DC0001,6,24118,445,46,220,1139,6119
217173.60920003854,0.51,Comp0044,DNS0002,17,27997,53,2,3,86,100
217184.1751931141,3.719,Comp0040,Web0001,6,13892,80,9,59,1365,10145
217184.6344982452,8.035,Comp0055,Web0005,6,4754,443,15,62,236,20527
217189.60064320161,0.314,Comp0013,DNS0002,17,31195,53,3,3,26,312
217193.47425860452,0.063,Comp0037,DNS0001,17,53478,53,2,2,89,123
217194.5890452494,19.409,Proxy0002,Ext0010,6,51503,443,4,103,2224,446
217202.04445227527,1.685,Comp0012,DC0001,6,58797,389,3,4,510,101
217208.16236504295,4.015,Comp0029,Web0006,6,63969,80,8,176,70,9760
217213.2111352393,0.027,Comp0023,Proxy0002,6,2987,3128,7,89,129,14867
217214.57886577398,1.601,Comp0069,Web0006,6,29523,443,20,61,261,13790
217218.08242649346,0.025,Comp0009,DNS0001,17,37755,53,3,3,71,119
217230.2471319114,0.281,Comp0013,DNS0001,17,34812,53,3,3,64,118
217233.56617183978,15.456,Comp0020,DC0002,6,61013,445,14,118,3024,128735
217242.88078108313,0.356,Comp0017,Web0003,6,6959,443,4,28,463,4941
217251.86544622146,10.882,Comp0044,Web0004,6,26250,80,5,78,748,3696
217253.03456176183,3.587,Comp0045,FS0003,6,34705,445,11,131,2249,24032
217254.85230113677,0.043,Comp0034,DNS0002,17,55400,53,3,2,88,149
217259.8505127885,2.804,Comp0071,DC0001,6,7408,88,5,7,314,679
217262.31339027808,2.886,Comp0039,Web0003,6,44542,443,3,211,4151,9477
217262.60335412237,0.227,Comp0062,DC0001,6,1777,389,3,4,176,756
217263.89549080798,0.03,Comp0037,DNS0001,17,2045,53,3,2,90,111
217282.1037553204,1.942,Proxy0001,Ext0001,6,31200,443,16,17,1152,3428
217284.58266684646,10.866,Comp0009,Proxy0001,6,65486,3128,8,18,196,4185
217285.3045908264,10.648,Comp0059,FS0003,6,64322,445,9,21,13316,10382
217285.4658011653,0.034,Comp0015,DNS0002,17,18321,53,3,3,60,81
217287.07868332203,0.323,Comp0052,Web0001,6,16706,443,16,64,249,3972
217288.66692239337,0.248,Comp0061,DNS0001,17,54467,53,3,3,46,207
217291.9897264329,1.109,Comp0060,Web0002,6,10643,443,13,61,353,16478
217292.8308726095,0.172,Comp0028,DNS0001,17,43398,53,3,3,66,104
217296.84294359412,4.134,Comp0079,Web0002,6,43864,80,43,85,1203,12396
217303.18125420826,1.941,Comp0029,DC0002,6,2175,88,7,3,669,330
217304.5983657175,8.285,Comp0069,Proxy0001,6,61688,3128,7,16,875,22515
217305.6607248132,1.65,Comp0025,Mail0002,6,30909,587,8,8,416,778
217305.86313016503,8.175,Comp0041,Mail0002,6,41696,993,7,7,707,1008
217310.53580933274,0.002,Comp0017,DNS0001,17,53747,53,3,2,82,146
217312.18626414996,3.332,Comp0070,Web0001,6,59952,80,7,51,176,696
217313.48731876866,7.009,Comp0025,Web0003,6,27838,443,6,21,1192,2744
217314.02624518087,5.6,Comp0054,FS0003,6,34707,445,41,44,1181,112774
217316.3871675966,5.838,Comp0030,FS0002,6,23550,445,11,276,1902,10778
217317.67255041603,0.099,Comp0011,Web0001,6,53886,80,3,43,372,3345
217323.7657356786,2.622,Comp0068,DC0002,6,9139,445,34,11,721,20868
217342.08101204404,14.296,Comp0008,Web0005,6,59546,80,11,39,891,1689
217342.57206956638,2.404,Comp0049,Proxy0002,6,34866,3128,9,16,1540,4098
217346.44070516792,1.893,Comp0069,DC0001,6,55083,389,3,5,286,604
217351.2820048071,0.049,Comp0044,FS0003,6,35694,445,36,412,1032,5486
217351.83193402938,0.229,Comp0046,DNS0001,17,37505,53,2,3,28,56
217362.62973449926,0.631,Comp0022,Mail0001,6,3329,993,3,11,156,1113
217363.80222818087,14.242,Comp0058,Web0004,6,28184,443,8,21,2151,32534
217366.6551191196,0.716,Comp0017,FS0002,6,18533,445,11,46,2509,4418
217369.98045624755,0.295,Comp0024,Web0005,6,6414,443,6,21,495,7933
217376.01290002896,3.213,Comp0039,Web0001,6,62045,443,18,37,381,92709
217379.0458473245,0.017,Comp0035,Web0005,6,8184,80,16,46,579,2786
217386.24663782198,0.084,Comp0037,DNS0001,17,49025,53,2,3,128,307
217386.84490740075,3.529,Comp0005,FS0001,6,25947,445,67,278,1166,7447
217392.5103407638,4.958,Comp0079,Mail0002,6,51969,993,6,7,215,122
217394.29014064107,3.039,Comp0079,Proxy0001,6,30389,3128,8,22,207,22000
217396.62502576105,4.995,Comp0027,DC0001,6,45596,445,11,182,3444,52463
217398.25047865813,1.372,Comp0033,Web0006,6,50691,443,6,83,154,2461
217399.2954373171,0.362,Comp0037,DNS0002,17,12441,53,2,2,85,150
217400.55554774372,7.178,Comp0019,Proxy0001,6,57572,3128,9,21,318,13151
217401.83111660188,0.026,Comp0029,DNS0001,17,29511,53,2,2,55,147
217405.28316806915,0.102,Comp0014,DNS0001,17,15454,53,2,3,66,184
217409.34193821304,2.324,Comp0003,Mail0002,6,7207,587,6,2,968,371
217410.1364319906,0.175,Comp0060,Web0001,6,20504,80,4,15,381,1032
217414.46837530012,1.73,Comp0063,Mail0002,6,4445,587,9,10,643,818
217418.86944036634,6.504,Comp0070,Mail0001,6,60087,993,4,10,52,252
217421.36132381542,15.527,Comp0009,FS0002,6,35257,445,45,56,3443,41430
217422.9736185241,11.868,Web0006,DB0003,6,30847,3306,149,70,2616,6530
217426.40524383553,9.835,Comp0068,FS0001,6,60661,445,24,72,5310,18491
217432.7436279549,8.66,Comp0016,Web0005,6,50654,443,6,52,1298,5556
217437.36138623895,0.003,Comp0050,DNS0002,17,8716,53,2,3,43,138
217438.92951349536,12.797,Comp0075,Web0004,6,1397,443,12,35,909,3566
217441.94928259557,1.391,Comp0046,FS0001,6,26944,445,10,27,4018,36775
217450.4061023399,0.556,Comp0034,FS0003,6,29964,445,15,240,2549,5093
217450.74773101133,7.183,Comp0078,Web0003,6,28477,443,17,54,120,15359
217452.70716943033,1.478,Comp0056,Proxy0002,6,39684,3128,43,10,14135,19724
217452.8397437308,0.867,Comp0068,Web0002,6,54238,443,7,22,325,3011
217458.86835003115,3.81,Comp0073,Web0006,6,34038,80,8,46,143,738
217459.52014136672,13.489,Comp0048,Web0005,6,53034,443,5,32,537,1564
217466.58629302317,0.016,Comp0056,DNS0002,17,17256,53,2,3,61,186
217467.88701816712,3.283,Comp0066,Web0002,6,11780,80,10,96,1329,9490
217480.7864306325,2.685,Web0004,DB0001,6,35459,3306,35,161,2696,23397
217485.39398999338,8.961,Comp0049,Web0004,6,59024,443,3,90,1937,11757
217491.34418694023,0.042,Comp0023,DNS0002,17,61914,53,2,3,49,135
217491.68070098,0.105,Comp0072,DNS0002,17,47409,53,2,2,66,200
217495.580391466,1.376,Comp0062,DC0002,6,28174,389,10,6,943,413
217500.9117870038,11.456,Comp0034,Proxy0002,6,42058,3128,15,40,107,8545
217503.73048921244,0.848,Comp0077,DC0001,6,53059,88,4,7,248,711
217504.66631428132,2.844,Comp0031,Proxy0002,6,14942,3128,8,10,783,5050
217506.17429319327,8.669,Comp0057,FS0002,6,40916,445,168,143,1786,10676
217518.9086733923,3.569,Comp0007,DC0001,6,26191,88,5,9,630,225
217520.50195693562,0.634,Comp0030,Mail0002,6,22216,993,5,4,584,851
217522.07297875005,11.675,Comp0048,Web0002,6,41805,443,36,103,3319,15625
217540.53834891666,1.245,Comp0055,Mail0001,6,46871,587,5,5,124,585
217550.08624912013,0.131,Comp0031,DNS0002,17,10376,53,2,3,43,88
217552.1284151847,2.088,Comp0041,Web0001,6,62375,443,11,32,818,1267
217556.28088697226,0.024,Comp0001,DNS0001,17,60250,53,2,2,82,92
217571.5514054406,6.6,Comp0059,Proxy0001,6,29119,3128,6,76,225,11388
217574.5832631187,5.106,Comp0021,Web0005,6,31939,80,7,75,1519,6635
217581.7895462358,2.185,Comp0006,Comp0013,6,22434,135,8,3,159,67
217583.99578406187,4.388,Comp0046,Web0005,6,53846,443,17,72,224,2256
217585.18918897863,0.344,Comp0017,Web0005,6,29112,443,9,40,316,3271
217589.40139869478,1.066,Comp0077,FS0002,6,30808,445,20,125,2435,8219
217590.1882084845,0.05,Comp0053,DNS0002,17,30228,53,3,3,75,165
217592.05847429726,0.092,Comp0045,DC0001,6,58980,88,16,7,115,1143
217601.01617946883,0.392,Comp0028,Web0003,6,35417,80,14,33,1753,7973
217602.64824209508,4.998,Comp0014,Proxy0002,6,59641,3128,7,43,1063,585
217605.82174347033,1.553,Comp0015,DC0002,6,16744,88,4,6,140,178
217606.01319745125,0.285,Web0001,DNS0001,17,62065,53,2,2,43,128
217606.987425101,0.146,Comp0043,DNS0002,17,50685,53,2,3,65,269
217611.3440203548,2.408,Comp0044,Web0001,6,6724,443,8,10,335,3579
217617.1757330523,0.189,Comp0046,DNS0002,17,57414,53,3,3,127,292
217619.34385986626,1.708,Comp0001,Web0006,6,19522,443,11,49,468,8821
217619.37647771146,0.126,Comp0026,DNS0001,17,35466,53,2,3,157,91
217624.615922094,5.231,Comp0001,FS0002,6,24561,445,10,26,1419,3631
217624.75195427326,8.656,Comp0036,FS0001,6,6250,445,10,95,308,10696
217626.63429974095,7.968,Comp0042,DC0001,6,57890,389,4,10,263,743
217629.02831099095,0.252,Comp0037,Web0001,6,20450,443,19,190,345,4255
217633.58320292362,1.663,Comp0076,Proxy0001,6,11081,3128,6,29,153,30222
217636.1222896221,0.289,Comp0074,DNS0002,17,41740,53,2,2,53,207
217637.54744652595,1.139,Comp0003,Web0002,6,9424,443,14,44,967,2361
217638.39715452082,9.013,Comp0063,FS0001,6,35854,445,7,8,677,9329
217644.60126375617,2.648,Comp0003,Web0005,6,61985,443,5,73,797,5723
217650.9116512296,7.836,Comp0021,DC0001,6,21420,389,3,7,1448,345
217655.14706554217,15.936,Comp0046,Web0002,6,38930,443,21,77,397,35126
217657.47578571498,0.189,Comp0027,DNS0002,17,41568,53,2,2,68,93
217661.67866422056,0.054,Comp0064,Mail0001,6,33733,587,15,19,268,518
217661.85518261598,0.174,Proxy0002,Ext0008,6,10620,443,14,99,292,1987
217663.64271829522,4.903,Comp0058,Web0001,6,46307,80,4,45,132,497
217678.3190671231,15.283,Comp0025,FS0003,6,19850,445,28,66,10346,1637
217687.21578678789,0.012,Comp0041,DNS0001,17,48250,53,3,2,55,252
217687.7196471123,9.052,Comp0035,Proxy0002,6,34371,3128,5,23,157,7519
217693.9162958127,0.039,Comp0013,DNS0002,17,11895,53,2,2,135,257
217704.5291415302,0.507,Proxy0001,Ext0011,6,64798,443,6,51,417,2354
217705.0317113573,28.863,Comp0026,FS0002,6,64050,445,8,40,3348,844
217711.30278577027,31.377,Comp0075,Proxy0001,6,65456,3128,5,60,1177,15272
217711.90865508516,1.473,Comp0079,Proxy0002,6,7409,3128,13,18,1279,6000
217718.38999921683,2.06,Comp0008,DC0001,6,60235,88,8,11,310,417
217721.4522497912,2.022,Comp0058,Proxy0001,6,35550,3128,3,22,490,20581
217730.39294593537,4.892,Comp0073,Web0006,6,24560,443,9,75,1882,9760
217738.70103045047,13.634,Comp0008,Web0001,6,46960,443,25,26,146,1852
217740.77318634925,4.33,Comp0056,DC0002,6,26390,389,6,3,790,1424
217744.6589352172,0.008,Comp0062,DNS0002,17,43980,53,2,3,81,268
217750.90187823097,0.143,Comp0048,DNS0001,17,32900,53,3,2,91,129
217751.92327905496,2.845,Comp0075,Proxy0001,6,50863,3128,22,91,977,28956
217755.3372211911,0.225,Comp0062,DNS0001,17,5265,53,2,3,38,74
217756.63536308453,6.035,Comp0063,Web0002,6,48454,80,2,208,675,2097
217757.43009165226,0.081,Comp0027,DNS0002,17,7033,53,2,3,92,222
217757.96586289513,3.394,Comp0046,Mail0002,6,60254,587,8,8,219,3422
217758.0685480661,3.203,Comp0038,Web0004,6,42777,443,8,10,2902,117103
217758.14612516327,0.005,Comp0068,Web0004,6,62306,443,3,163,1269,5711
217773.99824159214,7.882,Comp0003,Web0002,6,5377,443,12,31,319,7793
217775.88486241986,0.452,Comp0050,DNS0002,17,47975,53,3,2,40,99
217779.13676452442,0.07,Web0006,DNS0001,17,57125,53,2,2,89,334
217780.72395333473,0.678,Comp0025,Web0001,6,27190,443,5,11,534,1494
217781.04246656765,0.27,Comp0033,DNS0002,17,34854,53,2,4,72,202
217783.14369016894,0.173,Comp0074,DNS0001,17,27688,53,2,3,105,98
217790.2385149782,2.1,Comp0004,Web0001,6,35931,443,9,91,3086,3692
217793.5691100545,1.278,Comp0028,DC0001,6,56623,88,6,8,237,321
217798.1771823873,9.232,Comp0009,Web0001,6,33332,80,10,56,275,6362
217798.99372595886,15.64,Comp0040,Proxy0002,6,33839,3128,29,49,1332,1167
217803.32935814396,1.46,Comp0028,Web0003,6,41147,443,4,42,1355,4083
217808.08435996593,3.683,Comp0048,Web0002,6,28195,443,7,93,1517,19979
217821.0795813972,18.882,Comp0066,FS0002,6,52818,445,8,122,967,100542
217834.21138289344,3.992,Comp0069,Mail0002,6,46667,993,5,7,638,415
217835.50817263313,4.556,Comp0030,Web0006,6,61689,443,14,26,868,9186
217835.69304300105,9.955,Comp0030,Proxy0001,6,37862,3128,28,23,373,6366
217836.57708639122,0.542,Comp0006,Web0002,6,12787,135,6,23,635,39
217836.6995831157,0.226,Comp0032,DNS0001,17,35423,53,2,3,50,148
217838.48184645132,1.257,Comp0026,DC0001,6,33919,389,11,4,415,418
217840.7767531591,1.967,Proxy0001,Ext0001,6,15014,443,6,65,416,7376
217841.27054241326,10.157,Comp0026,Proxy0002,6,65167,3128,27,13,401,3759
217844.7927373144,3.719,Comp0070,Web0006,6,47032,443,16,9,2028,2262
217848.1249298961,2.054,Comp0040,DC0001,6,6898,389,6,7,206,1321
217848.17762061456,0.885,Comp0079,Proxy0002,6,1932,3128,8,18,1530,1353
217853.40637347888,4.008,Comp0009,DC0002,6,16950,445,51,135,6894,54242
217854.89401026786,12.204,Comp0041,DC0002,6,23438,445,35,260,6800,5057
217855.0734487469,0.901,Comp0021,Comp0011,6,4862,3389,10,7,406,1104
217857.32590334088,6.756,Comp0078,Web0005,6,1963,80,19,75,427,15615
217857.79217326018,1.322,Comp0064,Web0001,6,64432,443,7,22,273,25819
217858.95139999292,1.779,Comp0079,Mail0001,6,62103,993,6,3,719,1088
217867.31096694744,11.674,Comp0001,Web0001,6,14797,443,7,57,436,15145
217871.13254400782,0.016,Comp0071,DNS0002,17,36062,53,4,2,80,239
217879.41332475282,0.048,Comp0076,DNS0002,17,59997,53,3,4,66,104
217881.5310142319,1.025,Comp0047,DNS0002,17,42695,53,2,3,59,362
217882.6927296884,9.596,Comp0027,Web0006,6,53853,80,13,8,1241,23520
217883.42485549694,0.269,Comp0064,Mail0001,6,42716,587,5,7,203,6569
217884.7035710588,0.216,Comp0011,Proxy0001,6,1700,3128,5,44,774,892
217886.5479959714,0.625,Comp0018,Web0004,6,65200,80,6,20,283,23748
217887.62700812123,0.042,Comp0066,DNS0002,17,52221,53,3,2,38,159
217888.07772615837,0.175,Comp0039,DNS0002,17,42593,53,2,2,108,92
217888.18426701488,0.445,Comp0011,DNS0001,17,8425,53,2,3,68,313
217894.09599958808,0.952,Comp0045,Web0004,6,25175,443,48,86,423,3074
217908.56645162852,3.394,Comp0035,Proxy0002,6,11700,3128,3,27,997,14607
217909.92714603984,0.426,Comp0006,Comp0047,6,54618,445,14,359,3116,3767
217913.2206350594,0.099,Comp0072,DNS0002,17,65270,53,2,2,53,97
217917.32592423016,1.037,Comp0072,Proxy0001,6,64129,3128,4,22,1663,2637
217918.4133764024,8.213,Comp0072,DC0001,6,11542,445,26,17,1112,8416
217922.71338391054,0.0,Comp0072,DNS0002,17,9831,53,3,2,59,111
217950.4733104809,0.279,Comp0039,DNS0001,17,8871,53,2,2,106,139
217952.0231573857,5.867,Comp0027,FS0003,6,14471,445,24,41,1324,929
217953.07195444166,0.098,Comp0056,DNS0002,17,58532,53,2,3,39,236
217960.63022041286,4.956,Comp0065,DC0001,6,46257,88,5,30,570,700
217962.1273161815,12.562,Comp0018,Web0005,6,5323,443,5,42,1464,11896
217965.73552143708,0.119,Comp0030,DNS0002,17,9453,53,3,2,172,228
217969.36504267913,10.023,Comp0077,Web0004,6,54799,443,4,54,1345,7482
217973.44012635865,8.071,Comp0065,Web0001,6,8661,443,6,37,902,1372
217975.11844086353,0.487,Comp0008,Proxy0002,6,63673,3128,8,46,588,9482
217979.73212728172,0.313,Comp0078,Mail0001,6,54729,993,4,2,275,965
217980.4954474665,8.459,Comp0007,FS0002,6,59975,445,6,127,1438,3365
217989.59580708796,2.946,Comp0025,DC0001,6,33374,88,4,9,711,1512
217996.40251317128,1.505,Comp0044,Web0002,6,54709,80,16,9,1227,2140
218003.00446266754,0.301,Comp0039,Web0002,6,22512,443,6,45,564,5438
218004.15429952368,1.475,Comp0032,FS0001,6,56536,445,19,10,1553,188785
218004.99278420839,6.173,Comp0014,Web0005,6,44235,443,19,4,52,10153
218009.00115111022,4.575,Comp0017,Web0001,6,47745,443,8,16,2106,6714
218015.60387614046,1.859,Comp0065,Web0006,6,47779,80,10,27,405,2033
218019.18376581452,2.577,Comp0007,Web0005,6,6530,80,7,41,476,3275
218021.17975873494,0.817,Comp0046,Web0003,6,61563,80,16,38,262,3789
218023.84748726565,5.339,Comp0037,DC0001,6,17408,389,6,8,232,211
218026.4609425152,0.169,Comp0064,DNS0001,17,1762,53,3,2,111,94
218031.57694694935,1.896,Comp0028,Proxy0001,6,37592,3128,14,118,930,4005
218032.25952024508,11.405,Comp0068,Proxy0002,6,42317,3128,25,75,347,681
218032.4753584087,0.336,Comp0042,Mail0002,6,32212,993,5,6,308,627
218033.43820518017,0.39,Comp0066,Web0003,6,16748,443,3,13,1431,42264
218039.52167513326,4.553,Comp0062,Web0005,6,51469,443,22,104,144,29340
218042.80577988515,2.436,Comp0043,Proxy0001,6,21362,3128,4,81,3097,5743
218051.0430862076,0.664,Comp0067,DC0001,6,3188,389,4,10,931,1365
218051.06352713367,0.157,Comp0033,DNS0002,17,43196,53,3,2,71,175
218051.78266340884,0.002,Comp0045,DNS0002,17,15958,53,2,2,88,504
218054.6848715013,1.059,Comp0045,Web0006,6,7261,80,11,98,712,4979
218054.70649096943,5.044,Comp0011,FS0001,6,28590,445,19,12,359,33059
218064.27848552304,2.147,Comp0013,Mail0001,6,24591,993,12,6,798,122
218066.12944326107,3.825,Comp0020,Web0006,6,26184,443,14,89,1490,2560
218073.82935289902,2.823,Comp0010,Proxy0002,6,62551,3128,4,22,236,4462
218076.93934330222,0.045,Comp0011,DC0001,6,41618,88,5,15,280,1053
218094.43065354993,9.408,Comp0010,FS0003,6,43193,445,30,44,2104,12031
218094.81754087232,0.072,Comp0011,DNS0001,17,17445,53,2,3,50,253
218096.09783114246,3.056,Comp0025,Proxy0002,6,19541,3128,3,46,377,1519
218098.152084078,3.162,Comp0066,Web0005,6,11427,443,3,34,485,2470
218099.01641807565,16.809,Comp0018,Web0005,6,34305,443,4,12,1097,11364
218100.038848854,3.199,Comp0046,Proxy0001,6,23269,3128,9,46,883,250
218108.94557427437,2.366,Comp0047,Mail0002,6,36261,993,3,3,822,648
218109.30875905015,8.29,Comp0047,FS0002,6,31324,445,40,19,3266,8208
218113.04282601044,4.901,Comp0046,Proxy0002,6,26686,3128,21,32,501,7668
218114.32216111253,0.29,Comp0019,DC0002,6,20586,389,7,10,789,586
218118.19201259525,0.435,Comp0080,DC0002,6,8507,88,6,6,176,984
218118.3629836099,0.299,Comp0078,DNS0001,17,26944,53,2,2,92,127
218118.66130922592,1.083,Comp0061,Web0005,6,44717,443,9,20,897,3768
218119.2517087403,0.659,Comp0010,DNS0001,17,21043,53,3,2,61,44
218124.21456137407,0.39,Comp0055,DNS0002,17,49218,53,2,4,57,109
218124.52010621614,2.417,Comp0024,DC0001,6,61364,389,10,11,525,986
218126.37704127407,8.252,Comp0042,Proxy0002,6,57154,3128,9,50,50,12530
218130.81294952845,0.01,Comp0015,DNS0001,17,50976,53,2,3,111,105
218131.88716986706,3.539,Comp0033,Web0005,6,1358,443,9,52,720,9089
218133.17887650855,11.242,Comp0050,Web0005,6,56302,443,5,53,1282,3580
218134.72888935218,0.65,Comp0062,Web0005,6,55633,443,3,33,1301,2251
218134.85777003452,2.448,Comp0032,Proxy0002,6,41406,3128,9,20,1715,9834
218136.84009048104,3.256,Comp0003,Proxy0001,6,53538,3128,24,35,308,4119
218138.44658804432,1.13,Comp0011,Web0001,6,20304,80,3,70,1508,4411
218145.3747342836,11.214,Comp0004,Web0003,6,48855,80,6,6,1668,3024
218147.7958941875,0.563,Comp0035,DNS0002,17,35000,53,2,2,53,365
218148.52773013106,7.328,Comp0057,Web0002,6,53150,443,14,38,572,2168
218153.05229814572,2.364,Comp0031,FS0001,6,19293,445,26,59,3827,26257
218154.12419429724,0.589,Comp0051,Web0005,6,25945,443,7,8,496,24784
218165.71532588423,0.036,Comp0043,DNS0002,17,44507,53,2,2,37,392
218166.2811188185,0.017,Comp0017,DNS0002,17,9293,53,4,3,123,221
218174.79936706577,2.546,Comp0063,Mail0001,6,62596,993,12,4,721,806
218180.49885394756,6.321,Comp0054,Web0006,6,43955,80,9,22,467,4529
218182.7686076422,18.322,Comp0062,Proxy0001,6,22164,3128,35,46,350,5396
218189.37265937662,0.866,Comp0016,Proxy0001,6,33013,3128,9,22,95,167817
218191.2255562403,17.287,Comp0014,FS0001,6,29643,445,14,132,983,2846
218197.22982138922,0.05,Comp0045,DNS0001,17,60698,53,3,2,49,124
218198.0913012909,13.881,Comp0006,Mail0002,6,27032,993,6,4,518,410
218204.7975349236,3.923,Comp0012,Proxy0002,6,25375,3128,9,99,850,29830
218207.1085494099,0.893,Comp0024,Proxy0001,6,40674,3128,5,607,541,505
218207.3200669487,2.76,Comp0031,FS0001,6,49733,445,40,75,2073,2078
218209.71913300653,3.794,Comp0064,DC0001,6,10358,88,3,5,213,5236
218210.24722919473,27.072,Comp0019,Web0002,6,18130,443,18,74,1115,2474
218214.2399652083,0.042,Comp0041,DNS0001,17,29291,53,3,3,34,134
218220.36907629913,0.006,Comp0069,DNS0001,17,40762,53,3,2,56,141
218227.06025585817,25.835,Comp0080,Web0004,6,40821,80,7,59,1219,1900
218228.62034761792,4.324,Comp0075,Web0004,6,14552,443,9,23,566,17168
218230.8981260329,1.978,Comp0021,Mail0002,6,13053,587,8,7,615,748
218245.32117260568,7.001,Comp0013,Proxy0002,6,24877,3128,17,78,511,6952
218249.57929939608,2.414,Comp0070,Web0001,6,13253,80,9,66,151,2839
218252.16164559667,11.245,Comp0008,Proxy0001,6,62338,3128,12,13,246,11423
218254.3673451327,0.424,Comp0040,DNS0001,17,36192,53,2,3,56,164
218259.15625946416,3.605,Comp0037,Web0003,6,16891,80,15,15,1161,2926
218262.537099459,19.09,Proxy0002,Ext0020,6,47894,443,17,62,3429,20610
218265.1937947314,0.283,Comp0030,DNS0001,17,60669,53,3,2,129,124
218265.9913004582,2.691,Proxy0002,Ext0027,6,2383,443,8,31,766,12624
218269.73149622194,7.366,Comp0009,Web0003,6,27574,443,9,13,1052,14221
218278.73715786583,0.015,Comp0004,DNS0002,17,51217,53,2,2,55,89
218279.34365974952,0.035,Comp0026,DNS0002,17,21661,53,2,2,96,195
218284.30109884797,0.031,Comp0029,DNS0002,17,37844,53,2,2,33,137
218287.23925453896,5.036,Comp0006,Web0001,6,45354,443,8,27,1131,7209
218290.18012847082,0.144,Comp0021,DNS0002,17,58000,53,3,2,47,61
218292.19206579792,0.129,Comp0069,DNS0001,17,17198,53,2,2,172,114
218293.14993773378,4.21,Comp0073,Proxy0001,6,43960,3128,33,82,490,8467
218299.08121854684,0.135,Comp0045,Mail0002,6,58093,993,11,5,224,180
218299.19347927993,0.097,Comp0025,DNS0001,17,1611,53,2,2,75,167
218302.5485469941,0.224,Comp0028,DNS0001,17,23230,53,2,2,76,50
218303.23186635302,7.415,Comp0065,FS0001,6,58335,445,28,292,5211,17595
218304.06875313853,1.988,Comp0071,Web0003,6,17421,443,10,71,181,3128
218304.9860141665,3.332,Comp0052,Web0006,6,4939,443,8,34,198,1243
218306.45154008557,3.7,Comp0004,Web0006,6,33269,443,8,9,517,3260
218310.05220761045,16.017,Comp0075,DC0001,6,63072,389,3,7,717,718
218321.13716305507,0.576,Comp0031,Web0006,6,59367,443,22,46,1783,5770
218323.72378498153,0.132,Comp0040,DNS0002,17,4231,53,2,3,66,165
218323.82899236144,5.386,Comp0016,Web0003,6,54928,443,15,53,812,32540
218326.47354270093,11.425,Comp0074,Web0004,6,30393,443,6,30,256,18114
218328.42192153278,0.9,Comp0011,DC0002,6,9251,22,3,3,176,828
218329.2690960986,2.578,Comp0028,Mail0002,6,25619,993,6,8,206,457
218334.55643060716,23.55,Comp0035,FS0003,6,46989,445,36,287,3381,70447
218356.36084754433,9.474,Comp0053,Web0006,6,24359,443,18,18,512,18669
218357.11711609983,11.493,Comp0017,DC0001,6,34173,445,24,87,9376,27289
218360.43548311948,5.981,Comp0047,Mail0002,6,35553,993,6,2,646,3756
218363.16418376483,7.111,Comp0051,DC0002,6,58175,88,4,8,304,342
218365.5866911073,25.285,Web0001,DB0003,6,14994,3306,11,231,40580,18004
218366.61720750298,3.108,Comp0015,DC0002,6,8829,389,6,3,265,1947
218368.7149435867,2.818,Comp0036,DC0002,6,19876,389,10,12,377,536
218372.02700173607,0.059,Comp0011,Mail0002,6,42163,993,4,11,685,498
218375.11089095176,0.012,Comp0057,DNS0002,17,31452,53,2,2,85,104
218377.18035600721,0.715,Comp0054,Web0001,6,8743,443,31,4,774,9533
218380.42647929167,8.829,Web0003,DB0004,6,39070,5432,6,122,2872,9396
218383.17075691762,1.807,Comp0058,Web0002,6,7425,443,5,93,890,2714
218387.24587796998,1.28,Comp0061,DC0002,6,33488,88,7,17,914,487
218388.35889962435,0.675,Comp0060,DC0002,6,50688,88,2,6,781,2377
218392.71338261946,3.546,Comp0015,DC0002,6,53630,88,9,3,724,834
218394.2252816956,0.5,Comp0015,DNS0001,17,62674,53,3,2,89,127
218395.78424155933,4.07,Comp0014,Web0006,6,36615,443,16,120,270,4966
218396.88897142635,0.401,Comp0033,DNS0002,17,30544,53,2,3,38,182
218399.6234802782,2.47,Comp0007,Mail0002,6,42194,993,3,5,329,654
218408.88162498508,0.359,Comp0047,Web0003,6,3720,443,4,34,488,2577
218411.6563006704,8.725,Comp0030,DC0001,6,11474,389,6,3,271,681
218414.01173800367,3.672,Comp0044,Proxy0001,6,4054,3128,35,49,896,9202
218414.6306119718,7.31,Comp0067,Web0003,6,26269,443,12,15,309,6998
218416.04953741113,1.425,Comp0053,Web0001,6,7532,443,11,31,1848,1424
218423.55779821522,11.336,Comp0079,Proxy0001,6,40343,3128,8,55,1040,19278
218429.12546958818,6.243,Comp0035,DC0002,6,8405,389,3,22,1601,164
218430.96522978146,0.015,Comp0031,DNS0001,17,3516,53,2,2,55,224
218432.45457077265,0.615,Comp0073,DC0001,6,64298,88,10,9,320,368
218433.9623698601,21.278,Comp0008,FS0001,6,47204,445,12,115,4855,2504
218436.01738132292,8.408,Comp0048,Web0005,6,26220,80,9,16,1046,2230
218437.72299105,1.146,Comp0015,Web0003,6,61175,443,17,47,1347,2715
218444.3043027161,17.91,Web0005,DB0004,6,61555,5432,32,72,2456,5826
218449.76818314736,0.504,Comp0013,Web0003,6,21141,443,22,61,122,21463
218451.81204386067,1.348,Comp0031,Web0006,6,28193,80,9,23,1026,11180
218456.42477159807,1.161,Comp0015,Web0004,6,55096,443,10,62,271,859
218457.8605279916,0.246,Comp0012,DC0001,6,17968,88,5,7,173,151
218459.1611151039,15.27,Comp0048,FS0001,6,23201,445,6,46,5654,29823
218459.47977423252,0.727,Comp0055,Web0001,6,56477,443,9,49,614,13121
218461.18646165682,0.683,Comp0027,Proxy0001,6,7360,3128,4,16,453,16636
218461.5800408243,3.858,Comp0033,Mail0002,6,30181,993,6,6,205,2530
218468.8469401245,1.155,Comp0032,Web0002,6,36683,443,17,71,244,14735
218469.40264073783,0.094,Comp0024,DNS0002,17,16577,53,2,2,30,190
218475.96089674043,0.733,Comp0040,DC0001,6,34047,88,9,2,522,556
218479.92036786868,0.2,Comp0003,Proxy0002,6,9292,3128,4,59,750,4363
218480.42894696633,0.839,Comp0006,Comp0036,6,9600,135,19,6,332,48
218483.9781078953,0.191,Comp0006,DNS0001,17,49999,53,3,3,41,138
218485.0213155583,0.058,Proxy0002,DNS0001,17,32888,53,2,2,37,526
218490.4975972742,3.904,Comp0071,FS0003,6,61297,445,16,48,1882,16795
218494.00491527317,0.026,Comp0061,DNS0002,17,23343,53,2,2,80,184
218495.7142263564,0.286,Comp0032,DNS0001,17,24385,53,3,3,65,222
218495.82374852194,1.093,Comp0053,Web0002,6,1552,443,4,44,596,9828
218500.01148260315,0.177,Comp0001,DNS0001,17,38006,53,2,3,72,106
218504.57858122457,0.784,Comp0033,Web0003,6,64085,443,7,85,293,10585
218506.47512960606,0.318,Comp0019,DNS0002,17,58682,53,2,3,83,163
218509.1754550125,0.006,Comp0068,DNS0001,17,38677,53,3,2,72,42
218523.7973955862,1.081,Comp0018,FS0002,6,48395,445,16,85,380,2455
218540.16622721468,15.62,Comp0069,FS0003,6,52089,445,19,23,516,17209
218550.3270261325,0.124,Comp0008,Web0002,6,43668,443,13,21,60,5730
218552.97535158574,0.096,Comp0062,DNS0001,17,29855,53,3,4,46,108
218553.30917676352,0.391,Comp0025,DNS0002,17,5664,53,2,2,88,113
218565.32564230144,6.932,Comp0070,DC0002,6,42530,88,4,4,2941,691
218566.1756756969,7.328,Comp0038,DC0001,6,49222,445,36,226,13262,12185
218572.55529055285,0.202,Comp0061,DNS0001,17,42226,53,2,2,87,319
218578.2816542578,3.068,Comp0071,DC0001,6,20317,88,7,7,448,3478
218579.1397643996,0.671,Comp0073,DNS0001,17,5970,53,2,3,75,125
218585.72658049793,2.212,Comp0010,DC0001,6,59222,88,5,7,292,641
218589.27649872832,5.746,Comp0040,Web0001,6,3867,443,5,22,1344,21974
218591.6577025535,0.043,Comp0077,DNS0001,17,63034,53,2,2,65,201
218594.10070095753,6.09,Comp0022,Proxy0002,6,11110,3128,10,22,410,3640
218598.93286398728,0.249,Comp0005,Comp0011,6,27214,3389,4,4,1216,363
218606.90701064948,1.523,Comp0036,Mail0002,6,47205,993,2,20,63,551
218607.94205619072,1.823,Comp0063,FS0003,6,21733,445,30,165,5498,5512
218608.91669029932,5.026,Comp0034,Proxy0001,6,28545,3128,14,30,1150,401
218610.2276669889,13.215,Comp0073,Proxy0002,6,42741,3128,8,30,577,7590
218610.3076702447,8.831,Comp0070,Web0003,6,6271,443,5,53,821,13901
218610.62247782218,3.222,Comp0064,FS0002,6,60910,445,5,466,7597,2406
218610.73677876452,0.467,Comp0053,DC0002,6,7125,88,6,13,527,316
218614.23358233346,0.649,Comp0012,FS0003,6,29876,445,12,103,574,4352
218614.5002900482,15.563,Comp0060,Proxy0002,6,53073,3128,13,34,566,1028
218615.26435748397,0.053,DB0001,DNS0001,17,27110,53,3,4,52,111
218621.17429405247,0.141,Comp0069,DNS0001,17,1769,53,2,2,44,90
218624.49320803638,0.04,Comp0021,DNS0001,17,28598,53,2,2,30,56
218626.51971061743,4.283,Comp0006,Web0002,6,48072,135,5,5,612,151
218628.6997840631,0.181,Comp0037,DNS0002,17,29254,53,3,3,78,395
218629.64286479563,5.065,Comp0014,Proxy0001,6,27632,3128,11,168,1251,27176
218629.935607022,0.309,Comp0076,DNS0002,17,50103,53,2,3,134,246
218636.49794653876,10.325,Comp0023,DC0002,6,36890,389,14,18,1384,757
218637.4528937816,0.505,Comp0078,Web0004,6,11071,80,8,16,212,19770
218640.170959867,20.534,Comp0043,Proxy0001,6,39481,3128,10,92,1327,25564
218644.09875645002,12.98,Comp0013,Proxy0002,6,15650,3128,37,42,248,2252
218646.02239292054,8.411,Comp0032,Proxy0002,6,37575,3128,13,55,982,58813
218646.6210866262,0.152,Comp0027,DNS0002,17,9075,53,2,2,113,70
218648.83608867347,2.466,Comp0080,DC0002,6,31190,88,3,4,254,1424
218657.56169994353,4.156,Comp0014,Proxy0001,6,48234,3128,11,152,477,25660
218658.33648880798,2.851,Comp0078,DC0001,6,6319,88,10,11,596,1790
218660.26408655537,2.536,Comp0046,Web0006,6,62998,443,4,48,357,5515
218661.50260302643,0.077,Comp0066,DNS0002,17,50671,53,2,3,123,153
218662.42663244577,0.118,Comp0030,DNS0001,17,38281,53,2,2,42,100
218665.53504521202,11.11,Comp0008,Web0005,6,16879,443,2,50,274,2920
218669.49246751558,1.528,Comp0032,DC0002,6,2464,389,7,9,680,155
218669.94956833406,0.087,Comp0064,DNS0001,17,3819,53,3,3,60,173
218674.37735559454,9.575,Comp0044,Web0003,6,18715,443,6,16,392,15040
218674.42594795197,1.503,Comp0025,Web0004,6,3910,443,5,85,211,26872
218676.70539895404,0.072,Comp0021,DNS0001,17,45676,53,3,2,86,95
218677.5524493969,3.21,Mail0001,Ext0002,6,57040,25,5,5,293,261
218678.0051147793,27.747,Comp0054,FS0001,6,61995,445,17,74,3929,8042
218679.0119540516,2.104,Comp0034,Mail0001,6,10897,993,7,17,394,1428
218685.6143247714,0.275,Comp0062,DNS0001,17,59617,53,3,2,45,117
218691.92334526026,0.058,Comp0018,DNS0001,17,41297,53,2,2,52,102
218693.20327057748,0.049,Comp0076,DNS0002,17,11638,53,3,2,93,137
218700.8983908064,0.322,Comp0001,DNS0001,17,4406,53,2,3,52,111
218700.98328473425,0.93,Comp0008,DC0001,6,18524,389,7,7,250,1569
218707.30232869976,0.582,Comp0042,Web0005,6,48353,443,5,107,1183,2272
218711.82433726813,4.766,Comp0045,Proxy0001,6,11903,3128,31,53,714,39551
218714.05990810823,0.201,Comp0048,DNS0001,17,3095,53,2,3,95,201
218717.8096470039,1.07,Comp0011,Web0001,6,44962,443,7,55,1639,7643
218726.32540239408,0.13,Comp0066,Proxy0002,6,50080,3128,6,51,207,32890
218728.14575179035,8.664,Comp0074,Web0006,6,14093,443,3,31,1815,20174
218729.5307762354,0.084,Comp0024,DNS0001,17,19164,53,3,2,100,148
218730.87763302657,4.656,Comp0054,Proxy0002,6,37650,3128,20,48,2371,16176
218733.5219059746,11.858,Comp0077,Proxy0002,6,56691,3128,6,24,109,5557
218735.18555333646,3.057,Comp0074,Proxy0001,6,10672,3128,4,104,501,28408
218738.8793637195,0.423,Comp0044,DC0001,6,55135,389,7,8,321,1118
218747.51073719864,12.293,Comp0061,Mail0001,6,39928,993,5,19,734,578
218758.32523062595,0.213,Comp0072,DNS0002,17,13004,53,2,2,72,204
218762.3892611487,11.792,Comp0079,FS0001,6,45535,445,36,146,4556,12236
218763.83529381783,0.131,Comp0009,Web0006,6,63790,80,2,29,468,20531
218764.54897856497,5.656,Comp0025,Web0004,6,1589,80,8,18,472,1458
218764.71001065863,0.926,Comp0034,Mail0002,6,6379,587,5,10,456,258
218775.72846456885,2.351,Comp0054,DC0002,6,26112,88,10,6,422,492
218776.63524538273,0.289,Comp0050,DNS0002,17,60478,53,3,3,66,102
218778.98011065103,0.097,Comp0042,DNS0002,17,4405,53,2,4,48,140
218779.8409748383,0.111,Comp0001,Proxy0002,6,61189,3128,7,74,1052,2491
218781.2428067183,0.025,Comp0032,DNS0001,17,24447,53,2,2,85,217
218781.84590830046,0.379,Comp0054,Web0006,6,32957,443,4,36,913,13962
218792.88199764438,3.977,Comp0031,DC0001,6,17077,389,44,5,335,1783
218808.90610593522,0.287,Comp0008,DNS0001,17,22465,53,2,2,46,196
218811.4662396884,4.974,Comp0046,FS0003,6,59390,445,18,73,1630,20273
218816.65237489442,4.336,Comp0014,Proxy0002,6,31891,3128,7,19,1588,15970
218825.32254488973,0.03,Comp0038,Web0004,6,26678,443,7,9,262,29350
218839.7412991313,0.494,Comp0078,DNS0001,17,26336,53,3,2,40,110
218840.0380549556,0.001,Mail0002,Ext0001,6,56868,25,4,10,577,691
218842.3093008848,0.127,Comp0070,DNS0001,17,15998,53,4,4,103,95
218846.59803155265,9.042,Comp0054,FS0002,6,30494,445,15,495,1744,20868
218857.80256056017,12.154,Comp0017,Proxy0001,6,53380,3128,19,64,681,12054
218859.36227888646,2.775,Comp0057,Proxy0002,6,62306,3128,4,32,3412,2657
218859.64304992647,3.732,Comp0001,DC0001,6,23585,88,9,20,178,1191
218863.16199009103,0.054,Comp0061,DNS0001,17,41403,53,3,3,97,69
218870.74856426666,1.854,Comp0042,Proxy0002,6,18317,3128,5,11,1611,782
218877.4369216281,2.259,Comp0057,Web0005,6,15479,443,11,119,1007,12268
218885.24927141884,0.24,Comp0062,Web0003,6,48306,80,7,77,1742,4125
218893.95341813753,12.656,Comp0076,FS0002,6,40460,445,65,206,4934,14708
218896.85376743195,4.903,Comp0075,Web0005,6,16913,443,15,33,1287,5652
218909.55563247862,2.83,Comp0030,Web0005,6,40942,80,47,26,1595,4655
218912.38154796063,0.654,Comp0048,DC0001,6,9463,389,5,5,538,1603
218915.92256819434,0.113,Comp0041,DNS0002,17,31644,53,3,3,76,128
218920.22316809458,12.719,Comp0042,Proxy0002,6,45673,3128,4,27,3569,11809
218921.42308206548,0.915,Comp0068,DNS0001,17,27342,53,3,3,120,76
218923.07723107073,6.672,Web0001,DB0004,6,61989,5432,22,85,1438,16069
218929.44678544078,0.273,Comp0051,DNS0001,17,5700,53,3,4,60,47
218932.408727701,1.563,Comp0019,Mail0001,6,62967,993,3,5,1008,160
218937.7263487284,2.106,Comp0035,FS0003,6,1355,445,23,245,1476,26787
218940.01600781872,19.64,Comp0017,DC0001,6,40287,389,7,8,440,833
218940.77065195795,1.688,Comp0031,DC0002,6,18342,88,5,5,446,1166
218943.054587666,13.104,Comp0077,DC0002,6,31651,88,3,8,459,861
218946.4036576906,48.147,Comp0007,DC0002,6,16568,445,34,51,4111,8373
218958.59539203125,4.031,Comp0078,Mail0002,6,30130,587,3,10,311,283
218960.6570217627,2.837,Comp0051,Web0003,6,11965,443,15,33,662,2140
218960.86167104333,0.036,Comp0008,DNS0002,17,11865,53,2,3,91,178
218962.75088211952,0.012,Comp0005,DNS0001,17,57405,53,2,2,45,119
218963.96910964372,0.418,Comp0071,DNS0002,17,62458,53,2,2,55,142
218965.09026336836,4.317,Comp0064,DC0002,6,24574,389,3,9,474,269
218975.83002360485,0.136,Comp0011,DNS0002,17,33870,53,3,3,85,222
218976.46168207665,4.306,Comp0013,Mail0001,6,34697,993,5,7,930,163
218980.74579794335,0.118,Comp0043,DNS0001,17,64234,53,2,2,29,150
218983.71658875025,0.223,Comp0070,DNS0001,17,59675,53,2,2,55,279
218983.99530404323,0.499,Comp0001,Web0006,6,36368,443,35,22,542,7752
218984.99072154518,2.867,Comp0043,Mail0002,6,52028,993,11,10,64,401
218996.82365461183,0.717,Comp0054,Mail0001,6,57308,993,12,11,1418,2492
219002.44658732158,2.663,Comp0047,Web0002,6,64117,443,7,116,1328,11589
219003.00343162508,5.936,Comp0024,DC0002,6,57183,88,13,6,520,207
219011.8117428419,0.217,Comp0022,Proxy0002,6,60385,3128,8,20,1545,41063
219016.19011302068,2.079,Comp0006,Mail0002,6,39185,993,4,4,236,2936
219021.10402176023,14.393,Comp0059,Web0002,6,5910,443,11,35,320,11629
219022.0206296903,0.282,Comp0053,DC0002,6,52209,389,5,7,831,382
219027.43164836292,0.627,Comp0028,DC0001,6,50629,88,7,10,522,128
219028.26160206634,0.895,Comp0073,Web0005,6,43750,443,5,40,860,2288
219028.3366278764,0.316,Comp0028,Mail0002,6,44641,993,8,4,262,392
219034.69984053896,0.603,Comp0029,Proxy0002,6,6588,3128,10,44,814,4629
219037.20890759598,1.259,Comp0058,Proxy0002,6,2601,3128,26,92,1301,3002
219044.7208963464,2.562,Comp0069,Web0005,6,46140,80,4,15,504,4945
219051.90667553162,0.698,Comp0022,Web0001,6,30166,443,4,11,304,44428
219052.11689406904,0.21,Comp0009,Web0002,6,34142,443,9,30,596,9071
219052.3560281106,6.931,Comp0012,Web0002,6,44012,443,15,20,3775,399816
219055.45334935188,0.042,Comp0023,DNS0002,17,13810,53,2,2,92,525
219061.18847761984,27.173,Comp0022,FS0003,6,58968,445,14,68,6129,136687
219061.97861691087,1.627,Comp0048,Web0003,6,25432,443,13,32,4164,28037
219072.26574411432,0.536,Comp0064,Proxy0002,6,30360,3128,7,23,217,15598
219083.0050147156,0.654,Comp0064,Proxy0001,6,9274,3128,4,40,174,4445
219086.4819521264,0.725,Comp0055,DNS0002,17,18851,53,3,2,80,260
219087.24176250896,0.303,Comp0074,DNS0001,17,5258,53,3,3,43,54
219089.3763235143,16.191,Comp0079,Web0002,6,56221,80,6,40,339,3783
219089.69260771916,0.022,Comp0006,Comp0059,6,57317,22,4,4,1440,31
219104.07600438566,6.493,Comp0052,FS0003,6,54761,445,20,121,1169,24539
219112.5156565482,1.464,Comp0050,Web0005,6,5758,80,5,20,1591,12319
219140.2570757112,0.51,Comp0040,DNS0002,17,36792,53,2,2,42,130
219141.6693991201,2.397,Comp0028,Web0003,6,58745,80,6,485,595,7693
219148.5699495924,1.496,Comp0064,Proxy0002,6,9815,3128,4,58,556,5948
219149.28247702337,0.041,Comp0037,DNS0001,17,34559,53,3,2,25,187
219152.00385322003,0.993,Comp0075,DC0002,6,4917,389,2,4,356,217
219155.32093260484,3.788,Comp0045,FS0001,6,7946,445,25,9,5947,5070
219155.39998009382,12.13,Comp0049,DC0002,6,62277,88,9,10,735,617
219155.82349613495,0.91,Comp0029,Web0004,6,13582,443,8,41,282,2123
219164.90322624956,0.223,Comp0032,DNS0001,17,30195,53,3,2,22,161
219173.50834386662,0.771,Comp0076,Web0003,6,55467,80,7,33,160,1759
219174.13516012457,10.888,Comp0019,Proxy0002,6,46457,3128,6,63,482,7465
219176.49092447117,0.194,Comp0031,DNS0002,17,45298,53,2,2,186,157
219176.75947894098,0.349,Comp0024,DNS0001,17,27240,53,3,3,56,163
219179.6467611696,9.125,Comp0074,FS0002,6,60922,445,36,50,1595,22327
219182.95226745252,6.498,Comp0070,Web0001,6,48613,80,13,63,2334,4121
219183.5488780972,11.651,Comp0030,Web0004,6,52207,80,9,67,819,4230
219193.17809601233,0.643,Comp0074,Web0001,6,58309,80,7,95,1261,1595
219196.73940401876,1.84,Comp0020,Mail0002,6,19200,587,6,5,230,1407
219197.45982515241,11.381,Comp0070,Proxy0001,6,20031,3128,4,24,521,1115
219202.89537571426,1.629,Comp0004,Mail0001,6,1861,587,18,6,603,1336
219203.72304519484,11.575,Comp0021,Web0003,6,23024,443,3,20,795,2399
219211.1291368777,0.158,Comp0068,DNS0001,17,47254,53,3,2,84,290
219211.55369479227,7.079,Comp0039,Mail0001,6,23144,993,9,14,326,2902
219215.29516455386,2.06,Comp0058,Proxy0001,6,34772,3128,5,52,773,3511
219217.4643964553,0.112,Comp0019,DNS0001,17,4362,53,3,4,59,431
219218.10653631305,2.965,Comp0060,Web0005,6,1394,443,15,58,463,14303
219220.89895635762,21.77,Comp0038,DC0002,6,8795,445,14,386,583,2643
219221.52290631388,0.106,Comp0039,DNS0001,17,18409,53,3,2,69,88
219224.10738264257,11.047,Comp0053,DC0002,6,28565,445,4,82,14119,9553
219224.7724836185,11.313,Comp0014,Web0006,6,52787,443,3,35,474,6056
219230.29848728277,4.054,Comp0044,Web0004,6,9552,443,4,59,210,12780
219248.99083105885,3.43,Comp0033,Web0002,6,32748,443,14,46,336,2588
219249.95488409838,4.704,Comp0071,Mail0002,6,19322,993,13,6,121,3373
219259.41163426236,3.612,Comp0004,DC0001,6,14692,88,7,29,259,487
219259.74702526355,3.957,Comp0048,Web0003,6,20833,443,17,31,1728,4831
219259.87132212403,7.526,Comp0053,Proxy0002,6,10449,3128,8,15,450,1911
219271.473796934,0.053,Comp0039,Proxy0001,6,64264,3128,9,56,348,2835
219282.761966007,0.05,Comp0022,DNS0002,17,64551,53,3,3,58,166
219283.71158314822,0.143,Comp0060,DNS0001,17,32832,53,2,2,89,281
219290.4718960356,0.222,Comp0017,DNS0001,17,47655,53,2,4,92,111
219291.18663088448,1.1,Comp0013,DNS0001,17,1397,53,2,3,74,135
219301.44926066152,1.942,Comp0045,Web0001,6,9937,80,7,11,196,5797
219311.41532919137,2.14,Comp0051,FS0003,6,50837,445,15,855,1066,21480
219311.56592731562,5.578,Comp0056,Web0005,6,28156,443,19,44,506,8570
219312.28381777578,2.857,Comp0032,Proxy0002,6,52615,3128,12,69,226,10317
219316.65549924297,0.328,Comp0035,Web0004,6,30666,80,16,24,1454,773
219323.58627637813,0.314,Comp0005,Web0001,6,43556,443,6,142,322,1091
219326.3735839675,8.699,Comp0046,DC0002,6,11248,88,3,7,382,352
219328.42780968937,9.21,Comp0021,DC0001,6,32072,445,25,737,2198,15112
219328.57784708758,1.497,Comp0049,Proxy0002,6,47396,3128,12,23,260,624
219338.7849051801,0.035,Comp0047,DNS0002,17,18621,53,2,2,31,170
219338.99661418938,0.361,Comp0035,Proxy0001,6,45540,3128,6,63,746,3705
219340.20134820224,7.306,Comp0068,Web0006,6,6524,443,15,23,845,1065
219343.6251746707,18.949,Comp0079,FS0002,6,54448,445,8,423,10040,25752
219344.39143284765,2.338,Comp0064,DC0002,6,57676,389,11,8,159,510
219351.97449553592,4.296,Comp0027,Web0002,6,37761,443,58,54,1779,2621
219360.9843413557,0.035,Comp0001,DNS0001,17,26383,53,2,2,119,77
219364.229215748,0.168,Proxy0002,Ext0035,6,56576,443,46,85,1045,982
219364.78591129745,21.715,Web0006,DB0001,6,61899,3306,99,231,4401,22924
219364.80144779192,0.094,Comp0077,DNS0002,17,19430,53,2,3,52,102
219364.867052314,0.423,Comp0016,DC0002,6,61700,88,7,7,300,659
219365.4502230147,2.909,Comp0032,Mail0001,6,6661,587,3,5,208,144
219371.0048228454,1.779,Comp0046,Proxy0001,6,11427,3128,5,53,443,13283
219376.6578796944,0.215,Comp0008,DNS0001,17,39538,53,2,3,188,59
219396.0627100955,0.457,Comp0066,DNS0002,17,6260,53,2,4,41,279
219396.22178960277,0.094,Comp0071,DNS0001,17,61670,53,2,3,97,88
219397.1395635557,0.023,Comp0039,DNS0001,17,23524,53,2,2,47,82
219397.7167982216,0.786,Comp0026,DC0001,6,16297,88,5,10,377,1983
219398.67983736566,8.203,Comp0064,FS0003,6,59740,445,10,246,509,160962
219399.33819755743,0.039,Comp0078,DNS0002,17,36450,53,3,2,69,240
219401.2970286774,0.351,Comp0053,DNS0002,17,32672,53,3,2,94,151
219401.30807848801,8.058,Comp0072,DC0001,6,26209,445,36,71,2683,3736
219402.7600438929,0.165,Comp0004,DNS0001,17,9797,53,3,3,84,226
219410.80434966178,0.349,Comp0064,DNS0001,17,26291,53,2,3,84,237
219419.2024766566,0.324,Comp0004,DNS0001,17,16738,53,2,3,51,190
219420.21159964154,0.083,Comp0059,DNS0001,17,47915,53,2,3,125,410
219423.03185398685,15.899,Comp0019,FS0001,6,49538,445,64,216,3479,19515
219427.21375154244,0.609,Comp0071,DC0001,6,15099,88,8,5,944,234
219429.1603709391,0.011,Comp0056,DNS0002,17,62605,53,2,2,71,61
219429.25977938905,4.867,Comp0023,FS0001,6,34099,445,5,70,3991,1888
219431.95788553712,6.108,Comp0045,Web0002,6,40646,80,5,14,564,8827
219434.4960389172,0.534,Comp0025,Proxy0001,6,55935,3128,5,124,539,8627
219437.2156562078,0.144,Comp0052,DNS0002,17,43997,53,2,2,69,499
219437.29131913328,9.796,Comp0020,DC0001,6,18047,88,6,3,129,1129
219438.2801272415,5.537,Comp0063,Mail0001,6,62252,993,3,2,901,220
219440.9167061887,2.672,Comp0010,Web0001,6,56043,443,6,48,463,855
219442.9193124713,0.097,Comp0026,DC0002,6,41426,389,3,18,287,1079
219444.7993966593,15.101,Comp0071,DC0002,6,23047,88,4,4,682,5040
219455.0916245968,8.838,Comp0069,Proxy0001,6,22632,3128,6,41,2784,33108
219457.97882709105,5.916,Comp0019,Web0002,6,9275,80,8,46,709,24859
219464.63139874252,0.196,Comp0038,DNS0002,17,6942,53,2,3,88,177
219471.30246671598,1.537,Comp0060,DC0002,6,50746,389,4,5,682,544
219474.27891380823,0.076,Comp0048,DC0001,6,21424,88,4,12,867,427
219480.81094615665,0.04,Comp0042,DNS0001,17,57114,53,3,2,35,102
219488.29293539308,6.274,Comp0024,FS0003,6,19692,445,25,45,3472,35849
219491.8827985121,3.319,Comp0071,Proxy0001,6,52291,3128,17,170,554,3776
219495.53342249017,0.142,Comp0006,FS0001,6,52959,445,10,83,1314,11929
219498.04256363184,0.341,Comp0045,Web0001,6,42368,80,3,80,381,1070
219502.40649391612,0.154,Comp0073,DNS0002,17,28488,53,3,2,78,204
219511.50621654396,0.142,Comp0010,DC0002,6,33832,88,7,7,739,664
219511.6826531178,0.134,Comp0080,DNS0002,17,35308,53,3,2,46,224
219526.14574941093,8.327,Comp0008,Proxy0002,6,9360,3128,10,58,944,12482
219530.79195008505,8.539,Comp0006,Comp0014,6,19631,445,34,412,10964,5664
219536.1767143862,3.93,Comp0025,Web0006,6,2240,443,3,26,716,4406
219536.7564364426,5.66,Comp0003,Web0006,6,56206,443,8,56,1554,6394
219540.18328563828,0.805,Comp0008,DNS0002,17,1915,53,2,3,71,85
219540.33706165833,3.811,Comp0010,FS0003,6,63555,445,68,55,2111,19652
219548.65349504037,0.089,Comp0068,DNS0002,17,64648,53,2,2,79,91
219555.54812432826,2.68,Comp0004,Mail0001,6,49135,587,7,11,210,1032
219557.51262947527,0.376,Comp0040,Proxy0002,6,40258,3128,7,18,721,2677
219562.23489230612,2.855,Comp0025,Proxy0002,6,64336,3128,10,59,628,3447
219563.44599947674,0.019,Comp0065,DNS0002,17,33579,53,3,2,77,136
219567.57178375276,0.103,Comp0032,DNS0002,17,48788,53,2,2,99,368
219572.12548050645,0.088,Comp0064,DC0001,6,21278,88,9,4,353,192
219580.4608842378,0.288,Comp0012,Web0004,6,2503,443,8,26,554,13856
219580.48912191504,3.047,Comp0023,Mail0002,6,16885,993,3,7,260,1092
219585.94534591096,0.012,Comp0053,DNS0001,17,30894,53,3,2,98,296
219587.93376632943,0.157,Comp0037,DNS0001,17,26159,53,2,2,86,335
219588.8216544133,24.675,Comp0023,DC0002,6,26413,445,20,26,2991,10470
219593.4204686627,9.915,Comp0006,DC0002,6,2725,445,6,106,887,20996
219594.78505097836,0.32,Comp0038,DNS0002,17,36770,53,3,3,43,134
219596.87021868484,0.26,Comp0051,DC0002,6,14886,389,7,2,112,180
219604.83529051067,6.456,Comp0060,Web0006,6,64598,80,15,52,774,3712
219609.47651693274,0.031,Comp0062,DNS0001,17,21138,53,2,2,78,146
219611.50510256868,3.958,Comp0019,Web0003,6,1617,80,12,32,440,84260
219612.69073838418,6.295,Comp0073,Proxy0001,6,21395,3128,9,275,2160,983
219622.1514867316,0.52,Comp0041,Web0003,6,14323,443,9,19,295,6592
219623.91640323048,1.327,Comp0062,Proxy0001,6,58076,3128,6,23,1223,13378
219631.87189519103,0.767,Comp0027,Proxy0002,6,33875,3128,47,18,3568,12059
219632.81972806813,6.106,Comp0010,Web0003,6,16253,443,10,38,3419,2640
219636.4449166896,9.494,Comp0013,FS0001,6,24587,445,118,183,4377,38862
219642.38791585414,12.752,Comp0075,FS0002,6,10606,445,10,62,4945,241503
219643.58953735407,11.882,Comp0075,Web0005,6,42873,80,9,10,977,9149
219649.73716544796,0.937,Comp0036,Web0004,6,64041,443,11,21,519,1508
219652.79239403483,0.152,Comp0013,DNS0002,17,39069,53,2,2,80,412
219653.2542499659,3.129,Comp0013,DC0001,6,55510,88,5,6,132,1278
219655.83881770622,1.84,Comp0076,Web0002,6,30851,443,6,26,147,26050
219658.08507871002,0.322,Comp0057,Web0003,6,17137,443,7,24,570,9745
219663.95301805172,8.513,Comp0076,Web0003,6,37001,443,9,80,272,10914
219667.47925217776,6.54,Comp0004,Web0002,6,37010,80,12,55,197,9103
219669.25505210785,0.035,Comp0024,DNS0002,17,55507,53,2,2,83,252
219670.81188895862,10.869,Comp0016,Proxy0002,6,29689,3128,7,131,701,19823
219673.73415478898,0.414,Comp0049,DNS0002,17,64546,53,3,3,164,91
219674.73438229435,2.711,Comp0021,DC0001,6,14621,389,8,17,548,577
219676.2806154503,0.015,Comp0080,DNS0001,17,58460,53,2,3,78,145
219677.65748906467,16.233,Comp0075,Proxy0001,6,58504,3128,10,29,293,24084
219681.26285286856,0.002,Comp0008,DNS0001,17,5053,53,3,2,185,102
219687.95919990155,11.771,Comp0019,Mail0001,6,39377,993,6,3,349,344
219691.4766304824,1.816,Comp0017,DC0002,6,22930,445,19,780,5065,8163
219699.32473602088,5.721,Comp0006,Comp0044,6,8107,22,8,28,253,23
219699.89474747752,0.255,Comp0047,DNS0002,17,61314,53,2,4,58,100
219702.95710029022,1.015,Comp0065,DC0002,6,23245,88,3,6,424,141
219703.5029470274,0.14,Comp0071,DNS0002,17,8600,53,3,2,161,490
219708.21243457356,0.794,Comp0077,Web0006,6,38698,80,4,20,309,3565
219709.60251414616,7.362,Comp0015,FS0003,6,48059,445,42,37,2223,90180
219710.42498596216,7.566,Comp0060,Web0004,6,43650,443,9,29,743,51744
219712.91906900186,4.499,Comp0016,Web0002,6,4708,443,8,38,449,5350
219713.1437640008,0.102,Comp0020,DNS0002,17,63740,53,2,3,57,209
219714.1788762807,0.024,Comp0070,DNS0001,17,53854,53,2,3,43,155
219716.1005998512,0.588,Comp0054,FS0003,6,7574,445,34,384,3971,7840
219730.5604518662,1.924,Proxy0002,Ext0026,6,59503,443,16,44,1804,12579
219730.70668716595,0.256,Comp0050,DNS0001,17,35031,53,2,3,72,208
219733.51741702738,0.739,Comp0080,DNS0002,17,14751,53,3,3,83,180
219740.089466781,0.176,Comp0043,DNS0001,17,19401,53,2,2,105,107
219747.49154181324,0.054,Comp0037,DNS0001,17,46775,53,2,3,92,69
219748.9046341569,3.835,Comp0030,Web0002,6,39586,443,6,80,1724,1100
219761.51129423702,14.714,Comp0006,FS0002,6,62078,445,16,150,908,9327
219770.47122685701,0.25,Comp0055,DNS0001,17,51682,53,2,4,78,164
219772.05517923323,2.227,Comp0051,Web0001,6,28800,443,10,23,810,1094
219773.07971246872,0.805,Comp0035,Web0001,6,41462,443,5,23,754,3865
219778.4952015053,0.11,Comp0079,DNS0001,17,56148,53,2,3,107,212
219783.33043976547,7.072,Comp0065,DC0002,6,32739,445,24,16,1570,4996
219783.95551858674,11.512,Comp0014,DC0001,6,40044,445,12,69,3429,42680
219790.54350385998,0.356,Comp0051,Web0004,6,3609,443,3,31,1800,195947
219791.00298031158,25.574,Comp0020,Web0002,6,64932,443,15,28,422,8293
219792.04498828526,4.474,Comp0038,Web0006,6,57385,443,6,84,169,2122
219793.9691469798,1.824,Web0005,DB0003,6,25361,3306,13,42,1696,9586
219798.9172073401,0.019,Comp0066,DNS0002,17,48335,53,3,3,63,148
219799.98557891112,6.712,Comp0069,FS0002,6,10680,445,53,37,3898,15432
219803.3706221869,0.929,Comp0059,FS0003,6,52904,445,20,531,3311,116998
219803.4454571237,0.991,Comp0061,DC0002,6,50317,445,3,68,2563,4882
219806.56178632786,1.91,Comp0063,Web0004,6,41108,443,21,34,2759,12184
219810.1089686446,3.889,Comp0041,Web0003,6,6935,80,20,118,1440,3930
219812.3413048046,0.113,Comp0068,DNS0001,17,46412,53,2,2,130,188
219812.36687044823,0.388,Comp0034,DNS0001,17,24739,53,2,2,141,136
219815.6620166819,6.829,Comp0072,Web0006,6,41933,80,8,29,1185,4070
219816.51267903546,2.0,FS0001,DC0002,6,35912,88,10,13,3214,1662
219818.20451791596,1.004,Comp0070,DC0002,6,19969,389,5,12,495,523
219818.64044927972,0.205,Comp0043,DNS0002,17,39967,53,3,4,66,129
219819.1056491664,0.258,Comp0030,DNS0002,17,46301,53,2,3,64,139
219822.0558832829,3.472,Comp0067,Proxy0001,6,38649,3128,8,11,897,8086
219825.37823345966,2.196,Comp0022,Web0005,6,47358,443,13,15,2601,1208
219835.52805556462,4.215,Web0002,DB0003,6,33613,3306,24,51,2149,11916
219837.5947212166,0.09,Comp0060,DNS0001,17,25941,53,2,2,54,154
219838.20600277596,3.399,Comp0067,Web0004,6,52797,443,11,23,216,1514
219839.56479167577,0.259,Comp0064,DNS0002,17,6649,53,2,3,81,75
219839.89803581606,0.025,Comp0057,DNS0001,17,46808,53,2,2,68,304
219843.55135668078,0.115,Comp0071,DNS0001,17,52694,53,2,3,128,133
219845.28461112012,2.646,Comp0047,Web0002,6,22128,443,21,19,2625,2750
219847.41151744267,0.481,Comp0019,DC0001,6,25521,389,4,28,520,2599
219853.57997754426,13.058,Comp0079,Web0004,6,53034,443,5,38,184,60221
219854.08923351608,0.107,Comp0039,DNS0002,17,22063,53,2,2,91,152
219858.44149392605,1.173,Comp0035,Web0005,6,59633,443,5,64,566,1887
219859.5811791898,2.183,Proxy0002,Ext0002,6,34554,80,5,80,1204,26494
219861.05745565114,19.059,Comp0006,FS0003,6,10647,445,34,282,662,19614
219862.10846469627,2.463,Proxy0001,Ext0013,6,53579,443,6,48,4926,7669
219868.99274500704,2.814,Comp0076,Mail0001,6,16910,993,2,9,862,918
219872.2688223907,0.089,Comp0044,DNS0002,17,6700,53,2,3,116,102
219876.9619545964,5.403,Comp0070,DC0001,6,19238,88,2,12,443,1107
219885.43362908758,0.234,Comp0020,DNS0002,17,24466,53,3,3,60,112
219891.87266969125,3.41,Comp0048,FS0001,6,18200,445,38,70,2262,60797
219894.09992263326,1.479,Comp0031,Web0001,6,40204,443,6,22,1708,1865
219894.7366134666,6.54,Comp0041,Mail0002,6,59327,587,7,3,205,426
219895.92877438403,0.02,Comp0073,DNS0002,17,27378,53,3,3,36,138
219899.11516656,7.071,Comp0048,Web0004,6,35920,443,6,82,1302,17424
219899.61342160928,3.956,Comp0026,Mail0002,6,42462,587,6,3,7436,1085
219901.82753976042,2.468,Comp0022,Web0002,6,16408,443,9,22,3043,5731
219903.36835175072,1.637,Comp0039,Proxy0001,6,10249,3128,9,34,267,21087
219904.88835288593,5.542,Comp0063,FS0001,6,11635,445,8,19,9451,1612
219910.6911496637,2.243,Comp0045,Proxy0002,6,32936,3128,4,22,1311,3456
219919.5287055507,5.29,Comp0074,DC0001,6,17603,88,3,7,155,376
219922.87655499036,1.788,Mail0001,Ext0000,6,62827,25,5,10,366,355
219925.4492153714,24.713,Comp0019,FS0002,6,56430,445,6,2383,4397,1960
219926.59315960383,34.746,Comp0019,FS0001,6,44081,445,81,62,523,37377
219938.31815833857,5.046,Comp0034,DC0002,6,43520,88,3,19,207,101
219940.74549000154,0.059,Comp0008,DNS0002,17,5669,53,3,2,48,131
219946.7725940036,0.169,Comp0029,DNS0001,17,28765,53,3,2,61,90
219946.92128788185,0.136,Comp0020,DNS0002,17,23639,53,2,3,42,72
219948.9788122742,2.961,Comp0042,FS0001,6,60031,445,31,286,3755,10603
219960.92970163468,0.098,Comp0028,DNS0002,17,43252,53,2,3,123,176
219962.88918714732,0.165,Comp0068,DNS0002,17,45208,53,2,3,66,139
219963.20581758415,0.415,Comp0013,Proxy0002,6,51050,3128,7,14,345,12144
219964.34149802406,26.736,Web0004,DB0002,6,24320,3306,26,132,1990,5349
219965.34516367246,32.697,Comp0080,FS0001,6,64833,445,25,292,3094,3579
219969.10186694565,6.618,Comp0073,Web0002,6,44190,443,16,60,3042,83860
219975.28545238398,1.858,Comp0038,Web0001,6,36405,443,29,59,469,2970
219980.69768329317,2.679,Comp0059,Web0005,6,3996,443,21,53,282,14442
219981.6845269904,0.198,Comp0011,DNS0002,17,23200,53,3,3,86,184
219983.10857300248,1.542,Comp0033,Web0001,6,47598,443,5,42,576,16347
219984.66812115512,0.171,Comp0049,FS0002,6,52137,445,6,39,5977,27123
219988.382565026,1.245,Comp0038,FS0002,6,23661,445,20,42,4671,8253
219991.25116637186,0.193,Comp0002,DNS0002,17,6290,53,3,3,79,127
219993.561781345,0.027,Comp0039,DNS0001,17,11608,53,2,2,73,167
219998.87574787682,29.315,Comp0069,Web0006,6,20586,443,3,10,1425,3894
220005.4531696032,0.021,Comp0022,DNS0002,17,59507,53,2,3,107,139
220017.9879025779,2.211,Comp0072,DC0002,6,49009,389,5,4,587,254
220021.12289030504,3.329,Comp0080,Web0003,6,32700,80,17,62,2115,2014
220025.87332718342,0.08,Comp0039,DNS0001,17,24231,53,2,3,87,56
220027.13100807215,2.67,Comp0044,DC0002,6,43882,389,11,7,2191,752
220032.09357519512,0.565,Comp0048,DC0001,6,25724,88,7,6,659,1361
220035.29056442814,0.441,Comp0011,Mail0001,6,43965,993,4,4,849,5082
220035.5662363596,0.853,Comp0025,FS0003,6,7122,445,15,80,315,6492
220036.3307662913,20.515,Comp0026,Web0002,6,24917,443,13,10,1046,1639
220045.81543845093,25.058,Comp0048,FS0003,6,48793,445,13,160,25050,7004
220046.96820826,3.405,Comp0022,Web0004,6,3451,443,42,22,1332,5913
220049.3893792427,4.555,Comp0072,Proxy0002,6,24222,3128,10,14,371,25468
220050.8472646746,3.826,Comp0035,DC0001,6,45403,88,11,5,1235,607
220054.2588022126,2.955,Comp0069,Web0006,6,37269,443,11,101,111,9326
220054.43508821493,1.135,Comp0010,Web0004,6,2581,443,18,11,767,62938
220057.82804042104,23.623,Comp0068,Proxy0002,6,25088,3128,10,46,538,8536
220057.97300087946,0.206,Comp0012,Web0006,6,44984,443,9,40,131,466
220059.7560852906,1.241,Comp0057,Proxy0001,6,10484,3128,22,33,499,7903
220068.46927440402,2.481,Comp0017,FS0001,6,63617,445,24,67,32262,1589
220068.73202349222,0.028,Comp0001,DNS0002,17,64784,53,2,2,46,132
220070.1387710953,0.002,Comp0036,DNS0002,17,43319,53,2,3,43,277
220074.56874301253,2.54,Comp0022,Comp0011,6,61486,3389,5,20,1322,439
220076.04115609662,0.013,Comp0069,DNS0002,17,51492,53,2,4,50,248
220077.14875591555,1.976,Comp0064,Web0002,6,25371,443,24,42,417,4821
220079.63260925357,0.081,Comp0004,DNS0002,17,10733,53,2,3,106,126
220086.2364188681,3.07,Comp0080,Web0005,6,32414,443,17,26,1445,5729
220089.22695686348,0.4,Comp0032,DC0001,6,35301,88,7,10,383,258
220089.78757174234,6.194,Comp0060,Proxy0002,6,37443,3128,11,15,529,2571
220091.0350304052,2.37,Comp0044,Proxy0002,6,16353,3128,5,61,814,15705
220096.53673731477,1.226,Comp0056,Web0005,6,62084,80,22,19,3197,13346
220096.59053566898,1.04,Comp0058,DC0001,6,45818,389,4,21,96,368
220100.12211635272,0.082,Comp0060,DNS0001,17,52840,53,3,2,104,58
220101.53508690832,0.083,Comp0038,DNS0001,17,14457,53,2,2,58,311
220107.67743067228,3.674,Comp0079,FS0001,6,1620,445,33,25,2422,6723
220108.58148691757,9.929,Comp0068,DC0001,6,51567,445,31,62,893,16503
220112.0471585004,4.017,Comp0049,Web0003,6,53900,443,8,65,615,65562
220115.46581641174,2.566,Comp0015,Web0006,6,15854,80,6,33,714,2399
220119.80899043987,5.751,Comp0004,Web0003,6,58936,443,5,11,513,3678
220119.99555779173,2.454,Comp0026,FS0001,6,36331,445,19,164,1355,25143
220121.43099930297,4.5,Comp0015,Web0006,6,37649,443,9,28,1258,7720
220124.5432610889,26.107,Comp0077,DC0001,6,7639,445,25,218,1470,94905
220130.7181372529,0.02,Web0004,DNS0002,17,24484,53,2,3,118,207
220131.9178758396,16.592,Comp0049,Web0001,6,40308,443,14,71,485,28295
220136.78679533012,5.006,Comp0036,Web0002,6,61863,443,4,24,253,70573
220144.45464440127,2.101,Comp0060,DC0001,6,58320,445,4,360,576,1144
220145.01239878987,0.004,Comp0049,DNS0001,17,50810,53,3,3,98,241
220146.62467306247,1.861,Comp0045,Web0001,6,6888,80,9,20,4624,2649
220155.8043646528,0.163,Comp0053,DNS0002,17,13453,53,2,2,93,134
220156.67867817427,3.308,Comp0011,Proxy0001,6,2769,3128,15,117,414,59606
220163.5864801192,23.314,Comp0077,FS0003,6,37250,445,17,107,5249,20287
220170.32450572553,0.065,Comp0019,DNS0002,17,31051,53,3,3,36,168
220173.05996152092,7.514,Comp0050,DC0001,6,31959,389,8,3,79,5275
220177.61912274885,4.733,Comp0043,DC0001,6,46317,88,3,16,1160,276
220183.49905564333,0.579,Comp0054,DC0002,6,20717,389,8,8,745,829
220193.97860486276,9.302,Comp0080,FS0002,6,5325,445,10,81,3978,23037
220202.68219783073,7.811,Comp0032,DC0001,6,60244,389,16,26,849,113
220206.8511561336,0.001,Comp0072,DNS0002,17,13748,53,3,3,46,154
220207.15295354827,2.032,Comp0015,Web0003,6,54782,443,5,35,751,2769
220208.55557753678,14.613,Comp0026,Web0001,6,3560,443,12,34,165,7306
220209.83057548074,4.469,Comp0047,Web0004,6,35948,443,10,38,1447,12664
220212.0891684962,5.091,Comp0069,DC0001,6,6809,445,28,390,2319,8193
220214.13280231,0.453,Comp0074,DNS0002,17,22103,53,2,3,59,198
220215.2896778054,2.039,Comp0074,Mail0001,6,16995,587,8,8,185,1829
220216.03510122787,0.881,Comp0056,DNS0002,17,19849,53,3,3,24,115
220221.06840605335,6.09,Comp0025,Web0005,6,51335,443,8,35,378,13293
220222.41851727816,5.809,Comp0075,Mail0001,6,27315,993,7,5,541,748
220222.58449584956,3.154,Comp0060,Proxy0002,6,3764,3128,17,45,213,9173
220224.63080421893,14.261,Comp0039,FS0002,6,48366,445,23,151,902,7663
220227.66746330075,0.008,Comp0021,DNS0002,17,24118,53,3,2,93,285
220230.0103217393,7.979,Comp0007,Web0006,6,45811,443,7,27,921,4079
220231.65775272116,8.448,Comp0048,FS0001,6,32344,445,11,58,1436,3412
220233.52207575337,1.887,Comp0058,Proxy0002,6,62805,3128,9,90,362,11483
220237.72420908097,3.61,Comp0035,Web0005,6,13408,443,3,169,2192,4006
220238.2637082226,11.064,Comp0034,Web0006,6,2160,80,2,21,1946,5565
220239.37118763305,3.444,Comp0005,Web0004,6,4813,443,4,21,1046,9551
220246.79787474292,0.177,Comp0032,DNS0001,17,61411,53,2,3,108,309
220252.68820508162,5.503,Comp0013,Web0002,6,62712,443,9,75,803,1683
220255.76737834554,1.245,Comp0026,Web0003,6,17154,80,5,26,576,14591
220259.0297532951,11.343,Comp0033,FS0002,6,28037,445,32,52,2148,39039
220260.84248823827,0.009,Comp0021,DNS0001,17,3188,53,2,2,33,86
220270.9877413937,1.114,Comp0067,Web0006,6,8889,443,18,24,127,15303
220276.67467548535,0.232,Comp0027,DNS0002,17,61453,53,3,2,48,162
220279.9630605188,6.116,Comp0003,Web0004,6,39161,443,7,28,90,3949
220281.77228106585,0.044,Comp0010,DNS0002,17,61324,53,2,4,99,141
220281.90511987216,12.494,Comp0001,Proxy0002,6,8627,3128,15,59,698,1488
220283.07851044816,11.14,Comp0024,Proxy0001,6,17358,3128,8,38,652,12952
220290.13446339132,0.063,Comp0060,DNS0001,17,62207,53,2,2,82,193
220290.9697663646,0.017,Comp0015,DNS0002,17,39189,53,2,3,143,128
220293.16838028817,0.047,Comp0046,DNS0002,17,3561,53,2,2,48,139
220302.58451400007,5.03,Comp0043,Proxy0001,6,18003,3128,6,21,908,13783
220303.62336948756,0.301,Comp0007,DNS0001,17,25453,53,3,2,66,142
220307.33884107758,0.066,Comp0061,DNS0002,17,29275,53,2,2,42,91
220308.5089429011,0.657,Comp0051,DNS0001,17,56211,53,3,3,40,177
220311.15993820864,2.772,Comp0057,Proxy0002,6,4769,3128,4,13,836,6240
220313.01868178265,2.142,Comp0041,DC0002,6,13756,88,4,4,1472,566
220313.673411876,6.516,Comp0045,Web0002,6,35772,443,26,12,4300,5552
220317.30981856454,0.084,Comp0012,DNS0002,17,56619,53,3,2,63,145
220321.00832462253,0.486,Comp0070,Web0003,6,44593,443,10,51,2674,2151
220328.94625104242,0.171,Comp0050,DNS0002,17,25624,53,3,2,52,121
220333.2998251969,4.232,Comp0035,Web0002,6,48505,80,43,38,339,1280
220354.76508104205,3.566,Comp0052,FS0002,6,52127,445,6,23,3948,6564
220356.6372930155,1.147,Comp0014,Proxy0001,6,56142,3128,13,103,743,3846
220359.06514650834,5.359,Comp0012,Mail0001,6,60152,993,7,6,121,616
220360.1328588004,0.25,Comp0021,DNS0002,17,64742,53,2,2,33,182
220367.31280668106,0.156,Comp0014,DNS0001,17,57355,53,2,2,44,309
220369.9448499806,4.124,Comp0063,FS0001,6,8446,445,14,61,7480,24915
220372.7142374213,1.811,Comp0060,Proxy0002,6,21994,3128,30,19,273,3197
220374.9578428575,0.217,Comp0060,DNS0002,17,10811,53,2,3,99,81
220380.321511582,0.043,Comp0060,DNS0002,17,31473,53,2,3,37,173
220380.54417834445,2.18,Comp0029,FS0002,6,61132,445,53,273,587,9099
220381.92694215634,2.119,Proxy0001,Ext0003,6,9039,443,20,211,3154,15404
220382.945734783,7.734,Comp0004,Web0005,6,12163,443,7,11,261,12266
220385.7974245192,0.249,Comp0063,DNS0001,17,50582,53,2,4,89,128
220389.58500383646,0.613,Comp0070,DNS0001,17,56174,53,2,2,56,103
220393.8303838936,0.068,Comp0040,DNS0001,17,64850,53,3,3,101,123
220395.58735879965,0.205,Comp0070,DNS0002,17,3552,53,2,2,30,159
220398.52753343317,8.614,Comp0016,Web0001,6,48859,80,5,21,1017,16793
220399.34261398992,0.118,Comp0049,DNS0001,17,45993,53,2,2,42,102
220404.43435361626,3.379,Comp0077,Mail0002,6,37607,993,4,8,1210,945
220407.68122925423,8.068,Comp0077,Web0006,6,41972,443,7,58,123,4483
220413.72548847168,35.469,Comp0068,FS0003,6,23921,445,48,106,561,9387
220424.44156829023,0.158,Comp0057,DNS0001,17,17900,53,2,3,58,124
220424.8059174774,0.105,Comp0075,DNS0002,17,53082,53,2,4,31,112
220425.3318415266,0.449,Comp0049,DNS0001,17,48789,53,2,3,78,217
220426.75227442014,5.297,Comp0025,Web0004,6,34367,443,17,39,1325,27276
220432.6783957453,0.387,Comp0057,DNS0002,17,61059,53,2,3,98,77
220434.97101093235,8.82,Comp0017,FS0003,6,27774,445,75,196,4136,4909
220437.59563113906,1.201,Comp0040,Mail0002,6,29492,587,12,10,511,888
220443.3961520916,0.018,Comp0037,DNS0002,17,10464,53,2,2,60,89
220443.70936550642,2.779,Comp0061,Web0006,6,63775,443,4,103,1524,13137
220444.99961875344,11.085,Comp0063,Web0005,6,63980,443,7,32,220,2355
220448.27057050326,0.069,Comp0043,DNS0001,17,56334,53,2,2,69,93
220449.2722750036,0.486,Comp0038,DNS0001,17,23381,53,2,3,72,175
220451.04657275253,3.242,Proxy0002,Ext0034,6,62079,443,4,21,1239,6786
220462.5052920386,2.974,Comp0051,Web0002,6,8515,443,3,10,935,2885
220464.08710197746,3.58,Proxy0002,Ext0029,6,20547,80,4,44,1906,21988
220467.67855729084,2.893,Comp0011,DC0001,6,17880,3389,9,25,231,824
220471.74865041644,7.983,Comp0045,Web0005,6,1402,80,7,40,1355,4778
220472.47250670905,0.161,Comp0026,DNS0002,17,16506,53,2,3,59,60
220473.13841795624,0.356,Comp0080,Web0004,6,4619,80,9,50,223,7406
220473.2920145013,0.183,Comp0004,DC0001,6,61168,88,9,5,117,356
220476.770999941,19.793,Comp0007,FS0002,6,8593,445,13,563,995,19516
220484.275452659,3.083,Comp0040,Proxy0001,6,37687,3128,27,30,1106,17682
220485.70252661646,6.074,Comp0029,DC0001,6,16727,389,11,9,168,1675
220486.45728549326,3.421,Comp0014,Proxy0001,6,30165,3128,7,56,568,10808
220487.394163806,4.367,Comp0051,Mail0002,6,33367,587,13,3,275,1305
220490.3285346789,0.575,Comp0014,Proxy0001,6,56673,3128,16,155,665,476
220503.1388391909,15.856,Comp0005,FS0003,6,52613,445,10,156,1912,7357
220508.37063023707,1.619,Comp0070,Web0005,6,15226,443,5,278,181,2272
220521.47488575283,3.696,Comp0054,Web0002,6,60633,443,11,30,3720,30236
220526.80916139504,4.942,Comp0076,FS0002,6,65184,445,10,300,746,58253
220532.9044790916,1.038,Comp0037,Web0006,6,62283,80,15,36,260,8269
220535.97336448057,12.827,Comp0072,FS0003,6,12003,445,20,48,1347,11269
220541.38373780347,11.26,Web0001,DB0001,6,2722,3306,42,20,5817,37512
220544.62864579388,0.15,Comp0006,DNS0001,17,29422,53,3,3,53,298
220545.73299891426,0.366,Comp0012,DNS0002,17,31027,53,3,3,141,174
220546.0485889943,1.262,Comp0065,DC0001,6,49965,389,9,6,201,427
220547.97605145385,10.77,Comp0064,FS0003,6,19359,445,30,123,737,12614
220548.02686152645,0.034,Comp0061,DNS0002,17,52925,53,3,3,87,144
220555.6270014837,7.541,Comp0079,Proxy0001,6,8171,3128,12,25,72,12734
220558.17877299158,0.109,Comp0077,DNS0002,17,42458,53,2,3,108,78
220561.59431383602,1.028,Comp0038,Proxy0002,6,64006,3128,16,36,1425,20011
220572.95343818358,0.08,Comp0049,DNS0002,17,40679,53,2,3,77,147
220577.22050593855,0.095,Comp0079,DNS0002,17,63841,53,2,3,69,259
220584.01065498727,3.195,Comp0080,DC0002,6,51464,389,5,8,396,2816
220589.1051061791,1.633,Comp0016,DC0002,6,15328,389,4,4,1551,278
220591.20112350906,0.301,Web0001,DC0002,6,41952,389,10,4,79,652
220591.4735175685,5.518,Comp0035,Web0005,6,36416,443,13,30,381,7435
220603.248843643,71.505,Comp0022,FS0001,6,8550,445,27,47,394,2498
220605.15794198643,0.025,Comp0005,DNS0002,17,32350,53,5,3,43,63
220606.84122852358,0.069,Comp0013,DNS0001,17,6159,53,2,3,76,235
220607.99445055285,2.552,Web0004,DB0001,6,44566,3306,9,200,842,961
220609.42428311097,21.204,Comp0076,Web0001,6,3648,443,4,45,213,6117
220619.06214070952,6.423,Comp0036,Web0003,6,11515,80,15,73,2459,116413
220620.10981067037,2.551,Web0003,DC0002,6,29556,389,6,4,568,322
220631.26562943423,0.048,Comp0056,Web0004,6,41138,443,18,49,1101,8350
220641.23893397674,0.724,Comp0020,Mail0001,6,8584,993,3,5,645,1118
220646.2328208494,0.165,Comp0074,DNS0001,17,40186,53,3,3,121,143
220649.07837564763,13.016,Comp0065,FS0001,6,19676,445,23,131,3769,2199
220651.5469886429,0.039,Comp0044,DNS0002,17,19870,53,2,2,67,188
220660.07316373358,0.514,Comp0034,DNS0002,17,22330,53,3,2,63,73
220665.45518107503,0.002,Comp0039,DNS0002,17,31682,53,3,2,55,162
220682.20849100928,3.321,Comp0004,Proxy0002,6,46608,3128,5,45,562,3229
220682.78306010374,7.05,Comp0001,Web0004,6,15800,443,5,15,1774,15187
220686.31405962206,0.237,Comp0063,DNS0002,17,49038,53,2,3,86,78
220691.5285801371,9.02,Comp0037,Web0005,6,18022,443,10,121,399,9147
220694.0651484239,1.202,Comp0035,Web0002,6,46768,80,17,15,836,996
220695.7470918648,0.769,Comp0045,Mail0001,6,5936,993,5,9,369,72
220696.61651781862,14.799,Comp0053,DC0001,6,36499,445,4,32,1624,13084
220697.30372752226,14.179,Comp0072,FS0003,6,7240,445,117,90,1275,4141
220699.5397522864,3.61,Comp0069,DC0001,6,7770,88,6,7,226,692
220701.51135490736,0.208,Comp0030,DNS0002,17,57834,53,2,3,52,85
220702.16077171644,0.558,Comp0052,DC0002,6,40384,389,5,9,507,238
220703.3704723727,8.179,Comp0079,Proxy0001,6,18110,3128,8,129,2507,10270
220705.0585455991,0.626,Comp0053,Mail0001,6,8099,993,4,18,720,3066
220705.39045997895,2.217,Comp0027,Web0003,6,24783,443,5,88,2905,2136
220711.84499220687,8.602,Comp0052,Mail0002,6,29301,587,6,24,748,680
220718.88341623568,1.017,Comp0049,Web0005,6,59555,443,8,20,584,16693
220725.25929818465,0.09,Comp0052,DNS0001,17,33537,53,3,3,55,449
220729.0433427204,1.786,Comp0037,Web0004,6,41189,443,4,42,199,4820
220729.25217924739,0.251,Comp0046,DNS0001,17,5351,53,3,3,57,130
220731.84608885666,43.972,Comp0073,DC0002,6,12913,445,8,193,943,11686
220733.52688988674,0.438,Comp0076,Proxy0002,6,22447,3128,7,45,1447,10111
220736.49979073604,7.697,Comp0066,Web0003,6,18309,80,7,18,2643,77411
220743.04118579824,2.233,Comp0057,Web0005,6,11930,443,9,63,503,13821
220757.17760959888,8.127,Comp0070,Web0003,6,61412,443,7,30,704,30634
220758.5428738817,0.146,Comp0007,DNS0001,17,24487,53,3,3,55,118
220759.08492279568,0.06,Comp0065,DNS0002,17,11068,53,3,3,58,228
220767.68489921786,0.001,Comp0002,DC0002,6,46197,389,10,22,266,1856
220776.04703097252,1.009,Comp0011,Mail0002,6,21776,587,2,5,500,896
220777.69555505362,0.511,Comp0018,DNS0002,17,5225,53,3,3,143,231
220783.1415729458,3.273,Comp0063,Web0004,6,62911,443,4,101,389,10262
220785.0206972676,4.785,Comp0021,Web0001,6,40469,443,12,25,179,5144
220788.58683224642,3.409,Comp0027,Web0002,6,47169,443,10,119,2301,4340
220791.08180858567,0.975,Comp0064,DC0001,6,20679,389,5,9,1937,1197
220795.62628195967,21.727,Comp0048,FS0002,6,14281,445,32,384,1884,3406
220803.8747876873,4.435,Comp0062,DC0002,6,5378,88,10,15,474,471
220804.0766237009,8.926,Comp0021,Proxy0002,6,55219,3128,4,76,1010,4502
220818.61118210483,29.805,Comp0007,DC0002,6,59421,445,20,127,604,17626
220832.73248288545,8.582,Comp0012,Web0003,6,13665,443,10,16,308,41851
220833.47397003227,1.987,Comp0054,DC0001,6,61885,88,10,6,534,950
220833.8084822111,13.422,Comp0045,Web0003,6,43477,443,9,15,1129,8209
220843.86285684202,1.633,Comp0078,Web0005,6,58271,80,14,28,214,9342
220845.01578002595,6.219,Comp0002,DC0001,6,32872,88,4,6,94,2571
220845.04898356815,0.024,Comp0056,DNS0002,17,24638,53,2,2,81,142
220850.72618092503,0.023,Comp0073,DNS0001,17,48239,53,2,2,132,186
220854.699509666,0.039,Comp0041,DNS0001,17,53045,53,2,2,90,86
220858.74602300482,7.799,Comp0055,DC0002,6,34433,88,6,10,69,755
220859.25606987078,0.018,Comp0079,DNS0002,17,40658,53,2,2,56,187
220860.6926215972,16.91,Comp0071,Web0005,6,19288,80,16,19,865,11282
220861.68085370504,16.146,Comp0057,Mail0002,6,9315,993,3,4,275,833
220865.88749794225,0.814,Comp0022,DC0002,6,12841,88,3,10,523,685
220873.89597313054,1.467,Comp0062,FS0003,6,13220,445,18,52,1945,19643
220877.65235761512,6.831,Comp0005,Web0004,6,7575,80,8,126,2693,3546
220878.46568384778,2.738,Comp0055,Web0001,6,63144,443,8,76,276,8976
220879.3419535682,0.156,Comp0029,DNS0001,17,40837,53,2,3,53,156
220880.1962921921,2.397,Comp0050,DC0002,6,41309,88,6,5,576,564
220883.31472191436,1.017,Comp0076,DC0001,6,46159,88,10,8,666,862
220886.8670245596,3.294,Comp0069,Mail0002,6,14462,993,3,4,3452,319
220888.14461179735,3.458,Comp0046,Web0005,6,8236,443,10,14,1506,17903
220902.33238457987,5.732,Comp0030,Web0002,6,20383,443,8,94,753,10564
220903.72415109843,5.464,Comp0064,Web0004,6,30660,443,8,40,1260,26437
220903.763228168,0.0,Comp0046,DNS0002,17,62370,53,2,3,161,233
220911.3482913203,0.955,Comp0031,DC0002,6,33495,88,6,19,459,130
220911.8807342756,1.258,Comp0058,Web0004,6,8996,443,6,87,505,6297
220919.67141930264,0.134,Comp0031,DNS0001,17,41417,53,2,3,141,160
220921.5843516995,8.716,Comp0035,Proxy0001,6,64459,3128,4,16,727,2311
220924.3014414088,2.843,Comp0035,Web0003,6,13210,80,11,33,7337,6419
220926.89142806997,4.222,Comp0065,Web0002,6,43920,80,14,51,2169,7248
220928.2079410485,0.069,Comp0056,DNS0001,17,1917,53,2,3,70,93
220936.02650289732,0.187,Comp0004,DNS0002,17,41736,53,2,3,72,230
220936.5145231136,2.931,Comp0018,DC0001,6,22151,88,10,7,243,276
220941.67900844762,0.432,Comp0035,DNS0001,17,21168,53,2,3,55,176
220942.15035406945,8.127,Comp0078,Web0001,6,48557,443,14,48,334,24121
220946.7673681244,11.976,Comp0069,DC0002,6,19473,445,17,37,4565,10126
220947.6857134831,0.479,Comp0059,Proxy0001,6,35645,3128,8,144,206,9181
220949.4725161218,10.16,Comp0025,Web0003,6,47645,443,5,35,803,1982
220968.12035374303,0.25,Comp0028,DC0002,6,46339,88,5,6,442,182
220970.22992353,0.311,Comp0036,DNS0002,17,48781,53,2,2,111,263
220970.59588427498,6.417,Comp0063,DC0001,6,7327,389,7,14,2148,2949
220971.4212647612,0.096,Comp0071,DNS0001,17,19688,53,2,3,37,161
220975.1529998631,0.762,Comp0026,Web0006,6,8818,443,3,27,247,18737
220976.34602550525,0.478,Comp0011,DNS0001,17,48189,53,2,3,98,164
220976.55309211716,7.983,Comp0071,Web0004,6,46845,443,6,69,917,4699
220982.69333015737,5.058,Comp0040,Web0002,6,4053,443,5,44,896,6007
220983.60803463624,2.474,Comp0024,Web0003,6,27931,443,9,32,727,2453
220988.7305795933,0.468,Comp0030,FS0002,6,16976,445,10,35,3791,1965
220992.55896931264,4.411,Comp0079,Comp0011,6,35551,3389,5,7,965,4656
220998.4321613554,2.097,Comp0050,Mail0001,6,40015,587,3,9,566,1641
221002.68786890083,2.889,Comp0045,Web0002,6,1170,443,9,33,506,8277
221004.26326586385,3.994,Comp0051,Mail0001,6,28133,993,4,2,537,401
221004.6545767073,2.277,Comp0005,Mail0002,6,16285,993,6,3,389,708
221009.14092909507,0.205,Comp0071,DNS0002,17,35303,53,2,3,51,99
221009.7884373413,5.752,Comp0059,FS0002,6,43744,445,36,33,2096,36581
221013.71249344872,3.467,Comp0004,Proxy0001,6,19576,3128,3,44,733,5207
221014.60658098615,6.713,Comp0076,Web0005,6,22332,443,24,7,769,4149
221023.77958895275,3.02,Comp0020,FS0001,6,26132,445,36,82,1620,7560
221025.54212718483,0.012,Comp0032,DNS0002,17,32532,53,2,2,62,127
221026.06022773194,2.86,Comp0038,Web0005,6,58489,80,12,66,290,11396
221029.20136490627,6.555,Comp0005,Mail0001,6,19535,587,10,13,193,1006
221029.95806276644,2.614,Comp0037,Proxy0002,6,57325,3128,2,72,513,8754
221030.06760612052,5.911,Comp0032,Web0006,6,4319,443,7,21,114,6882
221030.22825265097,0.068,Comp0063,FS0002,6,17575,445,10,181,1153,8793
221031.51962465813,1.7,Comp0023,Comp0011,6,33613,3389,13,3,170,179
221035.46351756772,11.102,Comp0048,Web0002,6,25425,443,51,64,198,8532
221036.91941901954,1.599,Comp0059,DNS0002,17,3338,53,2,3,70,157
221038.73769199557,2.294,Comp0005,Comp0011,6,7559,3389,11,3,240,856
221039.68326817386,1.169,Comp0007,Proxy0002,6,13738,3128,3,17,759,4119
221043.23351011868,0.553,Comp0070,DNS0002,17,64639,53,3,2,67,151
221044.2177094239,9.261,Comp0064,Web0001,6,26013,443,2,131,1092,62459
221049.14906028996,0.011,Comp0058,DNS0001,17,32257,53,2,2,40,255
221049.97238900908,4.545,Comp0080,FS0001,6,1531,445,12,96,2057,8296
221066.12920773393,0.05,Comp0010,Mail0001,6,20106,993,9,9,286,758
221066.44399487146,1.366,Comp0078,Proxy0001,6,18104,3128,6,61,654,10832
221066.5203279615,24.122,Comp0054,Web0003,6,34169,80,14,81,272,9552
221068.19496809517,1.538,Comp0037,Web0005,6,62465,80,5,17,475,4935
221069.2237883868,2.043,Comp0039,Web0004,6,29329,443,11,27,2778,1898
221069.7759534933,3.557,Comp0077,Web0003,6,24445,443,14,65,514,16020
221070.5724777372,5.497,Comp0052,DC0002,6,53725,389,7,3,131,224
221072.79697634466,0.185,Comp0054,DNS0001,17,34768,53,2,2,50,127
221073.72121193842,0.906,Comp0030,DC0001,6,24264,88,3,7,239,1724
221091.15328435387,0.286,Comp0076,DNS0002,17,48994,53,2,3,82,210
221093.02902844074,11.638,Comp0032,FS0001,6,39905,445,60,148,1983,26220
221093.21824282393,7.109,Comp0015,Web0003,6,39361,80,5,68,1233,8146
221096.83068989005,1.872,Comp0004,DC0002,6,62186,88,30,6,328,574
221099.4281240041,7.601,Comp0037,DC0002,6,25529,389,6,14,410,1563
221103.42535378915,2.085,Comp0003,FS0002,6,34906,445,18,105,1706,973
221103.64131512967,5.369,Comp0068,DC0001,6,29086,88,4,5,157,133
221104.94751303468,0.633,Comp0061,DNS0002,17,64122,53,3,2,99,123
221111.17253192095,3.914,Comp0055,DC0001,6,58460,88,4,4,1278,290
221118.78736225198,0.339,Comp0026,DNS0001,17,46400,53,2,3,132,154
221119.2442318321,1.187,Proxy0001,Ext0006,6,56799,80,5,26,419,4249
221124.7574736913,9.455,Comp0017,DC0002,6,6779,445,51,35,3450,21642
221126.27045950294,2.666,Comp0044,Proxy0001,6,33230,3128,11,10,123,1634
221127.4260514988,11.98,Comp0066,DC0002,6,13247,445,125,123,6943,29101
221129.65734303705,1.24,Comp0056,Comp0011,6,63335,3389,14,33,1333,696
221130.84415143728,0.013,Comp0019,DNS0001,17,62436,53,2,3,130,86
221131.72026821403,0.14,Comp0020,DC0001,6,48590,389,8,18,334,657
221132.9621368908,7.78,Comp0036,DC0002,6,3039,88,8,7,928,1035
221133.2697720158,0.138,Comp0035,DNS0001,17,45204,53,3,2,30,76
221136.29287681647,32.914,Comp0023,FS0003,6,54549,445,61,642,256,21078
221153.76331985308,0.078,Comp0033,DNS0002,17,19047,53,2,3,44,93
221154.296182139,0.466,Comp0018,DNS0001,17,35490,53,2,3,94,104
221158.57957782596,0.551,Comp0069,DNS0001,17,25321,53,3,2,129,115
221161.99001513346,1.415,Comp0042,Mail0001,6,40366,993,4,6,133,1748
221167.75104272223,1.967,Comp0030,DC0002,6,57322,88,4,3,769,105
221170.17372343945,0.045,Comp0044,DNS0002,17,17616,53,3,3,64,164
221171.0007026502,0.176,Comp0018,DNS0002,17,52054,53,2,3,68,241
221173.10754962795,1.228,Comp0010,Web0003,6,35362,80,11,122,141,1486
221173.4977427536,0.235,Comp0030,Proxy0001,6,45412,3128,6,66,1194,1410
221174.74017932315,22.512,Comp0010,Proxy0002,6,17934,3128,3,69,171,3835
221178.68176045595,0.532,Comp0011,Proxy0001,6,19684,3128,6,31,681,18894
221188.19813432934,3.645,Comp0077,Web0005,6,57487,443,4,51,341,1133
221191.2008949532,9.043,Comp0044,DC0002,6,40939,445,15,46,1160,3446
221193.32119588144,7.096,Comp0068,DC0001,6,11200,445,32,67,1647,48993
221205.91931371237,0.628,Comp0019,DC0001,6,43861,88,2,10,455,476
221215.35091794093,0.19,Comp0043,DNS0002,17,26064,53,3,3,61,159
221216.25002660518,2.386,Comp0037,DC0002,6,29182,389,6,4,486,341
221218.02042108256,3.759,Comp0080,Web0001,6,23588,80,32,13,1375,10068
221222.51828432913,2.886,Comp0014,Mail0002,6,33288,993,8,5,235,1068
221231.20844795648,0.067,Comp0046,DNS0001,17,43294,53,3,2,101,175
221233.01468601666,5.831,Comp0063,Web0005,6,65316,443,13,42,452,16404
221238.22902221262,4.254,Comp0033,Web0006,6,8952,443,8,38,1382,2907
221246.5687523613,52.105,Comp0021,FS0002,6,32600,445,51,48,157,16111
221249.431227008,0.292,Comp0066,DNS0002,17,31383,53,2,2,60,125
221254.0444161754,4.696,Comp0041,DC0001,6,25895,445,46,161,5234,11676
221259.5000265467,1.187,Comp0007,DC0002,6,13405,389,6,6,215,736
221272.6967460685,8.499,Comp0026,Mail0002,6,54327,993,17,12,254,253
221273.30480590137,3.458,Comp0044,Web0002,6,46793,80,6,53,706,5310
221274.23488574178,1.101,Comp0037,Web0001,6,26167,80,7,10,824,5147
221276.19651781156,0.288,Comp0049,DNS0001,17,63032,53,2,3,120,104
221277.2693844156,5.492,Comp0032,Web0006,6,46800,80,7,31,2618,14226
221285.7157632343,0.011,Comp0049,DNS0001,17,35459,53,2,2,104,196
221289.85946212313,0.193,Comp0041,DNS0001,17,54498,53,2,2,57,103
221290.61559606035,0.152,Comp0006,Web0002,6,22497,135,8,15,868,128
221292.8049788555,0.015,Comp0005,DNS0001,17,48106,53,2,3,39,204
221299.69887006035,9.071,Comp0067,DC0002,6,11192,445,26,183,1281,13306
221300.84904240607,0.002,Comp0018,DNS0002,17,25762,53,3,2,27,155
221311.01465288282,2.647,Comp0017,Web0004,6,25319,443,9,43,164,6991
221311.29576063878,3.464,Comp0006,Mail0001,6,19052,993,5,8,302,1306
221311.33345910365,1.424,Comp0027,Mail0001,6,6131,993,4,5,141,885
221317.2714495647,0.102,Comp0008,DNS0002,17,9954,53,3,2,66,41
221323.15308632847,0.05,Comp0080,DNS0002,17,30749,53,2,3,58,519
221327.33050220716,0.454,Comp0040,DNS0002,17,51193,53,2,2,35,89
221335.08759661164,0.381,Comp0017,DC0001,6,6762,88,3,5,705,542
221337.88869112657,16.037,Comp0071,FS0001,6,3691,445,51,146,273,2943
221342.9122060596,1.25,Comp0032,DC0002,6,40883,88,4,19,302,242
221346.2588785812,0.447,Comp0055,Proxy0002,6,43421,3128,5,51,845,3802
221353.60383435345,0.025,Comp0054,DNS0001,17,19240,53,3,3,41,134
221354.2395904062,5.924,Comp0043,Web0003,6,64924,80,18,10,259,3308
221354.3372783924,15.51,Comp0048,DC0002,6,49442,445,31,43,6447,5767
221354.48306656227,1.693,Comp0048,Web0001,6,27975,443,14,13,683,19435
221358.51051106805,0.162,Comp0014,DNS0001,17,61517,53,2,3,77,217
221366.792967313,0.105,Comp0066,Web0005,6,23389,80,8,50,328,5062
221368.7982582025,0.12,Comp0066,DNS0002,17,62504,53,2,3,66,129
221371.5000013809,2.545,Comp0036,DC0001,6,53085,88,5,10,167,5653
221375.4199926484,6.169,Comp0037,Web0005,6,33563,443,7,221,1074,2464
221378.11572522658,6.773,Comp0074,Proxy0001,6,47656,3128,5,41,470,1750
221384.94765451376,4.3,Comp0066,Web0005,6,57437,443,5,20,336,6328
221386.78681253683,0.311,Comp0012,Proxy0001,6,45999,3128,21,51,763,84612
221406.15433699146,0.109,Comp0042,Mail0001,6,39072,993,5,7,484,825
221406.60972794238,1.417,Comp0006,DNS0001,6,43357,445,108,38,6664,1133
221407.56570273248,2.61,Comp0018,Web0003,6,6232,443,56,21,1106,4709
221409.08675901179,18.803,Comp0055,Web0006,6,42448,80,22,31,770,14264
221414.9421137815,0.61,Comp0058,DC0002,6,30616,88,12,11,449,775
221422.62956013484,11.833,Web0004,DB0002,6,22505,3306,34,32,2168,8532
221429.74731191184,11.147,Comp0062,FS0001,6,22166,445,7,543,1429,24899
221432.16588305894,4.765,Comp0017,Proxy0002,6,45903,3128,5,141,463,4869
221432.98845922842,4.745,Comp0022,Proxy0001,6,36514,3128,16,53,2967,9870
221440.97391169282,0.057,Comp0078,DNS0002,17,42348,53,2,3,57,102
221445.30101856595,18.119,Comp0070,FS0002,6,50947,445,22,127,7894,9330
221450.04433854113,5.183,Comp0003,Proxy0001,6,17456,3128,5,86,1139,11786
221450.21565082943,0.048,Comp0016,DNS0001,17,25275,53,3,2,66,165
221455.85373602182,0.648,Comp0021,DNS0002,17,46508,53,3,2,70,321
221457.81066407778,0.34,Comp0074,DNS0001,17,7008,53,3,3,96,280
221458.0131448254,4.193,Comp0080,Proxy0002,6,9977,3128,5,12,1524,7907
221464.99433858972,2.798,Comp0061,DC0001,6,11409,389,4,7,223,496
221476.45016653414,36.854,Comp0024,DC0002,6,24234,445,85,103,3300,21615
221479.0170157068,0.017,Comp0008,DNS0002,17,39277,53,2,3,91,140
221481.21369202287,0.808,Comp0060,DNS0002,17,11138,53,2,2,30,190
221483.68728873762,2.275,Comp0048,Web0004,6,43940,443,4,15,460,25696
221485.30345808028,0.174,Comp0050,DNS0001,17,17085,53,3,2,84,93
221490.93399983342,0.119,Comp0017,DNS0001,17,56519,53,2,2,68,98
221497.00756556264,14.737,Comp0045,Web0006,6,45702,443,23,48,4813,11266
221500.18967170085,4.298,Comp0049,Mail0001,6,59532,993,5,10,873,473
221504.802945696,0.1,Comp0004,DNS0002,17,30732,53,2,2,166,55
221505.20718690977,1.206,Comp0061,DC0001,6,57389,389,6,15,313,319
221505.7554851066,0.433,Comp0050,Web0001,6,40803,443,19,26,2830,4058
221508.0754320206,0.034,Comp0034,DNS0002,17,42389,53,3,3,86,149
221519.02675259358,0.008,Comp0022,Proxy0001,6,18201,3128,5,122,436,3381
221522.26028813422,0.707,Comp0056,Proxy0001,6,33362,3128,5,42,172,50412
221525.4004963506,10.245,Comp0077,Web0006,6,4953,443,5,79,271,11234
221527.9257592014,2.733,Comp0062,Web0003,6,5585,443,7,59,2748,5290
221530.7038244448,0.111,Comp0028,DC0001,6,26431,88,4,6,462,812
221535.67918259103,4.983,Comp0047,Web0002,6,41605,443,24,40,1237,13527
221538.10153630446,21.777,Comp0070,Proxy0002,6,53128,3128,10,65,1423,64484
221539.1543374389,3.272,Comp0044,Mail0001,6,45175,993,4,6,231,1379
221540.4554724713,20.697,Comp0023,DC0001,6,40667,445,15,21,10972,43031
221550.9955754694,2.646,Comp0030,Proxy0002,6,15662,3128,9,16,294,756
221562.78339233983,17.708,Comp0074,Web0003,6,34741,443,5,194,785,1692
221563.29767522006,0.374,Web0002,DNS0001,17,26685,53,2,2,44,187
221564.4435913146,1.736,Comp0070,Web0002,6,11262,80,7,38,199,1920
221570.8286076456,0.099,Comp0017,DNS0002,17,62559,53,3,3,58,296
221571.10007735994,0.996,Mail0002,Ext0022,6,34588,25,8,3,214,552
221574.96563223412,3.161,Proxy0001,Ext0022,6,19987,443,5,30,4631,4664
221575.59003918673,13.266,Comp0073,FS0002,6,33366,445,12,81,559,10920
221578.7036789721,3.22,Comp0032,Proxy0002,6,36916,3128,4,18,728,685
221581.47211457137,0.243,Comp0065,DNS0002,17,38967,53,2,2,76,362
221586.20216431996,3.475,Comp0073,Web0004,6,65370,443,19,59,2312,602
221591.76596569194,2.657,Comp0022,Mail0002,6,49526,587,3,6,652,266
221601.63982352774,9.89,Comp0074,DC0002,6,12482,445,25,79,7289,14891
221602.58479135655,3.572,Comp0033,Web0003,6,37071,443,4,37,1743,3423
221603.60062118468,0.012,Comp0078,DNS0002,17,6547,53,2,2,57,205
221605.7068211999,0.283,Comp0013,DNS0002,17,30531,53,3,3,94,412
221608.8332731131,2.564,Comp0026,Web0004,6,58622,80,6,23,310,7268
221613.6388047907,14.699,Comp0060,Mail0001,6,56230,993,16,9,1654,240
221614.25089971983,0.547,Comp0053,DC0002,6,39742,445,12,157,2677,12736
221624.14794163886,0.4,Comp0009,DNS0002,17,6552,53,3,2,38,151
221624.74874312288,14.103,Comp0077,DC0001,6,4518,389,5,20,951,606
221628.0344599291,1.286,Comp0044,Web0004,6,50470,443,12,72,1009,6776
221629.1582574334,13.712,Comp0006,FS0001,6,12328,445,6,63,680,13427
221633.8813571197,0.129,Comp0075,DNS0001,17,60069,53,3,3,69,155
221634.89861880068,0.431,Comp0027,DNS0002,17,21105,53,3,3,88,305
221639.84181293997,5.763,Comp0052,Mail0002,6,13181,993,5,19,474,1094
221640.16545449666,4.267,Comp0056,DC0001,6,32389,389,3,5,227,369
221642.219442538,7.827,Comp0060,Web0002,6,62740,443,6,26,380,2292
221646.52498592192,0.013,Comp0006,DNS0001,17,5415,53,2,2,48,193
221648.4575074509,3.313,Comp0003,Proxy0001,6,46774,3128,8,31,361,3690
221648.9820358706,5.019,Comp0018,Web0006,6,36560,443,13,9,784,2998
221653.9936690434,3.581,Comp0069,Web0005,6,45942,80,35,135,200,28251
221659.04754889064,7.213,Web0005,DB0001,6,53635,5432,17,100,498,70459
221661.40119777704,9.421,Web0005,DB0001,6,60074,5432,20,14,1866,2412
221664.10074048623,0.701,Comp0061,DC0001,6,39732,88,3,4,361,677
221664.27140434308,3.999,Comp0072,Proxy0002,6,43885,3128,13,67,1194,10086
221666.2336896461,0.105,Comp0073,DNS0001,17,26596,53,3,3,57,289
221668.14944881835,0.715,Comp0057,DNS0001,17,25433,53,3,4,70,86
221679.00663224177,0.2,Comp0028,Proxy0002,6,53612,3128,24,56,1263,2417
221689.35979839394,1.261,Comp0012,DC0002,6,49499,88,5,4,257,1060
221693.69885067543,1.266,Comp0029,Mail0002,6,15875,993,3,7,592,756
221699.08969059394,11.877,Comp0058,FS0003,6,35592,445,8,64,1030,7892
221701.214146282,3.714,Comp0031,Mail0001,6,22495,993,3,8,126,1002
221702.91657046962,3.149,Comp0079,Web0005,6,64294,443,23,22,467,2006
221707.25153770237,6.548,Comp0010,FS0002,6,10817,445,10,136,2028,7012
221708.8303201877,0.351,Comp0055,DNS0001,17,13843,53,3,2,88,169
221717.0518262306,1.231,Comp0078,DC0001,6,23318,389,7,7,183,466
221728.17927061307,8.875,Comp0071,Proxy0001,6,45325,3128,13,14,262,5520
221729.16007960046,2.978,Comp0019,Web0004,6,58627,443,7,19,351,846
221731.54586132083,3.908,Comp0018,Web0004,6,31288,443,6,40,876,68177
221737.15781479416,0.22,Comp0071,DNS0002,17,7020,53,3,3,92,115
221739.87603596968,6.543,Comp0060,FS0001,6,14844,445,21,47,1508,2628
221741.79611951235,9.602,Comp0036,Proxy0002,6,31467,3128,23,20,243,1338
221744.19449706093,0.123,Comp0028,DNS0002,17,32069,53,2,3,65,81
221750.64260796554,1.383,Comp0018,Web0004,6,62009,443,10,22,479,18726
221754.46568496682,0.13,Comp0076,DNS0002,17,3021,53,2,2,69,217
221755.69728117873,15.996,Comp0057,Proxy0002,6,31695,3128,19,14,626,12524
221765.8768430319,0.57,Comp0075,Proxy0001,6,55916,3128,9,62,1316,7817
221768.94337924215,0.615,Comp0021,DC0001,6,1956,88,4,4,193,185
221770.2570318172,6.805,Comp0038,Web0002,6,53673,443,14,17,1503,9754
221774.60675694977,0.038,Comp0024,DNS0002,17,7323,53,3,2,25,239
221792.1223422174,0.418,Comp0080,DNS0002,17,58500,53,2,2,43,280
221793.80141975675,4.247,Comp0068,DC0002,6,41888,88,7,7,1324,758
221795.5898175915,3.04,Comp0033,Proxy0001,6,61788,3128,4,223,307,31739
221800.30351148115,0.966,Comp0045,DC0002,6,60021,88,3,2,584,367
221807.55751943414,0.953,Comp0047,Web0002,6,33115,80,21,128,965,7502
221808.95677907686,18.81,Comp0024,Web0005,6,55480,443,9,310,1522,1890
221818.0552822671,1.763,Comp0066,Proxy0002,6,58538,3128,18,53,1384,211333
221819.41057902575,15.078,Comp0022,Web0005,6,16868,443,20,80,2113,7805
221825.24228978646,0.211,Comp0077,Mail0001,6,25753,993,5,7,313,545
221825.72960208688,0.66,Comp0068,Web0001,6,25413,80,11,80,1423,1367
221831.40103571012,5.494,Comp0051,Web0001,6,31240,80,7,15,323,11903
221834.0825732456,45.029,Comp0041,FS0001,6,6711,445,11,53,1355,68661
221835.34924728793,10.437,Comp0008,Web0002,6,6385,443,10,73,1786,33039
221837.00369847403,0.141,Comp0065,DNS0001,17,13361,53,2,3,51,114
221837.97772407698,20.341,Comp0069,Proxy0002,6,3709,3128,10,24,423,2613
221838.15291611032,4.571,Comp0060,Proxy0001,6,36428,3128,8,24,402,4024
221838.86205661355,0.268,Comp0059,DNS0001,17,8055,53,2,2,62,170
221841.1118305765,1.409,Comp0067,Mail0002,6,54086,993,6,2,451,438
221842.87435328055,0.126,Comp0051,DNS0001,17,25120,53,3,3,35,194
221844.4398606147,0.106,Comp0077,Web0006,6,53165,443,5,42,335,6383
221848.99582000068,0.762,Comp0060,Web0004,6,54472,443,17,44,430,12264
221849.00242687803,0.028,Comp0034,Proxy0002,6,17136,3128,10,22,2582,1624
221853.02287831792,1.576,Comp0051,Proxy0001,6,36125,3128,3,48,858,5977
221855.6013581705,0.715,Comp0038,Web0001,6,52041,443,20,16,249,4303
221860.04634560167,0.018,Comp0057,DNS0001,17,21809,53,3,3,53,73
221864.85558727733,0.805,Comp0080,Web0006,6,22586,80,7,34,3033,18733
221869.82433070397,4.267,Comp0044,Proxy0001,6,65095,3128,5,85,318,4761
221877.31098385266,0.005,Comp0046,DNS0002,17,31302,53,2,3,74,120
221877.7475090008,13.762,Comp0036,FS0001,6,35599,445,7,106,2270,12120
221879.49998666852,0.152,Comp0006,DNS0002,17,25403,53,3,3,68,61
221884.08278159893,0.177,Comp0063,DNS0002,17,27706,53,3,2,59,101
221884.32061752726,9.929,Comp0023,Web0006,6,8140,443,11,48,3600,5184
221891.31476500875,5.849,Comp0040,Web0002,6,51482,443,3,14,823,8420
221896.54179002484,0.11,Comp0050,DNS0002,17,44842,53,2,2,67,164
221903.59056791995,0.391,Comp0068,DC0001,6,31027,88,6,4,700,670
221909.19062500828,0.339,Comp0015,Web0005,6,40957,443,7,12,797,38250
221909.40010199373,0.186,Comp0077,DNS0001,17,11196,53,2,2,90,216
221911.84225478786,0.027,Comp0031,DNS0001,17,23799,53,3,2,101,165
221913.10512031446,3.493,Comp0028,Web0001,6,36572,443,7,67,1067,14921
221913.98568174997,0.804,Comp0037,Web0006,6,6449,443,7,34,2957,1015
221916.7069124149,5.403,Comp0050,DC0002,6,48173,389,6,13,773,976
221916.74440094864,3.722,Mail0001,DC0001,6,21100,389,5,7,163,310
221918.4135136174,1.308,Comp0067,Mail0002,6,28577,993,3,3,829,1695
221923.50635512234,2.399,Comp0004,Mail0002,6,1056,587,4,17,350,790
221923.53487906235,7.644,Comp0054,Web0002,6,20514,443,2,67,611,2990
221924.10414709203,34.451,Comp0033,FS0002,6,16358,445,43,77,2559,5683
221924.28578393385,2.995,Comp0005,Web0006,6,26876,80,25,55,1368,18400
221926.87861955893,0.231,Comp0061,DNS0001,17,5450,53,3,2,75,522
221936.7858186923,21.603,Comp0054,Web0005,6,19455,80,5,6,667,9543
221947.21056115863,1.811,Comp0010,FS0001,6,3639,445,20,100,2055,6485
221950.55845038337,0.418,Comp0032,DNS0002,17,63881,53,2,3,107,70
221952.60224173267,2.613,Comp0033,Web0002,6,63821,80,5,70,325,9410
221955.75190839736,0.073,Comp0046,DNS0001,17,34621,53,3,3,129,155
221957.63949090248,3.868,Comp0012,Web0001,6,11049,443,3,53,1117,4098
221962.04536236622,0.125,Comp0022,DNS0002,17,19171,53,3,2,68,87
221963.45886560096,0.116,Comp0016,DNS0001,17,51812,53,2,2,41,126
221968.99546124646,3.73,Comp0009,Mail0002,6,12567,993,4,7,171,1539
221972.22587427736,0.594,Comp0059,DNS0001,17,53689,53,2,3,66,200
221992.42313939575,0.032,Comp0027,DNS0002,17,28980,53,2,2,86,105
221994.28961868564,0.179,Comp0045,DNS0001,17,38848,53,3,2,54,161
221994.54011798388,1.216,Comp0004,DC0002,6,35051,88,4,6,816,678
222001.93557377995,5.116,Comp0037,Mail0002,6,34233,993,10,3,415,4137
222003.91780642376,0.019,Comp0050,DNS0002,17,60014,53,2,2,50,166
222007.60103759234,0.019,Comp0059,DNS0002,17,59139,53,3,3,72,187
222008.23680535465,0.198,Comp0020,DNS0001,17,64129,53,2,2,48,114
222009.53381904622,0.374,Comp0013,DNS0002,17,37057,53,2,3,48,116
222010.233532172,7.104,Comp0046,FS0002,6,35635,445,30,435,5168,361578
222012.25574238924,9.662,Comp0039,DC0002,6,20995,389,7,14,991,1293
222016.39845604755,0.081,Comp0005,DNS0001,17,29040,53,3,3,55,193
222019.72347404616,2.313,Comp0022,DC0002,6,54726,445,5,53,1317,2200
222023.74895554848,19.704,Comp0027,Proxy0001,6,26868,3128,13,63,259,4650
222036.16898776082,0.109,Comp0055,DNS0001,17,36517,53,2,4,42,126
222038.01857476836,1.35,Comp0064,FS0002,6,64656,445,69,232,2308,4156
222039.2211628336,0.07,Comp0015,DNS0002,17,44403,53,2,2,70,224
222039.7319178361,11.165,Web0003,DB0001,6,3543,3306,7,110,1205,15933
222043.63431041373,3.819,Comp0067,DC0001,6,41588,389,5,10,428,742
222051.4106289653,0.729,Comp0004,DNS0002,17,58387,53,2,2,41,145
222052.15534416685,0.362,Comp0005,DNS0001,17,30295,53,2,3,76,267
222053.3924094477,10.85,Comp0003,Proxy0002,6,42046,3128,14,31,262,24947
222055.7754668431,2.352,Comp0020,Web0001,6,43646,443,11,127,806,6355
222059.1261174116,0.369,Comp0062,DNS0001,17,7788,53,3,2,53,317
222074.0091328451,0.017,Comp0007,DNS0001,17,54085,53,3,3,65,153
222076.36129378105,0.519,Comp0040,DNS0002,17,19268,53,2,3,59,169
222077.98985064827,2.182,Comp0068,Web0006,6,51683,80,6,71,375,3329
222093.8904676743,0.049,Comp0080,Mail0002,6,18823,993,7,6,124,149
222094.75577383515,8.903,Proxy0001,Ext0007,6,22053,443,6,50,679,16135
222095.88713848518,0.779,Comp0068,Web0001,6,63855,443,5,62,737,12134
222100.5606104741,0.056,Comp0075,DNS0002,17,38852,53,2,3,140,198
222100.90077997104,2.534,Comp0018,Web0002,6,35156,443,8,33,740,12619
222102.95669203348,1.098,Comp0020,Web0005,6,24017,443,19,31,218,2024
222125.88038152945,0.151,Comp0016,DNS0002,17,51228,53,2,3,41,183
222133.93056119274,0.025,Comp0017,DNS0001,17,31281,53,3,3,106,209
222139.90360855823,0.237,Comp0024,DNS0002,17,26383,53,3,2,70,164
222139.92823438958,0.083,Comp0025,DNS0001,17,8882,53,3,2,59,243
222151.4233433737,6.23,Comp0014,DC0002,6,62658,445,24,182,2735,8852
222152.01905398592,0.131,Comp0012,DNS0002,17,48544,53,3,3,107,126
222153.52372487032,5.298,Comp0033,Mail0002,6,28235,993,5,5,966,2602
222157.7596423474,0.015,Comp0071,DNS0002,17,15602,53,3,3,139,109
222160.18666604182,9.623,Comp0008,Web0005,6,21087,443,3,22,1645,11884
222162.31617266318,2.256,Comp0074,DC0001,6,44662,389,3,8,619,531
222168.4389792063,6.098,Comp0023,DC0002,6,56560,445,11,45,591,14323
222171.63658246564,2.681,Comp0036,DC0001,6,62733,389,5,12,562,437
222180.03252702812,0.148,Comp0058,DNS0002,17,58519,53,3,3,72,319
222185.17633759964,0.952,Comp0012,Web0002,6,45874,443,32,67,274,2473
222185.57316915703,1.397,Comp0024,DC0002,6,43343,445,20,101,625,2805
222185.67287091448,0.632,Comp0028,FS0003,6,36488,445,21,123,11161,6984
222185.85526315143,5.639,Comp0008,Web0005,6,1323,443,31,167,4011,7899
222192.29737653479,5.907,Web0005,DB0003,6,50839,3306,93,151,3194,91366
222197.04090952786,10.342,Comp0025,FS0001,6,56462,445,27,90,1269,11174
222200.62749715667,6.11,Comp0016,Web0005,6,18105,80,9,82,999,10163
222200.66693032155,3.104,Comp0054,FS0003,6,24310,445,64,146,673,54737
222201.99492999405,0.387,Comp0002,DNS0002,17,39835,53,2,3,81,157
222205.55549264007,0.364,Comp0053,DNS0001,17,7655,53,3,3,66,125
222205.59585357097,1.198,Comp0025,Mail0001,6,9736,993,7,5,792,594
222212.50452483955,1.293,Comp0022,DC0001,6,47076,389,6,32,986,286
222214.7241398288,12.025,Comp0052,FS0001,6,10018,445,17,314,4335,55846
222215.01930447167,1.367,Comp0074,Web0006,6,3265,443,6,54,2032,27058
222216.27964249943,0.437,Comp0075,Web0002,6,6438,80,10,10,842,2168
222216.3139834485,18.354,Comp0060,Web0001,6,25663,80,14,13,254,7878
222217.106326203,2.52,Comp0065,FS0001,6,17745,445,8,13,616,34046
222218.7636678771,0.134,Comp0044,DNS0002,17,40713,53,2,2,74,136
222221.77787479022,0.413,Comp0005,DNS0001,17,2477,53,2,2,73,79
222226.70976011656,4.465,Comp0047,FS0001,6,25097,445,14,107,3540,10204
222230.1627994922,2.88,Comp0034,Web0005,6,40006,80,20,22,532,1874
222230.39658224172,0.434,Comp0034,FS0001,6,22617,445,28,121,1456,6681
222235.77747111063,8.121,Comp0046,Web0003,6,57570,80,17,22,933,21737
222239.31565271076,3.668,Comp0080,Web0001,6,4433,80,9,22,282,31006
222249.57680912822,0.653,Comp0041,Web0005,6,1347,443,7,31,930,1220
222250.0891814065,0.568,Comp0031,DNS0001,17,22532,53,2,2,40,246
222251.9900013911,14.06,Comp0054,Web0006,6,48995,443,18,40,900,1955
222252.9603649661,7.987,Comp0023,DC0002,6,27205,445,11,82,2224,27594
222261.52282867534,1.413,Comp0065,Proxy0002,6,18737,3128,5,24,453,2732
222263.63415280636,0.09,Comp0077,DNS0002,17,48014,53,3,2,52,64
222276.80521514005,1.052,Comp0039,DC0001,6,15510,88,4,3,372,1023
222281.47792961675,3.804,Comp0074,FS0002,6,39647,445,31,157,268,13648
222286.62133616436,6.499,Comp0059,Proxy0002,6,32620,3128,4,103,1139,3210
222294.99668539024,0.115,Comp0067,DNS0002,17,29659,53,2,3,81,241
222306.12868549651,3.035,Comp0032,Proxy0001,6,18535,3128,10,105,518,5195
222308.50451601975,0.428,Comp0061,Web0003,6,28083,443,9,11,699,9153
222311.4767241902,6.954,Comp0042,DC0001,6,58209,445,23,97,5089,1790
222318.392051809,16.41,Comp0043,Web0002,6,47346,443,7,38,873,18622
222319.6971204966,0.037,Comp0046,DNS0001,17,29913,53,2,2,77,107
222321.0995614421,0.012,Comp0022,DNS0001,17,14855,53,2,3,80,363
222322.6860966374,1.69,Comp0071,DC0001,6,3269,389,7,4,158,1590
222325.83323014705,11.952,Comp0002,Proxy0002,6,11766,3128,14,75,120,16481
222329.37093757026,0.022,Comp0075,DNS0001,17,37436,53,3,2,126,148
222330.81178467872,0.888,Comp0074,DNS0002,17,12306,53,2,2,44,155
222332.82583701244,4.362,Comp0023,Web0001,6,62229,80,7,32,326,1550
222336.42123580526,16.242,Comp0022,Proxy0002,6,5971,3128,5,70,777,10003
222340.30964385034,5.088,Comp0046,DC0001,6,44030,389,11,21,485,492
222345.13626038795,4.404,Comp0061,Proxy0001,6,20531,3128,4,58,126,12069
222349.9780235822,5.083,Comp0064,FS0002,6,17289,445,8,73,657,6422
222350.2462560385,16.617,Comp0055,FS0003,6,33147,445,42,213,6610,118033
222355.09422938066,5.027,Comp0053,FS0003,6,30751,445,5,107,4769,108308
222355.74090944155,1.227,Web0003,DB0003,6,19364,5432,28,157,1359,637
222358.7691128382,9.083,Comp0017,Proxy0002,6,17831,3128,9,28,2052,6510
222360.27356085472,1.128,Comp0032,Web0005,6,42507,443,6,67,2255,7378
222367.025361621,0.304,Comp0069,Web0001,6,39324,443,15,104,1050,3897
222389.3847482056,0.115,Comp0070,DNS0002,17,44953,53,3,4,27,147
222392.1652571663,0.099,Comp0036,DNS0002,17,4376,53,2,3,60,162
222396.14794730415,0.287,Comp0050,Web0004,6,39695,80,5,15,128,11298
222403.598227922,0.051,Comp0062,DNS0001,17,63376,53,2,2,56,258
222404.8501893979,3.16,Comp0023,FS0002,6,62532,445,13,202,728,39829
222405.72426863314,8.013,Comp0022,Proxy0002,6,11172,3128,21,51,140,2407
222407.1171815736,13.989,Web0003,DB0002,6,63449,5432,26,140,2046,27359
222410.38486277603,16.374,Comp0051,Web0003,6,16178,443,5,14,4855,3380
222413.97511200313,0.155,Comp0017,Web0002,6,39252,443,14,19,550,8395
222415.420877311,6.719,Comp0078,Web0004,6,38557,443,11,40,4134,16171
222434.6535101363,3.856,Comp0005,Web0003,6,43083,443,3,28,1010,6852
222435.68405820438,3.714,Comp0015,Proxy0002,6,55300,3128,8,8,1043,11677
222442.25728967786,2.129,Comp0062,Web0001,6,43379,443,65,13,352,1277
222442.81651352276,4.495,Comp0035,DC0002,6,1164,389,3,3,289,807
222442.82490424754,0.499,Comp0076,DNS0002,17,4356,53,2,2,79,53
222444.32442986034,3.397,Comp0074,Web0001,6,42116,443,9,61,470,1677
222445.26036517415,15.614,Comp0059,Web0003,6,36243,443,5,21,1578,2840
222448.4874964756,1.334,Comp0002,Web0006,6,7025,443,9,21,508,2774
222453.39494767273,3.853,Comp0021,DC0002,6,49916,389,6,5,829,253
222454.46230381902,2.869,Comp0047,Mail0002,6,27089,993,7,13,503,3561
222457.1491826523,0.023,Comp0030,DNS0001,17,6411,53,2,2,34,104
222458.07355484433,3.249,Comp0067,FS0003,6,57665,445,36,132,651,4886
222459.79256917877,0.057,Comp0051,DNS0002,17,3818,53,3,3,66,361
222459.94303738815,0.908,Proxy0001,Ext0005,6,32356,443,12,39,943,12449
222464.44961230538,11.495,Comp0004,Proxy0002,6,36499,3128,12,55,761,6754
222465.99952834623,6.73,Comp0063,FS0002,6,48473,445,20,111,2532,5649
222473.20219386925,3.592,Comp0061,Web0003,6,14193,443,8,69,823,20418
222474.577244904,0.464,Comp0065,Mail0001,6,47779,993,3,5,367,488
222477.37081922346,1.947,Comp0054,Web0003,6,3497,443,11,66,1931,4043
222485.02441119205,0.996,Comp0053,DC0002,6,33808,88,11,5,271,112
222493.15937154292,1.382,Comp0024,Web0003,6,34966,443,6,51,564,6148
222502.83814205023,1.268,Comp0076,Proxy0002,6,49950,3128,17,62,503,30413
222502.92269683548,12.924,Comp0053,FS0001,6,54787,445,16,77,2695,24547
222506.3629291779,0.771,Comp0057,DC0001,6,34572,389,6,21,829,3822
222509.45645016362,4.229,Comp0046,Mail0001,6,44136,993,10,10,259,1653
222510.4007582638,0.05,Comp0007,DNS0002,17,61534,53,2,3,78,112
222514.09198014837,0.284,Comp0050,DNS0001,17,16027,53,2,2,77,74
222525.7106591063,0.278,Comp0049,DNS0002,17,55394,53,2,2,58,157
222525.83793751916,14.559,Comp0016,DC0002,6,62416,445,19,134,695,1960
222527.02529557416,6.594,Comp0052,Proxy0001,6,39563,3128,5,67,606,15428
222532.1890844436,4.699,Comp0040,Web0002,6,12135,80,21,20,1113,1809
222533.24220772984,0.667,Comp0012,Comp0011,6,21805,3389,6,9,2042,548
222536.53927724864,0.499,Comp0066,Web0002,6,41167,443,4,34,776,1737
222541.35364148143,0.084,Comp0014,DNS0001,17,7283,53,2,3,62,170
222542.61980272474,2.707,Comp0020,Web0005,6,50182,443,19,42,1490,27336
222546.78521588235,1.523,Comp0004,Proxy0001,6,18872,3128,4,8,1446,616
222551.990088205,0.235,Comp0004,DNS0002,17,36049,53,2,2,57,77
222557.3898167477,1.278,Comp0040,Web0005,6,28805,443,7,31,205,2015
222560.0222959505,4.231,Comp0049,FS0001,6,51614,445,24,63,3655,105324
222560.54352008083,3.06,Comp0020,Web0002,6,48256,443,14,6,168,3394
222568.40070621116,0.675,Comp0050,Web0002,6,41033,80,7,22,324,28691
222573.23763377438,4.656,Comp0070,Web0006,6,42286,80,6,50,766,30029
222576.57321481936,1.091,FS0001,DNS0001,17,38014,53,2,3,65,84
222578.09166827227,10.532,Comp0038,Proxy0002,6,12546,3128,5,35,815,69951
222579.03146241524,0.126,Comp0019,DNS0002,17,47667,53,3,2,32,107
222581.74637807492,1.432,Comp0017,Web0002,6,59117,443,13,12,160,14697
222583.78184496757,10.862,Comp0033,Web0006,6,6295,443,5,232,686,2377
222584.44332780805,0.736,Comp0048,DNS0001,17,17178,53,2,2,65,247
222589.25664265853,1.77,Comp0008,Mail0001,6,10345,993,11,4,654,3009
222594.0003059457,0.961,Comp0017,DNS0001,17,48608,53,4,2,143,117
222596.32791782994,1.482,Comp0044,Web0003,6,30032,443,3,47,378,18752
222597.35158182002,0.67,Comp0037,DNS0002,17,64582,53,2,2,65,285
222597.92048667755,0.194,Comp0011,DC0001,6,36751,389,5,13,169,493
222599.01315161973,9.335,Comp0018,Mail0001,6,15178,587,7,3,271,1111
222600.93129982136,0.11,Comp0036,DNS0002,17,50851,53,3,2,51,109
222605.98820504354,2.562,Comp0059,Web0006,6,45433,443,10,13,1570,4020
222608.75957068117,1.219,Comp0062,Mail0002,6,21684,993,3,12,143,961
222609.34485200187,0.091,Comp0055,DNS0001,17,54265,53,2,2,91,363
222609.66387826507,2.599,Comp0050,Web0006,6,55973,443,6,141,527,12562
222611.62307452824,0.045,Comp0068,DNS0001,17,63634,53,3,2,62,155
222618.96047305077,1.425,Comp0063,DC0002,6,43912,445,33,44,1147,16284
222619.57111347775,0.066,Comp0036,DNS0001,17,54813,53,3,3,48,145
222628.24965780642,50.729,Comp0043,FS0001,6,52220,445,11,64,469,25830
222634.69154314723,5.889,Comp0036,Proxy0002,6,42144,3128,4,77,819,7007
222640.14971018315,1.347,Comp0038,Proxy0002,6,8789,3128,4,25,826,747
222646.47381556345,6.178,Comp0006,Web0005,6,29389,443,7,15,409,8303
222650.07664355717,6.008,Comp0025,DC0001,6,64017,389,13,24,240,1733
222658.0197913002,0.676,Comp0068,Web0006,6,61553,80,13,11,713,8695
222661.80311777678,15.128,Comp0046,Web0001,6,17619,443,10,24,984,2896
222662.10956290257,0.121,Comp0036,DNS0002,17,7117,53,3,2,63,174
222674.28486130608,9.322,Comp0048,DC0002,6,45167,389,4,6,198,4921
222678.3929393909,0.103,Comp0029,DC0002,6,49164,389,5,8,984,4728
222678.95611290526,4.393,Comp0056,Web0003,6,14928,443,9,23,1141,13491
222680.57078123972,8.174,Comp0045,Proxy0002,6,19957,3128,7,12,1635,16445
222680.6133874183,2.247,Comp0021,Web0002,6,5574,443,9,38,1507,3616
222680.83081021823,5.353,Comp0059,Web0006,6,48060,443,3,75,450,44048
222682.24974793562,0.002,Comp0034,DNS0001,17,40765,53,2,3,34,68
222684.51316618884,20.743,Comp0063,FS0002,6,38207,445,23,150,4616,14488
222717.3512240687,16.736,Comp0024,Mail0001,6,46449,993,8,3,918,1544
222719.83163603864,10.896,Comp0052,Web0001,6,43590,443,14,41,174,8407
222723.23167379125,3.376,Comp0067,Web0002,6,8690,443,4,118,536,2990
222733.3894285467,0.217,Web0004,DNS0001,17,3292,53,4,3,81,132
222733.8511302177,1.055,Comp0074,Mail0002,6,24347,993,6,16,323,2691
222734.20396220946,0.247,Comp0019,DNS0001,17,13754,53,2,2,53,51
222737.2956038386,5.786,Comp0011,Proxy0001,6,20331,3128,5,21,914,1140
222737.69176144898,2.488,Comp0020,Mail0002,6,39522,587,7,5,557,363
222748.02737405163,6.448,Comp0061,DC0002,6,45512,445,26,65,1682,4112
222754.69331447376,0.521,Comp0044,DC0001,6,54830,389,6,5,609,978
222755.7505627301,10.278,Comp0033,Proxy0001,6,12840,3128,6,70,762,14532
222758.46391601342,6.255,Comp0056,Proxy0002,6,64333,3128,18,24,836,30932
222759.39812316836,0.578,Comp0001,DNS0001,17,5903,53,2,2,60,265
222760.5754570446,2.73,Comp0059,DC0002,6,28606,389,4,19,240,942
222771.49260797526,0.068,Comp0034,DNS0002,17,29415,53,2,3,35,317
222776.8325275802,0.996,Proxy0001,Ext0035,6,31729,443,11,280,984,12960
222778.6079525672,0.279,Comp0068,DC0002,6,65401,88,4,9,159,299
222779.44545182792,0.218,Comp0059,Web0001,6,27695,443,5,29,1007,6218
222781.85946324535,0.25,Comp0055,DNS0002,17,56472,53,2,3,121,177
222783.76126788437,0.533,Comp0053,DNS0002,17,42586,53,2,2,34,590
222787.57350984105,9.736,Comp0067,FS0003,6,28112,445,66,48,4265,30948
222787.62236953923,11.847,Comp0060,Web0005,6,8677,80,9,47,966,4978
222790.18942021314,17.434,Comp0022,DC0002,6,5152,445,54,82,1407,5900
222801.39019014727,2.173,Comp0036,Web0003,6,19305,443,5,15,383,9545
222803.11990589378,0.402,Comp0079,Proxy0002,6,34815,3128,3,57,518,42733
222803.15849644286,1.388,Comp0061,Web0001,6,15169,443,5,65,313,7533
222804.25073489908,0.017,Comp0016,DNS0001,17,22812,53,2,3,88,74
222804.42914583208,0.402,Comp0001,DNS0001,17,43621,53,4,2,42,104
222805.90361544793,2.235,Comp0040,DC0002,6,19512,88,3,13,496,293
222815.04526776518,0.949,Comp0011,Proxy0001,6,47895,3128,6,92,303,1734
222815.72431057633,3.815,Comp0039,Web0001,6,55620,443,6,41,3217,11935
222820.88849509976,2.565,Comp0056,FS0002,6,56780,445,40,77,547,5629
222826.40068993342,1.653,Comp0056,DC0002,6,56445,88,4,6,558,2756
222831.00998695847,7.987,Comp0040,DC0001,6,18758,445,27,30,696,14717
222834.5527624791,8.384,Comp0019,Web0001,6,56561,443,11,18,838,12728
222836.6416530236,4.261,Comp0035,Web0006,6,23798,443,10,30,263,1155
222841.64380612015,0.036,Comp0042,DNS0001,17,51317,53,3,2,42,66
222843.40897076536,1.549,Comp0072,Proxy0001,6,45268,3128,19,130,196,17600
222844.5930530388,0.317,Comp0040,Proxy0002,6,47458,3128,8,15,248,11004
222854.6693631746,4.088,Comp0035,Web0004,6,21633,443,3,90,934,3891
222860.67845461,1.542,Comp0071,Proxy0001,6,43611,3128,20,102,149,23389
222861.3941124112,0.051,Comp0036,DNS0002,17,37231,53,3,3,46,53
222861.4969793984,7.184,Comp0015,FS0001,6,62337,445,11,68,1299,33507
222869.81622077464,0.12,Comp0055,DNS0001,17,38643,53,3,3,25,110
222870.58021404524,5.422,Comp0049,Web0006,6,45798,443,16,93,966,10108
222873.40247572307,2.628,Comp0074,Proxy0002,6,64529,3128,8,137,380,1216
222877.09406423726,2.836,Comp0045,Mail0002,6,32307,993,9,10,323,676
222881.90952255944,10.131,Comp0016,Web0002,6,21916,443,5,23,578,8499
222888.00755740475,2.954,Comp0073,Proxy0001,6,41019,3128,8,134,132,22446
222890.82128505135,4.474,Comp0030,FS0001,6,15680,445,5,88,2078,8085
222891.23921143333,6.983,Comp0035,Web0002,6,9227,443,10,42,420,9201
222891.2688206719,28.478,Comp0030,FS0003,6,48281,445,18,141,4248,5318
222893.19279319135,0.193,Comp0053,DNS0002,17,5207,53,2,3,184,171
222894.21291935357,0.099,Comp0056,Proxy0001,6,6700,3128,9,29,1300,1825
222894.52410810083,4.202,Comp0049,Proxy0001,6,51853,3128,9,186,562,88956
222894.6076312476,4.857,Comp0038,Proxy0001,6,34083,3128,13,41,219,9366
222895.96303880273,3.945,Comp0037,Web0002,6,58850,80,33,52,970,10235
222896.5031431642,6.17,Comp0034,Proxy0002,6,17343,3128,12,36,665,15182
222897.20135092194,0.878,Comp0008,DNS0002,17,38636,53,2,2,75,171
222897.37579226287,0.028,Comp0079,Mail0002,6,65307,993,5,9,199,254
222903.7371647056,0.343,Comp0028,DNS0001,17,27417,53,2,3,40,89
222905.26948616747,0.589,Comp0058,Proxy0001,6,51257,3128,16,17,497,6523
222907.0519744907,0.16,Comp0011,DNS0001,17,29431,53,2,3,82,241
222908.84140177257,9.048,Comp0037,FS0001,6,61918,445,10,281,1539,15724
222911.63029778283,0.458,Comp0021,Web0003,6,11310,443,17,30,520,12548
222916.93078132148,1.896,Comp0060,FS0003,6,53570,445,27,157,1181,4454
222918.71285723057,7.434,Comp0005,Web0005,6,22844,443,16,27,116,4917
222919.86275935028,19.468,Comp0038,FS0001,6,8692,445,14,115,2001,11133
222921.14442611774,0.342,Comp0051,DNS0002,17,36449,53,2,3,42,203
222922.43799364677,2.911,Comp0008,Proxy0001,6,43164,3128,23,100,882,23812
222924.06472681835,0.839,Comp0065,Web0006,6,59319,443,31,49,2317,7823
222930.80360894027,2.14,FS0003,DC0001,6,42356,88,6,4,1889,363
222935.65232089642,0.309,Comp0004,DNS0001,17,28483,53,3,2,78,141
222936.60018278135,0.21,Comp0063,DNS0002,17,52571,53,4,3,34,135
222938.17168998718,7.356,Comp0029,Web0003,6,35465,443,4,18,568,9112
222943.87680293465,1.471,Comp0067,Web0002,6,30281,443,17,58,1379,603
222944.92400430416,0.263,Comp0015,DNS0001,17,16384,53,2,2,160,184
222948.9343293523,0.203,Comp0075,DNS0002,17,20423,53,2,3,67,300
222950.78503753326,10.274,Comp0056,Web0003,6,27568,80,4,27,2741,29320
222951.6509422681,4.836,Comp0032,Web0003,6,40368,443,8,166,1238,7251
222952.10734303953,3.707,Comp0054,Proxy0001,6,60990,3128,19,70,960,1344
222953.77191120829,5.275,Comp0033,Web0003,6,46098,443,7,54,1461,35253
222965.4630962895,1.283,Comp0023,DC0001,6,39112,88,11,9,373,2006
222966.07120454372,21.666,Web0006,DB0004,6,33387,3306,25,78,2664,63552
222966.71338670683,9.525,Comp0004,DC0002,6,47199,445,14,57,2036,12209
222969.75332731934,1.907,Comp0020,Proxy0002,6,59109,3128,11,44,3142,6553
222969.89306959265,1.18,Comp0012,Mail0002,6,33490,993,5,5,396,147
222970.7206942553,0.246,Comp0075,DNS0001,17,56088,53,2,4,42,235
222971.46232920059,4.189,Comp0001,DC0001,6,47237,389,6,2,1189,422
222973.57510041023,0.172,Web0002,DNS0002,17,43536,53,2,3,88,90
222974.3727731488,21.59,Web0003,DB0003,6,19009,3306,31,144,6320,19869
222976.57504713206,0.397,Comp0034,DNS0002,17,10571,53,2,3,89,51
222991.99069208038,5.014,Comp0018,Web0001,6,38109,443,9,24,154,3503
222995.41099653667,21.581,Comp0002,Web0002,6,3567,443,11,33,635,3125
222996.36524628935,1.289,Comp0058,Mail0002,6,8198,587,3,12,1204,606
222998.56592923898,5.25,Comp0013,Proxy0001,6,7353,3128,13,42,298,9552
223009.30217870034,0.347,Comp0033,Web0003,6,14012,443,14,32,578,16799
223010.97806531386,7.608,Comp0059,DC0002,6,25182,389,6,1,454,439
223013.1198418983,0.24,Comp0073,Web0002,6,65381,80,30,21,225,23584
223022.84800183304,3.027,Comp0041,Web0004,6,55975,443,6,19,338,7253
223035.87388793554,0.091,Comp0065,DNS0001,17,42322,53,3,2,70,297
223035.9486636414,0.179,Comp0080,Web0003,6,28661,80,5,42,906,35673
223038.9898413131,7.954,Comp0029,Web0003,6,30532,443,12,120,2751,15411
223039.10362976353,6.151,Comp0058,Web0004,6,23813,443,8,54,145,2588
223040.03408848806,7.528,Comp0069,Web0001,6,13063,443,11,24,1978,7414
223043.5827770518,7.456,Comp0051,DC0002,6,30998,88,4,2,283,325
223047.6531262913,8.88,Comp0073,FS0001,6,6325,445,76,166,1443,6389
223052.86462998262,5.569,Comp0026,Web0002,6,62768,443,17,108,1038,3321
223054.22886068036,11.612,Comp0043,FS0001,6,37633,445,17,427,3389,9004
223056.69495542045,23.696,Comp0077,FS0003,6,18431,445,5,46,1844,24689
223060.31712834234,9.823,Comp0006,Comp0021,6,20518,22,8,11,1045,22
223067.17038494663,5.867,Comp0043,Web0005,6,57537,443,9,79,587,2126
223067.39539973234,15.405,Comp0066,Proxy0002,6,37360,3128,4,29,105,1997
223077.48200992635,7.955,Comp0026,FS0003,6,47765,445,43,45,2718,49978
223080.47101471075,0.254,Comp0050,DNS0002,17,44194,53,2,3,102,145
223084.0227726513,8.699,Web0005,DB0003,6,28167,3306,32,103,4672,10753
223086.251890032,0.061,Comp0075,DNS0001,17,60250,53,2,3,64,249
223090.36454431008,3.949,Comp0054,Web0005,6,10135,443,8,23,708,4889
223095.04051269413,3.888,Comp0020,Web0006,6,55033,80,11,19,1358,3925
223095.16168696334,0.013,Comp0005,DNS0002,17,24521,53,2,2,122,239
223095.89758014856,5.488,Comp0071,DC0002,6,54204,88,11,10,871,1554
223097.97255782655,3.17,Comp0059,Proxy0001,6,40542,3128,7,44,655,700
223101.94139006763,6.961,Comp0016,FS0001,6,57230,445,30,35,2970,60211
223103.68346475344,2.692,Comp0057,Web0002,6,48754,443,9,12,679,21628
223104.167373461,0.079,Comp0037,DNS0001,17,13339,53,2,4,66,106
223107.48736069154,0.487,Comp0025,Web0003,6,29815,443,7,67,249,1163
223111.141124923,4.304,Comp0042,DC0002,6,38008,445,5,13,5101,7169
223115.37996270182,4.881,Comp0004,Web0003,6,40458,443,7,63,189,19114
223125.29951026672,1.155,Comp0070,DC0001,6,34483,445,184,393,1126,5444
223129.62227885838,1.393,Comp0048,Web0004,6,9887,443,34,23,1417,2787
223135.41616259873,6.771,Comp0007,DC0001,6,32317,445,10,48,1027,65819
223138.609301624,3.496,Comp0040,Web0005,6,58144,443,3,8,254,6603
223142.27051697441,3.995,Comp0060,Mail0001,6,30478,993,6,7,156,226
223148.1508733547,2.708,Comp0030,Mail0001,6,63308,993,5,6,285,4326
223148.1524126803,3.092,Comp0054,Web0006,6,3427,443,9,73,410,20161
223150.09978605201,0.001,Comp0077,DNS0002,17,42671,53,2,2,78,127
223150.2490497544,1.057,Comp0042,Web0002,6,11532,443,3,16,445,17886
223153.44523171545,9.88,Comp0016,Proxy0001,6,38115,3128,11,15,808,4062
223156.99911974976,0.081,Comp0068,DNS0001,17,38561,53,4,2,67,135
223167.65800758684,0.201,Comp0017,DNS0001,17,60386,53,3,3,151,309
223171.29874238974,0.074,Comp0054,DNS0001,17,61636,53,2,3,61,70
223175.0343132279,0.111,Comp0012,DNS0002,17,47302,53,4,2,106,147
223178.81110872212,4.548,Comp0020,FS0001,6,46122,445,46,85,9878,6258
223179.69624471304,0.124,Comp0064,DNS0002,17,46397,53,2,2,118,91
223198.9085344591,4.33,Comp0071,Web0003,6,14985,443,6,31,1465,68471
223202.98885593435,0.062,Comp0073,DNS0001,17,22911,53,2,2,51,116
223206.03643063077,8.975,Comp0049,FS0003,6,35177,445,13,24,9960,11008
223208.1638476071,5.105,Comp0078,DC0002,6,12066,88,11,6,1052,614
223214.72474490065,3.149,Comp0041,Web0001,6,34932,443,4,62,4583,8179
223229.45755542995,4.997,Comp0016,Web0004,6,31612,443,6,34,483,1552
223230.4009362036,0.099,Comp0060,Web0005,6,35538,443,7,20,623,17068
223235.96624317122,5.416,Comp0020,Web0004,6,36755,443,4,34,644,6824
223236.50241311706,9.094,Comp0026,Mail0002,6,37171,587,4,21,606,210
223237.10537215133,5.73,Comp0021,Proxy0001,6,38327,3128,14,170,1193,9062
223237.1443300486,15.773,Comp0006,Comp0075,6,57655,445,55,125,559,582
223240.63592672217,0.067,Comp0053,DNS0002,17,19101,53,3,3,76,304
223241.37721084896,18.077,Comp0057,FS0001,6,54130,445,10,56,1680,5747
223242.70074755963,8.53,Comp0009,Web0003,6,44102,80,6,53,3525,1580
223248.3044354784,1.624,Comp0027,Proxy0002,6,7701,3128,7,48,403,15098
223256.2431246416,5.854,Comp0028,Proxy0002,6,45569,3128,4,13,1109,1954
223266.34283526288,0.092,Web0002,DNS0001,17,44260,53,2,2,60,183
223267.16242273734,0.565,Comp0075,DNS0001,17,64802,53,2,2,60,145
223279.72238387365,8.808,Comp0040,Web0004,6,5677,80,12,79,2503,4665
223289.72551692626,2.664,Comp0050,DC0002,6,49861,389,3,7,779,748
223292.88711908617,3.369,Comp0026,DC0001,6,11462,389,6,10,226,486
223294.45169243493,6.266,Comp0049,Proxy0002,6,25478,3128,41,51,1981,11720
223313.1831446637,1.074,Comp0076,Proxy0001,6,55083,3128,14,120,98,19462
223320.7855204773,7.457,Comp0023,Web0002,6,2364,443,19,79,843,1334
223333.14672388224,1.33,Comp0011,DC0002,6,35190,22,6,14,299,412
223334.860145677,1.445,Comp0051,Proxy0001,6,9767,3128,6,149,344,3916
223343.507984716,3.709,Comp0007,Proxy0001,6,7992,3128,7,19,481,4548
223348.91267664736,14.817,Comp0076,Proxy0001,6,44736,3128,6,7,1037,12549
223352.8057174675,3.033,Comp0035,Mail0001,6,32569,587,10,6,3509,804
223357.76964476157,18.753,Comp0040,FS0003,6,3175,445,8,92,2207,68213
223358.0482947997,0.079,Comp0043,Web0004,6,54541,443,9,31,1410,957
223361.34900271054,0.104,Comp0037,Web0005,6,53967,80,6,20,1395,73765
223364.48004794266,1.116,Comp0022,Proxy0001,6,59437,3128,7,19,1208,7261
223364.61402839606,9.4,Comp0048,FS0001,6,53928,445,39,293,12392,2772
223369.44798241075,2.51,Comp0067,Proxy0001,6,45808,3128,8,17,810,5454
223380.5690195722,0.651,Proxy0002,Ext0014,6,9060,80,11,28,485,29311
223384.78073427937,0.508,Comp0052,DNS0001,17,52182,53,3,2,49,387
223387.05185205216,7.181,Comp0015,Web0005,6,25553,443,17,85,1017,6388
223390.23838950632,0.073,Comp0039,DNS0002,17,41112,53,2,2,67,307
223390.34204764766,0.323,Comp0039,Web0004,6,13352,443,10,35,956,4603
223390.40533233644,1.972,Comp0004,DC0002,6,14853,389,5,17,524,693
223391.94360717814,12.546,Comp0076,DC0002,6,33297,389,4,8,99,581
223393.01141255806,2.251,Comp0009,Web0006,6,61078,443,17,71,315,12581
223398.34512194665,6.292,Comp0062,FS0003,6,15373,445,39,85,614,3867
223400.35459347672,0.252,Comp0029,DNS0002,17,20471,53,2,3,93,228
223404.7717009053,2.851,Comp0031,Mail0002,6,61937,993,5,7,1062,630
223408.5001812008,4.469,Comp0063,Web0005,6,32181,80,8,54,62,7317
223414.5813260551,0.325,Comp0036,Proxy0001,6,7409,3128,5,38,2628,7280
223417.26511935654,7.764,Comp0058,Web0003,6,62257,443,4,20,1173,18464
223421.7316883011,6.508,Comp0029,Proxy0002,6,13901,3128,7,21,1505,8612
223424.77040448572,5.451,Comp0013,Web0002,6,45701,443,11,43,1112,2319
223427.92650450257,3.661,Comp0060,DC0002,6,17200,445,52,96,2839,11413
223428.77322007116,0.741,Comp0078,DC0001,6,13673,389,8,7,369,609
223429.84945884725,7.875,Comp0070,Web0003,6,41489,443,25,69,226,6172
223433.2629086224,15.483,Comp0053,Web0006,6,30244,443,15,47,1039,6659
223435.20682416894,0.01,Comp0055,DNS0001,17,47100,53,2,2,83,137
223439.70885569992,5.12,Comp0046,DC0002,6,46263,88,5,7,991,247
223440.63908270717,1.549,Comp0035,DC0002,6,53447,88,8,12,1254,728
223442.06007157054,0.107,Comp0074,DNS0002,17,60398,53,3,3,30,99
223444.45833459037,0.256,Comp0061,DNS0001,17,49305,53,3,3,65,102
223446.45265339644,5.985,Comp0014,Web0001,6,1271,443,12,82,699,5327
223450.42693846283,0.147,Comp0049,DNS0001,17,64013,53,3,2,44,82
223451.51960283198,0.024,Comp0005,DNS0002,17,13935,53,2,3,51,130
223452.65070451717,0.232,Comp0013,DC0002,6,48269,88,4,4,865,1117
223455.0832271756,2.669,Comp0070,Web0003,6,61073,443,4,37,401,2397
223464.78421786474,0.023,Comp0025,DNS0002,17,28020,53,3,2,41,143
223466.3646788571,0.006,Comp0037,DNS0002,17,60178,53,4,4,35,139
223466.59827790255,4.188,Comp0021,Web0003,6,21180,443,8,25,1192,1396
223471.65164424066,5.854,Comp0071,Web0005,6,63533,80,4,41,770,4822
223473.41465862206,3.204,Comp0009,Mail0001,6,45676,993,4,9,142,731
223475.40417643235,0.307,Comp0042,DNS0001,17,21809,53,2,3,52,135
223480.52137321723,1.53,Comp0036,Web0004,6,36080,80,6,50,635,6722
223481.24684074725,1.338,Comp0070,DC0002,6,50418,389,5,19,2066,112
223485.4201020422,0.171,Comp0071,Proxy0001,6,21470,3128,4,26,173,3031
223492.3105472562,0.356,Proxy0002,Ext0023,6,35502,443,4,10,46,7707
223492.9580594102,4.337,Comp0017,Proxy0002,6,7833,3128,17,30,2805,14157
223499.8513234361,5.812,Comp0009,FS0002,6,38455,445,21,109,373,11895
223501.32896749506,0.022,Comp0060,DNS0002,17,41983,53,2,2,75,49
223504.0837799557,0.516,Comp0029,DNS0001,17,65279,53,3,3,112,105
223511.39904595359,0.443,Comp0035,DNS0002,17,33961,53,2,3,63,98
223512.57173887317,12.28,Comp0079,Mail0002,6,48290,993,7,10,356,511
223514.3330652926,1.345,Comp0063,Web0006,6,58122,443,4,48,1362,791
223520.06972522475,1.12,Comp0027,DC0001,6,47846,389,12,9,782,239
223529.47724315373,0.018,Comp0069,DNS0002,17,10146,53,3,2,92,78
223530.68766262365,3.966,Comp0067,Proxy0002,6,39389,3128,17,14,282,625
223532.2002806076,5.735,Comp0075,Proxy0002,6,14812,3128,13,32,593,3224
223535.1168281989,0.93,Comp0056,Web0006,6,41734,443,15,72,1025,1970
223536.3617247715,7.322,Comp0061,Mail0001,6,4381,587,4,10,52,3976
223537.52426521145,1.951,Comp0065,Web0006,6,59676,443,9,29,1291,5693
223539.34224372575,0.162,Comp0012,DNS0002,17,34684,53,2,3,42,152
223540.87604835018,0.271,Comp0079,Web0003,6,28253,80,9,52,371,25697
223543.13007384905,0.852,Comp0036,FS0002,6,64177,445,19,55,520,3096
223545.5625173303,0.877,Comp0059,DC0002,6,23780,389,8,3,364,298
223546.2000074188,0.017,Comp0073,DC0001,6,47534,88,9,10,447,987
223546.24693470364,2.717,Comp0006,DC0002,6,39645,389,7,8,267,838
223546.73369442095,3.466,Comp0002,Web0003,6,51212,443,5,17,434,9468
223548.1714524433,0.068,Comp0053,DNS0002,17,43287,53,2,3,75,246
223550.01996876815,0.584,Comp0057,Mail0002,6,46374,993,19,3,519,241
223553.03508471115,0.096,Comp0043,Web0005,6,11266,443,3,87,472,1520
223563.73369380165,0.495,Comp0011,DNS0001,17,35344,53,2,2,81,121
223566.9058371361,3.517,Comp0015,Web0001,6,11697,443,6,74,1042,7243
223567.77685725864,6.511,Comp0012,Mail0001,6,64769,993,5,11,238,2462
223569.62567084905,6.347,Comp0026,Web0002,6,31879,443,7,26,322,1780
223585.30495191744,0.236,Comp0052,DC0002,6,50146,88,6,7,459,495
223590.59087846236,11.309,Comp0078,DC0001,6,48379,88,6,11,416,413
223594.00646078945,6.546,Comp0078,Web0003,6,62025,80,20,249,177,2846
223596.00600401635,4.478,Comp0068,Web0006,6,4935,80,7,28,601,21753
223612.81575530794,6.404,Comp0051,Web0002,6,27132,80,6,37,1263,5138
223615.0769954337,2.931,Comp0039,Web0006,6,47708,443,6,66,233,2107
223617.00606714067,15.275,Comp0055,FS0001,6,48326,445,73,373,6036,7632
223618.31697567576,0.631,DC0001,DNS0001,17,4135,53,2,3,80,196
223628.172180905,9.902,Comp0070,Proxy0002,6,29378,3128,16,60,1257,19771
223641.8398806789,0.057,Comp0041,DNS0002,17,34668,53,3,3,64,374
223644.68067674138,2.082,Comp0046,Web0006,6,7502,80,9,78,1471,17508
223646.42258192852,3.987,Comp0009,DC0001,6,42517,88,5,9,165,653
223649.31528643478,7.101,Comp0056,Proxy0001,6,27187,3128,4,37,472,4938
223650.48064120696,0.645,Comp0014,DNS0002,17,23313,53,2,3,149,157
223653.70852985722,2.884,Comp0026,DC0001,6,51418,88,15,19,214,964
223657.8531212618,0.938,Comp0004,Proxy0001,6,21792,3128,7,26,890,2551
223659.54744066249,4.479,Comp0033,Proxy0002,6,53143,3128,12,96,147,37661
223662.43591040577,3.301,Comp0048,Web0006,6,10442,80,4,94,1014,50253
223662.63416046946,0.219,DB0002,DNS0002,17,14874,53,2,2,48,327
223663.33175561117,3.66,Proxy0002,Ext0004,6,40277,80,6,89,646,4947
223670.00112269126,5.41,Comp0008,Web0004,6,27718,443,5,31,623,3620
223673.12411729668,44.655,Web0002,DB0003,6,28418,3306,7,49,504,39878
223684.34904753664,4.823,Comp0069,DC0001,6,17358,445,24,15,8076,28087
223700.09511312481,1.886,Comp0025,Mail0001,6,25228,587,5,5,328,1443
223711.4915654398,4.957,Comp0067,Web0003,6,35090,80,6,58,1329,2491
223723.4604116502,4.926,Comp0041,Web0004,6,13577,80,6,41,488,4004
223723.80054889788,7.635,Comp0020,Web0004,6,6517,80,6,94,327,2007
223726.12408811477,1.684,Comp0003,DC0001,6,13530,389,5,3,857,1799
223728.35029267223,0.024,Comp0063,Web0006,6,64745,443,13,15,747,3339
223735.7950387668,2.849,Comp0049,Web0001,6,42622,443,24,25,872,9309
223748.0466740556,0.073,Comp0044,Proxy0002,6,21433,3128,5,28,1569,33595
223750.76110636228,0.431,Comp0065,Proxy0002,6,52933,3128,7,455,272,17368
223754.170747373,6.931,Comp0061,FS0001,6,4143,445,36,51,1689,7581
223757.14632104244,5.487,Comp0050,DC0001,6,58132,389,3,6,171,224
223757.70637320593,0.531,Comp0051,DNS0001,17,47797,53,2,2,52,165
223761.4921835757,0.29,Comp0057,Mail0002,6,40165,587,3,28,62,264
223767.5085547121,14.237,Comp0074,DC0002,6,4718,88,12,7,316,107
223768.77938033896,15.805,Comp0044,Proxy0002,6,27111,3128,9,40,889,1952
223770.74075778073,2.041,Comp0006,Proxy0001,6,5940,3128,11,21,232,5355
223772.7611977286,0.888,Comp0057,DNS0001,17,24391,53,2,2,80,121
223775.3034901205,1.562,Comp0044,DC0002,6,27587,88,4,5,602,351
223780.79183499204,0.114,Comp0071,DNS0002,17,22078,53,3,3,38,358
223792.03949242906,0.684,Comp0007,DC0002,6,22028,88,4,8,172,1314
223801.40798740648,0.056,Comp0079,DNS0001,17,58127,53,3,3,20,136
223801.98476447043,0.838,Comp0070,DC0002,6,59471,88,4,4,404,363
223807.6406350386,0.327,Comp0032,Web0001,6,57406,443,4,31,893,1996
223807.9204518799,6.668,Comp0014,DC0002,6,41344,88,7,16,407,944
223809.28833731002,0.067,Comp0074,DNS0002,17,7677,53,2,2,128,181
223810.12632060458,3.662,Comp0073,DC0001,6,25762,445,8,65,6899,46765
223811.95495690982,0.154,Comp0052,DNS0001,17,5635,53,2,2,102,324
223812.82312558213,4.379,Comp0072,DC0002,6,4937,389,14,11,156,836
223822.42407847132,0.347,Comp0045,DNS0002,17,8052,53,2,3,106,78
223833.29855470537,0.113,Comp0011,DNS0002,17,48417,53,2,3,76,129
223842.17668389896,0.151,Comp0049,DNS0002,17,25712,53,3,2,67,135
223843.1358895236,0.075,Comp0013,DNS0002,17,9320,53,2,3,103,117
223849.83047329096,1.867,Comp0076,Web0001,6,12007,443,5,140,2792,4183
223849.96851226094,6.495,Web0001,DB0002,6,64665,3306,41,19,6190,22459
223851.38538190487,0.597,Comp0078,DC0001,6,19938,88,9,3,136,114
223861.93334207358,0.124,Comp0029,DNS0001,17,4841,53,2,3,32,133
223862.06889638782,0.823,Comp0059,Proxy0001,6,61679,3128,9,21,4915,50025
223867.96867704985,0.645,Comp0008,DC0002,6,17246,389,9,7,412,141
223868.22362360873,1.212,Comp0024,Web0002,6,3574,443,11,16,472,49968
223869.33156947655,1.733,Comp0054,Web0001,6,41977,443,9,103,770,19389
223871.87899123138,7.769,Comp0011,Web0002,6,53975,80,4,70,747,6729
223872.0319154419,1.856,Comp0049,Web0006,6,65165,443,5,47,1149,20183
223879.87006177194,14.714,Comp0045,Web0003,6,36744,80,5,24,201,9519
223882.73487200084,29.876,Comp0006,FS0003,6,22121,445,22,70,1160,14938
223885.56378246975,0.444,Comp0034,DNS0001,17,34532,53,2,2,98,284
223888.48931739025,0.19,Comp0022,DC0001,6,63187,389,7,9,696,939
223898.1717676104,39.117,Comp0024,FS0003,6,8072,445,13,87,1673,38187
223906.4287760746,0.115,Comp0069,DNS0001,17,60122,53,2,3,65,80
223910.62733712155,3.616,Comp0079,Web0002,6,63589,443,3,56,309,3238
223910.89984584795,0.516,Comp0004,DNS0002,17,49047,53,2,3,58,215
223912.0459036506,7.418,Comp0055,DC0002,6,57906,88,9,8,125,3733
223918.14090706376,4.427,Comp0038,Web0002,6,11259,443,6,31,451,54201
223922.35411364262,0.107,Comp0022,DNS0002,17,4812,53,3,2,106,203
223926.53015981094,0.555,Comp0029,DNS0002,17,16612,53,3,3,107,131
223929.7476659781,1.631,Comp0049,Web0003,6,34278,443,4,28,2143,29891
223930.24295975335,0.399,Comp0016,DNS0002,17,46639,53,3,2,70,138
223935.86295902307,0.1,Comp0060,DNS0002,17,44939,53,2,2,134,234
223936.28262232692,4.77,Comp0040,Mail0001,6,42064,993,4,4,410,255
223939.67496951684,0.335,Comp0034,DNS0002,17,44567,53,2,2,207,124
223942.89026181278,0.719,Comp0047,Web0006,6,20517,443,11,13,650,13594
223944.25104730937,0.83,Comp0007,DNS0001,17,55440,53,2,3,45,122
223945.3845872439,6.149,Mail0002,Ext0021,6,55295,25,5,3,279,1177
223958.83853402748,3.719,Comp0012,Web0005,6,58277,443,8,50,1933,9559
223969.8722808912,24.07,Comp0063,Web0003,6,27802,443,7,50,1392,20469
223974.24142639406,0.542,Comp0017,DNS0002,17,8943,53,3,2,44,114
223976.78906959723,2.509,Comp0046,DC0001,6,21264,88,7,4,328,1252
223980.02318201138,0.046,Comp0012,DNS0001,17,18007,53,3,2,73,300
223980.5587144701,0.105,Comp0050,DNS0002,17,4041,53,2,2,67,101
223981.6790555379,0.198,Comp0065,DNS0002,17,17837,53,3,2,53,278
223990.30720453232,0.065,Comp0052,DNS0002,17,63748,53,3,3,63,148
223990.41743267607,0.53,Comp0065,Web0002,6,10675,443,11,99,1659,4110
223992.24743203836,4.677,Comp0018,Web0002,6,39800,443,53,43,1881,28287
223995.46668684704,5.907,Comp0040,Web0006,6,2799,80,5,14,189,7357
224001.48411114883,5.677,Comp0072,FS0003,6,30412,445,18,88,983,2406
224001.48796301603,3.661,Comp0029,Mail0001,6,57139,587,10,13,1445,256
224004.62539583654,0.311,Comp0034,DNS0002,17,44346,53,3,3,86,75
224007.6986832979,4.944,Comp0006,FS0001,6,10977,445,46,134,5458,80910
224012.04405569914,4.665,Comp0025,Web0003,6,38775,443,3,18,114,41124
224014.0350134059,8.662,Comp0064,Mail0002,6,7752,993,4,15,600,848
224019.9040955096,31.845,Comp0020,FS0002,6,25027,445,107,509,1676,19629
224021.80377133918,42.556,Comp0044,FS0001,6,48389,445,9,67,1082,17940
224026.58337286854,1.072,Comp0059,FS0003,6,44571,445,21,168,2265,36133
224029.90005591832,3.848,Comp0016,Web0004,6,41538,80,6,39,216,9049
224030.40201641805,0.442,Comp0052,DNS0002,17,56511,53,2,2,35,147
224032.60457874194,3.399,Comp0054,FS0001,6,23687,445,15,74,2212,5050
224043.02660252943,3.482,Comp0015,Web0003,6,28447,443,22,101,890,22665
224046.56738060515,9.149,Web0004,DB0002,6,8772,3306,34,65,2632,4307
224047.54353514733,0.029,Comp0030,DNS0001,17,63447,53,3,2,100,153
224047.93198207874,0.0,Comp0036,DNS0002,17,44684,53,3,2,37,171
224049.6517444909,1.274,Comp0043,DC0001,6,63768,445,19,33,596,109124
224058.03536317483,0.198,Comp0026,Proxy0002,6,17408,3128,7,6,2108,1675
224060.8287638111,0.044,Comp0020,DNS0001,17,17925,53,2,3,55,64
224063.46021020482,0.182,Comp0056,DNS0001,17,41638,53,2,3,46,121
224067.51873643656,9.259,Comp0034,Web0001,6,49797,80,4,7,132,4246
224068.26905838522,1.679,Comp0067,FS0002,6,59793,445,15,130,722,429
224074.34707566808,14.876,Comp0079,FS0002,6,30674,445,19,134,1216,2718
224075.28825424064,14.609,Comp0063,Web0001,6,38957,443,14,54,567,45723
224079.64653257755,4.213,Comp0003,Mail0002,6,30807,993,11,4,300,1700
224092.96910885285,0.495,Comp0008,Mail0002,6,14198,993,6,5,1858,1293
224094.67751035604,0.619,Comp0020,Mail0002,6,51560,993,5,12,141,1574
224095.52185331302,40.456,Comp0043,FS0002,6,41419,445,42,182,2948,40167
224096.55481750044,3.338,Mail0002,Ext0032,6,35565,25,17,3,140,567
224101.76969355284,1.82,Comp0039,Web0002,6,46375,443,11,33,235,5435
224121.3880149634,0.287,Comp0055,DNS0002,17,27558,53,4,2,48,127
224124.91679956164,0.043,Comp0069,DNS0002,17,6104,53,2,2,61,78
224136.31156293274,1.745,Comp0015,DC0002,6,38516,389,8,8,1236,295
224139.03243573965,0.043,Comp0010,Web0003,6,13512,443,13,24,3228,52838
224145.3030141786,7.083,Comp0057,Web0006,6,22393,80,8,76,1321,3370
224148.82990688976,2.5,Comp0069,DC0001,6,29383,389,4,4,358,736
224156.09130603194,0.145,Comp0001,DNS0002,17,26854,53,3,2,131,71
224173.3446535905,1.067,Comp0069,FS0003,6,23271,445,40,135,2419,9637
224173.91792607965,2.25,Comp0066,Web0001,6,10429,443,9,38,1177,151970
224175.94206941233,10.282,Comp0011,Proxy0001,6,57751,3128,3,17,1840,2175
224176.89345159064,2.798,Comp0019,FS0001,6,15812,445,24,289,4539,1816
224192.81984686916,10.817,Comp0051,Web0002,6,39630,443,11,50,376,44456
224197.00684278904,2.312,Comp0006,FS0001,6,18351,445,32,31,2430,25429
224197.6918277109,0.013,Comp0046,DNS0001,17,56491,53,2,2,52,180
224198.7913731152,1.145,Comp0057,Web0001,6,25520,443,15,39,484,2925
224202.31128938124,1.531,Comp0021,Web0004,6,27483,443,8,34,1079,19927
224203.31316897736,4.406,Comp0008,Web0001,6,4773,443,15,19,1369,7280
224205.5972247495,1.126,Comp0078,Web0001,6,32922,443,28,13,2319,16064
224209.16078460275,0.164,Comp0080,DNS0002,17,29753,53,3,3,59,286
224211.78811158083,14.267,Comp0024,FS0002,6,26198,445,14,516,8161,48981
224215.83819110837,4.699,Comp0046,DC0002,6,50722,88,3,10,1331,205
224217.44468736555,3.873,Comp0011,FS0001,6,8396,3389,10,32,313,2053
224218.51085297324,0.029,Comp0053,DC0001,6,65529,88,3,24,547,319
224220.14141495407,0.193,Comp0012,DNS0001,17,21760,53,2,3,47,239
224222.6338517691,4.296,Comp0005,FS0001,6,64266,445,29,82,2379,60977
224232.9045230606,1.541,Comp0039,Web0002,6,23277,443,5,20,1125,2622
224235.14714787444,10.305,Comp0056,Web0002,6,21571,443,5,14,1276,851
224242.5513724829,0.064,Comp0024,DNS0001,17,27047,53,3,2,52,179
224245.06461616326,0.204,Comp0016,DNS0001,17,37171,53,3,3,105,111
224245.55602125538,2.455,Comp0078,Mail0001,6,5410,587,4,10,654,207
224248.00566923583,0.013,Comp0056,DNS0001,17,64216,53,2,3,40,41
224250.7024721076,3.413,Comp0068,Web0004,6,37974,443,13,43,691,71802
224254.40420029464,2.774,Comp0073,Web0005,6,5674,443,13,12,3063,1930
224254.6505575747,0.387,Comp0045,DNS0002,17,27788,53,2,2,103,142
224256.8547926518,0.095,Comp0048,DNS0002,17,28359,53,2,2,28,105
224263.63739408617,11.635,Comp0002,Web0003,6,2720,443,6,47,555,2185
224267.2340164362,0.081,Comp0032,DNS0001,17,27098,53,2,2,70,280
224270.67267546186,0.162,Proxy0001,Ext0027,6,49209,443,19,37,622,48150
224273.20825342304,0.071,Comp0057,DNS0001,17,65226,53,3,2,82,220
224274.5445025421,0.962,Proxy0002,Ext0006,6,16668,80,5,13,519,11239
224280.7224971277,1.28,Comp0060,Proxy0002,6,58675,3128,20,19,278,27517
224283.24695367823,0.487,Comp0054,Mail0002,6,50406,993,5,9,406,657
224293.69997916467,1.939,Comp0031,Web0002,6,24315,443,8,25,374,35072
224296.90200811301,0.409,Comp0013,Proxy0001,6,55386,3128,6,23,526,7626
224298.0180553593,4.774,Comp0070,DC0001,6,40435,389,6,6,745,446
224307.71475845668,49.478,Comp0050,DC0001,6,48998,445,12,154,1567,5327
224312.80145711804,0.837,Comp0077,Mail0001,6,5031,993,11,2,335,683
224314.66337328337,5.088,Comp0071,Web0002,6,15010,443,7,35,840,8923
224315.3661447969,0.088,Comp0039,DNS0002,17,49446,53,2,3,47,133
224315.49625852462,4.584,Comp0052,Proxy0002,6,35000,3128,5,42,762,5656
224329.3378651577,11.857,Comp0079,Proxy0001,6,38398,3128,5,40,1479,1012
224332.04465015925,0.246,Comp0027,DNS0001,17,37467,53,3,2,90,133
224333.48619215787,3.292,Comp0075,DC0002,6,41216,389,3,5,467,465
224337.03205376718,2.249,Comp0054,Web0003,6,38457,443,5,20,1382,7532
224337.1998517238,0.031,Comp0020,DNS0001,17,11858,53,2,3,89,79
224348.71393048647,0.637,Comp0044,Web0002,6,62403,443,5,43,1349,7729
224351.7602323882,0.495,Comp0030,DNS0001,17,59789,53,3,3,55,132
224353.26382199142,0.359,Comp0014,DNS0001,17,27361,53,2,2,87,183
224357.3201072673,4.406,Comp0038,DC0001,6,15087,88,7,7,480,7272
224358.3061554726,0.03,Comp0055,DNS0001,17,31256,53,2,2,95,205
224361.0467375368,1.636,Comp0002,FS0002,6,21353,445,21,203,1412,28791
224371.48213488306,3.171,Comp0052,Web0004,6,39180,443,10,35,882,14952
224375.62098352352,6.264,Comp0072,Proxy0002,6,45839,3128,8,19,1361,9662
224381.66634681917,0.008,Comp0040,DNS0001,17,52168,53,3,3,88,101
224382.93848112848,0.7,Comp0058,Web0004,6,14410,443,5,45,754,24231
224389.0090012639,6.512,Comp0011,Web0006,6,44813,443,21,11,691,18353
224389.05293575407,5.724,Comp0079,Proxy0001,6,38093,3128,6,76,647,6732
224396.8380330815,26.035,Comp0078,DC0002,6,50379,445,10,100,7481,149468
224397.67662037764,9.164,Web0004,DB0001,6,59442,3306,15,37,7752,149781
224402.7431112909,0.074,Comp0044,Web0006,6,47498,443,26,26,507,6325
224402.79144661408,0.162,Comp0054,DNS0002,17,29321,53,2,3,57,179
224412.15265777893,0.504,Comp0062,DNS0002,17,55229,53,2,3,47,131
224413.25716283647,7.489,Comp0076,Web0003,6,57039,443,2,32,905,1915
224417.1850272679,0.122,Comp0052,DNS0001,17,57711,53,3,3,75,142
224419.16061433076,6.995,Comp0006,FS0001,6,30928,445,16,60,3925,9046
224420.46866109045,0.021,Comp0013,DNS0001,17,17668,53,2,2,23,40
224421.99731291988,5.653,Comp0050,DC0002,6,61029,445,25,762,1169,9790
224424.93614796546,13.542,Comp0016,FS0003,6,7745,445,61,46,1073,12685
224436.72539641592,0.043,Comp0038,DNS0002,17,22320,53,2,2,38,60
224444.662777745,0.253,Comp0053,Web0002,6,32166,443,5,34,1290,5598
224446.3924179884,4.661,Comp0012,Web0004,6,61234,80,11,36,536,4148
224447.81325055106,1.904,Comp0010,Proxy0002,6,11269,3128,12,44,692,1227
224451.83590589516,14.489,Comp0063,Web0006,6,2751,80,8,39,663,19227
224451.91682091606,6.757,Comp0072,DC0001,6,21277,389,4,12,536,492
224453.42323354422,2.872,Comp0033,Web0002,6,62227,80,14,19,457,9905
224456.72316267036,0.094,Comp0080,Mail0002,6,31303,587,4,26,1007,2327
224458.0077386903,0.019,Comp0076,DNS0001,17,42208,53,3,3,86,108
224458.01030535076,0.05,Comp0038,DNS0002,17,44547,53,2,3,81,111
224458.38900958764,0.734,Comp0009,Mail0001,6,39819,993,10,8,310,1084
224486.57744486257,3.68,Comp0078,Web0001,6,13588,443,29,45,263,77943
224490.37746584008,10.592,Comp0064,FS0001,6,11506,445,7,27,534,15330
224493.16741488606,0.614,Comp0059,DNS0001,17,27443,53,2,4,66,311
224497.5805732935,8.71,Comp0076,Web0002,6,36397,443,6,96,1094,28696
224511.01701592776,0.846,Comp0002,Web0004,6,9695,443,8,162,765,5551
224513.0796323656,0.076,Comp0056,DNS0001,17,47616,53,2,3,51,403
224515.81062660622,0.71,Proxy0002,Ext0004,6,56707,80,12,40,1054,5124
224517.0461204258,5.478,Comp0050,Web0003,6,35871,443,10,160,3150,2267
224522.66362979246,47.485,Comp0072,FS0002,6,23829,445,6,53,6384,20611
224526.85517143604,43.023,Comp0043,FS0002,6,12214,445,16,27,810,56311
224540.74828895068,7.339,Comp0073,Web0003,6,17386,80,7,60,421,6849
224544.8282432762,0.733,Comp0021,Web0004,6,16506,80,11,45,2247,9088
224558.4610879362,0.197,Comp0054,DNS0001,17,56663,53,2,3,47,116
224559.34354502166,0.08,Comp0059,DNS0001,17,30453,53,2,3,61,148
224560.33451759545,9.188,Comp0016,Web0002,6,33758,443,5,18,1350,12478
224560.91512664597,19.973,Comp0035,FS0001,6,33666,445,17,62,8224,5493
224565.90895229153,0.225,Comp0036,DNS0001,17,43522,53,3,4,53,146
224566.32678164128,0.96,Comp0031,DNS0002,17,49853,53,2,2,64,54
224566.7489457069,3.335,Comp0038,Web0004,6,45810,443,16,58,585,1917
224569.53136468196,0.275,Comp0017,DNS0002,17,16014,53,2,2,106,174
224570.40777514823,1.492,Comp0074,Web0006,6,47087,443,6,38,549,19197
224574.3047309858,6.44,Comp0027,Web0001,6,59130,443,8,22,485,1706
224576.0266147184,2.77,Comp0019,DC0002,6,29217,389,4,10,696,273
224577.04491684056,0.075,Comp0061,DNS0002,17,62860,53,3,2,77,140
224578.7864580977,6.343,Comp0058,FS0002,6,64752,445,24,22,14422,6216
224587.1061884993,0.481,Comp0012,DNS0002,17,19579,53,2,2,94,169
224587.74703311376,0.156,Comp0039,DNS0001,17,7948,53,3,3,86,147
224598.9014254903,0.147,Comp0017,DNS0002,17,4000,53,2,2,54,85
224601.6263658667,0.192,Comp0080,DNS0002,17,58788,53,3,2,91,135
224616.45387044846,4.603,Comp0079,DC0001,6,2110,389,8,6,85,491
224619.29251752907,0.063,Comp0071,DNS0002,17,24009,53,3,3,109,125
224628.10274697279,0.804,Comp0072,DNS0001,17,5149,53,2,2,42,137
224632.52691904214,6.197,Comp0060,Web0006,6,31974,443,10,29,915,6454
224668.63297655788,0.111,Comp0014,DNS0001,17,4863,53,2,2,58,149
224668.70870018948,3.409,Comp0019,Web0003,6,55221,443,13,49,441,10819
224675.86263058975,7.575,Comp0074,DC0001,6,46909,88,7,15,317,1606
224682.13150413413,0.068,Comp0074,DNS0002,17,54469,53,3,2,82,184
224688.3438035306,5.644,Comp0006,Comp0037,6,43338,135,6,6,234,31
224690.43795452613,0.012,Comp0017,DNS0001,17,53522,53,2,2,42,88
224691.25716930258,0.242,Comp0065,Proxy0002,6,16671,3128,14,79,2281,31126
224693.3736666401,0.265,Comp0027,DNS0002,17,34266,53,3,2,103,237
224696.40832637943,16.123,Comp0022,Web0006,6,48951,80,18,27,388,12971
224700.7130764093,0.263,Comp0005,DNS0001,17,29485,53,2,2,50,109
224701.64196413945,0.531,Comp0019,DNS0001,17,45832,53,2,2,56,177
224705.18765279313,0.134,Comp0031,DNS0001,17,56856,53,3,2,76,139
224708.9275815427,13.782,Comp0066,Proxy0002,6,22652,3128,6,42,70,8800
224710.14948754857,0.24,Comp0030,DNS0001,17,63345,53,3,2,31,198
224715.76971496898,1.008,Comp0071,DC0002,6,65238,389,4,7,342,79
224715.79544250335,3.694,Comp0060,FS0001,6,31746,445,25,41,1435,21892
224719.3283242089,0.017,Comp0004,DNS0002,17,63401,53,2,3,48,116
224719.61095102932,6.893,Comp0050,Proxy0001,6,27312,3128,13,116,1487,17427
224722.10154329825,2.026,Comp0060,Proxy0001,6,36590,3128,5,32,1066,902
224723.2185046233,1.045,Comp0056,Proxy0001,6,43455,3128,11,24,461,8882
224724.0548652294,2.083,Comp0044,Proxy0001,6,19684,3128,20,55,503,20669
224724.1763175147,0.155,DB0001,DNS0002,17,52064,53,2,2,73,43
224724.39832496268,3.627,Web0004,DB0004,6,16519,3306,23,24,1400,5878
224726.1987505819,0.065,Comp0053,DNS0001,17,64777,53,2,3,58,229
224734.8636330542,9.107,Comp0073,Proxy0001,6,16645,3128,5,89,2034,28550
224743.09269621986,10.921,Comp0011,DB0003,6,44337,445,15,116,6987,5975
224743.2749246009,0.586,Comp0066,DNS0002,17,64953,53,3,2,38,259
224745.07564906334,5.753,Comp0074,Proxy0001,6,6049,3128,6,37,260,3388
224750.88931930021,0.109,Comp0034,DNS0001,17,46696,53,2,2,65,139
224751.38138663818,27.401,Comp0075,FS0002,6,35632,445,43,168,388,5383
224752.11145788644,0.082,Comp0031,DNS0001,17,59756,53,2,2,48,328
224753.18168907886,0.732,Web0002,DNS0001,17,37840,53,3,2,78,346
224753.68017211833,1.685,Comp0053,Mail0002,6,18608,587,13,10,571,1208
224761.16988592164,4.123,Comp0041,Proxy0002,6,33242,3128,14,21,83,3464
224780.4216363561,0.006,Comp0072,DNS0002,17,24316,53,3,3,70,102
224781.72371961075,0.357,Comp0019,DNS0001,17,12832,53,2,3,35,39
224785.45986857277,0.588,Comp0058,DNS0001,17,51471,53,2,3,136,101
224785.72138770536,0.238,Proxy0001,DNS0001,17,12811,53,3,2,43,102
224788.24215680445,0.039,Comp0002,DNS0002,17,55680,53,2,3,103,88
224792.24497107638,4.293,Comp0044,FS0002,6,44254,445,25,18,3758,20145
224792.625142368,6.649,Comp0011,Web0005,6,11754,443,9,72,941,7652
224794.71410701913,4.579,Comp0041,Web0002,6,60111,80,17,34,270,70856
224796.9129086385,2.916,Comp0029,FS0003,6,46110,445,52,99,2857,5462
224799.67295612808,16.034,Comp0005,FS0001,6,44862,445,14,55,1847,3061
224801.90413283213,0.022,Comp0036,DNS0002,17,49490,53,3,3,49,209
224802.5674192818,5.47,Comp0060,Mail0002,6,12081,993,4,5,1815,4914
224820.41119283723,1.279,Comp0001,DC0001,6,11215,445,25,169,1149,4097
224825.7083613325,3.101,Comp0044,DC0002,6,23070,88,2,14,752,955
224842.23654846044,1.092,Comp0027,Web0006,6,9249,80,8,14,1221,17619
224842.81854590744,0.503,Comp0055,Proxy0002,6,28482,3128,7,36,2306,2889
224856.17983439713,1.935,Comp0028,Proxy0001,6,27764,3128,6,85,793,7309
224856.79909103745,8.434,Comp0073,Web0002,6,10045,443,8,53,769,2478
224864.65036789392,0.035,Comp0024,DNS0001,17,3920,53,3,2,59,326
224866.44075308958,0.112,Comp0011,DNS0001,17,62019,53,2,2,60,124
224869.78192199458,4.115,Comp0073,Web0002,6,15510,80,8,29,1140,1918
224875.96680979413,0.542,Comp0076,DNS0001,17,5892,53,2,2,51,96
224876.8559130247,0.077,Comp0023,Web0004,6,35483,80,7,54,1123,8462
224880.23448942055,0.084,Proxy0001,Ext0016,6,6338,443,11,15,1181,11400
224884.94262153134,4.065,Comp0053,Web0003,6,16107,80,5,69,861,17638
224893.7401870583,5.013,Comp0031,Web0005,6,16326,443,17,47,1496,2676
224901.45993981062,0.806,Comp0062,DNS0002,17,53152,53,2,3,55,170
224902.4507791733,24.515,Comp0009,DC0002,6,41710,445,18,51,1955,204248
224907.57873105968,16.156,Comp0071,FS0003,6,5005,445,16,212,826,1819
224909.55614470856,3.244,Comp0073,Proxy0001,6,34624,3128,14,28,1097,9534
224911.1138658821,0.076,Comp0032,DNS0001,17,20948,53,2,3,70,79
224914.80298220023,0.271,Comp0063,DNS0002,17,11520,53,2,2,59,110
224916.53046002792,17.172,Comp0007,FS0001,6,40249,445,28,99,4130,91400
224924.77703813353,0.103,Comp0062,DNS0001,17,44238,53,3,2,52,168
224944.00053374795,0.019,Comp0017,DNS0002,17,56547,53,2,2,39,99
224946.67761212046,8.454,Comp0063,Web0002,6,31952,443,5,53,888,5469
224954.4987901412,7.27,Comp0035,DC0001,6,17569,389,5,6,879,317
224954.7285925871,0.136,Comp0011,DNS0001,17,24039,53,2,4,60,73
224958.7847504855,1.585,Comp0067,Proxy0002,6,62700,3128,38,37,482,23167
224960.05549396062,0.288,Comp0015,DNS0001,17,48524,53,2,3,35,199
224963.61297580035,0.029,Comp0030,DNS0002,17,30518,53,3,2,127,176
224972.40580172418,1.258,Comp0050,Mail0001,6,47915,993,6,6,1119,1508
224982.2510581504,1.198,Comp0076,Mail0001,6,50406,993,9,8,191,547
224985.50227015925,1.67,Comp0079,Web0002,6,17783,443,9,133,266,6650
225006.4085701572,1.719,Comp0042,Web0005,6,9383,443,3,71,352,4639
225007.65066529677,16.048,Web0003,DB0003,6,44921,3306,17,63,9182,12642
225008.97689119875,1.914,Comp0065,Mail0001,6,30192,587,8,4,321,624
225012.2817297085,4.35,Comp0001,DC0001,6,52000,389,7,11,1155,1431
225017.36810429444,0.322,Comp0047,DNS0001,17,57975,53,2,2,104,82
225023.4192766285,0.054,Comp0011,DNS0002,17,9785,53,2,3,82,158
225023.67818061588,2.18,Comp0006,Comp0045,6,43427,3389,3,4,372,25
225028.27127845265,0.759,Comp0072,DC0002,6,11657,88,4,2,186,263
225031.040022757,2.432,Comp0002,DC0002,6,52235,445,45,99,2237,6385
225033.47413065506,1.683,Comp0038,Proxy0002,6,18294,3128,5,26,1017,15109
225035.19368873123,10.242,Proxy0002,Ext0012,6,20395,80,20,56,104,5344
225036.96387801127,6.743,Comp0035,Proxy0002,6,42253,3128,7,24,235,13656
225040.67873332283,13.325,Comp0050,Web0003,6,31406,80,7,42,538,2034
225042.19972519318,4.65,Comp0025,Web0004,6,24985,443,7,4,379,4434
225042.26220587333,4.93,Comp0029,Web0002,6,1175,443,10,153,669,5912
225047.00896908497,5.792,Comp0004,DC0002,6,28860,88,7,8,344,904
225056.96433036472,1.293,Comp0001,Mail0002,6,18418,993,27,13,470,98
225057.13274162295,0.698,Comp0052,DC0002,6,27173,88,2,4,143,187
225057.70293586457,2.963,Comp0052,Proxy0001,6,32717,3128,19,22,1183,7589
225058.11876364538,4.003,Comp0077,Web0005,6,48345,443,7,39,951,2796
225060.02195999888,70.23,Comp0015,FS0001,6,15180,445,43,50,351,35034
225061.88511311624,4.085,Comp0068,Web0003,6,62162,80,25,20,1076,5259
225065.56999501164,0.683,Comp0010,DC0002,6,26132,445,13,178,1024,36747
225065.64890726536,0.423,Comp0073,Mail0002,6,35101,587,7,4,402,306
225067.75931454805,0.979,Comp0031,Mail0001,6,5976,587,5,5,458,3069
225072.78651654383,2.702,Comp0058,Web0003,6,12896,80,13,84,387,204
225073.58298239822,8.031,Comp0024,Web0006,6,36002,80,8,51,31,4147
225076.7791126076,16.844,Comp0005,Proxy0001,6,5681,3128,12,73,253,19122
225076.78523538797,3.012,Comp0030,Comp0011,6,51749,3389,10,31,162,591
225078.605454335,0.633,Comp0063,DNS0002,17,22165,53,2,4,84,39
225084.40207023593,0.218,Comp0075,Web0002,6,2553,443,8,81,992,58688
225097.5447416171,0.409,Comp0064,DNS0002,17,34304,53,3,2,45,57
225099.20750915245,0.271,Comp0038,Web0004,6,1970,443,6,141,1495,8310
225108.09158347658,0.272,Comp0079,Web0002,6,2344,443,19,30,141,3688
225108.69797703007,0.129,Comp0057,DNS0001,17,30811,53,2,2,98,203
225111.80294058728,2.706,Comp0018,Web0006,6,34568,80,4,75,166,50532
225113.3376108679,1.536,Comp0008,Mail0001,6,8468,993,2,4,433,483
225114.08720071864,0.071,Comp0025,DNS0002,17,9741,53,2,3,79,141
225115.44437281316,4.362,Comp0015,Web0001,6,57553,80,6,19,5116,18696
225116.6193827305,0.296,Comp0078,DNS0002,17,11387,53,2,3,78,189
225123.40222973155,13.406,Comp0061,Web0002,6,52327,80,4,124,259,4015
225123.89588402322,0.376,Comp0036,DNS0002,17,34450,53,2,3,122,138
225126.1294077615,24.617,Comp0069,Mail0001,6,61492,587,3,5,189,390
225128.6048546856,2.374,Comp0006,Comp0017,6,60555,135,12,27,262,29
225131.07920451113,0.153,Comp0053,Web0001,6,62938,443,8,14,305,140
225131.20808667073,0.747,Comp0004,Mail0001,6,8287,993,4,11,272,741
225131.5397457677,1.955,Comp0049,Web0005,6,52186,80,3,158,1164,7378
225134.92825199754,2.257,Comp0035,Web0003,6,20884,443,12,38,282,5569
225146.73583606296,11.495,Comp0057,FS0002,6,21245,445,23,227,2132,68821
225149.2648353309,6.185,Comp0059,Web0003,6,25104,443,9,3,2163,2537
225151.27092849262,4.001,Comp0024,Proxy0001,6,42502,3128,4,28,500,11240
225151.31977149053,0.118,Comp0063,DNS0002,17,32615,53,3,2,44,146
225157.48742391818,6.379,Comp0020,DC0001,6,32848,88,3,24,1925,1353
225157.67461161595,0.452,Comp0072,DNS0002,17,64203,53,3,2,71,110
225158.87460078925,0.02,Comp0044,DNS0002,17,21323,53,2,2,98,84
225161.13457752595,2.518,Comp0063,Web0001,6,50501,443,23,90,264,3315
225163.84496197826,6.579,Comp0001,FS0003,6,3487,445,13,107,2100,946
225164.7397721834,10.461,Comp0008,Web0006,6,35538,80,4,75,1557,1238
225167.1646418863,4.787,Comp0072,Web0005,6,35018,443,14,113,958,6690
225167.9508504179,1.764,Comp0058,Web0001,6,39504,443,20,199,490,3311
225167.95907967997,0.095,Comp0013,DNS0002,17,1160,53,2,3,61,136
225170.15377672965,5.515,Comp0002,Mail0001,6,42391,993,2,5,800,1347
225172.52806699777,0.666,Comp0026,DNS0001,17,21965,53,2,2,46,233
225174.72073552618,0.22,Comp0012,Mail0002,6,35699,993,5,3,407,1062
225175.72265063642,2.783,Comp0039,Mail0002,6,2511,587,6,16,951,553
225178.95816630006,2.657,Comp0046,Web0004,6,36628,80,10,134,486,927
225187.8201209197,1.237,Comp0046,FS0003,6,51308,445,42,697,503,17161
225189.1840559509,0.058,Comp0017,DNS0001,17,13012,53,3,3,81,229
225192.12320504905,0.225,Comp0022,DC0001,6,38026,88,8,8,1250,391
225196.0468897284,3.966,Comp0014,DC0002,6,10435,389,7,13,619,945
225197.64489615505,0.41,Comp0009,DNS0001,17,22736,53,2,3,86,63
225198.4818884066,3.674,Comp0017,Proxy0001,6,44402,3128,21,24,559,6964
225206.1986970167,2.233,Comp0020,Proxy0001,6,50331,3128,16,44,1202,2166
225218.45796241576,0.123,Comp0043,DNS0001,17,65073,53,3,3,82,78
225223.48403941977,0.754,Comp0015,DNS0002,17,60382,53,2,3,86,203
225229.26867777616,2.208,Comp0056,Web0006,6,55947,443,9,39,532,9309
225231.60412127402,0.137,Comp0065,DNS0002,17,16593,53,2,2,83,214
225234.61851162853,11.92,Comp0038,DC0001,6,2510,445,60,111,2966,3466
225234.62777572204,1.118,Comp0021,Web0002,6,39590,443,5,18,1123,9338
225240.92542621202,5.604,Comp0068,Mail0002,6,38054,587,8,21,880,1142
225242.599037844,0.742,Comp0025,Web0003,6,32277,443,14,29,681,7963
225242.75793302857,0.158,Comp0047,DNS0002,17,7137,53,2,2,75,77
225245.83347880628,12.112,Comp0063,Web0004,6,10623,443,16,127,430,18841
225246.06483574124,1.038,Comp0080,Web0004,6,47601,80,9,256,439,2544
225247.42449182854,0.44,Comp0063,DNS0002,17,7466,53,3,2,109,99
225250.783401987,0.005,Comp0041,DNS0002,17,56175,53,2,2,56,366
225260.56477658538,5.029,Comp0060,Mail0002,6,33949,587,6,3,257,1196
225261.16158950728,4.258,Comp0011,Web0005,6,23993,80,16,99,2277,13957
225276.44253305672,2.346,Comp0003,Proxy0001,6,50123,3128,14,52,553,21860
225282.154626715,0.798,Proxy0002,Ext0012,6,61954,443,16,20,473,15675
225293.67314677095,6.48,Proxy0001,Ext0022,6,37450,443,8,79,473,12472
225294.09576632836,18.282,Comp0028,FS0002,6,56632,445,23,31,5045,26872
225295.63068885013,6.44,Comp0074,DC0002,6,22210,88,6,10,2271,2283
225295.96410031457,11.088,Comp0019,FS0002,6,2291,445,20,179,526,5232
225299.55204722838,14.853,Comp0079,FS0002,6,37602,445,41,99,3798,4050
225299.76519665023,7.331,Comp0061,Proxy0002,6,37983,3128,15,58,255,10330
225299.86602707545,0.887,Comp0052,DNS0001,17,32794,53,3,3,60,137
225299.9894582692,3.801,Comp0064,FS0001,6,23697,445,8,61,19760,33892
225311.79787389055,0.022,Comp0044,DNS0001,17,4726,53,3,3,77,134
225312.94580402796,0.089,Web0003,DB0003,6,53486,5432,20,25,677,5649
225319.612128385,16.615,Comp0015,Comp0011,6,61431,3389,4,6,552,329
225319.98739680205,15.228,Web0004,DB0002,6,34872,3306,27,135,1937,10230
225323.24413460543,1.522,Comp0019,Mail0002,6,11746,587,5,3,476,960
225325.72272114927,13.163,Comp0047,Web0004,6,11574,443,15,59,7683,6913
225327.30806172895,0.188,Comp0023,DNS0001,17,19744,53,3,3,80,142
225332.4845520047,0.316,Comp0070,DNS0002,17,21003,53,3,3,59,121
225332.7244648661,6.723,Comp0051,FS0001,6,13642,445,77,42,1309,5357
225333.91200782612,1.978,Comp0051,Web0005,6,34015,443,5,24,613,1327
225342.71609536142,0.168,Comp0077,DNS0002,17,10999,53,2,2,43,261
225344.01830359962,0.211,Comp0032,DNS0002,17,10187,53,2,2,123,320
225346.4071135029,12.271,Comp0062,FS0003,6,28429,445,42,296,1566,10164
225349.6360829731,0.436,Comp0061,Web0003,6,16078,443,10,15,640,5247
225350.47626181692,10.701,Comp0023,Web0004,6,19339,443,12,9,372,17893
225352.84843764082,0.02,Comp0017,DNS0002,17,50727,53,3,2,76,181
225353.3384051495,3.344,Comp0069,DC0001,6,10883,445,13,18,1043,2810
225365.11760996355,0.074,Comp0061,DNS0002,17,52276,53,2,3,50,72
225367.30035407477,3.67,Comp0020,Web0004,6,64169,443,11,68,1217,2831
225368.9430714338,45.962,Comp0058,DC0002,6,49971,445,23,162,905,25505
225369.2784955212,2.471,Comp0078,FS0001,6,50511,445,10,59,514,3083
225370.76241409514,0.036,Comp0056,DNS0002,17,64397,53,2,2,41,197
225378.1136360361,0.041,Comp0002,DNS0002,17,18303,53,3,3,51,157
225378.54201176472,0.109,Comp0062,DNS0001,17,6067,53,2,2,83,73
225381.53613406845,0.189,Comp0056,Web0001,6,15811,443,9,6,338,1116
225404.81009265396,0.011,Comp0074,DNS0001,17,56679,53,3,2,86,243
225419.4283520204,0.299,Comp0017,DNS0001,17,12697,53,2,3,46,312
225422.56339608482,6.95,Comp0072,FS0001,6,64689,445,24,53,3077,6429
225423.7838659676,0.085,Comp0068,DNS0002,17,7622,53,2,3,59,185
225427.8406394209,0.332,Comp0064,DNS0001,17,12048,53,3,3,45,212
225432.44164593154,0.005,Comp0049,DNS0002,17,54317,53,3,2,33,117
225439.9656393394,3.011,Comp0042,Web0001,6,19419,443,5,80,457,7971
225448.8239022034,7.098,Comp0068,Web0001,6,19886,443,11,42,188,627
225450.38741599,7.317,Comp0077,FS0001,6,28837,445,7,4,129,3460
225451.9259584542,0.669,Comp0050,Proxy0002,6,50186,3128,7,58,1090,19693
225452.063950595,0.278,Comp0009,Mail0001,6,35597,993,4,2,1075,386
225452.11554203212,1.993,Comp0013,DC0002,6,64621,389,14,7,387,207
225477.99784852442,7.544,Comp0020,Web0006,6,44101,443,4,100,492,14572
225490.09504838585,0.781,Comp0059,DC0002,6,28895,88,9,10,120,176
225496.8915411895,12.933,Comp0043,Proxy0002,6,25311,3128,20,164,639,1343
225505.66834329133,0.9,Comp0058,DNS0002,17,9137,53,2,3,81,90
225510.53932491769,0.023,DB0003,DNS0001,17,8564,53,3,2,69,288
225511.64928980375,16.006,Comp0034,DC0001,6,34434,88,4,9,533,1255
225512.93989724782,5.896,Comp0060,DC0001,6,53050,88,7,2,322,796
225523.69628146052,1.008,Comp0045,DC0001,6,17078,389,9,13,1485,145
225529.54875422193,12.942,Comp0076,Proxy0002,6,57025,3128,9,28,1361,14360
225530.09182452358,1.83,Comp0057,Web0004,6,22468,80,6,7,874,10470
225532.12197910715,0.306,Comp0060,DNS0002,17,58726,53,2,3,92,556
225539.90209408116,3.85,Comp0015,Mail0001,6,34588,993,4,31,316,405
225540.8404633964,0.058,Comp0064,Mail0001,6,48304,993,6,5,294,2268
225546.49015657726,2.84,Comp0006,Comp0062,6,36783,139,8,120,8062,242
225556.59040256427,2.163,Comp0073,Web0002,6,65411,443,24,31,161,11522
225559.56971626283,3.196,Comp0059,FS0001,6,18354,445,23,110,970,167856
225560.06447035458,0.037,Comp0058,DNS0001,17,10987,53,3,3,60,112
225564.90653229426,3.556,Comp0015,Web0004,6,14465,443,11,32,323,1098
225574.5789904949,0.747,Comp0068,Mail0001,6,58056,993,6,12,145,255
225574.8105129118,2.225,Comp0063,Web0003,6,24429,443,7,56,306,22546
225576.11442728093,0.083,Comp0042,DNS0001,17,43342,53,3,2,78,353
225577.54300711662,0.372,Comp0006,Mail0002,6,59146,993,12,11,1942,1464
225583.904209816,5.403,Comp0023,DC0001,6,57694,88,10,11,392,558
225584.07308875665,0.602,Comp0058,DNS0001,17,48775,53,2,4,59,138
225591.55615598807,0.453,Comp0013,Web0005,6,10622,443,3,95,293,29029
225592.41615109204,5.163,Comp0029,FS0003,6,19429,445,51,38,466,1456
225598.37774293765,3.345,Comp0006,DC0001,6,30175,88,18,8,1608,630
225613.10769266693,1.22,Comp0063,Proxy0002,6,59913,3128,9,16,1725,12808
225615.57189908053,6.067,Comp0036,Mail0001,6,57864,993,6,4,320,798
225618.08695388347,0.217,Comp0034,DNS0002,17,47282,53,3,3,60,149
225633.35276934938,9.613,Comp0052,Web0003,6,28772,443,5,32,3608,2650
225634.78277976165,2.766,Comp0030,Web0001,6,56342,443,6,25,438,8358
225635.42514575133,9.945,Comp0058,FS0003,6,38143,445,17,216,336,14753
225639.9295792842,0.064,Comp0058,DNS0002,17,45347,53,3,3,113,363
225646.6391451817,23.595,Comp0004,DC0002,6,13120,445,79,46,1310,4822
225654.6153863774,0.821,Comp0066,DNS0002,17,32588,53,3,3,86,263
225656.353631957,0.193,Comp0070,Web0003,6,13312,443,14,288,530,25263
225656.54227134198,0.393,Comp0039,Proxy0002,6,51553,3128,8,56,1013,2515
225658.07646938303,0.139,Comp0072,DNS0001,17,53962,53,3,3,45,351
225666.50815690233,2.173,Proxy0002,Ext0013,6,6365,80,6,45,677,3127
225674.70281550533,1.928,Comp0060,DC0002,6,23308,88,4,10,588,535
225677.94291392204,3.495,Comp0039,Web0005,6,36688,443,9,114,893,10125
225691.68919944944,2.602,Comp0041,Mail0002,6,15319,993,10,14,323,1369
225694.9935292009,0.848,Comp0007,DNS0001,17,15429,53,3,2,78,163
225695.57707080126,0.918,Web0006,DB0001,6,10273,5432,55,158,801,19703
225708.34080451162,0.474,Comp0018,DC0001,6,20131,88,5,7,354,832
225717.43419035655,0.327,Comp0018,DNS0001,17,65342,53,3,3,35,118
225719.7299651699,18.463,Comp0051,Web0006,6,56235,443,16,24,1951,4756
225732.29678390527,0.046,Comp0022,DNS0001,17,22852,53,3,3,106,83
225733.71616547037,0.014,Comp0064,DNS0001,17,53983,53,3,3,55,117
225735.38090936665,5.969,Comp0008,Proxy0001,6,30726,3128,6,20,965,22408
225740.1325123721,5.938,Comp0063,Web0001,6,45733,443,9,28,364,24953
225748.4298271599,1.717,Comp0037,Mail0001,6,64401,587,5,11,475,1280
225749.2059020113,5.055,Comp0012,Web0004,6,13790,80,9,12,1638,7900
225751.60044659194,0.026,Comp0001,DNS0002,17,33571,53,3,2,64,185
225752.84139101062,4.537,Comp0032,Proxy0002,6,24088,3128,8,31,982,4827
225753.20179185324,2.663,Comp0005,Web0004,6,24733,80,15,65,384,1018
225756.59035107322,0.253,Comp0004,DNS0001,17,61816,53,2,3,130,158
225758.15421889865,0.031,Comp0062,DNS0002,17,45571,53,3,3,50,298
225759.52884197203,7.611,Comp0013,Web0006,6,21595,443,4,57,963,25696
225763.00990887568,0.436,Comp0073,Mail0001,6,11778,587,8,6,416,301
225767.84439774323,2.605,Comp0064,DC0002,6,43415,389,3,7,174,1686
225768.20596959593,1.593,Comp0056,Web0004,6,36784,80,19,52,451,8162
225774.5245551514,3.012,Comp0035,DC0002,6,37440,389,4,6,394,246
225774.79927410104,0.26,Comp0078,DNS0002,17,49235,53,2,2,105,178
225783.0481434936,2.878,Comp0027,Web0006,6,12653,80,6,279,842,1766
225784.19691027686,3.229,Comp0018,DC0001,6,7383,88,14,6,319,164
225784.47361325365,3.936,Comp0003,Web0001,6,32788,80,7,61,2591,34086
225786.16901907863,5.624,Comp0056,Proxy0001,6,57684,3128,5,28,1811,31291
225788.9336355458,0.121,Comp0009,DNS0001,17,20366,53,3,3,142,153
225789.14923498468,6.846,Comp0062,Web0002,6,9729,80,33,58,2141,58422
225801.91399817006,4.566,Comp0058,Web0001,6,2260,443,19,47,1042,19477
225802.09135461363,3.371,Comp0050,FS0003,6,3812,445,9,54,2127,26725
225803.10748618154,8.688,Comp0067,FS0002,6,14733,445,18,85,1117,2823
225804.10026409227,6.094,Comp0030,Web0006,6,25131,443,15,21,579,40523
225808.62949041725,5.232,Comp0064,DC0002,6,48250,88,5,3,1860,1535
225810.4630074778,9.194,Comp0066,Web0004,6,21194,443,22,47,479,8023
225810.95964316677,0.889,Comp0030,DC0002,6,41800,88,10,10,257,1667
225812.27077845126,0.096,Comp0007,DNS0002,17,35108,53,3,2,94,162
225818.96343783004,1.666,Comp0054,Mail0001,6,47213,993,4,3,204,192
225819.50137421116,0.159,Comp0072,DNS0002,17,5056,53,2,3,128,114
225823.7404291523,0.086,Comp0033,DNS0001,17,23620,53,2,2,52,45
225824.03445453025,21.913,Comp0062,FS0001,6,39394,445,6,53,2214,13778
225825.18526297377,0.241,Comp0007,FS0002,6,29003,445,18,33,938,11033
225830.18438313442,0.434,Comp0076,DNS0002,17,42505,53,2,3,93,60
225831.8376245904,0.094,Comp0020,DC0002,6,18516,88,11,12,759,1029
225833.8761505651,2.937,Comp0037,FS0003,6,9654,445,40,105,1017,5676
225834.28005538444,6.299,Comp0044,Web0004,6,52989,443,21,44,463,2074
225835.05728485584,2.661,Comp0027,Web0003,6,15625,443,6,109,559,24661
225839.69777257467,0.031,Comp0003,DC0001,6,53707,389,5,14,332,306
225845.2238427145,0.435,Comp0038,DC0002,6,36486,88,8,8,120,1524
225847.89623235102,5.019,Comp0016,DC0001,6,48394,389,7,10,1041,263
225847.98046485826,0.322,Comp0015,DNS0001,17,23325,53,2,3,77,146
225848.44968300813,3.172,Comp0007,Web0004,6,6593,80,19,42,917,3877
225848.83705150828,0.937,Comp0062,DNS0002,17,9161,53,2,2,80,197
225850.00209839919,0.052,Comp0026,DNS0002,17,26863,53,2,3,148,320
225850.19518679057,0.134,Comp0066,DNS0001,17,62805,53,2,2,79,148
225851.19211673405,4.317,Comp0025,Proxy0002,6,28065,3128,35,20,815,50775
225853.80302441755,24.164,Comp0075,DC0001,6,5321,445,32,26,819,32448
225864.72168621674,1.231,Comp0024,Web0001,6,45576,443,14,54,558,29144
225865.33546172662,0.142,Comp0070,DNS0002,17,47309,53,4,2,57,432
225865.54394957738,0.084,Comp0026,DNS0002,17,22968,53,3,2,35,256
225871.0758086342,2.662,Comp0032,Proxy0001,6,57829,3128,16,16,1551,3443
225876.18546429515,2.475,Comp0050,Web0004,6,60802,443,23,17,131,1512
225879.2032868053,14.218,Comp0019,Web0002,6,46262,443,7,94,1263,718
225882.21957207206,14.309,Comp0080,Web0004,6,62960,443,6,31,495,9318
225883.46947396768,2.396,Comp0073,FS0001,6,43127,445,23,180,2638,73831
225887.72201470082,0.401,Comp0068,DC0001,6,2811,88,4,12,324,1259
225905.2964345687,7.874,Comp0016,Web0001,6,53991,443,4,32,424,1836
225909.02117011388,0.108,Comp0010,DNS0001,17,64775,53,2,3,76,255
225912.23793391816,11.465,Comp0079,Web0003,6,52987,443,7,15,1303,2895
225919.67321800496,3.542,Comp0008,Web0006,6,58768,80,23,87,863,5628
225922.42425518553,16.959,Comp0011,FS0001,6,46566,445,7,31,5815,17781
225937.89221845477,4.791,Comp0011,FS0003,6,2026,3389,3,15,324,765
225945.9518621862,2.377,Comp0071,Web0003,6,54850,443,7,84,429,42964
225947.54541755375,2.714,Comp0019,Web0006,6,36621,443,5,41,491,4588
225950.55532816675,4.822,Comp0022,Web0005,6,45540,443,3,24,239,6563
225955.6575896171,0.079,Comp0020,DNS0002,17,27537,53,3,2,82,108
225970.99741652308,0.405,Comp0033,DNS0001,17,2807,53,2,3,48,302
225975.58215388798,0.587,Comp0080,DC0001,6,50365,88,4,7,316,1006
225980.4288100679,0.31,Comp0036,DC0001,6,47752,445,58,244,3385,16067
225984.42675040622,3.23,Comp0046,FS0001,6,15171,445,50,37,23057,1119
225988.0507628557,1.473,Comp0074,DC0001,6,6076,389,5,10,310,564
225994.04854145861,2.589,Comp0009,Web0002,6,17194,80,6,18,536,6977
226000.0376650649,16.147,Comp0032,FS0002,6,26130,445,20,48,1772,56421
226006.64033431758,0.511,Comp0015,Mail0001,6,19013,993,5,4,202,186
226007.3539376426,0.054,Comp0050,DNS0001,17,43852,53,3,2,74,81
226007.64088704524,8.322,Comp0058,Mail0002,6,28866,587,6,24,441,230
226014.3579753968,52.942,Comp0053,FS0002,6,18391,445,37,35,402,14327
226016.40629640408,0.282,Comp0005,DNS0001,17,26711,53,3,3,71,132
226026.5205881972,4.513,Comp0009,Web0006,6,60055,443,14,23,1526,15893
226033.82410245863,5.864,Comp0058,DC0001,6,17906,88,22,17,838,340
226037.60096655818,0.483,Proxy0002,Ext0011,6,27982,443,8,22,510,3450
226044.94744292376,0.112,Comp0029,DNS0002,17,43309,53,3,2,59,167
226046.907238721,1.636,Comp0017,Proxy0001,6,4749,3128,4,65,1822,5381
226052.12718145348,6.758,Comp0005,FS0001,6,14432,445,136,94,995,11447
226053.9259496662,17.366,Comp0019,Web0002,6,26267,80,8,17,1140,8622
226056.85745139205,0.096,Comp0057,DNS0001,17,3964,53,2,4,23,67
226061.73364112512,1.465,Proxy0002,Ext0033,6,21452,80,14,38,702,15793
226065.53462280706,0.068,Comp0008,DNS0001,17,28982,53,4,3,41,77
226065.95243829122,9.69,Comp0060,FS0001,6,5023,445,54,194,1263,14441
226066.15522175364,1.574,Comp0030,Proxy0001,6,33860,3128,12,24,109,4251
226069.18399107282,2.217,Comp0076,DC0002,6,11971,88,4,3,131,808
226073.04531690353,0.334,Comp0045,Proxy0002,6,35514,3128,13,28,7111,4006
226075.02704842278,1.717,Comp0009,Web0004,6,36220,443,7,37,309,9176
226075.98913455493,0.102,Comp0013,DNS0001,17,46075,53,2,3,57,219
226084.9824526872,5.002,Comp0062,Proxy0002,6,62852,3128,10,40,187,4296
226086.92030827235,1.493,Comp0024,Web0006,6,57144,443,8,19,372,4482
226087.59276076846,0.701,Comp0020,FS0003,6,29439,445,66,40,3384,8619
226089.95573543618,7.829,Comp0070,Web0002,6,15766,80,27,29,354,40610
226091.10130973085,0.159,Comp0011,DC0002,6,3324,389,6,7,339,1699
226091.59342633074,3.019,Comp0073,DC0001,6,44883,88,5,3,165,258
226092.9419533541,4.328,Comp0042,Web0001,6,46041,443,8,21,1643,7499
226108.72507380936,0.227,Comp0037,DNS0001,17,17794,53,3,2,31,130
226115.05909139113,0.159,Comp0066,DNS0001,17,42473,53,2,2,73,92
226123.25898797132,0.131,Comp0049,DNS0002,17,19992,53,2,2,55,95
226123.7749888591,0.066,Comp0033,DNS0001,17,13618,53,2,2,92,298
226125.95885132495,0.067,Comp0032,DNS0001,17,33969,53,2,4,48,126
226128.04192870547,0.138,Comp0053,DNS0001,17,47101,53,2,3,57,125
226129.07253724776,0.346,Comp0054,DNS0002,17,55757,53,3,3,80,118
226134.66616295648,0.634,Comp0045,Mail0001,6,42742,587,4,26,1064,2121
226135.0928827235,0.098,Comp0052,DNS0002,17,21073,53,2,3,79,159
226136.2049594022,46.195,Comp0057,FS0003,6,38117,445,40,50,220,2842
226150.77796328836,0.28,Comp0054,DNS0001,17,32479,53,2,2,53,129
226152.97861570632,0.42,Comp0046,DNS0002,17,39934,53,2,3,79,180
226172.30671978142,14.328,Comp0041,Web0003,6,33148,443,8,36,369,675
226178.10870578358,0.592,Comp0018,Web0004,6,15500,80,22,11,459,1925
226182.1166577791,2.063,Comp0017,DC0002,6,32441,389,7,3,719,831
226183.84949443841,3.316,Comp0007,Proxy0002,6,8259,3128,14,99,581,1029
226185.0405443288,7.948,Comp0054,Web0005,6,43552,443,3,77,229,9982
226191.44676476246,9.258,Comp0061,Web0005,6,5851,443,6,71,62,23846
226203.76580680464,14.249,Comp0043,Web0006,6,19280,443,16,39,301,7065
226205.91073102277,11.633,Comp0060,Web0006,6,50040,443,8,30,729,30297
226208.01344900657,0.375,Comp0029,DNS0001,17,29578,53,2,3,124,56
226211.70633322094,1.131,Comp0021,Web0004,6,38835,80,7,10,1173,10047
226213.139696743,13.771,Comp0062,FS0001,6,42325,445,27,125,947,19435
226229.02065660764,0.238,Comp0020,FS0002,6,8345,445,46,53,881,919
226233.6141155625,3.5,Comp0063,Web0006,6,10551,443,6,30,986,6694
226244.2164045287,10.904,Comp0017,Mail0002,6,46543,993,6,6,610,1363
226247.04311430512,0.061,Comp0032,Proxy0002,6,24955,3128,2,143,694,4708
226248.14117656284,0.304,Comp0072,DNS0002,17,30632,53,3,2,168,70
226253.53010358632,0.602,Comp0004,Mail0001,6,5518,587,15,4,449,1806
226253.85144347572,1.449,Comp0043,Mail0002,6,48973,993,8,8,350,1250
226264.59269394662,10.707,Proxy0001,Ext0037,6,60876,443,16,105,513,200509
226267.27809759713,21.039,Comp0062,DC0001,6,63898,445,51,143,3495,30781
226268.14963485123,0.389,Comp0024,DNS0001,17,6491,53,2,3,51,125
226268.34266126165,8.521,Comp0041,Proxy0001,6,43158,3128,23,7,567,169331
226268.82077440273,0.22,Comp0078,Proxy0001,6,62854,3128,9,38,573,11453
226276.3750615441,0.279,Comp0052,Web0003,6,1643,80,22,37,1354,96055
226279.59312802166,4.765,Comp0039,Proxy0002,6,27394,3128,5,11,293,2815
226281.86409968836,0.169,Comp0055,DNS0001,17,48995,53,3,3,71,53
226285.36269759008,0.611,Comp0061,DNS0001,17,50242,53,3,3,47,72
226287.14350532237,8.386,Comp0034,DC0002,6,40588,88,4,4,164,2420
226289.08542338895,0.157,Comp0076,DNS0002,17,32264,53,2,3,90,59
226291.01477027975,0.382,Comp0030,Web0003,6,22954,443,17,84,2275,14626
226293.86752895804,3.003,Comp0071,DC0002,6,9065,389,8,10,279,702
226297.29011604423,28.647,Comp0056,Web0004,6,43704,443,5,78,485,1292
226297.77886196133,0.052,Comp0014,DNS0001,17,37456,53,3,2,54,185
226303.74152828156,7.895,Comp0060,Web0004,6,20735,443,4,24,716,3850
226304.03886077256,2.1,Comp0041,FS0001,6,65165,445,61,105,2328,1536
226306.02969873877,6.069,Comp0061,Web0004,6,12881,443,6,22,1446,10596
226306.63556996806,0.559,Comp0038,Web0006,6,8569,443,8,40,996,1379
226307.10082754638,6.473,Comp0013,Web0004,6,5813,80,5,19,1237,4513
226317.93470322387,6.259,Comp0013,Proxy0002,6,48055,3128,11,64,957,922
226320.90176091064,4.081,Comp0067,Mail0002,6,18614,993,8,12,226,664
226328.45391838707,3.11,Comp0080,FS0002,6,7304,445,6,19,771,18353
226331.96365974724,2.743,Comp0064,DC0001,6,53213,389,10,5,671,382
226347.39932361542,0.24,Comp0057,DNS0002,17,59262,53,3,2,101,164
226348.19002821686,1.669,Comp0061,Web0004,6,6850,443,9,25,640,47520
226351.43581899136,0.049,Comp0018,DNS0001,17,18145,53,2,3,68,391
226366.8302917801,3.183,Comp0054,Web0003,6,49067,443,5,46,898,74055
226371.72854116885,13.135,Comp0063,Proxy0002,6,60901,3128,5,23,2348,2955
226377.0432573915,23.995,Comp0005,FS0003,6,18917,445,6,95,2718,11428
226377.15250901572,9.434,Comp0024,Web0005,6,20934,80,8,17,1747,1565
226377.35403420957,3.072,Comp0032,FS0002,6,38589,445,6,60,2054,11650
226378.1410622989,0.3,Comp0007,DNS0002,17,11165,53,3,4,46,124
226378.30371036864,1.093,Comp0060,Web0005,6,5709,443,8,75,866,490
226396.674405675,19.1,Comp0007,Web0002,6,17604,443,8,33,1019,2910
226397.15907398157,0.11,Comp0080,DNS0001,17,19044,53,3,2,40,427
226401.35566325614,0.018,Comp0042,Web0004,6,36151,80,6,72,1188,6990
226404.13323163264,0.163,Comp0055,DNS0001,17,14948,53,3,2,86,56
226404.14004006115,0.0,Comp0025,Comp0011,6,63220,3389,6,5,280,538
226405.56610931054,0.816,Comp0013,Web0004,6,20383,443,8,182,1249,22954
226407.23890836502,4.899,Comp0024,Web0004,6,40311,443,11,59,2091,2610
226413.3967011509,8.852,Comp0011,DB0001,6,19055,445,35,178,360,7252
226425.13820877162,0.609,Comp0054,DNS0001,17,11174,53,2,3,78,445
226426.37375733667,8.683,Comp0036,Proxy0002,6,21466,3128,5,41,557,6695
226433.2154242371,0.254,Comp0006,DNS0001,17,13912,53,2,3,55,267
226437.78688458758,0.001,Comp0043,DNS0002,17,49039,53,2,2,45,267
226438.66376528726,0.01,Comp0009,DNS0001,17,33181,53,3,4,28,235
226444.75627156894,6.564,Comp0012,Proxy0002,6,33452,3128,10,53,271,19368
226446.91114520823,0.085,Comp0065,DNS0002,17,22933,53,2,3,96,219
226448.85802718622,0.452,Comp0046,Web0005,6,33159,443,12,56,1255,9243
226450.43994779827,2.051,Comp0010,DC0001,6,7963,88,4,23,230,343
226460.49870136727,4.211,Comp0006,Comp0012,6,64239,3389,4,6,264,54
226482.36380570772,0.444,Comp0075,DNS0001,17,38242,53,2,3,120,112
226492.66295762392,11.683,Web0005,DB0002,6,26831,3306,23,60,523,5069
226493.09411886247,0.09,Comp0047,DNS0001,17,56070,53,2,3,70,158
226502.28266493804,7.069,Comp0055,DC0002,6,1267,88,4,15,635,112
226514.0251361396,4.613,Comp0030,Web0006,6,30021,80,7,46,1968,1243
226516.62836196306,19.91,Comp0027,FS0001,6,57475,445,15,179,2561,1041
226518.2948708553,8.684,Comp0036,Web0005,6,51832,443,27,57,243,25619
226548.94409600383,2.64,Comp0032,Web0001,6,51123,80,11,21,440,14421
226562.47136123097,10.781,Comp0070,FS0002,6,1423,445,13,107,2631,9787
226567.53298012304,6.25,Comp0042,Web0003,6,56282,443,6,88,1048,24165
226569.31589558057,0.39,Comp0008,Mail0001,6,1062,993,5,7,408,656
226592.3981786682,4.556,Comp0073,FS0002,6,2853,445,18,92,2906,2991
226593.54248605523,0.502,Comp0016,DNS0002,17,53044,53,2,2,75,254
226595.7676302041,0.029,Comp0037,DNS0002,17,23022,53,2,3,58,87
226601.87022474443,2.348,Comp0023,Web0003,6,41571,443,3,44,1688,800
226601.95215782334,0.22,Comp0019,Web0003,6,28235,443,3,23,1728,10185
226602.66956065048,4.589,Comp0001,Web0003,6,17177,443,15,311,329,7291
226603.65786978859,9.395,Comp0005,Comp0011,6,45603,3389,8,12,292,271
226608.40966833566,0.11,Comp0006,Web0005,6,12330,443,19,31,9088,1613
226612.68470589715,0.171,Comp0055,DNS0001,17,47486,53,2,2,47,176
226619.46774381498,7.23,Comp0050,Web0006,6,37194,80,5,77,367,25976
226623.8073375835,4.123,Comp0031,Web0004,6,64908,443,5,21,269,1868
226625.20357862767,0.047,Comp0021,DNS0001,17,58006,53,3,2,88,66
226626.19942819083,1.249,Web0002,DB0001,6,51557,3306,34,34,5931,3716
226628.40439650917,12.41,Comp0009,FS0003,6,62609,445,72,227,1173,5251
226630.13006175688,7.903,Comp0006,Comp0009,6,29840,139,58,132,16065,156
226636.6765505042,11.498,Comp0032,FS0001,6,22870,445,30,20,1039,3899
226641.81572576542,0.215,Comp0056,Proxy0001,6,49310,3128,4,25,486,7831
226644.10849930387,8.257,Comp0004,Proxy0002,6,10729,3128,17,29,1024,14371
226651.23150142707,0.158,Web0004,DNS0002,17,20235,53,2,3,58,118
226652.07523454778,2.274,Comp0071,Proxy0001,6,43679,3128,8,70,585,15906
226652.72070898308,2.384,Comp0035,Web0003,6,54504,443,9,26,596,40178
226657.4793833916,3.726,Comp0002,Proxy0002,6,18814,3128,19,41,654,1904
226659.89289374475,0.383,Comp0020,DC0002,6,14796,88,3,24,747,2081
226663.57755507503,12.201,Comp0069,DC0001,6,25702,445,42,178,555,5098
226668.35539960786,4.636,Comp0042,FS0003,6,33669,445,16,91,2920,216571
226678.11770877894,7.479,Comp0026,DC0001,6,37477,88,4,14,448,235
226688.95671667624,0.265,Comp0007,DNS0001,17,34357,53,2,2,42,98
226690.52648177376,37.954,Comp0010,FS0003,6,47553,445,50,76,1592,108698
226700.20812209975,8.434,Comp0039,Web0005,6,12246,443,6,14,541,8065
226706.58856273536,5.756,Comp0016,Web0006,6,56722,443,11,17,1549,14143
226707.51742162614,0.468,Comp0056,FS0001,6,25656,445,14,76,1877,47932
226709.50015963864,0.278,Comp0010,Web0004,6,11823,443,12,61,1014,7617
226710.88975225526,8.78,Comp0079,Web0002,6,60546,443,4,21,789,18569
226711.13985652305,58.888,Comp0001,FS0001,6,25085,445,19,74,3569,3815
226712.29901689827,4.786,Comp0020,Proxy0002,6,21928,3128,10,29,1161,4285
226716.08384548264,0.554,Comp0063,Proxy0002,6,11386,3128,5,16,1319,5638
226717.05197465647,10.06,Comp0067,Web0004,6,11048,80,10,167,2101,30780
226717.16937469045,7.787,Comp0012,DC0002,6,57937,389,4,7,579,317
226725.9621160496,2.13,Comp0054,FS0003,6,56823,445,50,330,906,11964
226731.19635735292,0.689,Comp0031,Web0002,6,40704,443,8,31,836,2840
226738.5988369525,0.889,Comp0028,Proxy0001,6,34842,3128,10,21,833,27041
226742.84742510924,4.68,Comp0042,Web0006,6,15759,443,8,44,250,23728
226745.64188913492,2.422,Comp0025,Web0003,6,64304,443,8,23,949,32127
226762.21607277993,1.893,Comp0053,Web0002,6,33917,443,5,37,137,9648
226763.83775453188,5.378,Comp0036,Web0003,6,11905,443,18,30,723,15296
226769.07218825654,3.381,Web0003,DC0002,6,28236,389,7,11,146,109
226771.30480111882,4.419,Comp0069,Web0005,6,26329,80,8,24,901,8525
226772.4572788788,1.154,Comp0001,Web0002,6,12215,80,29,59,1897,1137
226774.0402708919,0.215,Comp0080,DNS0002,17,14336,53,3,3,51,111
226790.44783389516,1.681,Comp0058,Comp0011,6,8443,3389,6,10,82,144
226795.18144139423,1.105,Comp0064,Mail0002,6,3565,587,11,9,182,99
226795.69431079575,22.451,Comp0057,Web0004,6,37387,443,6,46,3912,7709
226801.31716778764,1.684,Comp0060,Web0001,6,14241,80,31,68,1896,2278
226809.7877324581,3.962,Comp0003,Web0002,6,10343,443,7,20,1534,7433
226811.38246594823,10.118,Comp0026,Web0002,6,61218,443,7,29,890,6330
226818.30961922836,9.384,Comp0078,FS0003,6,58216,445,27,47,860,39359
226820.54013700172,8.264,Comp0048,Web0003,6,18016,443,6,33,295,1432
226825.2139653526,21.683,Comp0058,FS0003,6,12959,445,56,101,832,37152
226832.15982078316,4.847,Comp0066,Web0002,6,33293,80,6,16,64,6568
226835.51038171307,1.744,Comp0059,Web0004,6,10190,443,6,13,2947,9124
226836.99715193783,0.027,Comp0072,DNS0002,17,39423,53,2,2,60,165
226840.59515682736,15.585,Comp0021,Web0005,6,57243,80,5,39,824,1766
226842.02200325488,1.509,Comp0032,Proxy0001,6,9887,3128,9,101,207,6327
226846.05965682378,3.154,Comp0021,Web0006,6,47209,443,2,122,224,21118
226847.72530924762,10.62,Comp0065,Web0006,6,17168,443,9,78,4364,5722
226848.58494184486,0.121,Comp0003,DNS0002,17,22429,53,3,2,78,144
226851.58220625742,0.118,Comp0003,DNS0001,17,49986,53,3,4,39,158
226859.55180828398,3.402,Comp0063,Proxy0001,6,9315,3128,6,16,1068,11187
226860.69055774697,1.738,Comp0015,Web0004,6,52840,443,13,27,609,5090
226864.8898581288,6.917,Comp0035,DC0002,6,22220,445,42,45,1890,5536
226871.3531248305,2.194,Comp0059,Mail0002,6,1977,587,7,19,400,221
226872.1143231441,0.367,Comp0019,Web0002,6,3818,443,5,46,383,4863
226873.91715953732,2.124,Comp0023,Web0005,6,65127,80,12,23,235,3855
226876.68359686638,9.781,Comp0072,Proxy0002,6,8519,3128,10,22,1735,5170
226876.77959262638,10.599,Comp0003,DC0002,6,43602,445,18,34,1042,18711
226882.64187467215,3.682,Comp0046,Web0003,6,45460,443,6,45,472,3900
226884.33244747098,5.041,Comp0014,Proxy0001,6,64499,3128,7,112,276,4040
226884.82453141105,0.105,Comp0002,DNS0002,17,38284,53,3,2,101,272
226888.56733871374,0.068,Comp0009,DNS0001,17,61939,53,3,2,72,205
226893.7552546104,14.051,Comp0051,Web0005,6,56294,443,8,13,1538,11024
226894.81040939945,0.057,Web0001,DNS0002,17,46935,53,2,3,50,94
226904.57827577126,0.001,Comp0007,DNS0001,17,48247,53,2,3,62,259
226909.8786701124,23.936,Comp0018,FS0001,6,20271,445,12,171,3666,18208
226914.13794891,2.534,Comp0033,Mail0002,6,24825,587,6,6,170,294
226917.0090267534,0.063,Comp0041,DNS0002,17,44441,53,3,3,59,74
226936.29400280805,8.358,Comp0077,DC0002,6,23524,389,4,10,198,599
226948.92724035232,4.928,Comp0072,DC0002,6,52585,389,22,19,276,822
226952.8270781411,0.016,Comp0010,DNS0001,17,45646,53,3,3,70,368
226960.48091995242,45.28,Comp0045,DC0001,6,50413,445,56,54,2097,10560
226962.557363176,0.903,Comp0012,Web0004,6,62277,443,9,19,838,2026
226964.92114091947,0.205,Comp0016,DNS0002,17,5930,53,2,3,96,74
226966.3017813924,4.395,Comp0011,FS0003,6,3941,22,10,9,805,487
226966.33268504567,4.815,Comp0014,Web0004,6,50794,443,8,36,239,5812
226966.86930454764,1.478,Comp0050,DC0002,6,50976,389,3,4,1053,1071
226971.4862924547,10.668,Comp0072,FS0001,6,11793,445,38,34,625,19364
226975.26373922138,4.902,Comp0077,Web0006,6,3763,80,6,33,339,10925
226980.90801892657,0.105,Comp0070,DC0001,6,48755,445,21,177,2278,5459
226993.92737221753,11.64,Comp0049,Proxy0002,6,21564,3128,9,41,690,10970
226993.97963310074,1.664,Comp0068,DC0002,6,4270,389,9,16,349,217
226994.21307913543,2.509,Comp0052,DC0002,6,12344,88,5,5,324,342
227001.43422205612,0.001,Comp0023,DNS0001,17,25115,53,2,3,90,150
227004.21424599277,6.595,Comp0045,Web0002,6,8521,443,4,97,509,6834
227005.79950941913,3.969,Comp0075,Web0001,6,13833,443,6,28,514,12281
227022.4157949766,15.554,DC0001,DC0002,6,24627,445,21,59,5719,31712
227028.51352095208,0.222,Comp0016,DNS0002,17,3113,53,2,2,118,136
227037.8015402525,8.033,Comp0068,FS0002,6,62631,445,41,111,1009,177940
227039.8543883278,1.397,Comp0065,Mail0002,6,32146,993,4,4,378,682
227042.22461989842,0.315,Comp0078,DC0001,6,13431,445,28,87,1442,790
227053.38259801452,3.027,Comp0006,Mail0002,6,24955,993,14,12,874,3136
227057.9666464616,8.988,Comp0016,FS0001,6,62016,445,13,111,876,2064
227059.73560294087,0.779,Comp0033,Web0005,6,61972,443,13,43,1370,5716
227060.68504440776,3.356,Comp0058,Proxy0001,6,38735,3128,25,7,681,3345
227068.97007112848,0.035,Comp0035,DNS0001,17,33528,53,3,3,82,60
227071.1805530782,0.877,Comp0035,DC0001,6,2619,389,10,7,548,974
227072.85270171077,0.945,Comp0002,FS0002,6,49479,445,25,87,1096,22247
227078.9722036899,0.089,Comp0029,DNS0001,17,2243,53,3,3,63,105
227079.24619037344,0.006,Comp0042,DNS0001,17,6321,53,2,2,38,187
227080.2030978802,0.138,Comp0046,DNS0001,17,37601,53,2,3,123,153
227080.4841366518,0.181,Comp0069,DNS0002,17,35221,53,2,2,29,318
227081.60039615392,6.967,Comp0020,Proxy0002,6,11377,3128,11,12,1021,4507
227081.8650556051,0.256,Comp0010,DC0002,6,50874,88,4,9,300,188
227084.5600968798,4.054,Comp0071,Mail0002,6,2034,993,7,3,263,307
227098.31508188078,1.119,Comp0060,Web0002,6,53840,443,11,6,275,16550
227100.02468748682,9.386,Comp0009,Web0006,6,27848,443,5,57,128,39488
227112.61282437947,0.705,Comp0010,Proxy0001,6,43084,3128,12,18,739,5141
227119.78977779188,0.888,Comp0054,Mail0001,6,26712,587,7,9,798,309
227126.77768133546,0.046,Comp0011,DNS0001,17,8197,53,2,2,54,236
227130.24038124015,0.071,Comp0078,Web0002,6,40543,443,11,41,490,2838
227131.49034850346,10.295,Comp0066,Web0003,6,55907,443,20,36,415,6986
227133.61487090928,5.461,Comp0039,Proxy0001,6,28030,3128,3,94,1250,2103
227136.52995692342,0.145,Comp0050,Web0005,6,38820,443,3,76,789,12594
227138.0525073551,0.05,Comp0027,DNS0001,17,26890,53,3,2,66,102
227139.1496183286,0.25,Comp0062,DNS0002,17,16551,53,3,3,44,99
227142.72602693184,0.049,Comp0032,DNS0001,17,28614,53,3,2,107,119
227159.66020702242,0.999,Comp0005,Web0001,6,1781,443,7,77,594,1814
227164.58939376287,5.573,Comp0075,Proxy0001,6,11919,3128,5,29,441,2901
227167.6999642921,5.571,Comp0068,Web0003,6,49856,443,4,30,402,11834
227180.72389038233,2.638,Comp0054,DC0002,6,21422,445,13,356,27923,56056
227183.12764855064,0.627,Comp0076,Web0003,6,44359,443,5,92,360,16755
227186.88834781636,0.17,Comp0064,DNS0001,17,53619,53,2,3,49,260
227189.63271039596,1.732,Comp0026,DC0001,6,18196,88,3,4,99,1056
227194.36965400615,0.092,Comp0063,DNS0001,17,6773,53,3,2,56,291
227201.4064861872,0.096,Comp0071,Web0004,6,22968,443,8,28,892,1663
227211.00184688825,24.081,Comp0033,FS0003,6,46372,445,8,296,5007,11165
227212.45931153646,0.22,Comp0072,DNS0001,17,7850,53,2,3,110,119
227213.29343100224,8.376,Comp0006,Comp0055,6,5756,3389,4,6,101,67
227215.22486425968,2.358,Comp0029,Web0006,6,59145,443,13,69,517,7131
227219.20749807998,2.948,Comp0072,Web0001,6,1294,443,6,40,1316,21696
227224.29995377554,28.857,Comp0038,Web0001,6,19389,443,7,27,1467,13180
227225.5098359176,0.541,Comp0009,DC0001,6,17890,88,7,11,287,984
227227.96281709295,4.942,Comp0015,DC0002,6,15747,445,5,72,12012,5921
227232.32725413502,3.952,Comp0055,Web0002,6,59770,80,9,14,1457,4921
227237.77468779066,8.019,Comp0033,DC0002,6,32471,445,81,23,684,1749
227237.9811593736,9.785,Comp0036,Proxy0002,6,43730,3128,7,53,660,10373
227246.50420991273,0.333,Comp0042,Comp0011,6,32056,3389,6,17,189,446
227251.3137143433,2.514,Comp0045,DC0001,6,50465,445,37,19,3569,8376
227260.23942687004,2.939,Comp0035,Web0004,6,8642,443,9,94,640,1856
227260.5842758654,0.282,Comp0035,DNS0001,17,25897,53,2,3,46,280
227266.93071830203,0.139,Comp0017,DNS0002,17,37003,53,2,2,50,117
227268.95020867203,7.063,Comp0028,DC0001,6,50323,88,8,10,817,2356
227271.1434864595,0.007,Comp0004,DNS0001,17,25210,53,2,2,90,49
227272.91216335096,8.96,Comp0045,Web0005,6,24809,443,9,45,321,4684
227279.02489300419,21.106,Comp0033,DC0002,6,63422,445,23,102,1227,28468
227283.79737943393,3.013,Comp0002,Web0002,6,61952,443,6,38,653,1014
227286.70420770213,0.531,Comp0008,DNS0002,17,59987,53,2,2,68,94
227288.07984768203,0.225,Comp0078,DNS0002,17,20897,53,3,2,57,241
227288.4029296205,0.252,Comp0004,DC0002,6,3536,389,4,17,425,2492
227290.5924415317,4.383,Comp0012,Web0005,6,35854,80,14,106,280,2773
227293.67951811227,1.418,Comp0058,Proxy0002,6,10214,3128,5,29,2698,1023
227295.0988916106,0.035,Comp0030,DNS0002,17,17879,53,2,2,75,80
227298.68838042777,4.893,Comp0026,Web0004,6,34908,443,32,47,549,8635
227309.05791728353,19.105,Comp0024,Proxy0001,6,52206,3128,20,41,1222,1372
227309.45091469603,2.202,Comp0007,Web0002,6,56286,443,11,30,172,9582
227314.93360233755,3.003,Comp0076,Mail0002,6,39331,993,3,4,1253,225
227317.67114440686,4.145,Comp0011,Proxy0002,6,25891,3128,6,42,1259,15761
227318.75420286212,14.667,Comp0034,Web0004,6,20958,443,14,38,637,10178
227321.5903525687,1.535,Comp0043,Proxy0001,6,37494,3128,19,27,727,950
227330.33182359286,2.838,Web0006,DB0004,6,5638,3306,16,49,47555,14185
227330.643324372,0.522,Comp0046,FS0001,6,53921,445,73,20,2106,11562
227333.5262202063,3.97,Web0004,DB0003,6,28096,3306,47,111,2042,14907
227334.31006819478,0.081,Comp0039,DNS0001,17,41838,53,2,2,38,675
227335.90117211035,10.313,Web0001,DB0001,6,45303,3306,28,146,377,213539
227341.3238284229,1.407,Comp0066,Proxy0002,6,56304,3128,13,178,270,721
227343.57999872856,0.013,Comp0048,Mail0002,6,13108,993,6,4,241,822
227345.9579447097,0.884,Comp0039,Mail0002,6,58485,993,3,6,1079,270
227346.20660636004,0.094,Comp0034,DNS0002,17,17785,53,3,3,75,145
227357.79958181886,4.399,Comp0046,Web0002,6,1030,80,16,44,1502,13014
227358.92124370337,28.677,Comp0009,Proxy0002,6,57303,3128,11,44,219,8622
227361.0899559081,5.011,Proxy0001,Ext0017,6,36483,443,5,9,132,11049
227368.69245493977,0.069,Comp0067,DNS0002,17,55074,53,4,3,55,201
227377.44774591157,4.585,Comp0076,Proxy0002,6,13315,3128,19,4,862,9065
227378.48802587623,20.132,Comp0009,FS0001,6,50071,445,9,189,1413,3275
227379.4295206165,1.559,Comp0032,DC0002,6,22537,88,6,20,259,333
227380.86347485887,6.805,Comp0080,Web0001,6,28443,443,16,23,472,7861
227381.40029416926,0.139,Comp0041,DNS0001,17,25254,53,2,3,22,187
227384.19557121219,0.355,Comp0006,DNS0002,17,20777,53,2,3,73,500
227384.66442428497,0.05,Comp0055,DNS0001,17,37434,53,3,3,40,77
227385.10092414502,0.49,Comp0065,DC0002,6,15636,88,3,8,44,744
227387.80722571193,3.599,Comp0023,Web0004,6,60437,443,7,37,1048,2407
227388.03270095386,5.682,Comp0070,DC0001,6,8832,88,6,3,180,464
227397.66809902398,0.085,Comp0018,Web0004,6,13117,443,20,42,421,17422
227398.94621941217,0.035,Comp0019,DNS0002,17,63752,53,3,2,67,150
227409.76543828417,9.642,Comp0025,Web0003,6,5332,443,9,75,3173,1845
227412.5406464354,0.195,Comp0069,DNS0002,17,42015,53,3,2,37,88
227428.27896713035,9.116,Comp0034,Web0006,6,64731,80,10,176,1813,3279
227440.84444592343,0.524,Comp0048,DC0002,6,28001,389,8,14,180,1686
227451.56390360734,0.015,Comp0010,DNS0002,17,31410,53,2,3,79,120
227460.31785143758,3.215,Comp0027,DC0001,6,24046,389,3,2,169,861
227464.7896773911,0.31,Comp0054,Web0004,6,60546,443,8,10,3773,4200
227468.77324420383,0.427,Comp0017,DNS0002,17,29091,53,2,3,113,223
227469.7656183025,1.308,Comp0031,Web0003,6,31608,443,14,13,937,12131
227474.27430156912,3.621,Comp0036,DC0001,6,64824,88,5,8,946,4306
227482.3238759462,0.11,Comp0065,DNS0002,17,61902,53,3,2,87,250
227485.10214341249,3.988,Proxy0002,Ext0011,6,15465,80,4,74,1714,8960
227486.2295246676,1.05,Comp0061,DC0002,6,5243,389,4,12,579,458
227495.53037889057,22.828,Comp0044,FS0001,6,44353,445,27,201,730,43786
227501.995083397,5.241,Comp0010,Web0006,6,16973,443,7,20,2450,3710
227505.00002890866,0.01,Comp0018,Proxy0002,6,13932,3128,7,192,956,24888
227513.57705074176,0.068,Comp0070,DNS0001,17,61676,53,2,3,61,252
227517.61737986517,3.975,FS0002,DC0002,6,22359,88,10,6,199,795
227529.81560189236,1.078,Comp0023,Mail0001,6,39884,993,4,9,938,767
227547.3719372964,2.286,Proxy0002,Ext0018,6,44290,443,6,93,2693,1455
227549.84513730806,0.341,Comp0063,DNS0002,17,51153,53,2,2,124,67
227559.47145510124,0.01,Comp0049,DNS0001,17,50984,53,3,2,89,165
227559.78146361152,3.876,Comp0015,FS0003,6,37288,445,12,98,1296,47957
227561.20637969655,1.604,Comp0013,Proxy0001,6,37941,3128,14,89,117,2171
227575.09848551836,1.549,Comp0011,DC0001,6,11890,389,6,4,434,1653
227575.46578450938,21.304,Comp0009,FS0001,6,15107,445,23,67,1542,27595
227575.81480785625,10.833,Comp0077,Web0004,6,30418,443,2,5,1194,14049
227584.2572993112,10.395,Comp0029,Web0001,6,39545,443,10,47,252,6346
227588.48042064765,4.033,Comp0006,Web0002,6,30775,443,11,69,695,1958
227592.49478773554,0.053,Comp0050,DNS0001,17,12791,53,3,3,29,75
227600.9480404702,6.403,Proxy0001,Ext0021,6,2165,80,14,19,1549,4339
227607.28766064087,10.671,Comp0026,Web0006,6,42649,80,5,345,1467,21421
227610.2394694176,0.098,Comp0076,DNS0001,17,65388,53,2,2,63,185
227610.8992256901,1.365,Comp0032,DC0002,6,49390,88,7,10,315,652
227622.73021627322,2.019,Comp0055,DC0001,6,61317,389,13,6,63,2971
227622.95640139526,4.586,Comp0033,DC0001,6,17220,389,5,4,3486,584
227623.6243277271,1.373,Comp0071,DC0001,6,32283,88,3,5,266,1533
227624.19800808743,0.218,Comp0028,DNS0001,17,39592,53,2,2,90,112
227628.55455388426,6.925,Comp0056,Web0001,6,60863,443,10,45,390,2121
227634.81456287563,5.074,Comp0015,Proxy0002,6,36110,3128,11,146,442,8352
227639.43356346063,0.028,Comp0024,DNS0002,17,23711,53,3,3,57,169
227643.41467468842,11.408,Comp0029,Web0003,6,53032,443,7,39,2159,17658
227646.60480560752,16.468,Comp0041,Web0005,6,46904,443,3,71,658,3146
227647.35728338177,5.181,Comp0006,Proxy0002,6,49970,3128,6,51,1302,48629
227651.77968604126,1.74,Comp0071,Web0006,6,26234,443,17,16,933,4093
227657.6200930646,0.064,Comp0027,DNS0001,17,20082,53,2,3,45,91
227667.0606346971,0.019,Comp0012,DNS0001,17,7783,53,2,3,59,268
227671.42888451036,0.632,Comp0048,Web0002,6,4568,80,9,27,72,5297
227673.72650346247,2.932,Comp0023,DC0002,6,54339,88,9,9,278,178
227673.8790511653,13.447,Comp0024,FS0003,6,13499,445,45,28,19848,12487
227676.4508455984,1.968,Comp0051,Mail0001,6,21054,587,6,5,1041,11734
227684.4704887691,0.132,Comp0075,DNS0002,17,60579,53,3,2,50,177
227685.3074066567,6.966,Mail0001,Ext0000,6,63631,25,4,13,720,650
227686.82675437865,1.208,Comp0042,Web0006,6,3653,80,13,53,554,6864
227688.6173919122,2.993,Comp0036,Proxy0002,6,48759,3128,11,14,410,5201
227703.04482968213,0.175,Comp0046,DNS0001,17,22271,53,2,3,90,162
227704.33510677464,0.985,Comp0026,Web0006,6,60474,443,5,16,975,5449
227707.46551719296,41.676,Comp0023,FS0001,6,63264,445,121,603,1033,9596
227709.16990396025,0.379,Comp0050,Web0003,6,59707,443,17,11,304,5442
227727.74581306655,9.974,Comp0032,Mail0001,6,6380,993,8,8,507,436
227742.4874201273,0.336,Comp0047,Web0004,6,51367,443,13,101,1021,10836
227746.29149748554,38.04,Comp0068,FS0002,6,56615,445,37,156,8393,5228
227754.27175973984,17.674,Comp0024,FS0002,6,63136,445,11,173,2569,3242
227755.70136224007,2.214,Comp0057,DC0001,6,49908,389,6,7,202,1819
227760.18853907142,0.08,Comp0062,DNS0001,17,62042,53,3,3,52,252
227763.09742199501,0.035,Comp0062,Web0003,6,7128,80,16,56,377,3698
227764.7910422989,0.044,Comp0065,Mail0001,6,53712,993,4,4,1688,341
227767.82888248801,4.257,Comp0056,Proxy0001,6,56708,3128,12,60,119,15486
227771.90365931616,0.275,Comp0073,DC0001,6,46689,389,4,5,2520,982
227773.05442919393,5.141,Web0006,DB0002,6,53758,5432,19,686,797,9419
227778.9186897733,0.221,Comp0032,Web0002,6,49466,443,11,15,63,7590
227780.1896777045,9.694,Comp0050,Web0001,6,17780,443,7,93,1033,2683
227784.3407725064,10.794,Comp0006,Comp0060,6,60465,135,3,6,150,52
227786.0525308674,19.968,Comp0021,Web0001,6,55304,443,18,35,875,12744
227786.41126255432,2.515,Comp0075,Web0002,6,55945,443,6,49,514,942
227789.10399094335,0.016,Comp0048,DNS0001,17,24549,53,3,2,94,219
227793.62810054002,3.053,Comp0033,Mail0002,6,42871,587,4,6,139,851
227797.10858024855,1.307,Comp0054,Proxy0001,6,47810,3128,3,103,55278,9938
227798.1982624596,0.131,Comp0040,Web0001,6,38045,80,7,88,1258,6485
227799.9849592134,0.094,Comp0034,DNS0002,17,38611,53,2,3,117,153
227801.1306209303,1.121,Comp0047,DC0002,6,12156,88,9,7,772,824
227803.21441409376,27.583,Comp0003,Web0003,6,4969,443,7,20,2234,22341
227804.52827635565,0.095,Comp0066,DNS0001,17,15814,53,2,3,75,83
227808.86944339512,0.075,Comp0007,DNS0002,17,8670,53,2,2,67,119
227813.09140064,0.044,Comp0029,DNS0001,17,47275,53,2,2,62,68
227815.32384898484,12.081,Comp0076,FS0002,6,21087,445,18,36,4663,7475
227821.41787861107,0.087,Comp0026,DNS0001,17,37604,53,2,3,73,165
227823.73271114682,13.628,Comp0039,FS0002,6,56901,445,91,563,5741,16328
227825.10756122076,3.226,Comp0079,Web0004,6,17544,443,12,39,159,5919
227827.66399402294,2.754,Comp0040,Web0003,6,31219,443,7,11,375,32079
227828.4161934199,0.223,Comp0036,DNS0001,17,52895,53,2,2,60,158
227829.13606756466,1.365,Comp0057,Proxy0002,6,28571,3128,15,12,1765,1134
227830.79561503546,0.963,Comp0075,Web0001,6,22971,443,3,80,2682,6672
227831.73210021254,2.726,Comp0016,Web0004,6,34326,443,4,15,605,5526
227832.1594027826,0.043,Comp0038,DNS0002,17,18279,53,3,3,93,218
227835.19940117784,9.445,Comp0015,DC0002,6,41021,445,14,283,806,44001
227836.18970872927,0.227,Comp0020,DNS0002,17,25302,53,2,3,90,154
227837.85094347046,11.228,Comp0010,Web0002,6,35859,443,11,47,367,2624
227839.31251371853,32.347,Comp0014,FS0002,6,30027,445,69,39,7573,13684
227843.0577677983,0.411,Comp0074,DNS0001,17,40057,53,2,3,53,154
227843.0780719251,1.3,Comp0066,Web0002,6,45728,443,7,97,4082,13911
227858.45170630142,3.414,Comp0042,DC0002,6,5374,88,7,17,183,1198
227863.89645314496,0.192,Comp0008,DNS0002,17,50041,53,2,2,92,73
227864.05032511224,1.185,Comp0018,DNS0001,17,27490,53,4,3,63,134
227867.63661006847,21.889,Comp0008,FS0002,6,51648,445,43,192,3026,1410
227876.20846155597,3.168,Comp0046,Mail0001,6,17660,993,3,7,415,2146
227878.66066268136,4.925,Comp0079,Web0004,6,60963,443,8,11,406,5812
227879.13873048843,1.585,Comp0024,FS0001,6,34687,445,22,179,916,81945
227880.98441003883,2.052,Comp0051,DC0001,6,11864,88,6,5,773,2561
227891.1644321744,3.325,Comp0032,DC0001,6,65450,88,14,11,236,1425
227899.61296461424,0.235,Comp0003,DNS0001,17,4109,53,3,2,82,247
227900.2524139787,0.104,Comp0079,DNS0001,17,47279,53,2,3,37,195
227905.06385203323,0.11,Comp0014,DNS0001,17,48809,53,3,3,54,215
227905.27080925598,8.199,Comp0057,Web0004,6,63799,443,10,18,1372,4971
227910.49307545248,2.17,Comp0067,Mail0001,6,5682,993,4,25,1419,328
227918.70158999006,1.68,Comp0019,Mail0002,6,28488,993,3,5,501,351
227921.08654521307,0.423,Comp0026,DNS0001,17,33259,53,3,3,110,321
227939.4345623529,0.891,Comp0050,Web0001,6,31278,443,15,60,642,9347
227940.28638733528,0.268,Comp0014,DC0001,6,10340,88,2,5,81,500
227943.23827270957,0.158,Comp0040,DNS0001,17,5831,53,3,3,110,61
227949.06538353715,2.221,Comp0057,DC0001,6,31985,88,6,4,310,466
227957.01792350883,10.399,Comp0017,Web0002,6,2304,443,17,10,398,17424
227959.14951863227,7.414,Comp0005,Web0006,6,51459,443,7,89,294,3310
227963.21683634727,2.836,Comp0078,FS0002,6,61688,445,74,57,408,147476
227970.88997353957,4.424,Comp0055,Mail0001,6,65263,993,7,7,977,1163
227980.26704274162,0.254,Comp0035,DNS0001,17,31366,53,2,3,51,121
227984.42773180615,17.54,Comp0046,Proxy0002,6,56121,3128,9,71,653,3316
227984.82638759457,9.708,Comp0039,Web0004,6,40779,80,9,22,6751,2291
228001.97865099256,17.257,Comp0073,FS0003,6,41038,445,16,105,1203,2441
228002.59060220956,6.196,Comp0067,Proxy0002,6,30746,3128,17,10,441,24152
228003.50267953816,14.362,Comp0064,FS0002,6,15191,445,42,17,1403,16700
228005.98143654503,0.412,Comp0055,Proxy0002,6,51125,3128,17,23,207,1751
228006.2854837344,0.041,Comp0047,DNS0001,17,29710,53,2,4,41,180
228007.03196651922,0.793,Comp0039,Web0006,6,33544,443,9,33,260,3266
228010.85177037393,6.803,Comp0019,DC0001,6,56592,389,5,6,263,2310
228013.52851431232,0.03,Comp0074,Web0004,6,54801,443,4,86,749,17617
228026.60513588288,0.057,Comp0029,DNS0001,17,7803,53,3,2,90,81
228026.7560694459,27.057,Comp0028,FS0001,6,15105,445,75,172,1137,29072
228028.59696676335,17.893,Comp0059,Web0004,6,63756,80,7,28,3349,4287
228032.04402060778,0.223,Comp0034,DNS0001,17,34133,53,2,2,69,312
228032.41375497822,0.19,Comp0003,DNS0001,17,51990,53,3,2,79,115
228032.878471384,3.889,Comp0026,DC0002,6,33363,88,14,18,487,654
228046.62931821917,8.966,Comp0077,Web0003,6,31862,443,4,13,1860,6076
228047.98472576757,5.058,Comp0034,Proxy0001,6,45014,3128,7,89,1402,1811
228049.3324235796,0.026,Comp0072,DNS0001,17,63118,53,3,2,47,175
228054.73913453438,0.225,Comp0035,DNS0001,17,54312,53,2,3,85,121
228061.4040188251,0.614,Comp0073,Web0005,6,53866,80,7,10,726,5987
228061.53645373258,0.722,Comp0037,DNS0001,17,13853,53,2,3,92,196
228067.5623603608,2.138,Comp0068,Mail0002,6,30070,587,3,7,245,277
228076.32698090767,0.072,Comp0001,DNS0002,17,24951,53,3,3,117,177
228079.94466342457,6.183,Comp0028,FS0001,6,48985,445,4,599,16531,3454
228080.24675073614,0.238,Comp0046,DNS0002,17,18068,53,3,3,63,230
228080.33484697138,1.421,Comp0068,Web0002,6,5050,443,7,206,1644,20920
228087.52715087123,0.233,Comp0062,DNS0001,17,33649,53,3,2,78,102
228089.04136554018,0.89,Comp0014,DC0002,6,49218,88,10,9,836,204
228089.24838000027,8.11,Comp0047,Web0002,6,27566,443,5,146,322,322
228095.3526723735,7.192,Comp0039,Proxy0001,6,10805,3128,6,59,825,7122
228097.97760127488,0.545,Comp0016,DNS0002,17,62259,53,3,3,69,115
228102.61918704095,16.339,Comp0068,FS0003,6,64065,445,29,57,3699,12722
228103.45327337002,0.198,Comp0006,DNS0001,17,37451,53,3,2,80,284
228109.967301185,2.386,Comp0066,Web0004,6,39589,443,3,22,478,2397
228111.7796829929,0.2,Comp0054,DNS0001,17,16405,53,2,2,109,154
228114.11917260615,6.737,Comp0056,Web0004,6,44461,443,7,51,5182,16622
228114.55443606555,1.423,Comp0031,DC0001,6,6292,445,12,92,1546,17792
228120.8633252323,6.844,Comp0029,Web0002,6,44739,80,9,48,763,30339
228121.07016532507,4.116,Comp0012,Proxy0002,6,27527,3128,8,19,381,2559
228134.9833498912,5.097,Comp0036,Web0002,6,6104,443,11,25,2510,13964
228135.93127923462,0.089,Comp0016,Proxy0002,6,28457,3128,6,32,1011,4593
228143.10928001322,4.563,Comp0039,Web0006,6,2277,80,19,60,717,80579
228147.09381409409,6.222,Comp0077,Web0002,6,17032,443,5,24,189,704
228153.78361205902,0.016,Comp0067,DNS0002,17,21142,53,2,2,120,110
228157.95924896465,6.781,Comp0071,Web0003,6,61127,443,22,31,232,4063
228160.9814163016,0.277,Comp0009,DNS0002,17,51323,53,3,3,75,106
228166.06742490316,0.815,Comp0059,Proxy0001,6,64541,3128,18,36,179,414
228174.45753966548,3.188,Comp0080,Web0002,6,8757,443,7,53,984,9210
228174.752206397,12.034,Comp0070,Web0006,6,10171,80,12,19,550,9200
228178.740621631,0.025,Comp0033,DNS0001,17,17747,53,3,2,55,110
228179.03305869218,5.484,Web0006,DB0004,6,27360,3306,55,304,383,64253
228180.79439974655,0.553,Comp0014,Proxy0002,6,60335,3128,10,58,457,4751
228185.59233139333,11.106,Comp0049,FS0001,6,63966,445,21,49,5317,12708
228188.71996570515,4.006,Comp0047,Web0001,6,17616,443,6,112,761,19042
228195.62230098603,0.331,Comp0010,Mail0001,6,11777,993,4,5,1287,389
228201.22986226948,0.018,Comp0080,DNS0001,17,50514,53,2,3,50,62
228208.75703551545,6.529,Comp0051,FS0002,6,41455,445,33,176,2730,8926
228211.18015411217,1.692,Proxy0001,Ext0022,6,59328,443,5,201,798,8770
228212.8831776611,0.354,Comp0070,DC0001,6,51921,88,5,13,561,510
228217.36264746616,5.8,Comp0062,Web0002,6,11637,443,4,39,277,348
228219.596091893,2.91,Comp0064,Proxy0001,6,59007,3128,21,28,3008,58285
228226.14346554797,1.397,Comp0035,Proxy0001,6,4415,3128,9,16,1821,43465
228227.48410618148,8.641,Comp0033,DC0002,6,35976,389,7,4,100,1224
228228.97466247,2.635,Comp0026,Web0006,6,43297,443,5,48,435,4035
228236.17684336283,0.079,Comp0004,DNS0002,17,57732,53,2,2,51,82
228238.55106980604,0.154,Comp0014,DNS0001,17,36253,53,2,2,30,85
228256.60891539554,0.321,Comp0008,DNS0002,17,38613,53,3,2,65,114
228260.1826947126,3.09,Comp0003,Web0001,6,28266,443,17,23,1247,8587
228260.4954658647,7.795,Comp0036,FS0001,6,53274,445,53,135,8903,42776
228260.810424145,13.255,Comp0036,DC0002,6,26165,445,9,280,574,77118
228263.42367351576,0.9,Comp0035,Web0005,6,5093,80,5,41,211,5350
228268.4767606639,0.971,Comp0027,Proxy0002,6,27241,3128,15,30,705,27217
228269.958257581,13.251,Comp0029,Web0005,6,35068,443,5,42,702,5506
228271.2735989538,1.97,Comp0052,DC0002,6,20124,389,17,16,637,434
228277.00808899722,1.475,Comp0006,Comp0016,6,23391,22,3,10,893,64
228285.91024560243,0.242,Comp0038,DNS0001,17,38218,53,2,2,37,135
228290.63341856466,0.444,Comp0011,DNS0002,17,45015,53,2,3,40,135
228291.96993680525,0.019,Comp0049,DNS0001,17,61219,53,2,3,83,920
228296.45113455318,1.633,Comp0050,DC0001,6,55494,88,6,7,235,717
228298.1586213955,4.946,Comp0034,Comp0011,6,40690,3389,22,5,314,953
228299.665846724,4.714,Comp0073,Web0003,6,46492,443,6,24,1848,3325
228300.41616559593,2.674,Comp0034,Web0005,6,54868,443,6,27,1114,1682
228303.01880638977,12.915,Comp0037,FS0001,6,47407,445,13,374,851,1309
228315.15790052697,1.065,Comp0067,Proxy0001,6,28126,3128,21,37,538,1436
228316.59716065432,0.029,Comp0031,DNS0001,17,60913,53,3,2,55,151
228320.44195030764,0.002,Comp0033,DNS0001,17,56346,53,2,3,70,201
228323.97931322732,0.052,Comp0014,DNS0001,17,37881,53,2,2,49,201
228335.66811864797,0.227,Comp0035,Web0004,6,5644,443,12,27,611,31997
228346.88068181532,3.956,Comp0019,Proxy0001,6,3328,3128,6,12,454,25036
228349.8707439659,0.056,Comp0051,DNS0002,17,18159,53,2,3,35,52
228351.26096992366,0.302,Comp0050,DNS0001,17,46991,53,3,2,126,120
228352.5910960066,0.089,Comp0029,DNS0001,17,26769,53,2,2,126,123
228354.87456109264,1.512,Comp0029,Web0002,6,2112,443,12,108,879,2746
228360.55081667844,9.016,Web0002,DB0003,6,10152,3306,45,196,1017,32890
228362.50139130536,0.354,Comp0052,FS0003,6,37525,445,18,129,7470,32982
228368.68499426212,1.272,Comp0016,Web0003,6,21403,443,4,106,1954,9431
228373.5213045774,0.048,Comp0076,DNS0001,17,60847,53,3,2,117,303
228375.57341019774,2.395,Comp0041,FS0001,6,19529,445,8,316,853,6960
228380.95311181864,7.44,Comp0057,Web0002,6,41759,443,9,33,1919,831
228382.10668158793,7.715,Comp0066,DC0002,6,62242,88,5,13,175,1392
228382.48617187614,0.073,Comp0026,DNS0002,17,44439,53,3,2,85,716
228383.7131660127,0.29,Comp0067,DNS0002,17,57217,53,2,3,44,245
228386.21011063168,2.977,Comp0001,DC0001,6,55660,88,3,4,172,69
228390.28592287184,13.963,Comp0019,FS0002,6,22930,445,7,37,367,10178
228396.45416829392,8.196,Comp0006,Comp0076,6,60621,139,48,33,396,1207
228397.73486153482,1.421,Comp0059,Mail0002,6,6642,993,4,3,408,892
228402.6804121895,8.767,Comp0006,DNS0001,6,47975,135,9,3,547,11
228419.77023695735,0.069,Comp0067,DNS0002,17,15932,53,2,3,46,231
228432.0325203904,14.258,Comp0036,FS0003,6,23671,445,19,31,1448,13071
228433.01693536382,14.122,Comp0005,Web0005,6,23653,80,9,49,910,3054
228433.69278442438,20.347,Comp0048,FS0002,6,28691,445,32,31,3607,15062
228441.1705383791,4.313,Comp0057,Proxy0002,6,25049,3128,12,44,5596,9365
228444.5594830305,0.67,Comp0035,Proxy0001,6,45891,3128,9,22,468,7644
228446.15296820897,0.334,Comp0056,Web0005,6,23908,443,6,20,372,1878
228454.18648372078,0.568,Comp0001,DC0002,6,32139,88,8,7,187,646
228457.86694953428,1.419,Comp0063,Proxy0001,6,30890,3128,11,116,5537,14980
228458.0444116107,12.936,Comp0071,DC0002,6,11336,88,2,6,977,1687
228460.74681200518,0.281,Comp0065,DNS0001,17,49459,53,3,3,80,145
228473.09059565898,10.538,Comp0068,DC0001,6,46532,445,29,306,1964,17081
228511.7457447478,2.402,Comp0071,Proxy0001,6,54824,3128,4,52,2488,8612
228513.42771546252,17.862,Comp0008,Web0003,6,62794,443,22,45,1202,14593
228520.29080410834,0.576,Comp0011,DNS0001,17,36078,53,2,3,95,72
228527.47642034548,7.557,Comp0076,Web0003,6,33432,443,3,27,1689,475
228536.62392350333,3.22,Comp0033,Proxy0001,6,10563,3128,13,73,719,1461
228541.22220795404,0.219,Comp0059,DNS0002,17,40731,53,2,2,78,50
228551.5441875715,2.345,Comp0079,Comp0011,6,34585,3389,11,12,315,1898
228554.64025100952,12.161,Comp0054,Web0004,6,30717,80,5,26,65,2647
228555.23340851307,5.538,Comp0005,DC0001,6,61489,88,14,8,2535,416
228558.86503025802,17.665,Comp0001,FS0001,6,31898,445,26,64,258,12251
228565.2742285027,0.597,Comp0034,DNS0002,17,38433,53,2,2,76,90
228572.7394543389,0.201,Comp0033,DNS0001,17,15440,53,2,2,93,209
228586.69431100792,0.242,Comp0004,DNS0001,17,13777,53,3,3,79,131
228587.55060838102,6.077,Comp0025,Web0005,6,38323,443,6,78,573,3885
228591.05546067347,13.256,Comp0002,DC0001,6,10510,445,15,66,1274,7820
228593.94679101006,0.398,Comp0013,DNS0002,17,8451,53,2,2,88,398
228595.3408145893,0.098,Comp0018,DNS0002,17,29942,53,2,2,69,94
228597.2901198645,0.748,Comp0014,Web0003,6,29377,443,5,35,349,1591
228601.7645233959,4.883,Comp0062,Web0002,6,48633,443,5,18,269,12805
228609.57974203725,0.419,Comp0028,Mail0002,6,52779,993,5,12,1090,250
228616.16253851732,6.813,Comp0054,Web0001,6,34674,80,7,39,2271,8851
228620.50714130688,0.921,Comp0078,Proxy0001,6,23772,3128,5,35,386,4015
228625.11601278273,2.595,Comp0026,Web0004,6,2474,443,10,32,2693,2173
228626.4816853434,1.411,Comp0007,Proxy0002,6,15569,3128,6,72,226,3128
228629.91100998168,0.48,Comp0017,Web0005,6,6446,443,13,169,569,983
228633.18212942051,4.819,Comp0019,Proxy0001,6,7748,3128,2,56,605,31525
228642.10797906938,0.261,Comp0003,Web0005,6,18047,443,12,11,249,2495
228647.58911498584,16.316,Web0005,DB0004,6,21344,3306,7,29,441,16642
228648.15709638427,0.054,Comp0048,DNS0001,17,38211,53,2,2,59,219
228653.9293710394,0.508,Comp0072,Web0002,6,3410,443,14,8,1174,2092
228658.11425459705,19.575,Proxy0002,Ext0012,6,36627,443,4,26,489,15213
228670.81747935375,3.399,Comp0034,Web0003,6,17723,443,8,43,296,5301
228681.56918642682,4.939,Comp0053,Web0004,6,19348,443,12,136,338,48663
228682.63022458385,0.508,Comp0003,Mail0002,6,18360,587,7,8,344,1876
228686.94123356475,13.858,Comp0028,Web0005,6,8880,80,23,35,1080,10113
228695.88243546896,19.687,Proxy0002,Ext0022,6,46071,443,11,13,297,20182
228710.8609387713,5.215,Comp0076,FS0003,6,28752,445,20,42,887,2808
228712.3458996515,0.036,Comp0051,Web0004,6,2858,443,9,21,2740,3838
228713.62839581614,0.111,Comp0022,Web0006,6,32273,80,6,27,1558,5441
228716.76659414908,6.871,Comp0018,DC0001,6,61973,88,5,11,235,1282
228717.29089874652,1.052,Comp0007,Mail0001,6,61560,993,4,11,659,951
228719.8816933121,1.735,Comp0025,Mail0002,6,17907,993,14,2,218,431
228720.65473644048,9.53,Comp0080,Web0005,6,32941,443,184,95,303,34086
228723.30563815465,7.193,Comp0068,Web0001,6,59654,443,15,25,2362,4375
228725.02127750925,0.357,Comp0072,DNS0002,17,40053,53,2,2,81,214
228733.65282992614,2.2,Comp0046,Mail0001,6,11711,587,4,10,88,1186
228734.35128322762,4.242,Comp0014,Web0002,6,54080,443,13,52,621,10827
228735.32976884756,10.442,Comp0018,DC0001,6,47052,445,8,178,238,11917
228738.61856679432,28.334,Comp0011,DB0001,6,25137,445,4,61,4617,17802
228740.1185416303,10.441,Comp0023,DC0002,6,10685,445,70,144,5053,37447
228742.73262986683,0.11,Comp0059,DNS0001,17,32252,53,2,2,39,240
228748.1701680494,0.046,Comp0036,Web0002,6,45118,443,13,55,771,44640
228756.49719823495,1.494,Comp0078,DC0001,6,5783,88,5,13,680,553
228761.47955895017,0.013,Comp0076,Mail0001,6,49515,993,6,9,507,1735
228769.57820325546,0.28,Comp0038,DNS0001,17,24527,53,2,3,132,130
228771.96443440288,0.047,Comp0043,DNS0002,17,37721,53,3,2,75,152
228775.45224223027,0.011,Comp0038,DNS0001,17,26782,53,3,3,102,132
228775.93050887735,0.177,Comp0030,DNS0002,17,19074,53,3,2,49,217
228781.92965596143,0.062,Comp0014,DNS0001,17,24365,53,2,2,57,309
228783.06418901033,2.64,Comp0056,Web0004,6,3859,443,30,25,303,812
228786.87461909084,1.452,Comp0056,Web0006,6,21971,443,25,61,1027,4080
228807.7099331046,0.686,Comp0073,Web0001,6,60303,80,5,90,1003,53393
228817.66585808055,4.35,Proxy0001,Ext0034,6,62938,443,7,44,331,2097
228818.9722470395,0.0,Comp0054,FS0002,6,9419,445,19,80,1131,46400
228820.51304377112,7.462,Comp0033,Mail0001,6,47686,587,5,14,107,783
228826.28015402204,8.759,Comp0075,Web0003,6,45370,443,25,13,773,9299
228829.24271063053,0.292,Comp0015,Proxy0002,6,9410,3128,13,55,1532,4549
228837.53415471214,6.682,Comp0053,Proxy0002,6,27566,3128,6,37,373,3920
228848.5107488686,8.997,Comp0063,Web0004,6,33574,443,8,43,1414,1824
228857.68617246242,0.363,Comp0080,DC0001,6,10451,88,4,36,337,1600
228859.26553661563,0.024,Comp0043,DNS0002,17,62639,53,2,3,41,53
228861.6221223012,1.841,Comp0048,Mail0001,6,33504,587,2,8,128,129
228867.44341584653,0.028,Comp0038,DNS0002,17,58124,53,2,3,41,140
228868.36810013984,10.537,Comp0005,Web0005,6,38311,80,5,18,963,24121
228876.41610604594,12.403,Proxy0001,Ext0020,6,58909,443,7,38,1244,13463
228876.80025867908,2.008,Comp0051,Web0003,6,57571,443,55,8,496,3868
228889.39025503054,5.248,Comp0021,Web0002,6,46570,443,14,118,1251,107
228891.01130561362,0.582,Comp0079,Web0005,6,54909,443,8,17,1234,10614
228891.61299937486,0.012,Comp0076,DNS0002,17,14253,53,2,2,155,72
228892.3101350349,3.581,Comp0068,FS0003,6,30844,445,26,74,2267,131620
228897.27472788468,0.421,Comp0038,DNS0001,17,2256,53,2,3,72,167
228911.9658657013,13.585,Comp0044,FS0003,6,41025,445,20,186,1785,19040
228912.9722960816,4.664,Comp0048,Web0004,6,52196,443,10,33,895,1932
228913.85340270787,3.048,Comp0066,DC0001,6,51055,88,13,3,177,115
228915.4025683481,15.973,Comp0033,DC0001,6,61355,445,6,66,2554,1732
228918.17751285172,17.759,Comp0014,Web0005,6,40266,80,4,23,1232,18399
228938.48583937672,0.361,Comp0045,DNS0001,17,46335,53,2,3,61,239
228939.31100803122,0.144,Comp0052,DC0001,6,53349,389,9,5,925,568
228944.44021062556,0.614,Comp0002,DNS0002,17,60855,53,2,2,49,79
228951.98256708295,0.103,Comp0074,DNS0001,17,21121,53,2,2,60,114
228952.30125184628,0.173,Comp0030,DNS0002,17,51518,53,3,3,80,213
228959.73556944611,4.686,Comp0038,Web0002,6,65191,443,8,30,804,2102
228966.13125518593,3.234,Comp0074,Web0001,6,53313,80,16,18,2042,2551
228967.24470386666,4.683,Comp0016,Web0003,6,52095,443,10,19,1037,3231
228975.58951338351,0.505,Comp0055,DNS0002,17,29406,53,2,4,70,206
228980.9268898914,5.468,Comp0001,Web0004,6,33092,443,31,14,2007,12332
228985.69176335022,0.339,Comp0009,Mail0002,6,49259,587,5,12,1171,1377
228986.3627448735,5.153,Comp0046,Mail0002,6,21675,993,3,11,167,2778
228995.6462262534,0.827,Comp0006,Comp0039,6,22101,22,6,6,241,29
228998.17999601923,1.432,Comp0020,Web0004,6,63109,443,6,116,1327,1524
228999.60804093082,2.638,Comp0058,Web0006,6,22308,443,7,31,1487,1954
228999.9726987707,3.203,Comp0039,Mail0001,6,8392,993,2,5,839,403
229000.2960398442,0.409,Comp0051,Mail0002,6,50513,993,6,20,96,272
229010.81671624485,4.401,Comp0045,Mail0002,6,10678,587,6,10,129,1059
229012.73832541378,9.135,Comp0032,Web0003,6,51215,80,3,42,907,34682
229017.59097812325,0.146,Comp0006,DNS0001,17,11199,53,2,3,92,84
229022.93127557042,1.687,Comp0010,Mail0001,6,17840,993,7,9,352,242
229026.9039229001,0.284,Comp0050,DNS0002,17,4355,53,2,3,36,145
229029.67153840177,4.097,Comp0040,Comp0011,6,56569,3389,4,3,397,1967
229044.69568330605,0.29,Proxy0002,DNS0001,17,40431,53,2,2,34,164
229045.17057098268,13.301,Comp0019,FS0003,6,4489,445,20,98,200,5488
229047.5151462749,0.055,Comp0001,DNS0001,17,19250,53,2,2,35,133
229047.67662239802,0.126,Comp0037,DNS0001,17,54486,53,3,2,55,78
229056.34092452202,3.205,Comp0014,Web0006,6,48011,443,10,81,165,2020
229062.4007468718,0.06,Comp0011,DNS0002,17,1093,53,3,2,95,102
229066.5401033616,10.853,Web0003,DB0003,6,20306,3306,33,35,2441,16761
229070.5863841268,1.474,Comp0067,Web0005,6,23600,443,9,40,1027,2111
229075.89812371007,4.372,Comp0071,Web0004,6,51417,443,4,20,765,37321
229098.22276624583,3.265,Comp0018,Web0003,6,46083,443,9,25,277,4405
229103.10102107693,0.1,Comp0027,DNS0002,17,32999,53,2,3,20,69
229126.87970908722,0.801,Comp0019,DNS0002,17,15862,53,3,3,98,117
229130.09817451006,1.792,Comp0049,DC0002,6,37003,389,13,2,355,413
229130.37944277236,7.087,Comp0076,FS0001,6,28271,445,15,100,395,19242
229133.21331880635,1.745,Proxy0001,Ext0030,6,32038,443,7,27,3517,4089
229142.32402368865,0.012,Comp0057,DNS0002,17,50527,53,2,2,75,71
229143.87866861655,8.471,Comp0026,FS0002,6,19491,445,56,156,223,113971
229148.22273831058,1.457,Comp0024,DC0002,6,22821,88,6,6,485,959
229152.9864839836,0.019,Comp0064,DNS0001,17,46779,53,3,3,108,156
229160.44007844085,0.007,Comp0028,DNS0001,17,49851,53,2,2,91,181
229177.02681869472,0.044,Comp0012,DNS0002,17,43524,53,2,2,64,147
229178.65865496325,4.872,Comp0006,FS0002,6,32418,445,20,46,1092,70209
229185.94882718264,5.049,Comp0043,DC0002,6,20672,88,8,6,144,1608
229187.62711998622,6.443,Comp0011,Web0004,6,14483,443,3,162,334,44233
229187.6395672724,0.217,Comp0056,DNS0001,17,49193,53,3,3,42,211
229189.14264521736,0.093,Comp0049,DNS0002,17,39931,53,2,3,71,336
229190.3538929377,0.417,Comp0063,Web0004,6,32257,443,21,169,2339,9793
229193.10870426957,9.678,Comp0009,Web0005,6,60353,443,3,17,2119,2521
229196.53602952565,0.235,Comp0056,DC0001,6,43568,88,5,6,785,263
229200.88711652876,0.775,Comp0008,Proxy0001,6,9505,3128,9,103,689,5932
229204.50267820057,2.671,Comp0028,Mail0002,6,58271,993,21,9,605,3535
229216.32702865472,5.337,Comp0012,Web0005,6,53755,443,12,52,1289,10961
229217.67944096992,10.271,Comp0030,Web0005,6,29738,80,5,367,801,983
229224.61455477707,0.255,Comp0054,DNS0001,17,25826,53,3,2,64,144
229235.58878159817,4.881,Comp0066,Web0006,6,62572,80,4,41,639,21034
229243.75673627667,0.242,Comp0080,DNS0001,17,10833,53,2,2,83,115
229252.67845415854,1.178,Comp0051,Web0006,6,63893,443,8,67,502,8130
229255.16655496418,2.774,Comp0004,DC0002,6,20145,445,17,93,9647,36880
229255.26062963513,31.96,Comp0024,Proxy0001,6,19468,3128,16,18,836,6123
229256.33062815934,0.598,Comp0079,Web0003,6,3242,443,10,19,909,35900
229256.6848516394,7.043,Comp0014,Web0002,6,23491,443,10,29,1931,2553
229273.19949286515,0.552,Comp0043,DC0002,6,28155,88,6,5,674,815
229274.715263715,3.946,Comp0003,Web0001,6,4252,443,5,35,345,35139
229277.37185955507,2.203,Comp0053,Web0006,6,6590,80,12,32,504,632
229277.85365572816,2.947,Comp0008,DC0002,6,13135,88,5,11,179,429
229278.40583494102,0.033,Comp0072,DNS0002,17,7454,53,2,3,86,149
229284.8314285851,10.424,Comp0056,Web0005,6,46667,443,11,4,721,6647
229285.03771399206,6.081,Proxy0001,Ext0018,6,35280,80,6,8,1149,8990
229303.33223373667,0.388,Comp0048,DNS0002,17,58323,53,4,3,125,123
229303.91064366724,8.281,Comp0069,FS0003,6,52349,445,12,274,699,42834
229306.87370426103,0.0,Comp0045,DNS0002,17,40023,53,2,4,72,118
229308.28786991443,4.023,Comp0031,Proxy0001,6,1776,3128,16,13,1221,5472
229308.70503441553,5.217,Comp0013,Comp0011,6,50790,3389,5,4,130,746
229311.81048383936,6.38,Web0002,DB0002,6,22781,3306,9,308,2579,5860
229311.837069415,0.453,Comp0027,DNS0002,17,29763,53,2,2,44,158
229317.53604388217,0.944,Comp0066,DNS0001,17,62270,53,3,3,45,116
229322.8332450834,1.263,Comp0031,DC0002,6,46469,445,7,25,6423,55110
229328.38131491037,4.301,Comp0064,Proxy0002,6,28826,3128,13,100,538,31055
229331.97078052332,1.057,DC0002,DC0001,6,42745,445,40,54,477,5470
229337.49097892214,0.03,Comp0054,DNS0001,17,20055,53,4,2,57,91
229340.59160050022,0.461,Comp0029,DNS0001,17,25149,53,3,3,70,169
229341.09302375602,4.109,Comp0001,Web0005,6,5437,443,14,111,696,1367
229341.48548073036,6.122,Comp0036,Mail0001,6,7073,993,2,9,238,1137
229350.892779459,2.991,Comp0036,DC0002,6,27974,389,7,15,506,226
229351.2275025869,8.868,Web0005,DB0004,6,44353,3306,31,36,4200,6250
229356.29713960038,13.667,Comp0072,Mail0002,6,57477,993,5,6,539,806
229357.5267630727,0.134,Comp0045,DNS0002,17,54432,53,2,3,54,137
229364.82117146463,0.091,Comp0014,DNS0002,17,24541,53,4,3,38,196
229370.36104366317,16.831,Comp0021,Web0005,6,11489,443,8,53,1081,18932
229381.9877720354,2.752,Comp0042,Mail0002,6,41483,993,5,4,582,232
229384.49282614051,1.81,Proxy0002,Ext0037,6,9323,443,15,12,733,16960
229389.8477809967,3.521,Proxy0002,Ext0028,6,34437,443,7,22,896,5941
229391.379715373,1.348,Comp0068,Mail0001,6,40529,993,2,5,195,637
229391.73972086236,8.61,Comp0034,Web0004,6,45114,80,19,29,147,5790
229400.1942464283,0.225,Comp0038,DNS0001,17,24472,53,3,3,57,195
229400.7937936639,0.81,Comp0018,Mail0001,6,57592,587,3,20,319,1808
229410.55627411266,1.04,Comp0040,DC0001,6,61033,88,3,4,266,1428
229412.39227258865,0.646,Comp0045,Web0004,6,60866,80,7,46,216,9868
229419.86806371706,2.939,Comp0038,Mail0002,6,57935,993,7,9,279,2193
229430.31611379932,1.685,Comp0072,Web0004,6,6864,443,14,48,314,12274
229441.93536838118,1.698,Comp0024,Mail0001,6,23664,993,9,18,439,1448
229446.05055815232,8.691,Comp0031,FS0003,6,25897,445,32,77,5610,4772
229449.55129415105,0.067,Comp0073,DNS0001,17,58095,53,2,3,83,381
229455.28261468263,7.24,Comp0068,Proxy0001,6,61134,3128,5,34,1084,1570
229456.7053294775,0.97,Comp0012,Comp0011,6,17526,3389,11,4,315,180
229458.45739931453,2.222,Proxy0002,Ext0007,6,10374,443,4,15,694,15495
229463.1815790284,0.185,Comp0066,Web0001,6,51083,443,21,23,397,33613
229467.2347895652,1.752,Comp0073,Proxy0001,6,17801,3128,7,175,1674,5320
229475.30269399408,2.307,Comp0053,Web0003,6,56258,443,13,24,7939,5447
229481.57843331783,8.486,Comp0014,FS0001,6,61715,445,12,109,1473,3722
229485.8293545537,1.94,Comp0043,Mail0001,6,5201,993,4,7,100,200
229489.23189321047,1.043,Comp0051,Proxy0002,6,41502,3128,10,12,251,4075
229490.84880935258,0.022,Comp0012,DNS0002,17,26356,53,2,3,115,72
229492.17139836217,2.315,Comp0003,Web0003,6,54924,443,5,11,1141,6507
229498.18266773468,2.681,Comp0002,Proxy0001,6,15866,3128,4,83,552,15075
229499.69105037273,0.68,Comp0026,Web0004,6,28254,443,18,61,561,1752
229500.85958259692,14.621,Comp0031,DC0002,6,63344,445,60,335,3911,9511
229507.08900172956,2.236,Comp0055,Web0001,6,38367,443,4,9,3038,6943
229508.3983117416,2.435,Comp0004,Mail0002,6,60585,993,6,5,943,173
229518.6373105831,0.025,Comp0021,DNS0002,17,54918,53,2,2,47,221
229529.28569667236,1.019,Comp0075,Mail0001,6,53151,993,6,15,178,331
229531.1948798657,0.078,Comp0044,DNS0001,17,39751,53,3,3,57,187
229531.3135322032,4.218,Comp0026,FS0001,6,39874,445,12,52,2209,26051
229532.9627724117,1.569,Comp0017,Proxy0002,6,64111,3128,6,16,319,15007
229540.2160738755,1.013,Comp0011,DC0001,6,46492,88,3,18,467,395
229540.63436262455,0.823,Comp0034,Web0002,6,56181,443,12,134,147,2290
229544.6180944791,4.638,Comp0057,Web0001,6,40764,443,6,89,940,4481
229548.15710167255,2.77,Comp0001,Web0004,6,64291,443,8,59,490,40580
229555.81900985842,4.695,Comp0070,Web0001,6,1497,443,13,25,1444,977
229555.8222012599,39.541,Comp0069,FS0001,6,10758,445,3,34,1370,91253
229559.25155159412,1.489,Comp0001,Web0003,6,54768,80,6,38,1356,1214
229562.85930044134,1.287,Comp0032,DC0002,6,29601,389,6,5,160,1251
229563.1320953108,0.143,Comp0046,DNS0001,17,62829,53,2,3,72,173
229566.06635708208,0.155,Comp0028,DNS0001,17,41826,53,3,2,45,83
229569.25547187228,0.276,Comp0022,DNS0002,17,3880,53,2,3,70,131
229590.5379713258,21.803,Comp0031,Web0005,6,36323,443,14,24,2772,11300
229595.65380375864,7.063,Comp0006,Comp0073,6,36729,22,7,5,725,13
229597.82688546515,21.538,Comp0024,Proxy0001,6,20203,3128,31,61,276,9067
229600.2779224231,18.442,Comp0012,FS0003,6,24638,445,12,88,330,42242
229608.57357224656,0.31,Comp0060,DNS0001,17,5433,53,3,3,101,102
229610.09983355828,7.18,Comp0003,Web0003,6,65176,80,9,11,588,15758
229613.30812074026,4.255,Comp0031,DC0002,6,22211,389,3,7,486,2669
229613.7628018603,1.355,Proxy0001,Ext0007,6,13385,443,12,82,484,67663
229631.95241035888,0.113,Comp0079,DNS0001,17,19712,53,2,3,90,83
229633.5741756937,13.011,Comp0062,Proxy0001,6,13535,3128,13,47,486,1867
229639.3747111393,1.492,Web0003,DB0004,6,51477,5432,12,35,2436,2601
229644.61003708918,0.059,Comp0052,DNS0002,17,10499,53,2,2,127,118
229645.7736150803,0.853,Comp0035,Web0005,6,6175,443,12,54,522,10245
229653.55377667135,11.402,Web0006,DB0002,6,9369,5432,56,156,4021,5420
229660.7276552998,0.135,Comp0005,DNS0002,17,26680,53,2,2,55,275
229685.48527176358,3.044,Comp0062,FS0002,6,6399,445,77,39,2708,48852
229687.43910707967,1.109,Comp0067,Proxy0002,6,31941,3128,8,14,526,2088
229691.25278185186,1.215,Proxy0002,Ext0033,6,49306,80,8,86,2001,20708
229699.2914888026,2.165,Comp0002,DC0002,6,21793,389,3,7,408,636
229703.78389714076,0.035,Web0006,DNS0002,17,11977,53,2,2,50,270
229704.2213844143,3.487,Comp0073,Proxy0002,6,19313,3128,12,20,99,2937
229706.51309708093,3.55,Comp0013,DC0002,6,8716,389,4,9,111,1422
229715.38118150854,0.085,Comp0060,DNS0001,17,26418,53,2,3,58,94
229719.05483351197,5.779,Comp0015,Web0005,6,26987,443,8,47,251,697
229724.2120547226,0.15,Comp0062,DNS0002,17,57799,53,3,2,50,162
229725.48556704418,0.981,Comp0007,Web0002,6,38096,443,10,100,596,6634
229738.75305195985,0.058,Comp0060,DNS0002,17,31578,53,2,2,56,95
229749.10927113058,4.572,Comp0006,Comp0031,6,41920,135,10,13,225,56
229757.57804179937,2.513,Comp0037,DC0002,6,6248,88,2,7,679,1268
229769.32422022606,0.316,Comp0047,Proxy0002,6,41015,3128,12,66,266,3415
229770.60735187778,0.117,Comp0037,DNS0001,17,25506,53,3,2,31,167
229778.96604737145,20.435,Comp0040,Proxy0002,6,15320,3128,7,36,1262,2563
229785.08573548758,1.251,Comp0026,Web0004,6,64224,443,9,184,123,2086
229791.38685462516,3.323,Comp0007,Mail0002,6,6544,587,4,3,454,724
229798.7698943282,0.046,Comp0053,DNS0002,17,36022,53,3,3,71,391
229809.45000829714,1.287,Comp0021,DC0002,6,12614,88,8,12,349,1029
229814.66774757727,0.279,Comp0074,DNS0002,17,37591,53,2,3,90,214
229817.1982979119,0.027,Comp0063,DNS0002,17,39552,53,3,2,51,96
229818.07945870032,0.413,Comp0029,DC0002,6,50412,88,10,6,443,1643
229828.5118906466,0.174,Comp0047,DNS0001,17,49006,53,2,2,150,97
229828.98101419257,4.235,Comp0056,Web0006,6,5377,443,7,16,1077,15261
229833.89502962408,0.114,Comp0021,DNS0002,17,13799,53,3,2,73,108
229834.0094132592,26.003,Comp0057,FS0002,6,37337,445,59,54,957,6817
229840.78057753778,18.892,Comp0018,FS0002,6,17849,445,8,268,944,80609
229841.78711668917,3.549,Comp0022,FS0002,6,35363,445,22,414,3397,3864
229870.37139206394,0.319,Comp0071,DNS0001,17,5944,53,3,2,49,214
229905.5761868962,13.658,Comp0057,FS0003,6,6190,445,11,277,622,25743
229906.7636172678,1.467,Comp0033,Web0004,6,43598,443,6,20,830,2706
229907.39551371962,12.041,Comp0019,DC0002,6,56502,389,5,7,371,985
229907.77049920135,12.004,Comp0078,Web0005,6,27195,443,8,43,370,11584
229910.6356955195,0.023,Comp0038,DNS0002,17,4225,53,2,2,61,147
229917.80904703116,4.425,Web0004,DB0001,6,59713,3306,24,282,583,10056
229924.33132906465,6.862,Comp0056,FS0003,6,40055,445,48,932,1574,70435
229929.04743066896,13.421,Comp0003,Web0004,6,58698,443,16,70,1229,2082
229930.66996386598,4.69,Comp0023,Web0004,6,18027,443,10,95,812,44561
229931.1294919221,3.392,Comp0003,Proxy0002,6,59843,3128,6,138,576,19660
229932.60643730496,4.429,Comp0009,Web0002,6,16020,443,4,13,293,4580
229944.8622155185,7.742,Comp0038,Web0003,6,64464,80,5,32,777,7306
229950.77183321636,6.894,Comp0025,DC0001,6,42493,389,5,4,179,1002
229951.6001125896,0.541,Comp0020,FS0002,6,10200,445,8,137,1186,1832
229953.56311930256,4.179,Comp0041,FS0002,6,40652,445,45,176,2206,10454
229954.37258825995,4.379,Comp0052,Proxy0002,6,4440,3128,8,52,694,4666
229958.27199551603,0.043,Comp0003,DNS0001,17,7921,53,3,3,41,245
229964.29798252197,7.926,Comp0033,Proxy0002,6,22298,3128,13,6,610,5992
229964.45032563235,23.115,Comp0069,FS0002,6,43953,445,3,42,2567,7214
229964.67995829933,3.197,Comp0006,DC0001,6,32943,88,5,6,164,693
230001.50160784135,3.973,Comp0061,DC0002,6,53668,389,4,9,570,95
230009.83663438034,10.895,Comp0069,DC0001,6,56668,88,4,16,77,686
230012.6562300851,2.085,Comp0056,Web0004,6,59641,80,4,35,920,10645
230013.1668311092,11.238,Proxy0001,Ext0033,6,36967,443,14,37,873,4383
230020.3362790527,0.356,Comp0068,DNS0001,17,41396,53,3,2,51,85
230021.45513722504,0.271,Comp0039,DNS0001,17,43638,53,2,2,129,176
230022.32283872121,0.332,Comp0051,DNS0002,17,11448,53,2,2,66,197
230027.09641833365,0.272,Comp0069,DNS0002,17,2597,53,2,3,120,141
230030.14989220316,0.224,Comp0044,DNS0001,17,61679,53,2,3,56,103
230030.75920443056,13.865,Comp0006,Comp0048,6,58589,22,2,8,262,39
230034.61075205728,1.345,Comp0031,Mail0002,6,61586,993,14,12,313,582
230038.43024910105,0.167,Comp0055,DNS0001,17,62984,53,2,2,139,102
230048.23271509705,0.165,Comp0005,DNS0001,17,1811,53,2,3,46,75
230061.87979006194,4.64,Comp0072,Web0006,6,1925,443,5,62,687,6980
230079.54181062678,1.531,Comp0032,Web0005,6,30574,443,8,24,1224,5088
230080.1769627381,0.531,Comp0075,Web0002,6,9223,443,7,43,502,8619
230083.13088446157,3.551,Comp0045,Comp0011,6,3574,3389,3,10,387,187
230084.12783589528,0.13,Comp0040,DNS0001,17,52274,53,2,3,90,85
230096.6285125204,1.089,Comp0071,Web0005,6,1273,80,3,70,495,12652
230097.71504729067,2.061,Comp0002,DC0001,6,61501,88,5,7,648,566
230099.27812770085,1.585,Comp0059,DC0001,6,48008,389,9,4,294,110
230105.44692878434,9.314,Comp0075,Proxy0002,6,24277,3128,11,21,44,4576
230106.67328690342,8.658,Comp0049,FS0003,6,51686,445,11,147,3442,18555
230109.86095374922,3.764,Mail0002,Ext0035,6,1927,25,5,7,276,672
230122.23278452217,1.779,Comp0002,Web0001,6,23883,443,11,23,285,11056
230124.52445488685,4.362,Proxy0002,Ext0036,6,14977,443,10,10,1458,1331
230126.25454462666,0.662,Comp0080,Mail0001,6,65272,993,8,6,230,431
230127.32580907486,0.025,Comp0039,DNS0002,17,50030,53,2,3,93,114
230130.58271547325,0.351,Comp0003,Mail0002,6,9407,993,4,5,137,2513
230141.83311218958,6.355,Comp0037,Proxy0002,6,60469,3128,4,29,258,3077
230165.95391708147,0.43,Comp0055,DC0001,6,14021,445,24,46,190,20644
230169.50443140767,0.978,Comp0019,Web0001,6,59545,443,38,46,109,3597
230175.2671616699,8.821,Comp0053,Proxy0001,6,52867,3128,12,80,962,4476
230182.7054966047,3.461,Comp0032,Mail0001,6,61757,587,5,19,557,255
230186.70287164216,1.289,Comp0054,Proxy0002,6,59908,3128,5,13,796,12897
230194.42576586912,2.028,Comp0072,DC0002,6,1331,389,10,23,397,608
230198.34586032468,0.337,Comp0071,Proxy0002,6,39413,3128,13,56,228,446
230210.09444151225,4.526,Comp0048,Web0002,6,56858,443,5,46,59,1108
230230.5631946753,1.51,Comp0010,Web0003,6,3604,443,13,76,463,4899
230258.34458350096,11.75,Comp0020,FS0003,6,28353,445,22,90,1358,1624
230258.86818899814,1.409,Comp0011,Web0005,6,25944,443,9,39,1500,45659
230260.259901361,0.421,Comp0045,DC0001,6,7322,389,8,20,1078,164
230262.86883093877,0.386,Comp0025,DNS0001,17,61131,53,3,3,59,181
230267.0622659087,0.443,Web0003,DNS0002,17,58050,53,2,2,85,109
230271.54220707697,15.453,Comp0077,FS0003,6,19126,445,39,391,1758,60605
230277.14009847498,0.176,DC0002,DNS0001,17,24570,53,2,2,104,291
230283.72947963246,0.055,Comp0036,DNS0002,17,58862,53,2,3,92,207
230303.94585238124,4.739,Proxy0001,Ext0012,6,61932,443,6,39,3296,3623
230304.37495545368,3.779,Comp0028,Web0002,6,18234,443,12,153,835,11594
230314.6906842591,3.339,Comp0045,DC0001,6,15475,88,2,5,242,254
230318.3251335587,0.309,Comp0009,DNS0001,17,19285,53,2,2,73,66
230319.563771271,5.325,Comp0075,Web0006,6,51554,443,5,69,1021,5725
230320.04545834058,9.455,Comp0077,FS0003,6,48818,445,5,237,379,4379
230322.6783453894,17.167,Comp0038,FS0001,6,9606,445,19,201,2433,2366
230326.2216133347,0.92,Comp0024,DC0002,6,27632,88,5,11,335,890
230328.38554485558,1.327,Comp0008,FS0003,6,45148,445,18,182,2816,8206
230341.17300676546,0.023,Comp0078,DNS0001,17,41693,53,2,3,68,233
230351.00683389755,3.202,Comp0014,Web0005,6,14990,443,11,47,681,20785
230356.88225568394,0.056,Comp0008,DNS0002,17,40980,53,2,3,58,222
230363.5757105766,0.1,Comp0077,DNS0002,17,42033,53,4,2,85,170
230366.50421791605,8.968,Comp0020,FS0002,6,37683,445,8,41,3956,9496
230373.18992928677,12.818,Comp0074,FS0002,6,41350,445,48,54,478,13052
230380.38478671262,15.068,Comp0034,DC0002,6,61864,445,78,79,1234,7380
230383.30457207942,5.239,Comp0016,Web0005,6,56068,443,22,61,1491,2280
230383.6327231631,0.229,Comp0037,DNS0002,17,36212,53,2,3,88,138
230398.30396476222,3.101,Comp0019,DC0002,6,61915,88,10,10,581,1013
230412.01758905238,1.714,Comp0070,DC0002,6,16116,88,4,5,602,875
230413.6762167665,0.593,Comp0080,DNS0001,17,48338,53,3,2,63,143
230417.60762100958,0.634,Comp0010,Mail0002,6,40386,993,3,16,266,572
230421.89157983538,0.462,Comp0075,Proxy0002,6,62908,3128,15,68,330,2510
230422.78415422543,0.149,Comp0008,Web0006,6,3198,80,16,20,286,17282
230430.4886679699,0.095,Comp0037,DNS0002,17,42294,53,2,2,65,200
230434.7251654056,2.001,Comp0077,Web0005,6,53795,443,6,134,505,16098
230436.84648007757,0.032,Comp0035,Mail0002,6,26804,993,5,11,124,420
230453.2215401455,4.038,Comp0014,Web0003,6,39657,443,5,32,1736,1263
230458.27832967672,0.772,Comp0036,Web0003,6,54499,80,9,22,1106,900
230464.68655875805,0.154,Comp0076,DNS0002,17,6292,53,2,3,48,140
230470.58552570583,7.895,Comp0009,Web0004,6,40294,80,14,24,3012,1896
230474.7281174806,2.231,Comp0049,Proxy0002,6,26640,3128,10,16,131,12958
230475.50987421488,2.739,Comp0023,Mail0001,6,9244,993,5,8,957,891
230476.38331503043,0.721,Comp0007,Proxy0001,6,30685,3128,7,34,958,2953
230486.203360543,0.281,Comp0035,DNS0001,17,13585,53,3,2,44,98
230487.50905224463,11.8,Comp0018,Proxy0001,6,47377,3128,26,255,2888,1282
230491.78898370845,0.462,Comp0041,Proxy0001,6,17279,3128,3,44,163,12875
230506.19399214545,0.236,Comp0001,DNS0001,17,24467,53,2,2,71,369
230516.2642656732,3.109,Comp0060,FS0003,6,12692,445,9,65,917,7068
230520.46837616424,1.729,Comp0066,Proxy0002,6,2579,3128,5,14,373,12935
230529.0426885711,1.857,Comp0038,Web0005,6,40380,443,15,19,1568,2354
230532.85115275817,0.565,Comp0059,DNS0001,17,62539,53,2,2,95,96
230538.18988862063,0.072,Comp0074,DNS0001,17,50964,53,3,3,54,407
230570.52746648245,1.385,Comp0040,Mail0002,6,20965,993,4,17,142,731
230572.63241376926,0.473,Comp0072,DNS0001,17,18691,53,2,3,90,163
230582.64737338517,0.318,Comp0044,DNS0002,17,22895,53,3,4,47,312
230595.30631667675,2.247,Comp0071,Mail0001,6,34743,587,8,6,954,459
230596.1602605207,7.174,Comp0047,Mail0001,6,56065,993,19,10,1591,226
230598.5113311744,1.127,Comp0034,DC0001,6,45827,389,4,10,280,332
230600.23032666947,0.264,Comp0039,DNS0001,17,8228,53,2,2,91,315
230602.70471844348,2.239,Comp0036,DC0001,6,47066,389,9,4,505,476
230605.0448519717,1.417,Comp0051,Mail0002,6,3851,587,4,11,870,1319
230605.11116037032,4.815,Comp0028,FS0002,6,9764,445,23,116,1388,14739
230608.9520899951,11.243,Comp0032,Web0002,6,20812,443,6,98,873,11797
230615.26211678018,2.051,Comp0016,Web0003,6,63019,443,10,66,283,9783
230622.57128474792,0.057,Comp0007,DNS0001,17,37412,53,2,3,117,61
230623.3255795826,0.166,Comp0054,DNS0001,17,46681,53,2,3,38,71
230640.66025968367,0.215,Comp0014,DNS0002,17,24781,53,2,3,97,266
230647.87359573407,0.083,Comp0042,DNS0001,17,30157,53,2,3,66,292
230658.126544286,10.112,Comp0055,Proxy0001,6,2610,3128,7,121,257,1389
230659.85036799434,0.118,Comp0077,Proxy0001,6,60928,3128,6,27,674,2347
230677.9386803342,0.621,Comp0035,DC0001,6,11856,88,7,9,686,265
230677.9577972527,1.926,Comp0045,Web0001,6,3874,443,8,49,329,78570
230680.0084906502,28.724,Web0005,DB0003,6,50544,3306,52,146,2983,3147
230682.50235751038,7.362,Comp0024,Web0003,6,39394,80,23,71,972,346
230683.77299727226,1.967,Comp0079,Web0005,6,19995,80,8,15,2909,32740
230708.68470063026,0.045,Comp0006,Comp0017,6,36496,135,5,3,376,80
230709.01942447544,6.975,Comp0032,DC0001,6,36996,445,15,254,1522,18464
230714.16940306895,1.824,Comp0080,DC0001,6,25328,88,6,6,351,212
230715.16062106323,0.521,Comp0022,Mail0001,6,55839,993,7,6,1766,1283
230717.99613549653,0.03,Comp0073,DNS0001,17,25567,53,2,2,43,85
230718.1327075993,5.422,Comp0021,Web0003,6,26706,80,8,54,807,2993
230725.9401851062,1.816,Comp0076,Web0004,6,13976,443,11,18,622,2787
230727.20076714669,0.256,Comp0059,DNS0002,17,55151,53,2,3,53,144
230732.21496752196,14.302,Comp0039,Web0004,6,32115,80,9,79,1307,5137
230734.50846215355,5.041,Comp0017,Web0003,6,29267,443,23,124,2851,16840
230737.68307010815,0.021,Comp0029,DNS0001,17,60900,53,2,2,33,121
230743.83599728715,5.938,Comp0010,Web0001,6,37451,80,8,7,426,6261
230748.39350804657,0.032,Comp0080,DNS0001,17,46321,53,2,3,51,168
230755.1908820619,0.053,Comp0006,DNS0001,17,48760,53,2,2,23,122
230759.724985585,6.48,Comp0015,Web0004,6,45792,443,46,25,297,2509
230769.32065017434,1.39,Comp0040,DC0002,6,32671,88,8,5,1402,363
230769.9804202773,4.712,Comp0016,Mail0001,6,15482,993,3,14,1022,1083
230783.33200021254,0.16,Comp0040,DNS0002,17,17940,53,3,3,78,171
230786.16718489054,2.815,Comp0052,Proxy0002,6,12743,3128,11,13,691,6032
230788.83071051782,17.611,Web0001,DB0001,6,15198,3306,16,121,3523,3890
230800.10737309212,12.978,Comp0074,Web0005,6,8944,443,3,58,130,2565
230800.30687792267,0.148,Comp0073,DNS0002,17,62521,53,2,3,61,153
230807.82385682812,8.516,Comp0015,FS0001,6,7322,445,14,131,7636,95428
230816.85713000823,5.91,Comp0063,Web0006,6,1693,443,5,28,578,15316
230822.04881454815,1.345,Comp0026,Web0002,6,61513,80,2,35,437,2125
230824.68526495676,17.685,Web0004,DB0004,6,45658,3306,5,31,12208,12949
230824.7844665334,3.282,Comp0037,Web0004,6,13853,80,8,20,1098,2066
230830.71320903572,1.657,Comp0015,Proxy0002,6,20480,3128,11,15,389,8929
230841.90564340548,5.203,Comp0004,Web0002,6,22672,443,7,80,1246,5633
230845.68362007744,0.083,Comp0069,DNS0001,17,55032,53,3,4,53,121
230848.13423355698,0.503,Comp0001,DNS0001,17,49529,53,2,3,39,183
230851.63717239225,2.667,Comp0045,Web0006,6,11043,443,17,66,1961,3252
230863.64582273387,0.024,Comp0059,DNS0002,17,12569,53,2,3,62,151
230882.2520105686,4.843,Comp0064,Web0004,6,45180,443,21,68,1113,29861
230884.56998546174,9.732,Comp0025,Web0005,6,14024,443,5,8,2333,99203
230885.06291695556,1.882,Comp0048,DC0001,6,56599,88,3,9,524,2268
230888.74750656675,0.139,Comp0009,DNS0001,17,28122,53,2,4,54,154
230890.39182594593,0.371,Comp0036,DNS0002,17,19544,53,2,2,53,222
230891.84449955626,7.491,Comp0058,FS0001,6,47607,445,46,74,3217,1473
230892.6300921801,0.428,Comp0022,DNS0001,17,24090,53,2,2,135,186
230892.92233861674,1.248,Proxy0002,Ext0019,6,3771,443,15,31,601,3716
230903.57061248372,13.292,Comp0059,Web0002,6,2126,80,6,9,918,9117
230904.3190288181,2.77,Comp0071,Proxy0001,6,13498,3128,13,50,179,12693
230912.15000490987,8.388,Comp0012,Web0001,6,63855,443,9,141,6470,12976
230914.29571195217,0.692,Comp0007,DC0002,6,56544,389,13,4,558,485
230922.4517775807,0.258,Comp0012,DNS0002,17,13043,53,3,2,83,170
230923.8213008321,0.281,Comp0015,DNS0001,17,22101,53,2,2,60,68
230933.0403089764,0.366,Comp0069,Web0001,6,28743,443,5,41,86,3023
230941.59201199992,0.016,Comp0010,Web0005,6,47810,443,7,74,800,31722
230944.2999703242,3.605,Comp0012,Web0006,6,31003,80,8,79,737,1031
230944.4508065498,5.261,Comp0023,Mail0001,6,54999,993,7,4,333,337
230950.2457787367,0.11,Comp0050,Mail0001,6,36857,587,4,4,923,255
230953.97734444868,1.142,Comp0050,FS0003,6,58734,445,8,381,1303,11374
230961.40570561454,0.469,Comp0031,Web0005,6,6155,443,15,20,334,7916
230976.25131402336,4.211,Comp0041,Proxy0002,6,13455,3128,18,6,199,9503
230993.75423527864,5.264,Comp0020,DC0001,6,20812,445,101,73,1450,33900
230996.44092454226,5.209,Comp0014,FS0001,6,5762,445,17,112,2908,19519
231008.3113597253,9.181,Comp0066,FS0001,6,21262,445,53,37,3271,4885
231020.49699018514,0.058,DB0003,DNS0002,17,26590,53,3,2,82,195
231026.99174965976,1.133,Comp0006,Comp0023,6,12145,22,3,14,403,56
231033.86745750805,1.005,Comp0067,Web0003,6,35696,443,4,15,467,36513
231044.9875962998,0.055,Comp0028,DNS0002,17,19230,53,2,2,52,82
231045.25409984167,0.281,Comp0011,DC0002,6,1152,88,6,7,106,311
231055.2168471554,2.416,Comp0070,FS0003,6,9739,445,26,47,394,2774
231057.86371930284,2.531,Comp0006,Comp0012,6,1590,3389,11,6,2750,23
231060.58962697603,15.042,Comp0013,DC0001,6,48435,445,103,65,939,2821
231068.02016048794,0.064,Comp0010,DNS0002,17,24423,53,3,2,80,292
231083.31442860386,0.448,Comp0013,DNS0001,17,28879,53,2,3,65,68
231086.13107236044,11.605,Comp0009,DC0001,6,59914,445,21,678,1098,8860
231092.07986557443,2.685,Comp0023,Mail0002,6,29369,587,4,8,237,269
231092.4723130731,2.405,Comp0019,Web0003,6,34070,80,9,58,588,24309
231105.52973009515,22.844,Comp0071,FS0003,6,7106,445,13,39,355,70253
231111.355730395,4.911,Comp0071,FS0001,6,36012,445,18,61,3555,9068
231112.65363215774,3.018,Comp0039,Web0004,6,12920,443,9,35,746,12541
231118.18491328755,0.017,Comp0078,DNS0002,17,56414,53,3,3,49,111
231136.78079817252,1.657,Web0002,DB0003,6,9030,3306,12,32,841,28163
231138.08332889978,0.828,Comp0047,Web0003,6,50369,80,14,24,1217,4542
231149.73323288985,0.303,Comp0042,Web0001,6,6381,80,16,60,1480,618
231167.39460717328,0.648,Comp0037,Web0002,6,26865,80,3,8,2214,1420
231184.51235681344,15.375,Comp0003,Web0001,6,57406,443,8,38,352,27981
231200.52696100157,0.757,Comp0056,Web0003,6,33376,443,10,225,2158,1673
231204.2329255229,5.086,Comp0022,Web0002,6,12430,443,8,56,281,3272
231223.98850879504,0.354,Comp0073,Web0001,6,58430,80,37,31,829,7898
231232.7523695143,0.758,Comp0047,DNS0001,17,57078,53,2,2,50,293
231240.83504326476,7.789,Comp0025,Web0005,6,39362,80,15,22,172,14612
231244.37942999264,3.166,Comp0078,Web0001,6,19185,443,27,107,2175,2374
231255.9869547401,0.089,Comp0028,DC0001,6,21100,88,3,7,649,351
231262.9832947119,3.073,Comp0056,Web0004,6,23676,443,10,34,395,8150
231263.2288570176,16.526,Comp0079,FS0002,6,30640,445,17,125,3195,2227
231265.63646343155,16.8,Comp0080,FS0001,6,18776,445,53,34,2640,39536
231267.4764356385,0.799,Comp0066,Proxy0002,6,28071,3128,6,132,476,107587
231269.56811124296,0.138,Comp0014,Mail0002,6,21541,587,9,10,135,218
231276.36410092062,15.241,Comp0025,Web0002,6,48711,443,9,32,3200,3429
231284.44855001796,2.818,Proxy0001,Ext0012,6,3578,443,5,63,1147,4248
231289.90320231032,1.279,Comp0040,DC0001,6,23918,88,5,3,695,4223
231293.1616727413,0.156,Comp0057,DNS0001,17,51954,53,2,2,33,107
231295.71857485865,0.418,Mail0001,Ext0004,6,48214,25,4,5,1488,7005
231296.57397725858,0.835,Comp0046,DC0001,6,45570,88,6,7,946,513
231297.18388104823,0.458,Comp0014,Proxy0001,6,3608,3128,14,122,124,9346
231312.7243815309,0.092,Comp0074,DNS0001,17,21469,53,2,3,45,162
231341.48653566962,0.957,Comp0030,Web0006,6,22822,80,9,58,574,1700
231342.42662603,0.791,Comp0031,DC0001,6,18790,445,31,83,1534,4533
231343.5946048352,0.031,Comp0001,DNS0002,17,38681,53,2,3,86,301
231352.26855375787,0.159,Comp0046,DNS0001,17,51919,53,2,2,35,114
231362.011500664,0.304,Comp0063,DNS0001,17,20154,53,2,2,44,97
231373.8211255406,2.157,Comp0064,DC0002,6,63425,88,8,4,567,506
231385.30186189205,1.978,Comp0078,Web0006,6,7845,443,10,16,509,16745
231396.98459849932,7.363,Comp0072,Proxy0001,6,31795,3128,13,18,330,8828
231398.18385913834,0.603,Comp0041,DNS0002,17,27076,53,3,2,140,114
231402.78758140156,0.058,Comp0078,DNS0001,17,29867,53,2,3,46,233
231404.78026572271,0.654,Comp0078,Proxy0002,6,28988,3128,8,56,470,97586
231414.43928847127,0.057,Comp0078,DNS0001,17,61118,53,2,5,76,206
231442.35389995854,1.112,Web0001,DB0001,6,44255,3306,31,86,112,22868
231454.4657655948,0.222,Comp0002,DNS0001,17,16107,53,3,3,91,92
231455.6482347357,12.7,Comp0044,Proxy0002,6,36272,3128,3,9,542,5565
231466.2863383874,0.409,Comp0033,Web0006,6,6168,80,10,97,1751,24458
231471.28558051935,0.136,Comp0068,DNS0001,17,16011,53,2,2,40,201
231472.20048273957,0.036,Comp0063,DNS0002,17,3323,53,2,3,72,209
231472.5533417095,1.197,Comp0078,Web0002,6,45845,80,5,28,10276,5345
231480.29193184862,0.839,Comp0065,DNS0001,17,32618,53,2,3,77,286
231483.57812366897,1.589,Comp0034,Web0004,6,54344,443,8,36,365,8720
231484.0919579178,3.748,Comp0068,Mail0001,6,39938,587,4,9,235,835
231485.17211513,0.025,Comp0043,Web0003,6,28762,443,5,46,723,1681
231486.24641972248,0.859,Comp0007,Proxy0001,6,21051,3128,3,76,333,1728
231497.60082408413,3.165,Comp0024,Proxy0002,6,5763,3128,4,437,2210,14750
231507.71344015445,0.004,Comp0037,DNS0002,17,45114,53,2,3,52,171
231511.81919878072,7.178,Comp0059,Proxy0002,6,55736,3128,12,26,74,581
231512.7201406953,4.652,Comp0076,Proxy0001,6,55719,3128,15,17,1117,5016
231515.89152016208,0.318,Comp0045,Web0002,6,49907,80,8,62,1051,2878
231521.76771317996,0.2,Comp0005,Mail0001,6,55832,587,4,9,418,271
231533.83300831701,0.504,Comp0010,DNS0002,17,42331,53,2,3,74,188
231542.40930262557,0.095,Comp0027,DNS0001,17,65485,53,2,3,71,202
231546.11013241482,4.857,Comp0037,FS0003,6,3023,445,13,79,8537,8659
231556.83797507873,0.684,Comp0076,Web0006,6,25002,80,13,11,1010,44575
231557.99282632567,1.105,Comp0014,DC0002,6,34674,389,4,6,228,1766
231560.356241291,17.323,Comp0011,FS0001,6,54607,445,16,134,333,15018
231568.28407478475,0.3,Comp0047,DNS0001,17,63429,53,2,3,157,163
231591.30399863014,0.026,Comp0010,DNS0001,17,64446,53,2,3,62,128
231595.78152842715,0.574,Comp0019,Mail0002,6,51914,587,11,4,557,1445
231616.9796827306,1.378,Comp0055,Web0006,6,14733,80,6,27,453,10474
231622.00848760013,7.928,Comp0015,Web0005,6,55343,80,11,129,1818,1879
231624.38441567795,0.258,Comp0047,DNS0001,17,21070,53,2,3,59,122
231630.97395424717,0.216,Comp0001,DNS0002,17,24129,53,2,3,47,263
231631.8895639627,12.63,Comp0045,FS0002,6,25570,445,59,453,4060,223190
231643.5793426724,1.134,Comp0078,Web0002,6,40692,443,4,126,1106,1424
231656.39697363568,11.289,Comp0054,Proxy0001,6,61591,3128,14,10,140,11384
231662.3487156409,6.218,Comp0059,Web0006,6,37515,443,9,70,377,7726
231671.56597353955,1.342,Comp0014,Web0006,6,65355,443,6,14,2820,12216
231684.6252401974,6.257,Comp0007,Web0006,6,29490,443,5,40,3761,38627
231692.72914167785,2.352,Comp0049,Web0002,6,11588,443,12,10,1393,46398
231704.96844315555,0.188,Comp0022,DNS0001,17,65220,53,2,2,55,331
231714.8012021812,0.116,Comp0030,DNS0002,17,11134,53,3,2,54,67
231721.33631371218,12.559,Comp0033,FS0002,6,11644,445,19,48,3048,11545
231731.75797171055,0.391,Comp0061,Web0004,6,7945,443,16,28,170,13064
231731.87883571495,0.401,Comp0002,Mail0001,6,7518,587,12,20,920,1227
231750.02082366205,3.479,Comp0056,Web0005,6,35162,443,7,22,658,66842
231756.15675023437,9.284,Comp0080,DC0001,6,42375,389,2,4,328,524
231763.48391957587,23.279,Web0003,DB0004,6,18569,3306,38,84,2490,1547
231765.02394943524,0.087,Comp0001,DNS0001,17,12303,53,3,3,50,92
231776.61436117213,1.536,Comp0013,Web0001,6,51564,80,17,38,1759,6526
231777.97435547717,0.001,Comp0023,DNS0001,17,46621,53,2,2,99,57
231790.81697047537,5.698,Comp0010,Comp0011,6,5283,3389,3,6,733,169
231791.38330020063,0.911,Comp0051,Web0002,6,14423,443,3,44,1061,1449
231793.52656331717,1.297,Comp0017,DC0001,6,20692,88,7,8,400,987
231801.15428801818,2.239,Comp0033,Proxy0001,6,15894,3128,5,29,2065,12903
231804.15023736015,0.119,Comp0050,DNS0002,17,57322,53,3,2,61,214
231805.59723663068,3.093,Comp0014,DC0001,6,37730,445,25,176,3305,1167
231808.3885124427,0.583,Comp0073,Proxy0002,6,11431,3128,14,13,1567,27193
231812.66608255313,2.585,Comp0020,Web0006,6,9038,443,6,164,824,27757
231814.84517188167,15.956,Comp0037,FS0002,6,29191,445,20,61,1727,12218
231815.00225910015,18.346,Comp0080,Proxy0002,6,39530,3128,10,43,3350,1143
231831.62630761886,0.771,Comp0051,DNS0001,17,56048,53,2,3,61,115
231840.86211934182,0.236,Comp0049,DNS0002,17,37437,53,2,2,19,112
231840.93963682023,0.518,Comp0001,Web0001,6,20958,443,16,8,315,30861
231860.02381973708,8.952,Comp0070,Mail0002,6,56422,587,11,2,323,643
231864.55993203196,5.069,Comp0078,Proxy0001,6,10195,3128,12,55,530,17043
231879.28917373923,0.308,Comp0046,Web0002,6,47047,80,6,11,194,21727
231883.70776681602,3.292,Comp0062,Web0005,6,43196,443,6,61,3331,14755
231891.66237193544,2.151,Comp0016,FS0003,6,51984,445,18,24,3928,2114
231895.8312755817,2.225,Proxy0001,Ext0037,6,6978,80,2,13,211,7248
231898.19564285586,0.084,Comp0024,DC0001,6,39905,445,23,139,357,20529
231920.16352932894,0.156,Comp0051,DNS0002,17,1599,53,2,3,57,127
231921.2894986557,1.154,Comp0028,DNS0002,17,28313,53,4,2,84,122
231923.126249572,4.126,Comp0059,Comp0011,6,27630,3389,6,4,655,251
231926.24979231658,0.805,Comp0004,Proxy0001,6,23725,3128,4,85,2043,9956
231937.37418745714,17.279,Comp0029,DC0001,6,24323,445,12,144,3738,70885
231947.7117229281,1.893,Comp0077,DC0001,6,17942,389,8,6,285,157
231948.18748716454,2.367,Comp0031,Mail0001,6,42734,993,9,6,332,779
231957.22081098962,24.295,Comp0048,DC0001,6,64281,445,16,12,2054,3162
231960.10193386264,0.218,Comp0052,DNS0002,17,13776,53,2,3,57,114
231977.3945143262,2.846,Comp0047,Proxy0001,6,48532,3128,23,66,875,859
231984.35016514678,3.744,Comp0024,Mail0001,6,64370,993,4,9,189,1495
231988.90195168517,2.902,Comp0067,DC0001,6,45301,88,4,13,251,1161
231994.48830170278,0.295,Proxy0001,Ext0001,6,27065,443,6,461,3768,6090
231999.13826253003,4.323,Comp0046,DC0002,6,42891,445,20,469,3567,12646
232003.62094438632,0.421,Comp0007,Proxy0001,6,63280,3128,2,32,210,9076
232003.76398723363,1.464,Comp0010,DC0002,6,28189,389,5,7,174,373
232007.62738524345,10.4,Comp0030,Proxy0001,6,24542,3128,7,15,552,5241
232024.33645324747,0.058,Comp0069,Proxy0002,6,17351,3128,7,51,592,3440
232024.8430729971,0.398,Comp0043,Web0004,6,60270,80,13,36,638,13975
232033.58480083267,0.461,Comp0013,Web0005,6,27533,443,10,47,289,14914
232046.91259606864,2.102,Comp0025,FS0001,6,56495,445,54,125,1879,2802
232085.72155975716,2.857,Comp0080,Mail0002,6,35004,993,3,18,939,69
232121.2497955562,33.264,Comp0008,FS0002,6,8334,445,49,28,1838,18054
232131.70640329743,7.547,Comp0004,Proxy0002,6,25279,3128,4,34,4347,14874
232141.81228571152,9.145,Comp0030,Web0006,6,38540,80,9,176,112,12326
232146.7287890535,0.139,Comp0022,Web0006,6,46879,443,5,21,1046,32909
232173.49184041368,0.301,Comp0046,DC0001,6,53634,389,4,2,341,280
232201.0707632026,0.506,Comp0018,Web0004,6,54274,443,29,44,423,2676
232201.08039357085,0.041,Comp0071,DNS0002,17,56961,53,2,2,40,194
232202.63610414407,2.833,Comp0078,FS0001,6,8074,445,72,104,525,5704
232232.4979710108,0.081,Comp0036,DNS0001,17,27731,53,2,2,46,61
232239.18921567826,0.372,Comp0062,Web0004,6,6462,443,16,74,2949,20326
232242.22541794748,0.021,Comp0048,DNS0001,17,51920,53,3,2,115,90
232244.3205569099,0.023,Comp0007,DNS0002,17,55955,53,2,4,43,177
232249.445617327,2.326,Proxy0001,Ext0030,6,64502,443,5,33,262,38885
232252.1529690618,19.018,Comp0051,FS0002,6,29870,445,13,47,2121,48381
232276.14132308564,2.043,Comp0006,DNS0002,6,1054,135,15,27,45,13
232277.93923317402,6.103,Proxy0002,Ext0029,6,32812,443,15,34,325,4731
232282.91923029945,3.785,Comp0004,Mail0002,6,61467,993,4,7,669,790
232288.95693188097,0.756,Comp0057,FS0001,6,35713,445,39,83,168,5317
232290.59586500705,0.452,Comp0064,Web0005,6,47316,80,13,157,912,4156
232293.6542062937,0.727,Comp0038,Proxy0001,6,53951,3128,10,47,522,1614
232294.38427983804,2.873,Comp0003,Web0005,6,17242,443,7,48,550,3935
232302.04464329875,0.424,Comp0042,DNS0001,17,41057,53,2,2,69,147
232304.12402175955,0.298,Comp0079,Web0006,6,52304,443,6,121,957,9201
232304.7968110875,0.009,Comp0079,DNS0002,17,38892,53,3,3,139,77
232304.79803773126,1.022,Comp0033,DNS0001,17,53470,53,3,4,37,176
232321.72383029686,0.445,Comp0007,DC0002,6,15452,88,2,10,782,458
232322.90103056154,0.104,Comp0015,DNS0001,17,21865,53,3,3,81,82
232334.31753098717,11.311,Comp0075,Proxy0001,6,37438,3128,8,116,414,8458
232349.59320579833,9.424,Comp0043,Proxy0002,6,35112,3128,7,73,329,2049
232352.67915882214,5.449,Comp0061,FS0002,6,63772,445,22,76,700,7472
232353.45415442044,3.305,Comp0066,Web0005,6,30621,443,9,75,140,4314
232364.50025276543,1.139,Proxy0002,Ext0007,6,51068,80,5,72,824,3753
232382.37341751004,2.774,Comp0006,Web0004,6,23370,22,12,21,403,24
232396.19525702327,0.531,Comp0027,Web0006,6,3408,443,16,71,343,25868
232396.9458968377,0.044,Web0004,DNS0002,17,28584,53,2,2,142,103
232398.8340158232,0.166,Comp0040,DNS0002,17,23687,53,3,3,88,240
232410.83696390496,7.942,Comp0001,DC0002,6,43595,445,11,128,13659,4567
232411.24889458128,6.945,Proxy0001,Ext0038,6,61733,443,12,37,268,26712
232457.59686079726,0.95,Comp0021,DC0002,6,16139,88,7,7,305,2088
232488.74424044025,0.289,Comp0034,DNS0001,17,37516,53,2,3,47,182
232500.6174589203,2.044,Proxy0002,Ext0000,6,23180,80,3,15,517,1517
232515.47594042533,11.356,Web0002,DB0003,6,20146,3306,72,16,591,2089
232531.57389491494,0.02,Comp0075,DNS0001,17,17873,53,2,4,103,85
232542.30879724753,0.344,Comp0070,Mail0002,6,1833,587,6,15,249,307
232549.49705592965,1.97,Comp0063,DC0002,6,13053,445,8,48,2914,61286
232570.61834031882,4.889,Comp0002,Web0002,6,42225,80,17,85,1379,3417
232577.94255950607,13.355,Comp0002,Web0001,6,57503,443,17,53,707,53439
232586.38330580416,1.654,Comp0053,Proxy0001,6,26426,3128,9,27,325,27224
232587.14334400473,1.576,Comp0038,Web0001,6,25066,443,6,96,1387,34885
232619.70658885041,5.173,Comp0043,Web0003,6,39890,80,7,49,268,5798
232625.35393780694,1.827,Mail0001,Ext0026,6,39717,25,4,8,361,5458
232628.1132315122,8.94,Comp0022,FS0002,6,15154,445,48,380,716,4733
232631.20626992892,0.245,Comp0079,DNS0001,17,57699,53,2,3,96,325
232634.03748622286,6.855,Comp0050,FS0002,6,14841,445,29,31,1188,27287
232635.04632430465,12.645,Comp0044,Proxy0001,6,64631,3128,9,49,4164,5765
232640.14993142808,0.154,Comp0060,DNS0001,17,58960,53,3,3,55,405
232645.41834222508,2.93,Proxy0001,Ext0003,6,46885,443,5,22,122,15481
232648.84495660826,4.387,Comp0047,Web0005,6,20817,443,4,176,2564,4248
232660.77584429068,0.149,Comp0074,DNS0001,17,56754,53,2,2,55,102
232667.142087124,38.631,Web0004,DB0002,6,6766,5432,11,46,1689,6197
232669.22937673473,0.079,Comp0039,DNS0002,17,47173,53,3,3,25,227
232670.9266560424,3.682,Comp0016,Web0003,6,56576,443,7,129,478,35608
232672.1076762147,13.677,Comp0036,Proxy0002,6,2671,3128,16,149,566,2585
232673.7739502003,15.083,Comp0038,Web0004,6,9260,443,35,22,3343,2070
232677.41614801597,0.021,Comp0014,DNS0001,17,35586,53,2,3,131,116
232680.32075640137,0.492,Web0006,DNS0002,17,25989,53,3,2,93,74
232680.9591173102,0.24,Comp0061,DNS0001,17,58917,53,3,2,94,64
232687.1276084393,0.684,Comp0043,Proxy0001,6,35003,3128,10,82,769,42163
232695.89789903088,9.962,Comp0055,Web0006,6,62736,443,6,49,1478,7332
232703.2561682727,1.807,Comp0042,Proxy0002,6,54955,3128,7,6,953,5927
232707.66245352026,0.095,Comp0001,DNS0001,17,20043,53,2,3,34,44
232708.2378822469,0.275,Comp0070,DNS0001,17,46338,53,2,3,80,136
232714.07154984112,4.962,Comp0002,Mail0001,6,50109,993,2,7,229,1770
232715.2707429574,0.074,Web0003,DNS0002,17,44434,53,2,2,37,344
232725.31713692317,14.152,Comp0038,DC0002,6,32528,445,7,220,1990,14057
232746.4982396787,2.551,Comp0014,DC0001,6,18946,88,4,3,155,279
232746.6986787076,32.516,Comp0050,FS0003,6,14047,445,26,464,2913,2562
232747.6498819458,30.861,Comp0080,FS0002,6,55426,445,26,58,1719,2608
232748.10450214052,18.315,Comp0037,Web0002,6,6305,443,5,24,389,1986
232782.933456679,13.62,Comp0006,Web0002,6,26393,80,24,16,291,3691
232786.0603817426,0.351,Comp0005,DNS0002,17,50928,53,2,3,63,63
232796.07577717004,0.396,Comp0052,DNS0001,17,9119,53,2,4,102,136
232800.95751091177,9.484,Comp0037,FS0003,6,65009,445,13,296,1346,8488
232803.14773842823,8.995,Comp0052,Web0003,6,53037,443,9,16,244,13430
232825.1940740955,0.119,Comp0057,DC0002,6,35880,389,5,31,516,266
232837.60132912348,0.572,Comp0047,DNS0002,17,13950,53,3,2,88,251
232841.75851579144,0.626,Comp0026,Proxy0001,6,56953,3128,4,55,1921,10798
232855.48330353835,18.157,Comp0068,DC0001,6,51680,445,23,134,5193,4644
232865.93061163163,3.082,Comp0017,Web0006,6,16188,443,4,17,512,8131
232866.1844465049,7.334,Comp0034,Proxy0001,6,17166,3128,13,47,969,3685
232883.10568867807,0.366,Comp0044,DNS0002,17,47528,53,2,3,101,78
232890.07268737387,2.367,Comp0037,Web0001,6,43950,443,5,44,823,7934
232904.63593989183,6.822,Comp0048,Web0001,6,5387,80,4,71,1935,1616
232904.65724986978,0.099,Comp0009,DNS0001,17,11941,53,2,2,76,161
232905.90381084403,0.543,Comp0012,Web0002,6,57479,80,5,17,482,32517
232907.4599305689,11.452,Comp0030,Web0003,6,19292,443,13,46,634,9883
232929.30482787493,4.373,Comp0044,DC0002,6,59625,88,6,14,1276,2596
232931.20164960087,1.399,Proxy0002,Ext0036,6,13074,443,10,40,448,6384
232932.73431595374,8.925,Comp0035,Web0006,6,11306,443,7,47,455,31815
232935.5599033729,0.033,Comp0051,DNS0002,17,11076,53,2,2,45,229
232952.17007233622,9.203,Comp0055,Web0005,6,49337,443,11,99,510,9460
232970.17295040662,0.56,Comp0022,FS0001,6,9685,445,21,25,6230,1793
232973.80438767982,15.117,Comp0038,DC0002,6,42144,445,31,97,809,56678
232977.85048344434,6.021,Comp0018,DC0002,6,36363,88,8,3,249,577
232980.135112871,0.123,Comp0072,DNS0001,17,36946,53,2,2,41,126
232981.62286725943,2.249,Comp0035,Web0005,6,43512,443,21,32,1405,8661
232985.19920049896,1.862,Comp0007,FS0001,6,5068,445,12,38,2025,4173
232997.91121096906,0.082,Comp0070,DNS0001,17,50994,53,3,3,63,169
233012.7167623852,10.932,Web0005,DB0002,6,12149,3306,40,43,1039,89472
233024.0554403248,1.721,Comp0011,Proxy0002,6,51165,3128,15,37,1413,2461
233026.50461178302,0.141,Comp0060,DNS0001,17,55472,53,4,2,70,127
233033.6210132572,3.92,Proxy0002,Ext0038,6,12105,443,19,59,219,260
233048.62480509933,16.922,Comp0047,FS0001,6,47206,445,6,33,1654,9972
233070.4893308602,3.423,Comp0051,Mail0002,6,58352,993,5,4,189,1426
233077.57110187458,12.941,Comp0002,Proxy0001,6,2052,3128,7,74,844,3824
233080.58028105492,0.063,Comp0039,Comp0011,6,59851,3389,4,14,171,916
233087.545890844,7.673,Comp0028,DC0002,6,38860,88,7,12,189,735
233093.29001019598,1.429,Proxy0002,Ext0022,6,36916,443,14,46,488,7568
233095.94462853117,0.814,Comp0063,DNS0002,17,23789,53,2,2,52,113
233097.2547529842,10.313,Comp0002,Web0006,6,22247,443,3,52,1557,2898
233103.47450816433,11.783,Comp0043,Proxy0002,6,30128,3128,18,47,556,24366
233112.9369691076,19.347,Comp0036,Web0002,6,57419,80,11,41,152,26387
233151.02876452613,0.016,Comp0039,DNS0002,17,5693,53,2,3,54,214
233152.02348150365,0.214,Comp0002,DNS0001,17,45203,53,3,4,77,236
233153.9726512978,24.174,Comp0010,DC0002,6,19506,445,29,40,1310,135244
233165.00338787248,25.461,Comp0015,FS0002,6,64463,445,38,164,861,9498
233187.7224720487,0.161,Comp0017,DNS0001,17,10448,53,2,3,78,159
233187.74092717876,4.366,Comp0078,Web0006,6,49033,443,18,12,520,4207
233196.66040059464,0.623,Comp0018,Mail0002,6,40180,993,4,3,825,1457
233210.35480953872,15.661,Web0006,DB0002,6,30576,3306,19,71,9752,16860
233214.40174032206,5.995,Comp0039,Web0002,6,64885,443,13,68,104,29008
233228.08454964505,0.672,Comp0036,DNS0002,17,23889,53,2,2,69,149
233234.35611968412,0.728,Comp0026,Web0002,6,8353,80,17,41,306,20310
233238.8756265715,22.975,Comp0024,DC0002,6,47332,445,3,28,689,7362
233244.36172724536,3.135,Comp0041,Web0001,6,32344,443,4,12,581,3258
233246.61609514535,0.018,Comp0048,DNS0002,17,45488,53,2,2,63,74
233251.54576919525,0.178,Comp0010,DNS0002,17,10955,53,3,2,48,70
233258.33365724908,0.221,Comp0018,DNS0002,17,65207,53,2,3,80,74
233263.86694965625,25.971,Comp0051,Web0006,6,55805,80,7,17,1688,11120
233265.85253464952,0.633,Comp0062,Web0001,6,35936,80,7,48,553,930
233274.72984928824,2.708,Comp0012,DC0001,6,15056,445,15,112,744,38027
233283.5536990595,14.07,Comp0061,Proxy0002,6,52139,3128,9,60,3466,1945
233301.41248337695,1.645,Comp0066,Web0006,6,62611,443,5,68,229,8832
233305.54801759377,4.037,Comp0017,DC0001,6,49150,88,4,6,410,2834
233309.65902633,9.536,Comp0068,DC0001,6,65487,88,7,4,515,1415
233310.6143215191,15.096,Comp0040,Web0002,6,61308,443,22,12,520,3643
233346.2272548515,0.981,Comp0077,Proxy0001,6,27766,3128,8,119,224,6037
233366.12551650713,0.1,Comp0068,DNS0001,17,18254,53,2,3,45,263
233366.1978796977,6.417,Comp0032,Web0005,6,59036,80,15,18,2575,46487
233366.2286853386,1.544,Comp0019,DC0001,6,26920,389,4,6,2419,1119
233366.936097852,0.764,Comp0024,Web0003,6,34771,443,19,48,186,3126
233372.052693519,8.541,Comp0042,Proxy0001,6,31791,3128,5,16,228,3426
233376.80240066588,1.598,Comp0059,Web0003,6,52556,443,20,49,3278,1440
233385.31580742815,0.265,Comp0059,DNS0001,17,39450,53,2,2,59,245
233385.87185946375,0.125,Comp0065,DNS0002,17,15019,53,2,2,116,231
233411.1860175324,0.03,Comp0036,DNS0002,17,57765,53,3,4,49,174
233411.1965887381,0.265,Web0004,DB0002,6,63056,3306,25,160,821,2257
233424.36159757685,36.656,Comp0046,FS0003,6,62169,445,12,8,3739,40362
233439.9199876537,40.661,Comp0072,DC0001,6,24382,445,18,46,7409,34846
233441.69210390805,3.905,Comp0078,Mail0002,6,17187,993,3,8,1133,692
233448.48583533306,0.835,Comp0041,DC0002,6,17476,445,32,147,1500,4708
233464.8463359669,1.211,Comp0027,Web0001,6,12886,80,15,7,938,1153
233470.2769160551,0.984,Comp0060,Mail0002,6,17911,993,6,6,629,278
233481.2098374582,0.121,Comp0060,DNS0002,17,7833,53,2,2,67,122
233482.49038380466,13.266,Comp0037,FS0001,6,19302,445,26,20,2058,3556
233482.85412734712,1.944,Comp0021,Proxy0001,6,63298,3128,9,82,512,2692
233484.17519899143,4.196,Comp0010,DC0002,6,26828,88,5,9,155,913
233499.6808239395,12.214,Comp0035,DC0001,6,33347,445,17,100,459,8283
233503.28036491043,0.562,Comp0073,Mail0001,6,11826,993,7,4,295,442
233504.79987004492,0.336,Comp0036,Mail0002,6,7454,993,17,12,297,1189
233516.1221794775,0.461,Comp0014,DNS0002,17,55037,53,2,2,139,103
233527.96518478167,2.341,Comp0073,DC0002,6,10940,389,3,5,303,304
233535.91130629287,1.203,Comp0006,FS0001,6,14189,445,20,133,4658,28576
233550.33598367154,10.309,Comp0080,Web0001,6,41899,443,14,102,1049,2075
233551.3089973217,0.085,Comp0066,DNS0002,17,3516,53,2,3,37,439
233558.1698244676,0.524,Proxy0002,Ext0013,6,65475,443,4,36,780,5136
233559.01756957287,7.798,Comp0019,Web0005,6,54543,443,6,96,415,7475
233566.95287872435,4.36,Comp0053,Web0005,6,51983,443,13,28,121,2755
233568.39591696858,0.09,Comp0045,DNS0002,17,45258,53,2,3,66,90
233571.5717844573,3.677,Comp0009,Proxy0002,6,32396,3128,8,69,320,5105
233572.35842485938,0.024,Comp0023,DNS0002,17,9302,53,2,3,71,290
233575.91533624567,6.589,Comp0039,Mail0001,6,58398,587,5,6,359,1414
233596.52023532195,1.258,Comp0006,Comp0062,6,9387,445,6,136,631,678
233596.5548787015,13.197,Comp0072,Web0006,6,55298,443,4,102,3098,1604
233598.22858167614,5.075,Comp0006,Comp0009,6,58748,135,7,43,112,51
233607.62070935924,19.409,Comp0075,FS0002,6,1780,445,38,170,1840,37474
233609.5136613671,0.033,Comp0014,Mail0002,6,47680,587,4,3,259,130
233613.88659733714,18.809,Comp0006,Proxy0002,6,47032,3128,7,126,360,17405
233615.25898015994,8.674,Comp0036,Proxy0002,6,58777,3128,8,31,2426,838
233624.48634662706,0.095,Comp0011,DNS0001,17,32649,53,2,2,43,162
233631.9408492391,6.998,Comp0028,Web0004,6,14843,80,35,56,519,6383
233634.1571907397,12.569,Comp0006,Web0002,6,43037,139,18,181,512,486
233635.88165624603,0.407,Comp0039,DNS0001,17,13365,53,2,2,52,181
233660.47615755536,13.988,Comp0068,Web0005,6,3119,80,3,30,576,3297
233668.11490124822,0.078,Comp0049,DNS0002,17,29438,53,3,2,63,152
233686.05272807673,0.04,Comp0071,Web0003,6,51086,80,10,22,376,2587
233687.40673100896,0.018,Comp0065,DNS0001,17,18294,53,2,2,65,88
233692.55323529028,45.624,Comp0063,FS0002,6,44864,445,12,67,3578,26701
233699.0130470266,9.103,Comp0053,Proxy0002,6,54393,3128,8,13,1890,3352
233713.7251697068,0.968,Comp0043,Web0004,6,25427,443,7,25,1929,509
233718.4190062752,41.2,Comp0028,FS0002,6,38532,445,12,15,178,25371
233718.91554048166,1.276,Comp0005,Web0004,6,50139,443,16,37,319,13627
233720.55347177936,7.778,Web0006,DB0001,6,51170,5432,12,161,716,1759
233720.83433465828,1.813,Comp0009,Web0003,6,3669,443,13,45,247,9220
233724.78903741436,0.255,Comp0031,FS0003,6,18404,445,20,143,516,33152
233726.43953489495,0.0,Comp0042,DNS0001,17,40838,53,3,4,38,125
233748.36661694857,6.257,Comp0031,FS0003,6,36760,445,15,53,4860,19224
233753.08994933486,0.206,Comp0079,Mail0002,6,61428,993,4,5,666,300
233761.7930914236,2.574,Comp0079,Proxy0001,6,7951,3128,4,31,597,7497
233779.4147091935,4.359,Comp0008,Mail0002,6,12911,993,9,10,204,812
233786.2488927283,0.235,Comp0061,DNS0001,17,17832,53,3,3,50,129
233786.41483785602,5.272,Comp0034,DC0001,6,50603,88,3,3,234,331
233817.20443048864,1.008,Comp0026,Web0003,6,3874,443,6,28,1627,5732
233820.0953833054,1.038,Comp0054,Comp0011,6,15921,3389,6,5,335,603
233821.53808832768,26.159,Comp0017,DC0001,6,63852,445,25,131,694,6642
233827.75104075027,10.05,Comp0009,Web0006,6,31811,443,11,29,609,28924
233827.8335318267,8.149,Comp0079,Web0001,6,13029,443,13,19,5749,40300
233835.50297566789,4.865,Comp0012,Proxy0002,6,17650,3128,9,32,416,3321
233837.42542096955,0.354,DB0002,DC0002,6,32008,389,2,14,139,719
233839.10758480197,3.955,Comp0066,DC0002,6,11253,389,4,6,455,196
233870.34516112044,2.544,Proxy0002,Ext0035,6,57980,80,6,31,2797,38786
233875.12218561684,0.062,Web0002,DNS0001,17,28579,53,2,3,52,140
233882.4250019381,0.244,Comp0003,Mail0001,6,11131,587,4,4,746,470
233886.82236843652,0.057,Comp0058,DNS0001,17,12571,53,3,2,51,166
233912.8879330545,5.553,Comp0047,Web0005,6,25616,443,6,59,882,11637
233919.71234577827,0.41,Comp0050,Mail0002,6,38986,587,4,6,471,1450
233920.57935406157,0.108,Comp0062,DNS0001,17,59851,53,2,2,35,107
233932.73206537272,8.366,Comp0002,FS0001,6,3972,445,7,522,4310,9232
233961.0220529762,13.337,Comp0063,Mail0001,6,31582,993,8,5,136,171
233963.24997808167,3.282,Comp0078,DC0001,6,1064,88,6,32,510,258
233989.92900843653,37.791,Web0006,DB0003,6,59425,3306,27,98,4416,7899
233991.58569269473,0.128,Comp0080,DNS0002,17,49499,53,3,2,69,87
234002.29760842113,0.25,Comp0049,DNS0001,17,47628,53,2,3,69,192
234003.5849125403,0.544,Comp0052,FS0001,6,48464,445,7,56,7185,23261
234009.1035564993,16.37,Comp0017,Web0006,6,2657,443,10,37,706,3160
234010.99869696135,0.47,Comp0045,DNS0001,17,3785,53,2,3,40,149
234012.91089509713,0.22,Comp0004,Web0003,6,24701,443,3,133,561,5486
234014.9145554396,1.25,Comp0026,Web0002,6,42376,80,7,37,582,3096
234021.40316902354,4.719,Comp0047,Web0003,6,7015,443,8,15,907,13214
234068.99671212124,0.237,Comp0012,DNS0001,17,22555,53,2,2,107,162
234073.4785759176,1.788,Comp0070,Web0003,6,36951,443,4,80,486,3283
234076.5306396475,0.028,Comp0004,DNS0002,17,20318,53,3,2,37,233
234084.80812044218,7.115,Comp0050,FS0001,6,24380,445,35,44,2531,7866
234093.51262936357,0.039,Comp0003,DNS0001,17,6818,53,3,3,40,148
234106.0971193636,6.286,Comp0064,FS0003,6,2617,445,11,76,546,19390
234119.76704900753,4.103,Comp0065,FS0001,6,33218,445,54,48,6410,32517
234122.7825408231,0.909,Comp0054,DC0001,6,52717,88,5,6,356,1724
234126.6379412856,0.095,Comp0002,DNS0001,17,30314,53,2,3,70,123
234126.72227768486,14.915,Comp0052,Web0006,6,31039,80,13,36,954,4586
234138.81711246155,8.122,Comp0047,Web0002,6,53819,443,9,12,593,3275
234140.46762337262,0.107,Comp0049,DNS0001,17,48275,53,3,2,70,93
234145.49704382598,0.601,Comp0047,Web0004,6,56392,443,18,40,697,7182
234161.95592859818,3.698,Proxy0002,Ext0021,6,32168,443,4,35,962,16481
234164.95082190563,0.28,Comp0077,DNS0001,17,41849,53,2,3,76,173
234167.8759621021,1.436,Comp0038,Web0003,6,28143,443,10,30,301,10243
234170.75335007987,2.521,Comp0044,Web0006,6,26056,443,13,121,992,4350
234173.98359715572,0.042,Comp0067,DNS0002,17,22374,53,2,3,86,159
234176.68547412433,0.398,Comp0060,FS0002,6,36126,445,16,123,2721,11158
234178.32556042925,2.167,Comp0029,Web0006,6,62997,443,5,17,171,1127
234178.91771424888,7.605,Comp0038,DC0002,6,56971,445,16,41,2180,4037
234180.81716235913,1.713,Comp0020,FS0001,6,55577,445,10,192,1007,2676
234185.41719757323,0.161,Comp0019,DNS0002,17,24471,53,3,2,53,236
234193.12151195604,0.013,Comp0022,DNS0002,17,16007,53,2,2,95,85
234200.39115535287,2.804,Comp0079,DC0001,6,25336,88,9,82,421,550
234201.94488638666,0.194,Comp0036,DNS0002,17,13196,53,2,3,92,232
234202.72618047078,16.031,Comp0070,DC0002,6,36951,445,16,220,1649,24719
234214.99796417894,1.609,Mail0002,DC0002,6,59167,389,12,16,184,1070
234243.75708859414,29.063,Proxy0002,Ext0037,6,19978,443,8,62,384,9101
234255.57664615306,0.961,Comp0020,FS0001,6,14350,445,61,20,14305,8347
234299.87733085282,0.697,Comp0048,DC0001,6,37898,389,4,7,2435,795
234309.6303795195,5.515,Comp0035,Mail0002,6,21855,993,9,28,158,541
234315.38415488016,0.741,Comp0079,Proxy0001,6,16247,3128,14,61,109,50695
234317.70339227543,0.496,Comp0042,DNS0001,17,43881,53,2,3,54,155
234323.6992386353,2.268,Comp0063,Web0001,6,46118,443,7,66,240,9477
234329.42747160746,2.249,Comp0023,Mail0001,6,63387,587,7,7,358,348
234333.66806408658,3.558,Comp0069,DC0001,6,44979,389,4,16,1091,338
234339.12535243545,0.119,Comp0002,Web0002,6,65116,443,3,34,1129,65559
234346.4601937607,0.921,Comp0053,Web0005,6,40446,443,6,125,571,12815
234354.6366208471,1.305,Comp0006,Mail0001,6,15785,22,8,6,183,14
234357.13692090177,3.212,Web0001,DB0003,6,32935,3306,15,73,3519,38990
234358.47108585364,0.047,Proxy0001,DNS0002,17,50203,53,2,2,50,119
234404.1588008849,5.791,Web0001,DB0003,6,3199,5432,26,590,1060,6269
234407.2053376003,2.216,Comp0047,Web0006,6,4394,443,16,7,327,73496
234408.9821602621,9.423,Proxy0001,Ext0039,6,27626,443,10,8,1788,178653
234414.51421058018,1.192,Comp0054,Web0005,6,61735,443,28,26,401,1889
234418.21882457111,0.401,Comp0026,DNS0001,17,26857,53,2,3,62,120
234428.778829174,0.589,Proxy0002,DNS0002,17,6570,53,2,2,83,256
234430.83010388535,0.267,Comp0009,DNS0002,17,31648,53,2,2,107,203
234450.1809263524,0.304,Web0001,DNS0001,17,20763,53,2,3,40,97
234450.51309304067,0.022,Comp0050,DNS0002,17,42824,53,2,2,37,263
234462.038206778,1.442,Comp0039,Web0004,6,34751,443,7,32,177,12406
234471.39793525316,1.372,Comp0033,Web0005,6,43684,443,6,24,1251,769
234482.01017045067,4.054,Comp0007,Web0002,6,10319,80,33,78,934,23556
234488.06178660985,0.027,Comp0024,DNS0002,17,49950,53,2,2,119,130
234499.3589456799,2.995,Web0004,DB0004,6,4329,3306,9,176,856,8031
234537.47200369826,0.651,Comp0012,Web0004,6,39745,443,19,221,2195,7126
234545.31640007923,0.417,Comp0071,Web0002,6,54926,443,16,57,169,7346
234547.29305257456,10.111,Comp0010,Web0006,6,21513,443,8,34,1012,4151
234547.5790799363,11.38,Comp0049,Web0004,6,60074,443,9,21,277,8514
234560.2794331832,1.432,Comp0067,FS0002,6,34662,445,7,142,654,2049
234574.76281864924,2.137,Comp0043,Web0003,6,59787,80,16,81,1527,13622
234580.78084611555,5.24,Web0006,DB0004,6,7845,5432,8,108,2866,2907
234581.8804128182,0.145,Comp0054,DNS0002,17,8544,53,2,2,64,280
234583.39733322486,0.058,Comp0076,DC0001,6,62881,389,3,3,417,908
234584.18824816728,0.14,Comp0030,DNS0002,17,1471,53,2,2,34,129
234591.35961394844,3.224,Comp0070,FS0001,6,6336,445,15,66,1531,1725
234605.01862108117,5.209,Comp0041,DC0001,6,20520,88,5,4,124,1267
234605.98911251547,0.387,Comp0013,DNS0002,17,24354,53,3,3,34,90
234606.11757603034,0.073,Comp0055,DNS0002,17,33205,53,2,2,46,248
234629.85278503862,0.056,Comp0063,FS0003,6,17648,445,26,92,400,13765
234641.06830683036,10.294,Comp0017,DC0001,6,40917,445,6,49,433,55353
234641.4312357285,1.494,Comp0080,Comp0011,6,48841,3389,12,3,307,2243
234644.7696984539,1.173,Comp0071,Web0006,6,21340,443,6,52,385,3973
234674.45773852518,10.683,Comp0052,FS0002,6,52316,445,20,58,1943,7380
234681.31407569454,0.26,Comp0051,DNS0002,17,46785,53,3,2,44,174
234690.1307723918,4.667,Comp0068,Web0006,6,60889,443,16,52,559,9892
234712.03371775436,18.814,Comp0041,FS0001,6,38901,445,16,76,367,7657
234731.14492844002,0.095,Comp0047,DNS0002,17,42795,53,2,3,105,381
234732.37870148907,15.06,Web0005,DB0002,6,59077,3306,26,275,1813,2629
234745.0651799668,1.1,Comp0031,DC0002,6,5485,88,5,8,251,875
234747.4589900309,0.004,Comp0043,DNS0002,17,45776,53,3,4,33,75
234748.8257927277,0.991,Comp0056,DC0002,6,2437,88,5,5,270,1333
234758.36540098462,0.887,Comp0040,Proxy0001,6,28109,3128,5,63,858,6164
234758.53120618986,3.804,Comp0008,Mail0001,6,4208,993,3,7,2999,1306
234762.38741873208,1.474,Comp0040,DC0001,6,23358,88,7,5,619,210
234764.24108037737,0.086,Comp0028,DNS0002,17,57070,53,2,2,36,144
234776.8359026365,0.153,Comp0067,DNS0002,17,4823,53,4,3,68,158
234780.75422125222,0.043,Comp0009,DNS0001,17,28899,53,3,3,49,541
234782.01526779676,0.104,Comp0052,DNS0002,17,54203,53,2,3,76,58
234785.86511839897,10.271,Comp0004,FS0003,6,37163,445,12,50,7334,1971
234794.99097324343,0.608,Comp0054,DC0002,6,46641,88,9,2,649,1678
234799.89247933836,7.041,Comp0006,Proxy0002,6,57363,3128,16,66,543,1426
234803.68889117084,1.867,Comp0065,Proxy0002,6,7967,3128,5,67,1347,1817
234811.38982019998,3.779,Comp0062,DC0002,6,8592,445,21,62,5106,17278
234821.9715987621,0.585,Comp0016,DNS0002,17,31102,53,2,2,83,257
234829.81406930805,0.464,Comp0009,Web0003,6,34085,443,7,59,665,48537
234832.51223300787,8.722,Comp0033,Web0001,6,43957,443,3,37,706,47170
234854.98602600093,7.66,Comp0015,Web0002,6,37658,443,5,74,437,7300
234873.96762582666,0.137,Comp0068,Web0004,6,61318,443,5,66,718,4117
234880.54868157234,5.237,Comp0075,Proxy0001,6,39121,3128,8,32,617,7176
234902.40964909608,0.165,Comp0021,DC0002,6,9314,88,11,8,228,800
234903.7696609033,16.916,Comp0024,FS0001,6,27886,445,6,126,769,8118
234905.6190985292,0.071,Comp0044,DNS0001,17,64937,53,2,3,63,226
234909.96162465584,2.99,Comp0006,Web0003,6,35117,80,8,81,717,5292
234910.1143716956,13.094,Web0005,DB0002,6,43449,3306,22,51,895,7205
234918.08804886494,10.632,Comp0058,Web0004,6,47255,443,14,16,833,24095
234935.7759795409,0.139,Comp0054,DNS0001,17,3127,53,2,2,100,278
234937.79400937006,0.04,Comp0029,DNS0001,17,48671,53,2,4,80,172
234944.72877924412,27.947,Web0002,DB0003,6,64551,3306,9,29,598,122431
234950.61150655357,0.446,Comp0029,Web0002,6,32742,443,30,18,377,4431
234953.5435889624,0.024,Comp0002,DNS0002,17,24783,53,2,3,53,247
234956.81985570904,4.888,Comp0048,Web0002,6,61996,80,12,315,477,3998
234957.5781935898,0.364,Comp0006,Comp0065,6,46957,3389,12,9,129,132
234972.55590236245,1.784,Comp0075,DC0001,6,8146,88,3,21,504,9623
234980.8116052344,0.73,DB0002,DC0002,6,62214,389,2,9,373,724
234991.1735396303,3.6,Comp0006,Comp0037,6,49987,3389,4,4,335,51
235026.9536106222,4.616,Comp0061,Web0003,6,16239,443,6,20,328,1959
235034.37464704108,19.563,Comp0006,Comp0035,6,46248,445,11,97,1951,775
235046.2865253394,6.214,Comp0016,Proxy0002,6,14140,3128,13,22,167,37546
235081.39831148126,0.032,Comp0023,FS0003,6,55463,445,102,111,593,12040
235084.60098039257,6.199,Comp0007,Web0002,6,42734,443,19,33,1214,3933
235087.81718531623,4.183,Comp0034,Web0002,6,9824,443,6,39,668,17671
235095.66974360403,0.23,Comp0056,DNS0002,17,49648,53,2,2,63,156
235105.88477636807,5.345,Comp0062,Web0004,6,45944,443,15,49,1068,8681
235106.0205894514,1.431,Comp0076,Web0005,6,34359,443,10,41,163,14224
235117.9756039216,0.42,Comp0031,Web0001,6,38960,443,8,49,112,5324
235125.0142668485,3.91,Comp0078,Proxy0001,6,36025,3128,7,136,712,3833
235140.069395409,3.901,Comp0022,Proxy0001,6,8703,3128,16,73,155,4874
235142.57190230492,0.669,Web0003,DB0003,6,52505,5432,31,47,680,14279
235163.19727763854,0.454,Comp0072,DNS0001,17,17570,53,3,3,54,204
235179.3193212989,5.881,Comp0074,Web0005,6,19143,443,3,50,394,15771
235187.50938984795,0.022,Comp0044,DNS0001,17,17523,53,2,3,107,185
235188.1310448106,1.676,Comp0058,DC0002,6,54859,88,7,3,776,949
235193.9746740927,0.807,Comp0031,Proxy0001,6,23735,3128,5,50,660,11839
235199.26661753526,0.646,Comp0065,Mail0002,6,53769,993,11,4,960,1011
235200.34022670373,0.382,Comp0072,DNS0002,17,18829,53,4,2,65,232
235213.82229875852,1.019,Comp0016,Web0003,6,62648,443,5,8,2789,14323
235221.33314097027,6.388,Comp0068,Web0005,6,40811,443,11,40,1265,19983
235227.56173858923,2.894,Comp0025,Comp0011,6,54903,3389,6,11,461,469
235234.54035949105,0.054,Comp0078,DNS0002,17,58523,53,2,3,67,188
235234.54122638825,3.447,Comp0079,Proxy0001,6,64153,3128,5,8,796,1449
235234.55148447608,8.898,Comp0022,Web0002,6,5716,80,7,21,3024,10948
235261.8840555534,25.954,Comp0014,Web0006,6,51856,443,7,34,423,12623
235268.3874078525,3.817,Comp0011,Web0006,6,59422,443,4,49,1501,2200
235290.3013661013,11.248,Comp0049,Web0002,6,44763,443,4,22,399,6200
235296.26473187245,5.408,Comp0050,Web0003,6,21885,80,4,62,106,2997
235304.84388105664,5.991,DC0001,DC0002,6,30876,445,14,132,2723,30277
235314.70084756048,1.084,Comp0072,Web0006,6,5525,443,24,38,193,43648
235326.14105052408,8.315,Web0005,DB0001,6,28513,5432,21,114,373,52200
235339.8275621276,3.361,Comp0033,Web0001,6,50130,443,5,30,1613,9586
235344.1769689108,5.49,Comp0034,Web0001,6,59448,443,9,71,1171,2477
235355.05367580883,7.548,Comp0029,Web0005,6,55213,443,12,11,508,2606
235364.8373044651,24.205,Web0002,DB0003,6,61428,3306,22,32,4155,1605
235367.99780498652,47.085,Web0004,DB0003,6,56568,3306,61,156,277,160770
235369.28691842972,0.116,Comp0073,DNS0001,17,50261,53,2,2,108,125
235372.5471038423,0.336,Comp0071,DNS0002,17,58950,53,2,3,71,193
235381.39625710354,2.796,Comp0080,Web0003,6,57402,443,13,39,528,576
235385.8504863507,4.153,Comp0023,Web0006,6,22304,443,4,36,2685,4788
235388.4446659392,0.138,Comp0049,DNS0002,17,58989,53,2,2,47,100
235424.59412654114,0.146,Comp0058,DNS0001,17,64251,53,2,3,86,95
235433.35248028714,9.327,Comp0031,Web0003,6,19736,443,7,60,1549,3854
235434.73194659833,4.672,Comp0045,Web0003,6,51226,443,5,83,392,658
235436.38685768557,0.624,Comp0065,Mail0001,6,6414,993,4,6,144,1359
235440.13051486854,0.093,Comp0029,DNS0002,17,30277,53,3,3,78,356
235446.17895649915,27.368,Comp0032,FS0003,6,27215,445,61,61,3783,10172
235448.52255826895,11.264,Web0004,DB0002,6,13926,3306,9,33,2365,4189
235533.0661535844,5.064,Comp0027,Web0004,6,45609,443,12,58,464,2564
235562.7507986197,0.072,Comp0009,DNS0002,17,5781,53,2,2,98,230
235568.7408637505,4.15,Comp0040,Web0005,6,62454,443,11,52,1880,8080
235568.8326876071,4.294,Comp0060,Web0001,6,14283,443,17,8,427,2970
235579.89735479667,0.787,Comp0016,Web0001,6,4731,443,10,30,1924,4910
235589.81820492406,8.397,Web0002,DB0002,6,52129,3306,22,163,1981,144465
235602.29674016035,1.56,Comp0076,Proxy0001,6,48856,3128,8,27,666,3273
235611.95062053323,0.659,Comp0063,Web0003,6,63504,443,3,30,1366,10982
235628.99090933483,0.629,Comp0024,Web0003,6,54972,443,2,43,1196,595
235671.0827541637,1.342,Comp0067,Web0001,6,61373,80,7,70,943,3190
235684.86390067782,0.292,Comp0047,DNS0002,17,29951,53,2,2,83,178
235689.8355333336,0.021,Comp0006,DNS0001,17,12188,53,3,3,58,90
235694.7837408294,0.194,Comp0020,DNS0002,17,35919,53,2,2,114,68
235696.700535806,0.004,Comp0008,DNS0002,17,5459,53,2,2,54,132
235718.7922644404,18.783,Comp0010,Proxy0001,6,16131,3128,27,16,775,2858
235726.4803912363,4.498,Comp0030,Mail0001,6,17205,993,5,5,443,1615
235741.23779102112,3.562,Comp0014,DC0001,6,40113,88,5,9,687,203
235755.319286791,2.428,Comp0014,DC0002,6,24775,88,7,8,227,1687
235756.9482584577,0.159,Comp0072,DNS0001,17,50463,53,2,2,81,363
235762.04510239803,2.778,Comp0027,Mail0001,6,3628,587,8,9,179,1245
235772.39303775792,0.312,Comp0068,DNS0001,17,16070,53,2,3,59,74
235799.12647267553,0.046,Comp0012,DNS0002,17,59053,53,2,2,45,166
235812.3261157475,0.003,Comp0011,FS0003,6,16576,3389,10,8,758,330
235815.5937231083,7.122,Comp0072,Web0006,6,8539,443,9,29,950,15899
235819.1006232023,9.421,Comp0007,Web0002,6,28123,443,19,12,1905,2886
235823.26066653838,9.136,Comp0036,Web0002,6,62818,443,11,23,2274,6550
235833.7563876646,0.449,Comp0065,Web0006,6,46432,80,7,16,191,8112
235845.45264269863,2.316,Comp0019,FS0003,6,10726,445,8,227,3805,15134
235848.51440951534,0.082,Comp0007,Mail0001,6,42666,993,5,4,241,296
235849.65524991482,4.798,Proxy0002,Ext0029,6,53342,443,5,68,838,5110
235865.52310982347,0.432,Comp0017,Web0001,6,9340,80,8,64,322,10709
235874.78479366578,7.284,Comp0053,Mail0002,6,46983,993,4,8,578,911
235885.9013947992,3.663,Comp0034,FS0003,6,54639,445,23,119,1237,70669
235895.2731366597,2.122,Comp0048,Mail0002,6,44129,993,4,9,173,234
235899.63957552024,0.082,Proxy0001,DNS0001,17,56179,53,3,3,38,243
235907.85565204037,7.156,Web0006,DB0002,6,9869,3306,10,143,4848,2856
235909.90282810284,1.243,Comp0053,FS0003,6,49595,445,28,45,4067,8033
235922.67676605209,3.982,Comp0017,Proxy0001,6,17799,3128,14,44,535,1210
235963.08740449467,13.827,Proxy0001,Ext0010,6,20908,443,7,27,1303,678
235971.2255766312,3.436,Comp0002,Web0005,6,41375,443,14,61,312,26261
235973.08344474918,2.685,Comp0035,Web0003,6,55885,443,7,34,3201,21439
235991.66267096368,0.392,Comp0054,DNS0001,17,23740,53,3,3,85,156
236019.0516058791,4.531,Proxy0002,Ext0033,6,53040,443,11,20,1334,101965
236023.2437709694,1.378,Comp0070,Web0006,6,30613,443,22,20,78,18321
236026.70337243917,0.092,DB0003,DNS0002,17,63635,53,3,2,104,209
236029.65896664443,7.294,DB0004,DC0001,6,13357,389,5,2,376,287
236029.94175461325,8.507,Comp0023,Web0005,6,36632,443,14,43,1160,16364
236030.4706108134,1.263,Comp0005,DC0002,6,16717,389,3,5,520,382
236036.76382436528,0.31,Comp0021,DNS0001,17,6812,53,2,3,34,114
236052.02171331143,0.001,Comp0023,DNS0001,17,48468,53,3,3,107,167
236070.31079573336,3.141,Comp0068,Mail0001,6,12562,993,4,5,571,239
236087.26839383072,0.23,Comp0040,Comp0011,6,18191,3389,10,4,716,1443
236095.95285372296,3.798,FS0001,DC0001,6,27492,88,9,4,260,491
236097.67986981018,0.334,Comp0049,DNS0002,17,15583,53,2,3,140,180
236103.0397375938,0.786,Comp0040,DNS0002,17,48556,53,3,2,61,172
236103.6199698273,11.454,Comp0019,DC0001,6,38388,445,39,148,492,37255
236119.44654589272,0.198,Comp0043,DNS0002,17,53496,53,2,2,124,93
236121.28918604465,0.061,Comp0044,DNS0002,17,11466,53,2,2,117,107
236131.22165358724,0.17,Comp0041,Web0004,6,36048,443,11,40,1671,34528
236135.76380676153,1.844,Comp0048,Web0006,6,24082,80,15,33,274,20184
236157.11882456098,16.191,Web0006,DB0004,6,36841,3306,14,629,7533,32550
236160.16696602217,9.91,Comp0001,Web0002,6,36344,443,9,50,355,3971
236167.85050735177,0.198,Comp0064,DNS0002,17,51396,53,2,2,56,65
236178.27975418587,0.649,Comp0022,Web0006,6,16313,443,19,34,2092,2937
236184.6546607686,7.876,Comp0048,Proxy0002,6,7266,3128,10,14,587,2974
236189.78608934602,2.015,Comp0044,Proxy0002,6,14768,3128,17,56,768,1688
236213.46847268703,0.034,Comp0021,DNS0002,17,40633,53,2,3,70,129
236235.8676600667,3.01,Web0002,DC0001,6,54840,389,3,3,405,369
236245.80713694502,0.093,Comp0024,DNS0001,17,10259,53,2,3,46,107
236248.57517274673,2.565,Comp0066,Proxy0001,6,1782,3128,13,71,208,1052
236261.01061923266,0.045,Comp0063,DNS0001,17,47332,53,2,2,42,128
236261.16517315106,0.571,Comp0060,DNS0001,17,41142,53,2,2,52,442
236285.94648531388,5.656,Comp0064,DC0002,6,46306,389,14,10,3633,1392
236304.42251631856,4.419,Comp0014,Web0005,6,51146,443,9,70,407,13451
236327.5119539993,6.835,Comp0060,DC0002,6,58087,389,10,5,220,547
236331.00265931542,0.122,Comp0062,DNS0001,17,12406,53,2,4,121,303
236338.87514756428,12.636,Comp0008,DC0001,6,62611,88,5,23,665,748
236375.5984118618,0.502,Comp0053,Web0002,6,4268,80,7,51,2237,947
236392.6662431364,0.245,Comp0061,DNS0002,17,36336,53,2,3,71,154
236399.55434975424,0.001,Comp0057,DNS0002,17,25996,53,2,2,99,159
236403.45911211256,6.627,Comp0019,FS0002,6,11132,445,33,168,2591,39560
236441.34949583653,0.617,Comp0022,DNS0001,17,48496,53,2,3,47,227
236456.84750916975,0.056,Web0006,DNS0001,17,50790,53,2,2,80,259
236460.09880504129,0.181,Comp0008,DC0002,6,33518,88,4,6,1695,417
236485.11005938106,0.493,Comp0045,FS0002,6,64769,445,23,107,2219,3363
236494.41380441881,1.561,Comp0008,Mail0002,6,18039,993,22,4,350,109
236494.5458593189,0.011,Mail0002,Ext0024,6,14624,25,5,36,267,639
236508.90821715895,2.54,Comp0062,Web0006,6,50788,443,11,34,262,38645
236553.76644372568,3.638,Comp0009,Web0001,6,2603,443,8,11,478,14945
236559.50161052425,5.612,Comp0010,Web0004,6,60733,443,9,22,2371,29677
236559.93635091785,4.879,Comp0012,DC0002,6,49508,445,8,69,4294,14388
236563.3037854742,3.377,Comp0017,Web0002,6,54667,443,9,46,3838,2288
236570.92562215673,8.265,Web0002,DB0001,6,21621,3306,55,101,2087,6139
236571.26088754256,2.978,Comp0011,DB0003,6,36520,3389,5,7,598,811
236599.93670423346,10.406,Comp0072,Web0002,6,14242,443,13,34,97,3238
236602.57054468567,3.434,Comp0031,Mail0001,6,4559,993,4,4,354,1338
236641.65400764046,4.857,Comp0074,Web0006,6,46320,443,7,23,316,5922
236649.56361386436,4.616,Proxy0001,Ext0008,6,54188,443,6,25,849,2114
236661.6532557933,4.557,Comp0065,Web0003,6,47164,443,5,15,1087,48710
236684.94376571145,0.03,Comp0056,DNS0001,17,57740,53,3,2,53,174
236690.3576140548,5.439,Comp0077,DC0001,6,22736,88,5,5,414,639
236692.8763237859,0.477,Proxy0002,Ext0033,6,18065,443,21,37,4368,4105
236702.4163567603,8.203,Comp0076,Mail0002,6,53992,993,5,13,549,618
236738.27304033015,0.15,Comp0018,DNS0001,17,10072,53,2,3,33,88
236744.94250888503,2.724,Comp0062,Web0006,6,56237,443,6,14,226,45138
236771.16668202996,0.043,Comp0025,DNS0001,17,2526,53,2,2,83,47
236783.95575050506,16.702,Comp0065,DC0002,6,61997,445,16,60,668,7913
236792.4730767589,4.183,Comp0048,DC0001,6,23716,389,8,74,947,1111
236796.16316285965,1.774,Comp0045,DC0001,6,9021,88,7,2,312,316
236802.07276391762,0.073,Comp0019,DNS0001,17,59527,53,2,4,49,343
236804.8412965319,1.499,Comp0063,Web0006,6,54244,443,9,39,1928,10740
236819.8494717791,1.243,Comp0019,Mail0002,6,38834,993,9,9,323,361
236826.8568606099,10.479,Comp0001,Web0003,6,31487,443,10,29,219,5730
236839.08152189376,0.623,Comp0031,Proxy0002,6,23865,3128,15,45,718,12336
236843.37647877456,0.165,Comp0016,DNS0001,17,10084,53,2,4,53,214
236852.03187182432,0.107,Comp0044,DNS0001,17,46286,53,2,3,144,176
236871.94539378534,0.684,Comp0072,DC0002,6,43188,389,8,3,232,156
236902.7779526983,0.891,Comp0030,Proxy0002,6,7269,3128,7,31,217,1853
236903.58064723236,0.755,Comp0007,Proxy0002,6,56532,3128,14,102,343,33628
236932.23633136007,21.077,Web0002,DB0002,6,29741,5432,9,630,837,8315
236933.92966111324,16.55,Comp0035,Web0001,6,36026,80,3,43,571,46284
236944.74737832168,7.751,Comp0052,Web0006,6,33076,80,9,36,366,3836
236947.85143227084,0.855,Comp0037,Proxy0002,6,35470,3128,5,42,693,7521
236950.8643955342,45.754,Comp0063,FS0002,6,61614,445,26,66,1546,8240
236954.64311483435,0.16,Comp0020,DNS0001,17,63329,53,3,2,53,132
236997.893570206,2.716,Comp0011,DC0001,6,10731,389,4,3,134,1481
237002.6307317663,0.652,Comp0038,Proxy0001,6,36433,3128,15,117,321,1158
237008.26194080574,2.305,Comp0034,Web0001,6,7592,80,3,13,3115,27775
237036.57796898833,0.247,Comp0072,DNS0002,17,47571,53,2,2,46,263
237056.28728031268,9.685,Web0005,DB0001,6,58699,5432,11,54,1779,20347
237072.99072711496,0.387,Comp0022,DNS0002,17,64761,53,3,2,65,133
237074.35914621127,10.512,Comp0079,Web0004,6,44503,443,4,30,448,5425
237075.47155137538,0.692,Comp0034,Web0005,6,56273,443,8,15,462,3918
237082.17676656123,0.024,Comp0005,DNS0002,17,39239,53,2,4,57,178
237082.80493982954,7.391,Comp0044,Web0005,6,9093,80,7,172,225,41451
237101.91065520124,1.317,Comp0008,Mail0002,6,15475,993,5,8,456,227
237128.52219146048,0.988,Comp0004,Mail0001,6,44091,993,10,4,314,434
237147.9391515801,18.198,Comp0069,FS0001,6,38441,445,27,148,4408,6371
237159.3870155584,0.382,Comp0064,DNS0002,17,39811,53,2,2,93,86
237189.4567582839,0.014,Comp0018,DNS0002,17,39077,53,2,2,50,155
237199.07135602672,2.869,Comp0006,Comp0051,6,51849,135,9,10,1178,55
237202.97931556744,0.417,Comp0073,DNS0002,17,64887,53,2,2,52,162
237232.77946147008,66.066,Comp0048,DC0001,6,29185,445,62,61,918,15788
237234.3615407131,14.485,Comp0047,Web0005,6,2739,443,12,15,700,3652
237235.33494094195,2.3,Comp0062,Web0002,6,18336,443,7,22,1204,1183
237253.89190842974,3.102,Comp0066,Web0005,6,48366,443,5,52,838,6977
237255.6974456367,10.681,Comp0076,Web0006,6,22052,80,6,16,910,26063
237288.15819791082,0.078,Comp0004,Mail0001,6,9762,587,4,3,1373,2002
237313.55507177272,2.443,Comp0024,FS0001,6,60623,445,30,65,607,11570
237315.52546038936,14.433,Web0004,DB0002,6,28760,3306,50,375,2340,29043
237334.95350067955,0.087,Proxy0002,Ext0002,6,5182,443,10,55,108,3037
237336.11022376842,3.215,Comp0052,Web0002,6,31414,443,9,22,1173,10424
237345.30428395962,11.84,Web0003,DB0002,6,39811,3306,42,33,755,37597
237356.6409633198,1.201,Comp0053,Proxy0001,6,15994,3128,3,39,82,2695
237366.3093097721,2.516,Comp0027,Web0001,6,52380,443,7,131,283,57217
237368.76011612033,2.173,Comp0009,Mail0002,6,12555,993,2,11,198,630
237375.9278589489,0.031,Web0001,DNS0002,17,63545,53,3,2,98,175
237403.34531404724,0.032,Comp0041,DNS0002,17,64411,53,3,3,118,157
237421.95746636498,0.207,Web0003,DNS0002,17,32372,53,3,2,68,495
237435.97393784687,4.128,Comp0077,Web0005,6,62725,443,9,41,1308,5289
237437.45133680973,5.421,Comp0045,Web0001,6,4455,443,16,22,1281,19627
237440.14053921646,0.157,Comp0063,DNS0001,17,51593,53,2,3,74,332
237524.0855460877,2.584,Comp0018,Proxy0001,6,42748,3128,6,47,1656,3076
237535.84911153826,0.209,Comp0025,DNS0001,17,27798,53,2,3,79,281
237537.05350712573,4.413,Comp0014,DC0002,6,1506,389,13,7,951,207
237542.26139493252,10.315,Comp0050,FS0001,6,41225,445,6,112,1127,3656
237546.1362436167,1.641,Comp0001,Comp0011,6,53284,3389,6,11,314,580
237564.4372222768,1.201,Comp0027,Web0005,6,17577,80,10,27,556,13495
237584.70060367667,0.539,Comp0019,Mail0001,6,31487,993,3,4,335,256
237591.06986453384,0.926,Mail0002,Ext0012,6,38506,25,8,4,1402,1578
237616.76039005397,17.519,Comp0040,Web0004,6,1665,443,9,17,223,6429
237652.01718648383,0.646,Comp0059,Web0003,6,43287,443,11,29,1024,1799
237664.63562888475,2.519,Comp0030,Proxy0001,6,39239,3128,16,35,608,4438
237690.37924785953,2.898,Comp0045,Web0002,6,51672,80,5,28,592,5659
237728.8413049851,0.017,Comp0003,DNS0001,17,9954,53,3,3,66,86
237741.78444451024,0.841,Comp0002,DC0002,6,48403,88,4,5,215,199
237746.47080166693,0.019,Comp0037,DNS0001,17,29716,53,2,2,65,160
237760.04873678638,1.573,Comp0024,Web0006,6,63597,443,51,17,996,1863
237761.20035109358,0.604,Comp0052,DNS0002,17,59149,53,2,3,77,139
237771.14070572943,0.197,Proxy0001,Ext0003,6,32241,443,15,67,488,1256
237771.85158362408,0.11,Comp0050,DNS0001,17,37665,53,3,2,91,292
237797.1576465878,33.638,Web0005,DB0002,6,17844,3306,23,161,644,8888
237813.0135674798,6.643,Comp0077,Proxy0002,6,3933,3128,12,34,570,4391
237814.875415801,4.06,Comp0001,Mail0002,6,32115,587,5,4,94,1118
237849.24829875003,5.388,Comp0075,Web0004,6,46212,443,10,39,688,2824
237859.2541461899,1.452,Comp0038,Proxy0001,6,30037,3128,7,81,2583,4899
237866.3240400324,24.071,Web0004,DB0003,6,41720,5432,25,76,1463,2871
237889.81347411303,16.375,Comp0034,Web0006,6,36993,443,5,47,1207,2373
237913.7369026633,15.125,Comp0033,DC0002,6,35381,445,12,48,6133,7479
237940.51849791055,5.101,Proxy0002,Ext0002,6,11834,80,10,44,264,3961
237952.10953958577,0.458,Comp0035,DNS0001,17,46143,53,3,2,101,200
237974.54101512043,18.976,Comp0077,DC0001,6,45945,445,52,45,1611,54275
238026.34142213338,1.489,Comp0067,Web0006,6,39648,443,8,112,449,4720
238063.1477993914,3.495,Comp0057,Proxy0002,6,48717,3128,9,16,1803,15669
238078.07585880638,0.102,Mail0002,DNS0001,17,1656,53,2,2,66,183
238085.71161062724,0.895,Comp0016,DC0001,6,11901,389,9,5,239,1639
238091.25135489414,5.363,Comp0045,Web0001,6,10924,443,15,18,1330,6224
238091.43847246512,0.156,Comp0072,DNS0002,17,48709,53,3,3,90,195
238106.17012776667,0.582,Comp0065,Web0002,6,2750,80,6,17,405,5343
238111.76329961093,0.021,Comp0077,DNS0001,17,2507,53,2,2,89,138
238111.8355779281,7.497,Comp0025,Proxy0001,6,32654,3128,8,59,236,27578
238113.7033671395,0.697,Comp0059,Proxy0001,6,10012,3128,9,24,1265,1019
238114.17504682075,6.283,Proxy0002,Ext0023,6,13886,443,7,27,4136,4387
238129.331308921,3.287,Proxy0001,Ext0037,6,31734,80,17,94,4426,7306
238136.687760373,4.504,Comp0080,Web0004,6,15863,443,22,26,485,40911
238148.72177080464,0.67,Comp0005,Web0002,6,62427,443,20,37,229,7546
238156.629306783,0.655,Comp0068,Web0002,6,8092,443,3,22,375,27853
238158.05677808242,8.517,Comp0042,Web0006,6,50855,443,10,53,573,11685
238166.93891609402,0.247,Comp0045,DNS0002,17,10733,53,3,3,95,187
238176.44653439042,4.275,Comp0074,Proxy0001,6,60534,3128,6,42,675,4624
238194.78194587366,1.239,Comp0054,DC0001,6,42642,389,10,12,442,625
238196.03256308177,22.892,Comp0075,Web0001,6,48564,443,6,12,244,1461
238209.25300424045,0.582,Comp0036,DNS0002,17,59628,53,2,3,97,85
238214.5637256378,2.559,Comp0072,Web0005,6,53510,443,3,39,332,1930
238258.95192241977,3.81,Mail0001,Ext0029,6,61092,25,9,9,561,867
238266.18793676223,0.346,Comp0022,DNS0001,17,11270,53,3,3,98,81
238314.12491827857,0.095,Comp0021,DNS0002,17,10000,53,3,3,78,477
238331.76975894248,0.083,Comp0073,DNS0001,17,23875,53,3,3,53,322
238337.37581283198,2.481,Comp0061,Web0003,6,12855,80,12,10,486,142211
238339.06200511474,0.896,Comp0024,Proxy0002,6,58752,3128,11,57,734,813
238342.73750256968,2.044,Web0001,DC0002,6,16914,389,10,8,500,402
238357.15394428652,0.077,Comp0021,Web0005,6,26315,443,17,87,582,2169
238362.40112225787,2.402,Comp0073,Mail0002,6,13884,993,4,4,504,188
238366.03022461716,7.523,Proxy0002,Ext0029,6,27763,443,11,65,3025,9797
238436.17581341087,7.049,Comp0075,Proxy0001,6,62203,3128,4,39,738,2287
238437.01897370082,0.996,Comp0023,DC0001,6,44554,389,9,6,235,952
238449.325998215,0.128,Comp0059,DNS0002,17,45035,53,2,3,25,110
238452.71086069196,1.664,Comp0011,DC0002,6,11534,389,6,8,482,1202
238466.29770142736,3.151,Comp0068,Proxy0001,6,40900,3128,14,25,1128,10637
238468.23077600368,0.566,Comp0024,DC0001,6,56008,389,19,3,1363,414
238491.71127088083,2.794,Comp0029,Web0005,6,28173,443,9,29,391,31025
238520.543984427,12.347,Web0004,DB0004,6,45057,3306,7,177,537,52129
238525.8819267817,0.478,Comp0025,DNS0002,17,33601,53,3,2,54,182
238530.32640789158,0.074,Comp0051,DC0001,6,60881,389,8,5,129,913
238543.960662368,0.458,Comp0067,DC0001,6,1836,88,5,3,561,423
238603.28135615867,1.872,Comp0042,DC0002,6,15927,389,3,4,967,347
238606.90559108034,22.581,Comp0031,Web0005,6,9153,443,12,26,1510,17935
238630.66245278454,1.527,Comp0070,Web0006,6,10853,80,8,14,532,2110
238645.7055882772,0.296,Comp0020,Mail0001,6,8742,993,5,9,263,1070
238663.7543792717,6.544,Comp0037,Web0006,6,58143,443,10,110,151,40834
238672.38413089927,1.381,Web0006,DB0004,6,7127,5432,22,446,1476,59735
238685.67031451344,3.677,Comp0041,Web0003,6,45938,80,3,18,1307,5326
238693.96543543803,1.023,Comp0057,Web0003,6,15803,443,4,31,216,8321
238706.6031560697,26.815,Web0004,DB0003,6,47691,3306,31,128,14867,19525
238711.74156314027,0.614,Comp0006,Comp0066,6,47611,135,5,9,129,50
238716.6836536908,9.002,Comp0037,FS0002,6,59086,445,26,210,1440,3328
238729.87543136935,0.287,Proxy0001,DNS0001,17,16831,53,2,2,94,139
238736.27072118293,3.213,Comp0034,Web0003,6,1242,443,8,38,237,5037
238748.30492973095,2.237,Comp0076,Web0004,6,2084,443,12,32,697,14766
238764.89002699804,0.213,Proxy0002,DNS0001,17,6373,53,2,2,56,175
238768.5286858258,1.268,Comp0050,Mail0002,6,21041,993,4,8,591,482
238777.05633720086,6.535,Proxy0002,Ext0018,6,30459,80,5,36,637,29809
238797.6750561371,1.285,Comp0034,Web0005,6,15324,443,12,73,759,959
238809.3952743007,1.577,Comp0080,DC0001,6,40443,389,11,3,4121,268
238816.07789930917,2.074,Comp0036,Web0004,6,46163,443,27,28,650,22582
238826.05634627878,0.705,Comp0061,Mail0001,6,14068,993,11,6,189,2751
238834.73449812926,30.618,Web0001,DB0001,6,63867,3306,18,102,5397,27278
238834.89310612087,1.281,Proxy0002,Ext0007,6,3159,80,11,14,264,4236
238850.36879450153,6.44,Web0005,DB0002,6,33927,3306,33,32,2548,2511
238851.0649353521,5.472,Comp0044,FS0001,6,1204,445,69,72,522,81026
238860.62691191427,0.031,Comp0026,Web0004,6,11461,443,5,39,237,1899
238869.5533183766,0.245,Comp0076,DC0001,6,59760,88,3,4,266,518
238895.5042354869,0.956,Comp0027,Proxy0002,6,10971,3128,3,54,1432,1645
238954.69821805452,0.141,Comp0013,DNS0001,17,28304,53,3,3,59,196
238971.9030170623,20.283,Web0001,DB0002,6,46731,5432,40,451,5802,4109
238989.21451047214,2.967,Comp0060,DC0002,6,26808,389,9,4,926,547
238994.81148445286,0.188,DC0001,DNS0002,17,36074,53,2,3,49,220
239002.53584266908,3.168,Comp0017,DC0001,6,62656,88,4,6,818,688
239006.80007444974,0.078,Comp0065,Web0004,6,20772,443,13,43,53,7042
239011.54771161958,3.319,Proxy0002,Ext0023,6,43508,443,7,35,2572,10971
239020.08461933717,3.279,Comp0020,Web0006,6,26715,443,6,13,314,30891
239021.3807554897,24.041,Comp0006,Comp0074,6,22273,445,75,270,1088,842
239048.94590054598,0.093,Web0001,DNS0001,17,18091,53,2,2,86,106
239069.76769417975,1.594,Comp0072,Web0001,6,17412,443,6,8,495,738
239119.5199029038,4.869,Comp0048,Web0006,6,29292,443,11,61,504,5820
239124.61010347446,8.112,Comp0066,DC0001,6,28016,389,4,10,351,747
239124.83357850893,0.176,Comp0009,DNS0001,17,57167,53,2,3,98,225
239134.47900316454,0.124,DB0004,DNS0001,17,15422,53,2,3,25,125
239145.43722876726,3.479,Comp0057,Proxy0001,6,42724,3128,5,15,1004,13445
239172.83429335844,4.072,Proxy0001,Ext0030,6,16232,80,5,22,835,21624
239179.0370887014,0.131,Comp0002,DC0002,6,31599,88,4,10,386,1137
239225.35425615156,8.75,Web0005,DB0004,6,4972,5432,27,47,876,7135
239227.5967958054,6.765,Web0006,DB0003,6,13841,3306,25,87,313,53157
239232.2130372224,2.976,Comp0073,FS0002,6,50785,445,12,59,555,26322
239252.2434100497,6.312,Comp0049,DC0002,6,45636,389,9,15,726,424
239254.3466870134,0.325,Comp0004,DC0002,6,31396,389,14,2,261,881
239267.10407759505,8.322,Comp0022,Web0001,6,48100,80,11,54,48,1301
239291.5232954356,2.519,Comp0037,Web0001,6,10369,80,7,54,447,6597
239339.4529835732,9.297,Comp0068,Web0005,6,23214,443,15,24,1388,4547
239381.9204724527,0.149,Comp0072,DNS0001,17,21938,53,3,2,92,162
239435.70139349805,24.312,Web0006,DB0004,6,46523,3306,13,16,6440,9146
239463.09855087945,7.863,Comp0030,FS0003,6,10575,445,9,74,2943,61561
239494.42330158397,0.327,Comp0069,DNS0001,17,6997,53,3,2,85,309
239564.25911813602,13.943,Comp0038,Proxy0001,6,58433,3128,8,80,134,7743
239574.73484802945,1.384,Proxy0002,Ext0015,6,51150,443,13,59,1131,4936
239578.029045475,1.418,Comp0027,Mail0002,6,44033,587,3,4,323,296
239593.19243821275,3.641,Web0003,DB0003,6,8888,3306,12,74,2379,11402
239599.9907219311,0.146,Comp0022,DNS0002,17,21949,53,2,3,72,199
239609.70480792155,0.023,Comp0072,Web0004,6,14463,443,6,40,2712,42369
239621.0182423091,3.037,Comp0006,Comp0070,6,43822,22,8,5,511,71
239633.85193787765,0.192,Comp0003,DNS0002,17,13159,53,2,2,95,98
239636.42187081178,0.179,Comp0011,DNS0002,17,13912,53,3,3,60,170
239636.71870692517,13.939,Web0004,DB0004,6,21032,3306,13,38,1324,4960
239649.10984066088,2.781,Comp0077,Web0005,6,19509,443,10,15,194,13860
239656.3697816201,18.179,Comp0009,Proxy0002,6,56007,3128,17,30,975,6012
239668.3428273446,0.043,Comp0052,DNS0001,17,55203,53,3,2,49,108
239673.85636189865,1.685,Comp0057,Proxy0002,6,52146,3128,8,85,476,2529
239691.16025348473,5.525,Comp0069,Proxy0001,6,49930,3128,18,100,702,18486
239695.09749942622,0.63,Comp0032,FS0001,6,21583,445,17,106,1572,13579
239713.665638463,3.075,Comp0005,Proxy0002,6,29548,3128,8,40,3887,4972
239768.00433427852,0.013,Comp0020,DNS0002,17,48075,53,2,3,74,146
239778.15872576847,0.185,Comp0059,DNS0002,17,17794,53,2,2,66,198
239865.07957418158,5.371,Comp0017,DC0001,6,55682,445,8,132,339,2716
239866.57052487065,5.242,Comp0050,Web0006,6,59994,443,4,12,551,2672
239878.57695919002,3.915,Comp0005,FS0002,6,21983,445,18,234,1224,20730
239892.1857659046,2.775,Comp0008,Mail0001,6,3170,993,8,5,260,1696
239980.42981588264,6.814,Comp0065,Web0006,6,49654,443,6,18,6257,2951
240022.58172900433,0.034,DB0003,DNS0002,17,32236,53,2,2,117,211
240041.17806799005,13.751,Comp0063,DC0001,6,25615,445,19,215,4538,2686
240042.05711637193,0.385,Comp0024,DNS0002,17,60556,53,4,2,64,120
240051.09695657087,1.42,Comp0026,Web0002,6,5964,80,9,52,790,8271
240070.7448851652,2.349,Proxy0002,Ext0007,6,61200,443,7,18,711,11599
240107.74506972745,2.757,Comp0011,DB0001,6,58770,22,6,6,127,260
240118.1174101092,0.456,Proxy0001,DNS0002,17,40769,53,3,2,35,216
240129.54952445766,19.988,Comp0035,FS0002,6,62180,445,25,55,9698,5800
240144.65748750838,9.82,Proxy0001,Ext0019,6,19325,443,14,77,106,8373
240163.77690721524,13.804,Comp0077,Proxy0002,6,31286,3128,4,34,419,14956
240175.22998299747,0.685,Comp0072,Web0005,6,26432,443,5,20,531,804
240175.36570592585,1.822,Comp0071,Mail0002,6,40994,993,6,18,312,56
240175.8261599816,3.515,Comp0021,DC0002,6,52200,389,6,8,413,3197
240185.3049161557,0.048,Proxy0002,DNS0002,17,10682,53,2,2,172,114
240195.37047384615,0.595,Comp0011,DC0002,6,4560,22,4,15,642,335
240219.15932831776,1.945,Comp0038,Mail0002,6,60285,587,4,3,475,215
240276.13960967428,4.127,Comp0051,Web0003,6,56438,80,4,138,1118,65073
240299.00060960598,6.632,Comp0077,Web0002,6,60497,80,8,19,419,15003
240304.52324930616,0.136,Comp0078,DNS0001,17,21759,53,3,2,129,88
240316.8396890763,0.225,Comp0037,DNS0002,17,37062,53,3,3,52,193
240343.15214337822,4.732,Comp0079,Web0002,6,48499,443,44,51,408,2548
240346.4934596902,0.121,Comp0060,DNS0001,17,6805,53,2,2,39,285
240358.09040440666,4.677,Comp0076,Mail0001,6,24821,993,7,9,229,1450
240365.9252498934,11.85,Proxy0001,Ext0029,6,51579,80,12,29,228,6666
240378.02030664758,1.859,Comp0006,DC0001,6,15458,88,4,3,681,310
240420.86338270258,0.425,Web0003,DNS0002,17,6234,53,3,4,61,204
240429.11317632959,2.183,Comp0051,Web0005,6,61216,443,6,68,262,5576
240435.57488787407,5.327,Comp0007,Web0002,6,56215,80,6,28,952,5743
240477.2115617133,0.546,Comp0011,DB0001,6,23870,3389,7,8,423,648
240485.30027158023,33.211,Web0006,DB0002,6,45806,3306,12,65,2384,32280
240510.82400030363,4.534,Comp0072,Proxy0001,6,25328,3128,19,35,147,8714
240517.87219288942,9.298,Comp0039,FS0001,6,43243,445,9,81,425,2477
240525.96085526358,6.07,Comp0041,FS0001,6,21314,445,18,42,1765,13102
240558.98278090492,6.719,Comp0011,DB0001,6,2611,22,6,6,143,1001
240584.45353987726,0.28,Comp0024,DNS0002,17,17690,53,3,4,61,146
240610.43013189512,4.295,Comp0073,Comp0011,6,17243,3389,4,4,817,5048
240614.60447205725,0.187,Comp0068,Proxy0001,6,6606,3128,21,23,4624,27155
240653.64364614617,21.2,Web0006,DB0004,6,47381,3306,31,339,11383,20507
240655.18428027225,1.928,Comp0053,Comp0011,6,31918,3389,4,9,919,996
240668.24952920238,0.228,Comp0079,DNS0002,17,4564,53,2,2,57,65
240694.64661274088,11.019,Comp0020,FS0003,6,41819,445,17,1044,827,4575
240702.15695788644,0.139,Comp0047,DNS0002,17,55704,53,2,2,26,229
240708.7248045786,2.245,Comp0045,Web0004,6,11776,443,2,45,758,5345
240710.8954528862,0.391,Proxy0001,DNS0002,17,4460,53,3,2,86,277
240736.98504487053,0.006,Comp0078,DNS0002,17,24734,53,2,2,67,335
240757.8021475627,5.589,Proxy0002,Ext0029,6,57715,443,15,93,335,10326
240771.9617936107,1.046,Comp0014,Mail0002,6,30288,587,4,9,1729,1660
240783.2955280102,4.328,Comp0043,Mail0001,6,33559,587,5,13,520,1601
240814.82191154634,0.094,Proxy0002,DNS0001,17,1324,53,2,2,50,128
240823.30619007512,0.051,Comp0010,DNS0001,17,2225,53,3,2,33,55
240861.06400821972,3.357,Comp0031,FS0001,6,7206,445,104,73,776,14704
240875.29892352672,2.589,Comp0006,Comp0048,6,13224,22,5,11,438,15
240892.90047341684,0.23,Web0004,DNS0002,17,37709,53,3,2,59,411
240896.35091845787,6.091,Comp0053,Mail0002,6,2510,993,3,6,548,196
240911.34961540665,1.58,Proxy0001,Ext0014,6,45607,443,7,47,607,2414
240924.4770148474,128.329,Comp0012,FS0003,6,54536,445,3,48,565,19694
240934.7738698059,0.158,Proxy0001,Ext0031,6,4603,80,5,52,394,1712
240979.11763120987,1.306,Comp0005,Web0004,6,42211,80,14,4,519,9918
241001.99074417027,3.865,Proxy0002,Ext0030,6,15322,443,9,26,379,10456
241023.80684300174,5.207,Comp0044,DC0001,6,38628,445,26,34,503,11340
241027.20762571058,5.749,Web0003,DB0002,6,12289,5432,10,828,601,19108
241042.42878868637,0.686,Comp0052,Comp0011,6,64246,3389,3,5,243,380
241064.7838957313,5.232,Comp0040,Web0004,6,19922,80,7,36,1410,12511
241070.3553002242,3.288,Comp0079,Web0001,6,1638,443,2,37,2157,4919
241070.97529234935,5.94,Comp0047,Proxy0002,6,23047,3128,6,62,1162,4995
241082.0986644428,3.661,Comp0020,Web0004,6,62593,443,12,25,791,2671
241092.62330286374,0.046,Proxy0002,Ext0019,6,40682,80,8,53,213,6034
241124.0669186558,0.091,Comp0078,DNS0001,17,65175,53,2,3,69,120
241137.85848625307,0.205,DB0002,DNS0002,17,41754,53,2,3,76,84
241208.79695228243,0.056,Comp0077,DNS0002,17,9682,53,2,3,70,67
241231.5140106186,6.59,Comp0029,Web0003,6,17153,443,24,41,89,7337
241236.11708034732,5.491,Web0001,DB0004,6,42588,5432,43,40,1788,8582
241281.57120664982,7.152,Comp0076,FS0002,6,7429,445,6,50,1079,75972
241288.99707124085,0.536,Comp0056,DNS0001,17,64449,53,3,2,98,298
241312.9508111928,0.001,Comp0015,DNS0001,17,63965,53,2,3,112,98
241315.0280482915,4.566,Proxy0001,Ext0007,6,30739,443,3,19,405,8234
241350.27703928284,0.486,Comp0055,Comp0011,6,46518,3389,11,26,533,630
241359.54561727913,2.726,Web0002,DB0003,6,22951,3306,32,237,1518,24215
241402.98504768562,5.021,Comp0035,DC0002,6,55678,389,7,11,270,195
241406.60618447507,8.173,Comp0033,Web0002,6,3537,443,3,74,504,16076
241413.27820949713,0.094,Comp0047,DNS0001,17,57378,53,2,2,74,315
241434.0539655186,8.436,Comp0026,Web0001,6,36198,443,54,136,608,1028
241447.06585989113,10.365,Comp0008,Web0006,6,54690,443,13,20,775,5942
241447.85601685639,0.699,Comp0026,Web0005,6,49418,443,10,94,510,26222
241489.21700562976,0.703,Comp0018,Web0001,6,38291,443,29,71,1621,690
241593.26163771504,3.426,Comp0007,DC0002,6,44582,88,6,10,579,1268
241597.8290945078,0.122,Comp0006,Comp0047,6,46888,3389,8,7,115,21
241633.39444569894,4.107,Web0006,DB0001,6,2009,3306,11,233,650,39565
241648.0342883527,3.632,Comp0057,Web0003,6,24658,80,6,25,694,1865
241674.38278167354,4.552,Comp0020,DC0002,6,36979,445,115,70,4569,3459
241682.91695776928,0.526,Web0005,DB0001,6,11741,5432,53,73,1433,5161
241687.63758100002,1.475,Web0002,DNS0001,17,4987,53,3,2,187,94
241718.9839392184,2.2,Comp0020,Proxy0002,6,21875,3128,6,18,358,4521
241721.7301049028,0.331,Comp0067,DNS0002,17,4069,53,2,3,60,97
241783.66163697682,6.73,Comp0070,Web0001,6,4756,80,6,27,8107,13006
241790.03107491857,27.187,Comp0045,DC0001,6,49305,445,5,18,413,5358
241791.08335485047,9.222,Comp0040,FS0003,6,3169,445,9,178,3183,9134
241807.7433084508,13.054,Web0006,DB0004,6,21730,5432,23,265,12151,9239
241841.77399075933,0.313,Mail0002,DC0002,6,60935,389,4,4,445,924
241848.87997456372,0.222,Comp0071,DNS0002,17,21631,53,2,2,45,140
241848.9704847281,0.077,Web0002,DNS0001,17,43253,53,3,2,124,187
241878.7137687993,8.292,Comp0068,FS0003,6,44355,445,37,68,1631,10203
241925.78724445956,0.217,Web0005,DB0001,6,46766,5432,26,262,5164,15831
241969.60997150282,1.134,Web0006,DB0003,6,55286,3306,12,54,9127,13668
242034.71108493744,10.13,Comp0044,DC0002,6,30177,88,6,3,729,399
242048.4593887287,0.222,Proxy0002,Ext0000,6,61266,80,29,25,1165,1638
242090.13158357833,0.045,Comp0050,DNS0001,17,60636,53,2,2,64,173
242098.72127688036,0.673,Comp0043,DNS0001,17,43214,53,2,2,69,146
242111.90642484528,0.553,Comp0058,Proxy0001,6,62157,3128,14,190,311,7485
242116.90713168,0.869,Proxy0002,Ext0039,6,61389,443,10,32,2013,9575
242144.85211175613,0.165,Comp0006,Comp0048,6,62507,22,5,9,143,14
242163.68736098247,7.853,Comp0037,Web0004,6,49260,443,3,70,717,13627
242182.9399029654,6.539,Comp0079,Mail0001,6,17375,993,3,7,296,909
242184.22814583292,16.708,Comp0038,Web0003,6,14841,443,14,22,986,8646
242220.23715307016,0.309,Comp0079,DNS0002,17,4975,53,2,2,80,170
242222.97209181607,3.007,Comp0045,Proxy0001,6,19114,3128,3,26,256,7266
242230.92979655036,9.973,Comp0029,Proxy0001,6,7175,3128,7,69,253,9923
242297.00231716642,15.162,Web0004,DB0002,6,38100,3306,175,171,1508,18690
242305.67896908568,2.623,Mail0001,Ext0038,6,33819,25,7,5,345,390
242365.63903001611,14.191,Comp0019,DC0002,6,2143,445,61,99,1684,3437
242402.49846541462,3.615,Web0001,DB0003,6,32845,3306,40,188,3756,12456
242409.56076647993,3.825,Comp0027,Web0005,6,56692,443,18,29,1356,6620
242410.49391623103,0.471,Proxy0002,Ext0032,6,17429,443,17,10,1860,29098
242436.9525789888,4.201,Comp0073,Web0004,6,36593,80,7,11,824,3207
242489.84809998574,1.594,Web0001,DB0002,6,4049,3306,86,60,1527,2914
242523.87330391182,1.47,Proxy0002,Ext0013,6,33835,80,5,29,1177,13959
242543.85280288284,24.847,Web0005,DB0002,6,8539,3306,20,95,2679,37753
242566.6534496309,1.612,Proxy0001,Ext0025,6,24855,443,9,16,283,23766
242604.15316272707,0.014,FS0003,DNS0001,17,61536,53,3,2,98,84
242618.7713043397,12.332,Comp0027,DC0002,6,63501,88,10,8,299,620
242619.94084558892,1.02,Proxy0002,Ext0006,6,39654,443,14,78,367,2228
242637.474798731,4.47,Comp0032,Proxy0001,6,31040,3128,13,73,226,40258
242687.9238425869,0.246,Comp0075,DNS0001,17,15741,53,2,2,86,256
242702.03811085693,1.006,Web0002,DB0001,6,40208,5432,7,29,1085,5354
242766.62636382622,3.958,Comp0080,DC0001,6,44013,389,5,4,452,193
242847.00579590636,3.873,Web0002,DB0003,6,42339,3306,12,38,554,8072
242857.45540865464,1.361,Comp0035,DC0001,6,25825,88,5,14,2676,802
242930.35028854985,4.098,Comp0052,Mail0002,6,13424,587,3,3,973,533
243061.48866101436,1.315,Comp0029,Web0001,6,9565,80,8,60,968,17076
243066.2695813168,0.581,Comp0078,DNS0001,17,35872,53,2,3,113,215
243084.619603443,5.982,Web0001,DB0003,6,35819,5432,19,25,364,9727
243090.60777358472,5.402,Web0003,DB0002,6,53206,3306,5,110,1369,28248
243129.88012060127,0.145,Web0001,DB0004,6,57113,3306,14,203,4473,26021
243145.17050020862,5.909,Comp0028,Web0003,6,41852,443,7,56,219,4213
243165.51751240672,11.213,Comp0006,Comp0060,6,35073,135,9,4,340,43
243170.32253058907,6.432,Comp0029,Proxy0001,6,36520,3128,4,52,1293,6503
243272.61247180193,25.938,Comp0039,Proxy0001,6,17970,3128,3,17,606,859
243344.75073320422,4.813,Comp0039,Web0005,6,20635,443,6,52,826,39306
243383.25827716838,1.05,Web0003,DB0002,6,29063,3306,64,124,2602,16407
243388.24913939988,0.346,Comp0057,DNS0002,17,26986,53,3,2,76,349
243394.0633251302,5.145,Comp0027,Proxy0002,6,58604,3128,8,9,467,2584
243426.77963077254,0.02,Comp0064,DNS0002,17,47143,53,2,2,68,103
243439.44350883976,2.146,Proxy0002,Ext0001,6,6694,443,4,18,1424,9714
243450.1390221707,0.237,Proxy0002,Ext0013,6,26918,443,18,24,485,3463
243469.32036929083,0.13,Comp0046,DNS0001,17,11292,53,2,2,73,378
243481.23596777,0.184,Comp0015,DNS0002,17,12830,53,2,2,126,373
243536.94111443663,0.068,Mail0002,Ext0004,6,14876,25,4,21,430,128
243580.67847836547,0.076,Mail0001,DNS0002,17,48351,53,2,3,92,92
243581.25220855523,20.223,Web0005,DB0001,6,54587,5432,21,85,4456,2883
243595.85989531717,1.147,Web0005,DB0003,6,3336,3306,19,180,2539,134745
243620.68451443274,10.829,Proxy0002,Ext0022,6,61957,443,6,80,637,38037
243708.98271412816,1.14,Comp0006,Comp0012,6,10392,22,4,5,136,10
243730.70149032123,8.909,Proxy0001,Ext0034,6,45158,443,4,50,688,11363
243737.13311133598,32.967,DC0002,DC0001,6,54417,445,51,51,1935,23621
243789.09925969283,6.097,Proxy0001,Ext0004,6,56893,80,4,32,899,24053
243799.06996425687,0.12,Mail0002,DNS0001,17,54414,53,3,3,68,60
243870.3003656568,5.89,Comp0074,Web0006,6,48744,443,5,149,484,2483
243898.77894755575,0.108,Comp0047,DNS0002,17,14043,53,2,4,103,225
243953.7008772685,0.012,Comp0026,DNS0002,17,63210,53,2,2,78,121
244126.02489680878,0.356,Comp0040,Web0004,6,35096,443,4,18,1454,6630
244141.78077089597,6.181,Comp0065,Web0002,6,46542,443,6,42,1276,4007
244205.00763388234,16.804,Comp0034,Mail0001,6,2104,993,2,11,412,150
244217.61605634063,17.161,Comp0006,Web0005,6,1190,80,10,34,997,3310
244222.90897853096,2.373,Web0006,DB0004,6,60024,3306,13,104,5565,26681
244288.29212199326,1.195,Comp0001,Web0005,6,11183,443,5,25,212,14607
244308.47677851038,0.153,Proxy0001,Ext0003,6,60935,443,20,28,2894,8505
244334.28535247635,7.968,Comp0033,DC0002,6,65128,445,19,53,1299,15956
244378.86236892059,0.127,FS0001,DNS0002,17,11209,53,3,3,78,134
244443.2622691471,0.656,Comp0050,DNS0002,17,60156,53,2,3,44,102
244508.20384968707,5.597,Comp0037,DC0002,6,3552,389,8,4,256,124
244583.96976751433,3.524,Proxy0002,Ext0006,6,32887,443,9,14,773,3528
244666.68079992943,6.646,Web0004,DB0002,6,55767,3306,4,64,8019,6889
244724.29422263103,0.141,FS0001,DNS0002,17,22421,53,3,2,52,198
244739.397242663,0.914,Comp0006,Mail0001,6,7658,3389,7,10,476,92
244745.51882459706,1.273,Comp0048,DC0002,6,2747,88,9,9,936,535
244850.73618758805,0.021,Web0005,DB0003,6,7569,5432,27,64,2628,3685
244874.90318088536,1.306,Comp0047,Web0003,6,54946,443,5,18,259,1417
244885.00615829564,10.897,Comp0028,DC0001,6,55628,88,6,40,600,468
244886.56558059022,9.568,Web0004,DB0003,6,28703,3306,5,135,2803,18814
244951.33442948846,0.527,Comp0035,DNS0001,17,51597,53,2,7,51,321
244953.39833661582,0.052,Proxy0001,DNS0002,17,1150,53,5,2,53,185
245044.67887505778,1.285,Proxy0002,Ext0014,6,21109,443,4,54,547,22670
245122.03199703633,0.504,Mail0002,Ext0024,6,23598,25,4,8,343,3830
245135.17049975682,4.184,Proxy0002,Ext0034,6,17329,443,9,21,1987,28148
245147.0696723513,18.036,Web0004,DB0002,6,63236,3306,16,94,4120,13211
245160.5197081949,0.265,Comp0008,DNS0002,17,42936,53,3,2,48,196
245177.77822915372,1.427,Comp0056,Web0006,6,36680,443,7,9,351,3725
245181.35027155554,5.479,Comp0006,Comp0043,6,59105,445,11,12,3386,829
245183.66370745222,4.108,Comp0030,DC0002,6,43953,389,24,6,186,62
245186.74751346506,5.246,Web0003,DB0004,6,42572,3306,6,89,1964,452
245229.6920877236,33.141,Comp0007,FS0002,6,36072,445,20,645,2447,1333
245238.80731906567,3.241,Proxy0001,Ext0006,6,32324,443,10,22,757,34695
245263.73740122677,0.634,Comp0064,Proxy0001,6,26547,3128,12,83,280,12549
245270.11257645703,3.279,Comp0006,DB0004,6,37892,22,3,5,266,19
245293.4737031758,4.577,Comp0006,Comp0026,6,20116,139,16,32,5955,139
245331.45843658358,24.939,Web0005,DB0001,6,15906,3306,15,122,3009,43746
245366.3950548364,10.929,Web0005,DB0003,6,1332,5432,54,53,591,105977
245366.9121586681,2.582,Comp0002,Web0003,6,30973,443,7,63,981,19871
245424.65886788015,0.511,Web0005,DB0001,6,13710,3306,11,18,2765,19084
245428.22144115862,0.517,Web0003,DB0004,6,49794,5432,8,101,904,17892
245480.19040660467,0.362,Comp0012,DNS0001,17,12980,53,3,3,63,172
245491.23027874043,0.124,Mail0001,DNS0001,17,22215,53,3,2,112,149
245493.74810981462,2.812,Comp0048,Web0001,6,9028,443,16,146,589,23830
245574.64509060603,2.423,Comp0051,DC0002,6,53334,88,9,17,220,283
245578.02087150252,0.377,Comp0053,DNS0002,17,23395,53,3,2,59,208
245585.94008203887,1.436,Comp0025,Mail0001,6,38491,993,5,8,337,556
245600.49615798326,24.513,Web0001,DB0001,6,24258,3306,16,46,734,34375
245820.55075867745,2.452,Comp0002,Web0006,6,6126,80,3,55,6006,10371
245888.87117450926,7.187,Proxy0002,Ext0031,6,41851,80,8,15,397,33911
245973.64362016637,11.843,Proxy0002,Ext0014,6,32386,80,5,49,773,6267
245982.70898666268,9.706,Comp0004,Mail0001,6,36369,587,3,8,1036,618
246007.85580604913,26.071,Web0006,DB0002,6,33770,3306,90,84,5027,7688
246102.37096785498,3.049,Comp0005,DC0002,6,8017,389,4,12,143,1085
246210.72464995534,2.788,Comp0039,DC0001,6,58858,445,13,52,1078,23813
246263.0607501492,3.001,Comp0011,DB0003,6,35054,22,5,6,44,262
246513.0975054279,6.954,Comp0078,Mail0002,6,60622,993,6,12,438,1294
246575.25877207587,1.49,Mail0001,Ext0032,6,5983,25,4,11,454,364
246578.2119030176,5.579,Web0003,DB0002,6,56351,5432,84,29,1197,4930
246601.58642374683,14.027,Comp0006,Comp0056,6,48215,139,55,33,1825,280
246641.94491784816,0.627,Proxy0002,Ext0013,6,37567,443,3,43,249,5181
246657.71736562447,28.606,Comp0038,FS0001,6,2669,445,27,64,1043,29203
246659.95240699386,1.824,Comp0032,Web0003,6,34048,443,6,28,536,7866
246694.17169465384,0.018,DC0002,DNS0001,17,11956,53,2,3,70,80
246756.7922638723,2.486,Proxy0002,Ext0025,6,58991,443,7,78,1871,2500
246785.31241938716,6.694,Comp0006,Comp0057,6,52402,135,7,4,648,34
246804.24568521947,0.105,Comp0078,DNS0002,17,27154,53,2,3,41,120
246808.6324489223,12.34,Web0005,DB0001,6,51803,3306,10,196,869,15112
246832.60620418264,3.35,Comp0009,Proxy0002,6,21241,3128,4,18,480,267809
246861.960673224,12.249,Proxy0001,Ext0038,6,16161,443,5,8,274,9623
246896.5885478201,0.292,Comp0057,DNS0002,17,22007,53,2,3,74,87
247000.89013107162,0.065,Comp0017,Proxy0002,6,64383,3128,9,15,356,16440
247067.67810529584,0.428,Web0003,DNS0002,17,14822,53,3,3,82,301
247141.11302499357,0.323,Comp0006,Comp0005,6,43794,3389,8,10,236,18
247206.58854277892,7.728,Proxy0002,Ext0003,6,38893,443,6,117,525,18682
247248.85635879237,15.926,Comp0023,Web0002,6,24603,443,11,6,251,1319
247284.4698466603,23.231,DC0001,DC0002,6,46074,445,8,122,2408,10518
247434.05681302943,1.252,Comp0039,Web0003,6,46790,80,5,17,47,14097
247435.0692883849,8.704,Proxy0001,Ext0020,6,4411,80,8,16,924,10965
247445.80266191805,4.043,Comp0015,Web0001,6,49782,443,10,24,1000,80442
247475.09727543744,15.076,Web0005,DB0003,6,58312,3306,19,139,1954,894
247483.5363458686,2.266,Web0004,DB0004,6,51458,5432,6,56,2794,12061
247551.8562751055,2.675,Comp0012,Web0002,6,1087,443,8,51,972,1501
247571.92935540312,5.711,Proxy0002,Ext0004,6,30839,443,9,116,917,9160
247589.3296872225,13.036,Comp0011,DB0003,6,47138,445,33,77,9019,26134
247612.2965718587,10.857,Comp0064,Comp0011,6,62609,3389,8,9,482,433
247624.88310196856,5.163,Web0004,DB0004,6,60792,3306,6,10,2827,28807
247748.41191564925,3.961,Proxy0002,Ext0012,6,62355,443,11,40,727,8737
247766.51681149215,8.028,Proxy0002,Ext0013,6,57278,443,22,11,644,1331
247791.9738090953,6.324,Comp0011,DB0002,6,61492,22,11,8,1233,444
247840.94008766158,1.04,Comp0001,DC0001,6,51809,389,17,15,341,501
247973.6470451622,10.861,Comp0053,FS0003,6,64141,445,66,29,1098,141490
247987.2329881619,2.697,Web0005,DB0004,6,29379,3306,44,35,2407,41432
248005.9110396509,0.279,Web0001,DNS0001,17,63232,53,3,2,35,137
248038.69712914375,2.349,Proxy0001,Ext0037,6,59401,80,7,10,835,6122
248043.50625131346,2.954,Proxy0001,Ext0013,6,49308,80,4,27,634,22272
248086.92121044773,7.734,Web0001,DB0004,6,39464,3306,14,90,10656,12497
248095.2048679731,0.045,Proxy0001,Ext0008,6,32084,80,32,141,120,4623
248112.38426515338,14.726,Proxy0001,Ext0027,6,37740,443,40,83,630,21989
248306.75150860762,2.35,Mail0001,Ext0025,6,10977,25,9,19,687,225
248321.6960209679,5.355,Comp0069,Comp0011,6,28398,3389,2,40,1156,171
248342.04386768365,8.919,Web0005,DB0003,6,4491,3306,31,57,3557,3715
248463.95507489773,1.264,Comp0063,Comp0011,6,19740,3389,5,5,808,1198
248668.5869126069,39.18,Comp0012,FS0001,6,39668,445,28,408,4937,930
248674.2515460161,28.677,Web0005,DB0003,6,50350,3306,68,64,862,9163
248689.97293104953,20.13,Web0002,DB0003,6,27663,5432,6,88,429,13637
248723.23928259322,0.8,Mail0001,Ext0037,6,26957,25,6,6,363,404
248730.10550917947,5.145,Web0004,DB0003,6,54219,3306,12,214,1624,83453
248827.14914953068,1.713,Web0001,DB0003,6,55408,3306,9,127,3247,4330
248842.15255211716,1.927,Comp0007,DC0001,6,44701,88,8,5,282,732
248953.94161137997,5.312,Proxy0001,Ext0005,6,7265,443,8,72,858,6625
249012.40221567042,0.195,Comp0065,Web0006,6,17618,443,56,48,424,8983
249228.22382969793,0.009,DB0002,DNS0002,17,53667,53,2,2,55,135
249273.19627472528,10.106,Proxy0001,Ext0007,6,36592,80,18,42,3141,12590
249281.01365571073,9.891,Comp0047,FS0002,6,6850,445,12,17,5708,3527
249317.7198104607,0.048,Web0005,DB0001,6,50956,3306,44,51,1985,21245
249450.76621698198,9.05,Web0003,DB0004,6,13096,5432,32,140,3949,120929
249521.65005840902,3.153,Web0005,DB0002,6,36341,5432,4,66,1181,29254
249534.31470597157,0.519,Comp0059,DC0001,6,48888,88,5,3,73,1621
249568.83364888915,24.488,Web0006,DB0002,6,32762,5432,15,53,633,6312
249635.32571055667,10.504,Proxy0002,Ext0023,6,54223,80,6,53,5671,6604
249649.0499216479,0.322,Proxy0001,Ext0000,6,2277,80,10,112,1899,15909
249675.62934173777,6.06,Proxy0001,Ext0021,6,38597,443,5,37,139,21814
249796.6545858737,6.757,Proxy0001,Ext0014,6,53834,443,8,59,204,11081
250138.01783533732,12.423,Comp0006,Comp0060,6,30725,445,8,324,1419,1209
250163.89983080703,0.019,Comp0020,DNS0001,17,37618,53,2,2,50,194
250322.21451101004,0.047,Mail0001,DNS0001,17,32677,53,2,3,55,132
250339.45116830367,0.043,Comp0036,DNS0001,17,3505,53,2,3,75,250
250445.24067594286,6.584,Comp0006,Comp0077,6,37085,135,11,9,698,6
250467.4203669842,0.247,Web0002,DNS0001,17,22017,53,2,2,68,173
250472.2025399342,4.486,Web0002,DB0003,6,23456,3306,32,69,2581,152674
250495.39991814626,2.943,Web0003,DB0002,6,19542,5432,48,28,2154,19062
250627.18076442112,2.138,Proxy0001,Ext0029,6,50945,443,10,65,368,13774
250639.23507089418,3.356,Proxy0002,Ext0033,6,26271,80,6,65,445,2028
250730.38912851713,0.125,Web0001,DNS0001,17,43528,53,2,3,26,109
250856.9663786139,1.065,Web0005,DB0001,6,27032,3306,21,91,3423,35855
250913.11677626212,18.817,Comp0045,FS0002,6,20487,445,5,129,2178,43786
250975.63464648032,1.475,Proxy0002,Ext0020,6,41445,80,23,69,721,2302
251038.26725324683,62.525,Web0004,DB0004,6,2860,5432,10,143,6803,3682
251080.08410344954,3.659,Proxy0002,Ext0005,6,25554,443,10,12,258,17630
251128.77740126816,4.052,Web0001,DB0001,6,33151,3306,13,12,1286,19086
251139.9941806239,0.094,Web0004,DNS0002,17,30477,53,2,3,55,151
251182.9311464309,3.421,Proxy0001,Ext0006,6,29814,80,13,24,944,12451
251204.32337082867,9.552,Web0003,DB0001,6,29136,3306,17,152,10370,28105
251206.2208703538,3.479,Comp0024,Proxy0002,6,27674,3128,9,74,817,10962
251251.48687836798,13.292,Comp0064,Web0004,6,3263,443,14,18,1024,427
251256.31907536546,0.337,Proxy0002,DNS0002,17,16985,53,3,2,127,110
251429.5918436058,1.593,Comp0043,FS0002,6,44386,445,24,68,4471,77888
251438.65195907623,2.714,Proxy0002,Ext0003,6,26614,443,6,25,685,9142
251503.25477686455,0.072,DC0002,DNS0002,17,34477,53,3,2,64,279
251802.5768012897,0.138,Web0003,DNS0001,17,20879,53,2,3,52,215
251818.5223720588,0.235,Comp0011,DB0001,6,8792,3389,5,19,707,776
251870.05962987576,2.565,Proxy0001,Ext0001,6,43028,443,9,31,393,18428
251953.87903185343,0.228,Web0001,DB0003,6,48879,3306,8,67,374,33130
251957.51826067077,1.407,Web0006,DB0001,6,33158,3306,16,47,2127,2486
252103.43744269316,2.283,Web0004,DB0003,6,50485,3306,14,96,3049,24875
252123.3637631044,5.599,Comp0006,Comp0002,6,33292,135,6,11,339,120
252132.7416511386,30.87,Web0004,DB0001,6,19370,5432,21,120,7438,12349
252334.19369808328,7.428,Web0003,DB0004,6,54464,3306,42,89,2685,14650
252335.986303814,0.208,DC0002,DNS0002,17,60188,53,3,2,76,146
252357.02251624217,0.722,Comp0006,Comp0020,6,37886,135,2,7,145,21
252404.24273294752,0.162,Comp0046,DC0001,6,15707,389,3,6,391,187
252610.1190929065,2.445,Comp0068,Comp0011,6,3388,3389,5,6,1338,1329
252685.73262659082,12.443,Web0006,DB0004,6,51642,3306,5,244,1182,5934
252710.15046623343,7.777,Web0001,DB0003,6,29199,3306,19,52,920,8843
252739.33808586403,0.988,Proxy0002,Ext0018,6,37538,443,45,25,1092,3870
252833.18970597163,0.226,Proxy0001,Ext0033,6,51682,443,15,104,407,1728
252849.4677610446,0.969,Comp0035,Comp0011,6,37767,3389,5,14,826,645
252907.22698225168,0.036,FS0001,DNS0002,17,41366,53,2,2,29,159
253000.530377321,7.381,Web0005,DB0002,6,20793,3306,32,72,3923,2940
253116.72181666608,0.552,Comp0006,Mail0001,6,17212,139,125,40,10189,298
253137.93657642882,0.07,Proxy0001,Ext0001,6,27943,443,7,90,385,11493
253225.06692772498,30.09,Web0005,DB0004,6,2629,3306,19,130,1163,9585
253322.2200757463,0.04,Web0002,DNS0002,17,15957,53,3,3,93,222
253334.12565413286,14.745,Comp0006,Comp0017,6,27988,445,29,133,2114,611
253396.48037815362,29.353,Comp0006,Comp0077,6,16209,445,15,71,4344,1542
253416.1935454635,1.76,Comp0006,DNS0001,6,6862,139,27,29,4058,977
253420.28299932397,1.731,Comp0006,Comp0011,6,49188,3389,7,19,1320,1116
253431.24628691358,0.588,Comp0054,Comp0011,6,34131,3389,10,13,357,429
253467.9028714856,6.236,Proxy0002,Ext0036,6,39072,80,4,22,363,3756
253545.39859863668,9.015,Comp0016,Web0001,6,52518,443,12,30,396,6681
253562.54348701937,1.121,Mail0002,Ext0025,6,64823,25,7,13,93,1112
253622.34823229717,25.116,Web0002,DB0004,6,7233,5432,41,165,589,18583
253642.38569440594,9.825,Comp0025,Proxy0001,6,29810,3128,8,52,379,14766
253658.00162050343,0.15,Mail0002,Ext0035,6,25823,25,3,9,385,1257
253712.88129046577,0.137,DB0004,DNS0001,17,32852,53,3,3,70,145
253713.89126834995,0.169,Comp0006,Comp0054,6,46885,22,6,3,1125,81
253746.52733854455,21.527,Proxy0001,Ext0021,6,36231,443,4,83,2779,3076
253833.5567947992,0.314,DB0004,DNS0002,17,52325,53,3,2,36,225
253846.13175441272,3.287,Comp0006,DB0004,6,11441,445,14,96,7933,4267
253903.31636931555,3.858,Proxy0001,Ext0016,6,28236,443,7,41,1416,9471
253915.97920059762,1.315,Web0006,DB0001,6,33437,5432,13,40,1640,4162
253933.2073536432,0.897,Proxy0002,Ext0025,6,9859,443,8,7,454,3066
253994.692792584,3.544,Web0003,DC0002,6,45928,389,2,5,168,443
254018.00267341785,0.049,Comp0065,Mail0001,6,29865,993,3,3,215,235
254073.98284974258,18.844,Web0005,DB0002,6,7839,3306,47,51,1903,13871
254087.54062248007,1.653,Proxy0002,Ext0016,6,40031,443,15,10,60,20730
254124.13212145073,7.906,Comp0006,DNS0001,6,62217,445,12,405,1975,575
254131.59466207828,0.342,Mail0002,Ext0012,6,27738,25,6,6,1435,519
254202.78835693514,31.251,Web0005,DB0003,6,9071,3306,6,164,1167,22529
254226.7785564345,2.491,Mail0001,Ext0037,6,11484,25,6,6,207,449
254263.44810928416,0.204,Proxy0002,Ext0003,6,27838,443,18,114,450,899
254296.72016118845,1.865,Proxy0001,Ext0025,6,15300,80,16,35,6335,11698
254339.80505344959,10.831,Comp0016,Comp0011,6,31489,3389,11,38,310,80
254358.57287332093,1.328,Web0004,DB0003,6,41177,5432,67,38,2695,3369
254450.4831018747,1.283,Proxy0001,Ext0020,6,39257,443,6,69,220,37776
254645.35025311314,17.862,Web0003,DB0002,6,49399,5432,19,14,3554,20050
254649.57396368528,0.023,Comp0007,DNS0002,17,17367,53,2,3,105,152
254656.96696611386,12.203,Comp0006,DNS0001,6,26438,22,4,4,131,57
254663.71798334795,18.741,Web0006,DB0003,6,35743,3306,61,282,1861,39884
254665.9736418264,6.446,Web0003,DB0004,6,10200,3306,6,165,935,5047
254679.0595358981,3.012,Web0001,DB0002,6,37886,3306,13,33,244,30908
254728.84246924994,0.035,Proxy0002,DNS0002,17,41111,53,3,3,63,176
254751.32959486125,26.423,Web0005,DB0003,6,57970,3306,50,508,404,7973
254753.51825282376,9.213,Proxy0002,Ext0039,6,16249,80,26,17,319,56898
254798.43051885776,8.916,Proxy0001,Ext0005,6,57267,443,5,97,961,6000
254821.57069425366,2.879,Comp0006,Comp0065,6,25641,135,9,9,320,19
254837.64238204627,0.183,DB0004,DNS0001,17,64795,53,3,2,41,77
255053.6472280129,0.402,Mail0001,Ext0003,6,14071,25,4,4,326,381
255065.37066434696,0.323,Web0005,DNS0001,17,18604,53,2,3,64,83
255094.15852605161,16.03,Web0002,DB0001,6,18547,3306,143,20,694,3932
255114.44052598433,18.132,Web0005,DB0001,6,19987,5432,20,204,442,6690
255116.18473079772,1.026,Comp0006,Web0002,6,7217,22,12,5,496,23
255158.7336177771,0.254,Web0002,DNS0002,17,40772,53,2,2,74,201
255444.2631995065,14.809,Comp0006,Comp0003,6,41351,139,40,298,1013,10179
255503.6593004967,64.057,Web0006,DB0004,6,5867,3306,10,326,652,40022
255529.1801033988,4.119,Comp0006,Comp0065,6,11805,22,5,6,178,57
255575.00544947473,14.619,Web0001,DB0001,6,22034,3306,65,43,1188,10036
255617.18182764167,1.598,Web0003,DB0004,6,59760,3306,7,350,2448,12404
255680.20442157518,3.105,Proxy0001,Ext0039,6,17404,443,16,37,1285,17650
255711.6092761177,1.021,Proxy0001,Ext0021,6,2822,443,17,13,2213,7088
255742.29849676567,4.655,Mail0002,Ext0029,6,7423,25,5,7,291,480
255788.00049788703,1.899,Proxy0002,Ext0003,6,6851,80,8,45,2413,2848
255891.50718864403,3.351,Proxy0002,Ext0019,6,8335,80,11,28,1211,2533
255902.34858243668,16.559,Web0004,DB0004,6,28663,3306,36,76,2865,2129
255934.94521304854,2.284,Proxy0002,Ext0004,6,44211,443,5,23,672,4366
255941.0591291951,0.503,Web0005,DNS0001,17,32763,53,5,2,99,146
256129.7776916279,31.985,Web0003,DB0002,6,35515,5432,38,29,2070,12638
256272.24119398795,0.061,Comp0013,DNS0001,17,48972,53,2,2,109,52
256340.80871299678,0.122,Mail0002,DNS0002,17,11485,53,2,2,69,209
256348.29286168917,0.045,Web0002,DB0004,6,9099,3306,16,73,1552,13877
256354.7758545904,5.402,Comp0006,Comp0015,6,45343,445,22,27,1888,179
256436.767226024,0.78,Comp0003,Comp0011,6,25521,3389,10,9,1258,2111
256460.10577546002,5.554,Proxy0001,Ext0002,6,37669,443,7,22,1431,6056
256540.90084480937,3.16,Proxy0002,Ext0025,6,40027,443,7,83,113,11259
256592.46864934955,0.037,Proxy0001,DNS0001,17,35572,53,2,3,62,363
256732.13804353983,0.482,DB0002,DNS0002,17,46786,53,2,3,40,155
256850.62507880077,6.902,Web0006,DB0004,6,43628,5432,53,177,1242,198132
256888.37292563796,0.013,Web0005,DB0003,6,62214,3306,25,127,21805,25246
257004.05325825117,1.208,Comp0014,Comp0011,6,36508,3389,6,10,205,1833
257061.13992188807,5.389,Proxy0001,Ext0007,6,58112,80,12,23,475,2443
257147.49781202845,4.383,Proxy0001,Ext0012,6,58018,443,14,100,520,5941
257308.854704671,3.534,Comp0006,Comp0013,6,35310,445,16,139,10384,10599
257323.29536488856,11.148,Proxy0002,Ext0016,6,45093,80,11,152,1833,1589
257438.50154858019,27.44,Proxy0002,Ext0016,6,47422,80,9,92,1590,2800
257444.7551632783,2.115,Proxy0001,Ext0013,6,63530,80,11,171,634,2602
257603.5412235834,0.263,Web0004,DNS0001,17,26306,53,2,2,47,62
257615.35275717574,7.413,Web0004,DB0004,6,5492,3306,13,441,1326,8492
257816.5185544453,19.78,Comp0006,Comp0080,6,30399,139,22,23,698,1560
257901.85593726562,0.059,Web0005,DNS0002,17,62444,53,2,3,54,392
257942.68020491657,0.432,Web0002,DC0002,6,54098,389,11,14,535,435
258058.01312636666,5.889,Web0003,DB0004,6,27944,3306,16,45,3139,8145
258210.81426587488,1.073,Comp0006,Comp0018,6,62529,22,6,10,253,87
258359.93177225208,2.389,Comp0006,Comp0025,6,6558,135,2,5,505,55
258364.82088569307,6.472,Proxy0002,Ext0005,6,6654,80,18,21,575,33127
258391.58095515158,4.8,Web0003,DB0003,6,39460,5432,18,60,555,18900
258799.00223678516,18.822,Comp0006,Comp0015,6,30943,445,37,42,8378,18355
258992.56595227448,21.954,Web0001,DB0002,6,52099,3306,15,58,1148,7952
259030.2761764332,6.201,Proxy0001,Ext0015,6,56583,443,4,32,628,2336
259055.7845219191,2.624,Comp0058,Comp0011,6,63404,3389,4,6,532,1199
259138.39520668422,2.265,Web0001,DB0004,6,6553,5432,10,185,2609,1974
259196.4,2.286,Comp0036,DC0002,6,41443,88,3,6,429,432
