time,duration,src_device,dst_device,protocol,src_port,dst_port,src_packets,dst_packets,src_bytes,dst_bytes
345651.5701301909,32.256,Web0004,DB0001,6,41838,3306,17,100,2463,15579
345718.61748981156,16.314,Web0001,DB0002,6,49873,5432,22,147,2874,1328
345745.483115937,3.764,Web0006,DB0003,6,17027,3306,29,82,307,9198
345762.85692663013,10.625,Web0005,DB0002,6,45239,5432,16,138,4364,18132
346007.9145941845,0.677,Web0005,DB0004,6,54972,3306,7,233,1772,21824
346016.4233758653,27.374,Web0003,DB0004,6,48849,3306,44,205,1554,7998
346202.5318885338,11.282,Comp0078,Proxy0001,6,6772,135,8,10,464,7
346233.22275461734,6.166,Proxy0001,Ext0004,6,14573,80,7,110,4096,8180
346308.5276304541,8.165,Web0001,DB0004,6,51326,5432,59,92,2292,33477
346457.5936467149,0.01,Web0002,DNS0001,17,54961,53,3,4,44,107
346541.1939975045,1.016,Proxy0002,Ext0037,6,56624,443,6,365,319,4859
346600.96570488747,4.879,Web0003,DB0001,6,19471,3306,66,167,2084,27170
346635.23809365113,9.484,Proxy0001,Ext0000,6,60911,443,18,52,2752,6139
346672.9999454355,3.553,Comp0006,Comp0037,6,36626,135,12,12,589,34
346794.6951177,5.144,Mail0002,Ext0016,6,47130,25,7,5,865,4953
346884.1485265095,0.733,Web0003,DB0001,6,16861,3306,7,58,358,39365
346907.1102095607,0.25,Comp0078,Comp0003,6,50357,135,3,6,343,14
346927.716136473,2.721,Comp0078,Comp0047,6,15878,445,65,112,387,5029
346983.31435312796,7.275,Web0006,DB0001,6,61033,5432,26,17,1575,16113
347130.45978178777,1.378,DB0002,DC0002,6,24222,389,18,3,1160,145
347259.83764785144,0.983,Comp0013,Comp0011,6,42312,3389,9,5,482,2585
347349.2468370051,1.595,Comp0011,FS0001,6,55126,22,15,11,568,819
347444.0816103744,3.597,Web0002,DB0002,6,28786,3306,10,99,1263,2750
347500.6048314857,26.757,Web0004,DB0002,6,31453,3306,19,41,1379,6761
347506.8903159984,4.983,Proxy0002,Ext0022,6,57907,443,10,34,516,7829
347677.96433115425,0.088,Web0003,DNS0001,17,47052,53,2,2,125,147
347707.190178797,11.5,Web0006,DB0002,6,4804,5432,37,359,4374,33316
347727.2768858504,5.811,Web0004,DB0002,6,46359,3306,8,151,2678,22162
347753.8921881764,12.28,Web0005,DB0001,6,4093,5432,11,76,2548,11692
347768.05282649363,2.832,Web0004,DB0004,6,62477,3306,18,154,487,617492
347775.0284420757,26.644,Web0005,DB0001,6,52353,3306,37,264,4531,5634
347831.25088234,2.539,Comp0078,Comp0052,6,49739,139,11,105,247,274
347833.5309502081,1.047,Web0002,DB0004,6,23531,5432,15,108,877,4788
347854.5196911815,15.38,Comp0006,Comp0020,6,14839,139,34,91,686,270
348024.35322725266,0.104,FS0003,DNS0002,17,62209,53,3,3,87,249
348041.3297689176,9.164,Proxy0001,Ext0026,6,62811,443,6,44,3668,50291
348114.80946450494,0.922,Proxy0001,Ext0004,6,27065,443,17,21,1126,5055
348135.9631177569,0.026,Web0004,DNS0001,17,12859,53,3,3,55,119
348145.11760249705,19.898,Web0003,DB0004,6,27767,3306,22,73,480,34761
348366.7824811111,0.156,Web0001,DNS0002,17,1547,53,2,2,29,219
348381.5970223741,0.098,Web0003,DNS0002,17,6441,53,2,2,85,187
348500.7128761058,13.465,Proxy0001,Ext0035,6,46314,443,5,51,1551,3596
348674.8438959063,11.184,Web0006,DB0001,6,62419,5432,14,54,722,13783
348829.9889224533,0.063,Proxy0002,Ext0018,6,10435,443,9,16,2368,21311
348861.45107915427,6.857,Proxy0001,Ext0010,6,16109,443,14,51,302,5365
348896.91766807256,2.08,Proxy0002,Ext0002,6,25139,443,31,39,329,6898
348937.8297732478,5.199,Mail0002,Ext0022,6,39715,25,5,5,333,711
348975.3812753735,1.382,Web0006,DB0004,6,31905,5432,30,77,2684,12934
348984.6775419095,3.55,Proxy0002,Ext0011,6,51044,443,14,88,340,9604
349010.68505213066,1.028,Comp0078,Comp0068,6,50642,135,6,12,114,36
349012.6607935821,2.158,Proxy0001,Ext0035,6,34769,443,6,43,292,7539
349043.2319840999,6.494,Comp0077,Comp0011,6,46274,3389,9,23,794,799
349050.43423906155,10.586,Comp0078,Comp0013,6,49103,445,12,198,362,990
349105.61666264664,8.582,Comp0078,Comp0043,6,52009,445,29,129,594,785
349135.1812292246,2.676,Comp0078,Mail0002,6,32924,3389,10,4,126,79
349195.40795941895,1.105,Proxy0001,Ext0022,6,41835,443,7,72,1449,1892
349221.72735222685,0.208,Proxy0001,Ext0005,6,53988,80,8,57,981,8800
349252.8190318216,4.086,Comp0006,Comp0004,6,11255,139,51,147,783,53
349405.3996254769,0.634,Comp0021,Comp0011,6,4556,3389,4,10,185,74
349461.89657831204,0.196,DB0001,DNS0001,17,32709,53,2,3,55,71
349525.0467923368,4.357,Proxy0001,Ext0010,6,63511,80,52,41,293,1620
349666.84317641926,8.57,Web0003,DB0004,6,15508,5432,22,76,940,532
349705.06914535817,10.318,Web0004,DB0003,6,39081,3306,28,1136,9703,78468
349723.20215931436,7.878,Web0004,DB0001,6,62747,3306,10,98,1990,12303
349814.936685897,4.235,Proxy0002,Ext0005,6,34172,443,10,20,4619,12234
349845.97091851954,4.469,Proxy0002,Ext0018,6,8089,443,11,90,623,2324
349849.05215317075,9.527,Comp0006,Comp0033,6,14065,445,11,274,397,2974
349866.0568047403,1.752,Comp0078,Comp0037,6,45802,22,5,7,1552,12
349893.8094570238,0.201,Comp0006,Comp0076,6,36483,22,10,6,114,105
349935.0500790713,1.158,Web0002,DB0002,6,57971,3306,32,96,1143,27372
349950.7063283017,0.017,Proxy0002,Ext0011,6,39369,443,18,20,646,10703
349994.59180562536,3.068,Proxy0002,Ext0005,6,34667,80,7,14,657,1178
350026.0282722768,28.055,Web0001,DB0003,6,40830,3306,21,396,2729,2772
350094.43300001835,6.959,Proxy0001,Ext0009,6,11750,80,14,24,1050,11956
350144.6517091581,6.079,Web0006,DB0004,6,2972,5432,31,57,2999,68142
350193.5745252013,4.591,Proxy0001,Ext0021,6,50711,80,3,67,1051,31120
350301.7068536325,0.95,Web0002,DB0003,6,16367,5432,6,388,9632,2163
350367.6977080913,5.535,Proxy0001,Ext0012,6,30628,443,8,47,526,21404
350370.2340856553,8.683,Comp0078,Comp0079,6,64323,135,5,9,513,138
350397.5724046914,0.064,Web0006,DNS0002,17,57486,53,2,2,73,97
350449.83186505956,5.784,Web0001,DB0003,6,4806,5432,18,56,717,7961
350512.7729811485,0.335,Comp0078,Comp0011,6,46029,3389,8,5,116,1148
350553.7391703332,1.669,Web0001,DB0004,6,27590,5432,63,61,2592,5532
350589.6536771693,0.041,DB0001,DNS0001,17,43932,53,2,3,119,85
350651.9697169847,0.399,DC0002,DNS0001,17,17182,53,3,2,33,147
350698.7443671282,0.701,Web0006,DNS0002,17,65012,53,2,2,78,74
350717.1605973229,4.054,Web0002,DB0002,6,18378,3306,30,87,570,48519
350720.7043517657,5.311,Web0002,DB0003,6,25777,3306,10,65,885,2026
350940.4085119081,5.473,Web0006,DB0001,6,44027,5432,12,79,10050,3299
350950.1627420287,24.289,Web0003,DB0002,6,53476,3306,5,185,2421,106304
351022.9916498359,25.751,Proxy0002,Ext0012,6,14050,443,17,13,725,4388
351180.599074566,0.71,Comp0006,Web0006,6,36166,22,5,5,241,19
351189.20670846186,6.146,Web0001,DB0004,6,63770,3306,23,49,2429,9042
351193.5508738281,2.207,Proxy0001,Ext0005,6,11601,443,8,34,119,9719
351195.3452231157,15.691,Web0006,DB0001,6,17669,5432,68,34,541,6061
351274.55178564665,1.465,Proxy0001,Ext0022,6,58718,443,3,141,516,1987
351350.8733711007,5.037,Proxy0002,Ext0015,6,35706,443,9,47,912,9075
351353.4903814038,0.926,Mail0001,Ext0027,6,28060,25,4,8,163,1032
351443.66712121427,30.555,Web0003,DB0002,6,22000,3306,24,221,2338,38030
351470.08237573545,8.848,Web0006,DB0003,6,50380,3306,21,34,1690,2534
351494.4825847798,0.283,Mail0002,DNS0002,17,1821,53,2,2,102,187
351513.81171741715,2.473,Comp0011,DC0001,6,6499,445,24,21,737,88337
351683.2509356986,10.706,Proxy0002,Ext0003,6,60910,443,9,21,124,4911
351697.40759919933,6.626,Comp0006,DC0001,6,34912,139,24,30,21038,399
351708.2715934043,16.701,Web0003,DB0002,6,15123,3306,11,147,3677,31850
351748.46133078594,0.074,Web0004,DNS0001,17,53080,53,2,4,69,123
351756.97236474254,5.233,Comp0011,FS0003,6,46498,3389,6,4,125,785
351809.3312976687,3.12,Proxy0001,Ext0002,6,31252,443,27,41,325,40960
351827.1923579826,5.415,Comp0006,Comp0017,6,53871,135,6,6,683,86
352011.6574747081,2.026,Comp0078,Comp0072,6,54543,3389,4,18,331,55
352081.94165940746,0.234,Comp0006,Comp0037,6,63304,3389,4,7,89,52
352156.0966394171,5.775,Comp0011,DC0002,6,48739,22,4,19,197,614
352156.7108853444,1.593,Comp0065,Comp0011,6,42317,3389,10,7,240,3317
352237.5472384225,8.977,Web0002,DB0002,6,62500,3306,21,70,604,50862
352277.226711058,3.116,Comp0078,Comp0027,6,5844,445,38,143,456,1355
352398.71859815816,7.427,Proxy0002,Ext0012,6,45914,443,18,27,268,2544
352415.6151553739,1.136,Web0005,DB0002,6,10778,5432,34,41,5082,16605
352458.4245997767,0.427,Web0001,DB0003,6,2324,3306,67,87,3154,1658
352721.2985573991,0.064,Web0002,DNS0002,17,26051,53,2,3,92,95
352807.8807677471,0.684,Web0006,DB0002,6,45384,5432,15,561,164,35716
352878.1668072767,25.793,Comp0006,DB0001,6,14788,139,42,77,2119,103
352938.8285900272,4.163,Web0003,DB0001,6,42681,3306,111,213,2787,29031
353007.2905618269,6.965,Comp0006,Web0004,6,39638,139,63,129,1578,995
353030.05109117046,2.538,Proxy0001,Ext0023,6,17274,443,15,33,1218,13328
353248.49517579144,2.64,Web0005,DC0002,6,55409,389,6,5,163,576
353314.9623952792,20.342,Comp0078,Comp0075,6,33628,139,36,91,886,1397
353326.2283403874,0.008,Web0002,DNS0002,17,19212,53,2,3,44,255
353416.28959319653,9.302,Proxy0001,Ext0036,6,14458,443,14,95,248,26983
353544.3900953784,0.386,Proxy0001,Ext0006,6,16694,443,9,20,1019,70316
353636.5134446214,0.181,DB0003,DNS0002,17,49919,53,2,2,45,99
353642.1803748593,13.651,Web0006,DB0003,6,36054,3306,22,110,1884,36038
353652.4815309539,10.816,Web0003,DB0002,6,19903,3306,11,60,801,36075
353780.59098812816,20.107,Web0005,DB0004,6,27533,3306,32,58,1136,142314
353859.14935589663,7.71,Comp0006,Comp0076,6,55613,3389,11,17,659,159
353870.176782095,0.486,Proxy0001,Ext0013,6,63357,80,8,28,540,3557
353950.6516811206,5.845,Comp0011,FS0003,6,8310,22,3,8,185,1206
353961.08220991323,2.027,Comp0006,Comp0076,6,5044,135,5,12,336,18
353975.6135149367,4.725,Web0003,DB0001,6,20515,3306,3,20,1401,5207
354019.41502938425,8.967,Comp0006,FS0002,6,57402,139,34,44,2061,165
354081.65490178514,8.526,Proxy0002,Ext0011,6,57197,80,10,15,1240,4590
354112.4666811902,2.27,Mail0002,Ext0012,6,1103,25,5,5,599,256
354231.7171404243,4.743,Web0006,DB0002,6,20777,3306,9,460,1176,3515
354444.2901150777,7.502,Proxy0001,Ext0007,6,16203,443,4,31,12549,1363
354459.3936043347,11.159,Proxy0001,Ext0019,6,35785,443,16,7,612,4458
354490.6213185398,11.095,Proxy0002,Ext0003,6,39857,443,6,65,178,109600
354493.907909402,17.84,Web0006,DB0004,6,39674,5432,12,72,887,1433
354498.1380059548,0.118,Web0002,DNS0002,17,50601,53,2,2,60,65
354532.9586534447,12.765,Comp0078,Comp0030,6,56322,3389,6,12,696,28
354548.9706410281,11.743,Proxy0002,Ext0022,6,37293,443,12,11,2807,11011
354667.32579728705,20.808,Comp0011,DB0001,6,2705,445,59,95,8620,4169
354718.5090707394,2.661,Proxy0001,Ext0026,6,23785,443,6,9,1196,138
354738.7058585104,1.457,Proxy0002,Ext0020,6,39786,80,27,25,224,16072
354790.2855366089,0.679,Comp0063,Comp0011,6,54601,3389,10,15,264,877
354822.6292602907,3.575,Proxy0002,Ext0032,6,7938,443,17,53,290,26774
354834.7857975874,0.767,Comp0006,Comp0039,6,10529,445,53,113,1709,749
354846.9284451845,2.614,Mail0002,Ext0030,6,13020,25,5,12,1420,151
354876.5482871319,3.56,Proxy0001,Ext0038,6,57346,443,3,15,326,931
354960.23971713544,16.362,Web0003,DB0004,6,46727,3306,12,129,262,2893
355042.6664847607,2.549,Proxy0001,Ext0012,6,55971,443,6,23,1528,2301
355092.1764590703,0.532,Comp0038,Comp0011,6,56792,3389,11,5,520,719
355094.07331050024,7.104,Comp0078,DNS0001,6,20083,135,4,6,509,159
355194.6579538073,5.727,Proxy0002,Ext0038,6,4512,443,5,36,443,11601
355221.91939479247,11.876,Comp0078,Comp0063,6,22225,3389,6,16,274,20
355281.62451105425,6.982,Comp0078,Comp0037,6,31073,135,8,5,701,18
355364.2084858918,0.155,Web0001,DB0003,6,7633,3306,26,28,1155,25862
355439.273232974,0.059,Mail0001,DNS0001,17,3590,53,4,3,73,429
355566.9955890732,0.029,Comp0078,Comp0013,6,52089,445,13,99,1089,494
355630.28554475727,0.611,Proxy0001,Ext0030,6,21245,443,9,90,159,5968
355658.08206804894,8.801,Web0006,DB0003,6,7091,3306,32,41,9967,2228
355663.9314760905,7.168,Comp0006,Comp0039,6,13431,3389,9,8,244,17
355675.8427533441,1.2,Proxy0001,Ext0028,6,53387,443,10,154,481,8360
355691.26801147574,2.616,Proxy0002,Ext0010,6,17191,443,11,59,2133,3332
355809.0865322531,2.645,Web0006,DB0004,6,14650,3306,26,394,7210,1174
355903.8456823423,4.922,Comp0071,Comp0011,6,18592,3389,7,12,178,996
355914.19621420925,1.647,Proxy0002,Ext0035,6,50496,80,4,68,1634,38203
355984.4386101046,2.812,Comp0006,Mail0002,6,13707,445,15,35,4008,167
356049.3221069696,8.873,Proxy0001,Ext0017,6,15668,80,9,34,1865,71512
356171.76864199934,17.23,Proxy0002,Ext0027,6,33028,443,14,26,763,6702
356265.8564678328,2.177,Proxy0001,Ext0008,6,17961,443,6,55,130,3120
356281.9737302395,6.11,Comp0075,Comp0011,6,4905,3389,7,17,2421,331
356309.8440272565,8.873,Web0001,DB0004,6,13277,3306,24,62,177,36216
356577.59861852165,0.814,Comp0054,Comp0011,6,28983,3389,2,9,370,1351
356587.0061603554,20.624,Web0006,DB0003,6,38691,5432,28,75,475,8977
356674.0122522266,1.821,Comp0006,Comp0022,6,38696,22,12,14,1380,89
356709.0962387317,11.247,Web0001,DB0003,6,8449,3306,54,47,331,3915
356724.1953366295,3.43,Comp0078,Web0006,6,57162,139,62,107,32648,104
356792.704488366,12.747,Web0003,DB0003,6,34229,5432,20,27,2722,5368
356840.84765780903,1.443,Proxy0002,Ext0010,6,31193,443,5,29,792,10749
356865.38670423,2.123,Comp0011,FS0001,6,15029,3389,4,2,187,561
356896.6021634193,0.023,Proxy0001,Ext0014,6,45856,443,20,82,467,6008
356921.34161753434,1.475,Proxy0002,Ext0007,6,23467,443,6,26,657,2203
356924.26413974166,0.111,Web0003,DNS0001,17,30286,53,3,2,102,193
356941.50032903074,1.489,Comp0078,Comp0055,6,4057,22,10,4,727,16
357014.68257464486,2.653,Comp0036,DC0001,6,23553,445,9,264,449,11519
357113.75495629665,0.646,Comp0013,Comp0011,6,56679,3389,4,2,859,2199
357309.8058182086,1.655,Comp0013,Comp0011,6,16327,3389,7,12,928,329
357392.4586109187,1.758,Proxy0002,Ext0012,6,5291,80,8,59,220,75674
357443.1071103421,4.648,Proxy0002,Ext0025,6,17976,80,81,116,1828,2868
357469.43836271093,3.352,Proxy0001,Ext0008,6,6726,443,5,56,807,1435
357531.8906082919,6.124,Web0004,DB0001,6,57812,3306,133,54,579,87681
357598.1913292597,7.418,Web0003,DB0001,6,13712,3306,33,87,945,36673
357642.1901167718,2.261,Proxy0002,Ext0000,6,25309,443,7,27,137,4580
357656.8189231073,0.442,Web0003,DNS0001,17,23182,53,3,2,49,78
357772.35765350773,0.465,Mail0001,DNS0001,17,57112,53,2,3,32,155
357820.8930804054,6.255,Proxy0002,Ext0025,6,61770,443,13,30,713,4546
357839.37820092187,2.921,Proxy0001,Ext0028,6,48214,80,3,77,382,9882
357932.7987442824,5.569,Proxy0001,Ext0017,6,47666,443,4,83,922,2152
357997.05832726834,2.648,Proxy0002,Ext0034,6,40209,443,5,575,432,6497
358071.94323076576,10.317,Comp0078,Comp0051,6,17961,445,7,248,1579,326
358075.0405604435,0.892,Web0004,DNS0001,17,57923,53,2,2,49,166
358111.66105539864,61.03,Web0003,DB0001,6,48803,5432,28,28,2374,27266
358399.25708695356,0.99,Proxy0002,Ext0024,6,57603,443,3,39,312,2368
358412.4182844417,5.59,Proxy0002,Ext0028,6,24522,80,13,21,233,8336
358438.32726392354,17.945,Proxy0002,Ext0037,6,26094,80,5,95,825,3920
358568.354298594,0.03,Web0003,DNS0002,17,8567,53,3,2,106,141
358801.5394547916,3.098,Comp0019,Comp0011,6,35737,3389,3,5,440,1343
358805.0394951176,5.321,Comp0011,FS0002,6,23724,3389,6,5,507,879
358846.38004078355,0.903,Comp0006,Comp0062,6,18756,135,12,13,1326,20
358855.11497848725,16.532,Web0004,DB0002,6,35955,5432,14,22,1170,12855
358990.8629990655,0.114,Proxy0002,Ext0019,6,18324,80,6,59,380,3128
358991.7003420601,16.899,Proxy0002,Ext0019,6,23009,443,6,38,717,9119
359083.61549528665,5.048,Web0001,DB0001,6,54766,5432,25,36,2625,68130
359107.28410866164,0.495,Comp0029,Comp0011,6,59903,3389,5,9,521,731
359125.2047819892,0.889,Comp0078,FS0002,6,9052,445,4,121,4923,190
359277.77590539365,4.338,Proxy0002,Ext0035,6,25949,443,16,48,661,28624
359299.77889385377,0.744,Comp0011,DB0002,6,28892,3389,6,8,323,588
359335.40921616723,0.718,Comp0078,Comp0042,6,8663,139,23,66,634,710
359466.941346093,1.434,Web0006,DB0004,6,61155,5432,34,77,6640,43924
359504.305925234,2.855,Proxy0002,Ext0030,6,29598,443,32,44,1326,4485
359532.5552973411,4.401,Mail0002,Ext0019,6,27739,25,5,11,118,729
359544.96200734907,1.819,Comp0003,Comp0011,6,16964,3389,4,15,306,592
359589.7299668063,1.562,Proxy0002,Ext0016,6,63800,443,7,56,517,1232
359734.09846536437,5.972,Comp0035,Comp0011,6,57476,3389,4,5,2455,362
359743.32710191334,0.752,Comp0006,Comp0023,6,23258,3389,4,5,672,28
359762.58054373146,2.083,Proxy0002,Ext0003,6,4376,443,12,377,1290,15401
359810.06791522156,0.211,Comp0078,Comp0063,6,50619,135,6,6,86,35
359890.0757362433,1.121,Comp0078,FS0003,6,20150,22,4,4,531,32
359961.5806107604,29.018,Web0003,DB0002,6,27652,5432,7,43,886,58118
360021.60018395993,2.551,Web0003,DB0004,6,36291,3306,6,97,2594,22176
360089.8959192551,2.379,Comp0006,Comp0079,6,64804,135,10,13,455,26
360242.7577276841,26.042,Web0005,DB0001,6,4022,3306,16,43,636,1499
360256.8464666866,0.38,Proxy0002,Ext0008,6,12639,443,7,26,985,3461
360297.566398495,1.751,FS0002,DC0001,6,45662,88,4,4,1673,222
360304.85629288433,3.514,Proxy0002,Ext0020,6,42080,443,27,61,3286,3876
360323.03203354165,3.94,Comp0078,Comp0074,6,6121,22,7,4,566,32
360372.1659681943,5.766,Comp0026,Web0004,6,53367,443,9,57,243,925
360481.82332937367,2.071,Proxy0001,Ext0017,6,44870,80,15,36,4534,1712
360484.18362394144,0.526,Proxy0002,Ext0026,6,51700,443,11,79,974,6070
360593.6767172661,3.723,Proxy0001,Ext0011,6,30804,80,15,20,1169,4175
360641.75509833125,6.702,Web0001,DB0002,6,20578,3306,26,34,339,35199
360695.549734418,0.457,Proxy0001,Ext0017,6,37825,443,2,86,313,4264
360755.46004449774,0.199,DC0001,DNS0001,17,40668,53,2,3,78,45
360887.73209018447,3.596,Comp0006,Comp0013,6,38736,22,4,9,691,22
360889.53685452614,0.03,Web0001,DNS0001,17,50135,53,3,2,65,112
361077.8891948029,0.509,Mail0001,DNS0002,17,24749,53,3,2,63,150
361086.1398446315,7.139,Web0006,DB0001,6,1034,5432,39,132,57362,20459
361094.70462778164,3.996,Proxy0002,Ext0036,6,3814,443,7,36,810,27030
361103.505607323,15.057,Comp0059,Web0002,6,20484,443,3,32,576,16276
361104.93236682523,0.269,Proxy0002,Ext0036,6,10549,443,11,42,964,8988
361151.00646076386,1.381,Mail0001,Ext0008,6,18404,25,6,10,164,1080
361153.08445654664,3.97,Proxy0002,Ext0001,6,46039,443,4,71,993,68381
361222.4137442087,2.073,Web0005,DB0001,6,40003,3306,33,94,9143,151323
361340.5469010296,15.768,Web0006,DB0004,6,59181,5432,34,86,735,29362
361418.32095762435,0.129,Comp0025,DNS0001,17,50251,53,3,2,35,107
361455.6673711647,0.488,Proxy0001,DNS0002,17,58669,53,2,2,150,215
361533.6763718739,3.261,Web0006,DB0001,6,49695,3306,167,85,1256,116021
361546.66513885715,4.229,Proxy0002,Ext0006,6,7498,80,7,47,1098,9100
361653.8921225815,4.251,Web0002,DB0004,6,8120,5432,6,218,5782,7634
361714.4275726526,4.668,Comp0006,Comp0013,6,52710,445,43,95,111,30
361747.79719942197,3.107,Comp0078,FS0001,6,43270,135,2,8,611,7
361817.8022938056,32.862,Comp0036,FS0001,6,65486,445,47,428,644,8172
361830.4900609443,2.272,Mail0001,Ext0039,6,38331,25,5,11,435,295
361831.5797617812,10.948,Web0005,DB0003,6,15761,3306,9,238,1313,23626
361993.2592779073,10.623,Web0004,DB0002,6,22660,3306,29,82,1182,44087
362045.6592302661,1.055,Web0006,DB0001,6,29764,5432,72,725,4914,11218
362052.03711213893,2.243,Comp0058,DC0002,6,31218,389,4,3,206,841
362122.20742014644,1.0,Web0005,DB0001,6,61862,3306,26,23,1425,21410
362138.75941311056,19.992,Web0004,DB0002,6,7838,3306,121,312,3779,22188
362147.22154622263,0.271,Comp0029,DNS0002,17,60154,53,2,2,77,191
362186.97901127604,3.811,Proxy0002,Ext0029,6,32050,443,11,21,144,2428
362222.7189951963,6.205,Proxy0002,Ext0022,6,38923,80,16,125,815,864
362251.3105788304,1.992,Mail0001,Ext0017,6,38533,25,5,11,188,1081
362285.4264907073,0.258,DB0004,DNS0001,17,3672,53,2,2,64,224
362303.7389445351,5.307,Web0001,DB0002,6,34252,5432,67,79,265,19506
362417.1230231161,4.276,Web0005,DB0004,6,52147,5432,34,13,2095,1859
362425.4862703876,1.904,Mail0002,DC0002,6,24010,389,7,4,184,767
362466.72488309746,0.016,Mail0002,DNS0002,17,46746,53,2,2,119,64
362535.5656546481,1.361,Web0004,DC0001,6,4246,389,18,18,1713,166
362539.64045941964,16.645,Web0001,DB0004,6,58654,3306,21,34,9631,34054
362614.34123116435,8.441,Web0002,DB0004,6,40695,5432,56,41,2060,14775
362640.380868203,0.309,Web0005,DNS0001,17,65233,53,3,2,110,118
362683.2033924908,8.891,Web0005,DB0004,6,57775,5432,30,118,1771,5065
362794.41524845496,0.035,Comp0035,Comp0011,6,56251,3389,5,17,1805,290
362800.5727170273,4.67,Proxy0002,Ext0029,6,34515,80,20,10,827,11249
362822.14860190323,5.203,Comp0006,Comp0032,6,60000,22,9,4,274,51
362833.11539729626,0.411,Mail0001,DC0001,6,45192,389,10,12,693,834
362850.98597249034,21.133,Web0002,DB0001,6,21943,3306,13,281,529,80572
362888.1864446194,0.283,Comp0006,Web0002,6,64263,135,12,6,781,34
362893.90748414246,1.534,Proxy0001,Ext0023,6,62871,443,7,47,694,9108
362917.00133789325,1.27,Comp0036,DC0002,6,64432,88,4,5,1203,725
362986.27578705864,0.134,Mail0001,DNS0001,17,40303,53,2,2,40,101
363081.1753618606,21.288,Comp0042,Web0004,6,3989,443,11,11,7659,2333
363119.0058005746,0.297,Comp0006,Comp0066,6,55536,22,8,5,558,20
363224.5595099926,2.055,Comp0078,Comp0027,6,61026,22,5,3,494,78
363262.17149843945,2.312,Comp0078,Comp0003,6,30687,139,30,17,2098,457
363593.71363246907,0.387,Web0002,DNS0001,17,7426,53,2,3,75,160
363639.1757263985,10.53,Comp0006,DNS0002,6,53084,139,23,84,11624,1766
363703.4639641375,5.912,Comp0052,DC0001,6,39466,88,5,11,460,351
363762.8080215593,6.371,Comp0053,DC0002,6,11771,88,8,7,2596,984
363812.1628394616,0.089,Web0006,DB0004,6,55808,3306,7,98,1234,21036
363813.7761018992,2.683,Web0005,DB0004,6,19825,3306,8,30,152,10847
363814.51678986545,0.165,Web0003,DNS0002,17,39407,53,3,2,83,207
363829.71029176435,12.364,Web0005,DB0003,6,21416,3306,118,214,1473,6140
363841.45553399407,2.743,Comp0006,Web0005,6,36784,3389,6,16,341,6
363857.42605679255,2.8,Web0004,DB0001,6,63703,3306,36,100,2791,15738
363866.04966037313,3.515,Proxy0001,Ext0004,6,59925,80,7,81,140,5801
363910.15522589366,0.084,DC0002,DNS0001,17,26130,53,2,3,65,234
363919.8940576078,11.444,Web0003,DB0002,6,52022,5432,24,116,3904,2384
363998.7253945819,0.254,Proxy0001,Ext0034,6,63845,443,10,19,279,13259
364005.11884280515,5.249,Web0004,DB0004,6,2163,3306,36,49,3357,275087
364017.2391126655,0.18,Mail0001,DNS0001,17,58970,53,2,3,40,160
364031.1599232273,30.663,Comp0011,DB0003,6,13930,445,20,16,13372,1138
364034.4665601981,0.008,Proxy0001,Ext0021,6,36830,443,18,150,474,17100
364043.2899443362,5.627,Web0004,DB0004,6,39763,5432,17,60,7369,27766
364070.4881283247,0.057,Mail0001,DNS0001,17,58532,53,3,2,37,189
364084.9248397393,15.111,Web0006,DB0002,6,40191,3306,10,3176,751,8115
364094.17436015594,4.325,Comp0006,Comp0034,6,46725,3389,3,8,1091,118
364106.43047200434,0.287,Comp0061,DNS0001,17,32984,53,2,2,62,387
364164.95328396384,0.832,Mail0001,Ext0031,6,35343,25,4,7,205,576
364265.2436404874,0.219,Comp0053,DNS0001,17,59033,53,2,3,66,221
364273.00878374587,9.991,Proxy0001,Ext0025,6,36576,443,8,240,1721,13129
364416.1784184241,7.353,Proxy0001,Ext0031,6,39950,80,11,60,1063,5051
364488.6135370034,17.756,Comp0006,Comp0001,6,5263,139,56,32,2173,1239
364566.9635834301,16.152,Comp0036,Mail0002,6,49184,587,15,10,384,598
364620.85328991106,2.738,Proxy0001,Ext0008,6,7551,80,10,54,3734,20619
364718.5728654895,10.69,Web0002,DB0002,6,47244,3306,25,287,767,49538
364727.2907408395,1.095,Mail0002,Ext0013,6,36997,25,6,3,149,467
364787.70373978757,5.258,Comp0006,Comp0050,6,18027,135,7,7,189,71
364838.3683892564,80.884,Web0002,DB0004,6,37011,3306,23,93,1165,22230
364863.32628599385,4.702,Proxy0001,Ext0002,6,40225,443,13,93,129,5119
364870.32710370194,1.593,Proxy0002,Ext0011,6,45843,80,18,40,438,3498
364876.85015911463,1.941,Web0006,DB0003,6,19627,3306,18,127,2170,43908
364906.34571476415,2.619,Proxy0001,Ext0003,6,55788,443,7,8,1260,8770
365020.69674585684,0.089,Web0001,DNS0001,17,44500,53,2,2,85,99
365178.3966904415,2.74,Web0004,DB0004,6,18140,5432,8,140,1857,5042
365188.2369094918,1.282,Web0001,DB0003,6,52638,3306,43,108,1736,8031
365206.09627927194,2.935,Comp0078,Comp0074,6,14838,445,7,92,1098,1969
365355.5281751003,0.743,Comp0002,DNS0002,17,26732,53,2,2,38,213
365368.1647014242,10.816,Comp0006,Comp0018,6,52119,139,8,58,1615,1105
365385.16775135027,9.82,Comp0006,Comp0001,6,41856,445,34,103,951,246
365388.89616023225,14.259,Web0005,DB0001,6,18321,5432,68,26,5066,31520
365434.5187792005,2.574,Mail0001,Ext0012,6,1962,25,5,8,598,592
365473.35819929116,4.379,Proxy0001,Ext0027,6,44205,443,21,50,200,41087
365528.4878888834,9.971,Proxy0001,Ext0015,6,35011,80,6,24,297,1329
365546.5741349266,1.897,Proxy0001,Ext0033,6,29950,443,17,99,888,39543
365546.77270574914,0.295,Comp0005,FS0003,6,61890,445,98,148,1090,26119
365559.1127908432,13.411,Comp0078,Comp0070,6,64081,139,14,149,5439,13596
365569.31410515134,0.312,Mail0001,DNS0002,17,18825,53,3,3,136,176
365584.51301592705,5.649,Comp0037,Proxy0001,6,36453,3128,10,98,166,7797
365598.728621767,3.812,Proxy0002,Ext0011,6,44853,443,10,63,490,7643
365786.82557758293,0.55,Comp0078,Comp0080,6,29090,3389,6,4,286,13
365830.4833258693,6.659,Proxy0001,Ext0038,6,38624,443,12,48,271,2847
365835.136492616,1.499,Comp0053,Comp0011,6,23957,3389,10,4,127,86
365838.2336053002,5.966,Comp0028,Proxy0002,6,57936,3128,15,49,268,14665
365887.00794881606,6.552,Comp0006,Proxy0002,6,62026,3128,20,27,273,34920
365901.29621225107,17.713,Web0003,DB0004,6,27829,3306,63,54,3256,7113
365920.40493566304,1.901,Comp0007,Web0006,6,14685,443,6,54,379,10242
365949.18479177164,0.225,Comp0011,DNS0001,17,13006,53,3,3,103,243
365952.0816382974,0.412,Comp0006,Comp0070,6,36393,22,6,3,76,13
366108.37431470933,5.186,Comp0043,Proxy0001,6,41155,3128,46,125,1079,1820
366141.9928222489,0.253,Comp0015,DNS0001,17,10866,53,2,2,62,280
366168.75290639896,29.144,Comp0045,Web0002,6,40229,80,8,106,842,51637
366171.33062916266,1.526,Comp0030,Web0004,6,40514,443,5,21,873,5643
366193.3869511705,19.095,Comp0078,Comp0040,6,49514,445,12,53,2868,142
366247.4727397194,4.203,Proxy0001,Ext0036,6,47876,80,16,87,636,6627
366264.9340878051,2.435,Mail0002,DC0002,6,30256,389,7,16,258,160
366375.9055558709,4.586,Mail0002,Ext0020,6,8532,25,3,5,317,427
366413.8031559308,0.65,Web0006,DC0002,6,45849,389,5,9,415,880
366437.5131155253,4.336,Web0005,DB0001,6,19424,3306,14,88,4306,9734
366471.77062864124,8.628,Web0002,DB0002,6,46681,5432,7,50,386,13108
366506.75405560574,0.106,Mail0002,DNS0002,17,11563,53,2,3,68,141
366576.11069617094,8.998,Comp0035,Web0006,6,23690,443,4,18,252,8029
366596.2394736775,0.096,Proxy0002,DNS0002,17,62082,53,3,4,42,313
366656.96786855726,0.976,Mail0001,Ext0000,6,34573,25,9,5,2583,1608
366663.6409043096,6.369,Web0005,DB0004,6,64412,5432,35,28,2103,73826
366668.1930469813,0.504,Mail0002,Ext0032,6,34154,25,5,11,481,186
366747.8673233504,0.308,Proxy0001,Ext0023,6,34507,80,14,15,2615,4605
366785.1072020163,11.203,Comp0006,Comp0066,6,46096,445,7,362,4710,2098
366786.6627669189,2.678,Comp0033,Web0005,6,5469,443,11,27,1703,19533
366789.70310852746,0.162,Web0005,DNS0002,17,10124,53,2,3,105,76
366945.0967206188,5.694,Comp0078,DC0001,6,40013,135,11,13,333,24
366967.36941108917,0.072,Comp0063,Web0001,6,21489,443,11,18,366,9370
366973.1330489606,22.752,Comp0006,Comp0028,6,55018,139,33,90,898,202
366976.9546717826,0.029,Comp0023,DNS0001,17,35365,53,2,2,77,248
366978.8955908706,29.49,Web0001,DB0003,6,37465,5432,10,205,3735,70350
367085.1826857422,2.666,Comp0078,Comp0032,6,49460,135,9,17,560,11
367117.4332425533,8.823,Proxy0002,Ext0005,6,44913,443,17,498,614,8472
367137.71460682835,3.891,Web0005,DB0002,6,27277,3306,12,29,1765,31648
367141.2211729809,4.075,Comp0050,DC0001,6,13091,389,7,4,750,594
367172.75732772605,1.749,Comp0078,Comp0042,6,20710,3389,5,9,359,33
367202.4628998665,10.057,Proxy0001,Ext0003,6,50897,443,6,9,581,4832
367204.7467408072,10.398,Proxy0001,Ext0021,6,22941,80,18,47,843,109
367215.87102943275,0.166,FS0003,DNS0002,17,43612,53,3,3,68,234
367237.01337990985,2.673,Comp0037,Comp0011,6,16830,3389,5,23,616,857
367315.2079071608,4.684,Comp0024,Mail0001,6,26777,993,6,8,372,301
367345.110166051,0.505,Comp0024,Mail0002,6,10583,587,4,6,680,471
367398.21947634197,5.577,Comp0064,Comp0011,6,16692,3389,11,4,686,483
367399.7533878524,4.883,Comp0019,Web0002,6,11686,443,13,77,3062,36727
367406.85166850645,0.015,Comp0027,DNS0001,17,19641,53,2,2,150,48
367425.1865509335,0.015,Comp0055,DNS0001,17,65473,53,3,3,59,106
367470.9341331387,6.911,Web0002,DB0001,6,6387,3306,24,220,15164,3365
367538.7799364806,17.07,Comp0078,FS0003,6,31809,139,21,68,641,496
367540.4010723725,0.086,Comp0034,DNS0001,17,38743,53,3,3,46,128
367614.66737806506,12.232,Web0004,DB0003,6,45932,3306,10,189,1983,2389
367623.3979126242,11.33,Comp0006,Comp0052,6,48329,135,4,12,123,26
367632.07936632045,0.187,DC0001,DNS0002,17,64024,53,2,3,104,112
367642.3263025859,9.739,Comp0005,DC0002,6,20845,88,17,6,716,368
367643.4159646452,0.16,Comp0050,DNS0001,17,28313,53,2,3,101,125
367678.968311603,1.867,Comp0006,Comp0018,6,46570,445,42,20,3519,3314
367689.22286566277,0.17,Comp0006,Comp0045,6,45324,22,2,9,498,11
367690.33630807506,5.929,Comp0049,Web0004,6,11651,443,16,38,3511,5713
367692.0994345843,16.16,Web0003,DB0004,6,11826,5432,11,109,5163,21502
367756.73498971877,3.228,Comp0032,Web0004,6,30903,443,12,102,215,5928
367757.14074951544,1.217,Comp0006,Comp0078,6,27698,135,5,4,213,30
367759.3713114719,0.835,Comp0032,Mail0001,6,37293,587,7,5,357,221
367764.8059812996,2.755,Web0003,DB0001,6,63505,5432,27,117,3232,30688
367774.6469995273,3.601,Comp0052,Web0004,6,17463,443,10,10,331,23121
367776.5923884964,3.182,Proxy0002,Ext0022,6,58268,80,7,21,954,9675
367819.5516228461,4.986,Web0005,DB0002,6,57228,3306,15,14,1212,16876
367825.76514072873,0.36,Proxy0002,Ext0023,6,30438,80,15,7,1076,443
367861.61581948854,0.128,Web0005,DNS0001,17,16594,53,2,3,57,98
367905.77096890874,7.885,Web0004,DB0003,6,52267,5432,17,234,3643,3281
367919.64034745167,11.031,Web0004,DB0001,6,1842,3306,13,97,5804,11291
367967.54626669374,18.397,Comp0038,FS0002,6,15515,445,24,23,7502,2502
368030.71696393675,14.605,Web0006,DB0003,6,23110,5432,51,59,2618,1840
368038.05166807503,1.073,Comp0047,DNS0001,17,5363,53,2,3,65,92
368047.671423372,12.513,Web0006,DB0001,6,28836,3306,25,200,1784,99521
368112.6924572113,3.535,Web0001,DB0004,6,42616,3306,15,112,1721,2303
368159.5234212517,23.508,Web0004,DB0002,6,28864,3306,16,231,2057,25761
368200.145253559,0.635,Comp0048,DNS0001,17,36882,53,3,3,48,105
368204.02786780684,3.479,Comp0033,Web0002,6,46081,80,6,49,730,18443
368260.4611398789,1.347,Web0006,DB0004,6,28215,3306,34,148,1152,6690
368354.3063396186,5.873,Comp0069,DC0001,6,40136,389,3,4,439,992
368372.0823072566,3.743,Comp0035,DC0001,6,3441,88,5,11,118,210
368375.93599496514,7.165,Comp0006,Web0002,6,40444,443,11,12,753,20043
368377.79990966705,0.073,Comp0020,DNS0002,17,18672,53,2,3,74,210
368413.323540252,0.099,Comp0041,DNS0002,17,54640,53,2,2,53,227
368431.6925410321,6.731,Comp0078,Comp0059,6,5321,3389,6,8,988,26
368473.413301468,19.267,Comp0078,Comp0042,6,57570,445,23,85,1694,562
368478.3603432922,0.811,Comp0065,Web0002,6,46230,443,11,88,259,4107
368481.9014247105,0.615,Comp0078,Comp0014,6,12072,22,5,5,356,59
368504.2333392698,1.656,Comp0016,DC0001,6,33589,88,7,4,122,1953
368528.27538322826,6.746,Comp0063,Web0003,6,4094,80,6,44,395,2533
368554.04304363154,1.214,Comp0019,Web0004,6,21448,443,4,56,710,14034
368650.2921800877,8.784,Comp0052,Web0004,6,6949,443,11,16,117,3944
368690.08023858204,0.719,Comp0060,DC0001,6,46637,389,5,3,532,1848
368732.38922871277,0.222,Comp0074,DNS0002,17,2759,53,3,2,74,235
368734.553909724,12.775,Web0002,DB0004,6,24970,3306,18,166,3115,27982
368747.0541373542,5.001,Comp0019,DC0002,6,5330,88,5,13,1254,1450
368761.9773492174,6.976,Comp0037,FS0002,6,58812,445,22,220,3268,9266
368796.0084000963,19.482,Proxy0001,Ext0012,6,61867,443,2,21,470,946
368797.3280973317,20.74,Web0004,DB0001,6,59069,5432,14,37,2299,7641
368803.4285830176,0.866,Proxy0001,Ext0009,6,64938,443,14,58,778,2752
368808.83414905187,0.135,DC0001,DNS0001,17,14742,53,2,2,57,70
368842.31704329356,2.33,Comp0040,Web0004,6,29786,443,32,7,1614,8358
368878.6039633962,0.319,Comp0014,DNS0001,17,63725,53,4,3,58,648
368906.41708168003,21.871,Web0005,DB0004,6,37027,3306,29,32,2626,26153
368954.34100211103,4.323,Comp0064,Web0001,6,34739,443,12,14,301,5862
368957.8227739949,6.068,Web0005,DB0003,6,28819,3306,24,56,1863,23929
369003.48260694684,1.103,Comp0024,Web0005,6,64571,443,14,21,308,1110
369013.9220769537,5.25,Comp0008,Comp0011,6,20069,3389,5,6,1143,997
369025.50405204744,3.628,Comp0008,Proxy0002,6,10508,3128,5,17,714,9350
369073.0396962094,0.059,Web0001,DNS0001,17,26539,53,2,2,94,152
369076.5780260865,3.253,Comp0053,Web0006,6,3370,443,4,15,1758,10505
369102.0051874843,7.892,Comp0053,Web0002,6,2401,443,5,74,524,19809
369110.0397203475,5.326,Comp0018,Web0001,6,57888,443,24,47,3343,2152
369126.84176895523,4.366,Web0006,DB0001,6,15426,5432,11,131,2318,96816
369137.3207378555,7.826,Comp0006,Comp0038,6,47954,445,14,32,4848,3958
369142.8519544315,0.181,Mail0001,DNS0002,17,54487,53,3,2,119,293
369168.1128087511,2.6,Comp0078,Comp0055,6,62204,135,6,3,391,22
369180.539214752,4.593,Mail0002,Ext0004,6,59439,25,7,6,355,412
369197.83762336033,0.053,DB0002,DNS0001,17,44483,53,2,3,91,183
369200.5465282406,0.211,Comp0001,DNS0002,17,11988,53,3,2,71,128
369218.9447586978,0.904,Proxy0002,Ext0014,6,24234,443,14,8,1201,45272
369236.4447822901,0.08,Comp0078,DNS0001,17,48645,53,3,3,55,165
369239.5096706473,0.22,Comp0011,DNS0001,17,14215,53,3,2,64,294
369246.94631757867,0.285,Comp0019,Comp0011,6,22972,3389,6,17,572,1973
369267.00710024394,9.115,Comp0066,Proxy0002,6,64691,3128,23,17,1609,6178
369292.3213371807,0.03,Comp0060,DNS0002,17,15406,53,3,3,85,99
369296.7635402816,5.177,Proxy0002,Ext0028,6,12176,443,9,43,4520,1370
369318.01886111253,0.144,Comp0057,DNS0002,17,44702,53,2,2,20,115
369332.1668703933,0.017,Comp0006,DNS0002,17,50365,53,3,3,37,106
369332.3980382031,2.219,Mail0001,Ext0021,6,42539,25,4,4,162,409
369333.92137093766,0.231,Comp0031,Web0003,6,59343,443,7,34,232,3510
369340.4662657985,1.083,Comp0002,Proxy0002,6,35124,3128,14,133,290,6380
369355.3089789397,1.723,Comp0043,Web0001,6,23726,443,11,42,283,1205
369401.0584902292,1.952,Comp0007,DC0002,6,25207,88,3,7,424,1173
369434.349250656,0.042,Comp0024,DNS0002,17,9259,53,3,3,34,220
369471.91951703414,2.985,Comp0075,Proxy0001,6,16011,3128,14,44,1152,6752
369486.7514586225,13.095,Comp0074,FS0001,6,44850,445,18,68,4285,584170
369487.3249264539,6.603,Comp0014,Web0002,6,49613,80,19,100,638,3765
369526.1353927576,6.036,Comp0036,Web0001,6,50181,443,8,119,806,3425
369558.16283460835,0.086,Comp0045,Comp0011,6,27173,3389,3,12,259,425
369560.10120054474,0.382,DB0004,DNS0001,17,22617,53,2,2,106,249
369576.56411476916,42.504,Comp0006,FS0003,6,4884,445,32,339,29648,5378
369648.2080938289,0.509,Comp0075,Mail0002,6,44321,993,4,2,504,1924
369659.11307151156,6.63,Comp0066,Proxy0001,6,30094,3128,9,167,437,15193
369681.8108896562,3.133,Mail0002,Ext0006,6,13360,25,10,4,99,558
369723.8969460129,0.299,Comp0050,DNS0001,17,36260,53,2,2,39,245
369821.67447925464,0.254,Web0006,DNS0002,17,64110,53,2,2,70,160
369826.5546821238,5.383,Comp0073,Web0004,6,3791,443,11,27,1173,48985
369850.1720207334,0.137,Comp0076,DNS0002,17,4427,53,2,3,36,113
369882.01797834976,4.07,Comp0068,DC0001,6,54522,88,2,28,1961,670
369908.12653832085,0.521,Proxy0001,Ext0014,6,1892,443,24,64,140,3535
369912.9602544261,2.857,Comp0025,DC0002,6,48384,445,17,39,2063,6117
369922.9931474946,0.028,Comp0024,DNS0002,17,47819,53,2,2,81,168
369960.6179427554,0.013,Comp0033,DNS0001,17,52198,53,2,2,56,61
369972.7510767116,7.257,Web0001,DB0004,6,16467,5432,19,83,13959,7042
369997.0908581685,4.465,Comp0037,Web0003,6,61736,443,8,14,421,19147
370014.51055067405,18.342,Web0002,DB0003,6,50546,5432,21,229,3978,2030
370032.6049186165,5.628,Comp0030,Mail0001,6,43740,993,4,7,243,289
370041.07657427015,0.366,Mail0002,Ext0019,6,22640,25,10,4,644,613
370059.53374643036,10.233,Proxy0002,Ext0027,6,15192,80,3,67,639,19241
370064.7081770728,0.09,DB0002,DNS0002,17,46793,53,2,2,40,148
370085.4907649012,4.234,Comp0033,DC0001,6,32802,88,4,12,240,574
370126.22615209274,0.015,Comp0052,DNS0002,17,1381,53,3,2,64,174
370142.3138340488,0.313,Comp0006,Comp0032,6,48500,3389,6,14,524,8
370163.9951014583,56.306,Comp0058,FS0001,6,45697,445,17,37,4385,2566
370211.316598232,15.476,Comp0078,Comp0048,6,29592,445,64,449,6727,223
370250.3469950234,8.783,Comp0061,Web0001,6,28334,80,6,28,544,12054
370259.9205339192,1.465,Proxy0001,Ext0029,6,15398,443,12,27,1031,5944
370299.06953393493,2.14,Comp0027,Comp0011,6,62039,3389,7,7,641,2224
370321.7971383037,11.042,Proxy0001,Ext0027,6,46255,80,11,20,659,9954
370329.88957615645,0.535,Comp0006,Comp0057,6,17715,22,6,14,719,28
370354.90453156026,9.326,Web0001,DB0003,6,51055,3306,4,111,1097,8194
370359.31528855185,6.562,Comp0023,Web0002,6,10420,443,6,15,1171,3620
370374.5773754802,0.854,Comp0006,Comp0049,6,61266,135,2,13,471,44
370381.9558297094,0.099,Comp0062,DNS0001,17,17094,53,3,2,84,101
370442.6296235731,5.765,Comp0022,Mail0001,6,33804,993,6,7,1061,231
370473.2373289809,13.721,Comp0059,Proxy0001,6,19369,3128,11,115,584,18613
370482.61147343257,0.041,Comp0054,DNS0001,17,18006,53,2,2,113,154
370493.61018494924,10.374,Comp0035,Web0001,6,45568,443,6,27,913,18982
370509.9511064435,1.401,Comp0005,Mail0002,6,43957,587,11,3,163,357
370510.58357560396,1.16,Comp0006,Comp0073,6,31872,445,37,486,1492,3612
370512.1787098868,1.555,Comp0030,Web0004,6,28717,443,4,38,349,15973
370538.9231844098,18.762,Comp0018,FS0001,6,4069,445,30,67,992,46082
370569.34504979,0.108,Comp0012,DNS0002,17,31274,53,2,3,60,106
370596.47524539364,0.081,Comp0014,DNS0001,17,49779,53,3,3,46,121
370599.13629814814,9.955,Proxy0001,Ext0019,6,26884,80,7,35,1573,10722
370599.9385903253,4.177,Comp0078,FS0001,6,25132,3389,4,6,315,25
370606.73412206664,2.265,Comp0011,Web0005,6,43705,443,4,42,3120,12556
370647.7788660589,2.319,Comp0064,Proxy0002,6,5582,3128,9,67,703,4249
370649.15238284436,3.985,FS0001,DC0001,6,26403,88,5,6,449,397
370666.6527260134,2.573,Comp0047,Comp0011,6,49229,3389,9,29,651,526
370670.1977818953,9.812,Comp0076,FS0001,6,34687,445,60,166,3711,1437
370699.04862364003,0.885,Comp0050,DC0001,6,25246,389,3,13,144,1038
370741.31986780843,1.921,Comp0002,Web0004,6,32233,443,11,23,579,28753
370748.495104979,6.384,Comp0019,Comp0011,6,65473,3389,10,2,100,121
370784.2087102649,0.035,Comp0015,DNS0001,17,4774,53,2,3,59,225
370789.46921200043,2.55,Comp0063,Mail0001,6,31854,993,3,4,122,153
370800.5742183732,1.346,Web0006,DB0001,6,4110,3306,15,98,3010,33319
370840.9727406794,0.128,Comp0019,DNS0001,17,49152,53,2,2,93,82
370841.5304971307,0.227,Comp0033,DNS0002,17,54641,53,2,2,56,175
370886.0902088126,4.418,Comp0078,DB0003,6,28360,139,23,44,6046,1712
370920.6434239696,4.981,Comp0028,Web0003,6,46861,80,26,9,658,3439
370934.1748866509,8.79,Comp0003,Web0002,6,64043,443,6,51,378,17568
370937.6665521465,3.356,Comp0002,Proxy0001,6,18497,3128,13,60,1022,8704
370951.49773182726,5.001,Comp0020,DC0002,6,2805,88,5,3,167,1583
370963.1668155406,10.479,Proxy0001,Ext0011,6,35735,443,9,39,3334,16819
370968.8994204642,4.196,Proxy0002,Ext0031,6,43881,443,17,138,560,7103
371001.29444348556,0.261,Comp0022,DC0001,6,51753,389,13,10,139,668
371014.04383687745,8.231,Comp0006,Web0005,6,38970,443,5,32,601,7139
371025.6755419403,10.351,Comp0064,Proxy0002,6,26775,3128,9,9,892,8093
371035.53521872166,6.342,Proxy0001,Ext0009,6,19272,443,4,41,1558,9012
371095.4828695135,0.223,Web0003,DB0003,6,6064,3306,11,83,1189,8121
371138.25135844306,4.272,Comp0044,FS0002,6,45556,445,24,331,1146,3274
371203.9025925283,5.859,Comp0017,Web0005,6,59532,443,15,64,395,10469
371208.8727443552,0.756,Comp0051,DC0002,6,54101,88,3,14,831,1019
371231.0047113616,0.053,Web0001,DNS0002,17,48517,53,2,3,114,226
371249.0202652117,0.382,Comp0027,Proxy0002,6,62119,3128,12,37,269,9391
371250.0026133436,4.36,Web0004,DB0003,6,20081,3306,61,33,438,12295
371262.1964659603,0.73,Comp0015,Mail0002,6,55829,993,5,5,166,1786
371267.8458410005,1.63,Comp0076,Proxy0002,6,47332,3128,11,38,626,5732
371286.1222047496,8.359,Comp0016,Mail0001,6,60316,993,5,5,313,1353
371314.4601411269,1.291,Comp0009,Web0006,6,34517,80,12,36,1206,4761
371332.77464037837,0.026,Comp0020,DNS0002,17,47349,53,3,2,111,308
371338.32240715466,6.51,Web0002,DB0002,6,29911,3306,13,134,3578,3569
371351.87941115274,24.416,Comp0030,DC0002,6,22592,445,60,45,1023,42389
371363.62115252804,7.696,Proxy0001,Ext0024,6,31564,443,12,105,6558,8692
371396.8621640321,2.134,Comp0057,Web0003,6,48329,443,11,22,1732,92507
371442.4315738717,4.618,Comp0078,Web0003,6,41787,3389,6,7,828,31
371538.00356315874,20.465,Comp0078,Web0003,6,10254,445,23,364,959,2115
371565.9981711659,1.349,Comp0047,Web0003,6,12807,443,10,78,355,8273
371614.6607838041,8.278,Comp0012,Proxy0001,6,29037,3128,17,26,1508,10602
371618.14080478327,0.062,Comp0006,Comp0041,6,18258,22,4,19,248,23
371624.07556046767,11.678,Web0004,DB0004,6,23952,5432,21,105,2259,36359
371628.0132567774,0.144,Comp0052,DNS0001,17,43801,53,2,3,74,142
371637.0727289821,17.798,Web0004,DB0003,6,32413,3306,13,84,616,12943
371658.5501317718,0.188,Comp0062,DNS0001,17,39456,53,2,2,53,123
371662.96285457374,0.161,Comp0067,DNS0002,17,48137,53,3,3,40,161
371698.7801429909,0.825,Proxy0001,Ext0034,6,1825,80,7,13,651,5336
371720.1387781216,5.262,Proxy0002,Ext0014,6,19675,443,20,21,336,510
371731.07855614985,0.258,Comp0008,DNS0002,17,16393,53,2,3,39,145
371764.16639543354,0.0,Comp0019,DNS0001,17,21473,53,2,2,69,93
371788.7680966672,2.892,Comp0048,Mail0001,6,22117,993,3,4,210,354
371791.36273658904,0.063,Mail0002,DNS0001,17,32615,53,2,2,108,154
371814.8561347629,1.176,Proxy0001,Ext0009,6,47799,443,18,90,1985,6695
371821.3473623853,45.929,Comp0059,DC0002,6,24769,445,11,34,1481,4944
371877.953859051,0.127,Proxy0001,Ext0024,6,14963,443,4,20,1159,4638
371909.8715458285,3.22,Comp0080,DC0002,6,57918,389,4,8,130,320
371915.5466591086,0.395,Comp0064,DNS0002,17,55347,53,3,2,166,143
371923.1854128222,0.458,Comp0048,DNS0002,17,42248,53,2,4,128,115
371929.478770146,2.352,Comp0076,Web0001,6,6650,80,5,232,688,1339
371944.41717198567,1.798,Comp0034,Web0006,6,6101,443,3,19,467,1830
371959.0505689639,17.698,Comp0006,Comp0076,6,2679,445,14,31,293,1092
371996.0161030305,1.699,Comp0040,Proxy0001,6,46284,3128,9,168,622,5811
371998.6562756537,6.394,Comp0006,Proxy0002,6,65390,3128,7,17,311,22540
372018.80788354925,1.249,Proxy0002,Ext0030,6,31062,443,34,114,377,16354
372029.4669285023,16.077,Comp0034,FS0003,6,30087,445,24,63,1345,1499
372065.17303614377,17.535,Comp0038,FS0001,6,60400,445,15,300,2375,39653
372128.1552798746,0.172,Comp0060,Mail0001,6,32959,993,4,25,677,132
372144.07562143594,2.043,Mail0001,Ext0003,6,4837,25,14,11,1225,1507
372162.3724403742,5.164,Comp0033,DC0002,6,30282,88,15,3,1589,333
372163.74726403627,0.326,Comp0024,DNS0002,17,38839,53,2,2,126,84
372181.9246452038,0.501,Comp0051,DC0001,6,13525,389,14,4,146,246
372191.64590888005,4.857,Comp0006,Comp0066,6,56900,135,5,4,411,60
372235.06383833016,2.418,Web0003,DB0002,6,56162,5432,13,18,21223,7123
372246.9254749722,2.859,Comp0062,DC0002,6,61097,88,10,16,224,347
372247.75959608424,1.865,Comp0071,Web0005,6,59922,80,8,32,1166,2545
372248.29585204605,15.859,Comp0078,Comp0016,6,30619,139,28,55,227,658
372256.1099338697,11.311,Proxy0002,Ext0014,6,36712,80,18,83,130,73605
372261.62954621523,0.117,Comp0043,Proxy0002,6,26482,3128,15,57,1217,6628
372315.5358581309,2.276,Comp0060,Web0002,6,54110,443,4,120,659,3803
372338.94646972144,9.933,Web0004,DB0002,6,5211,3306,48,86,3317,38937
372362.7222383653,9.498,Comp0061,DC0002,6,51916,389,5,10,261,244
372374.3691317854,42.025,Comp0044,DC0001,6,62073,445,27,235,15825,10299
372387.25481242244,4.259,Comp0039,FS0003,6,4563,445,43,62,826,17659
372437.5443788389,3.975,Web0002,DB0004,6,24315,3306,6,94,2358,9278
372440.4837917853,0.679,Comp0075,DNS0002,17,15148,53,3,2,67,268
372452.2273349375,6.931,Comp0076,Web0006,6,16335,443,7,245,841,2161
372454.2980195027,6.642,Comp0056,Web0001,6,38920,80,19,55,77,4361
372480.0806350234,4.041,Comp0021,Comp0011,6,5019,3389,4,3,189,6326
372485.96832127793,5.542,Comp0006,Comp0002,6,28350,22,5,19,563,8
372505.57201900944,5.457,Comp0031,Web0003,6,10509,443,9,46,1097,2201
372546.88556655054,22.052,Comp0011,FS0002,6,32155,445,19,43,3836,117242
372547.3165840366,0.809,Comp0029,DC0001,6,25889,389,12,4,1453,104
372573.3448552077,3.566,Web0005,DB0004,6,40104,5432,10,82,1113,4040
372606.33707269497,5.809,Comp0052,Proxy0001,6,44952,3128,25,79,1386,4282
372632.74891499104,1.949,Proxy0001,Ext0012,6,6692,80,12,46,228,5430
372633.6933358424,9.201,Comp0028,FS0003,6,37847,445,15,48,1405,9540
372661.49940615275,0.275,Comp0012,Web0003,6,27442,443,10,22,189,6689
372663.8625148084,0.849,Comp0016,DC0002,6,33999,389,11,6,650,554
372676.4106821913,4.271,Proxy0001,Ext0013,6,8556,80,8,28,457,13083
372695.3771490453,0.465,Comp0026,Web0003,6,57117,443,12,26,650,4987
372695.9696716175,11.434,Comp0024,FS0001,6,19647,445,9,32,5169,10400
372699.80245816894,3.766,Comp0069,Web0004,6,62374,80,4,82,1106,10235
372726.67174147983,0.198,Comp0079,DNS0001,17,19043,53,2,2,49,77
372769.37495260703,1.105,Comp0004,Web0003,6,25009,443,7,15,429,28541
372812.26815650926,4.156,Comp0024,Web0004,6,45199,80,4,55,639,9904
372838.0998573431,0.361,Comp0049,Web0006,6,54761,443,16,41,2045,2296
372867.23997320316,0.703,Comp0059,DC0002,6,27775,389,2,16,391,289
372894.49507199525,3.614,Comp0006,Comp0063,6,39259,139,17,36,662,283
372918.36250687914,7.526,Comp0053,Web0002,6,23409,443,5,7,1058,1101
372960.48077949067,6.998,Comp0047,Proxy0002,6,28973,3128,6,161,299,10001
372985.07367486495,25.246,Web0003,DB0001,6,29693,5432,21,37,731,1982
373004.07032983407,0.403,Comp0015,DNS0002,17,43631,53,2,3,64,167
373011.5936783189,0.249,Comp0078,Web0003,6,14961,443,12,41,393,3227
373029.5145722864,0.13,Comp0007,DNS0002,17,60737,53,3,2,68,62
373035.16297669034,7.668,Comp0053,Web0001,6,17517,443,7,16,1515,24609
373039.5906832488,0.332,Comp0027,DNS0001,17,48511,53,2,3,60,150
373064.9496000122,0.081,Web0005,DNS0002,17,5238,53,2,2,147,350
373069.94468942756,0.579,Comp0056,DNS0001,17,16467,53,3,3,175,111
373087.7128600228,4.923,Comp0064,Comp0011,6,2016,3389,9,18,866,3975
373103.43408266216,5.977,Proxy0001,Ext0035,6,32361,443,11,230,1582,4853
373109.43406522385,0.484,Comp0031,Web0002,6,60712,443,5,29,258,5850
373115.58981629973,3.436,Comp0066,Proxy0002,6,13686,3128,10,34,891,3732
373123.3392740129,2.311,Comp0034,Web0006,6,26193,443,8,24,745,54432
373126.3289621845,1.605,Comp0077,FS0001,6,18697,445,8,449,407,52080
373139.55701769487,0.425,Comp0033,DNS0001,17,22076,53,3,2,41,97
373152.77576752997,0.922,Web0006,DB0003,6,37317,3306,16,456,892,60102
373157.82692075823,6.05,Comp0027,Proxy0001,6,1324,3128,13,81,327,6456
373193.3077839518,7.297,Comp0005,FS0001,6,30793,445,25,149,2444,43402
373201.5295474788,0.048,Web0001,DNS0002,17,41630,53,2,2,53,299
373219.8956198632,5.287,Comp0011,Proxy0002,6,43389,3128,3,35,3207,47125
373231.85700469755,0.544,Comp0013,Web0005,6,45196,443,27,48,777,3249
373266.20528590755,0.021,Comp0050,DNS0001,17,19459,53,3,2,66,141
373283.5569653791,3.333,Comp0015,Web0006,6,46262,443,4,7,1938,32550
373295.0431124586,1.771,Comp0030,Web0005,6,34693,443,5,37,698,1630
373301.59940558526,0.272,Comp0038,DNS0002,17,48949,53,3,3,120,178
373315.53929347557,4.337,Comp0075,Proxy0002,6,46989,3128,6,15,1533,20548
373346.97500217136,5.297,Comp0031,Web0006,6,24734,443,11,67,302,16090
373347.24224436143,6.241,Comp0011,FS0002,6,25337,3389,12,7,669,738
373358.5372112705,0.671,Comp0077,Proxy0002,6,28761,3128,5,246,156,4516
373367.67031476443,0.662,Comp0064,Web0004,6,51511,80,10,35,136,9890
373387.8402071863,3.504,Proxy0002,Ext0005,6,60811,443,10,19,255,6939
373405.14146489144,0.325,Comp0017,Web0003,6,43126,443,9,9,3575,3453
373406.88229433185,4.72,Comp0064,DC0002,6,25142,88,5,16,1329,417
373445.34222617483,6.83,Comp0012,Proxy0002,6,12231,3128,14,19,1773,5970
373458.82661300554,2.693,Comp0072,DC0002,6,32917,389,5,3,2419,1826
373460.88016948506,2.165,Web0003,DC0002,6,23786,389,4,5,619,407
373506.46767764847,4.025,Comp0020,Web0003,6,50444,443,11,9,381,3748
373536.2409072271,1.233,Comp0017,Web0003,6,44238,443,3,18,4557,4082
373548.6606297272,1.289,Proxy0001,Ext0009,6,35031,443,10,9,639,23387
373554.587856303,2.977,Comp0062,Web0005,6,19164,80,6,27,668,8331
373561.5151306703,18.095,Web0003,DB0002,6,26810,3306,16,93,1011,40199
373564.14768397657,4.435,Comp0006,Comp0038,6,38699,22,11,6,1034,43
373570.7037576666,6.677,Comp0077,Web0005,6,57878,443,7,66,404,1813
373584.04073190904,2.218,Comp0019,DC0001,6,62363,389,4,13,2299,358
373609.433223576,0.306,Comp0003,DNS0001,17,37169,53,2,2,88,307
373615.1139502525,0.11,Mail0002,Ext0015,6,62268,25,4,13,322,171
373624.59119173716,0.142,Proxy0002,Ext0002,6,2534,80,11,15,227,6428
373630.8529185754,2.459,Comp0078,Comp0030,6,31328,445,46,51,697,310
373640.07800559746,2.757,Comp0037,DC0002,6,39711,88,5,7,624,961
373694.22989783913,5.735,Comp0056,Web0001,6,43239,443,3,28,473,86998
373700.3997288257,0.595,Comp0049,Web0002,6,1900,80,6,125,1344,2286
373702.28448058804,0.081,Comp0068,DNS0002,17,29626,53,2,2,66,152
373730.09279172856,9.124,Proxy0002,Ext0001,6,3769,443,21,32,389,4235
373751.30623694335,1.574,Comp0046,Web0003,6,21041,443,24,73,483,398
373764.5547434913,0.047,Comp0062,DNS0002,17,15208,53,2,2,38,262
373810.61272163613,1.588,Web0004,DB0002,6,14717,3306,10,656,1401,8859
373816.36116873065,1.293,Web0006,DB0004,6,34319,3306,17,382,1019,9740
373819.3052550163,5.766,Comp0050,DC0002,6,42294,445,9,75,1998,5357
373854.938114261,0.044,Comp0036,Web0003,6,42738,443,6,11,1772,5989
373866.3337053098,0.055,Comp0069,DNS0002,17,62409,53,2,3,77,387
373911.0246134304,0.686,Web0005,DNS0002,17,64395,53,2,2,76,87
373917.0848170448,10.751,Comp0076,DC0002,6,31318,88,7,5,1342,481
373929.3292492551,0.317,Proxy0001,Ext0039,6,63693,443,8,63,1339,6808
373934.4912358106,5.551,Comp0040,Web0001,6,13259,80,6,98,188,3889
373936.44752915675,0.389,Comp0068,Comp0011,6,48593,3389,3,14,291,1353
373955.06122223136,0.228,Comp0036,DNS0002,17,2090,53,4,4,61,179
373961.7744633157,2.005,Comp0065,Web0004,6,47579,443,4,19,371,6155
374000.2914415647,9.076,Comp0043,Web0003,6,29389,443,7,38,912,4286
374036.0879736368,32.119,Comp0030,Proxy0001,6,13290,3128,8,25,306,2989
374047.64164189267,3.241,Comp0020,Comp0011,6,37393,3389,3,8,652,175
374071.9092290625,1.354,Comp0059,DC0002,6,47521,88,5,7,689,382
374080.9065801281,1.714,Web0004,DB0004,6,49733,5432,25,139,1688,30708
374081.74324194435,2.991,Comp0006,Comp0074,6,33141,139,16,47,9358,1869
374094.68847941887,1.619,Web0002,DB0001,6,37087,5432,30,41,4290,6670
374143.55849369755,2.153,Comp0057,FS0003,6,10464,445,8,266,740,1746
374175.18391789973,12.633,Comp0039,Comp0011,6,27798,3389,12,7,191,456
374175.3791481119,23.007,Web0006,DB0001,6,59220,3306,49,232,1245,13675
374196.2136446373,27.536,Comp0078,Comp0056,6,54748,139,23,78,3253,282
374197.239505576,0.747,Comp0066,Web0006,6,58840,443,3,38,462,14175
374221.126634839,0.963,Comp0051,DC0002,6,49043,389,16,7,426,452
374226.7496725288,0.637,Web0005,DC0001,6,39148,389,7,10,277,166
374236.4788922295,2.043,Proxy0002,Ext0009,6,60454,443,16,18,333,48108
374248.4106400726,5.613,Comp0037,Mail0002,6,12252,587,8,4,250,628
374275.9923374911,0.123,Comp0032,DNS0001,17,36316,53,3,2,49,76
374322.644591062,0.178,Comp0020,DNS0001,17,1846,53,2,2,85,130
374325.91222860705,26.252,Web0006,DB0004,6,5895,5432,24,212,1314,543
374334.598453126,0.144,Comp0035,DNS0002,17,51753,53,2,3,24,42
374339.49966381927,6.455,Comp0042,Mail0001,6,56350,587,4,23,653,532
374363.42895003734,0.438,Comp0042,DNS0002,17,19321,53,3,2,80,198
374383.256549887,1.041,Comp0078,Comp0069,6,63377,3389,2,30,270,14
374398.4516170951,0.46,Comp0070,DNS0001,17,35728,53,2,2,58,86
374420.0296980284,0.008,Comp0022,DNS0001,17,52851,53,2,2,117,185
374438.29956392496,4.087,Comp0016,DC0002,6,22799,88,4,7,694,605
374440.01308084466,23.461,Comp0072,FS0001,6,20096,445,14,100,2722,229237
374444.5777987626,4.998,Comp0078,Web0006,6,4839,80,25,27,653,379
374460.41995282774,0.157,Comp0052,DNS0001,17,28264,53,2,2,69,104
374475.43102139875,1.346,Comp0001,Proxy0002,6,15541,3128,5,34,413,20104
374481.0748169176,0.447,Proxy0002,Ext0002,6,21489,443,16,7,2751,2481
374486.7932507101,9.558,Comp0010,Proxy0001,6,18934,3128,7,31,307,1165
374493.5527818911,35.881,Comp0018,Web0005,6,12854,443,5,352,1604,3800
374501.47939276864,4.799,Comp0027,Web0005,6,62802,80,5,28,1423,2909
374506.7376850148,0.112,Comp0037,DNS0001,17,62192,53,2,2,83,182
374515.5599941557,0.373,Comp0066,DNS0001,17,55784,53,3,3,36,101
374518.1858309708,0.621,Comp0016,DC0002,6,16931,88,5,9,172,283
374520.69287722156,42.85,Comp0057,FS0001,6,24481,445,5,119,1906,19896
374532.3499780373,4.617,Mail0001,Ext0004,6,54173,25,3,6,644,975
374538.638394269,0.069,Comp0026,DNS0002,17,30142,53,2,2,43,124
374545.1371465273,1.886,Proxy0001,Ext0014,6,61853,443,7,37,143,3143
374555.27579910663,1.372,Comp0076,DC0001,6,5867,88,9,8,1953,469
374558.9123453134,7.125,Comp0044,FS0002,6,63715,445,26,50,699,2421
374559.22937755194,17.521,Comp0066,FS0001,6,36100,445,56,40,500,43784
374564.77197742206,36.163,Comp0077,FS0003,6,52657,445,9,89,1045,950
374564.87691931805,5.409,Proxy0002,Ext0016,6,63154,80,10,50,1251,2835
374575.7933600831,0.099,Comp0043,DNS0001,17,56021,53,3,2,43,544
374610.61425243644,0.255,Web0004,DNS0001,17,29380,53,2,3,94,153
374616.3254554712,34.695,Comp0079,Proxy0002,6,52689,3128,5,82,721,5040
374663.66665990435,3.737,Comp0025,Web0002,6,17208,443,5,23,408,10038
374674.5888739941,8.103,Comp0040,Web0005,6,16962,443,14,16,318,6989
374684.9579595112,1.015,Comp0069,DNS0001,17,12750,53,3,3,51,94
374692.3348945651,0.277,Comp0023,DNS0001,17,16031,53,2,3,38,148
374694.59264405136,6.879,Comp0051,Web0004,6,59585,443,8,72,2182,17060
374700.32090614544,0.264,Comp0039,Web0006,6,5497,443,10,92,699,1312
374705.6145831655,3.272,Comp0021,DC0001,6,40260,88,3,17,358,1015
374732.77140706894,0.049,Comp0064,DNS0002,17,27523,53,3,3,73,154
374778.4579365442,0.089,Comp0065,Web0001,6,15858,443,19,52,431,6616
374780.30781041156,0.082,Comp0079,DNS0001,17,48329,53,3,3,39,96
374781.50345817517,0.087,Comp0005,Web0005,6,1131,443,22,122,2316,4161
374850.44973298133,1.769,Web0003,DB0001,6,15090,3306,31,106,1353,9625
374887.42572849436,0.357,Comp0027,DNS0001,17,47755,53,2,2,112,193
374894.49066316383,0.246,Comp0029,DNS0002,17,23754,53,2,2,89,51
374895.7330346049,2.273,Comp0064,Web0003,6,37538,80,16,74,453,6403
374923.89686682017,20.342,Comp0059,DC0001,6,1416,445,3,105,487,16306
374963.430992394,5.287,Comp0024,Web0005,6,49146,443,9,38,990,12543
374966.20985438616,0.009,Comp0043,DNS0002,17,34757,53,2,3,122,147
374973.26750390686,1.373,Comp0006,Comp0013,6,32734,22,4,7,1355,10
374976.8053524996,0.728,Comp0041,DC0001,6,5792,389,4,5,232,2480
374988.2369046874,0.125,Comp0039,DNS0001,17,24444,53,3,3,25,477
374989.91383991326,3.171,Comp0034,Web0006,6,28171,80,8,31,775,1432
375004.59279238834,8.118,Comp0007,FS0003,6,62308,445,43,44,236,20222
375040.65212372964,0.927,Comp0021,Web0003,6,54269,80,18,78,789,2978
375045.1500957106,6.552,Comp0004,FS0002,6,22024,445,54,140,2818,13178
375054.87704446225,0.247,Comp0010,DNS0001,17,63899,53,2,2,137,302
375062.32213626825,0.905,Comp0024,Web0003,6,3691,443,10,38,955,14127
375075.1729057209,1.987,Comp0074,DC0001,6,18253,389,6,12,463,747
375089.6825204048,21.535,Comp0018,Web0003,6,21720,443,9,137,702,18869
375104.7825702576,0.055,Comp0073,DC0001,6,63184,389,8,4,316,222
375155.6410450318,3.276,Comp0078,Comp0045,6,15369,135,6,6,1056,114
375170.9456089034,0.165,Comp0026,DNS0002,17,51409,53,2,3,56,343
375182.850844688,1.238,Comp0064,Proxy0001,6,6206,3128,5,115,508,1444
375187.2328264199,2.705,Comp0050,Web0003,6,2904,443,4,17,227,7167
375193.4005802504,0.268,Comp0050,DC0001,6,28175,389,6,8,470,1034
375218.37590706995,0.207,Comp0045,Web0003,6,19131,443,7,60,741,16894
375233.8018414297,0.539,FS0003,DNS0002,17,57702,53,3,2,76,198
375236.7919472284,9.795,Comp0006,Comp0008,6,64333,135,4,6,452,16
375243.2470631366,15.608,Web0006,DB0003,6,2756,3306,30,58,1445,8012
375255.1346557763,8.341,Mail0001,Ext0019,6,7108,25,7,5,85,114
375262.402335592,11.706,Comp0047,Web0005,6,39786,443,4,15,2670,2385
375310.6520682041,9.269,Comp0064,DC0002,6,48831,389,10,13,305,309
375322.2541678474,2.348,Web0002,DB0003,6,33604,5432,12,232,876,8005
375347.69391862705,0.016,Proxy0002,DNS0002,17,44795,53,3,2,70,164
375349.20627043466,14.821,Comp0038,Proxy0001,6,24042,3128,11,48,905,2562
375350.0657769238,0.28,Comp0035,DC0001,6,24199,88,6,9,295,569
375350.38681694795,4.546,Comp0068,Web0004,6,64982,80,6,25,1340,4139
375358.3464336928,0.209,Comp0048,DNS0002,17,37556,53,3,3,48,135
375377.3439481462,5.156,Comp0046,Web0002,6,17741,80,7,65,229,5587
375395.71519419464,0.358,Comp0033,DNS0002,17,4747,53,3,3,46,115
375405.3355516702,0.584,Comp0038,Proxy0002,6,48860,3128,5,25,1581,2294
375433.82619062276,13.58,Comp0010,Web0002,6,45395,443,7,59,840,966
375443.14827394113,3.113,Comp0034,Web0004,6,5114,443,13,38,1443,13151
375444.2072970913,4.795,Comp0076,DC0002,6,9800,389,5,7,288,577
375471.71101786505,2.216,Comp0049,Web0001,6,62552,80,5,207,1019,2007
375475.47728850436,0.015,Comp0012,DNS0001,17,16166,53,2,2,65,98
375477.5655911043,3.884,Comp0001,Web0006,6,45065,443,9,15,524,580
375499.77263728593,9.007,Comp0078,DB0003,6,20495,135,6,4,186,3
375504.9856453893,0.132,Comp0080,DNS0001,17,8012,53,3,2,58,138
375507.6406978555,2.039,Comp0049,Proxy0002,6,18758,3128,16,34,804,7332
375520.10242811794,3.086,Comp0013,DC0002,6,14458,88,8,14,244,874
375530.13909409026,0.697,Comp0035,Web0002,6,17627,80,10,153,8103,10910
375548.46466577915,0.155,Comp0052,DNS0001,17,31309,53,3,2,57,196
375607.5305873655,6.465,Comp0006,Web0001,6,51579,3389,10,5,241,20
375616.5840297187,7.734,Comp0004,Mail0001,6,42888,587,8,7,137,187
375626.1033840396,9.859,Comp0033,DC0002,6,45234,445,34,31,7410,12582
375633.30024511914,3.374,Comp0035,Web0004,6,47543,443,8,41,1485,2084
375671.9774784536,0.109,Comp0040,DNS0001,17,2705,53,3,2,31,71
375686.6767046694,0.802,Comp0004,Proxy0002,6,20909,3128,6,17,205,17297
375692.14484159125,1.979,Comp0032,FS0001,6,4960,445,74,39,2426,6712
375700.9614613819,6.048,Comp0061,Web0006,6,33819,80,4,52,440,73522
375707.7463650295,5.372,Comp0048,Web0001,6,14377,443,15,85,1742,1893
375714.1452075342,5.746,Comp0048,Web0004,6,20381,443,14,87,306,5878
375750.1269099077,0.087,Comp0013,DNS0001,17,59680,53,2,3,43,133
375750.3181098497,5.082,Comp0078,FS0002,6,25241,22,8,5,847,68
375758.5177313273,0.307,DC0002,DNS0002,17,41611,53,2,3,60,189
375758.91188861436,0.839,Comp0032,Web0006,6,3324,443,5,6,1299,2504
375760.12426678423,2.261,Comp0021,Web0002,6,56893,80,18,21,634,14855
375777.20507814,33.655,Comp0053,FS0003,6,38197,445,20,165,1139,8884
375786.24178859254,7.114,Proxy0002,Ext0016,6,54989,443,10,19,2782,8178
375797.3887260148,0.005,Comp0056,DC0001,6,18044,88,4,28,468,1186
375801.5967674376,0.108,Web0002,DNS0001,17,7406,53,3,2,84,136
375802.73122059833,6.567,Comp0060,Proxy0001,6,8256,3128,5,31,550,11612
375809.49446076655,0.213,Comp0066,DNS0001,17,24377,53,2,2,98,91
375820.00725041993,1.143,Comp0046,Proxy0002,6,10642,3128,8,31,617,19237
375821.860698937,0.332,Comp0029,DNS0002,17,4892,53,2,3,72,118
375825.6466979218,6.094,Comp0058,Web0006,6,26858,80,6,49,1577,1244
375855.70311890193,16.741,Comp0066,Proxy0001,6,4251,3128,9,12,1674,639
375860.6943898514,1.195,Comp0028,Web0004,6,27133,443,14,8,4594,48767
375870.7943994629,4.832,Comp0062,Web0005,6,25596,443,12,30,2160,839
375879.69818252226,6.427,Comp0045,FS0003,6,10050,445,16,214,1608,1996
375893.1654371247,3.392,Comp0011,Proxy0002,6,51881,3128,6,19,746,4269
375925.1818084676,0.562,Comp0022,DNS0001,17,13988,53,3,3,100,482
375929.54385633476,3.966,Proxy0001,Ext0029,6,36192,443,29,23,235,4944
375944.4863025987,0.202,Comp0073,FS0003,6,53747,445,16,40,713,15137
375945.19636265276,6.803,Comp0018,Mail0001,6,19173,993,11,5,1249,4613
375946.1357330064,1.5,Comp0057,Mail0002,6,1904,587,3,11,345,434
375959.80934559385,9.588,Comp0080,FS0003,6,36376,445,22,91,9610,14273
375965.7691410854,10.092,Comp0055,FS0001,6,48276,445,14,30,5250,1489
375968.1652000806,5.073,Comp0066,FS0003,6,64135,445,38,54,628,2518
375969.1958863891,10.388,Comp0036,Web0005,6,26252,443,5,22,413,37289
375991.51057085965,0.513,DB0004,DNS0001,17,1999,53,3,3,54,277
375998.13316098246,6.127,Comp0079,Mail0002,6,3080,587,3,6,747,364
376032.69445820415,0.447,Comp0002,DNS0001,17,4246,53,3,4,92,287
376035.93163800915,12.311,Comp0053,Web0006,6,19299,443,10,31,776,12082
376056.5435917648,5.924,Web0003,DB0002,6,43990,3306,11,231,679,14272
376092.42366704706,8.797,Comp0039,Web0002,6,34220,443,14,28,1126,5688
376099.00930547126,1.914,Comp0035,Web0005,6,62685,80,13,104,1417,8111
376138.8870246192,0.914,Comp0044,DC0002,6,42372,88,12,3,1065,826
376140.13232881046,3.203,Web0006,DB0001,6,59971,3306,5,42,1505,16908
376146.0196913949,3.65,Comp0071,Proxy0002,6,60059,3128,9,10,139,5637
376154.4292976598,0.025,Comp0055,DNS0001,17,33389,53,2,2,41,172
376172.2595904932,3.397,Comp0016,Proxy0001,6,25984,3128,15,48,684,21157
376174.91412881896,0.008,Comp0010,DNS0001,17,37434,53,2,2,24,255
376176.08147747896,8.375,Web0003,DB0003,6,14937,3306,75,91,601,9023
376186.16486463445,9.113,Comp0076,Proxy0002,6,27044,3128,23,13,408,6822
376213.3399868361,4.3,Comp0049,Proxy0002,6,12801,3128,14,5,243,2606
376220.4544932884,6.576,Comp0051,Web0003,6,27968,443,25,113,2000,7875
376222.13737111085,6.822,Web0006,DB0001,6,32694,3306,12,45,1153,38972
376239.43445008376,1.166,Comp0001,DC0002,6,47481,88,8,18,90,622
376250.773978458,4.913,Comp0023,Mail0001,6,43332,993,4,5,675,3013
376264.53236023436,0.241,Comp0019,DNS0002,17,58394,53,3,2,75,182
376273.3289374143,0.008,Web0001,DC0002,6,31346,389,3,21,159,660
376283.7097805882,2.985,Comp0053,DC0001,6,60652,88,9,4,580,86
376295.5078376248,0.689,Comp0042,DC0001,6,2929,88,4,21,369,354
376300.69253378763,6.347,Comp0004,Mail0001,6,62175,993,8,7,45,1029
376304.75281016406,0.934,Comp0041,Web0001,6,6586,443,16,40,88,4272
376327.32468761917,1.19,Comp0026,Proxy0001,6,3037,3128,3,22,684,806
376335.40093668195,0.466,Web0005,DC0002,6,39624,389,4,5,387,1684
376344.9470234085,1.364,Comp0032,DC0001,6,19405,88,12,13,717,279
376357.27400916227,24.307,Comp0054,FS0002,6,1246,445,6,38,877,47251
376359.71068968275,0.018,Comp0064,DNS0002,17,1537,53,2,3,99,50
376375.48134167003,7.62,Comp0011,Mail0002,6,37069,587,6,6,909,502
376393.87564156216,10.674,Comp0020,FS0003,6,58487,445,27,299,1016,11294
376405.02615396475,1.664,Comp0064,DC0001,6,56506,88,11,15,151,233
376413.6438138192,0.296,Proxy0002,Ext0034,6,58394,443,27,49,590,2249
376416.9292414208,3.581,Comp0020,Mail0002,6,45562,993,10,9,471,285
376425.56479203067,6.249,Comp0065,Mail0002,6,6451,587,7,8,557,1934
376427.0990739684,1.936,Comp0023,FS0001,6,15320,445,111,18,937,5782
376429.1154837289,0.371,Comp0074,DNS0002,17,48726,53,3,3,132,221
376430.8993304034,1.438,Proxy0001,Ext0021,6,33003,80,7,31,151,2628
376449.4062266806,52.58,Comp0032,FS0002,6,46476,445,59,184,1657,15604
376457.49090316275,5.071,Comp0052,Mail0002,6,9582,587,5,6,248,334
376462.29565600265,49.528,Comp0034,DC0001,6,32276,445,75,48,1557,4586
376488.010151856,28.205,Comp0011,FS0002,6,57713,445,17,109,1164,7830
376494.11056403816,1.293,Comp0034,DC0001,6,53776,389,5,13,1157,734
376506.5425010684,9.54,Comp0080,Web0003,6,51479,443,6,112,431,12795
376518.7422150374,18.13,Comp0024,Web0001,6,6032,443,6,303,427,41247
376520.5006480812,0.202,Comp0044,DC0001,6,46700,389,7,7,173,216
376541.9095885437,10.393,Comp0079,Web0006,6,3283,443,6,69,475,3851
376583.20136142196,9.397,Comp0017,Proxy0001,6,46286,3128,10,53,264,6372
376591.72339275444,0.301,Comp0001,DNS0002,17,32958,53,2,2,58,115
376600.16258183884,0.037,Comp0046,DNS0001,17,43302,53,3,2,115,129
376602.4971009535,2.2,Comp0029,Web0002,6,43926,443,9,10,304,15747
376604.33385855315,21.423,Comp0071,Web0005,6,12846,80,7,20,629,18367
376605.8807898925,0.466,Comp0074,Web0006,6,53019,443,5,44,11770,24417
376614.2481365593,15.655,Comp0041,Web0001,6,12366,443,8,58,422,10005
376623.5061797706,19.019,Comp0017,DC0001,6,42868,445,14,143,475,4241
376629.2968681565,0.028,Comp0058,DNS0002,17,21282,53,2,3,58,68
376632.16765213315,2.87,Comp0073,Web0002,6,32115,443,8,17,66,2217
376676.874751296,0.026,Comp0065,DNS0002,17,9078,53,2,3,125,227
376684.9749838451,7.041,Comp0028,FS0001,6,6906,445,7,126,23698,188554
376685.296572867,17.789,Web0002,DB0002,6,50516,5432,42,41,1235,13705
376686.06131187925,3.014,Comp0038,DC0001,6,8530,389,2,14,95,612
376687.03129129735,0.591,Comp0079,DNS0001,17,47104,53,3,2,41,194
376690.6988806948,0.926,Comp0040,Web0004,6,8691,443,4,52,3206,3071
376696.96468380245,0.041,Comp0021,DNS0001,17,60401,53,3,3,50,237
376699.5061268329,7.165,Comp0053,Web0002,6,42692,443,4,20,805,5408
376699.6422275044,5.334,Comp0050,FS0001,6,2134,445,31,191,1399,177324
376700.5224247326,0.727,Comp0079,Web0001,6,57301,443,6,11,195,4080
376709.8506307345,0.447,Comp0030,DNS0001,17,19551,53,3,2,63,134
376747.0315929839,8.428,Comp0028,FS0001,6,34806,445,36,75,270,25999
376755.58659920486,7.701,Comp0031,DC0002,6,21947,88,9,5,391,1099
376759.34667541087,3.278,Comp0062,Web0003,6,5597,443,9,107,971,1768
376770.7155354462,0.456,Comp0048,DNS0001,17,49010,53,2,2,56,268
376772.4992630184,0.177,Comp0043,DNS0001,17,28636,53,3,2,105,299
376794.02187169454,0.57,DB0004,DNS0001,17,59504,53,2,4,90,173
376818.9831962891,0.442,Comp0021,Web0006,6,19342,80,4,25,337,2319
376849.2963064443,0.209,Comp0004,DNS0001,17,46469,53,3,3,77,90
376850.39686541754,2.814,Comp0018,DC0002,6,19695,389,3,5,798,1340
376879.1532208121,1.6,Comp0067,Web0006,6,2941,443,12,54,717,1034
376882.85606094287,11.071,Comp0028,DC0001,6,34841,445,8,311,1271,2819
376886.4832501403,1.579,Comp0073,Web0004,6,63264,443,10,35,600,5917
376911.2894363376,2.313,Comp0030,Web0004,6,3054,443,5,62,981,3291
376922.70070920343,3.383,Comp0054,FS0001,6,9010,445,35,96,445,211926
376933.85164827225,0.729,Comp0073,DC0002,6,6885,88,8,8,273,472
376934.96601419087,2.211,Proxy0002,Ext0021,6,37248,80,16,37,3994,9524
376950.2537878691,8.366,Comp0068,Web0005,6,36272,80,11,55,662,18704
376955.1095412639,4.728,Comp0007,Proxy0001,6,45501,3128,15,85,234,6095
376971.12365622236,11.392,Comp0029,DC0002,6,8353,445,18,96,1093,6257
376985.54370579036,0.332,Comp0009,Web0004,6,57838,80,4,19,581,19955
376991.6007277558,1.242,Comp0067,Mail0001,6,9943,587,3,11,192,855
377017.30830888095,19.261,Comp0079,FS0001,6,16278,445,33,212,4178,56707
377028.516924442,0.234,Comp0029,DNS0001,17,33215,53,2,3,38,254
377031.6730184241,2.719,Comp0062,FS0002,6,14738,445,57,78,1146,4483
377065.5032216825,8.429,Comp0031,Proxy0001,6,17259,3128,4,21,707,37612
377068.0001287628,0.197,Comp0003,DC0002,6,10963,88,5,8,739,2131
377075.26958985336,9.151,Web0002,DB0003,6,19690,5432,25,1015,9545,61306
377100.3862898592,4.292,Comp0047,Proxy0002,6,5714,3128,28,108,145,785
377119.87007499684,4.044,Comp0025,FS0003,6,15572,445,29,58,1956,5434
377128.51941755065,0.093,Comp0066,DNS0001,17,42403,53,2,2,108,245
377136.38484609337,0.273,Comp0004,DNS0002,17,18354,53,2,2,50,358
377139.8421042893,18.933,Comp0078,Comp0048,6,46862,445,23,1028,8159,2146
377146.523869679,8.393,Comp0027,Proxy0002,6,12011,3128,7,14,327,41111
377182.27556120965,22.195,Comp0015,Web0003,6,25028,80,7,43,353,14668
377183.5012171898,0.031,Comp0021,Web0006,6,21061,443,6,33,1865,8233
377184.36204818543,1.768,Comp0023,Mail0002,6,14835,993,8,8,448,1734
377190.4933587654,16.599,Comp0004,FS0002,6,59755,445,19,140,1939,20342
377192.7871503386,1.246,Comp0070,Web0004,6,54015,443,7,37,489,13369
377205.7524150205,0.127,FS0001,DNS0001,17,15310,53,2,2,98,95
377207.3415721424,0.873,Comp0038,Web0003,6,17416,443,38,9,995,10106
377208.7395514592,8.966,Comp0036,FS0001,6,35829,445,8,105,3056,94588
377222.4192606905,3.571,Comp0061,DC0002,6,48375,389,5,16,446,453
377228.1464289848,3.583,Web0005,DC0001,6,64976,389,2,8,262,1839
377230.8700528581,1.503,Comp0071,Proxy0001,6,31109,3128,18,28,375,2740
377247.4234429688,4.816,Comp0079,Web0002,6,47503,80,3,25,1613,10734
377257.3365936438,0.313,Comp0007,DNS0001,17,8934,53,3,3,45,117
377263.9135162142,4.051,Comp0019,Web0004,6,49282,443,7,34,1564,1249
377272.23998594185,0.054,Comp0049,DNS0001,17,61374,53,3,3,60,178
377287.7026549107,0.343,Comp0074,DC0002,6,45688,88,5,9,132,908
377288.60307586123,2.127,Comp0071,Mail0001,6,34382,993,6,5,445,178
377316.4412036979,0.005,Comp0044,DNS0002,17,60906,53,3,2,58,73
377328.9787312815,6.806,Comp0078,DB0003,6,56554,445,13,132,1339,137
377334.6304045986,4.556,Comp0049,Web0001,6,12648,80,7,31,475,14056
377370.08337611763,0.086,Comp0069,Web0001,6,9736,80,14,67,379,9424
377375.78506238374,0.215,Comp0019,DNS0002,17,47951,53,3,2,44,304
377377.2953529904,25.345,Comp0005,FS0002,6,10707,445,3,57,1071,8762
377384.34571883356,1.982,Comp0067,Web0006,6,53594,443,7,10,1690,5279
377385.8482046493,3.885,Comp0071,Web0005,6,31333,443,6,8,798,17127
377389.17192259163,1.246,Comp0036,FS0001,6,29621,445,7,86,5128,11355
377401.7048942542,2.742,Comp0068,Web0004,6,11595,443,6,18,3651,112490
377406.89473190455,4.897,Comp0020,FS0003,6,12231,445,40,75,1623,34818
377418.57566429046,0.202,Comp0045,DNS0002,17,40013,53,3,2,60,182
377419.7836529599,4.448,Proxy0001,Ext0016,6,56029,443,14,60,927,18944
377419.90259540454,12.486,Comp0045,DC0001,6,47312,445,15,83,1071,8747
377426.8756811148,0.111,Comp0061,DNS0001,17,50631,53,2,2,45,277
377431.9741361667,32.904,Web0004,DB0003,6,33309,3306,29,44,4297,17174
377454.7003454266,3.775,Proxy0001,Ext0014,6,19564,80,9,23,133,2243
377456.7680734096,3.193,Comp0017,Web0003,6,3864,443,10,22,1931,23217
377458.08929556404,8.816,Comp0056,Web0005,6,6044,443,8,23,238,4200
377462.56856865727,0.122,Comp0028,DNS0001,17,47291,53,3,3,77,51
377464.2699499219,11.623,Comp0078,Proxy0002,6,12414,3128,9,80,209,5656
377465.14040381816,35.125,Proxy0002,Ext0028,6,34108,443,29,68,210,1747
377473.28021221946,0.055,Comp0056,DNS0002,17,15306,53,3,2,81,103
377480.62367844814,0.034,Comp0005,DNS0001,17,3241,53,4,2,31,120
377491.4389254936,11.208,Comp0078,Comp0073,6,31488,445,7,43,4525,3726
377518.36558810587,0.555,Comp0028,DNS0001,17,16597,53,3,3,58,190
377540.5871328592,10.701,Comp0024,Web0006,6,61567,80,32,31,886,11492
377558.4132308057,8.062,Comp0029,Proxy0001,6,15464,3128,12,13,6346,5724
377566.5798158737,0.814,Comp0045,Web0002,6,16388,80,4,104,47,9346
377571.95147463673,10.485,Comp0049,Web0005,6,17259,443,16,106,88,548
377575.16832484805,0.561,Comp0074,Mail0001,6,19058,993,6,13,228,1207
377576.1945361308,0.252,Comp0012,Web0002,6,62102,80,34,26,679,2205
377578.72685467114,0.183,Comp0010,DNS0001,17,29250,53,2,2,54,219
377585.228053829,0.212,Comp0039,DC0001,6,53688,445,35,63,1646,9914
377596.92748532246,1.11,Comp0012,DNS0002,17,62742,53,3,2,55,120
377619.92344490375,6.49,Comp0053,Web0004,6,35746,443,6,66,1235,8234
377620.7510630967,0.241,Comp0079,DNS0001,17,58789,53,2,3,99,86
377636.3174362115,6.33,Comp0052,Mail0002,6,25476,587,7,14,602,437
377639.72642430576,17.48,Comp0025,DC0001,6,15868,445,28,167,695,20309
377642.46295050194,4.651,Comp0045,Web0005,6,21806,443,13,77,271,13572
377646.97422844486,0.094,Proxy0002,DNS0001,17,62519,53,2,2,43,127
377649.86529606674,39.98,Comp0023,Web0003,6,10981,443,16,53,273,3466
377654.9472335838,2.862,Comp0011,FS0002,6,28092,22,4,7,743,5744
377667.90365701495,1.59,Comp0013,DC0002,6,11325,88,2,8,254,93
377671.74364468,4.722,Comp0063,Web0004,6,30558,443,3,5,2071,14612
377674.9595261341,13.409,Proxy0001,Ext0039,6,46402,443,15,97,675,7925
377676.0256550537,0.288,Comp0033,DC0001,6,53403,88,4,6,1209,341
377700.4821592699,19.087,Comp0036,FS0002,6,40779,445,4,151,2930,20184
377713.8100579471,1.019,Comp0066,Proxy0001,6,25436,3128,10,86,177,9181
377714.91681674204,10.468,Proxy0001,Ext0006,6,48591,80,19,26,206,12664
377715.38852724095,14.943,Comp0071,Proxy0002,6,19405,3128,11,37,526,9046
377720.8491837796,0.526,Comp0013,DNS0002,17,21656,53,2,2,20,171
377740.68520642066,2.714,Comp0044,Proxy0001,6,59205,3128,20,69,385,17271
377752.4218628207,14.586,Comp0068,Mail0001,6,38557,993,5,7,908,1547
377756.16543164256,1.688,Comp0062,Web0005,6,36290,80,5,28,747,3792
377785.1757555334,0.939,Comp0060,DNS0002,17,5401,53,2,3,44,399
377792.2821119568,14.618,Comp0039,Web0006,6,61179,443,8,21,939,13428
377796.3504265807,0.307,Comp0045,DNS0002,17,15989,53,2,2,48,60
377822.6014727739,0.426,Comp0039,DNS0001,17,25350,53,3,3,82,115
377823.650014989,2.758,Comp0006,Web0006,6,17650,443,6,94,617,5811
377823.96596973756,2.568,Comp0017,DC0002,6,12778,88,3,9,307,1487
377829.2888052742,4.404,Comp0057,Web0006,6,3030,443,6,157,232,3510
377839.3852550763,0.063,Comp0026,DNS0002,17,33122,53,2,2,93,204
377841.53716692625,1.654,Proxy0002,Ext0026,6,28518,80,20,32,2062,2261
377865.36786007846,0.159,Comp0007,DNS0002,17,34686,53,2,3,40,91
377869.30329424504,8.534,Comp0002,Proxy0001,6,57255,3128,7,25,880,2299
377870.70591049147,1.788,Comp0023,Proxy0001,6,53028,3128,7,27,1689,6662
377899.056921265,5.552,Comp0003,Proxy0002,6,13344,3128,6,28,892,2981
377902.04451825103,0.947,Web0003,DB0001,6,57694,3306,29,180,327,110367
377903.33171827934,0.179,Comp0040,DNS0001,17,42184,53,3,3,56,242
377904.15146247536,7.176,Comp0068,Mail0001,6,32424,993,7,6,324,1721
377915.24123087846,13.138,Web0006,DB0003,6,10542,3306,24,173,2731,6810
377926.329918812,3.37,Comp0033,Proxy0002,6,56568,3128,10,51,4240,2020
377943.8949396791,11.633,Comp0080,FS0003,6,13290,445,19,69,1676,77843
377956.33599576715,9.947,Comp0004,Web0003,6,38663,443,15,49,1888,9993
377958.70189870213,4.895,Comp0080,Proxy0001,6,46701,3128,4,17,229,1518
377963.2997635994,0.417,Comp0078,DNS0002,17,26180,53,2,3,28,164
377968.0564502938,4.746,Comp0005,Proxy0002,6,42696,3128,11,28,4168,12627
377975.528406849,0.112,Comp0022,DNS0002,17,54955,53,2,2,88,172
377980.7710207014,0.062,Comp0015,DNS0002,17,29882,53,2,2,69,165
377986.25115096045,1.402,Comp0023,Mail0002,6,20984,587,3,9,875,242
377990.91452552384,11.419,Comp0076,FS0001,6,19656,445,15,208,223,54646
377998.2501025376,15.135,Comp0078,DB0001,6,14557,139,5,106,729,314
377999.43664688646,0.103,Comp0016,DNS0001,17,16785,53,2,3,43,143
378026.1165675403,3.046,Comp0017,DC0001,6,42316,88,2,4,1052,839
378028.56906093087,2.23,Comp0047,Web0003,6,8046,443,19,12,197,1188
378033.9036865077,11.925,Web0004,DB0003,6,39649,3306,9,503,1279,106862
378048.5260669633,0.675,Comp0002,Mail0002,6,4396,993,8,7,397,1298
378061.6541362599,3.227,Web0003,DB0004,6,24278,3306,12,230,3101,9253
378082.7455815861,7.078,Comp0010,FS0003,6,38138,445,8,281,728,35645
378084.0017087795,21.094,Comp0079,Web0004,6,53925,443,18,9,245,18786
378091.13452784176,1.699,Comp0008,Mail0001,6,34404,587,5,25,198,128
378095.1288735927,2.513,Comp0001,Web0006,6,14061,443,4,31,2945,6548
378103.216157371,1.141,Comp0034,Web0003,6,62695,80,8,73,3646,3352
378104.467037823,0.266,Comp0043,DNS0001,17,15347,53,3,2,81,178
378127.09789735137,1.361,Comp0075,Web0003,6,21816,443,9,340,435,19719
378151.23135319806,0.818,Comp0031,FS0001,6,27302,445,12,88,1196,19890
378160.4955437885,3.919,Comp0007,FS0003,6,4550,445,28,26,854,42790
378187.61422959913,2.029,Comp0043,Comp0011,6,9322,3389,8,5,676,726
378189.34797482373,16.359,Comp0072,Web0003,6,26987,80,14,37,939,2720
378197.0636884691,0.318,Comp0025,FS0002,6,34127,445,28,307,764,19446
378198.4140733607,37.202,Comp0058,FS0003,6,18187,445,21,136,227,4353
378203.9244311593,31.622,Comp0078,Comp0067,6,63927,139,34,44,28080,2101
378210.55305728293,0.166,Comp0043,Web0001,6,37673,443,20,27,316,2201
378215.1171088894,1.48,Comp0007,Web0004,6,20124,443,14,26,411,54724
378215.69255350565,0.295,Comp0015,DNS0001,17,41959,53,2,3,51,88
378233.02715556056,0.113,Mail0002,DNS0001,17,38287,53,2,2,113,400
378234.34118635935,2.457,Comp0029,DC0002,6,59194,389,15,34,1710,348
378238.6441488127,0.201,Comp0042,DNS0001,17,57432,53,2,2,75,122
378244.7104462404,0.155,Comp0050,DNS0001,17,60505,53,2,2,65,49
378247.26276428887,0.352,Comp0029,DC0002,6,19090,389,4,9,319,1574
378248.5782253234,0.708,DNS0001,DC0001,6,32415,389,3,6,440,853
378249.40595558414,1.698,Comp0037,Mail0001,6,45447,993,4,5,167,1189
378258.082578585,39.563,Comp0006,DC0001,6,1240,445,46,32,587,32081
378263.8833420265,1.359,Comp0033,Proxy0001,6,35177,3128,6,47,690,8837
378289.6576257104,48.107,Web0003,DB0001,6,41320,3306,33,48,991,29842
378291.32121813396,4.464,Comp0023,Proxy0001,6,50288,3128,6,21,1012,1736
378301.13487543754,2.11,Comp0009,Mail0002,6,24586,993,2,3,625,353
378303.9596607171,0.102,Comp0079,DNS0002,17,55544,53,2,3,91,89
378310.69404000154,7.58,Comp0073,Mail0001,6,30926,587,4,8,253,1464
378325.3585996658,7.235,Comp0008,Web0005,6,44230,443,8,195,1633,19912
378326.14625208435,13.017,Comp0039,FS0001,6,54812,445,61,30,2922,54163
378333.955059989,0.398,Comp0074,DNS0002,17,30468,53,3,3,69,39
378344.5211917759,11.203,Web0005,DB0002,6,42655,3306,42,44,5931,21584
378354.72291473433,3.704,Comp0059,FS0003,6,8713,445,31,73,3899,26627
378372.09719917236,0.509,Comp0042,DC0002,6,45860,88,3,13,386,396
378380.8874136477,11.732,Comp0042,Proxy0001,6,5854,3128,5,44,1840,13477
378384.3249120411,5.758,Comp0032,Web0003,6,39966,443,10,9,2191,6709
378413.78587831004,1.445,Comp0017,DC0002,6,18891,389,4,10,465,193
378428.90561072854,0.046,Comp0001,DNS0001,17,46785,53,3,3,131,158
378438.16076087346,8.867,Comp0040,DC0001,6,10422,445,105,25,1556,3455
378442.1309032816,1.243,Comp0055,Web0002,6,33520,443,8,27,826,41212
378451.4263437297,0.344,Comp0046,Web0002,6,13923,80,10,24,1317,7200
378471.338160906,0.008,Web0001,DNS0001,17,9415,53,3,2,35,173
378473.176152791,0.973,Comp0059,Proxy0001,6,48350,3128,12,29,292,15327
378474.05494018726,0.296,Comp0040,DNS0002,17,30945,53,3,3,161,247
378485.7909798674,0.257,Comp0025,DNS0002,17,9299,53,2,2,38,206
378493.7498085358,12.296,Comp0035,FS0002,6,23844,445,64,53,1785,3823
378495.10205241246,0.019,Comp0034,DNS0002,17,40877,53,2,3,71,170
378509.699868542,9.722,Comp0051,DC0001,6,9400,389,6,24,778,1426
378529.4790976385,0.083,Comp0059,DNS0002,17,22423,53,3,3,94,82
378531.73888983496,0.731,Comp0003,DC0001,6,48555,389,6,3,636,652
378532.82390652853,1.376,Proxy0001,Ext0011,6,48393,443,18,74,1453,13975
378544.0982517725,1.384,Comp0035,Web0004,6,62679,443,4,54,1092,11651
378544.2235301725,0.8,Comp0005,DNS0001,17,51408,53,2,3,60,237
378551.41424272046,0.144,Comp0044,DNS0002,17,32251,53,3,3,156,464
378562.18102177465,0.143,FS0003,DNS0001,17,55221,53,2,2,44,178
378576.8426362982,0.003,Comp0079,DNS0001,17,58854,53,3,2,125,197
378582.60833183106,1.94,Comp0005,Web0004,6,33161,443,3,15,777,30183
378619.3980108804,11.819,Comp0031,Web0004,6,61460,443,7,53,1437,10447
378650.5386339042,0.052,Comp0028,DNS0001,17,60004,53,3,2,34,105
378668.0248214344,2.745,Comp0077,FS0002,6,44529,445,213,137,9820,8739
378671.9934964596,1.423,Comp0011,Web0004,6,9339,443,18,12,393,8690
378679.8109514863,10.024,Comp0044,DC0001,6,55028,445,62,117,2484,1118
378693.58163351053,0.787,Comp0043,Web0005,6,47624,443,8,36,1968,4066
378708.6706891696,27.276,Comp0070,DC0001,6,55762,445,7,53,1354,179500
378713.7684095469,0.904,Comp0017,Proxy0001,6,28905,3128,13,22,84,2178
378715.578710993,21.272,Web0002,DB0003,6,28750,3306,54,114,152,19532
378719.37321247545,4.254,Comp0027,Web0004,6,48659,443,5,24,360,2960
378722.6313555418,7.92,Mail0001,Ext0010,6,44723,25,6,8,179,344
378726.9064821667,3.742,Comp0079,FS0003,6,33709,445,5,1112,280,18236
378738.89980572544,7.331,Comp0039,Web0005,6,30544,443,5,51,1751,3295
378740.2327344226,10.583,Comp0015,Proxy0002,6,41925,3128,5,26,817,1426
378744.03367437783,4.499,Comp0067,Mail0002,6,13555,587,4,3,1245,888
378758.69558615016,5.687,Comp0012,Mail0001,6,50756,993,4,7,356,330
378762.40211090527,16.772,Comp0008,DC0001,6,38493,445,72,36,958,6528
378763.5703835003,0.307,Web0006,DNS0001,17,29865,53,3,3,70,162
378775.5090537084,0.513,Comp0045,Web0003,6,50674,443,4,52,313,13816
378776.85165161436,0.271,Comp0015,DNS0002,17,39126,53,3,2,45,127
378777.5076890234,0.937,Comp0006,Comp0003,6,27705,3389,3,7,997,14
378790.3693958911,0.076,Comp0056,DNS0001,17,31036,53,3,2,115,343
378798.29815042496,2.649,Web0002,DB0001,6,14286,5432,6,140,147,11386
378806.94593005854,3.257,Comp0008,Web0001,6,19779,443,17,13,221,10836
378816.5483747779,12.788,Comp0026,Web0006,6,1624,443,10,87,349,9445
378816.9828476631,2.404,Comp0072,Web0002,6,34909,443,24,35,510,2563
378821.2868937553,3.967,Comp0028,Proxy0001,6,7043,3128,9,139,1227,57830
378829.97549682116,4.881,Comp0003,Web0002,6,44345,80,7,32,1474,12322
378847.24362989375,3.706,Comp0047,Mail0002,6,64104,587,4,2,218,982
378853.3355935562,0.07,Comp0047,DNS0002,17,29597,53,3,3,58,135
378858.271389969,0.986,Comp0074,DNS0002,17,14660,53,3,2,92,119
378874.04846042785,0.04,Comp0069,DNS0001,17,34721,53,2,3,85,150
378885.23335779744,6.356,Proxy0001,Ext0004,6,17111,443,9,40,586,8847
378890.41307796864,0.285,Comp0018,Mail0001,6,47378,587,5,6,551,489
378910.27798857226,0.02,Comp0050,DNS0002,17,42558,53,2,3,88,266
378911.44034854416,0.626,Comp0040,DC0002,6,21648,88,11,12,99,392
378911.61136645684,22.53,Comp0024,FS0003,6,60914,445,28,171,1381,2557
378919.8741556868,0.383,Comp0025,DNS0001,17,21636,53,3,2,39,184
378920.09951883554,1.873,Comp0038,Web0005,6,49281,80,6,115,1068,6268
378927.6525183332,0.14,Comp0080,DNS0002,17,16388,53,2,3,56,186
378929.54990462627,0.128,Comp0047,DNS0002,17,60766,53,2,3,92,63
378953.34494102723,0.699,Mail0001,Ext0027,6,13811,25,11,14,227,326
378953.9786993281,17.985,Comp0051,Web0006,6,34501,443,8,59,884,5506
378954.41734079644,0.193,Comp0073,DNS0001,17,39895,53,2,3,30,198
378954.4636695717,0.038,Comp0046,DNS0002,17,1526,53,2,3,52,60
378954.7721954471,2.115,Comp0059,Web0006,6,33913,443,8,14,4298,1699
378956.83355581725,1.214,Comp0008,Web0002,6,48583,443,8,10,779,9486
378957.3288497225,0.189,Comp0016,DNS0002,17,31008,53,2,2,116,169
378961.12376806344,3.77,Comp0022,FS0001,6,12468,445,20,100,488,4250
378962.3832566994,8.982,Comp0050,FS0003,6,50409,445,10,31,1719,2870
378963.6134574337,0.14,Comp0071,DNS0002,17,51774,53,3,2,69,215
378970.91523617716,0.048,Comp0025,Comp0011,6,27801,3389,7,4,151,819
378974.51558183157,0.022,Comp0040,Web0006,6,48529,443,21,45,1116,6517
378997.8648439474,2.498,Comp0031,Proxy0002,6,9908,3128,8,47,1192,1348
379015.35345387127,0.414,Comp0074,DNS0002,17,9967,53,2,2,54,115
379017.5015354913,101.378,Web0003,DB0002,6,33863,3306,14,126,915,17037
379020.2231850861,0.812,Comp0080,Mail0002,6,49190,993,5,4,254,1066
379029.3548339265,1.168,Comp0059,Web0001,6,46622,443,6,24,1006,3504
379032.9881528856,0.398,Comp0049,DC0002,6,47304,88,10,3,628,428
379049.1379889074,0.003,Comp0006,DNS0001,17,37276,53,2,3,83,111
379049.2084974958,0.912,Comp0065,Proxy0001,6,16814,3128,11,62,3115,4016
379052.1355424613,0.208,Comp0068,Proxy0001,6,28641,3128,4,17,547,24082
379055.39046670566,0.388,Comp0059,DNS0002,17,34021,53,2,3,61,185
379057.60920118575,7.574,Comp0043,Web0005,6,64762,443,9,13,720,35513
379069.97657190857,3.206,Comp0025,Web0003,6,46251,443,18,75,592,7011
379076.61809422745,0.521,Comp0031,DNS0002,17,40743,53,3,3,85,102
379083.7541382505,12.643,Comp0057,Web0006,6,8395,443,4,107,163,6451
379120.57959142077,2.262,Comp0006,FS0001,6,64391,3389,5,14,62,12
379122.8470252877,0.26,Comp0057,DNS0002,17,8492,53,2,3,33,342
379125.32862138783,7.226,Comp0009,Web0002,6,12622,443,9,43,896,3317
379165.69302069594,5.855,Comp0053,Web0003,6,1176,443,4,18,2335,19654
379167.0296428004,2.943,Comp0078,Comp0062,6,60644,22,8,13,61,45
379189.18006276607,21.061,Web0006,DB0004,6,64281,3306,43,326,596,47862
379193.80818078463,15.741,Comp0014,Proxy0001,6,7342,3128,9,118,252,743
379206.1581228117,0.623,Comp0062,Proxy0002,6,18698,3128,6,37,408,2066
379214.2950587135,3.388,Comp0012,DC0001,6,37022,88,3,7,249,1656
379221.2911233791,15.441,Comp0076,Web0001,6,11788,443,6,28,524,62223
379231.26022843766,0.103,Comp0027,DNS0002,17,3029,53,2,3,85,256
379236.3916349436,13.458,Comp0070,DC0001,6,57830,445,24,51,2475,42572
379241.10565073136,1.852,Comp0016,FS0003,6,2190,445,11,24,3640,68761
379242.09233789565,10.251,Comp0074,Web0006,6,61729,443,10,34,132,7376
379252.69036637055,14.923,Comp0078,FS0003,6,16040,445,65,75,845,11144
379264.7093129098,5.663,Comp0006,Comp0013,6,40167,3389,3,7,179,19
379270.94625905965,10.616,Comp0024,Proxy0002,6,12768,3128,15,67,783,1973
379284.7830872884,10.239,Comp0058,Web0005,6,44549,443,12,34,129,3229
379290.26452884707,0.033,Comp0018,DNS0002,17,49676,53,2,3,68,133
379292.50628011074,0.442,Comp0026,FS0001,6,31243,445,48,100,6233,1830
379295.57644450397,0.151,Comp0071,DNS0001,17,48403,53,2,3,97,216
379298.39334330766,1.914,Comp0047,DC0002,6,20405,88,3,8,174,446
379331.4919936178,0.133,Comp0031,DNS0001,17,50327,53,2,2,100,263
379352.82446079876,2.145,Comp0023,Web0004,6,23426,80,13,17,518,11138
379354.6650676893,2.643,Comp0019,Proxy0002,6,46433,3128,4,51,747,2937
379363.4406038047,2.651,Comp0006,Comp0016,6,39250,135,4,7,433,43
379363.65648552694,0.129,Comp0078,DNS0002,17,20364,53,3,3,107,203
379373.479270152,0.423,Comp0011,Proxy0002,6,55088,3128,18,12,11258,5352
379374.19245413353,11.199,Comp0070,Web0005,6,23707,443,11,42,198,3525
379376.95347446605,0.198,Comp0028,DNS0002,17,32574,53,2,2,75,92
379386.6892025184,0.663,Proxy0002,Ext0024,6,39152,443,29,19,696,10513
379399.71060324705,8.713,Comp0065,Web0006,6,54296,443,3,19,338,10110
379401.8639019307,1.58,Comp0042,Web0003,6,57304,443,5,105,1030,1966
379411.46044176095,0.044,Comp0055,DNS0001,17,11293,53,2,2,52,126
379411.7530455751,8.748,Comp0037,Proxy0002,6,54982,3128,9,48,1438,11232
379415.6964761717,10.06,Comp0038,Web0005,6,34597,443,26,35,190,27892
379419.9152034825,0.654,Comp0042,DNS0001,17,28942,53,5,2,48,80
379423.6072414534,3.063,Comp0023,FS0003,6,15166,445,10,384,1258,8202
379436.7458416563,9.91,Web0005,DB0002,6,50651,5432,8,33,542,948830
379438.72275419877,1.411,Comp0061,FS0002,6,3907,445,5,119,1518,5604
379444.79451949557,0.95,Comp0079,Proxy0001,6,36329,3128,6,100,685,2254
379451.2534294291,12.102,Comp0021,Proxy0001,6,47207,3128,4,98,486,19511
379462.26756698615,1.979,Proxy0002,Ext0039,6,16857,443,8,31,229,1768
379479.8985585482,1.873,Comp0019,Web0005,6,25583,80,11,33,135,5962
379482.4557403817,14.934,Comp0072,DC0001,6,61279,445,20,179,1535,28121
379493.62028016435,7.054,Proxy0001,Ext0009,6,19789,443,8,30,237,6761
379502.4805060977,0.295,Comp0031,DNS0002,17,12536,53,2,3,88,140
379512.7164847339,1.458,Comp0023,DC0001,6,46900,389,4,6,238,124
379527.14520687534,0.182,Comp0030,DC0001,6,25613,389,2,10,467,828
379529.929888613,23.321,Comp0018,Web0003,6,49872,80,6,29,1154,6525
379535.67200579983,4.102,Comp0074,Web0006,6,24285,80,9,52,547,7135
379542.37294773135,0.119,Comp0033,DNS0002,17,2962,53,4,3,115,100
379546.13792012783,2.128,Comp0050,DC0001,6,20941,389,4,12,488,572
379566.16996045137,19.055,Comp0001,Proxy0002,6,50025,3128,11,63,632,6312
379575.6908814815,3.754,Comp0046,DC0002,6,53370,88,3,12,162,1405
379577.37838721747,0.197,Comp0068,DNS0002,17,16705,53,3,3,57,59
379577.5615803453,0.223,Comp0064,DNS0002,17,32243,53,3,2,104,153
379587.47899994755,0.282,Comp0060,DNS0002,17,43900,53,3,2,62,98
379591.1367778948,0.11,Comp0046,Web0001,6,29927,443,3,52,1852,6409
379595.7732432337,0.872,Comp0074,Mail0002,6,32776,993,12,2,286,838
379597.32229308697,1.442,Comp0011,Proxy0001,6,55394,3128,4,15,1131,17322
379607.47210933495,0.048,Comp0063,DNS0001,17,34744,53,3,3,59,109
379607.5612869324,1.76,Comp0075,Proxy0002,6,8155,3128,8,25,621,13234
379621.42577204877,2.102,Comp0011,FS0001,6,30036,22,4,6,1259,719
379629.3800545704,7.533,Comp0047,Proxy0002,6,23297,3128,25,12,294,1632
379647.2312828341,1.484,Comp0014,DC0002,6,5717,389,7,3,201,516
379663.9416384464,2.558,Comp0064,Web0006,6,15188,443,22,53,8597,8558
379683.8546513538,1.069,Proxy0002,Ext0038,6,57871,80,5,86,2233,12037
379705.22273974284,0.073,Comp0033,DNS0002,17,34838,53,2,2,60,239
379708.0527163394,52.356,Comp0006,FS0001,6,10542,445,13,49,2642,54635
379714.1276328977,5.344,Comp0068,Proxy0002,6,8423,3128,6,51,2498,12963
379715.55665095255,18.956,Comp0063,Proxy0001,6,28032,3128,6,38,1643,11057
379724.8393275342,0.566,Comp0076,DNS0002,17,5935,53,3,3,83,212
379734.34199828224,0.121,Comp0012,DNS0001,17,56363,53,2,3,100,67
379737.67357908806,7.917,Proxy0002,Ext0033,6,44288,443,2,37,347,10134
379737.8347541536,2.341,Web0004,DC0001,6,34142,389,2,4,545,553
379753.88133023283,0.075,Mail0002,DNS0002,17,10546,53,3,3,119,208
379756.1938665001,1.206,Comp0070,DC0002,6,6883,88,4,9,310,363
379756.94089108333,0.156,Comp0042,DNS0002,17,61781,53,3,3,51,99
379759.59920421324,0.288,Comp0074,DNS0002,17,14776,53,2,3,55,144
379762.66918182315,1.084,Comp0062,DNS0002,17,32241,53,3,3,114,175
379763.5817103362,0.094,Comp0038,Mail0002,6,26490,993,3,7,463,121
379766.85225188447,0.53,Comp0006,DNS0001,17,40714,53,2,2,81,182
379767.31563055475,23.781,Comp0067,FS0002,6,7301,445,20,265,1259,9391
379775.55611129745,1.433,Comp0002,Web0002,6,42883,443,4,76,164,5406
379775.62167615927,9.92,Comp0072,Proxy0002,6,34670,3128,9,46,1503,2892
379794.8789612255,0.193,Comp0054,DNS0001,17,63926,53,3,3,40,73
379795.52016529243,17.718,Comp0041,FS0002,6,8229,445,64,80,1380,13527
379796.6851260302,0.298,Comp0036,DNS0001,17,54611,53,2,2,42,161
379800.52720880776,3.205,Comp0023,DC0001,6,5758,389,7,10,558,1851
379807.6219200082,8.637,Comp0006,Comp0003,6,35411,445,32,82,533,67
379812.75871521863,1.142,Comp0024,Web0004,6,50350,443,5,84,404,6379
379813.1105545573,0.136,Comp0014,DNS0001,17,62442,53,2,3,103,66
379814.0522294098,15.986,Comp0073,FS0003,6,22237,445,176,74,1672,40480
379818.3751882323,13.528,Comp0001,Web0003,6,18041,80,13,17,640,10861
379819.0691459507,0.631,Proxy0001,DNS0001,17,27858,53,2,2,110,277
379825.67656500154,13.18,Comp0057,Web0005,6,40230,443,4,57,427,16736
379832.78552242636,4.412,Comp0007,DC0001,6,33990,88,5,4,767,474
379832.9584716492,3.091,Comp0040,Web0006,6,24538,443,19,28,1230,12726
379836.9657973594,0.078,DC0002,DNS0001,17,18787,53,2,2,37,163
379856.62688011024,0.547,Comp0070,DC0001,6,22149,88,4,7,251,1184
379874.92587552423,10.965,Web0003,DB0002,6,57113,5432,38,140,8096,15897
379883.6757269329,0.058,Comp0032,DNS0002,17,37395,53,2,2,83,171
379885.84540344647,0.007,Comp0025,DNS0002,17,17693,53,2,3,39,69
379904.6373652049,0.104,Comp0049,DNS0001,17,47274,53,2,2,32,185
379911.0316750779,0.025,Comp0063,DNS0001,17,15407,53,3,2,84,54
379912.2842444556,11.853,Comp0045,Web0006,6,19351,443,12,21,581,15089
379932.8682830366,1.346,Comp0060,DC0002,6,24954,88,7,3,729,213
379938.5157774321,0.064,Comp0077,DNS0002,17,33866,53,2,3,64,79
379939.7061185193,0.019,Comp0006,DNS0001,17,54209,53,2,2,42,108
379945.1434889445,0.248,Comp0033,DNS0002,17,50797,53,3,4,103,96
379957.4541492268,8.826,Comp0006,Comp0007,6,14764,445,61,249,1608,243
379972.8481757378,0.237,Web0003,DNS0002,17,17305,53,2,3,51,99
379975.0521185576,2.003,Comp0026,FS0002,6,46259,445,5,68,1647,785
379988.2962707507,2.048,Comp0020,Web0006,6,53008,443,11,29,1296,935
379988.3981844817,5.753,Comp0027,Web0001,6,30548,443,5,18,1283,7273
379989.05467815744,4.199,Comp0073,Web0004,6,23471,443,5,26,1544,14855
379994.2749629033,0.206,Comp0056,DNS0001,17,41387,53,2,3,63,86
379994.591622561,9.527,Comp0007,DC0001,6,27793,88,4,6,225,413
379996.03364679025,1.556,Web0006,DB0002,6,63598,5432,43,116,833,3923
379999.14941996575,3.198,Comp0033,Web0001,6,51532,80,9,138,442,10095
380003.66100821074,1.691,Comp0010,DC0002,6,10491,389,6,5,339,767
380009.5478651315,0.508,Comp0077,Web0001,6,31576,443,14,57,3069,21961
380018.23742950143,3.085,Comp0055,Mail0001,6,59412,993,4,5,1820,1276
380019.5046360544,4.567,Comp0017,DC0002,6,3490,445,20,77,8098,40975
380027.81787743384,6.832,Comp0054,Web0001,6,24093,80,6,46,248,2606
380036.7376799758,2.763,Comp0071,Web0002,6,41751,443,11,68,1730,14554
380041.5826596493,4.719,Comp0078,DC0002,6,54623,445,22,103,2970,26121
380060.5721646995,17.59,Comp0024,Proxy0001,6,17879,3128,23,128,694,1045
380062.240750561,10.277,Comp0066,Proxy0001,6,51884,3128,22,18,587,3890
380062.8899476342,0.199,Web0001,DNS0002,17,45602,53,3,2,80,119
380076.6380420842,3.319,Comp0042,Web0004,6,48387,443,10,32,380,1727
380080.2091414165,2.548,Comp0054,Web0002,6,60843,443,11,12,1247,18260
380080.56597991486,2.99,Comp0004,DC0001,6,59683,389,9,7,1346,1361
380093.5987958049,1.377,Comp0044,Web0004,6,45900,80,13,34,530,2845
380094.0787204973,18.004,Comp0022,FS0002,6,39672,445,6,43,1531,11871
380107.2429849869,1.574,Comp0006,Comp0048,6,5010,3389,13,4,522,80
380107.602802636,0.041,Comp0054,DNS0001,17,64999,53,2,2,99,267
380108.63616411417,0.042,Comp0006,Comp0057,6,1507,135,10,4,415,105
380109.59559815633,4.43,Comp0074,Web0001,6,41992,80,6,23,670,25678
380119.45911969326,8.56,Comp0004,Web0006,6,39272,443,9,34,505,34499
380130.7745838237,2.7,Comp0011,FS0001,6,63766,3389,8,2,473,555
380139.88386692514,4.734,Comp0042,Web0003,6,53889,443,11,52,257,4383
380147.7471942199,8.504,Comp0074,Web0001,6,18136,443,4,28,958,2445
380153.94757030765,3.562,Comp0037,DC0002,6,3012,88,4,11,208,618
380155.96776596375,0.169,Comp0048,DNS0002,17,60088,53,2,2,82,184
380162.83452750044,7.963,Comp0012,Mail0002,6,27202,587,7,4,387,516
380168.6529096091,3.282,Comp0052,Web0004,6,41733,443,5,48,1032,2132
380172.05560842634,1.327,Comp0075,Proxy0001,6,28087,3128,21,179,200,2090
380172.7807695548,0.638,Comp0078,DNS0001,17,48396,53,2,3,79,236
380174.8215345092,4.218,Comp0060,DC0001,6,53853,389,4,5,796,692
380182.82015955244,13.568,Comp0063,FS0001,6,5133,445,53,33,2187,2031
380192.4441921001,0.53,Comp0024,Mail0001,6,27350,993,10,37,256,1017
380200.4758092361,8.338,Comp0054,Comp0011,6,23054,3389,15,6,136,282
380212.2160467843,0.527,Comp0049,Proxy0001,6,21365,3128,9,55,426,1774
380225.502581058,4.207,Comp0032,DC0001,6,22258,88,4,3,309,1734
380243.6042578218,0.797,Comp0069,Proxy0001,6,14457,3128,9,45,276,2121
380244.04547831306,0.476,Comp0027,Web0002,6,22189,443,7,15,859,18893
380250.2995024504,0.141,Comp0027,Web0006,6,7738,443,10,7,266,5895
380250.8709248507,1.941,Comp0056,DC0001,6,7583,389,6,12,659,387
380252.8893402472,1.897,Comp0078,FS0002,6,37463,445,33,23,1907,9160
380263.7119338321,0.546,Comp0060,Web0002,6,9095,443,11,79,372,3647
380264.5099850132,18.348,Comp0074,FS0002,6,34425,445,74,44,1101,3402
380267.0270070107,4.952,Comp0050,FS0003,6,19420,445,90,127,1698,10025
380267.2017888131,0.414,Comp0059,Web0005,6,22918,443,4,55,713,19241
380269.5329290559,0.075,Comp0031,DNS0001,17,58466,53,3,3,64,123
380271.51618856576,15.977,Comp0004,Web0002,6,39635,80,11,19,125,1762
380273.7911044043,12.613,Comp0061,DC0001,6,32258,88,10,4,895,2433
380275.199693041,0.103,Comp0017,DNS0002,17,34931,53,3,2,71,79
380282.5806279843,0.217,Comp0035,DNS0002,17,7129,53,2,2,46,49
380284.755504851,6.313,Comp0002,Web0006,6,55397,443,18,36,336,8019
380290.9162038481,10.274,Web0006,DB0004,6,25373,3306,10,75,2560,2790
380312.70599376166,0.122,Comp0037,DNS0001,17,32033,53,2,3,58,164
380316.8560165486,1.68,Comp0075,DC0001,6,40767,389,5,10,727,1172
380320.07705902844,0.546,Comp0035,DNS0001,17,64295,53,3,2,64,129
380320.22697587556,30.739,Comp0073,FS0002,6,37174,445,10,112,5323,13134
380324.09681110183,1.068,Comp0058,Mail0001,6,55602,587,6,6,206,157
380331.45070183114,0.65,Comp0078,DNS0002,6,9160,22,8,6,1135,27
380336.881446382,0.342,Comp0057,DNS0002,17,28461,53,2,2,123,127
380347.2296609239,9.578,Comp0078,Comp0056,6,43976,135,10,9,965,24
380381.0422988065,5.107,Comp0054,DC0001,6,44268,445,17,406,1018,17406
380389.3208357603,4.123,Comp0060,Mail0001,6,4155,587,6,2,408,753
380393.755735561,1.595,Comp0021,Mail0002,6,56691,993,6,4,1056,1076
380396.50023367436,32.26,Comp0002,DC0001,6,41311,445,21,168,5205,14436
380409.4343606968,0.317,Comp0030,DNS0001,17,27425,53,2,2,59,252
380426.0256949783,0.381,Comp0064,DNS0001,17,3184,53,2,3,82,134
380430.54858513136,0.609,Comp0050,Mail0001,6,17378,587,11,18,915,1020
380441.59717914317,0.388,Comp0005,DC0002,6,26201,88,2,5,430,2858
380446.6917522056,5.641,Proxy0002,Ext0028,6,38829,443,10,35,62,2649
380449.17630526744,0.016,Comp0048,DNS0001,17,61738,53,2,2,97,102
380457.88791707344,0.641,Comp0060,Web0001,6,4392,443,10,28,477,11440
380460.7070016157,0.052,Web0004,DNS0002,17,28940,53,2,3,62,56
380464.8934492682,5.544,Comp0024,Mail0001,6,57104,587,6,8,255,502
380466.9601602709,2.01,Comp0071,DC0001,6,54430,88,4,4,507,82
380472.76976496796,0.025,Comp0079,DNS0002,17,21663,53,2,2,64,95
380492.27635812224,13.031,Comp0011,Mail0001,6,37921,587,6,3,471,194
380492.95485960227,3.15,Comp0062,Proxy0002,6,48484,3128,7,49,1595,8004
380494.8430305157,18.155,Comp0076,FS0002,6,55939,445,23,95,3127,13312
380496.8922799168,1.172,Comp0016,Web0001,6,41411,443,7,94,768,54440
380503.103550536,0.991,Comp0020,Web0003,6,36014,80,5,11,258,2647
380520.1315145786,2.677,DB0001,DC0001,6,41748,389,5,6,628,393
380521.25678582815,0.369,Comp0069,DNS0002,17,29734,53,2,2,55,78
380538.5309223239,4.806,Comp0068,Web0006,6,51908,443,12,153,1147,2096
380546.34766305797,13.745,Comp0071,Web0005,6,20990,443,7,89,170,26495
380550.51377308735,0.047,Comp0074,DNS0002,17,52170,53,3,3,57,73
380552.67554662615,91.605,Comp0005,DC0002,6,18929,445,22,27,562,37602
380558.652265587,0.03,Comp0049,DNS0002,17,28817,53,2,2,77,185
380571.6758828254,26.546,Comp0022,FS0002,6,23864,445,20,516,4034,8997
380573.3512094748,1.829,Comp0020,Proxy0002,6,8739,3128,48,14,1638,2348
380582.28890268866,4.361,Comp0036,Web0005,6,24467,443,4,21,3785,28290
380591.76442393556,0.055,Comp0043,DNS0001,17,16331,53,3,2,52,135
380599.2054314302,0.969,Comp0063,Mail0001,6,37285,993,19,5,593,201
380606.998645526,2.974,Comp0040,Web0001,6,52398,443,13,23,553,3023
380607.1079303167,9.557,Comp0061,Mail0002,6,29508,993,4,3,124,272
380610.9001645327,3.533,Mail0002,Ext0030,6,5715,25,10,6,160,351
380623.05168800836,1.792,Comp0061,DC0001,6,7416,445,16,83,1250,1542
380624.94385710923,8.056,Comp0071,DC0002,6,57433,445,21,1036,2737,85634
380625.3200164451,23.011,Comp0043,FS0001,6,57874,445,22,172,4734,16600
380629.95906668424,3.796,Comp0080,Web0005,6,37939,80,8,54,1295,20173
380632.17166225746,0.556,Comp0017,Web0005,6,14594,443,4,42,360,2499
380635.21465185465,0.052,Comp0047,Mail0001,6,47242,993,3,4,365,144
380638.18189873756,0.125,Comp0032,DNS0002,17,28924,53,3,4,69,204
380647.49251815036,5.179,Proxy0001,Ext0019,6,51121,443,3,11,1835,2488
380648.2136767668,27.6,Comp0041,DC0001,6,40204,445,17,56,213,5304
380654.54236948886,0.424,Comp0019,Web0001,6,20341,443,6,29,1140,7076
380654.6592429692,0.354,Comp0046,Mail0001,6,10917,993,5,8,422,325
380657.22898172657,0.412,Comp0036,DNS0002,17,59257,53,2,2,38,205
380660.87145770097,14.085,Comp0074,FS0001,6,20109,445,31,291,30481,15096
380665.25641587964,11.535,Comp0064,Web0006,6,50574,443,17,33,1771,3546
380675.0015965455,6.437,Comp0027,FS0002,6,13379,445,11,12,2007,15368
380679.4108427698,0.16,Comp0050,DNS0002,17,30975,53,3,2,161,145
380684.9283007549,3.814,Comp0038,Web0006,6,53153,443,6,47,299,4641
380690.2789853312,0.124,Comp0013,DNS0001,17,36294,53,3,2,72,113
380690.3050566992,14.476,Comp0031,FS0003,6,52830,445,11,37,2804,12849
380699.02498484845,1.041,Comp0073,Mail0001,6,40068,993,3,11,516,1662
380704.96259091975,5.913,Web0004,DB0004,6,33748,3306,13,160,8034,3512
380705.66908149276,10.08,Proxy0002,Ext0009,6,37003,443,5,4,711,16252
380708.01203431573,0.259,Comp0018,DNS0001,17,63637,53,2,2,49,133
380710.1262108347,10.419,Comp0038,Proxy0001,6,55963,3128,8,52,96,41045
380713.88395971287,4.843,Comp0073,DC0002,6,19382,88,5,5,299,192
380731.00369485276,0.003,Comp0029,DNS0002,17,63880,53,2,2,39,73
380746.6011020417,7.436,Comp0038,FS0002,6,2748,445,10,44,5590,24560
380750.001285949,3.372,Comp0078,Web0001,6,47007,443,14,86,109,1681
380758.9239190066,3.157,Comp0052,Web0005,6,2080,80,10,110,346,3175
380765.5470864875,0.155,Comp0017,DNS0002,17,38238,53,3,2,71,73
380770.4673004146,18.161,Comp0054,DC0001,6,28148,445,60,195,799,85917
380779.81178628275,1.266,Comp0017,Comp0011,6,63232,3389,12,9,555,723
380781.8139881051,3.867,Comp0055,DC0001,6,50434,389,8,8,421,1022
380781.9261663533,6.308,Comp0003,DC0001,6,62509,445,35,47,492,10373
380801.8425855454,1.576,Comp0011,Web0001,6,62125,443,23,31,602,7252
380814.2082668752,0.068,Comp0074,Proxy0002,6,57037,3128,18,14,2885,3684
380832.8331620199,28.004,Comp0010,FS0002,6,7010,445,10,152,548,18601
380860.9170268277,11.183,Comp0017,DC0002,6,12053,445,50,94,2628,36503
380872.6444122876,1.558,Comp0025,FS0003,6,29126,445,85,18,2069,56954
380876.2607154201,1.406,Comp0064,Web0006,6,60734,80,28,164,1230,7157
380899.0321539825,0.153,Comp0063,DNS0002,17,58704,53,2,2,83,79
380911.97026052355,0.114,Comp0002,DNS0002,17,23476,53,2,2,76,80
380922.3400565966,8.241,Comp0022,Web0006,6,41965,80,3,63,70,19970
380923.1547470008,1.977,Comp0002,Web0001,6,47371,443,8,61,639,14419
380929.85216820095,11.716,Comp0021,Proxy0002,6,15604,3128,5,39,154,9636
380938.86678174546,0.231,Comp0077,DNS0002,17,6721,53,2,2,55,145
380950.80653261836,1.167,Comp0053,Web0002,6,16029,443,4,64,1072,17660
380952.7657435523,3.803,Web0002,DB0003,6,14407,5432,10,78,840,114577
380955.51662117784,0.89,Comp0067,Comp0011,6,19103,3389,5,2,1311,731
380965.70627689856,11.215,Comp0006,Comp0002,6,40437,139,22,173,184,204
380968.29330765165,8.016,Comp0036,Web0005,6,1237,443,8,12,1960,8265
380974.66593631066,0.805,Comp0062,Web0004,6,11957,80,8,34,623,2982
380981.46862054686,1.786,Comp0071,Web0002,6,62498,443,5,14,735,1714
380995.47919449944,3.205,Comp0031,FS0003,6,1181,445,17,37,1740,7442
380999.4522580275,0.932,Comp0018,DC0002,6,49038,88,5,32,380,452
381015.1108556059,0.688,Comp0002,Web0002,6,35701,443,6,78,1352,26595
381022.0615537833,69.838,Comp0030,FS0002,6,45777,445,18,75,560,9245
381024.4404187075,0.146,Comp0006,DC0002,6,10892,22,8,9,676,211
381030.5233618556,1.605,Comp0025,Web0004,6,38772,443,5,23,2398,3479
381033.1542280753,2.493,Comp0033,DC0002,6,12335,389,8,6,156,859
381034.7513734478,0.383,Comp0020,Web0002,6,31541,443,9,24,1447,18079
381040.421493908,0.564,Comp0042,Proxy0002,6,57275,3128,20,27,766,18830
381044.10455729975,15.818,Comp0032,Web0002,6,2479,80,12,13,338,7933
381050.93427416176,5.234,Web0003,DB0001,6,20981,5432,9,142,3250,61865
381051.0580824561,29.672,Comp0053,FS0001,6,34825,445,9,180,2346,10663
381054.5072117356,14.18,Comp0065,DC0001,6,49273,445,8,168,370,10972
381057.7889309807,9.095,Comp0012,FS0002,6,56973,445,5,387,4711,34719
381059.3671967758,6.564,Comp0036,DC0002,6,47844,445,45,109,1625,12583
381075.1798758299,0.392,Comp0077,DNS0002,17,55880,53,2,3,150,143
381087.3001176642,0.025,Comp0037,DNS0001,17,46854,53,3,2,62,215
381092.7489143279,0.074,Comp0073,DNS0002,17,45900,53,2,4,41,81
381093.0610235037,3.25,Web0006,DB0003,6,35069,3306,23,19,1429,14345
381093.6632430474,0.504,Comp0050,FS0001,6,5060,445,9,567,2095,5708
381094.6541039003,20.086,Comp0006,Comp0043,6,40661,445,31,48,858,941
381096.32554875605,0.947,Comp0007,Web0001,6,27409,443,9,66,1660,40078
381133.52194287925,1.298,Comp0051,DC0001,6,58044,445,15,101,3120,3766
381139.33783535915,1.101,Comp0010,Web0001,6,56310,80,5,27,510,5168
381140.0868552046,0.014,Comp0016,DNS0001,17,38936,53,2,2,62,250
381143.11184664443,1.195,Comp0073,DC0001,6,20001,88,2,8,940,92
381147.7459307181,63.602,Comp0049,FS0001,6,25648,445,27,159,823,21737
381148.0209187832,1.883,Comp0077,Web0002,6,31674,443,4,33,184,21155
381152.1001784143,0.08,Comp0030,DNS0001,17,21033,53,3,2,39,77
381154.17938995716,0.035,Comp0038,DNS0002,17,21537,53,3,2,85,242
381173.7708978371,1.81,Comp0073,Proxy0002,6,51878,3128,10,10,1555,6413
381178.09554270084,2.481,Comp0051,DC0001,6,17025,88,4,2,230,735
381179.92547658744,3.671,Comp0074,DC0001,6,42505,88,5,8,132,2963
381180.14715588593,0.011,Comp0021,DNS0002,17,49202,53,2,4,118,119
381184.2125752594,1.411,Comp0003,Proxy0001,6,8710,3128,40,14,4813,3477
381187.6915642254,0.358,Comp0008,DNS0001,17,30466,53,2,3,61,91
381195.68237185106,11.435,Comp0062,Web0006,6,51067,80,9,50,1324,432
381213.9560558734,4.392,Comp0025,DC0002,6,39642,445,18,42,6473,57385
381224.3066716075,2.968,Proxy0001,Ext0030,6,64076,80,7,15,539,17089
381225.89116669877,0.892,Comp0007,DC0001,6,60814,88,4,5,807,855
381228.4590804427,0.095,Web0001,DNS0001,17,60233,53,3,3,40,143
381231.65264873917,2.304,Comp0004,FS0001,6,52070,445,13,128,418,3353
381232.48321872874,34.354,Comp0054,DC0001,6,22346,88,9,23,219,999
381237.8334377598,14.498,Comp0026,Web0006,6,21486,443,8,20,872,12052
381239.12090096925,0.087,Comp0038,Web0001,6,39397,443,12,82,121,1212
381242.1736393398,0.006,Comp0018,DNS0001,17,6194,53,3,3,56,179
381246.84127938165,0.006,Comp0028,DNS0001,17,47431,53,3,3,41,86
381246.9506072075,0.24,Comp0047,DNS0002,17,35369,53,3,2,61,194
381247.6487998264,3.691,Comp0005,FS0001,6,23343,445,44,110,4871,2537
381256.7746496929,4.164,Comp0042,Mail0001,6,36171,587,6,4,102,972
381264.19127937465,0.022,Comp0074,DNS0001,17,19727,53,2,3,55,87
381271.1269564355,0.224,Comp0055,DNS0002,17,53526,53,2,2,57,172
381271.7783514769,4.729,Comp0020,Web0003,6,31934,443,20,31,1885,3770
381288.56045240787,0.499,Proxy0002,DNS0002,17,41912,53,2,3,39,189
381309.27755206014,2.306,Comp0017,Web0003,6,43587,443,7,65,454,14509
381312.54932415026,0.207,Comp0046,DNS0002,17,30535,53,3,3,54,105
381315.2748375391,0.09,Comp0061,DNS0002,17,20395,53,2,2,91,87
381323.6393583296,5.832,Comp0066,FS0001,6,52848,445,19,159,2537,4279
381326.8137421474,48.208,Comp0006,FS0001,6,42546,445,18,54,5065,27023
381327.8873704148,11.302,Comp0060,FS0002,6,45225,445,73,66,2054,1542
381328.15005247085,9.578,Comp0001,Web0002,6,45870,443,6,29,1107,4793
381334.29220656265,16.149,Web0004,DB0004,6,5533,5432,6,84,843,7679
381356.52961474913,0.213,Comp0009,DNS0002,17,2853,53,2,3,110,63
381359.9045059468,4.407,Comp0075,FS0003,6,52873,445,19,58,990,10588
381378.02391879045,1.654,Comp0009,Proxy0001,6,25754,3128,5,26,1088,3231
381380.2198224247,0.393,Comp0077,DNS0002,17,8617,53,2,4,49,369
381389.34532482235,6.172,Comp0053,Web0004,6,52680,443,3,29,196,7609
381407.19249239814,5.726,Comp0018,Web0006,6,10951,80,4,32,5837,9089
381409.3517370509,15.023,Comp0078,Comp0017,6,24622,445,23,48,2200,1112
381411.2043765586,13.917,Proxy0001,Ext0003,6,49690,80,8,16,231,38650
381411.5724951631,0.581,Comp0064,Web0002,6,40094,443,13,29,1894,10317
381412.67617497395,4.324,Comp0070,Proxy0002,6,42072,3128,6,18,186,8567
381429.9586771335,8.042,Comp0016,Web0002,6,57629,443,25,58,1029,5254
381438.8772970493,0.051,Comp0080,DNS0001,17,5176,53,2,3,72,98
381440.85648130596,6.878,Comp0049,Web0001,6,63758,443,23,11,505,2821
381441.11656807247,0.138,Comp0080,DNS0002,17,53161,53,2,2,39,234
381442.208008083,0.028,Comp0045,DNS0002,17,39776,53,3,3,48,77
381442.70195631176,1.908,Comp0004,Mail0002,6,8976,993,5,11,354,3891
381443.56980292534,0.017,Comp0061,DNS0001,17,39146,53,2,3,54,100
381459.122414346,1.489,Comp0006,FS0003,6,52185,445,33,189,1149,2416
381466.8291919967,5.6,Comp0054,DC0001,6,46636,445,43,25,999,2694
381468.0748940938,2.711,Comp0018,DC0002,6,33107,445,25,40,23625,18095
381479.1092685669,0.207,Comp0038,DNS0001,17,56959,53,2,2,46,54
381495.12450585834,1.316,Comp0016,Web0005,6,39812,443,7,37,1905,2686
381501.1390455418,0.176,Comp0075,DNS0002,17,49290,53,2,3,118,87
381505.4244834579,0.076,Comp0005,DNS0001,17,64796,53,2,3,46,254
381515.954971483,8.912,Comp0063,Web0004,6,60656,443,6,72,985,36849
381529.72990023735,16.164,Comp0038,Web0005,6,28471,443,31,52,730,28671
381530.4811573246,0.008,Comp0069,DNS0002,17,16788,53,3,3,69,102
381539.68660972087,3.547,Comp0067,Web0005,6,26242,443,18,54,1977,5000
381551.5325674007,8.522,Comp0068,Proxy0002,6,56535,3128,18,105,255,17101
381562.80615366285,0.283,Comp0007,DNS0002,17,44897,53,2,3,53,309
381564.22079862107,3.52,Comp0053,Web0001,6,45614,443,3,64,449,4114
381565.34046142834,2.178,Comp0027,DC0001,6,29549,88,3,6,353,1045
381580.55215029133,0.324,Comp0057,Web0004,6,40340,443,5,80,903,2187
381581.85143209546,7.732,Comp0007,FS0002,6,11954,445,16,61,4039,2548
381583.14809801505,4.14,Comp0030,DC0001,6,22926,389,5,7,116,711
381584.50640335894,7.39,Comp0073,DC0001,6,45701,88,4,13,241,922
381586.20100679545,4.091,Comp0002,Web0006,6,27546,443,6,9,1761,3955
381593.78263549786,0.19,Comp0026,DNS0001,17,65451,53,2,3,52,144
381615.6704388857,5.379,Comp0003,Web0002,6,27278,443,9,60,1507,566
381617.5870732801,4.452,Comp0007,Proxy0001,6,10246,3128,4,21,1574,16414
381618.2708672876,10.82,Comp0029,Mail0001,6,32427,993,10,12,91,564
381619.013461397,0.087,Comp0026,DNS0002,17,29137,53,2,3,53,79
381631.4513131736,5.457,Comp0056,Web0003,6,43811,443,10,14,234,40967
381631.76152774214,0.147,Comp0080,DNS0001,17,39349,53,2,3,81,311
381637.23773933033,2.916,Comp0045,DC0002,6,13665,389,5,3,478,347
381639.5081516742,1.28,Comp0060,Web0003,6,5314,443,24,26,1374,5896
381640.47699857986,0.311,Mail0002,DNS0002,17,15940,53,2,2,44,212
381644.02996384224,3.827,Comp0027,Web0005,6,57494,443,14,28,603,34580
381648.1903783785,0.138,Comp0047,DNS0001,17,25662,53,2,2,54,277
381653.84386682144,0.212,Comp0059,DNS0001,17,59801,53,3,2,62,65
381657.89220087207,2.697,Comp0032,FS0001,6,43474,445,59,137,1512,12272
381668.13038436294,4.027,Comp0008,Web0004,6,41830,80,10,42,422,1373
381679.2416582616,22.235,Web0001,DB0003,6,33511,3306,22,187,1716,25289
381682.14134085027,0.384,Comp0027,DNS0001,17,2298,53,3,2,85,173
381684.8734728684,11.236,Comp0055,FS0003,6,41281,445,8,184,1506,17818
381703.26556465315,10.771,Comp0056,Proxy0002,6,31289,3128,4,141,657,3481
381708.2678075916,0.053,Comp0025,DNS0002,17,65006,53,2,2,51,88
381719.13145401323,5.321,Comp0014,Web0006,6,53767,80,6,8,259,3570
381724.89229762444,2.065,Comp0062,Web0006,6,8362,443,15,30,849,832
381725.25575847673,1.756,Comp0077,Web0003,6,49990,443,5,122,1408,2133
381732.19624634006,3.639,Comp0002,Mail0002,6,58380,587,5,2,311,406
381734.9332468265,0.163,Comp0060,DNS0002,17,52655,53,3,2,54,301
381742.0700294678,0.138,Comp0031,DNS0001,17,47140,53,3,3,31,245
381746.8579429797,3.002,Comp0031,FS0001,6,49248,445,8,147,3483,24298
381747.10484693985,6.394,Web0006,DB0001,6,45309,5432,13,71,398,13713
381756.27595158067,0.119,Comp0036,DNS0002,17,21453,53,2,2,72,103
381763.4540152309,0.218,Comp0026,DNS0002,17,48961,53,2,2,50,77
381771.64357061055,1.653,Comp0026,FS0003,6,46563,445,36,61,755,60037
381773.391553362,5.185,Comp0024,Web0004,6,51244,443,4,54,806,1549
381774.22159474494,0.035,Comp0030,DNS0002,17,11352,53,3,3,101,244
381785.6110962908,12.227,Comp0054,Web0003,6,6060,80,16,19,419,3964
381790.22917425435,5.169,Comp0026,Web0004,6,29289,443,10,43,6502,5780
381796.34986721404,4.251,Comp0055,Web0001,6,46623,443,7,36,369,33431
381799.3452437548,0.109,Comp0061,DC0001,6,23837,389,17,29,344,3653
381810.9224756226,0.044,Comp0033,DNS0001,17,13556,53,2,3,62,73
381826.7547564492,41.093,Comp0021,FS0001,6,22773,445,46,303,5751,957
381830.2692224066,1.099,Comp0076,Web0002,6,48099,443,5,32,1770,7717
381831.681414622,7.182,Comp0012,Mail0002,6,61574,587,4,7,652,57
381838.55372950144,8.144,Comp0006,DC0001,6,26509,389,5,10,463,1864
381839.9776530403,20.113,Comp0027,Proxy0002,6,8503,3128,29,144,338,10321
381844.1413695089,0.094,Comp0077,DNS0001,17,28501,53,2,3,41,154
381844.99009083974,2.138,Comp0062,Proxy0002,6,3009,3128,11,49,1171,1085
381852.1076067919,12.181,Comp0062,Proxy0002,6,57532,3128,6,19,351,5149
381852.37844096846,0.048,Comp0026,DNS0001,17,21399,53,2,2,59,62
381853.9882292472,0.171,Comp0015,DNS0001,17,64494,53,3,3,65,204
381855.66081861284,1.762,Comp0017,DC0001,6,8049,389,6,6,723,175
381861.6749395529,1.485,Comp0027,Proxy0002,6,49294,3128,4,21,116,38788
381879.8542712064,17.315,Comp0064,Web0004,6,43077,443,9,13,392,1570
381883.796443421,16.813,Comp0072,DC0002,6,61587,445,19,35,3579,26593
381887.5108286017,5.873,Proxy0002,Ext0004,6,36130,443,10,104,522,13423
381887.9461160493,3.177,Comp0049,DC0002,6,41750,88,5,8,376,125
381899.69797597406,0.207,Comp0055,DNS0002,17,19471,53,2,2,44,127
381903.64386605995,1.002,Comp0051,DC0002,6,17672,389,6,5,520,584
381932.5840490613,10.687,Comp0008,Proxy0001,6,17945,3128,34,152,184,2495
381941.9498037045,0.396,Comp0062,DNS0001,17,1089,53,2,2,45,194
381942.86805721093,0.503,Comp0041,DNS0001,17,37816,53,2,2,46,144
381954.8862888929,12.698,Comp0012,DC0002,6,53485,445,10,72,28684,6662
381961.7895638681,0.002,Comp0032,DNS0002,17,58750,53,2,3,63,171
381965.4127151816,3.906,Comp0014,Proxy0002,6,63361,3128,11,89,94,2490
381969.3792277229,10.388,Comp0052,Proxy0002,6,2809,3128,8,61,929,10514
381983.55368279765,0.841,Comp0022,DC0002,6,8192,389,8,9,363,429
381987.66265251435,0.43,Comp0009,DNS0001,17,35581,53,2,2,48,192
381989.92349634925,0.983,Comp0026,DC0001,6,54542,389,5,5,217,241
381990.0762340868,4.091,Comp0063,Web0001,6,31789,80,8,72,1699,4076
381993.55720004736,3.544,Comp0022,Proxy0002,6,35145,3128,8,33,1807,7633
381997.27977785264,2.005,Comp0054,Web0005,6,19197,443,7,85,934,23734
381997.68918303953,4.574,Comp0025,Web0006,6,18017,80,15,42,823,2697
381998.99262774864,0.042,Comp0014,DNS0001,17,1995,53,3,3,56,144
382000.21086207504,4.405,Comp0049,Mail0002,6,20585,993,8,12,134,198
382008.2074527126,0.031,Comp0052,DNS0001,17,42793,53,2,4,74,193
382012.54242775106,3.022,Comp0004,Proxy0002,6,49535,3128,13,33,656,6726
382020.51375992317,0.356,Comp0043,DNS0001,17,7850,53,3,2,62,412
382021.12016165245,8.104,Comp0067,Mail0001,6,18488,993,3,3,172,826
382022.8318166381,2.889,Comp0002,FS0002,6,27520,445,100,89,4846,13545
382025.68896854745,4.505,Web0003,DB0002,6,34614,5432,30,20,2218,2088
382025.90571908705,3.9,Comp0028,Web0001,6,39629,443,7,22,114,9152
382026.62527879025,7.254,Comp0016,Proxy0002,6,41355,3128,17,21,2403,2793
382027.32863421785,0.776,Comp0050,FS0001,6,65128,445,48,104,7786,9469
382031.61224276223,1.992,Comp0015,Web0004,6,27296,443,8,105,1132,9359
382045.3810793008,19.173,Comp0026,FS0002,6,63041,445,11,184,800,42074
382047.46838687547,5.184,Comp0016,Web0001,6,26594,443,6,38,965,17864
382061.0512287161,3.813,Comp0014,Proxy0002,6,62962,3128,7,76,165,3967
382064.42568099586,15.456,Comp0020,FS0003,6,36473,445,18,144,1261,6736
382072.4426742955,9.117,Comp0023,FS0002,6,9465,445,9,185,1934,16174
382073.3921731913,1.521,Comp0018,DC0002,6,10518,88,3,4,206,931
382075.05560596345,2.587,Comp0042,Proxy0002,6,43761,3128,4,31,447,18082
382079.5940902679,0.016,Comp0079,DNS0002,17,28337,53,2,2,68,233
382083.5382444031,3.811,Comp0052,Web0002,6,2273,443,6,63,518,2992
382089.37428063725,1.345,Comp0052,DC0002,6,53656,88,3,6,370,468
382094.78551071254,6.925,Comp0053,Proxy0002,6,4689,3128,10,220,991,12902
382101.1025237015,3.133,Comp0032,Web0006,6,9656,443,9,24,487,1062
382109.45485124184,0.721,Comp0032,Mail0002,6,51802,993,4,2,1255,907
382111.03331697657,17.715,Comp0019,FS0003,6,4240,445,5,270,18345,48844
382112.7444801142,6.686,Comp0078,Web0003,6,12839,80,4,31,82,19013
382125.63888314227,2.73,Comp0074,DC0001,6,50943,88,3,8,420,116
382128.5193189915,6.103,Comp0066,FS0002,6,51422,445,51,598,9174,6131
382131.42900586023,0.07,Comp0017,DNS0002,17,14510,53,2,2,70,177
382134.5168724861,5.054,Comp0057,Web0006,6,9409,443,9,93,262,145379
382135.6752131034,0.016,Comp0068,DNS0001,17,13860,53,2,3,141,128
382144.0307690219,0.113,Comp0004,DNS0001,17,35161,53,3,3,101,99
382144.38307278644,0.228,Comp0013,DC0002,6,3157,389,5,7,286,3464
382148.3611202431,0.01,Comp0017,DNS0002,17,42367,53,2,3,91,338
382149.9238305162,0.022,Comp0060,DNS0001,17,38250,53,2,4,44,75
382160.4761792478,1.315,Comp0063,DNS0001,17,38897,53,2,3,34,195
382164.2114303041,6.347,Comp0064,Mail0001,6,19503,587,3,21,79,2783
382169.94241781055,3.227,Comp0010,Web0006,6,35436,443,17,12,235,16491
382171.10191552533,0.002,Comp0060,DNS0001,17,3565,53,3,3,80,165
382184.73867503577,0.147,Comp0077,DNS0002,17,11481,53,3,3,60,374
382190.0583560986,2.962,Comp0064,Web0002,6,51508,443,3,38,58,5083
382197.1368134555,2.868,Comp0012,FS0001,6,46979,445,16,73,2527,18059
382197.8575092936,1.43,Comp0026,DC0001,6,46330,445,31,491,806,13800
382198.6639407028,0.577,Comp0060,Proxy0001,6,47859,3128,6,79,3128,4160
382222.40034807485,3.714,Comp0064,FS0002,6,49176,445,40,59,1758,179852
382244.29539762216,0.428,Comp0053,Web0001,6,7206,80,5,32,207,13382
382253.3981157907,0.685,Comp0037,Proxy0002,6,4413,3128,8,6,670,13158
382279.851125408,14.915,Web0006,DB0003,6,32221,5432,18,129,571,21527
382290.3398200737,3.385,Comp0080,Web0003,6,14975,443,4,47,2632,4316
382295.0079715811,13.021,Comp0021,Web0003,6,58176,80,8,96,964,2745
382296.2836304594,1.191,Comp0039,Web0002,6,22419,443,16,30,1981,4557
382301.94681896956,9.445,Comp0055,Mail0002,6,42266,993,7,7,92,547
382307.7608614305,0.221,Comp0030,Web0006,6,12687,443,8,63,488,916
382311.48277194035,0.089,Comp0043,DC0001,6,37984,389,5,7,694,334
382330.5131944728,7.959,Comp0019,Mail0001,6,32763,993,7,10,330,1162
382331.8562024231,1.87,Comp0019,Proxy0002,6,56595,3128,11,54,1134,5126
382335.89671670576,0.026,Comp0040,Proxy0002,6,18632,3128,6,19,181,43870
382344.9289484517,3.759,Comp0019,Web0005,6,62816,443,6,31,397,9868
382348.18078302743,9.476,Comp0040,Web0002,6,35621,443,4,20,76,1576
382357.42299366044,15.94,Comp0006,Comp0053,6,64560,445,44,188,4117,497
382357.4431340253,0.098,Comp0020,Comp0011,6,46110,3389,6,5,696,888
382364.3848702114,10.316,Comp0033,Proxy0002,6,59319,3128,15,107,83,2475
382377.82325632713,4.132,Proxy0001,Ext0023,6,60749,443,12,62,670,21927
382378.7053494031,1.783,Comp0040,Web0003,6,51413,80,9,203,136,10993
382388.34675258247,9.306,Comp0063,Proxy0002,6,55810,3128,5,70,584,4989
382392.2626787596,8.734,Comp0060,Proxy0001,6,31983,3128,7,15,3467,8522
382393.33794111013,0.026,Comp0073,DNS0001,17,47409,53,3,2,82,94
382398.00578273035,0.482,Comp0014,DNS0002,17,38173,53,2,2,66,136
382403.0703194148,13.358,Comp0014,DC0002,6,45272,445,47,22,1717,151306
382405.74848592625,0.852,Comp0035,DNS0001,17,34995,53,2,3,50,90
382407.2029136921,0.156,Comp0054,DNS0001,17,52440,53,2,2,56,184
382421.8154726772,0.071,Comp0002,DNS0002,17,51735,53,3,2,69,293
382422.1102239723,0.27,Comp0004,DNS0002,17,36932,53,3,2,101,146
382425.8670557329,0.806,Comp0079,DNS0001,17,10315,53,3,2,84,68
382427.0600186518,21.931,Comp0041,FS0001,6,29728,445,8,77,1782,7581
382428.7425068731,0.41,Comp0078,DC0002,6,51958,88,5,9,496,296
382429.4494471489,1.491,Comp0048,DC0002,6,57789,88,3,8,234,251
382433.41595423996,8.343,Comp0056,Proxy0002,6,51824,3128,6,104,202,4557
382437.449807555,1.284,Comp0060,DC0001,6,51657,389,9,14,455,402
382438.4777892714,0.314,Proxy0002,DNS0001,17,61467,53,2,3,109,101
382455.6111118607,0.142,Comp0046,DNS0001,17,36792,53,2,2,74,82
382463.0511060233,1.312,Comp0006,Comp0064,6,23035,135,6,6,152,9
382467.6636381336,0.13,Comp0068,DNS0001,17,42584,53,3,2,44,83
382468.3469918113,23.025,Comp0072,Proxy0002,6,42079,3128,8,49,329,6380
382479.1583576604,0.169,Comp0011,DNS0002,17,47038,53,2,2,59,472
382489.1764131349,6.151,Comp0017,DC0002,6,13997,88,4,6,346,376
382492.67431816907,2.687,Comp0034,Web0005,6,19107,443,17,221,978,1609
382497.145651534,0.389,Comp0031,DNS0001,17,50818,53,2,4,76,222
382521.74687377585,0.09,Comp0071,DNS0001,17,39177,53,3,3,113,197
382523.92594095506,15.338,Comp0038,Web0004,6,25549,443,5,16,10952,26744
382527.80208956427,38.922,Comp0048,FS0002,6,47854,445,46,122,2634,5558
382533.7450046437,21.105,Web0002,DB0002,6,46736,3306,30,23,9983,237227
382535.1319219457,0.288,Comp0007,Web0001,6,48688,80,16,49,1316,5535
382535.1996112084,2.201,Comp0028,DC0001,6,48431,88,6,10,258,107
382544.8987039824,0.866,Comp0075,Mail0002,6,25300,993,7,12,131,1086
382548.4005623995,9.269,Comp0044,Web0003,6,53922,443,8,171,343,16775
382552.61968901864,0.079,Comp0038,DNS0001,17,37903,53,3,4,71,149
382553.16593470844,1.735,Comp0072,Web0006,6,48134,80,6,17,872,6461
382555.2427537741,4.263,Comp0001,Web0003,6,52734,443,12,37,317,12025
382556.3495604844,0.072,Proxy0002,DNS0001,17,39701,53,3,3,58,136
382561.7151913108,0.076,Comp0008,DNS0001,17,5756,53,2,2,126,203
382566.2080127336,1.143,Comp0012,Web0004,6,60560,80,10,37,1218,28413
382569.45923411456,0.022,Comp0063,DNS0002,17,34910,53,2,2,60,103
382573.89134477073,0.658,Comp0008,DNS0001,17,44896,53,3,2,47,153
382574.597208059,8.391,Comp0006,Comp0054,6,29339,139,4,99,1502,6089
382583.8887234361,0.085,Comp0001,DNS0002,17,60773,53,2,2,64,372
382588.6883855906,8.916,Comp0065,Web0003,6,20285,443,9,44,311,23338
382606.3897000733,0.352,Comp0017,Web0003,6,16257,443,7,22,4921,6846
382617.5722758203,5.463,Comp0006,Web0005,6,4107,443,16,129,1627,978
382625.343168212,1.755,Proxy0001,Ext0009,6,56693,443,7,8,1747,2474
382628.59538989805,0.488,Comp0031,DNS0002,17,11404,53,2,2,64,168
382630.2767685812,0.345,Comp0015,DC0001,6,57529,88,4,6,361,208
382633.7772669017,0.331,Comp0024,DNS0001,17,5976,53,2,3,77,202
382639.0770266283,0.902,Comp0005,DC0002,6,8886,88,9,4,1053,860
382640.5865480228,3.695,Comp0031,DC0002,6,20046,389,5,21,960,590
382645.6006011187,7.493,Comp0038,DC0001,6,27173,445,91,184,6231,5732
382650.31862278795,0.105,Comp0073,DNS0001,17,45733,53,3,3,52,209
382654.09369663283,2.371,Comp0002,Comp0011,6,40895,3389,6,10,477,5038
382666.05738549127,0.728,Comp0051,DNS0002,17,55574,53,3,2,66,123
382666.20251629956,0.249,Comp0076,DC0001,6,10997,389,3,6,150,420
382670.33034531795,0.164,Comp0070,DNS0002,17,16023,53,3,2,85,371
382673.29052600684,0.345,Comp0041,Web0002,6,53960,443,25,74,208,841
382678.3754198516,0.592,Comp0006,DNS0002,17,15687,53,2,2,59,275
382679.01839266176,0.097,Comp0040,DNS0002,17,6221,53,3,2,76,70
382682.93413137505,0.211,Comp0032,DNS0001,17,37036,53,3,2,250,167
382690.4326434701,0.342,Comp0020,FS0001,6,19098,445,6,105,4774,2723
382690.4350871056,1.637,Comp0062,Proxy0002,6,13395,3128,7,38,1329,24212
382702.4377252053,29.082,Comp0080,DC0001,6,46042,445,26,43,3590,87438
382702.5902216754,0.16,Comp0013,DNS0001,17,64888,53,2,2,93,85
382704.1784280151,0.456,Comp0076,DNS0002,17,10716,53,2,2,33,178
382719.9064651385,2.178,Comp0080,DC0001,6,2444,389,9,3,336,556
382720.5317036558,4.718,Comp0056,Comp0011,6,56290,3389,4,4,68,1584
382720.6853797534,4.486,Comp0032,Web0004,6,55042,80,30,6,83,9870
382724.4585240198,2.658,Comp0036,DC0002,6,33097,389,10,7,583,1091
382727.5416091119,5.678,Comp0056,Proxy0002,6,14028,3128,5,107,244,6447
382728.1262447394,4.017,Comp0015,Web0006,6,29224,443,7,31,559,8607
382735.5973874211,0.013,Mail0002,DNS0002,17,11510,53,2,2,85,71
382752.2002617689,13.715,Comp0066,FS0001,6,59182,445,19,155,4883,14046
382753.74294186255,9.513,Comp0069,Web0002,6,3555,443,15,38,198,6043
382763.0489078598,2.256,Comp0057,Comp0011,6,11317,3389,6,9,1534,940
382768.62057218887,6.552,Web0006,DB0001,6,27945,5432,14,68,1040,5093
382776.7551742107,2.675,Comp0030,Proxy0002,6,31901,3128,7,41,289,15355
382792.8046353307,0.137,Comp0007,DC0002,6,18495,88,4,15,97,1024
382799.22232921043,0.653,Comp0046,DNS0002,17,5648,53,3,2,70,244
382800.46360467153,0.81,Comp0056,Proxy0002,6,4598,3128,8,18,79,18325
382801.5158777771,7.285,Comp0038,DC0001,6,28798,445,18,27,3203,149100
382803.51728231116,1.596,Comp0063,Web0001,6,8248,443,3,26,2377,6711
382805.15782123775,7.166,Proxy0001,Ext0020,6,32367,443,13,78,640,5776
382815.3167774984,1.703,Comp0078,Web0001,6,36128,443,8,8,668,6586
382823.93970914365,0.425,Comp0008,DNS0002,17,40002,53,2,3,59,184
382826.6818987961,0.207,Comp0052,DNS0002,17,2387,53,3,2,27,421
382836.07247346686,1.58,Comp0060,FS0003,6,45013,445,29,98,2543,27193
382842.5749023826,3.31,Comp0036,DC0001,6,49666,389,8,4,620,792
382858.75040056696,24.139,Comp0057,FS0002,6,33013,445,5,46,1254,13460
382859.6825561889,2.653,Comp0042,Web0006,6,7159,443,11,50,354,18903
382863.6464437058,2.01,Comp0034,Proxy0002,6,43278,3128,5,16,454,1816
382866.64443874644,0.334,Comp0055,DNS0001,17,6350,53,3,4,55,89
382870.308277693,1.528,Comp0053,DC0002,6,47360,88,6,5,7503,2238
382872.63465933263,4.218,Comp0019,DC0001,6,64665,389,6,5,1051,1182
382884.4663054562,0.453,Comp0055,DNS0001,17,4835,53,2,3,194,119
382888.727003148,0.042,Comp0029,DNS0001,17,27098,53,2,3,69,213
382891.1927837491,4.763,Comp0067,Proxy0001,6,56076,3128,17,26,1438,36270
382897.02167405403,0.027,Comp0040,DNS0001,17,10901,53,3,2,134,172
382907.91982871067,1.044,Comp0041,Web0002,6,32972,443,11,23,2269,8222
382913.61083480285,0.206,Comp0007,DNS0001,17,35663,53,3,2,52,56
382916.993828655,5.035,Proxy0002,Ext0029,6,56356,443,16,125,349,1536
382926.13764966535,0.409,Comp0041,DNS0001,17,2575,53,2,3,65,201
382930.57789554057,9.885,Comp0012,FS0003,6,42935,445,30,20,8762,9891
382932.86571235425,0.239,Comp0053,DNS0001,17,2982,53,2,2,71,75
382936.0257024452,8.642,Comp0057,Web0005,6,9036,443,4,36,626,5224
382944.8274424559,3.378,Comp0036,DC0001,6,27148,88,7,7,997,1122
382946.5072709788,0.034,Comp0063,DNS0001,17,41966,53,2,3,111,85
382948.6510547277,0.114,Comp0064,Web0005,6,40822,80,8,80,862,27064
382949.05039661325,16.226,Comp0002,Web0003,6,35901,80,8,127,54,23707
382965.3500278016,0.435,Comp0007,DNS0001,17,27134,53,3,2,58,335
382968.20302328595,21.186,Comp0047,FS0003,6,41733,445,10,40,7036,3095
382968.25766635145,1.965,Comp0010,Web0004,6,19867,80,22,18,512,2705
382975.3453949121,2.194,Comp0011,Web0001,6,57960,443,5,55,1743,6221
382982.23565972433,0.321,Comp0042,Web0005,6,26900,443,8,31,435,10213
382983.48485258664,0.415,Comp0076,Web0004,6,9152,443,50,52,4981,5860
382989.3838420898,3.129,Comp0050,Web0006,6,5243,80,11,35,615,29314
382999.31401656533,4.276,Comp0016,Web0002,6,14560,443,13,56,760,2681
383001.15191158466,0.921,Comp0078,Proxy0002,6,65176,3128,6,103,196,5132
383021.69155955507,0.233,Comp0036,DNS0001,17,56527,53,2,2,40,69
383021.9583473054,2.285,Comp0051,Web0005,6,12861,443,17,102,408,6780
383032.1925856829,4.083,Comp0018,Proxy0002,6,64833,3128,12,79,4433,17240
383032.2209009279,4.498,Comp0054,Mail0001,6,55453,993,4,6,277,142
383040.06652000215,1.751,Comp0027,Web0006,6,47132,443,7,14,261,11710
383047.8447603792,0.148,Comp0013,DNS0001,17,41771,53,2,3,42,152
383055.77895656775,8.963,Comp0014,Proxy0002,6,22540,3128,10,21,4030,4983
383057.03440528293,5.713,Comp0028,Proxy0002,6,31537,3128,8,12,919,1943
383061.77373525564,1.671,Comp0026,Proxy0001,6,51943,3128,9,10,1006,4151
383063.6206008586,7.919,Comp0035,Proxy0001,6,8672,3128,6,32,387,30486
383064.72065734735,0.096,Comp0031,Web0003,6,16436,443,8,54,90,18135
383072.1116133182,9.665,Comp0071,Web0002,6,64885,443,6,28,309,42433
383074.98333085387,2.403,Comp0049,Proxy0002,6,48164,3128,3,31,105,1477
383085.98073976475,0.423,Proxy0002,Ext0006,6,22856,443,6,37,281,5858
383086.72446366696,6.914,Comp0037,DC0001,6,39120,389,5,12,423,1416
383086.94621138735,0.006,Comp0007,DNS0002,17,54107,53,3,2,79,69
383090.2960979477,7.712,Comp0068,Proxy0001,6,52223,3128,15,22,515,6676
383122.7706734095,1.553,Comp0059,Proxy0002,6,33984,3128,20,10,2057,13025
383125.37803836935,12.564,Comp0018,FS0001,6,25529,445,11,94,1433,3658
383126.8241111922,3.844,Comp0061,Web0001,6,5321,443,7,15,1073,2292
383137.75882238307,0.563,Comp0050,DNS0001,17,38633,53,2,3,183,213
383150.18270676455,22.715,Comp0059,Web0003,6,48780,443,3,87,526,1588
383165.3365699418,1.391,Web0003,DC0001,6,7087,389,5,19,77,655
383178.4358609684,2.868,Comp0055,Proxy0002,6,17302,3128,16,8,149,826
383181.2769507525,0.291,Comp0004,DNS0002,17,43705,53,3,3,99,111
383181.46686649707,2.184,Comp0050,Web0004,6,13854,80,12,22,1235,28945
383183.8096746231,0.551,Comp0080,DNS0001,17,19982,53,2,2,64,99
383190.8287715417,0.086,Comp0006,DNS0001,17,10832,53,2,3,58,221
383202.35804082785,3.337,Comp0076,Web0003,6,11282,443,7,37,119,2578
383203.5877056957,0.135,Comp0016,FS0001,6,13535,445,49,27,1856,207162
383206.8955153555,0.502,Comp0051,DC0001,6,36221,389,6,7,500,3775
383212.13673055463,6.395,Comp0051,Proxy0002,6,61585,3128,4,43,493,9732
383222.5390888137,0.614,Comp0033,Web0005,6,29203,80,17,101,2405,537
383227.9142493349,10.402,Comp0001,DC0002,6,59050,445,35,50,5105,9219
383228.96421562415,11.144,Comp0080,Web0002,6,62391,443,5,62,1165,16453
383231.066875694,1.168,Comp0012,DNS0001,17,50268,53,2,2,61,122
383234.7230578788,1.734,Comp0033,Web0006,6,29061,443,19,40,388,15189
383242.924870266,0.53,Comp0027,DNS0002,17,19181,53,2,2,59,112
383284.05258361227,2.648,Comp0027,FS0002,6,16188,445,26,53,4123,16395
383284.6272545928,0.139,Web0003,DNS0002,17,22002,53,3,3,54,158
383289.74960146035,0.588,Comp0007,Proxy0002,6,30839,3128,12,12,1262,18126
383291.81893976236,12.29,Comp0068,Proxy0002,6,9388,3128,4,81,1055,9137
383292.670839656,0.208,Comp0075,DNS0001,17,48812,53,2,3,70,98
383294.6696538788,1.972,Comp0005,DC0002,6,35182,88,5,6,172,524
383297.44790188933,0.006,Comp0016,DNS0001,17,11862,53,2,4,46,314
383304.35080984124,10.249,Comp0017,Mail0002,6,12484,993,5,3,1067,1557
383312.5671885739,1.254,Comp0071,Web0004,6,28840,443,8,28,2805,3963
383324.24765234813,0.278,Comp0013,DNS0002,17,52926,53,3,2,97,181
383332.30322345655,0.107,Comp0012,DC0002,6,37023,88,6,4,929,213
383335.79332169617,15.344,Comp0039,Proxy0002,6,34239,3128,21,51,202,2121
383335.8655212431,3.125,Comp0077,Web0001,6,42843,443,2,47,394,9347
383346.0004615175,0.005,Comp0063,DNS0002,17,17194,53,2,2,58,64
383348.7798259467,2.491,Comp0061,Web0006,6,25544,443,8,83,1641,14188
383351.58999492205,3.193,Comp0061,DC0001,6,8967,389,5,6,2127,718
383352.02291548956,0.003,Comp0070,DNS0001,17,38345,53,3,3,74,316
383353.972864353,7.929,Comp0060,FS0002,6,3761,445,13,111,518,17693
383356.76365403604,2.685,Comp0014,Web0005,6,46874,80,13,58,264,3015
383370.6338886828,11.804,Comp0043,Proxy0001,6,65119,3128,7,33,232,4273
383378.51181471534,0.152,Comp0048,DNS0002,17,11977,53,2,3,128,228
383383.32754834066,2.038,Comp0009,Proxy0002,6,15703,3128,9,42,381,15765
383395.1517665072,0.826,Comp0037,DC0002,6,7955,389,3,3,275,1129
383395.23369035264,0.083,Comp0054,DNS0002,17,19313,53,2,2,53,170
383401.5262096027,3.073,Comp0009,DC0001,6,19832,88,6,9,377,2526
383406.90307581524,0.056,Comp0027,DNS0002,17,39413,53,2,4,48,273
383411.95087953494,0.288,Comp0007,DNS0002,17,18652,53,3,2,133,136
383413.80265041697,5.128,Comp0047,Web0001,6,29707,443,16,25,744,12862
383414.0448248187,0.34,Comp0007,Web0003,6,41050,443,3,24,327,6059
383419.6252016631,3.205,Comp0064,Mail0001,6,33281,993,5,7,154,314
383419.9092304709,0.203,Comp0014,DNS0001,17,11494,53,2,3,185,62
383423.4725039118,6.31,Comp0014,Proxy0001,6,57966,3128,10,51,4188,45941
383423.9626068745,15.052,Proxy0002,Ext0019,6,36694,443,12,7,2238,6110
383432.8803689218,2.986,Comp0034,Web0002,6,59768,443,4,107,3681,5995
383437.0964741088,5.814,Comp0013,Web0006,6,43185,443,21,15,1236,5283
383442.485207153,3.059,Comp0072,Proxy0002,6,49096,3128,4,45,1358,3978
383444.95224698517,0.32,Comp0056,DNS0001,17,48442,53,3,3,72,184
383445.2843764748,5.62,Comp0046,DC0002,6,35799,88,3,6,386,792
383446.6777134024,0.52,Comp0062,DC0002,6,10491,389,5,9,196,400
383463.9403554875,0.571,Comp0065,Web0002,6,26164,443,10,19,327,3150
383466.9600426137,0.007,Comp0051,DNS0001,17,50159,53,2,2,61,190
383478.4263479834,0.213,Comp0079,Mail0001,6,6104,587,13,17,157,759
383479.04878342024,13.926,Comp0020,Mail0002,6,44838,993,16,14,930,154
383481.37204319844,0.116,Comp0058,DNS0002,17,35878,53,2,2,62,317
383481.55594228825,0.16,Comp0071,DNS0001,17,39759,53,2,3,117,67
383507.52189735294,10.348,Comp0043,Web0002,6,25358,80,4,67,106,8605
383511.11853263364,0.001,Comp0046,DNS0002,17,22870,53,2,2,38,159
383514.18477175874,0.747,Comp0079,Web0003,6,9927,443,4,254,1305,3304
383518.0848602902,26.44,Comp0002,FS0002,6,8874,445,16,114,3201,44019
383518.25308031845,9.05,Comp0028,Proxy0002,6,29996,3128,6,74,4147,7041
383519.8842318867,0.059,Comp0052,DNS0002,17,48229,53,2,2,69,421
383541.3584098895,2.145,Comp0052,DC0002,6,27676,88,5,4,403,495
383542.87715483375,3.098,Comp0016,Web0004,6,27611,80,4,63,1105,11460
383543.9015119397,10.069,Comp0045,DC0001,6,52226,445,11,19,6942,10784
383544.44202184124,4.811,Comp0025,Proxy0001,6,5777,3128,4,77,287,14053
383561.4838001,6.725,Comp0041,DC0002,6,29203,389,2,22,816,569
383563.6327434686,0.011,Comp0012,DNS0001,17,44702,53,2,3,74,208
383580.1710707963,0.083,Comp0012,DNS0002,17,65105,53,2,2,80,229
383598.10589979996,0.935,Comp0007,DC0002,6,20229,88,18,9,621,3539
383598.84273207653,8.549,Comp0036,DC0001,6,11675,445,19,51,657,43583
383602.6347541122,3.103,Web0006,DB0001,6,64746,5432,36,37,387,1329
383603.64245358255,0.055,Comp0075,DNS0002,17,51991,53,2,2,45,119
383610.3313489017,21.197,Comp0004,Web0005,6,36621,443,5,409,3602,46733
383611.16934739525,0.2,Comp0017,DNS0002,17,24327,53,3,2,34,358
383616.0168797961,0.302,Comp0068,DNS0001,17,40120,53,3,2,65,178
383617.4743170241,4.873,Comp0059,Web0001,6,29012,443,12,49,1960,6694
383618.62303913373,8.147,Comp0036,Proxy0001,6,13756,3128,5,93,219,11119
383627.9921869084,4.132,Comp0031,Web0003,6,45425,443,7,39,342,11246
383633.3276088886,7.916,Comp0029,Web0001,6,7236,80,42,23,153,5731
383639.4168181313,0.268,Comp0045,DNS0001,17,37011,53,2,3,46,87
383643.7503242991,0.331,Comp0034,DNS0001,17,28902,53,3,2,168,127
383645.4611747494,27.313,Comp0064,FS0003,6,34765,445,35,140,106,4236
383645.56625992036,0.205,Comp0076,DNS0001,17,26107,53,3,2,128,116
383647.98567012174,7.538,Proxy0001,Ext0015,6,63990,443,9,39,278,3540
383655.5033477629,0.191,Comp0066,DNS0002,17,37379,53,3,2,79,221
383659.504127212,1.229,Comp0002,Web0006,6,37496,80,7,85,1030,4514
383663.6305509564,0.021,Comp0073,DNS0002,17,58527,53,3,3,41,227
383664.7558126124,5.558,Comp0016,Web0003,6,40185,443,11,82,609,16129
383667.0978189718,2.445,Comp0073,Mail0001,6,35713,993,3,8,3227,238
383669.5240515268,5.441,Comp0076,Web0002,6,6182,80,3,19,1443,62109
383675.7845503488,8.719,Comp0012,FS0001,6,3866,445,27,26,2275,7906
383685.8215494052,2.918,Comp0071,Mail0001,6,53749,993,3,14,739,249
383691.35438492027,0.426,Comp0070,Comp0011,6,3175,3389,3,12,633,1039
383701.5287650746,1.448,Comp0030,DC0002,6,58571,88,4,9,316,1154
383705.8763097665,0.589,Comp0006,DNS0002,17,64468,53,3,5,33,372
383708.5576342352,0.237,Comp0018,DNS0002,17,62846,53,2,2,64,196
383715.13285982056,51.849,Comp0011,FS0003,6,18075,445,4,64,2018,29661
383720.6604513864,0.835,Comp0020,FS0003,6,58890,445,17,158,2040,62674
383736.186935793,3.219,Comp0019,Mail0001,6,39580,587,6,6,502,356
383737.9437308981,1.438,Comp0035,Web0003,6,25302,443,7,25,835,19214
383747.9244888133,0.239,Comp0047,DNS0002,17,51409,53,2,3,61,180
383750.16686807363,3.931,Comp0050,Web0003,6,33990,80,7,74,127,8750
383754.7807710842,8.429,Comp0049,Web0006,6,18892,443,4,38,862,27191
383754.88328576053,8.399,Comp0049,FS0002,6,35668,445,17,104,1205,11193
383756.79523845384,0.0,Comp0003,DNS0002,17,42399,53,2,3,115,268
383757.54872552765,0.336,DC0001,DNS0001,17,7316,53,3,3,35,190
383761.4160571026,0.356,Comp0012,DNS0002,17,3672,53,2,2,66,49
383770.6769332468,3.272,Comp0041,Web0006,6,15496,80,3,21,594,11654
383771.7205911151,0.643,Comp0052,DNS0002,17,51271,53,3,3,68,158
383781.3537410027,17.806,Proxy0002,Ext0031,6,8371,443,6,102,1854,16397
383783.20038588915,10.854,Comp0072,Web0006,6,39411,443,13,42,586,4687
383787.6422673335,5.106,Comp0048,DC0001,6,8100,445,21,27,1070,11187
383791.8116223619,17.726,Comp0050,Web0005,6,35870,80,12,39,1039,32685
383792.0616969235,0.099,Comp0030,DNS0001,17,35311,53,2,2,108,247
383797.307141021,0.635,Comp0059,Web0004,6,3532,443,7,17,2043,914
383819.34520607645,0.218,Comp0029,DNS0002,17,28214,53,2,2,47,143
383822.37346570776,3.232,Comp0074,Web0004,6,40398,443,4,23,508,3395
383828.3508866447,0.516,Comp0056,DNS0002,17,23625,53,4,3,36,82
383829.6825424532,13.006,Comp0005,DC0002,6,33548,445,14,52,1561,9484
383832.4268491347,0.12,Comp0013,DNS0002,17,12958,53,2,2,35,205
383834.31252720463,0.017,Comp0078,DNS0002,17,22584,53,2,2,62,197
383847.54259383166,2.796,Comp0071,DC0002,6,58262,445,37,102,2085,90393
383856.6189197963,27.53,Comp0013,FS0003,6,59163,445,48,288,881,19609
383860.3860209605,14.418,Proxy0002,Ext0012,6,2767,443,16,14,533,95683
383861.3343896928,10.819,Comp0033,Proxy0002,6,43072,3128,4,41,348,6466
383861.46196695545,0.2,Comp0009,DNS0002,17,30821,53,3,3,100,182
383862.59962722484,4.21,Web0003,DB0001,6,47739,3306,37,48,1572,37052
383864.9143530932,0.108,Comp0066,DNS0002,17,13798,53,3,2,50,139
383865.1216205191,9.374,Comp0049,Web0005,6,53897,443,12,34,479,1744
383872.1785961825,0.061,Comp0037,DNS0002,17,6093,53,2,2,52,155
383885.80128297425,2.572,Comp0052,Web0001,6,20357,443,7,72,1106,12017
383904.60699861014,6.018,Comp0031,Web0004,6,43175,80,35,47,909,14302
383905.58448436006,8.457,Comp0060,Web0004,6,61989,443,24,10,2303,13130
383906.71086113557,9.055,Comp0009,Proxy0002,6,60983,3128,16,27,2980,67913
383907.8922180427,0.005,Comp0025,DNS0001,17,9916,53,2,2,85,150
383917.7148479449,3.494,Comp0016,DC0002,6,61749,88,7,20,522,368
383919.65634876274,11.448,Comp0009,FS0001,6,30812,445,15,30,8548,2060
383925.97228952363,27.668,Proxy0001,Ext0007,6,32488,443,6,12,611,4433
383928.5318883953,1.411,Comp0056,DC0001,6,26593,88,5,4,502,574
383932.04939998646,0.135,Comp0054,DNS0002,17,2478,53,2,3,74,240
383949.62181020924,1.138,Comp0041,DC0002,6,44892,389,5,6,183,821
383958.8082062959,2.015,Comp0053,Web0001,6,48378,443,18,37,179,27450
383973.8372947343,0.449,Comp0012,DNS0001,17,62388,53,2,4,56,61
383986.1368037078,1.784,Comp0032,Web0005,6,42223,443,21,41,170,14839
383987.7303065214,43.643,Comp0004,DC0002,6,36469,445,10,155,402,2783
384014.1089323499,8.209,Comp0034,Web0003,6,61167,80,4,79,1246,5166
384015.330101988,28.167,Comp0001,FS0003,6,26637,445,8,135,3014,21638
384015.5065118883,1.209,Comp0055,DC0002,6,21397,389,5,16,122,791
384016.70834909653,28.806,Comp0005,Web0002,6,5316,443,27,24,544,1591
384024.8680191598,1.149,Comp0045,Web0001,6,2105,443,26,16,932,35709
384025.0200252874,1.147,Comp0054,Mail0001,6,42914,993,3,20,109,226
384032.987354825,0.148,Comp0006,Comp0022,6,53725,135,7,11,291,18
384033.5850577157,4.12,Comp0030,Proxy0001,6,27590,3128,9,44,407,2727
384037.2843499127,0.232,Comp0003,DC0001,6,57632,389,4,10,159,341
384041.8171993342,0.546,Comp0067,Web0006,6,29993,443,6,67,1219,5948
384042.28297187143,0.651,Comp0071,FS0002,6,59462,445,23,101,5991,20522
384049.63832188025,11.209,Comp0060,FS0001,6,14224,445,13,690,1825,12221
384064.25892440166,2.35,Comp0054,Proxy0002,6,38018,3128,16,17,1042,7280
384066.9460397224,0.079,Comp0072,DNS0002,17,21858,53,2,2,69,66
384068.31675536773,0.113,Comp0007,DNS0002,17,38480,53,2,2,51,222
384080.5390526678,1.966,Comp0057,Web0001,6,57081,80,9,136,340,30120
384088.1179341735,0.065,Comp0008,DNS0002,17,2755,53,3,2,78,175
384091.1380492875,0.805,Comp0034,Web0001,6,33483,443,5,134,583,1765
384092.11354155245,10.775,Comp0009,Web0003,6,5817,80,22,40,68,2598
384092.8757818054,9.666,Comp0063,FS0002,6,21299,445,20,58,2638,1148
384097.4245486345,5.14,Comp0039,FS0002,6,50017,445,20,290,402,11828
384107.782978642,44.803,Comp0047,FS0001,6,27954,445,42,51,559,11889
384107.81207752705,0.017,Comp0059,DNS0001,17,7714,53,2,2,36,141
384109.74874462787,9.22,Comp0078,Web0004,6,33960,443,8,13,573,7174
384111.16454753757,7.567,Comp0004,FS0001,6,34746,445,28,36,308,6699
384112.17378269334,0.213,Comp0052,DNS0001,17,12044,53,2,3,81,293
384118.7555864897,3.825,Comp0060,FS0001,6,40316,445,53,193,2292,4722
384120.2342438776,0.059,Comp0050,Proxy0002,6,58875,3128,16,24,369,12090
384127.127495296,0.54,Comp0022,DNS0002,17,24079,53,3,3,71,148
384127.78528374695,5.87,Comp0045,Web0005,6,50936,443,14,66,440,36421
384128.53521016525,0.05,Comp0043,DC0001,6,48479,389,13,6,99,256
384137.08199680265,1.548,Comp0011,DC0002,6,35217,3389,6,12,496,811
384150.48196680145,1.668,Comp0053,Web0003,6,52929,443,28,44,2514,3680
384150.6477577131,12.092,Comp0002,Web0002,6,14340,80,15,37,714,14579
384152.6353644581,4.731,Comp0078,Web0002,6,61390,80,6,30,442,9749
384155.19103253435,0.282,Comp0023,DNS0002,17,30288,53,2,2,87,124
384159.3380007382,0.094,Comp0065,DNS0002,17,46889,53,2,2,61,141
384160.64155185805,1.206,Comp0012,Proxy0002,6,25921,3128,8,90,804,1002
384170.57472454093,9.358,Comp0037,Proxy0001,6,32177,3128,4,118,428,2429
384179.7246708649,0.661,Comp0038,Web0002,6,39450,443,4,53,382,1299
384180.3952495896,12.044,Comp0012,FS0002,6,32512,445,26,337,2576,78083
384182.9206744657,9.406,Comp0067,Proxy0001,6,28189,3128,19,14,492,3158
384189.9452417504,10.969,Comp0055,FS0001,6,42079,445,56,152,5460,61325
384203.5485482931,0.308,Comp0064,DNS0002,17,48673,53,2,2,98,197
384207.1450684297,4.037,Comp0013,Mail0001,6,47288,587,7,4,1295,197
384212.5188743558,0.018,Comp0067,DNS0001,17,63944,53,2,2,58,124
384213.8997601813,3.377,Comp0079,Web0003,6,29882,443,11,13,1729,17248
384215.71708373545,17.942,Comp0019,Web0006,6,2969,443,3,164,235,13943
384221.92177335016,1.108,Comp0012,FS0001,6,11204,445,20,128,2082,16925
384224.3695970382,0.291,Comp0040,Web0003,6,7100,443,11,94,1530,36805
384228.2731139823,2.696,Comp0002,Web0004,6,58606,443,14,9,3656,2843
384228.75255880004,0.127,Comp0012,DNS0002,17,23569,53,2,2,82,150
384231.8361578175,4.465,Comp0056,Proxy0002,6,42756,3128,9,60,2781,98726
384234.57600115443,0.023,Comp0037,DNS0001,17,38934,53,2,2,60,200
384236.8349501262,2.731,Comp0039,Web0002,6,35880,443,7,83,848,111507
384244.37032388285,1.437,Comp0069,Web0003,6,37896,443,11,42,638,8369
384247.27874170395,0.915,Comp0065,DNS0001,17,29560,53,2,2,90,104
384264.7969294947,0.125,Comp0055,DNS0001,17,33295,53,2,3,95,118
384268.2158305411,2.149,Comp0019,DC0001,6,38063,88,7,9,917,245
384283.65055511665,5.855,Comp0077,Web0001,6,23056,443,7,98,1181,6988
384294.07814395137,2.541,Comp0068,Web0001,6,49324,443,7,29,806,3414
384294.56990672025,25.636,Comp0036,Web0003,6,12328,443,13,34,451,3790
384315.33486101514,13.781,Comp0039,FS0001,6,44939,445,26,216,3358,8160
384321.4670772291,33.553,Comp0003,FS0002,6,21897,445,8,208,8613,1708
384322.83836500894,14.26,Comp0010,FS0003,6,57083,445,27,84,3849,43048
384325.5181683337,19.947,Comp0059,FS0003,6,6987,445,65,527,385,13324
384326.1177315863,14.062,Comp0058,FS0003,6,13097,445,12,221,408,30725
384327.0190496444,0.019,Comp0055,DNS0002,17,12690,53,2,2,96,118
384332.1562098663,7.501,Comp0028,Proxy0002,6,3667,3128,9,34,8258,10502
384334.6629153569,2.445,Comp0015,Proxy0001,6,27325,3128,5,80,2466,5933
384337.6956317538,0.186,Comp0009,DNS0002,17,43353,53,2,2,147,39
384338.0870533973,0.858,Comp0042,DNS0001,17,8810,53,3,3,61,140
384338.52180140803,24.154,Comp0074,FS0002,6,46242,445,13,98,901,28941
384342.81753678055,0.702,Comp0060,DNS0002,17,54155,53,3,3,64,178
384346.4409021697,1.118,Comp0028,DC0001,6,58075,445,12,143,1721,20959
384356.58041719603,0.439,Comp0030,DNS0001,17,39910,53,3,4,60,153
384357.53383499716,0.714,Comp0036,DC0001,6,37958,389,14,10,445,229
384360.33844462567,8.446,Comp0042,DC0001,6,2967,88,7,40,162,485
384364.6448890849,0.189,Comp0024,DNS0002,17,40945,53,2,3,71,114
384375.5150239243,0.359,Comp0040,DNS0001,17,25661,53,3,3,98,259
384376.726263277,0.244,Comp0023,Mail0002,6,24764,993,14,3,725,321
384392.624464005,2.804,Comp0078,DC0002,6,16993,389,3,3,127,1151
384393.4240130948,2.495,Comp0026,Web0005,6,61718,443,4,111,409,13454
384394.28527222655,0.055,Comp0012,DNS0001,17,64003,53,2,2,80,97
384405.0354471788,4.67,Comp0014,FS0001,6,22625,445,28,21,1008,1899
384407.74174068926,8.566,Comp0041,Mail0002,6,48460,993,6,4,161,569
384408.8724296132,2.07,Comp0060,FS0002,6,17590,445,16,45,2316,31290
384413.2704306608,5.055,Comp0036,Web0006,6,40588,80,6,16,220,4739
384414.2726294507,0.846,Comp0041,Web0006,6,14995,443,3,57,293,20058
384414.2769196181,7.784,Comp0037,Web0003,6,8104,443,8,24,362,215
384418.65972245723,1.283,Comp0066,Web0006,6,39065,80,4,8,514,4030
384421.776590587,5.215,Comp0053,FS0002,6,38626,445,6,233,5653,31713
384425.40995918383,1.534,Comp0043,Mail0002,6,19033,993,14,4,965,203
384428.0657505544,3.917,Comp0054,Web0005,6,54440,443,4,24,179,3700
384430.27592487313,4.872,Comp0069,Proxy0001,6,37809,3128,15,161,923,15621
384430.37333847943,21.573,Comp0021,FS0001,6,53637,445,8,413,38980,1231
384436.0302830171,3.362,Comp0006,Comp0079,6,18319,22,9,7,537,8
384436.0815916699,1.508,Comp0056,Web0001,6,35930,443,5,32,1166,1722
384436.1801517102,6.858,Comp0069,Proxy0001,6,10526,3128,8,36,599,13455
384437.832461491,24.94,Comp0003,Web0003,6,47469,443,15,61,694,2336
384447.9493024256,3.338,Comp0045,DC0002,6,2795,389,5,7,276,1421
384448.78761499526,8.187,Web0003,DB0004,6,58248,3306,25,300,872,8243
384463.4897701513,4.51,Comp0051,DC0001,6,17406,88,7,8,599,1517
384470.39182762575,4.691,Comp0016,Web0002,6,54429,443,7,63,4063,1067
384472.52708849753,2.386,Comp0036,DC0002,6,12081,88,17,7,1794,379
384483.9821492505,0.278,Comp0005,DC0002,6,13879,389,14,11,196,1805
384491.2250140382,0.5,Comp0039,DNS0001,17,25901,53,2,2,79,75
384491.57549303025,0.285,Comp0075,DNS0002,17,29761,53,2,2,77,152
384497.32675245736,0.001,Comp0030,DNS0001,17,46319,53,3,4,100,434
384499.9438117792,1.042,Web0004,DNS0002,17,61521,53,2,2,45,119
384506.35593821993,0.056,Comp0032,DNS0002,17,60460,53,2,2,130,209
384518.6496695262,0.184,Comp0042,DNS0002,17,54657,53,3,3,120,155
384527.9871819624,0.296,Comp0055,DNS0001,17,62843,53,2,3,76,153
384534.9392819084,1.634,Comp0079,Web0001,6,9265,80,9,167,648,5414
384538.21158150677,2.788,Comp0001,Proxy0001,6,56553,3128,2,35,2052,17283
384548.3626675112,0.47,Comp0045,DC0002,6,36192,88,7,6,174,677
384554.78896803147,2.537,Comp0002,DC0001,6,31629,389,5,5,182,310
384557.2952611571,35.589,Comp0043,DC0002,6,48568,445,10,171,157,682
384557.5930533866,0.869,Comp0011,Proxy0001,6,5865,3128,3,54,1126,1780
384563.8115838542,12.47,Comp0006,Comp0039,6,61128,22,9,6,214,20
384563.9952077637,0.174,Comp0067,DNS0002,17,12417,53,2,2,109,107
384565.78169790434,0.085,Comp0039,DNS0002,17,4904,53,3,3,44,145
384566.72378665535,10.261,Comp0010,FS0003,6,40468,445,25,25,3071,30742
384575.80382346176,4.11,Comp0028,Web0006,6,3055,443,9,79,460,5422
384590.6338019075,0.708,Comp0042,Web0005,6,3819,443,19,86,911,700
384592.77671302034,27.673,Web0001,DB0001,6,59636,3306,10,17,3832,7299
384596.9438958828,9.423,Comp0004,Mail0001,6,43648,993,6,4,411,284
384605.85593127366,2.697,Comp0053,Proxy0002,6,57033,3128,3,11,595,1652
384612.4747958474,13.606,Comp0055,DC0001,6,2395,445,10,50,904,9194
384616.6372885314,1.452,Comp0021,Web0001,6,28788,443,4,67,886,3631
384617.50813819095,7.621,Comp0004,Mail0002,6,64984,587,6,13,493,3963
384622.14282474015,1.683,Comp0048,FS0003,6,43934,445,44,122,822,77842
384625.07176252705,1.221,Comp0050,DC0001,6,46342,88,3,6,187,422
384634.13666898775,0.071,Comp0064,DNS0002,17,43368,53,2,2,99,178
384638.0003484548,10.053,Web0006,DB0003,6,27608,5432,17,496,3720,21522
384647.4931527659,9.056,Comp0077,Proxy0002,6,12403,3128,19,134,86,18327
384652.8576661119,0.217,Comp0050,DNS0002,17,9236,53,3,2,35,237
384657.07941095426,0.021,Comp0037,DNS0001,17,40892,53,2,2,55,247
384657.8394347886,0.573,Comp0041,DNS0002,17,53300,53,2,3,74,100
384661.3023955287,1.717,Comp0006,Comp0031,6,14421,135,6,11,708,36
384662.8396753501,3.092,Comp0010,DC0002,6,3744,88,5,6,319,5106
384669.80350571394,0.29,Comp0070,DNS0001,17,30387,53,2,3,78,106
384674.95731365925,43.63,Comp0053,DC0001,6,18475,445,26,11,1482,12540
384675.7536169218,0.686,Comp0050,Mail0002,6,60479,993,3,8,127,304
384675.9896517567,2.168,Comp0004,Proxy0001,6,42652,3128,7,46,1837,27995
384688.51299016486,8.527,Comp0066,Web0001,6,33904,443,11,13,1642,5135
384695.46106780804,1.226,Comp0037,Web0005,6,40533,80,5,81,295,11684
384696.0649633672,0.026,Comp0020,DNS0001,17,52837,53,3,2,101,101
384707.18890213943,2.457,Comp0069,FS0001,6,48583,445,55,88,2611,15618
384713.5632782816,12.151,Comp0017,FS0002,6,65281,445,11,74,231,36756
384715.07205639686,12.772,Comp0059,Web0006,6,1963,443,7,15,5220,7352
384718.751430523,0.074,Comp0003,DNS0001,17,3713,53,2,3,63,140
384720.9091676299,0.102,Comp0037,DNS0001,17,41734,53,3,3,51,172
384723.50321905233,0.57,Comp0056,DNS0002,17,60155,53,3,3,96,76
384724.0066948263,1.695,Comp0007,Proxy0002,6,61600,3128,11,7,460,5526
384724.6967176021,0.441,Comp0035,Mail0002,6,5028,993,5,3,276,369
384726.410510215,3.515,Comp0021,Web0002,6,48333,443,11,13,672,6272
384731.27964130556,0.705,Comp0057,FS0001,6,21164,445,34,22,1163,132409
384738.7608162751,18.826,Comp0034,FS0003,6,9102,445,18,217,1775,5310
384740.0616781703,3.401,Comp0055,Web0003,6,57681,443,4,16,473,21483
384740.5941847917,3.934,Comp0054,DC0002,6,37723,88,5,5,349,1099
384748.79009767034,1.359,Comp0032,Proxy0001,6,6970,3128,7,61,499,4581
384749.24054545286,0.721,Comp0030,Proxy0002,6,47736,3128,5,52,898,11948
384752.7929571243,9.886,Comp0034,Web0003,6,19153,443,19,34,841,4841
384758.1056187849,0.051,Comp0014,DNS0002,17,2189,53,2,2,39,127
384762.6920971591,0.485,Comp0041,DNS0002,17,12965,53,2,2,46,66
384764.2082608668,4.545,Comp0070,FS0003,6,22500,445,16,189,3829,13814
384772.4132258526,7.184,Comp0039,Web0005,6,57034,443,6,106,267,2288
384778.3632095325,9.251,Comp0041,FS0003,6,4207,445,55,80,3188,5952
384779.910651134,3.966,Comp0050,DC0002,6,65405,88,5,4,279,4634
384780.8460527789,9.039,Comp0049,FS0002,6,38084,445,19,48,4942,14420
384781.8420247921,1.397,Comp0061,Web0005,6,43222,443,5,42,186,11529
384785.68017412734,0.067,Comp0041,DNS0001,17,9206,53,3,3,26,251
384785.8924847916,0.787,Comp0007,Web0005,6,50028,443,34,47,102,27989
384786.63446178724,3.864,Comp0036,Web0004,6,6615,443,18,39,266,4313
384789.212734269,1.115,Comp0014,DNS0001,17,55335,53,2,2,82,378
384790.1400042471,0.01,Comp0033,DNS0002,17,36181,53,3,3,119,100
384802.11857077666,6.718,Comp0037,Web0002,6,11753,443,5,35,3218,46526
384807.1661171947,0.178,Comp0029,DC0001,6,20327,389,4,13,357,81
384816.11963967775,0.732,Proxy0001,Ext0005,6,24994,443,10,29,131,8052
384821.3171265805,10.424,Comp0066,Web0006,6,39177,443,14,12,232,2515
384828.4390090469,11.121,Comp0036,FS0002,6,6825,445,25,47,9897,8948
384830.7087564843,5.573,Comp0034,Web0002,6,47982,443,25,109,426,6290
384832.63938711083,26.802,Comp0052,FS0002,6,12165,445,96,24,456,97142
384834.81420396024,2.4,Comp0025,Web0006,6,29024,80,10,43,1110,22251
384837.9920616608,0.046,Comp0038,DNS0002,17,27005,53,2,2,68,334
384841.9246205678,0.863,Comp0068,Web0001,6,1027,80,6,61,6892,7281
384842.1559135254,0.06,Comp0068,DNS0002,17,26653,53,3,4,50,94
384846.7866539798,0.596,Comp0035,Proxy0002,6,17388,3128,6,29,374,6027
384849.02393706626,4.166,Comp0016,Web0003,6,39621,443,11,19,2847,24431
384849.4374936834,7.67,Comp0059,Proxy0002,6,49122,3128,8,63,1138,2516
384860.1827421637,12.975,Comp0001,Web0004,6,26941,443,3,61,935,3975
384870.70244906074,84.99,Web0006,DB0003,6,25451,3306,40,5,2251,26455
384874.5331065159,0.254,Comp0044,DNS0001,17,42084,53,3,2,73,260
384874.7942980943,5.727,Comp0039,Web0001,6,4284,443,5,227,524,10933
384880.8684634526,0.011,Proxy0001,DNS0001,17,13044,53,2,3,104,102
384883.1053265526,0.292,Comp0075,DNS0001,17,57276,53,2,2,72,72
384887.058919247,2.316,Comp0043,DC0002,6,21315,88,10,8,792,885
384887.14897933666,0.288,Comp0065,DNS0001,17,11680,53,2,2,33,142
384890.665949755,0.602,Comp0028,DC0001,6,51587,389,8,13,102,273
384893.69475068053,3.698,Web0006,DB0004,6,36940,3306,34,77,1524,20675
384895.74905087875,7.386,Comp0024,Web0001,6,5777,443,18,19,269,41848
384901.99291364534,0.049,Comp0034,DNS0002,17,55916,53,3,3,103,69
384910.95783039427,0.279,Comp0014,DNS0002,17,1882,53,3,2,44,210
384911.2891681321,0.119,Comp0062,DNS0002,17,53270,53,3,4,94,49
384928.8208478539,3.113,Comp0058,FS0001,6,3991,445,19,118,705,4550
384929.9216216735,0.566,Proxy0001,DNS0001,17,30315,53,3,3,74,128
384940.3713727874,0.116,Comp0018,DNS0001,17,22986,53,2,2,118,78
384944.61378965643,0.34,Comp0041,DNS0001,17,51571,53,2,3,102,324
384946.30499402026,2.258,Comp0001,Web0003,6,56822,80,7,34,599,3380
384948.6736045291,7.76,Comp0046,Proxy0001,6,44974,3128,5,92,440,4765
384950.40027553675,5.285,Comp0076,DC0002,6,52324,88,13,5,131,1104
384951.7277942914,4.874,Comp0074,Web0005,6,2672,80,4,53,355,852
384952.9539006841,0.028,Web0004,DNS0002,17,43318,53,2,3,147,104
384964.611550704,3.93,Comp0021,DC0002,6,39439,445,28,333,1986,26594
384966.63225662877,19.786,Comp0058,Web0006,6,45162,443,11,76,803,7552
384966.76701812126,5.056,Comp0005,Comp0011,6,22535,3389,6,9,648,841
384967.0504436164,0.16,Comp0039,DNS0001,17,18466,53,3,3,77,274
384967.22469190817,0.165,Comp0037,DNS0002,17,54952,53,3,2,64,168
384969.0170628534,11.591,Comp0047,Web0001,6,52007,443,8,12,60,6206
384970.81033069105,1.273,Comp0016,Proxy0002,6,8111,3128,10,56,460,7222
384972.23894007655,18.037,Web0004,DB0003,6,44581,5432,13,69,1172,16055
384974.5444589217,2.297,Comp0068,Web0005,6,61850,443,5,14,158,134312
384976.48850227176,0.509,Comp0076,DNS0001,17,9193,53,2,3,54,269
384980.62857121037,1.299,Comp0021,Mail0001,6,37825,993,6,22,383,413
384985.9608337274,1.922,Comp0017,Proxy0002,6,48047,3128,18,46,442,11954
384986.4547272984,0.007,Mail0002,DNS0002,17,12508,53,2,3,44,131
384989.12098096445,5.166,Comp0058,Web0004,6,53601,443,5,21,609,3508
384990.42436709546,1.879,Comp0059,Web0001,6,5009,443,23,47,360,4349
385004.3319631893,9.5,Comp0059,FS0001,6,19723,445,25,414,1383,69152
385005.8765575774,0.025,Comp0048,DNS0002,17,32645,53,2,3,87,359
385009.1411518589,0.499,Comp0032,DNS0001,17,25904,53,2,2,124,35
385009.74578562507,1.276,Comp0064,DC0001,6,28260,389,11,10,1418,2037
385017.5124723777,0.274,Web0004,DNS0002,17,51188,53,2,3,36,240
385024.18358178873,1.063,Comp0007,Web0001,6,58208,80,8,45,855,3007
385025.24391920696,0.377,Comp0028,Web0006,6,3760,80,15,122,564,1309
385031.2045754638,4.243,Comp0003,DC0001,6,33196,389,5,5,582,804
385031.84838059015,0.076,Comp0049,DNS0001,17,14877,53,3,4,77,216
385033.2386854704,8.985,Comp0067,FS0001,6,9121,445,21,322,2820,27961
385034.7705132744,0.728,Comp0079,DNS0002,17,49161,53,3,3,58,125
385036.3135284531,0.432,Comp0077,DNS0002,17,52278,53,2,3,49,246
385045.402230795,1.433,Comp0011,Mail0002,6,33247,587,13,24,882,2726
385049.3723956215,0.381,Comp0008,DNS0002,17,34712,53,2,2,48,150
385051.74544698757,3.526,Comp0066,Web0003,6,44531,443,26,118,190,14693
385056.5154539826,0.293,Comp0058,Web0004,6,52115,443,15,45,1046,10071
385059.96942397987,9.994,Comp0016,Web0004,6,22009,80,6,71,440,2595
385062.35741801764,4.969,Comp0080,Web0005,6,2576,443,4,152,548,10508
385068.95221696654,0.182,Comp0065,Proxy0001,6,43546,3128,8,179,2106,2689
385070.24854191457,1.899,Comp0042,Web0006,6,26065,80,7,70,524,12171
385079.12894369976,6.182,Comp0031,Web0005,6,16660,80,10,22,497,3980
385079.81620857754,9.819,Comp0029,FS0001,6,7420,445,12,41,5627,9620
385086.9950520405,0.117,Comp0059,DNS0002,17,19518,53,2,2,125,273
385088.8673023184,8.524,Comp0025,FS0002,6,20803,445,21,35,2328,16062
385094.0782469973,36.168,Comp0072,DC0002,6,25409,445,7,157,807,20654
385095.02483328694,0.266,Comp0059,DNS0002,17,18854,53,2,2,57,278
385103.18793615,0.631,Comp0072,DNS0001,17,17518,53,2,3,68,164
385103.31228442537,0.304,Comp0015,DNS0001,17,32701,53,2,3,76,112
385108.0182019725,0.354,Comp0063,Web0002,6,20963,443,11,14,639,4465
385110.6895958774,1.652,Proxy0002,Ext0018,6,2263,80,5,104,281,33785
385115.9061600259,0.104,Comp0045,DNS0002,17,15618,53,3,3,36,144
385116.0858619229,0.271,Comp0048,DNS0002,17,14666,53,3,2,96,120
385127.1596484034,0.13,Comp0011,DNS0002,17,32642,53,2,2,33,258
385133.6948413232,0.492,Comp0042,DC0001,6,49069,88,10,4,606,622
385134.7333420052,1.284,Comp0033,Proxy0002,6,28196,3128,13,67,366,3929
385139.7471798955,12.535,Comp0036,FS0001,6,14069,445,76,186,736,96156
385141.7468301821,10.918,Comp0058,DC0001,6,28730,445,103,90,2615,4599
385148.5539847973,1.947,Comp0015,DC0002,6,14540,389,3,11,874,117
385151.09053573286,0.08,Comp0070,Web0004,6,29314,80,15,105,5122,30287
385153.8465434294,0.247,Comp0054,Web0002,6,44624,443,8,35,1503,6801
385156.2558823171,3.708,Comp0065,Mail0001,6,11785,993,6,11,181,1173
385162.49193932704,0.388,Comp0007,Web0004,6,5397,80,3,51,883,2138
385166.1945260002,7.019,Comp0069,DC0002,6,56612,88,6,6,264,501
385168.3597923599,0.078,Comp0015,DNS0001,17,47878,53,2,3,121,179
385168.7161488827,0.032,Comp0002,DNS0002,17,12063,53,3,4,69,90
385173.914147782,0.619,Comp0047,Proxy0002,6,60189,3128,6,71,1995,3056
385177.7436086383,0.927,Web0002,DB0004,6,39418,5432,8,61,2014,4014
385182.61314966367,7.772,Comp0046,FS0001,6,25813,445,12,60,1377,3673
385202.8212339398,3.945,Comp0015,FS0001,6,44456,445,59,56,4486,70239
385206.87322949804,0.102,Comp0068,DNS0001,17,57689,53,2,2,65,199
385210.258233167,0.039,Comp0078,DNS0002,17,28312,53,2,3,82,208
385221.63168337126,0.459,Comp0071,Web0002,6,8061,443,9,81,653,3323
385223.8727954154,25.903,Comp0014,FS0002,6,47134,445,8,219,1676,13480
385228.69781988265,0.035,Comp0015,DNS0001,17,29659,53,4,2,53,321
385229.09530714154,3.153,Comp0023,Mail0002,6,43911,993,9,9,329,2611
385230.6933831014,0.082,Comp0007,DNS0001,17,11547,53,3,3,63,148
385232.11785371415,2.172,Comp0064,Web0005,6,8586,443,4,15,308,11721
385233.53839085443,2.931,Comp0015,Web0003,6,58555,443,5,37,2147,1364
385233.8800653669,0.427,Comp0071,DNS0002,17,4001,53,2,2,113,189
385242.7503861787,0.034,Comp0035,DNS0001,17,43339,53,2,3,76,245
385248.1897960138,0.208,Comp0038,DNS0001,17,7291,53,2,3,87,152
385249.8912798384,1.771,Comp0006,DB0002,6,26912,135,3,16,439,43
385251.3796803778,0.028,Comp0069,DNS0001,17,47980,53,2,3,65,101
385255.8652963615,8.31,Comp0013,DC0002,6,46139,389,4,7,419,361
385258.31961822876,2.384,Comp0012,Proxy0001,6,42694,3128,5,14,1034,1457
385260.364121968,1.741,Comp0072,Web0002,6,30378,443,9,83,3443,43271
385262.07527466456,2.195,Comp0075,Web0001,6,26729,443,34,55,6780,28915
385279.3940566885,48.27,Web0005,DB0001,6,16802,3306,18,119,2842,26802
385279.81190847675,3.317,Comp0011,Proxy0002,6,28445,3128,11,27,67,12910
385284.29048232344,0.302,Comp0061,DNS0002,17,38743,53,2,3,192,255
385291.415100552,0.032,Comp0074,Proxy0002,6,11359,3128,7,133,202,1861
385292.93860909913,0.136,Comp0002,DNS0002,17,44505,53,2,2,105,158
385299.95651792607,7.527,Comp0008,Proxy0001,6,31559,3128,11,25,335,21247
385304.6535146857,0.203,Comp0055,DNS0002,17,35537,53,2,2,33,116
385308.29072773486,0.408,Comp0040,DNS0002,17,45718,53,2,3,85,151
385309.9222133274,3.307,Comp0051,Proxy0002,6,43283,3128,27,22,1209,12603
385310.85415804246,8.078,Comp0058,Proxy0001,6,22403,3128,8,39,1509,35525
385310.88623251684,0.054,Comp0042,DNS0002,17,55183,53,3,3,53,133
385318.585980479,1.187,Comp0006,Comp0063,6,51838,3389,4,7,94,11
385328.6035930371,0.638,Comp0049,DC0002,6,42640,389,7,7,202,524
385329.2044754299,0.746,Comp0059,FS0001,6,3429,445,5,161,1564,31757
385329.2909036332,0.049,Comp0066,DNS0001,17,12146,53,2,3,34,131
385332.45299002284,0.479,Comp0076,DC0001,6,52019,389,7,5,523,374
385348.0123400358,4.229,Comp0070,Web0003,6,49608,443,6,43,1491,405
385348.86897934414,0.344,Comp0058,DNS0002,17,7902,53,3,2,80,122
385349.99819094996,0.108,Comp0043,DNS0002,17,34700,53,3,4,86,274
385360.21337413177,0.208,Comp0042,DC0001,6,25300,389,3,4,1981,496
385362.4488881109,0.267,Comp0050,DNS0002,17,16157,53,2,2,76,106
385362.8964796939,1.172,Comp0010,Web0002,6,28805,443,6,125,237,24952
385377.3872008972,0.888,Comp0018,Web0002,6,24509,443,13,52,231,5016
385381.22972274054,7.496,Comp0026,Proxy0002,6,3405,3128,7,44,1581,8040
385383.67062699224,4.2,Comp0071,Proxy0002,6,16428,3128,16,77,3108,7622
385409.03109799075,0.017,Comp0063,DNS0001,17,60731,53,2,4,74,84
385410.93420912436,17.545,Comp0032,FS0002,6,57121,445,62,35,1930,20493
385421.88225482823,1.129,Comp0002,Mail0001,6,10200,993,6,5,222,770
385427.2805218733,14.573,Comp0017,Mail0001,6,28342,993,3,18,332,925
385433.83897403005,10.611,Comp0025,Proxy0001,6,1675,3128,20,44,671,17945
385437.55295784946,0.052,FS0002,DNS0001,17,37393,53,2,3,72,179
385438.34599338245,0.007,Comp0080,DNS0002,17,35621,53,4,2,49,126
385444.35510547354,0.064,Comp0002,DNS0002,17,41934,53,2,3,53,257
385445.6885155318,0.01,Comp0073,DNS0002,17,40114,53,2,3,43,80
385446.4616068628,8.322,Comp0068,Proxy0001,6,24398,3128,6,10,19054,13550
385457.66672628204,5.096,Comp0052,DC0002,6,49274,389,5,6,537,581
385460.30866198125,0.294,Comp0016,DNS0001,17,26869,53,2,2,97,258
385474.1975444846,4.179,Comp0075,Mail0001,6,45257,993,7,5,1616,940
385474.69080745743,5.716,Comp0056,Web0003,6,4693,443,7,19,381,80829
385476.5529256888,0.532,Comp0032,Web0006,6,15966,80,7,42,941,5979
385479.1140778827,5.072,Comp0072,FS0003,6,36826,445,26,439,208,26789
385479.6943881537,3.452,Comp0016,Web0005,6,42175,443,4,32,325,6947
385481.02352145757,7.131,Comp0017,Mail0002,6,39332,587,4,13,657,264
385481.27765322826,2.091,Comp0053,Mail0002,6,13244,587,11,14,216,1665
385481.5728990401,0.377,Comp0006,DNS0002,17,12193,53,2,3,43,38
385481.6914197099,0.112,Comp0033,DNS0001,17,61631,53,2,3,40,234
385486.3597796617,0.231,Comp0023,DNS0002,17,43988,53,2,2,54,171
385504.1978675691,0.535,Comp0070,DNS0002,17,34283,53,2,2,32,130
385505.21077371936,0.799,Comp0058,DNS0001,17,60028,53,2,2,195,122
385507.390230307,2.17,Comp0061,DC0002,6,16887,88,7,9,2236,123
385507.70692400594,0.067,Comp0039,DNS0001,17,18172,53,3,3,23,105
385511.35698429955,5.78,Comp0029,Web0001,6,8154,80,6,15,796,23177
385515.07319076173,3.51,Comp0027,Web0006,6,2820,443,52,19,479,1763
385515.9262227286,0.744,Comp0061,Mail0001,6,45629,993,5,6,1394,1702
385521.1979258405,0.728,Comp0011,DB0002,6,5655,3389,2,12,539,406
385529.95997698867,0.268,Comp0047,DNS0002,17,27559,53,3,3,41,79
385530.3874254648,1.006,Comp0004,Web0006,6,5843,80,7,27,616,986
385540.12062525086,14.118,Comp0038,Proxy0002,6,64785,3128,11,96,604,19356
385542.07308753376,19.903,Comp0008,DC0001,6,43470,445,16,78,13264,21781
385549.4777600479,0.005,Comp0061,DNS0002,17,49630,53,3,3,132,157
385552.5668295343,8.827,Comp0005,Web0001,6,12462,443,31,29,232,9723
385558.74688557145,24.398,Comp0064,FS0002,6,64777,445,17,144,766,51818
385562.2433427495,1.759,Comp0039,DC0002,6,57827,445,11,135,950,10845
385572.36736386677,0.176,Comp0004,DNS0001,17,7480,53,4,2,145,252
385572.7061316501,4.176,Comp0074,Mail0002,6,55886,587,11,6,536,635
385574.50219689216,0.071,Comp0046,DNS0001,17,42786,53,2,3,171,292
385577.6506413219,1.399,Comp0046,Web0002,6,18443,443,11,27,1771,3525
385583.3697446393,0.86,Comp0041,DNS0001,17,30689,53,2,2,95,215
385584.2021475976,0.212,Comp0011,DNS0002,17,1860,53,2,2,135,144
385590.86159261595,34.398,Web0001,DB0004,6,2436,3306,68,134,29801,12767
385606.784920683,0.374,Comp0051,DC0001,6,17589,88,8,8,1784,949
385610.4261437834,5.646,Comp0039,DC0001,6,6608,389,9,8,56,509
385612.9446193729,6.589,Comp0037,Web0002,6,46884,443,6,40,297,8025
385613.1255671085,0.08,Comp0064,DNS0002,17,42453,53,2,2,73,96
385616.7762902946,0.403,Comp0049,DNS0002,17,9270,53,2,2,87,144
385618.8365892729,0.061,Comp0064,DNS0002,17,20895,53,2,2,38,136
385623.9043813653,1.716,Comp0033,DC0002,6,31972,88,5,12,428,3071
385624.49154681305,3.322,Comp0047,Web0004,6,17225,80,10,60,805,5964
385630.6988869383,2.505,Comp0032,Proxy0002,6,12733,3128,9,19,712,38355
385637.0036416025,0.824,Comp0007,DC0001,6,46538,88,11,4,267,1510
385641.3034561968,10.456,Comp0073,Web0003,6,38272,443,11,49,1486,31442
385641.70147106494,2.83,Comp0003,Web0002,6,53177,443,5,75,351,2435
385647.9358563843,0.359,Comp0056,DNS0002,17,23991,53,3,3,68,95
385651.151442022,21.322,Comp0022,FS0002,6,14774,445,36,335,5339,47302
385651.92140936264,0.108,Comp0065,DNS0002,17,7661,53,2,2,97,210
385658.5543010606,2.489,Comp0059,DC0001,6,7025,389,4,6,562,141
385659.3145354628,8.629,Comp0068,Web0005,6,53094,80,6,93,623,33168
385663.6920225091,7.59,Comp0041,FS0001,6,58396,445,8,19,1120,7895
385666.3307271823,21.886,Comp0044,DC0002,6,52479,445,7,460,3079,648
385671.67741935863,11.821,Comp0043,Comp0011,6,24488,3389,10,6,216,766
385679.6093062788,1.078,Comp0005,Web0005,6,25759,443,8,177,146,1187
385684.1953775029,0.721,Comp0077,DNS0002,17,17187,53,2,3,64,74
385684.86208835116,5.833,Comp0063,Web0004,6,5121,443,25,53,330,7954
385692.98742278735,2.502,Comp0078,Proxy0001,6,63799,3128,4,173,868,16859
385701.17642089253,1.337,Comp0010,Web0002,6,63697,443,5,25,1323,17242
385708.2680816067,0.909,Comp0067,Web0006,6,8205,443,9,12,1309,1700
385708.47107767477,1.524,Comp0011,DC0002,6,64545,389,4,6,134,145
385709.6663720981,0.518,Comp0034,Mail0002,6,63261,993,6,8,253,214
385710.93843624124,5.439,Comp0024,Web0005,6,4817,443,13,23,1117,4824
385713.34252659004,9.997,Comp0037,FS0003,6,9567,445,23,120,644,81256
385713.84882661834,10.555,Comp0013,DC0002,6,49357,445,27,229,3168,11580
385718.94198094326,6.911,Comp0078,Comp0049,6,45058,139,11,104,2554,1357
385719.9667484452,1.432,Comp0044,Mail0002,6,34673,993,8,10,276,2765
385723.15956989146,0.169,Comp0060,FS0002,6,54454,445,58,195,525,4517
385725.66356026556,0.185,Comp0080,DC0002,6,23869,88,5,3,73,383
385730.7457948893,13.085,Comp0071,FS0003,6,52954,445,41,163,1303,14425
385733.5069871982,6.781,Comp0073,DC0002,6,46172,88,4,7,399,2098
385734.0737309607,0.126,Comp0068,DNS0001,17,58117,53,3,2,18,117
385741.81285129214,8.618,Comp0029,FS0002,6,21489,445,120,365,1959,11307
385741.9636539931,0.194,Comp0075,DNS0002,17,59095,53,3,2,70,135
385742.2048386688,0.437,Web0006,DC0002,6,13438,389,5,7,105,400
385745.7619006513,0.134,Comp0017,DNS0002,17,58192,53,2,3,65,147
385748.2056978601,3.382,Comp0057,Web0001,6,2283,443,11,66,925,25523
385751.88805074437,12.791,Comp0042,Web0002,6,46107,80,12,369,310,4996
385752.87104790413,12.642,Comp0076,Web0002,6,41731,80,20,24,2570,128191
385758.8935670185,5.368,Comp0043,Web0004,6,64296,80,8,23,432,23033
385763.53992050496,14.113,Comp0020,Proxy0002,6,30687,3128,3,25,1291,2746
385766.2514164079,0.494,Comp0013,DC0001,6,1980,88,9,8,462,2216
385766.45237544255,7.614,Comp0028,Proxy0002,6,32188,3128,8,56,103,1878
385771.26376752084,0.465,Comp0004,DNS0001,17,36303,53,2,2,95,178
385790.5996215592,0.119,Comp0057,DNS0002,17,23784,53,2,2,56,260
385800.01732426387,0.044,Comp0026,DNS0002,17,2599,53,3,3,84,144
385802.9735983158,0.334,Comp0008,DNS0001,17,49984,53,3,2,67,64
385804.758739513,0.332,Comp0017,DNS0002,17,37862,53,2,3,42,135
385805.0143988813,0.241,Comp0065,DNS0002,17,39978,53,2,3,62,157
385805.19755750906,1.358,Comp0038,Proxy0001,6,19020,3128,6,42,1407,30793
385809.6322341835,0.779,Comp0028,Web0004,6,43429,443,9,138,1413,22465
385812.3462494172,4.728,Comp0022,FS0002,6,61966,445,5,391,1220,1875
385814.60581680737,1.486,Comp0056,DC0002,6,62053,445,17,243,9873,73754
385816.54404222977,1.182,Comp0027,Web0004,6,65259,443,24,8,272,10065
385820.6474627593,6.484,Comp0029,Web0004,6,4017,80,13,91,513,23622
385823.21622431756,0.183,Comp0042,DNS0002,17,60138,53,3,3,133,331
385824.07383352896,5.218,Comp0014,Web0003,6,62119,443,10,64,1094,3931
385830.11712609266,2.842,Comp0024,Web0003,6,59959,443,5,45,364,17561
385834.9698987435,3.018,Comp0019,Web0001,6,63135,80,16,49,313,3066
385835.2533828948,7.396,Comp0032,FS0003,6,45611,445,13,573,5412,21984
385836.593767883,2.91,Comp0042,FS0002,6,61855,445,16,144,12300,19701
385840.50942063914,15.463,Comp0001,Web0001,6,39227,443,15,82,408,40026
385840.8991286123,4.46,Comp0077,FS0003,6,49202,445,18,84,1444,10989
385843.1129410914,6.384,Comp0008,Web0004,6,59091,443,5,89,398,2369
385847.04963877844,0.045,Comp0080,DNS0002,17,52965,53,2,2,60,214
385852.39461259707,21.046,Comp0035,DC0002,6,53345,445,7,131,735,8597
385856.15861746436,3.308,Comp0056,Web0003,6,49151,443,11,41,475,4254
385857.7431957495,3.325,Comp0018,Web0006,6,48779,443,5,34,773,11584
385859.0169967653,8.679,Comp0018,Proxy0002,6,63635,3128,7,23,869,6852
385870.4039295479,0.559,Comp0078,DNS0002,17,50455,53,3,2,66,121
385872.87447197095,0.382,Comp0061,DNS0001,17,53822,53,3,3,115,173
385878.5526367699,0.842,Comp0038,DNS0002,17,46375,53,3,3,52,176
385887.6609260102,0.093,Comp0035,DNS0001,17,14352,53,3,2,196,93
385888.5322010359,0.329,Comp0044,DC0001,6,25577,389,18,7,607,375
385896.935753174,3.541,Comp0066,Web0006,6,22870,80,13,65,232,25448
385901.5294464103,0.003,Comp0019,DNS0001,17,9158,53,3,2,67,92
385904.8186569787,2.784,Comp0060,Web0005,6,42107,443,19,230,702,31986
385909.0524558394,20.507,Comp0022,FS0001,6,22213,445,45,114,3460,5518
385914.2752619331,1.047,Comp0065,Web0002,6,25092,443,9,87,483,39235
385915.59898809454,4.924,Comp0049,DC0002,6,51994,88,5,3,195,1506
385916.68634819955,2.082,Comp0071,Proxy0001,6,32396,3128,17,27,376,18832
385922.1151696495,25.376,Comp0074,DC0002,6,29586,445,11,62,1100,5389
385929.4149717094,1.355,Comp0067,Web0002,6,39145,443,6,77,772,42181
385935.99298447376,2.793,Comp0068,Mail0002,6,3165,993,4,12,324,729
385941.1203153212,10.036,Comp0036,Mail0001,6,14510,993,5,8,1516,967
385941.9910302244,0.029,Comp0075,DNS0001,17,2943,53,3,3,82,169
385947.61239371425,14.836,Comp0054,Web0005,6,54567,80,10,72,607,5252
385953.24510065606,28.443,Comp0060,Web0003,6,53154,443,10,182,379,3295
385965.79266689083,0.024,Comp0032,DNS0001,17,51529,53,3,3,63,71
385965.8906295433,3.62,Comp0052,Web0005,6,23772,443,6,11,118,2277
385976.6427438911,0.364,Comp0018,DC0001,6,37188,88,5,3,791,962
385980.210618025,15.184,Comp0036,Web0001,6,48474,443,12,44,339,4967
385982.99496144516,0.977,Comp0045,Web0005,6,20882,443,3,36,166,6163
385989.9248257635,0.047,Comp0066,DNS0001,17,2248,53,2,3,46,50
385993.3481477118,0.078,Comp0005,DNS0001,17,41394,53,2,2,131,207
385994.7371613288,19.105,Comp0067,FS0002,6,55982,445,59,213,7762,705
386000.14695443347,0.028,Comp0046,DNS0001,17,6733,53,3,3,115,83
386002.54717928753,0.604,Comp0028,DC0002,6,15746,445,14,95,2548,7485
386005.16221794713,1.412,Comp0051,Web0005,6,47377,443,13,34,267,9987
386012.99162628717,0.175,Comp0058,DNS0001,17,7743,53,2,2,38,82
386013.7953080829,10.573,Comp0058,DC0002,6,52190,88,4,5,453,496
386015.9071365396,0.053,Comp0065,DNS0001,17,43680,53,3,2,41,103
386020.42895897356,0.006,Comp0061,Web0003,6,14319,80,4,100,625,4260
386022.5922019521,0.31,Comp0007,DNS0001,17,52944,53,3,3,42,123
386030.1365066107,1.655,Comp0067,DC0002,6,30109,389,3,7,256,549
386030.46163445385,0.133,Comp0029,DNS0002,17,27877,53,2,3,68,111
386032.1853663305,6.705,Comp0045,Web0002,6,57477,443,6,19,473,4178
386033.7329974792,7.856,Comp0045,FS0001,6,5680,445,17,56,2361,43632
386039.7087609066,2.667,Comp0037,Comp0011,6,47798,3389,7,4,632,1098
386041.08793751785,5.057,Comp0057,Mail0001,6,45089,587,13,8,315,1720
386041.39363001776,0.858,Comp0009,FS0001,6,10921,445,28,93,751,71025
386049.9004408147,18.66,Comp0016,FS0003,6,1423,445,32,157,2033,150657
386050.91790969344,0.208,Comp0016,DNS0001,17,27679,53,2,2,111,100
386053.8907782602,9.417,Proxy0002,Ext0033,6,6354,443,8,15,2545,6667
386057.2968182582,0.187,Comp0051,DNS0002,17,27365,53,4,2,44,95
386058.0995476838,0.76,Comp0078,Comp0044,6,33673,3389,7,4,424,13
386061.4783626179,0.117,Comp0006,DNS0002,17,50630,53,2,3,79,136
386062.51731919864,0.002,Comp0072,DNS0001,17,28506,53,2,2,52,84
386064.25905889476,1.702,Comp0065,Web0003,6,10721,80,13,53,2938,20195
386066.0330351521,0.568,Comp0006,Mail0002,6,45797,993,4,34,364,1313
386067.5916308913,2.853,Proxy0001,Ext0011,6,39960,443,8,29,528,2797
386069.28973050264,0.2,Comp0074,DNS0002,17,32443,53,2,2,49,96
386074.9684873346,0.954,Comp0003,Web0003,6,35139,80,7,14,477,1819
386078.1804264084,0.167,Comp0038,DNS0002,17,44646,53,2,2,81,316
386079.0142867772,0.021,Comp0056,DNS0001,17,15834,53,2,3,25,238
386082.6183472934,10.811,Comp0002,Web0006,6,55461,80,4,17,331,35777
386090.2770343442,6.988,Comp0009,Proxy0001,6,30714,3128,2,12,175,9652
386092.25303316704,5.271,Comp0074,Web0005,6,21164,443,14,44,789,7535
386093.54930196586,0.993,Proxy0001,Ext0029,6,41833,443,5,30,2489,5080
386094.99053963285,7.4,Comp0029,DC0002,6,31588,445,10,60,2379,8466
386099.0466828245,0.159,Comp0063,Web0002,6,48326,443,5,12,123,8208
386103.98234123026,5.077,Comp0057,Web0002,6,53213,80,12,60,2063,2533
386116.46574315534,0.071,Comp0053,DNS0002,17,31068,53,2,3,66,216
386119.53282261675,1.341,Comp0066,Mail0001,6,16961,993,8,16,573,854
386123.92912331637,0.213,Comp0046,DNS0001,17,36046,53,2,3,138,91
386128.76740300015,0.088,Comp0011,DNS0001,17,4284,53,2,2,59,251
386132.21062736417,14.391,Comp0043,FS0001,6,43026,445,22,36,542,31843
386134.6580204076,2.229,Comp0004,Mail0002,6,5560,993,5,4,1063,333
386138.5087200352,0.139,Comp0018,DNS0001,17,24017,53,2,2,57,62
386148.88837417547,0.014,Comp0035,DNS0001,17,55282,53,2,2,79,251
386153.81464809884,0.524,Comp0044,Proxy0002,6,41248,3128,5,85,468,20388
386161.2101812048,7.778,Comp0002,DC0001,6,49297,445,12,137,474,184874
386161.45964901574,0.426,Comp0004,DC0002,6,33317,88,3,7,671,523
386161.7324019186,4.584,Comp0068,DC0002,6,53171,389,4,13,942,1045
386171.3976549334,13.144,Comp0046,FS0003,6,55992,445,9,253,954,22550
386172.9014685434,7.686,Comp0075,Proxy0002,6,36065,3128,11,24,659,2743
386180.80870759144,0.656,Comp0049,Mail0001,6,57016,993,5,7,370,2586
386183.093805682,0.863,Comp0053,DC0002,6,57443,445,43,125,5040,12643
386188.9594619825,2.751,Proxy0002,Ext0008,6,16177,443,2,64,375,6868
386202.2348140644,0.048,Comp0015,DNS0002,17,59599,53,2,2,98,136
386213.9946230565,5.813,Comp0024,Proxy0001,6,37377,3128,6,17,1463,3507
386224.3724726903,17.196,Comp0020,FS0001,6,43519,445,15,27,520,62065
386226.4049546403,5.01,Comp0047,FS0002,6,15444,445,57,50,3645,22795
386233.86849091965,66.543,Comp0030,FS0001,6,25484,445,10,52,1711,8453
386235.4712656962,0.44,Comp0060,DNS0001,17,32318,53,2,3,42,106
386239.57606010744,4.588,Comp0067,Web0004,6,40668,443,12,65,1385,7620
386243.4128643292,6.52,Web0002,DB0004,6,12489,5432,28,809,338,76071
386245.2527947348,1.63,Comp0011,DC0001,6,36836,88,5,9,761,3006
386248.7150263892,0.048,Comp0067,DNS0001,17,8088,53,2,3,50,122
386250.7486119699,11.341,Comp0072,Web0001,6,16946,80,8,17,301,2953
386258.5436218132,1.506,Comp0021,Web0002,6,36497,80,9,29,1011,2980
386260.4890434735,2.062,Comp0008,Proxy0001,6,54508,3128,21,19,403,7623
386272.57950568263,1.477,Comp0031,Proxy0001,6,19459,3128,49,15,3012,3768
386273.5877556689,4.05,Web0005,DB0002,6,2388,5432,28,229,1093,97656
386277.28234872635,1.978,Comp0027,Web0003,6,26672,80,4,9,910,8804
386277.37826413993,0.872,Comp0021,Mail0001,6,28258,993,9,18,187,859
386285.67965982965,3.633,Comp0055,Web0003,6,28088,443,10,102,2396,21308
386287.43821044907,0.353,Comp0068,DNS0002,17,61314,53,3,3,69,105
386289.9065541728,2.723,Comp0006,Comp0062,6,7728,3389,4,6,731,60
386295.0386253999,4.95,Comp0023,FS0001,6,10128,445,7,31,5447,27258
386299.0321658551,1.538,Comp0071,FS0003,6,30140,445,7,43,5702,15485
386300.11445916095,2.198,Comp0029,FS0002,6,28325,445,26,142,8127,12882
386302.2511937747,0.098,Comp0061,DNS0002,17,38254,53,2,3,55,50
386302.49021344894,18.847,Comp0046,DC0002,6,40360,445,13,90,1180,20628
386308.780801706,0.172,Comp0029,DNS0002,17,50620,53,2,3,59,216
386309.3786136848,0.108,Comp0032,DNS0002,17,50288,53,3,2,73,119
386328.9487967789,0.021,Comp0061,DNS0002,17,20055,53,2,2,76,207
386331.3294903999,0.298,Comp0064,DNS0002,17,23645,53,3,3,67,85
386339.99890805926,0.64,Comp0046,DC0001,6,35278,389,3,4,527,1918
386341.3607201575,2.495,Comp0005,Web0006,6,6046,443,9,9,268,5121
386346.65838503314,0.077,Comp0080,DNS0001,17,7044,53,3,2,56,280
386347.6731801075,0.9,Comp0064,DC0001,6,19753,445,38,102,1927,18581
386347.99513629946,2.009,Comp0045,Web0004,6,35321,443,2,43,792,15253
386353.0767032318,0.1,Comp0014,DNS0001,17,26429,53,2,3,52,427
386355.48228573264,6.803,Comp0017,Web0003,6,4225,80,14,65,211,2990
386358.33545074856,0.224,Comp0073,DNS0001,17,11306,53,2,3,45,118
386364.05860179925,6.258,Comp0080,Proxy0002,6,56967,3128,13,12,2837,4223
386370.7322719592,1.426,Comp0076,DC0002,6,21417,88,4,3,505,2289
386375.7242636916,3.761,DC0002,DC0001,6,29639,445,74,382,1201,12578
386377.8245302576,0.066,Comp0002,DNS0001,17,21768,53,2,3,43,88
386380.25811475026,0.534,Comp0054,DNS0002,17,14743,53,3,3,100,118
386382.752746122,0.432,Comp0012,DNS0002,17,31397,53,3,3,78,161
386382.8091480286,3.885,Comp0032,Proxy0002,6,8993,3128,4,52,1289,45702
386387.8821725765,5.159,Comp0063,Web0002,6,44579,443,32,46,380,1528
386397.3408111195,2.303,Comp0013,DC0002,6,21066,88,4,9,301,494
386397.91938641673,10.422,Comp0006,Web0004,6,62774,443,17,67,138,5744
386398.59139153996,4.42,Comp0061,DC0001,6,20615,445,35,231,604,13328
386402.15439977753,1.496,Comp0042,DNS0001,17,33170,53,2,2,45,385
386403.9210834019,2.385,Comp0049,Proxy0001,6,3373,3128,9,35,3694,62180
386404.59593270253,3.588,Comp0037,FS0003,6,56309,445,11,66,8184,70156
386406.9330675009,6.384,Comp0020,Proxy0001,6,37474,3128,9,107,779,29372
386410.9374976556,1.512,Comp0070,Web0006,6,10159,80,8,30,180,5263
386419.1427113762,0.104,Comp0041,DNS0002,17,27245,53,2,3,77,199
386433.83609877375,1.282,Comp0078,FS0003,6,40838,445,12,5,1036,123216
386440.33796015795,0.555,Comp0022,DC0002,6,15614,88,4,7,812,979
386445.0972585002,0.177,Comp0063,DNS0002,17,10342,53,3,3,79,89
386445.9713284775,2.327,Comp0015,Web0001,6,61061,80,6,9,486,65221
386455.7227304992,18.127,Comp0004,DC0002,6,21530,445,34,119,2416,11251
386458.4331695092,0.121,Comp0027,DNS0002,17,40626,53,2,2,114,52
386462.04714918823,0.089,Comp0054,DNS0001,17,47229,53,3,3,98,192
386469.0259630262,3.424,Comp0017,Web0005,6,28161,443,12,21,149,4309
386469.52617008344,0.098,Comp0036,DNS0002,17,2324,53,2,2,54,83
386476.9693512779,0.068,Comp0056,DNS0001,17,61858,53,2,2,54,140
386477.4544413957,1.091,Comp0005,Web0003,6,53021,80,30,407,334,1917
386479.24977791,9.606,Comp0018,Web0002,6,14495,443,5,156,280,1822
386486.1689421946,4.69,Comp0063,Proxy0002,6,54658,3128,26,34,3369,3296
386490.196493439,15.041,Comp0002,Web0005,6,43844,443,12,67,633,40904
386490.5297464136,0.938,Comp0024,DNS0002,17,34480,53,2,3,63,156
386492.1942340959,0.151,Comp0031,DNS0002,17,51508,53,2,2,56,89
386499.6265691229,9.437,Comp0061,FS0002,6,1917,445,26,56,2337,8863
386504.20367639227,10.728,Web0006,DB0002,6,12310,3306,8,52,579,144860
386508.6461217331,1.45,Comp0070,Web0006,6,64598,443,11,105,389,22150
386509.20393164165,2.792,Comp0015,Web0004,6,29989,443,11,26,238,2577
386509.9768266799,0.089,Comp0079,DNS0002,17,21881,53,3,2,100,183
386522.4807619477,0.235,Comp0064,DNS0002,17,47464,53,2,2,61,100
386522.57552982157,1.512,Comp0069,DC0002,6,25202,88,11,25,332,889
386524.04792693316,13.298,Comp0019,Web0002,6,58409,443,3,17,883,13762
386536.61328974686,1.559,Comp0069,Mail0001,6,59786,993,7,12,573,232
386542.1537870585,1.482,Comp0029,Web0004,6,36281,443,19,177,2660,20511
386545.24388595484,0.05,Comp0016,DNS0001,17,7540,53,2,2,68,299
386545.4065403149,0.178,Comp0058,DNS0001,17,34815,53,2,3,94,105
386553.17800249596,0.49,Comp0024,Web0001,6,27976,80,8,136,1182,861
386558.79021190276,15.865,Comp0019,FS0003,6,55260,445,45,202,665,4912
386560.81512439065,4.39,Comp0078,Comp0003,6,32830,445,54,28,9930,254
386575.71104502724,26.613,Comp0011,FS0003,6,34313,445,15,34,1494,28806
386576.2681573609,0.0,Comp0020,DNS0001,17,49292,53,3,3,95,130
386576.59477918857,0.64,Comp0018,DNS0001,17,47777,53,3,3,81,240
386581.65346531675,0.994,Comp0052,Web0004,6,8683,443,8,22,1616,9451
386585.30383651744,8.888,Comp0016,Web0006,6,2044,80,14,60,262,4228
386587.84994403186,3.419,Comp0065,DC0002,6,63150,88,4,3,115,147
386593.7455468718,0.86,Comp0007,Proxy0002,6,3528,3128,11,53,632,26592
386594.38820870273,10.54,Comp0054,FS0001,6,39402,445,5,59,351,28426
386596.30410267034,0.171,Comp0036,DC0001,6,39693,389,4,7,429,397
386596.8689515278,7.292,Comp0038,Proxy0002,6,28599,3128,13,63,1044,1937
386598.29756135563,5.643,Comp0033,FS0003,6,39436,445,8,139,239,20786
386607.5373333732,26.492,Comp0033,FS0001,6,59747,445,6,46,1415,28814
386612.47104870924,1.877,Comp0025,Web0002,6,36335,443,15,38,899,10798
386613.8770928774,11.627,Comp0003,Web0002,6,37801,443,4,15,1047,47208
386618.09973155113,4.565,Comp0064,Web0005,6,27266,443,10,50,499,2043
386620.2193402379,13.635,Comp0080,FS0001,6,27382,445,39,26,4813,1378
386625.1205824769,4.16,Comp0038,Proxy0002,6,55538,3128,13,36,576,4559
386635.0923260037,2.298,Comp0068,Web0003,6,17886,443,11,23,1110,3222
386637.23303141387,2.464,Comp0016,Web0005,6,26695,80,5,141,1085,4508
386639.08022087556,1.658,Comp0016,Proxy0002,6,44493,3128,4,56,3348,5176
386640.38911820896,0.072,Comp0069,DNS0001,17,63383,53,3,3,60,154
386640.91045169026,28.649,Comp0040,DC0001,6,57536,445,39,131,3528,5547
386642.0322244225,0.267,Comp0039,Proxy0001,6,8344,3128,14,109,3438,37344
386649.9362379151,21.0,Comp0025,DC0001,6,17061,445,20,13,1945,9915
386651.6590116451,0.043,Comp0039,DNS0001,17,39484,53,2,2,75,175
386652.16757445264,3.146,Comp0070,Proxy0001,6,49309,3128,16,53,1813,4929
386653.85697620816,1.643,Comp0019,Proxy0001,6,61331,3128,13,12,537,12061
386657.2588688812,0.185,Comp0001,DNS0002,17,14593,53,2,2,85,194
386662.1901741245,4.24,Comp0047,DC0002,6,41223,445,89,376,1160,117698
386662.32454950066,3.248,Comp0027,Mail0001,6,57321,993,3,11,786,753
386665.2597369142,0.755,Comp0017,Mail0001,6,4802,587,3,12,146,431
386667.10463257565,12.994,Comp0067,FS0001,6,22756,445,11,35,1833,1631
386671.3842569945,3.577,Comp0013,Web0004,6,21463,443,4,14,132,2341
386681.3428782968,0.495,Comp0062,Mail0001,6,26692,993,3,3,859,5229
386695.5706180472,2.041,Comp0059,Mail0001,6,40953,993,8,3,614,370
386696.99777610553,2.845,Comp0012,Web0006,6,15027,443,17,43,558,8523
386706.9246164538,6.331,Comp0080,Web0003,6,9493,80,10,93,2774,5984
386709.8728746971,0.033,Comp0058,DNS0001,17,62668,53,2,2,41,230
386715.21347320813,5.976,Comp0077,Web0003,6,9204,443,2,8,589,13492
386718.77786317765,4.33,Comp0030,Web0005,6,25178,443,6,26,682,6585
386727.1783355707,11.035,Comp0070,Web0006,6,51981,443,5,37,355,804
386733.185655217,0.128,Comp0005,DNS0001,17,54665,53,2,3,119,113
386740.1710912746,6.05,Comp0062,Web0002,6,41186,443,13,20,781,7295
386746.1639593815,10.867,Comp0023,Web0003,6,37623,443,18,61,664,25867
386750.510527394,5.041,Comp0004,DC0002,6,40203,88,12,6,1243,1039
386768.676241582,1.148,Comp0065,Web0002,6,58226,443,6,62,510,9218
386770.85732835636,0.453,Comp0035,Web0006,6,17219,443,16,18,2044,12383
386773.7495070102,0.988,Comp0012,Mail0002,6,23463,587,5,5,488,948
386773.97160372086,2.386,Comp0019,DC0001,6,33061,88,10,14,846,194
386774.9978901432,0.264,Comp0030,DNS0001,17,5709,53,2,2,90,308
386792.23447891657,7.697,Comp0039,Web0004,6,15698,443,4,41,1623,11352
386792.377265419,0.049,Comp0062,DNS0001,17,47042,53,2,2,75,154
386797.23449549964,0.061,Comp0038,DNS0001,17,55143,53,2,2,60,234
386797.5819116669,3.64,Comp0035,Web0006,6,35042,80,6,21,306,5383
386805.4040155576,3.165,Comp0038,Web0002,6,31672,80,10,62,952,27219
386813.6070591102,6.183,Comp0078,Comp0071,6,24830,3389,5,7,754,141
386815.561118949,6.84,Comp0078,Comp0070,6,61592,3389,5,18,164,40
386817.30828471004,0.619,Comp0057,Mail0001,6,19444,587,2,10,1306,94
386820.9957443031,0.056,Comp0008,DNS0002,17,45370,53,2,3,50,88
386825.73864486004,0.9,Comp0002,Web0002,6,4018,443,3,78,212,4843
386827.0321200077,9.332,Comp0040,FS0003,6,3210,445,10,54,2509,15515
386834.3309311457,3.394,Comp0027,FS0001,6,9760,445,87,154,2001,19571
386835.0387859404,4.282,Comp0005,DC0002,6,51318,389,5,13,125,763
386835.4791503722,0.08,Comp0056,DNS0001,17,46267,53,2,3,72,110
386841.1177008753,13.453,Comp0006,Web0004,6,7895,80,18,231,4741,20744
386843.8027346004,4.424,Comp0055,DC0002,6,23604,88,7,5,289,620
386847.7557958557,18.199,Comp0023,FS0001,6,9889,445,38,48,4993,11529
386850.0822478374,0.293,Comp0006,DNS0002,17,44411,53,3,4,54,157
386851.4807307433,5.405,Comp0078,Web0003,6,14873,443,26,41,2482,5606
386852.46104946407,2.551,Comp0069,Web0002,6,58723,443,6,10,392,1315
386854.37318778463,0.058,Comp0042,DNS0002,17,19832,53,3,3,82,141
386856.94524216134,0.075,Comp0077,DNS0002,17,15819,53,2,2,59,131
386861.05682581675,6.727,Web0002,DB0002,6,6983,3306,6,398,241,23880
386873.6478652701,9.044,Comp0022,FS0001,6,51151,445,63,141,3028,30211
386885.21513238,4.513,Comp0044,Web0003,6,32577,443,7,39,438,3003
386890.96659908723,0.641,Comp0079,DNS0001,17,30285,53,2,3,45,264
386891.1060974732,0.058,Comp0052,DNS0002,17,28675,53,2,3,56,150
386893.4419908519,0.306,Comp0038,DNS0002,17,11049,53,2,2,122,216
386894.05743230804,42.414,Comp0031,FS0003,6,33411,445,11,189,3039,16579
386899.12086286093,2.333,Comp0054,Mail0001,6,17821,993,4,12,1165,622
386899.293307347,3.986,Comp0075,Web0001,6,16104,443,34,46,2358,1478
386903.5274106593,0.054,Comp0056,DNS0001,17,54747,53,3,5,47,138
386904.22905809607,0.679,Comp0033,Web0006,6,39693,443,10,28,681,2148
386904.35064456676,1.29,Comp0018,DC0001,6,11104,389,8,11,84,683
386905.5949284503,5.56,Comp0054,Web0001,6,46062,443,8,33,554,2901
386907.26412385947,1.101,Comp0002,Proxy0002,6,60024,3128,38,166,717,17324
386915.27505545807,10.984,Comp0015,DC0001,6,32037,445,14,28,779,3202
386918.35545480676,4.619,Comp0055,Proxy0001,6,20045,3128,10,82,569,3443
386926.95179806533,43.829,Comp0079,DC0002,6,32436,445,20,44,2105,2783
386933.2833895439,0.124,Comp0058,DC0002,6,17004,389,2,4,87,847
386935.351110895,5.913,Comp0065,Web0005,6,8826,443,7,63,854,1191
386935.6320001377,0.182,Comp0076,DNS0001,17,35096,53,3,2,64,154
386945.4748649575,0.305,Comp0021,DNS0002,17,4406,53,2,4,93,66
386948.07959602063,3.183,Comp0032,Proxy0001,6,29349,3128,10,115,966,13620
386949.36158511136,0.119,Comp0013,DNS0001,17,17055,53,2,2,67,276
386949.62033226644,4.918,Comp0074,FS0001,6,11512,445,102,110,3455,21589
386952.2437452048,3.009,Comp0071,Web0002,6,51014,80,7,24,684,24206
386952.63152562676,7.626,Comp0080,Proxy0001,6,30475,3128,12,21,1068,686
386960.0780511529,0.068,Comp0058,DNS0001,17,63196,53,3,2,45,225
386963.1326083747,0.329,Comp0057,DC0001,6,14346,389,6,11,104,317
386972.3770609838,0.152,Comp0054,Mail0002,6,8634,993,4,6,535,545
386975.05983132316,0.609,Comp0034,Mail0001,6,6241,587,5,12,368,1969
386976.13065728976,14.68,Comp0002,Web0002,6,45087,443,20,37,171,2117
386976.7182837371,0.416,Comp0017,DC0001,6,63767,389,8,17,1342,895
386980.8804330722,8.306,Comp0032,Web0002,6,27254,80,17,62,1712,33153
386985.1288544972,17.108,Comp0079,Proxy0002,6,53103,3128,3,24,2037,3153
386985.1321143385,7.664,Comp0074,Web0001,6,47950,443,22,33,1118,33561
386985.5646984207,0.501,Comp0002,DC0001,6,39331,389,9,3,385,300
386985.82513330085,0.044,Comp0040,DNS0002,17,39903,53,3,3,64,209
386985.89022913575,0.032,Comp0037,DNS0002,17,41409,53,2,2,51,274
386987.0627113016,0.607,Comp0003,DC0001,6,27796,389,4,3,1278,811
386989.24456949916,0.059,Comp0067,DNS0002,17,43168,53,3,2,55,49
386989.88701010746,0.076,Comp0024,Web0002,6,34706,80,5,31,231,3252
387002.108104304,0.276,Comp0040,DNS0002,17,11993,53,2,2,92,84
387002.21035085013,1.028,Comp0042,Web0006,6,29447,80,7,13,2374,7464
387013.0574588039,0.031,Web0006,DNS0001,17,54698,53,3,3,51,98
387014.4752336539,0.395,Comp0024,Web0002,6,26805,443,10,269,1797,2792
387020.7297246308,1.245,Comp0078,Web0004,6,56836,443,5,29,1319,11995
387021.88095265685,0.246,Comp0022,DNS0001,17,21943,53,2,2,73,56
387023.33616545383,4.584,Comp0037,Web0002,6,17596,80,11,9,341,1649
387023.5101892071,0.15,Comp0078,Web0003,6,38995,443,3,233,685,3200
387026.3888028655,1.334,Comp0067,Web0004,6,54189,80,30,156,789,5527
387027.87715305685,0.438,Comp0006,DC0001,6,49948,135,4,5,456,37
387038.204852938,4.736,Comp0039,Web0003,6,29040,443,7,41,437,1697
387038.3202607579,0.497,Comp0014,DNS0002,17,15004,53,2,3,55,235
387038.5584793725,0.182,Comp0056,DNS0002,17,19468,53,2,2,169,97
387043.25923472375,10.058,Comp0010,Mail0001,6,40640,587,7,7,493,1096
387045.97566759883,29.395,Comp0015,FS0002,6,7793,445,14,94,6431,1668
387046.6638031192,7.73,Comp0075,Web0003,6,32365,443,4,48,192,2586
387051.8244501085,4.408,Comp0031,Web0006,6,63371,443,9,8,1117,8062
387054.530927766,23.661,Comp0004,FS0001,6,5711,445,11,42,1156,3105
387055.45659926836,2.524,Comp0021,DC0002,6,20985,389,2,10,120,686
387056.92319220235,1.823,Comp0027,Web0005,6,14886,443,5,45,81,2223
387063.0503289891,0.08,Comp0071,DNS0002,17,22563,53,2,2,25,281
387064.75226294174,0.085,Comp0020,DNS0001,17,53457,53,3,3,67,161
387065.1000898308,0.812,Comp0028,Web0001,6,53604,443,10,75,442,887
387065.7350510444,1.096,Comp0068,Mail0001,6,13646,587,6,6,1285,744
387069.1709378334,0.211,Comp0026,DNS0001,17,22868,53,2,3,36,132
387069.2170979897,12.599,Comp0037,FS0002,6,23179,445,14,33,4651,36160
387070.4898477472,6.289,Comp0028,Web0001,6,8295,443,10,33,862,8646
387076.1682503875,3.623,Comp0032,DC0001,6,18173,88,3,13,705,296
387081.47933567513,0.232,Comp0001,DNS0002,17,18833,53,2,2,92,241
387083.3009002659,0.04,Comp0016,DNS0002,17,49551,53,2,2,78,232
387084.1464545964,1.025,Comp0007,Mail0002,6,21860,993,5,6,161,3382
387096.2877009458,0.417,Comp0075,Web0006,6,61484,443,24,149,347,14718
387096.91322557157,0.007,Comp0013,DNS0002,17,32252,53,3,3,104,230
387105.9086329232,2.95,Comp0018,Proxy0001,6,38405,3128,10,14,292,36872
387109.413318628,5.79,Comp0068,Web0003,6,15894,80,10,6,313,4076
387113.943818044,0.229,Comp0076,DNS0002,17,8899,53,3,2,57,129
387116.23330015613,0.015,Comp0061,DNS0001,17,14951,53,2,3,88,47
387120.02340149024,10.991,Comp0078,Web0006,6,46540,443,4,78,1362,10561
387123.50222586276,0.648,Comp0036,Proxy0002,6,52338,3128,8,337,2611,1872
387127.6330733528,0.57,Comp0062,DNS0002,17,1525,53,2,2,37,362
387135.42030614853,0.393,Comp0003,Web0004,6,4234,443,8,32,573,5754
387139.22600644175,0.086,Comp0027,DNS0001,17,63083,53,2,4,96,113
387144.2456424782,2.383,Comp0006,Comp0068,6,48399,445,25,44,851,1957
387145.62156459776,8.663,Comp0076,Web0006,6,59487,443,7,104,863,6856
387145.6608374253,0.161,Comp0049,DNS0002,17,28758,53,3,3,78,120
387148.6930132487,2.084,Comp0077,Mail0002,6,28436,993,5,7,660,1288
387154.4550499586,1.841,Proxy0001,Ext0039,6,34674,443,15,17,1476,5920
387159.52603106195,1.662,Comp0074,Web0003,6,26574,443,11,25,1058,6811
387166.5790636283,0.06,Comp0037,DNS0001,17,23807,53,2,2,137,146
387177.04267280555,0.586,Comp0073,Proxy0001,6,41108,3128,12,63,542,15404
387178.2371302727,0.011,Comp0012,Proxy0001,6,50025,3128,5,81,950,6818
387179.37419899506,0.107,Comp0021,Mail0002,6,56060,993,4,6,309,571
387182.2725526479,9.111,Comp0050,DC0002,6,39384,88,4,6,621,1104
387186.8662642488,0.188,Comp0021,DNS0002,17,12723,53,3,2,120,92
387187.4876748204,4.805,Comp0001,Web0006,6,54615,443,7,33,429,10949
387195.4684605708,2.514,Comp0035,Web0001,6,57672,443,16,122,1096,4779
387196.16137033515,3.26,Comp0030,DC0001,6,43943,389,3,7,944,124
387197.41405878833,8.409,Comp0056,Web0006,6,54502,443,4,22,1343,3843
387199.8689005625,5.387,Comp0041,DC0001,6,12135,88,4,7,438,1541
387207.9095812775,0.069,Comp0078,DNS0002,17,53271,53,2,3,33,170
387208.2500524522,16.822,Comp0057,Web0006,6,6959,443,8,10,1591,1777
387212.22963019816,0.343,Comp0034,DNS0002,17,65104,53,2,2,48,253
387212.3732312505,0.442,Comp0050,DNS0002,17,54967,53,3,3,37,263
387221.810312712,0.315,Comp0041,Mail0002,6,14772,993,4,8,1078,1010
387223.24146891956,0.113,Comp0002,DNS0002,17,3237,53,3,2,65,189
387223.92604181176,0.061,Comp0050,DNS0002,17,30841,53,3,3,60,275
387230.00621069234,9.024,Comp0062,Web0002,6,58385,443,7,55,449,2604
387232.7721178483,6.159,Comp0050,Proxy0001,6,65420,3128,19,159,1100,8308
387248.8290481488,5.871,Comp0031,FS0001,6,63401,445,9,191,3739,2521
387250.3072438569,0.095,Comp0067,DNS0001,17,9459,53,2,2,80,81
387260.53170342796,0.25,Web0004,DNS0001,17,55382,53,3,2,53,699
387261.58661743934,21.413,Comp0012,DC0001,6,42745,445,28,88,1944,5538
387264.8668838998,6.003,Comp0059,Web0001,6,55953,443,5,33,2606,2876
387267.48496622854,2.918,Comp0078,DC0002,6,12651,88,19,4,492,153
387271.2155197803,9.995,Comp0079,Web0004,6,38457,443,15,46,199,66359
387283.1927271748,48.264,Comp0036,DC0001,6,61191,445,15,69,2029,23333
387284.2609604811,11.013,Comp0078,Web0004,6,38642,443,23,12,340,3388
387284.9513259789,0.014,Comp0077,DNS0002,17,62077,53,2,2,90,422
387288.5082311247,2.188,Comp0026,DC0002,6,43614,389,5,13,223,450
387288.5280676945,5.646,Comp0069,Web0002,6,20222,443,13,123,335,38393
387289.0487973843,0.037,Web0002,DNS0001,17,26184,53,2,2,121,224
387289.14053300297,2.469,Comp0006,Comp0066,6,12245,22,4,12,293,42
387291.69868654397,2.743,Comp0058,DC0001,6,38174,88,4,5,446,1354
387292.3127566654,32.243,Comp0051,FS0002,6,51360,445,68,46,2805,8837
387292.5311383563,4.878,Comp0052,Proxy0002,6,15812,3128,20,125,1769,2407
387292.98417285417,1.132,Comp0015,Web0003,6,45402,80,10,31,323,10696
387293.04304824217,1.689,Comp0044,Mail0001,6,26586,993,7,8,341,667
387294.4026870672,4.387,Comp0046,Web0005,6,10129,443,23,35,1144,14071
387298.76145851857,2.517,Comp0004,DC0001,6,11059,88,3,3,107,101
387299.3862539436,0.16,Comp0012,DNS0002,17,24795,53,2,4,83,421
387310.6858159861,0.257,Comp0002,Mail0002,6,52671,993,3,4,366,689
387312.0360585314,7.041,Comp0023,Web0001,6,42189,80,8,18,971,7716
387312.17905452906,3.981,Comp0075,Proxy0002,6,37845,3128,7,88,846,2893
387313.8024545131,5.945,Comp0010,Web0005,6,42423,443,14,40,202,4707
387320.6884464759,19.66,Comp0054,DC0002,6,56479,445,42,33,2514,17340
387320.8727268356,0.383,Comp0061,DNS0001,17,57181,53,3,2,65,84
387326.3609810272,0.341,Comp0078,Comp0019,6,31606,3389,6,18,524,11
387332.672632771,1.086,Comp0006,FS0002,6,59093,445,40,71,840,9503
387332.9212736348,2.595,Comp0071,DC0001,6,60022,389,4,7,697,1589
387341.37858204544,3.181,Comp0007,Proxy0002,6,1808,3128,7,15,2418,5153
387351.0070172283,0.038,Comp0011,Web0002,6,39993,80,26,19,550,1160
387353.6436555972,0.086,Comp0055,Proxy0002,6,8920,3128,6,22,1782,5816
387354.6691825545,0.686,Proxy0001,Ext0002,6,32262,80,4,107,262,56783
387354.8564342265,0.457,Comp0075,DNS0002,17,35528,53,2,3,69,102
387361.0434453152,0.035,Comp0051,Web0001,6,47569,443,10,53,240,25749
387361.072329468,1.972,Comp0054,Proxy0002,6,25732,3128,11,77,1003,1566
387361.860221577,0.143,Comp0002,DNS0002,17,59577,53,2,3,62,191
387363.3676070216,0.014,Comp0048,DNS0001,17,39469,53,2,2,34,80
387364.2776264738,0.417,Comp0018,DNS0001,17,18986,53,2,2,95,134
387376.321812573,1.707,Comp0044,Web0003,6,30409,443,4,17,2045,32508
387380.8209898772,4.741,Comp0078,Web0001,6,15719,80,20,34,704,5036
387394.54652523145,0.092,Comp0068,DNS0002,17,62465,53,3,2,117,189
387395.4845059137,0.378,Comp0023,Proxy0001,6,55831,3128,5,24,647,38783
387399.46254877455,12.67,Comp0030,Proxy0001,6,59471,3128,31,21,292,4852
387399.8667132916,7.314,Comp0078,Comp0053,6,3156,139,35,40,1458,621
387400.389802422,11.922,Comp0009,DC0002,6,20522,445,14,185,28919,2126
387404.24841494486,3.034,Comp0065,Proxy0001,6,22911,3128,8,31,512,2440
387405.8785085588,12.013,Comp0017,DC0001,6,34240,445,26,80,3781,3103
387407.4624656207,1.092,Comp0054,Web0005,6,9408,443,6,24,139,2988
387411.88091046276,0.341,Comp0011,DNS0002,17,47287,53,3,2,38,114
387412.7006944892,0.048,Comp0078,DNS0001,17,64777,53,2,3,121,139
387431.5920797335,0.067,Comp0034,DNS0001,17,35053,53,3,3,49,90
387434.1922939721,9.702,Comp0057,Web0006,6,33627,443,11,31,711,5762
387444.53209719324,1.244,Comp0045,Proxy0001,6,25186,3128,4,30,1180,580
387446.3383659794,3.691,Comp0040,Proxy0002,6,31650,3128,10,24,333,18879
387450.43643292756,2.426,Comp0037,Web0004,6,2261,443,9,75,254,2244
387460.91999975475,7.297,Comp0031,Proxy0001,6,17002,3128,2,34,1162,9980
387461.3190682526,0.461,Comp0073,DNS0001,17,30115,53,2,3,42,261
387464.1423063132,2.808,Comp0019,DC0001,6,61139,88,5,4,161,167
387471.00594255445,3.895,Comp0015,Web0001,6,19563,443,3,24,421,34003
387473.08179614024,18.387,Comp0005,FS0001,6,25910,445,11,42,5831,8960
387476.7776129423,0.086,Comp0073,DNS0001,17,55701,53,3,3,224,116
387477.0929745019,0.179,Comp0045,Mail0002,6,49287,993,15,24,133,662
387479.8703685954,10.339,Comp0032,Proxy0001,6,24482,3128,4,25,280,20007
387483.20211794315,11.164,Comp0044,FS0001,6,64571,445,11,32,2618,5800
387485.6097475181,0.008,Comp0003,DNS0002,17,41458,53,2,2,109,68
387486.55645858665,3.889,Comp0054,DC0002,6,64074,88,5,3,235,69
387486.6194468907,0.078,Comp0050,DNS0001,17,49237,53,2,2,55,81
387492.6525819528,0.241,Comp0078,Comp0042,6,7535,3389,7,10,248,28
387499.31704165536,2.304,Comp0032,Web0003,6,6245,443,19,48,631,4452
387500.2089884172,20.517,Comp0066,DC0002,6,48078,445,19,43,4204,3643
387504.8263152776,1.413,Comp0063,Web0005,6,34703,443,10,90,910,84059
387510.70470804657,6.585,Comp0078,FS0003,6,57697,445,10,167,1183,37929
387512.2399529736,0.122,Comp0004,DC0002,6,37804,389,2,7,437,142
387513.42538151686,4.533,Proxy0001,Ext0005,6,23163,443,9,25,1019,27278
387513.5918262875,0.067,Comp0071,DNS0001,17,20845,53,3,3,56,206
387515.4490339643,1.339,Comp0060,DC0002,6,61694,389,3,8,434,348
387518.0573524944,3.828,Comp0030,DC0001,6,48634,88,25,11,164,814
387521.65788612387,5.472,Comp0080,Web0002,6,1772,443,11,60,208,4484
387526.6821351402,12.644,Comp0077,Proxy0002,6,14167,3128,17,198,654,54908
387531.5308082567,0.122,Comp0060,DNS0001,17,33626,53,3,2,91,77
387533.4389441467,0.012,Comp0013,DNS0001,17,30132,53,2,2,40,164
387534.70690140175,17.731,Comp0072,FS0003,6,29517,445,18,45,4310,1980
387536.1318423021,10.273,Comp0031,Web0004,6,37631,80,6,18,497,59260
387538.7080822037,1.493,Comp0068,DC0002,6,16277,389,9,6,580,613
387541.10416190425,0.092,Comp0027,DNS0001,17,47009,53,2,3,57,161
387554.7393618453,0.108,Comp0049,DNS0002,17,5622,53,2,2,56,121
387561.6396976034,8.648,Comp0044,Web0003,6,14844,80,12,15,1852,4128
387562.4406136148,2.653,Comp0064,FS0003,6,27313,445,43,47,973,36174
387562.45593219186,0.101,Comp0036,DNS0002,17,5297,53,3,3,104,187
387566.03067695687,0.816,Comp0033,Web0004,6,43211,443,24,26,1284,11769
387566.3388391051,3.975,Comp0006,Comp0041,6,27982,22,5,2,1137,10
387568.6262895323,4.294,Comp0044,Proxy0002,6,50512,3128,16,6,275,3512
387568.74789259187,4.521,Proxy0001,Ext0032,6,40053,80,9,58,2010,9860
387572.4572661883,0.512,Comp0061,DNS0001,17,55532,53,2,3,69,174
387573.4641945323,11.663,Comp0017,Web0002,6,39875,80,7,29,208,3711
387573.6621125074,2.257,Web0002,DB0002,6,11131,3306,12,103,1147,25943
387581.9498479255,2.84,Comp0078,Web0005,6,45391,80,18,13,428,4022
387586.97192562785,5.679,Comp0015,Web0004,6,23328,443,10,34,593,1793
387588.8759631679,35.39,Comp0027,FS0002,6,40284,445,46,93,4105,9168
387589.7701809563,1.926,Comp0035,FS0003,6,14311,445,16,252,3017,28744
387591.07465809275,0.066,Comp0024,DNS0002,17,45511,53,2,2,41,211
387591.1539996655,0.021,Comp0011,DNS0002,17,45377,53,3,3,65,137
387594.84392417414,8.06,Comp0066,Mail0002,6,13246,993,8,4,413,233
387599.8647720684,4.081,Comp0059,Web0004,6,20474,443,19,27,371,72091
387602.26997424645,0.243,Comp0052,Mail0002,6,6996,587,3,13,342,152
387602.8187719685,0.169,Comp0059,Web0004,6,19535,443,7,22,704,2343
387606.82385922247,1.346,Comp0041,DC0001,6,62888,445,5,128,2787,13159
387609.81567446585,15.039,Comp0015,Proxy0002,6,54946,3128,4,77,1162,1764
387619.390170757,0.26,Comp0048,DNS0001,17,61541,53,2,4,96,55
387628.90478528716,0.36,Comp0022,Mail0001,6,52038,993,5,12,544,388
387636.3703055502,0.18,Comp0041,DNS0002,17,16068,53,2,4,44,156
387636.7527712135,0.032,Comp0073,DNS0001,17,44055,53,2,3,54,161
387637.65931009373,5.754,Comp0032,Proxy0001,6,24617,3128,16,37,146,8973
387644.8505822939,0.412,Comp0014,DNS0002,17,51303,53,2,2,95,109
387648.4737137482,2.472,Comp0049,Web0003,6,30388,443,13,72,1607,1102
387659.8306674936,0.579,Comp0068,Web0003,6,15425,80,14,23,583,14772
387660.55787150795,0.231,Comp0048,DNS0002,17,62497,53,3,5,84,171
387672.47057442897,1.699,Comp0080,FS0002,6,57490,445,15,267,675,51569
387675.31377437833,21.875,Comp0006,Comp0053,6,16716,139,9,159,6508,47
387678.767883945,6.023,Comp0009,DC0002,6,3603,389,3,4,258,383
387679.9289866511,0.044,Comp0007,DNS0002,17,11286,53,2,4,52,310
387682.8607377717,4.446,Comp0048,Web0002,6,41572,443,7,61,147,2778
387686.8896564987,19.295,Comp0022,DC0002,6,53985,445,32,146,3372,20419
387687.58346866525,0.31,Comp0035,DNS0001,17,59005,53,3,3,50,446
387690.5848444994,0.072,Comp0025,DNS0001,17,41032,53,2,3,62,220
387690.8551381255,12.517,Comp0065,Web0003,6,15926,443,11,76,6268,3704
387709.1865512714,0.113,Comp0008,DNS0002,17,27606,53,2,2,49,149
387712.20263962797,0.029,Comp0016,DNS0001,17,54947,53,2,3,102,147
387719.98307151423,0.167,Comp0004,DC0001,6,56924,389,14,5,642,613
387721.0735092953,3.225,Comp0070,Proxy0002,6,43116,3128,5,24,406,108275
387729.90495207754,5.67,Comp0011,Web0005,6,41431,443,15,80,2289,39814
387734.2956839148,6.302,Comp0043,Web0006,6,26577,443,9,49,2934,12056
387741.5030765522,1.99,Comp0057,Web0003,6,24452,443,3,61,85,40281
387745.2309920501,4.878,Comp0051,Web0006,6,63925,443,5,42,1113,5579
387745.4100156543,0.114,Comp0066,DNS0002,17,44757,53,2,3,112,292
387754.499543074,2.363,Comp0074,Web0003,6,43717,80,14,68,709,582
387754.7972048149,2.052,Proxy0002,Ext0038,6,21115,443,9,127,289,2333
387758.8005905174,0.045,Comp0034,DNS0002,17,16662,53,2,3,61,342
387759.43980771414,0.307,Comp0077,Proxy0001,6,46187,3128,12,58,169,5073
387761.86441469536,1.016,Proxy0002,Ext0010,6,61847,443,5,19,636,1756
387763.64831940376,0.089,Comp0055,DNS0001,17,54917,53,2,2,65,314
387776.333771557,1.974,Comp0034,DC0001,6,48976,389,7,8,588,1118
387778.08114236064,14.677,Comp0013,FS0003,6,46751,445,92,61,776,4769
387780.73872752953,4.66,Comp0042,Web0001,6,31005,443,9,56,2004,2820
387781.23823399155,0.741,Comp0031,DC0001,6,3386,88,5,8,569,580
387781.8254196277,0.066,Comp0077,DNS0001,17,36790,53,2,3,146,123
387783.50027595914,5.481,Comp0005,Proxy0001,6,56007,3128,14,27,463,5371
387794.5636374003,4.005,Comp0044,Proxy0002,6,52104,3128,4,36,409,1141
387804.21522683214,10.719,Comp0022,Proxy0002,6,41310,3128,9,28,1783,4776
387816.59382236056,3.968,Comp0003,Web0002,6,19050,443,3,14,1327,11682
387817.0434943909,4.129,Comp0062,FS0003,6,39523,445,45,302,2009,125126
387821.9876892936,5.409,Comp0018,Web0002,6,25892,443,19,22,721,2006
387823.82703747624,0.074,Comp0054,DNS0002,17,22043,53,2,2,70,108
387837.2365588787,2.068,Comp0028,Web0004,6,8943,443,4,32,366,165931
387839.26983380376,0.031,Comp0033,DNS0001,17,62351,53,3,3,56,132
387851.2045506675,0.843,Comp0065,DC0001,6,26686,389,9,11,245,484
387852.53067235847,1.378,Comp0006,FS0003,6,29450,445,16,44,1555,9958
387857.3315546197,8.4,Comp0054,FS0003,6,16490,445,79,40,2841,2881
387860.2550960836,16.191,Comp0054,DC0002,6,25573,445,17,41,1683,6044
387863.89056895004,0.072,Comp0014,DNS0002,17,46422,53,3,2,105,128
387875.63831162796,7.464,Comp0059,Web0005,6,34876,443,5,55,1253,3216
387881.71341434174,41.361,Comp0043,DC0001,6,61697,445,13,27,1000,14595
387889.2172450128,9.898,Proxy0001,Ext0016,6,49687,443,4,72,3470,6159
387893.03289665736,1.517,Comp0046,Mail0001,6,35684,993,6,8,144,1158
387904.6284553716,9.798,Comp0039,FS0002,6,55115,445,12,178,489,3167
387908.4227808847,0.363,Comp0021,DNS0002,17,14162,53,2,3,107,94
387910.33552143764,0.243,Comp0024,DC0002,6,15966,88,4,6,268,2018
387923.6162322618,4.295,Comp0016,Web0001,6,3259,443,9,53,2157,539
387934.50612221117,6.059,Comp0068,Web0002,6,4417,443,17,12,608,5346
387936.8638782621,0.089,Comp0047,DNS0001,17,44279,53,2,3,69,96
387937.95045560703,3.387,Comp0028,Proxy0002,6,16552,3128,9,64,224,3142
387938.1796669641,0.683,Comp0034,FS0001,6,12615,445,19,103,1111,9385
387941.2521372847,9.96,Comp0051,Proxy0001,6,16483,3128,18,167,471,5315
387956.1763992711,5.408,Comp0073,Web0004,6,24032,80,10,13,138,12415
387959.08182242175,2.575,Comp0003,DC0002,6,12853,88,9,15,93,455
387960.27448894933,2.812,Comp0051,DC0002,6,61538,88,4,10,708,506
387963.12402705825,1.853,Comp0046,Proxy0001,6,13664,3128,12,27,264,5093
387967.15232047054,6.93,Comp0055,DC0001,6,57839,389,6,26,367,203
387968.52806552086,0.187,Comp0042,DNS0002,17,26942,53,4,3,66,92
387969.5177540318,0.824,Comp0022,Mail0002,6,48533,587,3,4,187,444
387969.97551936633,0.932,Comp0073,DC0001,6,25940,389,8,9,957,473
387970.9809782996,2.593,Comp0059,DC0002,6,4582,389,4,3,1039,351
387981.5802983911,0.011,Comp0046,DNS0001,17,26830,53,3,4,107,367
387983.9066197345,15.678,Comp0072,FS0003,6,2833,445,20,117,1949,9431
387984.6065035313,6.292,Comp0071,FS0003,6,13889,445,99,149,6313,8919
387987.06796846143,24.882,Web0004,DB0004,6,16185,5432,52,127,3662,30190
387999.9451464877,6.868,Comp0013,Web0006,6,52163,443,6,92,810,7877
388003.7492349013,1.267,Comp0008,FS0002,6,18541,445,24,148,760,43702
388015.1554274015,1.375,Comp0063,DC0002,6,46754,389,5,5,185,1193
388015.57994791155,0.089,Comp0007,DNS0001,17,36252,53,2,2,46,94
388016.2239385861,0.563,Comp0028,DNS0002,17,64157,53,2,2,70,101
388024.7900836626,0.735,Proxy0002,Ext0021,6,10786,443,10,25,1259,1251
388028.25129912817,0.041,Comp0035,DNS0002,17,12411,53,2,3,59,196
388035.0919470735,0.409,Comp0079,DNS0001,17,52651,53,2,3,76,345
388036.2398827263,5.68,Comp0075,Web0004,6,20047,443,8,66,803,7624
388038.3449804641,0.061,Comp0038,DNS0001,17,54217,53,2,3,72,118
388040.1910885302,0.021,Comp0045,DNS0001,17,2090,53,2,3,45,146
388045.99344350584,9.456,Comp0038,Proxy0001,6,13718,3128,6,10,1029,22136
388046.9185978861,0.107,Comp0001,DNS0002,17,32108,53,3,3,75,97
388048.3890924901,5.429,Comp0009,Web0005,6,57784,443,14,36,660,8980
388053.8477685856,0.544,Comp0007,Web0002,6,24281,443,6,33,1062,8704
388055.8178876324,2.194,Comp0056,Mail0002,6,57028,993,10,11,281,1161
388075.2012844473,3.389,Proxy0001,Ext0010,6,43172,443,5,16,205,4885
388077.31455723516,0.27,Comp0022,DNS0002,17,60032,53,2,3,77,137
388079.93032452074,0.096,Comp0044,DNS0002,17,35527,53,2,3,56,67
388088.4750494859,0.027,Comp0050,DNS0002,17,5484,53,2,2,67,209
388089.69464119594,0.24,Comp0005,DNS0002,17,57068,53,2,2,45,84
388091.91718390567,0.263,Comp0019,DNS0001,17,59639,53,2,2,65,180
388095.64409613056,0.216,Comp0022,Proxy0001,6,27948,3128,17,16,342,1847
388105.0925968256,3.251,Proxy0001,Ext0003,6,28264,80,21,43,731,7275
388105.20266039524,8.586,Comp0026,Web0001,6,34084,443,11,29,224,24318
388106.89177833695,0.413,Comp0036,DNS0002,17,42616,53,3,3,84,117
388111.781133547,1.003,Comp0027,Comp0011,6,12550,3389,11,11,130,911
388112.8583625031,3.051,Proxy0002,Ext0026,6,63607,443,4,24,1612,2182
388114.9953672163,0.04,Comp0043,DNS0002,17,55147,53,3,3,144,177
388120.50712423073,0.011,Comp0030,DC0001,6,31986,88,12,5,338,328
388122.3779169873,3.585,Comp0072,Web0004,6,28599,443,22,81,945,21452
388131.1492535222,0.358,Comp0012,DNS0001,17,52869,53,3,3,52,155
388134.55694179476,2.268,Comp0036,FS0002,6,32991,445,20,93,2074,19468
388135.5431944651,20.856,Comp0020,FS0001,6,30996,445,34,81,4661,4131
388139.33318647573,11.79,Comp0021,Web0003,6,40907,80,7,47,1825,18258
388142.67705461907,0.02,Comp0042,DNS0001,17,35623,53,2,3,50,68
388157.2709935165,0.341,Comp0012,DNS0001,17,25782,53,3,3,29,104
388157.76248702675,5.696,Comp0006,Proxy0002,6,34880,3128,9,42,858,4306
388166.30030455906,1.8,Comp0017,Web0005,6,50113,443,12,14,1425,7348
388169.9789274499,0.049,Comp0008,Web0006,6,46327,443,13,25,426,4913
388175.894364436,0.859,Comp0031,FS0003,6,57094,445,36,129,3926,5805
388178.2502298459,11.864,Comp0027,DC0001,6,20695,88,8,6,551,392
388190.2816586789,0.095,Comp0007,DNS0002,17,8648,53,3,2,36,345
388197.205842798,13.124,Comp0049,Proxy0001,6,18046,3128,8,43,1648,3997
388203.31850952655,1.51,Comp0046,DC0002,6,62655,88,2,5,132,3306
388205.5993811145,5.684,Comp0058,Web0004,6,5483,443,6,15,182,26116
388206.69643325766,4.455,Comp0042,Proxy0002,6,18726,3128,4,43,730,2929
388207.4307241937,8.865,Comp0026,DC0002,6,20352,445,14,160,771,8925
388214.1504241291,0.17,Comp0011,DNS0001,17,41534,53,3,3,38,367
388217.26179642597,3.932,Comp0069,DC0002,6,22715,389,6,6,234,898
388219.0895698687,50.342,Web0004,DB0004,6,64122,5432,17,105,3920,16579
388222.98591755214,9.977,Comp0015,FS0002,6,35633,445,4,68,967,58138
388225.1727900594,0.102,Comp0071,Proxy0001,6,56087,3128,13,60,6336,4946
388229.15111700504,0.25,Comp0028,Web0005,6,37062,443,19,51,634,994
388230.0181974268,0.025,Comp0027,DNS0001,17,62722,53,3,3,69,290
388239.4136014673,6.89,Comp0010,Web0006,6,18076,443,6,21,285,20192
388240.0341432298,0.394,Comp0057,DNS0001,17,23841,53,2,2,102,239
388242.00863152475,3.834,Comp0006,Web0001,6,26546,443,6,110,1229,7442
388245.2352568423,29.083,Comp0070,Web0003,6,3001,443,2,25,479,31634
388250.96206174564,2.918,Comp0043,Web0004,6,33972,80,4,37,1101,5221
388251.40283018304,2.571,Comp0068,DC0002,6,1127,389,4,9,420,763
388254.7295560673,2.136,Web0004,DC0002,6,6896,389,4,13,711,221
388259.13942497724,29.284,Comp0010,FS0002,6,54996,445,31,78,3473,23945
388260.0529491479,0.023,Comp0007,DNS0002,17,15391,53,3,2,54,197
388262.76190765103,0.034,Comp0050,DNS0001,17,12788,53,3,3,42,235
388268.5520589177,5.58,Proxy0001,Ext0001,6,56449,443,59,59,1316,814
388292.90104270726,2.52,Comp0013,FS0003,6,10472,445,17,81,587,21738
388317.3646270089,1.501,Comp0013,Web0002,6,32196,443,15,15,1091,4676
388328.73991801316,2.953,Comp0027,Web0003,6,3264,443,4,14,650,41204
388336.013798919,9.864,Comp0025,Proxy0002,6,12304,3128,10,35,1054,4059
388341.19531471655,0.116,Comp0034,DNS0001,17,60945,53,2,2,79,233
388359.3708844624,7.801,Comp0022,Proxy0001,6,30334,3128,23,36,469,4340
388360.13916913286,0.003,Comp0078,DNS0002,17,36595,53,2,2,47,143
388368.86446159,4.267,Comp0016,Web0006,6,28407,443,10,12,881,99128
388374.7203415159,0.139,Comp0060,DNS0001,17,6767,53,2,3,100,230
388382.32777073554,19.557,Comp0060,FS0003,6,47171,445,21,156,2347,7511
388382.7205429273,0.025,Comp0070,DC0001,6,62365,445,108,952,3183,8698
388391.7877858622,22.26,Web0001,DB0004,6,38485,5432,36,111,618,5449
388397.6761994042,3.508,Comp0033,Web0004,6,41170,80,21,62,253,9259
388406.8067057559,8.691,Comp0038,Web0003,6,64379,80,15,103,543,4461
388410.3227707756,0.236,Comp0080,DNS0001,17,43922,53,3,2,54,247
388410.9386780697,0.255,Comp0010,DNS0002,17,3381,53,3,2,43,125
388412.4109175745,1.84,Comp0046,Web0001,6,4469,443,12,20,2334,741
388421.61317087704,3.512,Comp0059,DC0002,6,52539,88,9,3,705,3798
388426.8692490598,15.461,Comp0041,FS0001,6,1564,445,25,87,618,25005
388427.21163382975,4.334,Comp0031,Proxy0002,6,27144,3128,21,25,978,57530
388430.4999690682,1.542,Comp0066,DC0001,6,46184,88,11,6,377,157
388434.2278817827,4.806,Comp0079,Proxy0001,6,41969,3128,8,92,153,8541
388442.54261172435,3.482,Comp0022,Web0006,6,59653,443,9,72,648,1840
388446.06668010936,7.936,Comp0001,Proxy0002,6,11492,3128,14,31,755,9157
388451.76423450536,6.188,Comp0079,DC0002,6,13538,88,4,13,1325,492
388452.82520667836,0.084,Comp0007,DNS0001,17,30016,53,2,2,56,250
388454.4806639149,0.116,Comp0074,DNS0001,17,31318,53,2,2,76,108
388459.6944088466,5.897,Comp0056,Mail0001,6,55105,993,6,3,1133,275
388463.25424616045,2.895,Comp0074,Mail0002,6,49943,993,7,4,431,584
388463.4327800376,0.051,Comp0064,DNS0001,17,51875,53,2,3,94,85
388465.1512920308,0.603,Comp0008,Web0001,6,58194,443,5,15,343,7643
388477.4173843568,0.023,Comp0074,DNS0002,17,22445,53,2,2,162,137
388482.8987559908,0.139,Comp0065,DNS0002,17,49548,53,3,2,109,227
388486.65953855956,0.598,Comp0022,Proxy0001,6,37672,3128,9,79,1190,11047
388505.37389807304,0.581,Comp0061,DNS0001,17,32042,53,3,3,82,128
388513.0656741123,11.036,Comp0012,Proxy0002,6,10374,3128,5,33,1552,16602
388516.53143633885,1.837,Comp0045,FS0001,6,27347,445,6,112,1556,2475
388516.9128689395,1.834,Comp0079,DC0002,6,21331,389,3,7,395,711
388518.1068979101,0.076,Mail0002,DNS0001,17,34446,53,2,3,53,201
388527.4723759026,0.798,Comp0024,Mail0001,6,22554,993,5,4,275,802
388527.62103785324,0.119,Comp0009,Mail0001,6,24373,587,3,4,371,250
388527.83889706386,7.711,Comp0055,Web0003,6,11930,80,6,73,586,14327
388528.8381991432,8.577,Comp0013,Web0001,6,24637,443,7,70,83,10384
388530.9393588297,5.471,Comp0014,Proxy0001,6,29120,3128,24,33,1528,6300
388531.6916555723,21.017,Web0002,DB0003,6,21034,5432,41,153,14272,9290
388534.83220763836,11.035,Comp0041,Web0001,6,45195,443,9,11,1142,20840
388536.41625182936,1.525,Comp0038,DNS0001,17,16018,53,2,3,97,108
388541.325879026,15.906,Comp0028,DC0002,6,23888,445,7,59,7818,8268
388542.75147791207,0.147,Comp0027,DNS0002,17,62207,53,2,3,77,152
388542.8569972292,2.854,Comp0003,Proxy0001,6,51804,3128,11,30,1854,5376
388544.8911381586,13.067,Comp0053,Web0002,6,9338,443,3,37,801,1926
388548.2100407255,3.58,Comp0057,Web0004,6,42456,80,10,31,481,24292
388553.9418770487,0.305,Comp0061,DNS0001,17,51371,53,2,3,34,129
388557.7470978225,3.956,Comp0001,Web0001,6,27112,443,6,75,994,4096
388564.77868951834,0.137,Comp0034,Web0003,6,64965,80,10,13,590,29173
388566.6673719237,2.119,Comp0061,Web0002,6,54905,443,11,42,1340,1095
388567.04926344246,30.851,Comp0059,FS0001,6,14570,445,38,83,826,11473
388569.7266122881,6.786,Comp0054,Web0006,6,48033,443,14,88,622,1640
388572.4960166458,11.008,Comp0069,DC0002,6,24695,445,62,49,1062,54522
388573.55775103293,32.604,Comp0057,DC0002,6,2230,445,20,162,14112,7232
388573.6826929174,6.371,Comp0053,Proxy0001,6,65369,3128,5,114,58,5351
388573.98852337466,0.127,Comp0029,DNS0002,17,20420,53,3,3,75,161
388575.4307990258,2.17,Comp0049,Web0002,6,9863,443,29,52,2123,40149
388579.6490220769,1.95,Comp0076,Mail0002,6,21313,587,4,6,162,433
388580.1860458505,0.044,Comp0066,DNS0002,17,37133,53,3,2,55,161
388583.7815516383,1.146,Comp0025,Proxy0002,6,57908,3128,5,17,347,22781
388583.7981186378,0.208,Comp0011,DNS0001,17,53014,53,2,3,40,88
388583.8033452664,0.093,Comp0036,DNS0002,17,3275,53,3,4,58,204
388585.6508444766,0.075,Comp0047,DNS0001,17,52951,53,2,2,35,96
388588.71758947347,0.009,Comp0048,DC0001,6,63702,389,4,6,2449,979
388592.0341202539,53.085,Comp0015,FS0001,6,2988,445,27,205,2533,2923
388596.91948406893,4.585,Comp0044,DC0001,6,11699,445,21,77,8661,17193
388598.3176499633,0.299,Comp0058,DC0001,6,58311,389,6,4,431,438
388599.26878499583,2.625,Comp0057,Proxy0002,6,3350,3128,24,12,626,17368
388601.39199324447,1.431,Comp0014,FS0003,6,51561,445,59,93,9255,86193
388603.4346748278,0.377,Comp0049,DNS0002,17,36195,53,3,3,95,220
388609.40712299256,0.453,Comp0073,Web0001,6,29794,443,4,24,77,1726
388610.76476084057,0.077,Comp0045,DNS0001,17,30121,53,2,3,48,189
388611.5145006873,1.117,Comp0060,DC0001,6,26751,88,7,3,835,1094
388619.3587504628,12.333,Comp0004,Web0005,6,19060,80,10,151,591,7758
388619.389765685,4.048,Comp0014,FS0001,6,25373,445,6,78,560,7134
388621.21362926613,20.043,Comp0044,FS0001,6,21078,445,31,133,5799,33863
388626.66930811154,4.697,Comp0036,Web0003,6,24949,443,6,12,1544,1580
388631.9841296091,0.261,Comp0053,Proxy0001,6,63659,3128,10,24,1018,2244
388640.7821977722,0.039,Comp0033,DNS0002,17,53045,53,2,3,49,280
388642.1899978314,0.082,Comp0020,DNS0002,17,10600,53,3,2,48,150
388642.4602578534,0.966,Comp0036,Mail0002,6,11186,587,9,11,779,406
388642.9216389712,0.205,Comp0037,Mail0002,6,48367,993,4,21,367,995
388644.44760793203,0.158,Comp0039,DNS0002,17,47986,53,2,2,77,178
388660.9872815613,21.829,Comp0012,DC0001,6,58127,445,23,87,881,40120
388662.41129941656,3.181,Comp0023,Mail0002,6,23888,587,4,8,813,1820
388665.802413505,0.02,Comp0014,DNS0001,17,64603,53,2,3,73,372
388667.0454006166,5.125,Comp0019,FS0001,6,62115,445,38,81,1028,2714
388667.32023925585,3.914,Comp0019,Web0003,6,5296,443,7,38,1084,3165
388667.44945285126,0.596,Comp0078,DNS0002,17,61718,53,2,2,94,254
388673.1084114299,9.463,Comp0063,Proxy0002,6,11554,3128,8,16,1669,11084
388685.1709155625,0.076,Comp0076,FS0002,6,38702,445,27,113,5364,1394
388689.8900172194,3.011,Comp0077,Web0001,6,65383,443,7,79,1163,2173
388689.90602158045,24.696,Comp0068,Web0003,6,60479,443,11,84,1004,4676
388701.3036131378,17.802,Comp0040,Proxy0002,6,58809,3128,3,79,901,2156
388702.6954978513,2.342,Proxy0002,Ext0017,6,17833,443,14,122,346,12477
388703.2086499695,0.03,Comp0068,DNS0001,17,57821,53,2,3,54,236
388703.32123191544,0.475,Comp0019,Web0006,6,18202,443,11,82,351,8958
388704.24331609264,0.069,Comp0035,DNS0002,17,41835,53,3,3,114,282
388710.9357623326,14.513,Comp0061,FS0001,6,5526,445,68,42,1046,19090
388716.81578607316,9.337,Comp0063,Proxy0001,6,33979,3128,13,69,968,2818
388718.30703975994,4.81,Comp0025,Proxy0002,6,38036,3128,11,216,259,510
388718.9449507669,0.093,Comp0073,DNS0001,17,18123,53,3,3,78,120
388721.0992397314,0.115,Comp0037,DC0001,6,8998,389,11,4,289,1187
388721.5597437969,3.142,Comp0046,Web0001,6,44219,80,6,29,5598,7493
388723.9028502505,0.096,FS0002,DNS0001,17,19079,53,3,2,74,168
388730.41011296975,0.448,Comp0073,DNS0001,17,14011,53,2,3,92,214
388731.87437899684,0.093,Comp0043,DC0002,6,21510,389,11,11,370,1232
388737.4881798564,2.088,Comp0016,Web0006,6,63794,80,8,26,216,11374
388744.7872482121,2.225,Comp0040,Web0001,6,23375,443,15,35,343,29534
388746.4359852533,0.241,Comp0051,DNS0001,17,58004,53,3,2,81,54
388747.0117410193,0.312,Comp0048,DNS0002,17,59497,53,3,2,70,212
388749.77810107055,0.868,Comp0024,Web0006,6,14164,443,5,159,1674,7657
388761.6656392365,4.52,Comp0027,Web0003,6,38852,443,2,16,284,1639
388761.8385726239,2.56,Comp0074,DC0002,6,4974,445,70,53,2743,4835
388765.6922153038,32.98,Comp0029,FS0003,6,65094,445,27,31,1218,2688
388772.4345623162,1.397,Comp0049,DC0002,6,8157,88,5,3,826,433
388773.55282873247,2.496,Comp0050,Web0001,6,24427,443,11,22,979,7520
388782.4709626574,0.712,Comp0040,DC0001,6,50998,445,37,50,2293,4834
388787.4215766066,0.144,Comp0028,DNS0002,17,55043,53,2,2,55,136
388788.4121207804,0.089,Comp0017,DNS0002,17,57045,53,3,2,59,233
388791.13206018374,1.46,Comp0067,FS0002,6,56218,445,27,69,4160,24683
388801.2543992802,6.125,Comp0078,Comp0012,6,16006,445,25,303,1255,691
388808.3350604788,0.029,Comp0009,DNS0002,17,44135,53,3,2,48,123
388812.0801271479,0.297,Comp0062,DNS0001,17,57582,53,2,3,60,183
388812.4249616323,2.639,Comp0078,Mail0001,6,64157,993,2,7,506,1714
388815.05050954875,14.009,Comp0030,Web0002,6,53991,443,6,36,858,98713
388816.8743026847,1.89,Comp0004,Web0004,6,49203,80,15,87,905,2589
388817.85933735117,0.481,Comp0060,Proxy0002,6,39653,3128,9,21,246,2346
388820.5081964361,0.046,Comp0010,DNS0002,17,39406,53,3,3,118,127
388837.99266879685,1.711,Comp0021,Web0001,6,42252,80,3,32,498,7011
388838.65544603096,3.244,Mail0002,DC0002,6,20095,389,8,15,106,219
388841.77869818115,0.093,Comp0056,DNS0002,17,44959,53,4,3,86,187
388842.00171196443,0.128,Comp0017,DNS0001,17,40450,53,2,2,65,68
388844.1978601735,0.018,Comp0060,DNS0001,17,14936,53,3,3,46,198
388845.2984095094,3.504,Comp0040,Web0001,6,27972,80,6,88,291,8066
388847.7280220463,6.107,Comp0002,Web0006,6,39664,443,6,10,975,1986
388851.5863641741,0.143,Comp0047,DNS0001,17,14555,53,3,2,70,92
388858.7954054765,14.767,Comp0031,FS0003,6,21283,445,10,46,555,10529
388859.2236369318,4.249,Comp0018,Web0003,6,60481,443,13,146,1499,603
388860.02791329543,0.463,Comp0011,DNS0002,17,5219,53,3,2,54,142
388860.7063228901,0.225,Comp0037,DNS0001,17,45707,53,2,3,88,98
388861.05184600496,0.041,Comp0001,DNS0001,17,53105,53,2,3,96,191
388869.20513885625,0.064,Comp0079,DNS0002,17,37004,53,3,2,63,145
388870.7243538188,3.362,Comp0079,DC0001,6,16024,88,3,6,286,884
388871.48334725917,0.429,Comp0039,Mail0001,6,3838,587,4,8,687,1289
388873.5369084119,3.111,Comp0020,DC0001,6,33837,445,7,87,2277,96743
388874.8921199575,2.065,Comp0009,Web0002,6,52391,443,18,26,540,6076
388875.9393015154,0.078,Comp0064,DNS0002,17,47153,53,3,2,61,313
388885.0754663573,0.006,Comp0053,Web0006,6,47233,443,9,8,98,6809
388886.3832288732,14.012,Comp0063,Mail0002,6,2569,993,7,10,306,456
388897.2672524368,15.653,Comp0045,Web0006,6,37165,443,11,84,4989,367
388900.093960163,11.309,Comp0040,FS0001,6,55784,445,201,63,2615,23810
388900.51971605385,0.01,Comp0039,DNS0002,17,19503,53,3,2,90,113
388902.62613397324,1.573,Comp0051,DC0001,6,10552,88,3,5,991,993
388904.39013172785,6.931,Comp0050,Mail0001,6,26017,993,6,7,423,176
388906.4196405093,0.109,Comp0045,DNS0001,17,10470,53,3,2,71,270
388913.93693635147,3.4,Comp0028,Web0001,6,18941,443,13,17,82,4867
388917.872041983,14.766,Comp0055,Web0003,6,31362,443,9,19,1002,9047
388918.38017497864,0.851,Comp0029,Web0003,6,47689,443,6,41,177,73827
388920.3331299772,7.046,Comp0040,FS0002,6,11261,445,8,185,7038,22106
388922.8565834174,1.078,Comp0026,Web0003,6,26177,80,10,38,1841,16544
388923.44561996235,7.812,Mail0002,Ext0025,6,38018,25,6,6,100,1809
388925.52939996263,0.399,Comp0012,DNS0002,17,21410,53,2,3,48,121
388928.23595045,1.022,Comp0027,Mail0001,6,60336,587,4,19,465,543
388934.21344691806,1.345,Comp0048,DC0002,6,62953,445,30,72,5357,7938
388936.8294892323,0.348,Comp0022,DNS0001,17,25412,53,2,2,74,190
388941.3153477097,0.486,Comp0012,DNS0001,17,46795,53,2,3,65,193
388944.05417756876,0.095,Comp0040,DNS0001,17,65443,53,3,2,85,126
388957.4834500856,9.883,Comp0041,Web0005,6,33825,80,22,113,507,11106
388958.4943692799,0.982,Comp0075,Web0003,6,41620,443,13,55,799,53654
388960.8883045603,10.741,Comp0050,FS0001,6,53094,445,14,91,4690,64671
388961.31262431544,4.123,Comp0068,Proxy0001,6,14760,3128,8,62,380,6345
388964.7727023355,9.883,Comp0033,FS0002,6,26533,445,58,171,798,4259
388971.2146437204,2.974,Comp0005,Web0004,6,2418,443,26,26,1324,13774
388987.316153101,0.366,Comp0031,Mail0001,6,24514,993,6,4,178,1338
388988.5739632108,0.943,Comp0079,Web0001,6,38628,80,7,24,714,17708
388992.3965861751,0.794,Comp0033,Web0002,6,50375,443,9,46,317,3425
388994.1301131618,0.792,Comp0072,Web0005,6,62978,443,21,9,118,6841
388997.52660717786,6.89,Comp0068,FS0003,6,14816,445,10,120,13743,31447
389003.23584226554,0.101,Comp0064,DNS0002,17,20101,53,2,3,58,53
389007.6107530268,0.057,Comp0025,DNS0001,17,41003,53,2,2,43,140
389008.00289728446,10.015,Comp0050,Web0002,6,12972,443,12,80,1607,16278
389008.591955506,0.033,Comp0032,DNS0002,17,53198,53,3,2,53,313
389012.2208834412,0.053,Comp0002,DNS0002,17,38222,53,2,3,34,82
389012.83346183796,0.189,Comp0018,DNS0001,17,50866,53,3,3,79,94
389019.7195231342,4.489,Comp0071,Web0003,6,20926,443,4,15,620,8677
389020.10834813956,0.291,Comp0035,DNS0002,17,18344,53,2,3,52,184
389020.3998234813,4.858,Comp0071,FS0002,6,28413,445,17,64,5183,163757
389022.0998609745,14.938,Comp0071,Web0003,6,22940,443,3,48,1607,4727
389022.1532580031,15.479,Comp0032,Web0001,6,42354,443,4,27,519,35786
389024.19554914493,0.325,Comp0046,DNS0001,17,11545,53,2,2,132,230
389026.5552685819,0.009,Comp0047,DC0001,6,18095,389,7,24,324,311
389026.7985230385,3.501,Comp0065,Proxy0002,6,3365,3128,4,148,213,2495
389031.3917539224,0.381,Comp0028,Web0001,6,13398,443,14,101,190,3829
389034.1245759594,1.53,Comp0028,DC0001,6,47498,88,7,2,560,1137
389047.7939299384,16.04,Comp0030,Web0003,6,13552,443,5,138,4878,2101
389048.2271345111,8.945,Comp0064,DC0001,6,61893,389,7,13,196,808
389051.9574859877,1.067,Comp0068,Mail0002,6,44797,587,5,11,485,324
389069.37727378163,0.055,Comp0028,DNS0002,17,36874,53,2,2,76,214
389069.93886913895,0.06,Comp0034,DNS0001,17,23848,53,2,4,46,150
389070.33372335084,0.141,Proxy0001,DNS0002,17,5613,53,2,2,66,89
389072.6025401566,7.13,Comp0041,Proxy0001,6,35609,3128,8,28,1195,3751
389074.8659994104,10.265,Comp0055,Web0001,6,12535,443,18,76,444,4996
389076.38143733196,3.257,Comp0066,Web0001,6,6658,80,57,74,276,4596
389078.7078064079,0.495,Comp0006,Comp0072,6,52998,3389,10,9,232,12
389079.5900050601,3.66,Comp0043,Web0005,6,13894,443,4,98,104,814
389085.23957254604,1.142,Comp0040,Web0002,6,32377,443,2,90,637,14382
389090.34416389285,6.351,Comp0073,Proxy0001,6,15105,3128,23,58,2705,7055
389094.8788051043,2.689,Mail0001,Ext0035,6,28681,25,5,5,222,410
389100.87578398385,3.549,Comp0019,Proxy0002,6,51234,3128,6,14,416,7050
389105.22886295815,11.29,Comp0068,Mail0001,6,55980,993,6,8,252,182
389108.84788150486,4.248,Comp0058,FS0003,6,20464,445,16,319,739,4510
389110.2531175147,0.484,Comp0006,DNS0001,17,20639,53,4,3,53,107
389125.42075913755,1.352,Comp0050,Mail0001,6,46698,993,7,10,1005,744
389129.3949060111,0.088,Comp0047,Web0003,6,32898,443,5,197,550,5411
389139.26162834343,0.092,Comp0050,DNS0002,17,34233,53,3,4,71,182
389141.588973585,1.535,Comp0021,Web0006,6,57579,443,4,12,179,16910
389146.6894773241,5.686,Comp0016,Web0006,6,46951,80,4,45,113,10627
389146.6971430796,5.494,Comp0034,Proxy0002,6,7308,3128,18,17,1836,2717
389147.05360863433,3.3,Comp0044,Web0004,6,41833,80,11,19,1411,9116
389148.03380459227,0.019,Comp0005,DNS0002,17,5303,53,2,3,45,157
389149.8274796772,0.658,Comp0079,Web0002,6,41277,443,4,41,486,2986
389150.3331028179,6.118,Comp0021,Web0005,6,50633,443,18,39,1557,3604
389152.3848216209,6.67,Comp0068,Web0001,6,35708,443,11,133,713,15084
389156.9293349019,0.011,Comp0038,DNS0001,17,4981,53,2,2,134,106
389158.6533507653,1.204,Comp0023,DC0001,6,56784,88,6,6,406,645
389165.0049146508,11.786,Comp0011,DC0002,6,50414,445,94,137,38487,25476
389165.1247378635,4.364,Comp0059,Proxy0001,6,26604,3128,13,77,534,8467
389165.4798294201,4.039,Comp0014,DC0002,6,37966,389,3,19,278,1839
389166.1681438906,0.865,Comp0016,DNS0001,17,20796,53,2,2,86,170
389171.73520569864,0.103,Comp0015,DNS0001,17,14545,53,3,3,74,92
389172.27854103316,0.124,Comp0002,DNS0002,17,38571,53,3,2,119,163
389173.0491619764,0.457,Comp0061,DNS0001,17,27422,53,3,3,101,302
389174.88488305657,8.294,Comp0004,FS0003,6,36095,445,57,103,875,33166
389177.27766605595,0.088,Comp0069,DNS0002,17,29898,53,3,3,51,102
389179.53111155203,1.1,Comp0029,Mail0002,6,28367,993,4,5,296,843
389181.48483542155,2.374,Comp0044,Web0005,6,10757,80,3,24,143,11578
389182.281497225,0.114,Comp0007,DNS0002,17,10378,53,2,3,57,145
389186.6440263306,0.399,Comp0034,Web0002,6,22472,443,7,18,709,15954
389192.791702034,0.186,Comp0077,DC0001,6,21576,445,15,26,2425,4704
389195.27744857164,0.804,Comp0028,DC0001,6,28403,389,5,7,219,735
389195.8206806498,3.875,Comp0045,Proxy0001,6,49801,3128,8,185,646,4504
389200.20759049704,0.304,Comp0058,Web0003,6,33843,443,6,28,223,12909
389206.9720151456,0.137,Comp0041,Web0003,6,50246,443,23,37,129,101087
389211.07210854127,0.056,Comp0080,DNS0002,17,43422,53,2,2,32,118
389217.0293519298,6.431,Comp0070,Proxy0001,6,49445,3128,5,190,1021,3645
389222.36185053835,0.009,Comp0070,DNS0001,17,57694,53,2,2,115,108
389224.9575742335,8.214,Comp0065,DC0002,6,5574,88,7,8,651,403
389229.918447188,0.624,Comp0035,Web0004,6,52311,80,4,28,507,3262
389233.9767056022,0.369,Comp0051,DC0001,6,2592,389,5,8,1150,762
389238.3703633268,1.661,Comp0016,DC0001,6,61627,88,8,17,189,277
389241.8814436492,1.282,Comp0031,Proxy0002,6,5271,3128,5,32,1064,663
389241.9706799435,0.265,Comp0038,Web0006,6,24115,443,10,59,303,1561
389242.2095955755,2.95,Comp0007,Proxy0001,6,25837,3128,4,12,791,1815
389251.3973831436,25.649,Comp0077,DC0002,6,7496,445,23,117,1704,38100
389252.1828400389,13.203,Comp0021,Proxy0001,6,3474,3128,19,17,1082,917
389252.88771325455,0.831,Comp0061,DNS0001,17,5794,53,3,3,57,73
389253.18130125344,3.66,Comp0077,Web0001,6,50456,80,4,44,2144,5121
389262.1086072182,0.335,Comp0025,DNS0001,17,52130,53,2,2,64,125
389262.99159694,0.1,Comp0078,DNS0001,17,23947,53,3,2,41,86
389270.62224369746,0.276,Comp0037,DNS0002,17,9028,53,3,2,38,111
389272.84933511436,16.597,Comp0049,Proxy0001,6,15226,3128,5,9,725,17584
389275.17868380155,4.126,Comp0063,Proxy0001,6,18885,3128,15,51,583,29065
389277.7201251023,11.469,Comp0023,DC0002,6,61615,445,37,134,1032,21995
389278.5003344353,7.991,Comp0071,DC0002,6,54813,389,8,8,152,1708
389278.71151772724,1.5,Comp0005,Comp0011,6,36885,3389,8,8,132,167
389290.0957003895,2.601,Comp0026,Web0006,6,35894,80,5,51,1205,10816
389290.6554486875,7.082,Comp0042,Proxy0001,6,43285,3128,5,46,1431,19829
389293.04482383555,0.037,Comp0058,DNS0002,17,32913,53,2,3,104,202
389297.1431154862,0.614,Comp0039,DC0001,6,5490,445,49,131,1738,7452
389301.4339861989,3.899,Comp0003,Mail0002,6,36091,587,6,6,1667,442
389309.54088963027,12.529,Comp0025,DC0001,6,20222,445,11,294,1257,10574
389311.2552417317,8.051,Comp0003,DC0001,6,64555,445,31,177,7079,7213
389313.48312629893,9.909,Comp0023,Proxy0002,6,63000,3128,10,10,656,8205
389313.80053689703,0.643,Comp0027,DNS0001,17,35059,53,2,2,66,136
389314.2792018921,1.992,Comp0010,DC0001,6,2582,88,8,13,686,544
389318.4456177235,0.345,Comp0075,DNS0002,17,12288,53,2,3,94,109
389331.2918822845,0.655,Comp0007,Web0001,6,54912,443,13,146,1250,17097
389335.9771586084,2.493,Comp0029,Mail0002,6,56783,993,3,5,3138,322
389336.76798205054,0.477,Comp0045,DNS0001,17,2465,53,2,3,87,77
389338.7133761279,2.838,Comp0027,Web0003,6,14420,443,16,72,159,932
389339.6102174222,2.195,Web0005,DB0003,6,31358,5432,124,104,1454,35647
389339.81141743803,0.152,Comp0076,DNS0001,17,11028,53,2,2,59,415
389342.8544588271,1.852,Comp0046,Web0005,6,62468,443,9,20,506,3235
389343.73938234785,0.893,Comp0014,Proxy0001,6,6083,3128,14,31,816,3207
389343.94955278776,0.536,Comp0005,DNS0002,17,38367,53,2,3,75,111
389347.0277282315,1.259,Comp0029,FS0001,6,50018,445,16,80,374,10832
389350.9813890869,4.316,Comp0017,DC0002,6,35184,88,3,7,426,579
389351.7318405633,2.824,Comp0046,Proxy0002,6,11271,3128,5,39,161,9865
389358.0125433638,0.319,Comp0039,Proxy0001,6,28596,3128,11,14,2734,3733
389362.4565442554,0.034,Comp0054,DNS0001,17,43801,53,2,2,110,99
389367.70615579386,0.261,Comp0079,FS0003,6,43667,445,34,127,1117,2758
389371.9508527665,11.648,Comp0065,FS0001,6,34206,445,32,166,2331,10149
389372.163652301,4.003,Comp0066,DC0001,6,24950,88,4,7,116,1116
389377.83519787504,9.099,Comp0019,Proxy0001,6,17071,3128,30,70,907,3343
389384.7206971032,5.684,Comp0063,Web0006,6,34380,443,31,23,556,9902
389384.9301358683,0.071,Comp0042,DNS0001,17,50049,53,2,3,87,149
389385.33000860753,0.58,Comp0062,DC0002,6,55420,88,5,9,121,2147
389395.19897026935,3.998,Comp0067,Web0006,6,10993,80,4,19,1512,2789
389395.89693656587,39.075,Comp0013,Web0006,6,14983,443,7,39,1188,7030
389399.5177431399,5.069,Comp0023,Proxy0002,6,26891,3128,14,16,1036,10008
389413.76482554036,4.21,Comp0053,FS0001,6,59360,445,27,188,6133,3880
389424.5589396459,4.384,Comp0063,FS0003,6,37741,445,37,87,14698,12274
389425.73439576343,3.124,Proxy0001,Ext0029,6,58245,443,5,24,434,339
389429.7718632603,0.246,Comp0069,DNS0001,17,31914,53,2,2,42,99
389434.5579799509,0.092,Comp0078,DNS0001,17,58920,53,2,3,40,383
389435.55744757864,5.768,Comp0039,Web0001,6,26269,80,9,69,938,3304
389436.3028002035,5.237,Comp0040,Web0003,6,7504,443,17,40,199,12732
389445.2499931049,11.813,Comp0045,FS0003,6,17570,445,11,652,4613,3178
389457.5767233389,0.849,Comp0046,Web0006,6,25844,443,19,45,1152,9931
389459.81118223636,0.447,Comp0058,DNS0002,17,43573,53,3,3,77,115
389460.49904690497,0.513,Comp0008,Mail0002,6,46100,993,3,3,304,1222
389466.97508106986,25.468,Comp0043,Web0002,6,12839,443,9,22,1824,3150
389469.8213760619,2.635,Comp0070,Mail0002,6,29119,993,4,15,608,838
389478.58993013884,6.159,Comp0071,Web0005,6,64494,443,5,76,1028,1014
389483.51237611054,1.675,Comp0046,DC0001,6,6932,88,4,11,420,393
389483.7385681098,0.485,Comp0050,DNS0001,17,39987,53,2,2,95,142
389486.37248107296,0.2,Comp0066,DNS0002,17,22726,53,2,2,70,101
389486.9374125687,1.447,Comp0031,Proxy0001,6,47318,3128,5,56,662,743
389489.26731871313,0.132,Comp0012,DNS0001,17,54176,53,2,3,38,218
389489.77705659484,0.113,Comp0007,DNS0001,17,59268,53,2,3,71,163
389491.63617931306,3.982,Comp0028,Web0001,6,20034,443,8,55,840,4734
389491.97287689813,1.328,Proxy0001,Ext0037,6,52140,443,5,72,546,11115
389492.5592055434,3.89,Comp0041,Web0005,6,40462,443,4,200,504,2081
389495.8495907309,0.289,Comp0048,DNS0001,17,43986,53,2,2,95,66
389499.6231673572,0.204,Comp0041,DNS0002,17,52095,53,3,3,139,57
389501.843585011,8.693,Comp0026,FS0001,6,15864,445,10,76,5292,11625
389503.28625904495,0.047,Comp0010,DNS0001,17,37884,53,2,2,66,209
389509.9085775089,7.671,Comp0069,Web0002,6,18429,443,12,102,2015,2352
389514.58092012827,6.328,Comp0029,Mail0002,6,18082,587,3,12,788,489
389515.7102237306,0.935,Comp0017,FS0002,6,10740,445,38,71,3202,35966
389519.9773600177,0.038,Comp0002,DNS0002,17,32638,53,2,2,103,282
389523.94378281396,1.229,Comp0022,Proxy0001,6,49213,3128,21,53,942,1663
389529.61425144994,0.418,Comp0054,Web0001,6,17909,443,23,112,832,3840
389535.6638280633,1.832,Comp0050,Mail0001,6,26137,993,2,15,382,874
389539.7857806919,3.184,Comp0048,Web0005,6,51362,80,9,55,527,13289
389540.4375986853,0.13,Comp0064,DNS0002,17,28729,53,2,3,72,371
389546.3677002539,0.159,Comp0032,DNS0001,17,55686,53,3,3,95,304
389547.8249761772,0.008,Comp0009,DNS0002,17,63371,53,3,2,64,131
389548.1753549394,1.477,Comp0023,Mail0001,6,26238,993,4,7,774,595
389548.7104101129,1.087,Comp0031,Mail0002,6,48031,993,4,8,231,252
389549.57830700756,1.351,Comp0055,Mail0001,6,18962,993,5,10,232,711
389550.281325088,0.32,Comp0066,FS0003,6,27590,445,38,29,3113,34191
389551.28101533634,2.08,Comp0067,DC0001,6,48156,88,3,7,340,508
389561.8581433501,0.008,Comp0058,Web0004,6,4149,443,8,19,559,2757
389567.74093190324,17.516,Comp0042,Web0004,6,15632,443,6,65,591,3865
389570.28423761437,11.748,Comp0015,Proxy0001,6,12142,3128,12,52,1640,13314
389580.3685920666,3.662,Proxy0002,Ext0037,6,1038,443,2,65,714,10939
389581.4872637845,7.508,Comp0025,Proxy0001,6,2714,3128,8,14,347,6242
389584.020516178,2.393,Comp0030,Web0002,6,11648,443,8,137,897,2428
389586.5629393427,1.728,Comp0009,FS0001,6,45839,445,19,236,1259,6711
389591.75918713823,1.305,Comp0076,Web0006,6,9621,443,24,108,217,19793
389593.2584955564,0.194,Comp0059,DNS0001,17,53293,53,2,2,114,114
389594.23795387405,0.013,Comp0029,DNS0002,17,31041,53,2,2,87,135
389597.0102019323,4.082,Comp0022,Web0005,6,48562,443,7,23,2281,1901
389601.4856362227,12.214,Comp0077,FS0002,6,42348,445,28,61,516,4141
389607.8719987132,1.269,Comp0018,Web0006,6,34382,443,5,37,683,1376
389609.9859313709,1.122,Comp0046,DC0002,6,33165,88,4,4,175,200
389611.88909570884,0.435,Comp0068,Proxy0001,6,30273,3128,6,41,956,9119
389612.4304335798,0.042,Comp0001,DNS0001,17,23346,53,3,2,61,114
389619.7367144423,1.361,Comp0040,DC0001,6,41985,445,28,323,748,6027
389625.84653454425,0.519,Web0002,DNS0002,17,29556,53,2,2,69,244
389629.5018990164,2.17,Comp0079,Proxy0002,6,30793,3128,9,165,142,5596
389635.7315597085,0.952,Comp0066,Mail0001,6,32641,587,3,9,347,3248
389638.802468777,0.126,Comp0025,DNS0001,17,6961,53,2,3,48,125
389643.7424455381,4.592,Comp0016,Proxy0001,6,17167,3128,3,18,716,3347
389644.9834014628,0.023,Comp0043,DNS0001,17,30680,53,2,2,50,294
389645.46394339704,2.278,Comp0021,Web0003,6,24219,443,5,303,1147,5248
389651.32339726074,0.017,FS0003,DNS0001,17,6485,53,2,3,151,264
389656.8102951217,3.654,Comp0020,FS0002,6,10338,445,24,48,322,17452
389680.6377511211,0.078,Comp0020,DNS0002,17,9978,53,2,3,45,144
389684.5061225704,5.265,Comp0045,Proxy0002,6,38159,3128,10,45,1715,2023
389691.19595732685,0.065,Comp0031,Proxy0001,6,14114,3128,20,98,708,30097
389692.3338568334,11.354,Comp0034,FS0002,6,33941,445,8,83,32830,13849
389700.27656608936,5.95,Comp0008,Mail0002,6,52138,587,10,7,1492,263
389700.7042864534,0.939,Comp0064,DC0001,6,14941,389,9,8,240,428
389706.1329269943,0.671,Comp0031,DNS0002,17,43174,53,3,2,56,143
389706.83113735786,1.664,Comp0065,DC0002,6,25789,445,14,27,325,24176
389726.1824110175,16.159,Comp0010,Web0004,6,29812,443,7,22,312,25964
389726.4501093954,0.199,Comp0078,Comp0002,6,27167,135,8,3,79,31
389727.78847795725,0.372,Comp0063,DNS0002,17,33185,53,3,3,74,108
389728.13834262354,0.408,Mail0002,Ext0004,6,19321,25,6,4,710,955
389729.30111315503,0.51,Comp0044,DC0002,6,12970,445,13,44,3047,3489
389729.3730081593,21.958,Comp0001,FS0003,6,9086,445,33,62,580,68389
389735.4892276436,1.023,Comp0038,DC0001,6,8260,445,19,21,1045,442747
389747.52202885837,0.153,Comp0054,DNS0001,17,52716,53,2,3,65,96
389753.12539852515,7.9,Comp0074,Web0002,6,20800,443,30,69,217,8477
389755.01384775963,1.005,Comp0040,Web0001,6,13144,443,18,45,2189,33820
389756.04085826303,55.723,Comp0037,FS0003,6,57269,445,18,192,3579,15483
389757.8074359121,0.089,Comp0044,DNS0001,17,14147,53,3,3,34,139
389767.47779823595,1.19,Comp0048,Web0001,6,32212,80,7,113,645,5447
389769.8591904741,0.341,Comp0010,DC0001,6,47495,389,7,49,480,1037
389774.33423959,0.2,Comp0018,DNS0001,17,22916,53,2,3,103,168
389777.1225027954,0.033,Comp0010,DNS0002,17,9507,53,3,3,55,102
389780.39969899674,4.216,Comp0035,Web0005,6,18274,443,32,43,48,14681
389786.6332188116,0.637,Comp0068,FS0003,6,43659,445,22,77,2804,28319
389786.7940741065,2.811,Comp0059,Comp0011,6,11541,3389,7,10,561,1013
389789.01430099213,11.128,Comp0044,Web0002,6,32955,80,5,26,372,48043
389789.56360951695,0.153,Comp0037,DNS0001,17,28645,53,3,3,84,138
389791.07813497726,2.54,Comp0034,Proxy0002,6,10145,3128,17,57,470,3399
389804.3301512422,1.08,Comp0024,Web0004,6,49052,443,14,105,6155,11967
389807.10392985103,0.007,Comp0042,DNS0002,17,33454,53,2,2,49,133
389809.9055605625,5.237,Comp0030,Proxy0001,6,13095,3128,4,53,593,4637
389816.4293804325,1.048,Comp0064,Mail0001,6,13738,993,9,10,655,179
389817.2488362999,1.46,Comp0040,FS0003,6,50044,445,26,200,2525,5593
389821.41865303036,0.687,Comp0072,Web0003,6,9834,443,9,34,260,4499
389824.212767622,0.212,Comp0019,DNS0002,17,22357,53,2,2,96,254
389827.4575262651,0.404,Comp0020,DC0001,6,52586,88,5,7,377,1538
389828.9375693818,7.805,Comp0052,Web0002,6,10080,443,7,26,3319,21778
389830.79586870124,0.157,Comp0064,DNS0002,17,57398,53,2,3,57,214
389831.2581414821,0.129,Comp0059,DNS0002,17,18123,53,2,3,32,143
389832.6085901575,3.821,Comp0004,FS0001,6,24730,445,89,32,1937,1866
389840.0655947111,0.4,Comp0078,DNS0001,17,32591,53,3,3,42,168
389841.0459461607,0.429,Comp0047,DNS0002,17,55266,53,2,2,70,316
389846.0439488262,35.131,Comp0035,FS0003,6,18722,445,51,1085,1190,7676
389856.0472567466,0.365,Comp0005,Web0003,6,9930,443,17,31,231,7528
389860.0406875954,27.819,Comp0065,DC0001,6,45895,445,29,32,2245,20060
389863.62769600004,12.557,Comp0054,Proxy0001,6,33553,3128,7,26,1565,2527
389870.1065948981,0.329,Comp0015,Web0002,6,12803,443,9,39,219,509
389870.70912618923,2.157,Comp0031,Proxy0002,6,18795,3128,5,75,389,3084
389871.2497584175,0.555,Comp0063,DNS0002,17,15340,53,2,3,168,183
389874.2883473115,1.269,Comp0034,Proxy0001,6,37523,3128,3,42,906,2403
389884.3715661977,1.03,Comp0021,Web0006,6,43720,443,6,19,1706,887
389886.58578241843,0.581,Comp0023,DNS0002,17,19464,53,2,2,45,116
389890.8625139932,4.228,Comp0004,FS0002,6,57336,445,52,281,2023,2814
389890.9298676945,7.099,Comp0067,DC0002,6,13408,389,2,8,392,3473
389895.42432957503,0.192,Comp0012,DNS0001,17,53052,53,3,2,40,109
389900.02485285443,0.306,Comp0013,DNS0002,17,24739,53,3,4,75,113
389900.75758107664,6.524,Comp0047,Web0001,6,55802,443,8,60,285,8322
389907.1156615859,3.212,Comp0054,DC0002,6,17460,88,7,9,54,1137
389907.5477885523,10.261,Comp0054,Proxy0002,6,56906,3128,22,49,284,22456
389908.0555428143,0.718,Comp0011,Web0004,6,31888,443,3,20,223,7117
389910.1729744094,2.269,Comp0075,Web0001,6,15181,443,8,33,891,14737
389910.5900763669,43.874,Comp0002,DC0001,6,57894,445,14,19,3189,21404
389911.06908104056,0.071,Comp0033,DNS0001,17,21886,53,2,3,82,152
389912.4198436213,3.511,Comp0047,FS0001,6,40945,445,9,86,5068,12234
389918.57414788514,7.094,Comp0043,Mail0002,6,45592,993,3,9,826,153
389919.33935230493,0.054,Comp0008,DNS0001,17,32729,53,2,2,126,124
389922.99823601166,2.112,Comp0078,Comp0011,6,21551,3389,5,9,590,60
389925.9663094082,0.208,Comp0038,DNS0001,17,17790,53,3,3,83,160
389934.1533692093,0.081,Comp0024,DNS0001,17,56926,53,2,2,148,295
389945.04550561076,5.544,Comp0048,Web0001,6,39187,80,4,52,175,12346
389945.5659059598,2.97,Comp0036,FS0002,6,45847,445,14,45,6314,6638
389945.9393479759,15.586,Comp0047,Web0005,6,43503,443,9,45,544,9776
389949.6296019188,31.082,Comp0007,FS0001,6,32737,445,16,126,195,9242
389952.4287079008,0.034,Comp0020,DNS0001,17,64788,53,3,3,65,87
389955.3832942366,4.354,Mail0002,Ext0021,6,19190,25,3,13,1700,687
389964.3227887816,2.666,Comp0068,Web0001,6,42391,443,9,73,235,7470
389969.1020857218,0.656,Comp0014,Web0001,6,3821,443,32,37,2349,1529
389976.5833367926,0.172,Comp0037,DNS0001,17,58113,53,2,2,110,192
389983.17615698965,0.57,Comp0057,Web0006,6,15115,80,4,149,1286,23512
389984.79360520584,0.427,Comp0054,Mail0001,6,24357,993,4,3,244,257
389986.11063252727,0.089,Comp0041,DNS0001,17,34919,53,3,2,61,169
389990.804018697,0.407,Comp0069,Mail0001,6,31080,587,3,9,721,629
389991.6460231908,1.329,Comp0036,Web0004,6,37331,443,6,43,2174,11945
389993.1111275859,0.405,Comp0019,DNS0002,17,31046,53,3,2,94,142
389994.53323058446,1.235,Comp0058,Web0004,6,62213,443,18,63,439,8706
389996.50735250796,2.688,Comp0066,Web0005,6,43848,443,10,20,5246,1147
389997.98132995516,7.364,Comp0061,Mail0001,6,5275,993,7,14,691,777
390004.62336847273,0.259,Comp0025,DNS0002,17,29696,53,3,3,56,140
390012.61536303593,0.06,Comp0014,DNS0001,17,2986,53,2,2,59,207
390016.4915559428,0.08,Comp0040,DNS0001,17,29152,53,3,3,85,317
390016.7758403425,0.055,Web0004,DNS0001,17,52269,53,2,3,102,164
390019.1599603554,23.412,Comp0068,Web0003,6,21423,443,9,27,266,4960
390019.3720567989,6.273,Proxy0001,Ext0011,6,6848,443,12,23,594,72444
390028.3249397348,15.87,Comp0068,FS0001,6,18833,445,56,15,174,13555
390031.5304582846,3.348,Comp0045,DC0001,6,34300,88,7,5,163,735
390031.8209643663,0.005,Comp0057,Web0003,6,47054,443,5,19,231,11007
390033.26646277186,12.506,Comp0062,Proxy0001,6,65416,3128,13,75,1878,3997
390042.10729822906,5.786,Comp0014,Mail0002,6,14389,993,6,9,109,804
390043.7234448418,0.215,Comp0064,DNS0001,17,52998,53,3,4,26,432
390044.8043449865,0.941,Comp0029,DC0001,6,37518,88,3,16,1175,2864
390070.01411793503,6.067,Comp0029,DC0002,6,26751,88,4,8,370,712
390075.16823394847,0.723,Comp0011,Web0005,6,39427,443,4,24,241,2994
390076.82019992475,5.682,Comp0078,Comp0062,6,54624,135,3,9,1614,76
390078.9753825339,0.198,Comp0041,DNS0001,17,1281,53,2,3,102,156
390082.42523080047,0.114,Comp0043,DNS0001,17,19309,53,2,3,84,114
390084.4296545411,3.427,Comp0052,Web0001,6,23169,443,7,81,887,7754
390086.7186130434,1.647,Comp0068,Web0002,6,18645,443,7,16,616,9152
390093.20628608624,7.292,Comp0019,Web0003,6,27941,443,4,85,1218,17733
390098.13114221307,5.513,Comp0075,Mail0001,6,16461,993,4,6,348,4209
390101.205446213,0.158,Comp0026,Web0001,6,40197,443,4,202,1980,2145
390101.9413256771,0.931,Comp0027,DC0002,6,49961,389,7,5,503,71
390103.33251642785,18.798,Comp0040,FS0001,6,1568,445,32,43,4293,35707
390107.72948068794,5.654,Comp0008,FS0003,6,32255,445,37,28,2608,72861
390113.7030237757,2.146,Comp0020,Web0003,6,63045,80,12,42,701,22399
390119.1188692737,8.081,Comp0058,FS0002,6,65485,445,35,55,4197,42410
390127.91569483426,0.007,Comp0053,DNS0001,17,48179,53,2,3,72,137
390129.2168900695,0.959,Comp0071,Web0001,6,41593,80,8,127,920,25905
390131.01115923986,13.012,Comp0016,Web0002,6,49482,443,9,52,541,11325
390132.18722776906,3.277,Comp0037,Web0005,6,43260,443,6,33,1671,5533
390140.53705671855,0.082,Comp0057,DNS0001,17,45243,53,3,3,63,249
390141.34540969133,1.487,Comp0015,Web0001,6,14601,443,25,33,292,2611
390145.15057317703,0.176,Comp0017,Proxy0001,6,13772,3128,6,27,613,5528
390145.7707719529,1.156,Comp0032,DC0002,6,62832,389,2,6,154,213
390145.8680086724,0.093,Comp0034,DNS0002,17,61117,53,2,2,22,245
390147.13587965025,1.301,Comp0020,DC0001,6,31769,88,3,10,324,558
390147.2928144452,3.322,Comp0077,Web0004,6,38968,443,5,40,260,9990
390148.24028607854,2.069,Comp0051,FS0001,6,29470,445,24,76,3074,13842
390150.6956545691,0.224,Comp0018,DNS0001,17,62865,53,3,2,93,108
390152.8308122511,2.695,Comp0038,Mail0002,6,34111,587,5,7,845,1149
390159.91082363063,0.07,Comp0068,Proxy0001,6,52103,3128,20,131,114,1143
390167.2016071237,8.974,Comp0055,Web0005,6,14336,443,33,40,209,6779
390168.00698785146,4.245,Comp0043,DC0001,6,19909,389,3,3,833,335
390172.7346310892,0.946,Comp0055,Mail0002,6,2691,993,4,4,571,945
390173.08969180984,0.328,Comp0054,Mail0001,6,4683,587,4,9,521,101
390181.2252454046,0.174,Comp0055,DNS0002,17,30142,53,2,2,99,68
390186.7827698638,0.673,Comp0079,Web0003,6,20047,443,9,33,1094,87594
390187.5005691481,0.617,Comp0065,DNS0001,17,46263,53,3,2,106,429
390190.30648710736,0.191,Comp0009,DNS0002,17,63648,53,2,2,65,175
390196.8234052292,0.689,Comp0006,Comp0026,6,54478,139,10,187,5196,261
390198.8674744461,0.066,Comp0019,DNS0001,17,24381,53,3,2,51,94
390201.0496602457,9.4,Comp0055,Proxy0002,6,9525,3128,9,7,291,12195
390202.84795832343,15.329,Comp0007,Proxy0001,6,56716,3128,13,107,1071,12554
390203.0688769086,1.05,Comp0051,Proxy0002,6,60350,3128,8,22,359,11824
390211.24680026976,0.52,Comp0056,DNS0002,17,64771,53,3,2,61,131
390212.84253190074,1.085,Comp0056,DC0001,6,10138,389,4,14,2055,239
390217.7510380436,0.006,Comp0007,DNS0002,17,16850,53,2,3,49,152
390220.99891309073,2.374,Comp0006,Web0004,6,53723,443,10,70,1195,9481
390221.9330321391,0.047,Comp0044,DNS0001,17,41352,53,3,3,114,364
390227.44125970657,14.33,Comp0027,Web0005,6,51264,443,5,10,813,1587
390227.6605350045,0.059,Comp0021,DNS0001,17,3979,53,2,2,37,120
390238.1844934421,0.144,Comp0012,DNS0002,17,25865,53,3,3,54,165
390241.84337200224,0.184,Comp0011,DNS0002,17,34305,53,2,2,36,103
390241.9311763955,0.152,Comp0001,Web0005,6,16464,80,11,19,366,3086
390246.06789675175,2.903,Comp0054,Mail0002,6,39608,587,11,14,99,2137
390249.79006348376,1.001,Comp0068,Web0004,6,62756,80,23,28,1347,7649
390253.0865603385,2.763,Comp0032,Web0002,6,40209,80,9,58,2135,3445
390255.39198754606,11.068,Comp0032,Proxy0001,6,24761,3128,33,48,470,3693
390258.9676418886,5.202,Comp0015,Comp0011,6,24011,3389,6,9,277,413
390263.10006314743,0.013,Comp0078,DNS0002,17,64829,53,2,2,97,61
390271.2438311119,1.367,Comp0002,Web0001,6,56348,80,11,27,587,2398
390272.33764167357,6.341,Comp0019,Web0006,6,4293,80,8,65,975,502
390274.5839828866,9.991,Comp0056,Web0003,6,28524,80,3,22,196,2273
390276.0894007635,18.113,Comp0032,FS0001,6,63151,445,11,246,1834,15213
390278.2586033169,0.049,Comp0013,DNS0002,17,1682,53,2,2,53,166
390283.1290519969,0.131,Comp0048,DNS0002,17,33841,53,2,3,53,159
390284.41999817966,0.673,Comp0068,Mail0002,6,48399,993,3,9,831,4484
390286.6816639462,5.324,Proxy0002,Ext0016,6,51343,443,3,103,817,1893
390290.60285534733,0.499,Comp0065,DNS0001,17,64815,53,2,3,105,203
390296.67980898253,12.451,Comp0009,FS0002,6,9045,445,80,100,1957,11416
390299.8530179661,0.04,Comp0016,DNS0002,17,9837,53,2,3,85,355
390302.979699613,0.164,Comp0049,Proxy0001,6,56983,3128,7,114,336,2388
390304.55388790154,0.804,Comp0008,DNS0002,17,47340,53,3,2,39,116
390306.36343792273,0.859,Comp0033,Web0003,6,37743,443,3,43,420,5382
390306.93294652685,0.372,Comp0042,DNS0001,17,54681,53,2,3,39,142
390310.39214313135,0.852,Comp0068,DNS0002,17,2070,53,2,2,56,103
390314.54158089065,0.358,Comp0044,DNS0002,17,5456,53,2,4,50,90
390319.8712106266,3.539,Comp0065,Web0004,6,54923,80,8,20,1298,13091
390323.59568555467,0.086,Comp0031,DNS0002,17,1434,53,2,2,90,176
390327.2017208929,0.1,Comp0050,DC0002,6,33873,389,7,4,580,1293
390329.463851492,0.29,Comp0017,DNS0002,17,40262,53,3,3,144,192
390334.20999669645,1.27,Comp0066,Web0004,6,18204,443,15,11,401,14265
390335.2380647237,1.058,Comp0009,Proxy0002,6,3702,3128,6,85,1740,10008
390338.3520602585,1.028,Comp0075,Web0003,6,36819,443,4,16,1130,826
390345.62919681414,2.663,Comp0078,Web0003,6,40744,443,7,106,192,9474
390346.4643550917,3.704,Comp0074,FS0002,6,34228,445,21,34,1100,188632
390354.42270678515,2.341,Comp0073,Proxy0001,6,60337,3128,10,31,212,20416
390354.42643710494,0.025,Comp0019,DNS0001,17,43241,53,3,3,39,238
390358.757663691,0.005,Comp0059,DNS0002,17,2185,53,3,2,66,193
390367.7184243261,4.785,Comp0027,FS0003,6,64338,445,18,228,377,15500
390375.7196340326,5.603,Comp0039,FS0002,6,18988,445,18,181,1429,37231
390375.90522151324,7.004,Comp0043,Web0003,6,48393,80,12,101,224,15548
390387.12042702147,0.076,Comp0020,Proxy0001,6,53377,3128,8,48,253,45020
390387.6255033254,2.673,Comp0014,Mail0002,6,61687,993,5,4,475,1717
390395.73404797,5.058,Comp0067,Mail0002,6,29095,993,3,30,209,2025
390396.5803553906,0.385,Comp0074,DNS0001,17,65336,53,3,3,96,333
390397.68895458325,11.517,Comp0058,DC0002,6,6212,445,33,72,1052,1706
390405.7962851368,0.11,Comp0029,DNS0001,17,30964,53,3,3,48,111
390406.7731045821,0.149,Comp0071,DNS0002,17,19365,53,2,2,40,165
390411.0317941922,0.864,Comp0030,Proxy0001,6,9182,3128,8,14,772,14332
390413.3712391861,0.442,Comp0030,Mail0002,6,58671,587,4,4,146,347
390414.1516808158,4.157,Comp0064,Web0003,6,32104,443,13,57,384,12387
390426.68181641516,0.192,Comp0014,DNS0002,17,28176,53,2,3,48,224
390429.43051619624,0.152,Comp0024,DNS0002,17,51065,53,2,2,124,142
390429.8905822764,0.471,Comp0076,Mail0002,6,3500,993,4,9,682,795
390450.3206098154,11.745,Comp0071,Proxy0002,6,20609,3128,5,54,595,6912
390450.5683972156,0.093,Comp0014,DNS0001,17,13800,53,2,2,78,106
390450.64112250553,13.063,Comp0022,FS0002,6,2441,445,25,38,3093,9427
390452.0472565874,4.675,Comp0002,DC0002,6,44192,389,3,6,631,2425
390463.1994690572,11.962,Proxy0002,Ext0010,6,58548,443,3,47,1428,24321
390464.57847594866,1.037,Comp0078,Comp0072,6,51009,22,5,5,458,11
390467.0594874235,4.781,Comp0002,Web0006,6,6371,443,9,140,2239,15666
390467.98437977355,5.45,Comp0056,Web0006,6,59271,80,29,43,405,17800
390475.70827598823,0.159,Comp0042,DNS0001,17,21338,53,2,3,67,185
390488.4617672424,0.26,Comp0046,DNS0001,17,36766,53,2,2,33,75
390489.673066688,0.654,Comp0005,DNS0002,17,63850,53,2,3,74,199
390499.6661297721,0.675,Comp0057,Proxy0002,6,18914,3128,5,11,120,1709
390501.2185686307,0.066,Comp0048,DNS0001,17,54982,53,2,3,83,465
390513.21649934916,0.141,Comp0048,DNS0002,17,57207,53,2,3,84,126
390519.7206922953,0.157,Comp0046,DNS0001,17,53298,53,5,3,113,193
390521.3525214179,0.047,Comp0044,DNS0002,17,37144,53,2,2,48,415
390525.8977259342,0.107,Comp0070,DNS0001,17,41018,53,3,3,116,112
390526.19819910853,20.501,Comp0008,FS0003,6,3351,445,19,97,7733,12913
390528.0437671842,7.764,Comp0068,Mail0001,6,1925,993,5,3,206,410
390530.01161660394,2.413,Comp0021,Web0005,6,34232,443,10,41,508,7795
390539.38786372024,5.446,Comp0038,Web0006,6,42324,443,8,8,1287,22196
390543.8326307088,8.461,Comp0025,Web0005,6,65312,443,26,88,806,1258
390545.65951593884,0.179,Comp0076,DNS0002,17,60960,53,2,2,66,169
390548.72843825567,5.357,Comp0010,Proxy0002,6,4748,3128,39,35,861,11092
390551.1215717228,10.541,Comp0066,Mail0001,6,55496,993,6,7,190,211
390554.0701100308,9.3,Comp0003,Proxy0001,6,36673,3128,5,42,1286,5816
390578.80931497226,0.114,Comp0052,DNS0002,17,38044,53,3,3,35,377
390582.2490459016,3.135,Comp0005,Mail0002,6,51040,587,8,3,349,153
390582.66860814486,3.916,Comp0023,Proxy0002,6,2017,3128,9,25,418,9614
390586.42860188475,0.053,Comp0045,DNS0002,17,9443,53,2,3,82,424
390587.9479009439,0.053,Comp0005,DNS0002,17,39749,53,2,2,94,114
390588.7615158272,27.209,Web0003,DB0004,6,62908,3306,36,67,397,45229
390588.91491581814,3.425,Comp0022,Web0003,6,55752,443,4,221,164,4727
390590.90694984066,0.008,Comp0075,DNS0002,17,38692,53,2,3,52,346
390593.8788938204,9.327,Comp0060,Web0005,6,37136,80,12,15,1038,4284
390594.10628197074,0.53,Comp0042,DNS0002,17,40741,53,2,2,38,135
390595.63333742315,0.324,Comp0018,DNS0002,17,48461,53,3,2,64,226
390599.9949636443,1.383,Comp0008,DC0002,6,41912,88,3,27,599,117
390600.9096907116,0.489,Comp0031,DNS0002,17,5623,53,2,2,100,114
390609.6458224612,0.043,Comp0006,Mail0002,6,16435,993,5,5,1031,255
390612.7603679234,0.351,Comp0019,DNS0002,17,39629,53,2,3,33,114
390615.7376189687,0.475,Comp0006,DC0002,6,52366,389,6,4,953,760
390631.0104312342,0.85,Comp0046,Web0002,6,43679,443,18,34,590,9216
390634.10211854376,3.26,Proxy0002,Ext0015,6,10954,443,20,65,1029,3927
390635.7843001297,2.925,Comp0078,Web0004,6,8730,443,3,35,350,3329
390643.3391097386,1.027,Comp0069,Web0002,6,52198,80,4,26,474,20596
390645.2262102597,6.196,Comp0023,Web0001,6,31351,80,5,144,1067,3301
390646.9048507422,3.184,Comp0001,Mail0002,6,8384,993,3,2,377,769
390654.96790232713,3.259,Comp0021,Web0005,6,9424,443,9,38,1440,5571
390656.02398851415,3.077,Comp0060,Mail0001,6,5567,993,7,4,426,559
390658.9915888187,0.051,Comp0017,DNS0001,17,43537,53,2,3,50,194
390661.51124990365,4.296,Comp0032,Mail0002,6,6714,993,5,7,134,352
390667.2965778924,0.012,Comp0073,DNS0002,17,65488,53,2,3,73,202
390668.1558841862,0.2,Comp0045,DNS0002,17,30610,53,3,2,42,222
390676.50802253425,3.746,Comp0008,Proxy0002,6,35559,3128,14,35,348,32022
390679.94506318466,0.346,Comp0044,Web0003,6,15235,80,6,28,1417,1435
390681.1303846132,0.143,Proxy0001,Ext0014,6,40740,80,7,76,668,2207
390682.35455956106,8.278,Comp0003,DC0002,6,52326,389,10,12,1439,981
390683.4771397332,5.456,Comp0010,FS0002,6,34948,445,7,86,294,24512
390692.64346702205,2.928,Comp0009,DC0002,6,5009,88,7,9,568,671
390693.272713264,5.825,Comp0069,Proxy0001,6,65470,3128,5,32,2126,2984
390696.01737751486,11.217,Comp0059,Web0006,6,32291,80,26,49,559,20401
390696.49610896606,9.399,Comp0007,DC0002,6,36410,445,18,67,754,5603
390698.0210976397,4.112,Comp0073,DC0001,6,2443,389,7,11,300,1316
390698.3201326059,1.248,Comp0062,Web0004,6,20280,443,7,32,135,8665
390704.78794149286,0.079,Comp0021,DNS0002,17,16815,53,3,3,121,112
390706.6452223618,4.46,Comp0039,DC0001,6,34126,389,9,6,356,880
390709.16606679506,0.869,Comp0078,DC0001,6,60991,88,13,6,514,787
390714.0948662475,9.528,Comp0004,Mail0001,6,22230,993,2,3,203,2060
390715.4511019599,0.579,Comp0049,DC0001,6,9092,445,27,96,2696,2239
390715.7983680083,0.035,Comp0062,DNS0001,17,10465,53,2,2,75,228
390719.40019675635,0.14,Comp0007,DC0002,6,3091,445,8,33,5364,9454
390721.4725950626,0.075,Comp0050,DNS0002,17,17701,53,3,3,53,90
390732.3701840201,8.347,Comp0027,Web0004,6,26941,443,2,90,334,10858
390747.963851173,0.104,Comp0066,DNS0002,17,50672,53,3,3,44,179
390755.72570156126,1.037,Comp0051,Mail0001,6,38529,587,9,3,1652,296
390758.2025938467,0.052,DB0003,DNS0002,17,41028,53,3,3,80,258
390760.8334324836,20.274,Comp0061,Proxy0001,6,42474,3128,21,29,283,8051
390766.31405194924,0.255,Comp0049,Web0004,6,4988,443,10,36,138,301
390771.26539450657,0.245,Comp0076,DNS0002,17,19004,53,2,3,68,257
390773.5165643481,1.049,Comp0013,Web0005,6,57169,443,12,53,81,4369
390773.84259815724,12.855,Comp0010,Web0002,6,18824,80,8,47,169,6287
390782.85126375005,0.245,Comp0022,DNS0001,17,54831,53,3,3,79,115
390784.78052042617,18.836,Comp0012,Web0005,6,11041,443,3,25,423,7538
390786.12651417294,2.456,Comp0054,Web0006,6,22883,443,13,8,241,2446
390786.67228297156,0.562,Comp0075,Web0003,6,50594,80,10,19,2388,10290
390787.71606180456,2.355,Comp0036,Proxy0002,6,63810,3128,8,40,443,2522
390787.9101314274,9.283,Comp0006,Proxy0002,6,53426,445,47,224,1538,3365
390790.9286397038,0.053,Comp0038,DNS0001,17,60609,53,2,2,66,220
390791.02829855785,0.256,Comp0005,DNS0002,17,23010,53,2,3,77,246
390804.9199985976,11.966,Web0003,DB0003,6,4062,3306,11,379,1724,25652
390806.1826296524,3.122,Comp0058,FS0003,6,63882,445,42,273,645,116269
390808.7059616394,2.058,Comp0034,Web0001,6,50928,443,4,48,104,7393
390811.150726154,0.787,Comp0001,Proxy0002,6,18197,3128,7,23,719,67386
390812.2587651329,11.435,Comp0064,DC0002,6,62537,88,7,3,409,667
390813.018223083,0.253,Comp0031,DC0001,6,47171,88,6,6,144,3508
390818.1484354614,0.102,Comp0009,DNS0001,17,43232,53,3,2,76,139
390827.62666075624,1.645,Comp0061,DC0002,6,39816,389,3,18,715,168
390827.7434732921,8.04,Comp0009,Web0004,6,28587,80,3,17,2587,26796
390827.7938514922,23.907,Comp0023,Web0006,6,38131,443,16,26,910,11571
390828.98197899805,14.471,Comp0017,Web0006,6,2468,443,13,14,1653,209732
390829.2292750334,0.263,Comp0028,DNS0001,17,44196,53,2,4,62,112
390836.5144087239,0.095,Comp0054,DNS0001,17,48053,53,2,2,40,212
390840.369717279,4.356,Comp0052,DC0002,6,16711,88,6,31,313,1087
390840.6136015806,0.957,Comp0056,DC0002,6,38325,389,4,8,785,450
390847.94558729517,1.729,Comp0071,Web0004,6,63274,443,5,15,1864,4288
390856.1412511255,0.588,Comp0074,Web0002,6,24610,443,14,35,765,1713
390861.87074912764,3.158,Comp0042,Proxy0001,6,24091,3128,6,42,464,3569
390864.22407432133,2.981,Comp0019,DC0001,6,49016,389,7,3,325,445
390867.60258478083,3.714,Comp0074,DC0001,6,30102,88,8,3,2111,1826
390871.6839609154,0.033,Comp0076,DNS0001,17,36797,53,2,2,32,144
390873.1817099231,0.124,Comp0036,DNS0002,17,64379,53,3,2,47,147
390873.4324769941,0.017,Comp0063,DNS0002,17,57509,53,2,2,56,109
390873.53964710626,0.543,Comp0028,DNS0001,17,24349,53,2,3,36,231
390877.11563442333,9.304,Comp0034,FS0001,6,56324,445,49,164,611,505
390879.6616281321,12.392,Comp0071,DC0002,6,19587,445,60,39,1066,26786
390883.2652908931,0.277,Comp0044,DNS0001,17,34051,53,2,3,69,94
390883.36399112025,0.302,Comp0026,DNS0001,17,47654,53,2,3,53,92
390885.79981139774,14.194,Comp0075,Proxy0002,6,48691,3128,3,17,2046,66813
390894.25755011616,0.09,Comp0041,DNS0002,17,64630,53,3,2,59,147
390899.20159570116,8.858,Comp0008,Web0006,6,7872,80,5,89,553,8997
390903.7584105,0.801,Comp0032,FS0002,6,40042,445,44,53,201,72568
390904.9058480257,8.723,Comp0031,Web0001,6,2926,443,10,67,437,8876
390911.49237750185,4.661,Comp0067,FS0003,6,9185,445,63,61,1435,103436
390912.62764059426,0.994,Comp0062,Proxy0001,6,54348,3128,6,332,61,37057
390914.1942829089,12.547,Comp0003,DC0001,6,16511,445,18,42,346,574
390914.9902074615,7.907,Comp0024,DC0001,6,59775,88,18,8,456,2457
390919.7799986594,0.037,Comp0063,DNS0001,17,51331,53,2,3,117,178
390923.1251048761,6.497,Comp0079,DC0001,6,37859,445,64,33,915,4964
390923.6301969903,2.365,Comp0074,Mail0002,6,3191,993,10,6,125,211
390925.5720223078,3.399,Comp0068,Web0004,6,63159,443,27,27,2576,14439
390926.71368125884,3.777,Comp0058,Web0003,6,36931,443,5,27,2747,1472
390928.51477909484,0.04,Comp0051,DNS0002,17,6570,53,3,2,73,56
390929.7853671148,3.091,Comp0015,Web0004,6,20833,443,7,46,89,18828
390940.65056155174,0.142,Comp0014,DNS0002,17,32385,53,2,2,77,214
390941.19481097884,1.002,Comp0020,Web0003,6,54034,443,4,31,429,8033
390945.5885048347,0.427,Comp0046,DNS0001,17,53884,53,3,4,85,167
390945.6526492086,0.169,Comp0027,DNS0001,17,25534,53,2,2,161,80
390948.3033170965,0.086,Comp0044,DNS0001,17,13157,53,2,3,71,218
390950.3505083769,0.301,Comp0077,DNS0001,17,4882,53,2,3,55,134
390951.79843975604,20.53,Comp0025,Proxy0002,6,52257,3128,10,48,6289,7492
390954.06341045216,0.963,Comp0065,Web0003,6,19748,443,11,32,2148,2165
390955.36718391895,3.457,Comp0017,Web0003,6,20887,80,13,27,294,16876
390958.7182331387,2.265,Comp0061,Web0001,6,2769,443,10,36,496,2831
390962.44094424206,2.474,Comp0020,Web0006,6,44303,443,7,21,223,10100
390963.2917406835,0.247,Comp0037,DNS0002,17,60517,53,2,3,83,52
390970.0035508221,0.701,Comp0005,DC0002,6,11851,88,15,4,780,401
390972.5030101094,1.644,Comp0009,Proxy0002,6,27487,3128,12,32,1221,8888
390977.4230694616,7.742,Comp0056,Web0003,6,12744,80,5,27,795,3011
390978.04643939796,0.464,Comp0008,Web0001,6,51674,443,5,52,1253,1820
390980.5227712014,1.064,Comp0035,Proxy0002,6,16776,3128,33,27,872,45958
390983.5167201188,4.109,Comp0062,FS0003,6,33160,445,29,55,542,35221
390989.37271085597,0.758,Comp0064,Web0004,6,54746,443,7,32,1423,6145
390994.69753325195,0.066,Comp0038,Proxy0002,6,27757,3128,13,23,744,2446
390998.30437361053,0.753,Comp0013,DC0001,6,19888,445,10,71,47456,13181
390998.3948307841,3.743,Comp0049,DC0001,6,27273,445,11,97,2356,61933
390998.6054934235,2.356,Comp0079,DC0002,6,36304,389,6,6,496,192
391004.9249544255,0.048,Comp0032,DNS0002,17,38924,53,2,2,116,263
391008.180205625,0.917,Comp0005,Proxy0001,6,35061,3128,12,41,407,1088
391008.6034996852,3.927,Comp0023,Comp0011,6,32451,3389,3,13,365,216
391011.88770040206,0.024,Comp0032,DNS0002,17,29301,53,2,3,67,161
391013.96898679016,6.206,Comp0057,DC0002,6,35147,88,2,5,662,1064
391018.4079893474,0.355,Comp0048,DNS0002,17,37533,53,3,2,67,192
391018.6305964625,0.109,Comp0025,DNS0001,17,17200,53,2,3,135,90
391022.51931296475,0.094,Comp0044,DNS0001,17,58145,53,2,2,76,115
391023.7290879169,6.745,Comp0033,Web0006,6,18109,443,2,17,1476,6370
391025.2154907426,2.058,Proxy0001,Ext0003,6,22074,443,17,51,276,36453
391033.0391995998,0.451,Comp0059,DNS0001,17,40038,53,3,3,68,94
391037.58866031864,0.112,DC0001,DNS0001,17,12418,53,2,3,71,52
391040.01786750025,0.971,Comp0046,Web0001,6,16522,443,13,92,3964,11038
391041.6745183624,0.031,Comp0058,DNS0002,17,2507,53,3,2,74,175
391047.0095211519,5.86,Comp0018,Web0005,6,35411,443,13,40,278,11104
391047.768711714,0.056,Comp0051,DNS0002,17,63995,53,2,3,77,207
391057.8845024887,2.624,Comp0052,Proxy0001,6,43828,3128,11,10,832,12685
391059.0370958102,1.439,Comp0080,Proxy0002,6,35467,3128,5,48,194,3368
391067.5995616618,0.014,Comp0026,DNS0002,17,3070,53,3,3,58,188
391069.81528555305,0.172,Comp0010,DNS0002,17,11951,53,2,2,75,144
391073.7276430102,2.88,Comp0066,Web0004,6,30045,443,11,48,1716,343
391074.532553419,33.802,Comp0001,FS0001,6,37615,445,12,193,3127,18571
391074.6325059913,1.132,Comp0037,DC0001,6,36901,389,5,4,448,449
391080.5229604606,8.717,Comp0031,Web0002,6,25871,80,11,15,258,4812
391081.4654515734,0.321,Comp0062,FS0002,6,15740,445,21,9,22166,3077
391085.6066072476,2.022,Comp0037,Mail0001,6,59003,993,5,2,607,1019
391091.97129161283,1.671,Comp0066,Web0006,6,43352,443,14,40,302,5718
391092.687454719,24.204,Comp0009,Web0006,6,29180,443,5,35,1273,2540
391093.60868888645,4.218,Comp0077,DC0002,6,1979,389,6,10,349,637
391095.0478312592,0.086,Comp0005,DNS0002,17,21569,53,3,2,109,68
391097.40949713765,2.418,Comp0057,Web0001,6,47108,80,29,144,654,2206
391099.3515379659,0.148,Comp0002,DNS0002,17,42905,53,2,2,52,111
391103.12454894284,0.813,Comp0061,Web0006,6,36950,443,33,34,774,629
391107.01928488695,1.273,Comp0020,Web0003,6,12610,80,4,98,173,5345
391113.98635176994,6.528,Comp0059,Proxy0002,6,3406,3128,3,58,463,7694
391114.53213746933,1.853,Comp0057,FS0001,6,4527,445,19,138,6714,3208
391120.87420732796,3.219,Comp0009,Proxy0001,6,20140,3128,9,37,233,53099
391122.4530362202,11.312,Comp0053,Web0004,6,48981,443,7,162,526,3736
391125.4648072965,1.484,Comp0006,Web0003,6,54346,80,9,24,63,4037
391132.52878056956,0.017,Comp0067,DNS0001,17,31611,53,2,2,69,200
391134.79946752684,7.53,Comp0080,Web0002,6,6757,443,9,17,1268,5843
391135.5579111459,0.399,Comp0061,DNS0001,17,39655,53,2,4,56,113
391138.94830272,0.865,Comp0013,Web0005,6,12489,443,5,10,199,10246
391141.2531887647,13.386,Comp0075,FS0003,6,54967,445,23,253,1078,27385
391146.27152727963,0.272,Comp0052,DNS0002,17,35034,53,3,2,68,67
391147.9389919668,3.512,Comp0027,Web0001,6,32048,443,3,21,798,4687
391150.56726548035,1.77,Comp0055,FS0001,6,27372,445,31,8,4221,115227
391154.0680114224,13.643,Comp0001,Proxy0001,6,33833,3128,9,116,2145,3493
391158.30900572333,0.406,Comp0032,DNS0001,17,35994,53,2,3,50,218
391166.16917647293,6.803,Comp0046,Mail0002,6,56576,587,4,4,71,676
391167.2851698931,1.078,Comp0042,DC0002,6,19457,88,4,5,496,301
391170.0940638762,38.726,Comp0027,DC0002,6,21484,445,20,71,2110,5110
391171.08765070926,0.531,Comp0078,DC0002,6,9394,445,13,205,3537,63944
391183.1021048496,10.087,Comp0065,Web0003,6,44452,443,9,8,1777,10632
391194.60215364664,7.172,Comp0025,Proxy0001,6,62916,3128,13,16,837,9442
391198.294973985,26.476,Comp0064,FS0001,6,53651,445,10,34,12342,17240
391199.62109966326,0.06,Comp0053,DNS0002,17,42368,53,2,2,43,75
391199.9992722169,1.975,Comp0069,DC0001,6,28803,88,5,3,407,351
391206.24799097347,1.191,Comp0040,Web0006,6,22293,80,8,34,1210,12535
391206.5536149074,1.405,Comp0068,Web0002,6,4332,80,7,221,621,5196
391207.2064796658,5.41,Comp0037,Web0001,6,21718,443,4,53,1109,1637
391210.38889023126,4.342,Comp0017,Web0004,6,51388,80,16,80,159,15613
391213.3071116819,1.453,Comp0068,Mail0002,6,1773,993,2,10,407,1482
391216.0771956724,0.589,Comp0001,DC0001,6,24968,445,14,24,322,19297
391217.77895832487,3.157,Comp0003,DC0002,6,45205,88,3,11,1106,433
391220.46429485694,0.315,Comp0066,DC0002,6,41598,389,6,6,367,1012
391234.96835948905,23.923,Web0004,DB0002,6,25484,5432,15,131,5893,2196
391236.77809165727,1.973,Comp0012,DC0002,6,23089,389,4,9,185,513
391238.0378774397,8.248,Comp0029,Web0004,6,6983,443,36,40,342,18652
391239.50168351334,13.311,Web0002,DB0003,6,61523,3306,12,35,2010,17581
391242.37644660764,0.565,Comp0043,DC0002,6,13967,389,7,7,1078,460
391243.5184345242,0.221,Comp0003,DNS0002,17,33985,53,2,2,41,69
391256.57939658716,0.259,Comp0010,DNS0001,17,51091,53,3,2,102,127
391271.32369443896,0.019,Comp0055,DNS0001,17,24845,53,3,2,73,197
391278.338664185,2.545,Comp0035,Web0006,6,22505,80,9,66,173,4935
391283.18463326455,5.775,Comp0007,DC0002,6,22820,389,7,4,425,1432
391286.6806986167,19.972,Web0004,DB0004,6,56886,3306,15,27,3250,2186
391292.79047898744,1.393,Comp0049,Web0002,6,24352,443,3,32,199,20735
391309.31345792126,0.349,Comp0056,DNS0002,17,32923,53,3,3,119,105
391309.605743031,6.876,Comp0024,FS0003,6,20712,445,22,81,378,9868
391312.5106865517,2.163,Comp0056,Proxy0001,6,52749,3128,12,61,647,4840
391312.6985401743,1.987,Comp0055,DC0002,6,14574,389,6,12,196,1492
391313.0576269993,3.264,Comp0029,Web0005,6,27488,443,7,26,685,9302
391313.5857787388,6.784,Comp0015,FS0001,6,50782,445,15,62,2711,21100
391315.29614365235,0.004,Comp0016,DNS0002,17,22296,53,3,3,78,307
391320.7272441903,2.158,Comp0037,DC0001,6,10131,389,8,5,462,894
391326.64287296537,2.34,Comp0029,Web0002,6,42736,443,6,64,2229,36256
391327.8577049542,11.837,Comp0061,Web0003,6,46609,443,3,24,1799,2169
391328.165986245,7.233,Comp0010,Proxy0001,6,17716,3128,8,85,302,1913
391328.7079338254,0.198,Comp0044,DNS0002,17,36297,53,2,3,96,206
391329.73027334403,0.07,Comp0044,DNS0001,17,32235,53,2,3,86,116
391331.68108367216,23.75,Comp0020,DC0002,6,64203,445,21,97,2586,414246
391334.4513155569,0.221,Comp0066,DC0002,6,16396,389,8,10,200,528
391338.3187715219,7.681,Comp0062,Web0005,6,26002,80,23,139,870,1612
391339.54987725057,0.247,Comp0006,Web0001,6,8652,443,34,60,1044,3573
391346.3734227256,18.546,Comp0080,Web0004,6,60410,443,8,62,1742,16971
391349.51758944656,1.631,Comp0006,Web0004,6,14536,80,11,16,1092,2546
391350.88232055143,0.531,Comp0028,DNS0002,17,38296,53,3,4,40,233
391355.3981104138,19.226,Comp0069,FS0001,6,36405,445,10,207,640,57364
391358.8991857396,0.15,Comp0040,DNS0002,17,39006,53,3,3,67,231
391359.33788904594,10.611,Comp0070,FS0002,6,47853,445,28,178,2339,10306
391359.51527988055,10.593,Web0003,DB0003,6,38014,5432,18,693,1839,17901
391363.7114409649,0.02,Comp0077,DNS0001,17,10655,53,2,3,114,170
391369.2422620415,30.322,Web0005,DB0003,6,31651,5432,16,35,1901,109664
391371.1304670823,2.181,Comp0012,Web0003,6,16859,443,5,15,362,2369
391374.3834630478,3.237,Comp0014,Web0003,6,4947,443,12,39,825,12874
391374.84603506647,49.287,Comp0010,FS0001,6,63019,445,19,98,3987,46902
391380.06887832825,0.421,Comp0008,Web0004,6,1119,80,6,19,1307,7158
391393.4932249524,25.758,Comp0006,Comp0068,6,31402,139,115,329,2265,328
391395.30559539504,0.403,Comp0018,DNS0002,17,43396,53,2,3,47,254
391399.84816827095,33.838,Comp0010,FS0003,6,17927,445,27,179,77,39212
391406.1064654618,9.21,Comp0018,Proxy0002,6,29079,3128,4,22,284,5081
391412.6351269655,4.039,Comp0024,Web0003,6,61184,443,15,27,604,95547
391419.3918733931,0.067,Comp0066,DNS0002,17,16111,53,3,4,122,204
391422.26673793263,13.267,Comp0044,Proxy0002,6,14466,3128,4,27,1117,2303
391426.5770283604,3.763,Comp0069,FS0001,6,24387,445,15,147,987,4690
391444.2697023731,3.686,Comp0019,Proxy0001,6,51964,3128,7,47,1194,9291
391444.80406338593,0.082,Comp0010,DNS0001,17,3730,53,3,3,45,99
391445.1855675703,3.512,Comp0076,Web0004,6,43750,443,26,21,3293,16069
391446.0761539021,0.114,Comp0076,Web0002,6,44554,443,10,15,317,6493
391453.3024301309,5.696,Comp0026,Web0004,6,11645,80,9,40,1369,4350
391456.7442869391,39.22,Web0002,DB0002,6,5272,5432,37,276,1374,15880
391457.18494423723,3.554,Comp0024,Proxy0001,6,19225,3128,11,159,97,4602
391457.7555507632,6.104,Comp0046,Web0006,6,61885,80,12,22,1075,560
391458.8418196488,4.347,Comp0064,DC0001,6,11467,88,5,5,434,846
391459.2928951191,0.004,Comp0037,DNS0002,17,25193,53,3,3,142,202
391460.96732737316,1.02,Comp0071,DC0001,6,17685,389,5,3,75,448
391465.7782817394,0.427,Comp0020,Web0005,6,52446,443,8,20,595,12903
391467.93668233365,0.477,Comp0069,DNS0001,17,58171,53,3,3,62,100
391477.59830771515,5.567,Comp0008,Web0005,6,59112,443,4,60,731,7424
391482.5725216205,3.006,Comp0066,Web0006,6,53898,443,6,91,834,43545
391489.1319538152,4.366,Comp0042,DC0002,6,63971,445,8,19,135,25188
391492.64008067787,4.054,Web0005,DC0001,6,61696,389,5,6,381,368
391493.50900878024,0.184,Comp0008,DNS0002,17,49693,53,2,3,31,257
391498.7553295471,11.241,Comp0033,Web0002,6,6100,443,15,15,558,5816
391510.2901487091,1.428,Comp0006,Comp0010,6,29708,139,86,140,607,323
391515.4986990527,2.956,Comp0009,Proxy0002,6,25112,3128,6,106,849,8258
391515.5889378425,5.2,Comp0030,Web0005,6,17269,443,4,20,758,2751
391516.06162477727,0.001,Comp0025,DNS0002,17,10177,53,3,2,70,190
391518.21384313965,0.038,Comp0004,DNS0002,17,58070,53,3,2,131,138
391522.9520397489,0.149,Comp0020,DNS0002,17,15874,53,2,2,78,132
391525.533230222,0.118,Mail0001,DNS0001,17,33166,53,2,3,113,405
391526.9183192925,0.06,Comp0051,DC0002,6,37760,389,14,8,416,414
391527.75091621996,0.102,FS0003,DNS0002,17,36779,53,2,2,61,171
391527.89954581077,0.428,Comp0069,DNS0001,17,36057,53,2,3,94,141
391532.53212485695,0.156,Comp0041,DNS0002,17,37595,53,2,2,90,144
391532.9001821061,26.268,Comp0030,Proxy0001,6,10942,3128,20,24,840,3737
391537.15883185406,0.957,Comp0057,DNS0002,17,7331,53,2,2,65,157
391537.4006293239,3.001,Comp0073,Proxy0001,6,42792,3128,9,24,275,3152
391541.24437441275,5.11,Comp0065,DC0001,6,23259,389,14,21,143,767
391544.89627093094,0.021,Comp0058,DNS0002,17,4639,53,3,2,44,91
391545.9172015154,0.147,Comp0007,DNS0001,17,24413,53,2,2,63,326
391548.50795860105,0.484,Comp0052,DNS0001,17,43298,53,2,3,105,234
391555.5810134108,19.268,Comp0048,FS0003,6,30610,445,29,80,564,22099
391557.60280557105,0.519,Comp0052,DNS0001,17,39638,53,3,4,44,104
391559.6280004742,0.005,Comp0039,DNS0002,17,53681,53,3,2,43,137
391561.05323163717,7.108,Comp0070,Web0003,6,2813,443,3,120,374,12878
391561.342435759,0.196,Comp0042,DNS0002,17,44840,53,2,2,48,147
391566.7790080043,4.076,Comp0031,Web0004,6,18405,443,6,21,263,2146
391567.2215926309,0.104,Comp0064,DNS0002,17,53106,53,2,3,94,406
391578.53210632276,0.078,Comp0004,DNS0002,17,36627,53,3,3,107,117
391581.99398908805,7.599,Comp0012,Mail0001,6,11935,993,6,5,1637,933
391584.2176030934,4.53,Comp0036,Web0001,6,60683,443,7,120,250,14139
391586.486186975,10.608,Comp0080,Web0006,6,22839,443,7,47,232,16090
391586.8423101003,2.266,Comp0025,FS0001,6,1346,445,133,38,479,43167
391589.60090354795,2.392,Comp0022,Web0005,6,24292,80,11,28,1333,4197
391596.25705848075,3.676,Comp0036,Web0001,6,55276,80,19,26,1167,4934
391600.9207832481,6.059,Comp0054,Proxy0002,6,8550,3128,14,86,977,4646
391601.32385669916,4.421,Comp0072,Web0001,6,39783,443,5,12,1128,44544
391602.70822887454,2.137,Comp0021,Web0003,6,19156,443,6,42,3692,60021
391608.9262232415,2.669,Comp0061,Web0006,6,15715,443,7,43,143,3787
391618.67592105,0.357,Comp0069,Mail0001,6,32245,587,12,8,770,1078
391619.9666252915,2.931,Comp0056,FS0003,6,40054,445,12,184,742,21178
391622.27323785576,17.271,Comp0066,FS0002,6,49535,445,30,69,1377,1773
391625.4582782036,2.333,Comp0019,Web0002,6,17195,443,6,43,6001,1917
391629.51239466737,2.145,Comp0026,Proxy0002,6,20908,3128,9,69,549,8878
391632.72947443026,20.223,Comp0058,FS0002,6,50882,445,22,28,2100,347
391635.34222048265,1.419,Comp0057,Web0005,6,19036,443,3,36,658,417
391639.3727513647,13.382,Comp0071,Web0001,6,39724,443,5,12,56,8271
391640.7914746597,0.684,Comp0023,Mail0001,6,42306,993,12,9,454,507
391656.5686920659,0.103,Comp0059,DNS0002,17,3054,53,2,2,87,88
391658.4869409421,1.534,Comp0080,DC0002,6,21810,389,10,2,229,1597
391659.128538318,3.59,Comp0059,Web0004,6,10720,443,35,96,1114,11032
391670.79458956764,21.029,Comp0006,Comp0053,6,34989,139,42,472,9464,2284
391671.79455452267,2.254,Comp0078,Web0002,6,17768,443,2,61,685,13631
391673.0792794391,2.445,Comp0050,Mail0002,6,12073,587,5,29,278,2558
391678.27220789663,4.306,Comp0031,DC0002,6,13645,88,3,9,637,1517
391679.97909619595,0.139,Comp0069,DNS0002,17,40311,53,3,4,57,157
391681.0960707565,0.003,Comp0042,DNS0001,17,48281,53,2,2,45,45
391682.154630633,5.172,Comp0056,DC0002,6,8069,88,4,8,322,239
391686.2729861358,0.241,Comp0043,DNS0002,17,24756,53,2,2,20,145
391689.3296542684,20.578,Web0003,DB0001,6,18035,3306,6,269,5539,2252
391692.9559938085,18.981,Comp0044,FS0001,6,12835,445,13,122,3122,8290
391707.6587919639,2.426,Proxy0001,Ext0012,6,44809,443,16,27,204,3137
391709.614498179,0.517,Comp0001,DNS0002,17,31345,53,3,3,72,128
391711.3855526175,5.774,Comp0078,DB0002,6,10329,139,7,154,977,4650
391715.26479360944,3.157,Comp0034,Web0004,6,63684,80,13,86,1447,2133
391716.97460903967,3.729,Comp0066,Mail0002,6,12039,993,6,4,102,1126
391717.546333485,0.379,Comp0049,Mail0001,6,8271,993,12,4,798,1722
391721.47729121114,7.86,Comp0078,Comp0040,6,43029,445,42,46,1070,1171
391721.93651025736,1.215,Comp0031,Proxy0002,6,32307,3128,11,28,373,20188
391724.89076629543,1.131,Comp0032,DNS0001,17,31278,53,3,2,84,164
391736.634712455,2.363,Comp0045,Web0003,6,7412,443,11,33,659,6996
391740.0951128818,5.713,Comp0037,FS0003,6,38275,445,57,128,1185,12987
391746.58145551046,2.437,Comp0061,Web0001,6,41412,443,19,16,2550,25825
391747.0104306352,8.962,Comp0011,DC0002,6,22779,3389,5,3,122,1423
391754.9464865482,0.978,Comp0005,Web0006,6,55888,443,4,93,1015,2866
391756.36370729783,0.008,Comp0062,DNS0002,17,54156,53,2,3,55,258
391763.0605247458,0.144,Comp0012,DNS0002,17,39341,53,2,3,31,170
391764.34213480534,2.881,Comp0072,Web0002,6,34561,443,4,14,1937,814
391765.8728904336,0.942,Comp0053,DC0001,6,64003,389,7,5,288,619
391778.9896011003,0.048,Comp0059,DNS0002,17,27997,53,3,3,60,138
391780.0638946578,2.024,Comp0033,FS0001,6,41410,445,31,36,781,32600
391780.50824609585,0.004,Comp0047,DNS0002,17,13875,53,2,2,121,143
391796.7722304141,10.726,Comp0031,FS0001,6,51314,445,21,55,566,13911
391799.943776213,34.866,Comp0016,FS0001,6,33060,445,56,53,4970,14684
391802.85130412644,8.02,Comp0036,DC0001,6,7169,88,6,6,330,1301
391812.09642040427,0.363,Comp0016,Mail0001,6,3998,587,6,9,322,1601
391812.7369881114,0.494,Comp0070,Web0004,6,20868,443,5,44,314,3172
391816.7387307027,4.667,Comp0031,Web0006,6,58848,443,11,37,2134,2172
391817.3000162699,4.572,Comp0004,DC0001,6,37511,88,5,6,206,552
391824.8589301823,3.467,Comp0052,Web0002,6,52558,443,20,86,453,11403
391831.7685399794,9.844,Comp0028,Web0002,6,22200,443,17,6,359,8561
391838.3662683933,0.149,Comp0025,Web0002,6,61713,443,8,66,175,19578
391842.8414882696,0.537,Comp0019,Web0006,6,32761,80,11,43,577,1783
391843.9389935295,0.439,Comp0079,Mail0002,6,37521,587,4,17,188,1009
391845.58895320795,12.439,Comp0013,Web0002,6,16758,443,6,22,159,17050
391845.9691419042,5.342,Comp0027,Web0005,6,57431,80,12,64,567,10862
391847.10399556713,10.028,Comp0064,Proxy0002,6,48676,3128,30,5,2694,5289
391847.97985977854,7.616,Comp0060,DC0001,6,18401,88,4,7,657,745
391849.3906787338,4.044,Comp0023,Web0002,6,61589,443,11,27,1359,1324
391849.64599313063,0.675,Comp0016,Web0001,6,64969,80,7,26,731,12520
391852.40009713336,2.422,Comp0016,Web0005,6,57825,80,4,126,340,22811
391859.69329774467,0.069,Comp0028,DNS0002,17,10625,53,2,2,42,60
391866.3710611795,0.099,Comp0009,DNS0002,17,12968,53,3,3,96,267
391869.5844567059,0.104,Comp0053,Mail0001,6,58979,993,5,33,602,442
391873.22560628713,0.009,Comp0067,DNS0001,17,40898,53,2,2,105,138
391874.66389278776,2.984,Comp0027,Proxy0001,6,12894,3128,4,31,223,42001
391875.7920422608,0.01,Comp0073,DNS0001,17,65111,53,2,3,119,105
391878.9689566758,3.725,Comp0039,Web0006,6,33587,443,3,175,679,2731
391879.61768856883,0.65,Web0003,DNS0001,17,53387,53,2,4,80,137
391884.62017380685,3.881,Comp0032,Web0006,6,29126,443,7,49,1155,40717
391885.6681272754,1.811,Comp0002,Mail0001,6,37180,587,8,16,106,1849
391889.09083993954,20.161,Web0005,DB0004,6,61753,3306,17,8,829,86781
391892.22333715355,5.19,Comp0030,Web0002,6,38935,443,23,40,4926,22078
391893.67555774376,0.329,Comp0052,DNS0002,17,30809,53,2,3,58,167
391896.57525339635,4.001,Comp0045,Web0002,6,35337,443,3,20,3254,3251
391899.236148697,0.774,Comp0029,DNS0001,17,13744,53,2,3,80,202
391899.74698111904,13.099,Comp0060,Web0006,6,51516,80,16,51,1308,2909
391901.18146465876,9.854,Comp0004,Web0002,6,12407,443,10,137,1134,10083
391906.60231664503,5.252,Comp0074,Web0002,6,57853,443,16,56,92,19205
391909.9472743643,5.218,Comp0048,Proxy0001,6,19105,3128,9,20,1275,4633
391916.1167035308,0.224,Comp0026,DNS0002,17,35271,53,2,2,94,206
391920.8783714577,3.577,Comp0014,FS0002,6,8023,445,58,192,7709,10461
391933.3144029226,0.657,Comp0061,DC0002,6,7104,445,34,21,799,4246
391937.94406403205,7.298,Comp0036,DC0001,6,35628,88,4,16,1134,1885
391938.2828748008,0.147,Comp0019,DNS0002,17,23820,53,2,2,45,92
391945.88826489844,9.876,Comp0040,DC0001,6,10752,445,38,36,2419,18232
391950.70873016166,6.721,Comp0073,Web0003,6,16110,443,11,217,3765,13339
391953.886699494,16.363,Comp0006,Comp0014,6,41027,139,16,158,853,280
391957.3106056593,2.606,Comp0033,Proxy0001,6,24724,3128,8,77,344,11220
391959.6226172921,14.143,Comp0036,Web0003,6,39974,443,14,37,345,11158
391964.7479465534,0.218,Comp0030,DNS0001,17,12052,53,2,3,57,132
391965.16712788434,4.187,Comp0021,Proxy0001,6,45508,3128,5,26,1110,25291
391967.3829698031,5.325,Proxy0002,Ext0035,6,36370,443,5,79,474,56377
391978.2007227194,0.397,Comp0051,DNS0002,17,59805,53,3,3,110,117
391978.4451079271,9.824,Comp0056,DC0001,6,23114,445,43,185,1024,188350
391988.17029711965,8.383,Comp0068,FS0001,6,59498,445,21,85,3342,6159
391992.9207955104,1.831,Comp0023,Mail0001,6,9634,993,3,9,263,1270
391994.87127010286,0.985,Comp0041,Proxy0001,6,39617,3128,9,31,739,1458
391995.65480131545,19.865,Web0002,DB0001,6,49916,5432,28,69,4061,7679
391999.1716586746,4.696,Comp0015,DC0002,6,59850,389,5,15,330,1249
392010.14760139154,16.067,Comp0070,Proxy0002,6,8626,3128,17,88,328,14662
392017.6373652137,11.646,Comp0071,Proxy0001,6,41569,3128,8,143,998,16686
392028.0626365367,2.171,Comp0043,DC0002,6,61435,445,30,54,692,47174
392033.86043141736,1.641,Comp0041,Mail0002,6,53695,993,16,9,1072,742
392037.4229759959,0.638,Comp0016,Proxy0002,6,48612,3128,15,21,1635,2648
392039.12549309654,7.956,Comp0017,Web0002,6,58014,443,9,15,1218,898
392042.7671948308,2.192,Comp0037,Web0005,6,8740,80,5,29,124,6634
392045.9227672467,1.053,Comp0067,Proxy0002,6,48161,3128,4,27,199,7670
392046.5697683476,0.094,Comp0038,Web0003,6,25433,80,9,17,577,7924
392048.1970412556,14.026,Comp0076,Proxy0001,6,47761,3128,6,51,695,4083
392050.1944222468,2.498,Comp0053,DC0002,6,54934,389,16,3,245,1287
392057.60099146474,24.823,Comp0009,FS0002,6,63191,445,31,348,1300,10695
392061.72016747354,0.027,Comp0049,DNS0002,17,49114,53,2,3,151,53
392066.2018653909,1.799,Mail0002,DC0002,6,49541,389,7,12,1005,800
392073.5590927474,0.119,Comp0013,DNS0001,17,65287,53,2,2,49,75
392075.3019821809,7.009,Comp0019,Proxy0002,6,7297,3128,18,12,1233,2064
392079.8494703938,7.894,Comp0072,Web0004,6,24319,443,9,41,2899,9731
392086.6777114288,0.528,Comp0078,Comp0070,6,10726,3389,5,4,340,85
392094.9812645682,0.797,Comp0036,Web0003,6,25492,443,11,27,754,3697
392095.59652017645,3.186,Comp0051,DC0002,6,51661,389,7,4,145,625
392096.2381985561,0.027,Comp0041,DNS0002,17,44628,53,3,2,70,97
392096.63348867965,0.106,Comp0060,DNS0001,17,37820,53,2,4,44,159
392096.8040296884,0.258,Comp0014,DNS0002,17,10607,53,2,3,47,103
392097.9429240194,1.205,Comp0074,Web0004,6,42237,443,38,72,345,2344
392104.18647979666,1.924,Comp0027,Web0003,6,16325,443,8,233,1046,8769
392107.28759745066,13.745,Comp0005,FS0001,6,6486,445,11,100,27432,52565
392108.6049487456,10.164,Comp0020,Proxy0002,6,10030,3128,23,65,1691,7806
392110.1909217617,3.999,Comp0036,Web0004,6,14941,443,17,30,1689,7714
392110.3812901041,1.742,Comp0062,Web0001,6,9324,443,10,115,1316,5294
392116.1171381598,26.594,Comp0069,Web0005,6,17306,443,6,35,540,1132
392120.64462708106,0.061,Comp0047,DNS0002,17,48615,53,3,2,57,137
392122.1544588895,3.024,Comp0053,Web0002,6,11415,80,7,26,736,5980
392129.10356595553,1.281,Comp0017,Proxy0002,6,13500,3128,9,42,479,1864
392143.55045116844,3.564,Comp0021,Proxy0001,6,3212,3128,8,19,1047,2076
392143.705763077,9.282,Comp0080,Proxy0002,6,41799,3128,5,25,148,13567
392146.8012622454,0.177,Comp0038,Web0004,6,6670,443,5,29,891,6199
392147.8411234002,0.299,Comp0014,Proxy0001,6,22921,3128,5,14,474,57012
392148.8645062056,0.224,Comp0058,DNS0001,17,22806,53,2,3,92,125
392149.21587932605,0.001,Comp0054,DNS0001,17,44404,53,2,3,89,140
392152.636249313,12.6,Comp0069,Web0002,6,36112,443,5,11,1162,10781
392154.7114466413,5.539,Comp0079,Web0005,6,64895,443,11,51,3609,7399
392156.49007560225,0.159,Comp0027,DNS0002,17,24949,53,2,3,26,129
392165.32205315685,12.453,Comp0008,Web0004,6,12405,443,6,150,210,5513
392166.54686744063,3.009,Comp0051,Comp0011,6,61077,3389,4,4,750,1306
392170.6677277589,3.309,Comp0031,Proxy0001,6,52572,3128,7,109,2964,3634
392172.9886918693,1.949,Comp0008,Web0005,6,16612,443,14,77,1428,2487
392175.19812668767,14.699,Comp0031,Web0006,6,32076,80,13,36,233,4003
392180.5685182071,3.094,Comp0056,Proxy0002,6,27847,3128,4,17,2898,4881
392181.16330682393,5.396,Comp0008,Proxy0002,6,57511,3128,14,57,277,4240
392185.18366522604,3.691,Comp0040,FS0002,6,37135,445,35,76,346,26401
392190.18283257727,0.129,Comp0005,DNS0001,17,17823,53,2,3,76,43
392193.2423475478,6.058,Comp0001,Mail0002,6,2369,993,7,11,585,170
392194.7760948507,0.42,Comp0040,DNS0001,17,18971,53,2,4,82,269
392202.60914672393,9.214,Comp0074,Web0003,6,22552,80,13,12,1353,9616
392202.6553105387,0.214,Comp0066,DC0001,6,60272,88,6,9,535,1992
392202.9317143162,0.059,Comp0021,DNS0001,17,25344,53,2,2,41,222
392205.068523941,2.551,Comp0018,Web0002,6,2926,80,10,20,2410,30020
392208.2585344249,0.005,Comp0078,DNS0002,17,33264,53,3,3,71,176
392209.3308474575,0.137,Comp0035,Web0002,6,27165,443,15,44,1466,1631
392209.65417646815,0.486,Comp0016,DNS0001,17,2932,53,3,3,75,142
392216.8059322662,7.161,Comp0076,FS0002,6,14264,445,16,597,760,3121
392218.0291389667,1.534,Comp0019,Web0004,6,60877,443,6,9,327,3581
392228.49810171855,7.383,Comp0024,Mail0001,6,49636,993,4,16,496,3620
392232.1811419913,1.388,Comp0054,Web0005,6,63739,80,26,40,908,4303
392235.19203405094,2.629,Comp0070,Mail0001,6,62776,993,3,5,102,384
392235.7840321714,11.509,Comp0047,DC0001,6,15425,88,8,4,628,672
392245.0114857259,1.318,Comp0019,Web0005,6,58760,443,15,106,814,22999
392246.274932472,2.318,Comp0051,Web0005,6,40925,443,12,29,288,8235
392246.37161808874,2.554,Comp0062,Web0006,6,24124,443,4,70,612,221
392259.08927263034,59.909,Comp0060,FS0001,6,7435,445,111,148,7208,3223
392263.564723513,0.823,Comp0060,Mail0002,6,47934,587,10,7,578,413
392266.27735649334,0.101,Comp0062,DNS0002,17,7380,53,2,3,84,174
392276.93639631616,2.396,Comp0078,Web0002,6,8672,3389,4,6,241,61
392282.34929792,0.142,Comp0051,DNS0002,17,43139,53,3,2,124,86
392283.1641519243,0.964,Comp0015,Mail0002,6,2271,993,7,13,335,1302
392283.8547208642,0.093,Comp0076,DNS0001,17,3983,53,2,4,59,91
392283.9384374193,48.456,Comp0025,DC0002,6,26199,445,12,90,1436,2551
392292.68227643316,0.224,Comp0025,DNS0002,17,41216,53,3,2,58,101
392294.11220715404,6.445,Comp0062,Web0003,6,65218,443,12,47,460,17692
392294.53567655693,5.131,Comp0063,DC0001,6,22707,445,18,168,3817,493
392297.6327917025,0.323,Comp0010,Web0005,6,60350,443,15,12,1426,1491
392301.55006480205,2.1,Comp0064,Web0006,6,52430,443,13,19,1126,20035
392303.6256410137,0.229,Comp0047,DNS0001,17,60981,53,2,3,150,122
392308.8265369939,0.055,Comp0073,DNS0001,17,30639,53,2,2,45,116
392312.51612714125,8.056,Comp0029,Web0003,6,31970,443,5,9,899,1513
392312.8691874158,2.277,Comp0049,Web0004,6,1269,443,12,72,393,10480
392316.0989345726,4.988,Comp0066,DC0001,6,62179,389,4,12,1467,381
392316.38675466983,29.846,Comp0062,FS0003,6,48253,445,10,64,893,22485
392320.23843944434,0.08,Comp0011,DNS0002,17,6352,53,2,3,66,281
392320.43216535426,0.005,Comp0011,DNS0001,17,58105,53,3,2,55,196
392320.81597587327,6.546,Comp0045,Web0001,6,25048,443,15,33,1425,66388
392327.17866485054,0.097,Comp0006,DNS0002,17,1466,53,3,2,56,194
392327.37946764845,4.029,Comp0078,Comp0026,6,13430,139,21,60,4141,947
392327.83704345586,1.346,Comp0028,Web0001,6,55791,443,4,29,660,3717
392329.2073452489,12.687,Comp0042,DC0002,6,11974,445,34,143,3529,4039
392329.6092049895,4.931,Comp0076,Mail0002,6,30449,587,7,5,672,515
392332.00776990544,5.437,Comp0060,Web0006,6,60217,443,5,16,764,14727
392336.622261867,0.429,Comp0058,DNS0002,17,63483,53,2,3,50,56
392338.9038692693,2.459,Comp0042,Mail0001,6,20691,993,3,8,218,1059
392343.2736191595,19.081,Comp0071,DC0001,6,29088,445,16,98,573,18266
392344.4866482043,1.436,Comp0053,FS0003,6,47411,445,25,29,1400,6364
392348.18634691613,0.533,Comp0064,DNS0002,17,46129,53,2,2,46,50
392348.5101373943,0.117,Comp0053,DNS0001,17,59440,53,2,3,151,175
392349.7878746635,3.005,Comp0042,Mail0001,6,64890,993,7,14,384,1669
392351.2372965405,0.122,Comp0029,Web0006,6,19060,80,4,34,271,1559
392353.1146959417,7.661,Comp0070,Mail0002,6,24822,587,9,9,656,667
392353.99064213934,0.559,Comp0021,DNS0001,17,2696,53,2,3,48,86
392357.2530524689,4.058,Comp0059,Web0006,6,27457,443,8,17,1243,8665
392359.3312372722,10.88,Comp0069,Web0003,6,20126,80,14,24,271,6439
392368.37311349885,1.007,Comp0049,Proxy0002,6,58306,3128,6,33,2271,1321
392372.2782258013,0.072,Comp0021,DNS0001,17,46904,53,3,3,95,181
392373.40436655673,9.786,Comp0029,DC0002,6,3189,445,11,90,2315,13692
392375.3365787881,3.63,Comp0007,Web0005,6,59726,443,8,53,1468,3195
392376.02584071277,3.86,Comp0018,FS0002,6,62335,445,13,39,2296,18957
392378.1559506045,1.531,Comp0077,Web0003,6,10176,80,6,25,559,12229
392381.45359047403,0.364,Web0004,DB0003,6,48884,3306,45,62,1118,15486
392387.4837803278,0.095,Comp0069,DNS0001,17,29847,53,2,2,54,99
392394.7044258395,0.437,Comp0043,DC0002,6,40752,88,2,5,985,324
392398.8313551697,2.35,Comp0016,Proxy0001,6,52059,3128,5,12,678,1915
392400.96825393266,9.842,Comp0045,FS0002,6,63359,445,12,51,545,8638
392401.8878731859,8.191,Comp0064,Proxy0002,6,61847,3128,10,49,319,6566
392402.2421392988,3.835,Comp0003,Web0004,6,48927,80,6,54,1200,4626
392407.4750698325,10.757,Comp0061,Proxy0001,6,34190,3128,13,93,250,10751
392410.03772992047,4.619,Comp0040,DC0001,6,50442,88,9,3,318,622
392410.9485747072,0.931,Comp0037,DC0001,6,19224,389,2,29,521,909
392419.6643622451,4.512,Comp0064,Web0001,6,17099,443,13,153,2666,2682
392424.0830707387,4.075,Comp0039,Web0001,6,25141,443,15,57,278,4124
392424.4463957242,1.182,Comp0005,DC0002,6,40877,445,21,183,682,8189
392427.21211490914,6.189,Comp0014,DC0002,6,6385,88,3,7,328,777
392436.1822231527,0.625,Comp0061,DNS0001,17,40398,53,2,3,26,86
392439.8954670094,3.214,Comp0061,Web0006,6,36086,443,4,11,799,35598
392444.35452676436,1.016,Comp0020,Proxy0001,6,46756,3128,3,16,1000,1859
392449.95264471765,6.561,Comp0005,Web0005,6,44653,443,10,54,958,9127
392451.50353777607,0.272,Comp0047,DNS0002,17,15571,53,2,3,130,90
392456.1783027637,3.562,Comp0059,DC0002,6,52087,445,30,48,3171,10281
392457.0903384216,1.415,Comp0021,Mail0002,6,56256,993,4,9,563,578
392463.08468111465,0.348,Comp0077,DNS0002,17,64179,53,2,3,73,127
392464.59388695407,0.009,Comp0079,DNS0002,17,6150,53,3,2,50,124
392467.560665071,5.073,Comp0020,Mail0002,6,32581,993,5,5,479,730
392469.72087257804,0.16,Comp0032,DNS0001,17,48312,53,2,4,85,114
392472.9981480511,1.458,Comp0066,Web0004,6,6964,443,11,44,968,417
392473.5300654904,1.721,Comp0004,Proxy0001,6,1710,3128,7,94,440,8001
392477.7523416163,0.787,Comp0024,Web0001,6,45130,443,6,43,351,729
392482.5953550476,0.007,Comp0066,DNS0002,17,50819,53,3,2,59,89
392489.8804778068,0.979,Comp0027,Mail0001,6,48858,587,7,10,410,1386
392491.4157521394,17.473,Comp0006,Comp0048,6,11003,445,25,297,2201,1207
392502.02663071593,0.243,Comp0003,Web0005,6,24849,80,5,75,3368,107303
392507.6128780751,0.469,Comp0037,Web0003,6,9045,443,3,68,549,7210
392508.0644530135,0.095,Comp0053,Web0006,6,11687,443,2,58,3767,8312
392511.22608245886,3.436,Web0005,DB0003,6,45678,3306,24,28,2449,10666
392514.13917450944,0.197,Comp0038,DC0001,6,12708,88,5,18,447,1927
392522.07146056026,0.334,Comp0005,DNS0001,17,5266,53,3,3,45,298
392527.1027629059,4.314,Comp0004,Web0003,6,46494,80,9,12,159,29252
392539.2363569426,3.759,Comp0075,Web0005,6,53763,443,5,14,219,6143
392544.047284579,19.147,Comp0015,FS0003,6,23397,445,14,53,6695,9487
392544.08131271723,0.158,Comp0015,DNS0002,17,24151,53,2,2,47,126
392544.21971687424,0.188,Comp0057,Web0005,6,48115,443,5,64,507,1226
392545.0040516457,4.89,Comp0077,DC0002,6,49005,445,47,34,348,7548
392547.62126134225,6.699,Comp0025,Proxy0001,6,52612,3128,23,31,388,2216
392549.57906828675,0.295,Comp0032,DNS0001,17,12227,53,2,2,222,149
392550.71960508573,0.043,Comp0048,DNS0002,17,13932,53,2,2,57,115
392551.06271435076,2.506,Comp0060,DC0001,6,59913,88,7,10,140,192
392552.2250883714,18.432,Comp0065,Web0002,6,34660,443,9,72,691,227
392555.71263781405,4.476,Comp0077,Proxy0001,6,22557,3128,22,13,311,25370
392556.0978337997,0.071,Comp0025,DNS0002,17,6307,53,2,3,116,72
392557.4457416299,1.902,Comp0014,Web0004,6,8418,443,5,45,241,4196
392563.00524801575,0.437,Comp0051,DNS0002,17,26240,53,2,3,44,61
392563.5216400214,2.041,Comp0005,Web0004,6,18011,80,11,46,801,2652
392565.29809808586,20.298,Comp0064,FS0003,6,19997,445,28,59,671,80934
392568.7789076559,1.085,Comp0001,Web0001,6,5923,443,16,20,1154,9157
392569.2938460573,0.399,Comp0015,DC0002,6,3762,389,10,8,1478,933
392570.41741902666,1.236,Comp0038,Proxy0001,6,27978,3128,27,42,246,13644
392576.01285314263,0.124,Comp0070,DNS0002,17,44500,53,2,3,69,173
392577.13600894646,0.066,Comp0023,DNS0002,17,29211,53,2,2,77,70
392582.938374433,11.605,Comp0012,FS0001,6,19532,445,30,247,1341,34497
392585.8010692551,2.134,Comp0079,DC0001,6,57246,389,4,17,362,773
392586.3868060635,10.547,Comp0012,Mail0001,6,26982,587,3,14,1397,1825
392595.5107457108,0.321,Comp0065,DNS0001,17,61462,53,2,2,82,269
392598.9829427598,1.299,Comp0025,Mail0001,6,33909,993,11,7,41,1914
392602.9580573027,5.308,Comp0042,Mail0001,6,46715,993,5,14,960,130
392604.05242395814,2.315,Comp0070,Mail0002,6,17728,993,34,3,172,899
392610.3245867668,5.186,Comp0037,Web0002,6,58330,443,4,109,4756,13524
392614.40084739926,5.537,Comp0026,Web0003,6,4080,443,8,30,1529,15588
392615.1549242894,0.012,Comp0075,DNS0001,17,6605,53,2,2,45,261
392620.6169086421,0.093,Comp0034,DNS0002,17,56515,53,2,2,78,152
392621.43888685,14.528,Comp0043,Proxy0002,6,4283,3128,7,44,404,18740
392622.7389109244,2.382,Comp0049,Web0003,6,35336,443,9,50,1184,6433
392626.1325440244,6.612,Comp0080,Proxy0001,6,2305,3128,5,25,1459,15458
392631.7508355465,1.799,Comp0040,Web0005,6,36695,443,5,53,721,114995
392634.0441718092,0.027,Comp0054,DNS0002,17,1155,53,2,3,117,297
392638.7253588522,0.007,Comp0006,DNS0002,17,1213,53,2,3,102,299
392642.7910191326,0.278,Comp0054,DNS0002,17,53666,53,2,2,53,64
392643.708991869,0.294,Comp0057,DNS0001,17,11124,53,2,2,42,127
392648.47292304924,2.378,Web0004,DB0002,6,19156,3306,10,409,476,4140
392650.7439471699,0.959,Proxy0001,Ext0006,6,9259,443,5,70,997,7629
392651.8946869654,1.898,Comp0040,Proxy0002,6,52750,3128,7,38,322,15771
392669.96474163525,1.778,Comp0036,DC0002,6,2780,445,16,42,919,16878
392670.1104159986,0.697,Comp0027,Web0004,6,53526,80,8,47,727,1250
392672.62286659284,2.568,Comp0034,Web0003,6,23797,80,45,31,1533,2377
392673.78887386044,0.132,Comp0066,DNS0001,17,7954,53,3,3,100,62
392675.2394433799,1.744,Comp0074,Proxy0002,6,8716,3128,6,67,556,2870
392676.9009894907,0.08,Comp0074,DNS0002,17,17345,53,3,2,21,171
392677.4415132074,0.011,Comp0075,DNS0002,17,65139,53,2,2,90,127
392682.7241039258,1.983,Web0004,DB0001,6,44707,3306,27,77,1481,35302
392683.07807447214,25.135,Comp0047,Web0005,6,56747,443,3,48,775,4751
392688.92740148806,0.205,Comp0007,DNS0002,17,50509,53,2,4,243,230
392690.0385752469,0.492,Comp0029,DC0001,6,52384,389,14,7,333,638
392696.146373434,12.815,Comp0033,Web0002,6,42048,443,10,55,284,15514
392697.04849548574,0.001,Comp0025,DNS0002,17,47162,53,3,3,37,142
392702.8281134354,3.648,Comp0010,Proxy0001,6,50908,3128,7,28,1026,3687
392704.05800021056,0.696,Comp0039,DNS0001,17,60879,53,2,3,39,207
392710.39701474167,10.89,Comp0028,Web0005,6,13767,443,57,9,2199,15635
392710.6925713214,7.551,Comp0014,Web0004,6,7247,443,2,115,915,8792
392716.42824967357,1.157,Comp0066,Proxy0001,6,36703,3128,13,28,215,419
392717.23241292516,2.188,Comp0011,FS0002,6,17068,445,60,61,757,7644
392719.8602678473,4.587,Comp0053,Proxy0002,6,23025,3128,9,39,314,2366
392722.0631206561,30.572,Comp0078,Comp0006,6,32795,445,38,47,1290,1038
392722.8547921442,1.279,Comp0078,Comp0014,6,55326,445,34,217,3440,608
392723.3007449432,0.174,Comp0048,DNS0002,17,29002,53,2,4,48,130
392737.67289849167,1.85,Comp0080,Web0003,6,10386,443,5,46,745,2975
392739.10707914346,1.093,Comp0048,Web0001,6,21637,443,25,31,1382,4734
392751.20142288425,12.108,Comp0065,DC0002,6,29687,445,49,138,863,2307
392757.0930218244,10.101,Comp0063,Web0005,6,32005,443,6,40,1632,2606
392760.3342921795,0.941,Comp0022,Web0001,6,6863,443,8,28,389,20962
392762.4291917673,3.273,Comp0058,Web0003,6,43895,80,17,28,841,2603
392765.9541845412,1.782,Comp0047,Mail0001,6,20521,993,2,8,606,833
392781.07343251666,2.157,Comp0056,Web0006,6,28515,443,45,86,2653,1228
392782.21348280663,2.366,Comp0019,Proxy0002,6,55292,3128,5,20,906,15149
392784.6117749834,9.351,Comp0076,Web0006,6,7836,443,7,27,1056,30021
392788.5728206901,0.018,Comp0039,Web0004,6,42450,443,18,10,786,18790
392790.91184319527,8.366,Comp0028,Web0002,6,59460,443,5,52,227,4366
392791.66978915164,5.13,Comp0013,FS0003,6,13224,445,29,34,4521,1963
392813.1131857991,0.759,Comp0005,DNS0002,17,57426,53,2,2,43,164
392817.18055190303,3.112,Comp0012,Comp0011,6,18195,3389,2,3,311,449
392821.433320303,0.207,Comp0004,DNS0001,17,29273,53,3,2,46,131
392822.87127556885,0.364,Comp0045,DNS0001,17,49174,53,3,2,62,73
392824.0201682121,6.7,Comp0032,Mail0002,6,64897,993,4,8,232,960
392829.5869508827,13.437,Comp0076,Proxy0002,6,1498,3128,15,26,1645,4424
392838.96632712235,2.014,Comp0038,Mail0001,6,39133,587,5,4,277,343
392840.46204991685,1.484,Comp0068,Web0005,6,53716,443,5,23,871,2906
392840.76177796006,0.053,Comp0001,DNS0001,17,65086,53,2,2,37,91
392840.82336180704,2.856,Comp0075,Web0003,6,13532,443,19,17,706,1808
392842.40336333885,0.095,Comp0034,DNS0001,17,33605,53,2,3,115,146
392842.51637676347,2.254,Comp0070,Web0006,6,36748,443,8,44,3489,19123
392843.52850284736,0.308,Comp0053,Proxy0002,6,30477,3128,7,53,567,6629
392845.3549411327,0.281,Comp0007,DNS0002,17,48300,53,2,4,123,78
392847.91446542344,3.849,Comp0032,Mail0002,6,3060,993,4,7,170,1015
392849.8943270915,0.005,Comp0058,DNS0002,17,14222,53,2,3,79,302
392850.2943021032,12.066,Comp0023,Web0004,6,18315,80,6,69,434,923
392852.0204677523,8.482,Comp0015,Web0001,6,46778,443,10,24,273,14689
392854.00654238526,4.32,Comp0071,DC0002,6,47249,445,47,271,2987,9887
392859.6423735486,1.522,Comp0043,DC0001,6,14683,389,4,8,229,393
392862.4525494925,25.221,Comp0012,DC0001,6,33083,88,7,5,225,1955
392862.56543165195,0.519,Comp0045,Proxy0001,6,18298,3128,12,115,964,6411
392864.0582924292,0.028,Comp0065,DNS0001,17,38145,53,2,2,81,120
392865.5077794056,5.578,Comp0008,Proxy0002,6,19799,3128,9,69,238,12316
392865.75544129073,8.403,Comp0080,Web0003,6,20210,80,5,75,625,34462
392876.24848755746,8.24,Comp0038,FS0001,6,32930,445,10,201,1508,11240
392878.0999627545,1.728,Comp0023,DC0001,6,34325,389,6,5,366,385
392880.5131301061,1.871,Comp0047,Mail0002,6,41689,993,5,8,115,425
392881.52205446764,0.103,Comp0057,DNS0002,17,58467,53,2,3,89,204
392881.65125080553,0.151,Comp0007,DNS0002,17,54787,53,2,2,92,146
392885.2597700802,7.664,Comp0066,Web0002,6,43674,443,8,35,264,3815
392887.1657857352,5.668,Comp0074,Web0006,6,58433,80,10,97,1007,8313
392887.4973765445,0.106,Comp0007,Web0002,6,65264,443,14,57,618,1155
392888.25919748977,0.022,Comp0080,Web0006,6,11514,443,14,39,446,3560
392888.53168739803,8.828,Comp0037,FS0003,6,19741,445,8,107,224,72057
392888.9879189429,4.571,Comp0034,DC0002,6,52610,88,6,4,353,542
392892.7617450546,2.237,Web0006,DB0004,6,12835,3306,25,73,1149,72777
392896.5660163836,6.709,Comp0074,DC0001,6,44229,445,45,965,1234,6903
392897.7926524118,1.423,Comp0017,DC0001,6,24461,389,6,7,566,1277
392897.8190142539,0.163,Comp0063,DNS0001,17,17198,53,2,3,64,95
392902.21804656147,0.056,Comp0056,DNS0002,17,62977,53,2,2,89,317
392907.3637056263,6.351,Comp0074,DC0001,6,61195,88,7,8,735,874
392908.94044056017,0.023,Comp0073,DNS0002,17,21394,53,3,2,61,92
392916.62560558197,40.903,Comp0045,DC0001,6,23473,445,37,52,1060,102315
392920.8047577901,57.167,Comp0080,DC0002,6,2386,445,27,125,1406,12475
392926.0387733055,17.712,Comp0059,Web0004,6,56092,80,7,14,1205,16216
392927.0111725251,1.272,Comp0071,Mail0002,6,33603,587,4,5,385,412
392938.05894373555,0.688,Comp0002,DNS0002,17,31097,53,2,3,79,99
392943.6800252548,6.057,Comp0080,Proxy0002,6,32593,3128,3,89,326,4470
392945.8532935824,0.178,Comp0011,Proxy0002,6,18992,3128,8,56,536,3569
392946.9801275812,4.95,Comp0039,FS0001,6,25242,445,69,20,1959,27222
392953.8627537543,6.108,Comp0048,Proxy0002,6,9488,3128,7,35,2128,3949
392957.82493688643,2.864,Comp0013,Web0006,6,32637,443,5,27,610,2011
392965.53861101076,0.303,Comp0060,DNS0002,17,37468,53,2,2,33,148
392965.62768174196,14.982,Comp0014,Web0005,6,25644,443,9,63,507,1478
392971.5585255227,0.031,Comp0049,DNS0002,17,2071,53,3,3,69,101
392979.8257266159,0.354,Comp0077,DNS0001,17,4003,53,2,3,79,319
392985.0768991896,19.781,Comp0032,DC0002,6,23234,445,18,34,1238,3149
392991.11925012263,0.89,Comp0058,DC0001,6,31760,88,4,14,226,2770
392991.83073782956,3.589,Comp0016,Proxy0002,6,65262,3128,8,59,1313,11006
392997.82141517877,6.802,Comp0001,DC0002,6,19126,389,14,7,284,394
393008.16541354865,0.116,Comp0034,DNS0001,17,10653,53,3,2,76,166
393012.98529388674,0.534,Comp0026,DNS0001,17,60135,53,2,5,85,113
393033.814339162,6.505,Comp0076,Proxy0001,6,60599,3128,14,12,489,4685
393037.29940404196,3.735,Comp0023,DC0002,6,34737,88,4,11,949,575
393039.91153055086,3.551,Comp0025,FS0003,6,49466,445,31,40,651,69279
393041.1935843931,2.334,Comp0063,FS0002,6,34722,445,12,230,701,3543
393043.281954025,0.619,Comp0029,DNS0002,17,9184,53,3,2,117,158
393050.7263629754,0.637,Comp0079,DC0001,6,5960,88,8,8,236,817
393053.26184425264,4.342,Comp0057,Proxy0002,6,65047,3128,38,66,144,9526
393054.4003697258,7.969,Comp0078,Web0001,6,30303,80,10,30,399,1648
393054.8321402321,0.634,Comp0022,DC0002,6,35723,389,5,5,545,575
393061.2982145712,2.646,Comp0005,Web0003,6,45549,80,8,65,4678,1840
393065.6547391475,4.052,Comp0076,Proxy0001,6,39095,3128,7,48,1728,9933
393069.1347820022,0.73,Comp0046,DNS0001,17,38350,53,2,2,56,168
393071.26384435507,6.214,Comp0042,Web0004,6,62884,443,15,15,495,5026
393074.06322367524,4.363,Comp0021,Web0003,6,55130,443,6,41,710,18848
393075.79013809835,24.937,Proxy0001,Ext0019,6,40836,443,5,15,625,12074
393082.56986196374,2.446,Comp0063,Proxy0001,6,7552,3128,6,126,386,6854
393087.66385333816,0.483,Comp0061,Web0005,6,14172,80,6,65,679,4692
393090.2230230523,2.207,Comp0028,Proxy0002,6,64565,3128,7,27,1747,4285
393091.489105488,4.232,Comp0015,DC0001,6,64812,88,8,5,1440,177
393096.08056972106,0.004,Comp0046,DNS0002,17,3830,53,3,2,177,95
393105.85718181153,0.963,Comp0022,Proxy0002,6,30994,3128,15,97,1320,20651
393111.9250255172,1.926,Comp0065,Web0002,6,62687,80,7,14,1133,7199
393116.8220452616,0.994,Comp0004,Web0006,6,38626,443,8,37,563,10472
393117.22504399,0.864,Comp0016,Proxy0001,6,53833,3128,7,9,2348,10651
393120.7793212493,15.06,Comp0080,Proxy0002,6,24675,3128,6,41,356,36838
393122.12852973054,0.407,Comp0052,DNS0001,17,4836,53,3,2,46,170
393123.50322265056,0.355,Web0001,DNS0002,17,48219,53,2,2,40,199
393124.9527768811,12.484,Comp0078,Proxy0001,6,36612,3128,5,121,289,62068
393126.2575829333,1.904,Comp0051,DC0002,6,33215,88,4,6,1658,118
393126.6649884015,6.981,Comp0077,Web0004,6,36364,443,16,7,1070,7635
393136.7640405104,0.199,Comp0063,DNS0001,17,65262,53,2,3,38,304
393141.9257993673,5.92,Comp0079,Web0005,6,24907,443,8,20,8348,17006
393142.2285661245,0.669,Comp0078,Proxy0001,6,17103,3128,5,58,1110,2554
393143.45612031897,0.183,Comp0053,DNS0001,17,29705,53,2,2,105,85
393144.4172700476,5.82,Comp0042,Web0003,6,19962,443,6,41,2176,6045
393144.9875681736,0.53,Comp0070,DNS0001,17,25995,53,2,3,64,322
393146.4745213623,9.1,Comp0006,Comp0044,6,17352,445,23,216,844,463
393148.3227715823,3.618,Comp0025,Mail0001,6,8264,587,10,20,861,136
393149.76668409497,7.451,Comp0043,FS0003,6,5418,445,13,131,2521,450
393151.2264407127,0.907,Comp0017,Web0005,6,57900,443,7,39,60,6812
393154.2343913637,3.125,Comp0005,Proxy0002,6,22702,3128,3,45,644,23853
393161.8274339157,7.165,Comp0023,DC0001,6,40300,88,3,6,153,280
393163.38435685134,0.066,Comp0025,DNS0001,17,55419,53,3,3,62,125
393164.258094736,4.177,Comp0026,FS0002,6,17300,445,75,163,2045,75062
393167.03286781505,0.822,Comp0049,DNS0001,17,21220,53,2,2,105,135
393167.51209532085,0.21,Comp0059,DNS0002,17,61173,53,3,3,59,155
393170.9956970656,9.468,Comp0045,Web0001,6,36532,443,11,25,3766,5366
393171.222205727,0.445,Comp0006,DNS0002,17,49551,53,2,2,64,228
393171.5083491846,4.093,Comp0061,DC0001,6,30343,88,5,9,3067,1372
393177.90562468674,7.445,Proxy0002,Ext0019,6,55551,443,49,82,343,748
393189.7832619363,7.406,Comp0073,Web0001,6,21287,80,7,16,67,3783
393193.00037641556,0.123,Comp0033,DNS0002,17,10797,53,2,2,94,124
393201.0722691512,0.282,Comp0047,DNS0002,17,15120,53,3,2,52,156
393201.727142858,0.059,Comp0006,DNS0002,17,26158,53,2,2,94,111
393202.0098647017,8.088,Comp0028,Proxy0002,6,2367,3128,7,25,1054,25417
393202.2011151345,0.052,Comp0072,DNS0002,17,47219,53,3,2,49,117
393206.262843314,3.579,Comp0064,DC0002,6,24754,389,10,5,255,585
393211.0117266092,15.489,Comp0027,Web0005,6,49254,443,4,16,569,4327
393211.3008402081,0.032,Comp0050,DNS0002,17,62790,53,2,2,45,292
393211.3647231779,4.866,Comp0064,Web0001,6,6998,443,13,35,1232,1242
393231.2667318273,0.215,Comp0032,DNS0002,17,4403,53,2,2,109,161
393232.24735701934,0.772,Comp0063,DNS0001,17,60347,53,2,3,68,161
393232.4595427171,0.201,Comp0054,DNS0001,17,12706,53,2,2,60,169
393232.6178648736,10.163,Comp0029,DC0002,6,14522,445,34,719,6815,25223
393235.75824585394,10.64,Web0006,DB0001,6,13061,3306,10,46,834,7960
393236.0952254799,0.009,Comp0052,DNS0001,17,60832,53,2,2,41,122
393238.6724288501,2.246,Comp0045,DC0001,6,34612,88,3,5,406,467
393239.4467621052,14.386,Proxy0002,Ext0011,6,21801,80,14,22,374,39947
393251.9986560215,2.873,Comp0010,Web0001,6,49566,80,9,112,565,5427
393261.8950190928,0.122,Comp0018,DNS0001,17,53760,53,4,2,52,409
393262.005050341,1.218,Comp0006,Proxy0002,6,61659,3128,8,53,785,11817
393266.60468685,5.84,Comp0016,FS0002,6,25390,445,52,77,5165,11384
393267.56595657027,4.708,Comp0044,Web0003,6,50327,443,11,15,674,1653
393274.78822491784,0.172,Comp0011,DNS0001,17,15923,53,2,3,110,217
393279.0552382538,12.446,Comp0051,Web0005,6,30613,443,18,76,607,490
393283.14570275875,0.239,Comp0053,DNS0001,17,64276,53,2,2,63,186
393285.04538096697,0.035,Comp0041,DNS0002,17,24955,53,2,2,43,505
393291.5190639163,6.838,Comp0006,Web0006,6,25398,80,3,197,721,7232
393293.32151307777,4.678,Comp0075,FS0002,6,30132,445,27,228,784,10732
393293.69479614706,0.516,Comp0050,Mail0002,6,27198,993,6,11,1500,568
393294.6130762874,4.922,Comp0062,Web0006,6,47260,80,3,30,738,6852
393305.7715771513,0.063,Comp0037,DNS0001,17,14499,53,2,2,41,114
393310.96869290987,0.537,Comp0022,DNS0002,17,56383,53,2,2,53,192
393315.5001986569,1.978,Comp0012,Web0004,6,29860,443,4,12,278,7801
393316.6473074179,5.765,Comp0016,Web0002,6,63494,80,9,64,599,4553
393324.5890406677,0.102,Comp0012,DNS0001,17,59492,53,2,3,76,105
393329.31325902545,1.327,Comp0033,DC0002,6,52550,445,40,352,3094,23306
393331.71502077515,0.631,Comp0067,FS0001,6,21416,445,14,19,2469,2300
393332.34100630047,0.266,Comp0060,Mail0002,6,29417,993,5,14,238,264
393338.559183583,12.044,Comp0013,FS0001,6,12765,445,59,143,575,11820
393340.5908070538,1.997,Comp0017,DC0002,6,47697,389,6,11,208,827
393343.0105599452,0.144,Comp0070,DNS0002,17,6896,53,3,2,67,108
393354.9606819563,4.471,Comp0010,Web0002,6,56193,443,8,35,395,4101
393361.2877190887,0.015,Comp0063,DNS0001,17,14683,53,4,3,41,208
393361.70743674686,9.768,Comp0029,Mail0001,6,42307,587,4,11,298,953
393367.90334300126,5.696,Comp0079,Web0004,6,9102,443,5,63,253,63737
393372.8901030076,16.307,Comp0071,FS0002,6,4188,445,55,364,1401,9229
393374.0161848703,1.888,Comp0023,Web0004,6,45633,443,7,144,610,3910
393375.8423342779,2.102,Comp0051,Web0006,6,2417,80,12,89,675,6052
393376.59381005674,0.031,Comp0004,DNS0001,17,32155,53,2,4,116,248
393376.9985675181,2.746,Comp0076,DC0002,6,16751,88,4,14,367,2673
393377.04340813897,0.306,Comp0019,DC0001,6,63729,389,5,6,618,1152
393377.63596909126,8.784,Comp0067,DC0001,6,40373,389,14,7,86,562
393382.1900904172,2.893,Comp0008,DC0002,6,19727,88,5,21,862,645
393382.5931533781,0.576,Comp0056,Proxy0001,6,2681,3128,2,15,82,1083
393383.0402124262,7.594,Comp0067,Proxy0002,6,63021,3128,5,245,1257,9761
393389.6858185806,0.15,Comp0018,DNS0002,17,29354,53,2,3,62,154
393394.35583943943,0.324,Comp0061,DNS0002,17,47635,53,3,2,31,207
393398.5843977507,7.206,Comp0020,Web0002,6,39888,443,5,103,2907,2333
393400.28319026786,0.091,Comp0058,DNS0002,17,20309,53,2,3,39,117
393401.5676881639,3.213,Comp0006,DC0001,6,60787,389,6,6,343,1734
393403.04766101186,3.913,Comp0051,Mail0001,6,48424,993,6,7,162,808
393411.8269103511,9.191,Comp0031,Web0006,6,65170,443,4,26,637,89646
393413.6387290078,15.147,Comp0067,Web0005,6,32253,443,6,31,922,4562
393426.86665108317,1.183,Comp0014,Web0006,6,63552,80,8,122,164,2577
393435.5609557573,7.085,Comp0022,DC0001,6,15004,389,5,6,971,1408
393437.75657768134,33.949,Comp0038,DC0002,6,7636,445,29,188,6792,2048
393441.23245685117,1.733,Comp0036,Web0003,6,36317,443,14,48,1080,21389
393444.8646126532,14.146,Comp0056,FS0003,6,12918,445,12,13,701,2283
393449.47400538716,9.313,Comp0080,Web0003,6,18695,443,21,25,471,1071
393449.6244937265,0.679,Comp0005,Web0002,6,48844,443,3,18,937,7288
393452.32445534365,24.914,Comp0068,DC0001,6,30900,445,8,64,2009,40638
393452.55656270025,0.139,Comp0001,DNS0001,17,18659,53,2,2,90,134
393453.0488004876,1.639,Comp0060,Proxy0002,6,32172,3128,7,21,145,16897
393454.7216086347,15.634,Comp0057,DC0001,6,43048,445,41,36,7603,178
393460.25757936784,1.439,Comp0059,DC0001,6,1939,389,3,4,246,835
393465.89911308064,3.165,Comp0054,Web0006,6,30598,443,10,15,1047,13721
393470.75577976316,44.728,Comp0029,FS0002,6,57075,445,50,40,6893,736
393472.61073291,0.2,Comp0046,DC0001,6,58316,389,2,3,404,125
393472.8353289788,0.239,Comp0075,DNS0002,17,40971,53,2,3,52,381
393479.2611358016,0.109,Comp0060,DC0001,6,53947,389,9,6,805,155
393482.32909817866,1.695,Comp0030,Web0006,6,19052,80,9,6,225,4926
393483.4558709617,4.533,Comp0045,FS0003,6,9687,445,7,39,1676,16270
393484.20601877884,1.325,Comp0070,Web0001,6,30571,80,17,91,183,2302
393492.4642843853,9.618,Comp0031,Web0003,6,29454,443,7,68,1581,20015
393496.04073979176,0.988,Comp0025,DC0002,6,38016,88,4,6,272,369
393497.5437818953,3.93,Comp0038,Proxy0001,6,7262,3128,4,73,2204,881
393498.5767685732,0.366,Comp0003,Web0002,6,28831,80,9,43,188,36119
393500.7112557629,4.353,Comp0015,Proxy0002,6,61015,3128,5,23,855,23718
393502.3618918739,3.281,Comp0041,FS0001,6,36555,445,33,109,5984,55376
393503.7587297117,0.118,Comp0074,DNS0001,17,31348,53,3,2,89,259
393505.5299360285,0.552,Comp0011,Web0002,6,18632,443,6,52,320,9178
393506.5666183883,9.26,Comp0019,FS0003,6,44580,445,6,67,2440,7893
393509.1665005817,0.045,Comp0074,DNS0001,17,23557,53,3,3,54,224
393510.70005710114,10.783,Comp0038,Proxy0002,6,31789,3128,11,66,1408,29426
393513.08233072516,2.267,Comp0006,Web0001,6,12759,80,5,10,738,11973
393513.5791624776,0.919,Comp0038,DNS0001,17,60792,53,3,3,166,241
393516.17132425203,8.514,Comp0065,Proxy0002,6,4562,3128,15,93,686,16185
393518.48312236415,6.522,Comp0049,DC0002,6,18633,445,8,38,3910,13058
393523.3695795776,0.099,Comp0037,Proxy0002,6,8924,3128,12,51,907,12849
393524.43821159063,0.295,Comp0053,DNS0001,17,57673,53,2,3,81,120
393528.96968063473,1.027,Comp0016,Web0002,6,26631,80,3,18,385,22288
393529.7891482722,2.466,Comp0048,Web0001,6,5005,443,13,24,1749,9762
393532.3462926814,0.849,Comp0052,DNS0001,17,53462,53,2,2,72,72
393532.57797813404,6.456,Comp0045,DC0002,6,43598,389,14,3,413,956
393534.23656626814,4.9,Comp0063,Proxy0001,6,6787,3128,16,50,336,6762
393543.1269453987,1.071,Comp0035,DC0002,6,55017,88,4,7,238,831
393543.6265627499,20.978,Comp0021,DC0002,6,61684,445,6,154,1367,31253
393545.51285165164,0.593,Comp0033,DNS0001,17,63470,53,4,3,69,139
393545.874042951,2.539,Comp0071,Proxy0001,6,33345,3128,14,25,965,5266
393545.9588353236,5.059,Comp0051,DC0002,6,47028,389,7,8,243,175
393552.9369509762,0.173,Comp0003,DNS0001,17,62269,53,2,3,45,53
393560.7625345312,2.581,Comp0066,Mail0002,6,8489,587,4,5,991,738
393561.31451718975,8.043,Comp0037,Web0003,6,64530,443,9,45,1108,17915
393569.0475273597,0.073,Comp0056,DNS0001,17,39219,53,2,2,120,235
393569.6757231956,6.422,Comp0035,Web0001,6,7485,443,7,35,2401,3235
393573.4126482506,0.041,Comp0049,DNS0002,17,3329,53,2,2,72,143
393579.0633018119,1.346,Comp0043,Mail0002,6,17898,587,7,17,109,473
393579.70687801833,3.277,Comp0074,Proxy0002,6,10190,3128,7,5,597,16848
393588.51634627086,0.694,Comp0059,Comp0011,6,31437,3389,5,13,183,501
393589.9390399749,0.526,Comp0023,DC0001,6,61595,88,7,9,558,766
393591.9421029858,0.346,Comp0015,DNS0001,17,31387,53,3,2,66,142
393593.10698848404,2.157,Comp0057,Web0002,6,21266,443,14,28,423,2318
393595.67583059904,0.047,Comp0059,DNS0001,17,63630,53,2,2,39,130
393598.9524998185,6.613,Comp0027,Web0002,6,19607,443,11,20,713,2385
393607.3749726811,3.658,Comp0022,Web0003,6,12008,443,6,8,590,7275
393610.228778699,0.024,Comp0011,DNS0001,17,41599,53,2,3,41,169
393613.69467010436,4.558,Comp0075,Web0005,6,10661,443,16,56,391,4512
393621.716948467,0.004,Comp0037,DNS0002,17,34338,53,2,2,63,124
393623.35698325204,0.072,Comp0034,Proxy0002,6,10044,3128,5,79,945,6836
393628.41868321085,3.491,Comp0041,Web0001,6,8559,443,7,18,1179,1717
393628.77000943664,22.868,Comp0043,FS0003,6,63799,445,17,99,695,10125
393630.5607613477,2.741,Comp0022,Web0005,6,64296,80,11,18,105,6451
393630.9205933791,0.538,Comp0006,Web0004,6,26406,80,3,19,75,5821
393633.54255883343,7.621,Comp0001,Web0005,6,35838,443,6,148,754,2346
393633.706871724,4.452,Comp0010,DC0002,6,55924,88,7,14,424,1064
393639.89797267324,0.331,Comp0070,DNS0001,17,11350,53,2,2,67,93
393640.13045483077,9.899,Comp0036,FS0003,6,53975,445,4,89,557,20844
393643.49920252134,0.181,Comp0035,DNS0002,17,62987,53,3,3,55,387
393648.44966471964,15.604,Comp0007,Web0002,6,35338,443,16,89,2011,3650
393651.3321503283,18.308,Comp0072,Web0001,6,21608,443,8,6,593,1218
393655.5297040204,0.763,Comp0041,Web0006,6,2169,443,27,68,301,2190
393662.82191941305,0.107,Comp0022,DNS0002,17,42064,53,3,2,57,221
393663.4960221148,7.523,Comp0035,Proxy0001,6,55983,3128,6,98,158,7600
393678.64851513563,0.336,Comp0068,DNS0002,17,58305,53,3,3,58,74
393679.8389378297,0.228,Comp0039,DNS0001,17,34169,53,2,2,42,109
393681.4015952724,0.182,Comp0016,DNS0002,17,12132,53,2,2,69,237
393685.0680030557,1.92,Comp0060,Web0001,6,11332,80,19,13,776,7970
393700.61583305144,0.162,Comp0041,DNS0002,17,47483,53,2,3,72,79
393701.8561036791,0.071,Comp0045,DNS0001,17,49921,53,3,2,66,112
393711.12293841795,1.225,Comp0073,Proxy0002,6,15292,3128,6,7,470,1287
393713.76859977044,35.769,Comp0041,FS0001,6,52795,445,45,50,1478,58081
393714.16660694097,6.518,Comp0056,Web0005,6,58969,443,7,17,558,13422
393715.7024740991,0.058,Comp0043,Web0003,6,36995,80,4,137,670,6401
393716.867748007,0.002,Comp0004,DNS0002,17,24622,53,3,2,35,128
393723.4724059092,29.375,Comp0059,DC0002,6,11203,445,22,121,2601,41387
393725.2400678494,8.96,Comp0010,Web0005,6,44815,443,10,60,233,5314
393728.1503446663,14.194,Comp0070,Proxy0001,6,25821,3128,2,52,529,19166
393731.13676834485,0.056,Comp0072,DNS0002,17,11518,53,2,2,102,247
393732.866274562,4.522,Comp0067,Web0002,6,15708,443,8,91,281,9532
393734.790777761,2.331,DC0001,DC0002,6,36220,445,55,75,3446,42899
393735.1301294848,0.076,Comp0066,DNS0001,17,51561,53,2,3,42,145
393736.13524203654,7.241,Comp0043,Web0002,6,61199,443,5,87,837,604
393742.49151504936,7.502,Comp0033,Web0004,6,1812,443,5,127,890,6105
393751.21155946504,0.038,Comp0008,DNS0002,17,8536,53,3,3,95,111
393756.88808633166,0.046,Comp0072,DNS0002,17,24565,53,2,2,43,189
393757.7451877637,5.973,Comp0048,Mail0001,6,60888,587,12,6,328,570
393759.39328008064,0.746,Comp0057,DC0001,6,53734,88,14,12,395,197
393767.12740480783,0.151,Comp0076,DNS0002,17,7181,53,2,2,50,171
393780.7069623398,1.091,Comp0054,Proxy0002,6,12926,3128,8,46,541,6845
393782.2875181292,5.062,Comp0076,FS0001,6,53081,445,9,103,620,5758
393785.77330455335,4.146,Comp0024,Web0001,6,53520,443,10,8,595,27946
393786.60967452556,0.88,Comp0008,DC0001,6,56105,445,29,89,223,3728
393787.57975569245,10.885,Comp0072,Web0001,6,63202,443,11,193,1390,17797
393796.4069718119,6.789,Comp0009,Proxy0001,6,11483,3128,19,15,1010,5098
393798.3863316264,0.562,Comp0016,Proxy0001,6,44766,3128,10,65,974,13188
393799.7058865009,0.028,Comp0052,DNS0001,17,13090,53,4,2,49,128
393800.323646012,0.014,Comp0047,DNS0001,17,6241,53,3,3,48,143
393804.29142336757,2.055,Web0001,DB0003,6,45664,3306,22,44,575,3544
393806.2691152024,0.483,Comp0045,DNS0001,17,20359,53,4,2,83,124
393815.48687487474,1.345,Comp0003,DC0002,6,23221,88,5,9,1434,1279
393815.75143141387,3.635,Comp0022,Web0004,6,62206,443,9,43,480,5774
393822.4293728568,0.153,Comp0076,Web0005,6,12031,80,9,41,1075,31143
393832.9763646688,0.356,Comp0042,DNS0001,17,52772,53,2,2,62,134
393835.04157303064,0.546,Comp0057,DNS0002,17,10529,53,2,2,94,133
393835.51979042834,0.777,Comp0046,DC0001,6,37926,88,14,6,557,1268
393837.90576492815,2.275,Comp0007,Web0005,6,6875,443,4,8,1268,1010
393846.4292392101,7.702,Comp0052,Mail0002,6,47495,587,3,15,385,211
393850.4004876816,7.454,Comp0049,Web0003,6,7640,80,5,16,188,16314
393851.9859274053,0.566,Comp0031,DNS0001,17,10174,53,2,3,20,74
393852.3536138331,3.968,Comp0002,Proxy0002,6,33012,3128,3,29,550,21926
393856.05704810016,0.175,Comp0014,DNS0002,17,1272,53,2,3,74,127
393859.7178422146,0.036,Comp0046,DC0001,6,2395,445,10,102,1156,615
393862.8901078366,1.392,Comp0059,DC0001,6,12031,389,3,29,1800,2667
393863.5609650532,8.528,Comp0062,Web0004,6,49383,443,12,14,228,1260
393878.64634853514,5.962,Web0003,DB0002,6,6314,3306,13,63,2282,5125
393883.07059119607,39.359,Comp0078,Comp0009,6,39375,445,47,40,1263,2395
393884.78816344717,6.56,Comp0072,FS0003,6,46142,445,29,431,1426,23341
393885.7878413854,1.19,Comp0006,FS0001,6,21684,445,15,149,2636,4183
393888.98644651345,0.229,Comp0049,DNS0001,17,18211,53,3,2,32,591
393889.6453084051,4.037,Comp0076,Mail0001,6,8833,587,6,4,69,454
393903.70264030306,2.013,Comp0028,Mail0001,6,1728,993,10,5,743,403
393905.2560826693,33.731,Comp0007,FS0001,6,31026,445,13,35,2987,11697
393905.5795380267,3.257,Comp0015,Web0002,6,41113,443,5,106,858,9975
393909.4585195291,1.574,Comp0041,DC0002,6,15546,389,7,14,703,303
393911.6785277876,42.877,Comp0027,FS0003,6,24887,445,22,56,1230,6400
393917.61218840344,4.382,Comp0040,DC0002,6,55369,445,32,11,1455,14916
393920.8708086905,35.432,Web0001,DB0004,6,34692,3306,41,16,939,8970
393926.00768595334,8.896,Mail0002,Ext0002,6,38869,25,4,7,549,610
393930.1067313733,7.642,Comp0063,FS0003,6,43505,445,23,157,2591,1836
393942.92308860325,2.137,Comp0067,Web0003,6,24262,443,3,23,1044,7233
393969.494329096,0.135,Comp0065,DNS0001,17,4447,53,3,3,110,115
393969.5211886571,4.671,Comp0025,Web0005,6,59621,80,3,40,499,2024
393971.97830648796,0.434,Comp0051,Web0005,6,13396,80,4,8,608,24505
393972.28620399284,11.762,Comp0011,Web0001,6,32156,443,8,31,2318,2574
393974.26871890237,24.383,Comp0022,FS0001,6,13731,445,11,146,1363,53369
393975.5373645264,0.627,Comp0032,DC0001,6,31955,88,12,12,1383,777
393977.5297965985,0.107,Comp0050,DNS0001,17,33930,53,2,2,115,222
393978.26170755003,3.095,Comp0052,Web0004,6,63353,443,4,194,1946,4546
393988.0700394782,23.604,Web0001,DB0004,6,12031,3306,11,33,1974,16393
393989.8582114364,0.587,Comp0070,Web0001,6,31420,443,8,146,1613,5333
393991.2879290456,2.986,Comp0048,DC0002,6,6544,389,4,13,603,53
393992.3633431038,0.251,Comp0057,Web0006,6,47296,443,7,165,151,9399
394000.8411702078,0.297,Comp0028,DNS0001,17,24315,53,2,3,71,131
394005.74842378584,15.909,Web0003,DB0004,6,61311,3306,14,172,2172,32607
394009.2752442091,5.012,Comp0039,Web0002,6,52110,443,17,61,911,30398
394011.26233321964,1.049,Comp0020,DC0001,6,51834,88,4,8,103,138
394012.67291017907,5.632,Comp0041,Proxy0002,6,55166,3128,5,70,205,5581
394025.08388995123,7.268,Comp0012,Web0001,6,14248,443,5,35,673,56113
394028.36928576423,3.301,Comp0029,FS0001,6,56581,445,53,124,762,9732
394028.45479672303,0.075,Comp0003,DNS0002,17,30708,53,2,2,74,211
394029.9106301923,0.046,Comp0021,DNS0002,17,30242,53,2,3,77,231
394037.82757712674,1.37,Comp0016,Proxy0002,6,36489,3128,6,62,267,928
394039.6869849795,8.46,Comp0076,DC0002,6,63481,445,8,23,12236,3231
394046.1451171078,11.962,Comp0031,Web0001,6,27657,443,17,17,168,5866
394049.4575809204,7.942,Comp0061,FS0002,6,58353,445,56,48,32952,22036
394054.75621419016,3.103,Comp0003,Web0004,6,44738,443,17,17,346,8324
394055.2738471972,8.054,Web0002,DB0003,6,48052,3306,59,84,1034,16613
394056.3559816349,6.07,Proxy0001,Ext0007,6,50731,443,9,27,761,2940
394056.8353694632,1.271,Comp0059,Web0005,6,19423,80,8,43,302,6557
394057.42191548424,3.531,Comp0046,Web0005,6,23844,443,13,25,296,1563
394066.4753324846,7.418,Comp0072,Web0005,6,52641,80,8,39,673,3116
394072.7778684502,0.071,Comp0039,DNS0002,17,6949,53,2,2,34,111
394075.0061267527,6.214,Comp0055,FS0002,6,61712,445,20,73,2368,16990
394081.163485578,0.586,Comp0038,Proxy0001,6,18396,3128,7,28,448,17851
394087.4179302928,0.059,Comp0064,Mail0002,6,13718,587,4,9,1145,319
394093.2330730456,0.193,Comp0054,DNS0002,17,28113,53,3,2,55,428
394093.6700706119,0.041,Comp0069,DNS0001,17,22702,53,2,3,61,123
394095.97833279514,0.079,Comp0048,DNS0002,17,17893,53,2,2,81,125
394108.44659282314,0.06,Comp0071,DNS0001,17,55954,53,3,2,89,94
394111.5756229446,0.256,Comp0067,DNS0001,17,53397,53,2,3,78,165
394115.3020908084,0.905,Comp0010,FS0001,6,16414,445,37,101,11965,38413
394126.373567568,0.273,Comp0024,DNS0002,17,41574,53,2,2,45,76
394126.68139589654,2.952,Comp0032,Mail0001,6,37411,993,9,4,968,460
394127.4313207597,2.321,Comp0054,Mail0001,6,45975,993,6,3,193,1640
394133.9794489785,0.601,Comp0060,FS0003,6,33828,445,32,175,1371,18243
394137.8277080605,2.128,Comp0040,Proxy0002,6,2429,3128,7,18,490,5988
394145.1541242501,6.014,Comp0032,Web0005,6,37456,80,4,40,1574,9491
394147.42877035885,0.423,Comp0011,DB0004,6,24411,3389,4,16,2212,509
394155.8541492957,11.247,Comp0038,FS0002,6,52887,445,6,123,1789,4691
394155.9248861465,0.126,Comp0043,DNS0001,17,4016,53,2,2,68,345
394162.0239589218,0.31,Comp0067,DNS0002,17,28632,53,3,2,61,109
394167.2683464107,7.57,Comp0055,DC0001,6,56222,445,34,141,4417,17169
394168.40122734307,0.102,Comp0050,DNS0002,17,12151,53,3,3,100,73
394169.4644738376,0.242,Comp0030,DNS0001,17,20255,53,2,3,156,328
394172.30801984033,2.025,Comp0026,Web0006,6,2444,443,6,65,872,10741
394175.0487796873,0.13,Comp0019,DNS0001,17,41533,53,2,2,58,265
394181.00600781234,4.253,Comp0039,Mail0002,6,24254,587,4,4,59,1217
394181.98945481057,0.254,Comp0071,DC0002,6,41946,88,12,12,782,1198
394184.3791720889,12.539,Comp0021,Proxy0001,6,8080,3128,9,41,243,6159
394192.382350065,0.939,Comp0065,Web0004,6,63492,443,3,133,120,3346
394198.8552347013,3.371,Comp0060,DC0001,6,9728,445,11,93,616,24008
394205.2964493119,3.655,Comp0050,Comp0011,6,58910,3389,2,7,544,395
394215.1954769636,1.659,Comp0050,Web0006,6,3138,80,13,27,929,9409
394217.76064261654,1.432,Comp0071,Web0006,6,59734,80,9,23,202,3726
394220.264770649,5.207,Comp0011,Proxy0002,6,4145,3128,8,49,1272,7635
394226.3338769625,0.034,Comp0024,DNS0002,17,10319,53,2,3,59,93
394232.3004114025,1.402,Comp0007,Web0004,6,33522,443,16,24,1207,6397
394235.93802358734,1.976,Comp0017,Web0005,6,5685,80,4,41,2755,22866
394236.83957137226,1.697,Comp0034,Web0001,6,11114,443,14,51,194,49713
394237.0359288949,18.294,Comp0063,FS0003,6,14477,445,15,356,1104,34175
394239.41151112126,1.703,Comp0066,DC0001,6,33862,88,8,35,277,768
394245.7378370723,5.377,Web0004,DB0004,6,34100,5432,14,28,458,6860
394246.97225750994,0.022,Comp0009,DNS0001,17,43973,53,2,2,119,133
394256.0840755928,0.329,Comp0058,DNS0001,17,29645,53,2,2,34,101
394259.2107751293,8.232,Comp0057,DC0002,6,58866,445,26,228,1697,45625
394262.67198997823,0.109,Comp0075,Mail0002,6,61748,587,14,3,660,2181
394264.1119102352,6.779,Comp0077,Proxy0001,6,40066,3128,30,11,1230,3044
394281.6615391576,8.987,Comp0035,Web0006,6,31287,443,8,28,227,11271
394282.97357630666,0.03,Comp0042,DNS0001,17,53277,53,2,2,133,238
394287.96880817116,0.466,Comp0029,DNS0001,17,64992,53,3,3,105,293
394289.0826096719,7.927,Comp0006,DC0002,6,43318,389,6,6,90,926
394297.46454705455,9.626,Comp0075,Proxy0002,6,12119,3128,9,78,332,9610
394297.54899943416,0.432,Comp0027,DC0002,6,57124,88,3,7,127,1560
394299.30266666657,13.101,Comp0025,Proxy0002,6,65432,3128,23,34,214,2101
394299.44899052335,16.591,Comp0060,FS0003,6,6994,445,23,109,1408,2910
394300.9574796431,5.556,Comp0076,Web0005,6,37763,443,4,52,805,3988
394302.84021164547,1.704,Comp0004,Web0002,6,44871,443,5,18,998,47081
394309.3384163885,18.24,Comp0050,FS0002,6,36375,445,25,55,959,3130
394311.18198493763,4.716,Comp0068,Mail0001,6,59045,587,9,7,541,726
394321.5830852924,0.652,Comp0039,DNS0001,17,19514,53,3,3,96,172
394329.22218250285,6.877,Comp0011,Web0005,6,7631,443,16,130,1604,10121
394329.7064390011,0.13,Comp0019,DNS0002,17,64991,53,2,4,53,114
394332.17940684647,0.01,Comp0057,DNS0001,17,56314,53,4,3,48,144
394336.16420661256,2.693,Proxy0002,Ext0007,6,35866,443,8,161,1640,52029
394337.11457978364,0.413,Comp0063,Web0005,6,64883,80,3,106,1798,25107
394339.85287760984,0.213,Comp0072,DNS0001,17,13469,53,2,3,74,204
394341.78128654865,2.243,Comp0013,Web0005,6,14498,443,4,78,4472,7867
394344.15144853515,3.409,Comp0007,Mail0001,6,7326,993,6,14,881,713
394362.2645874002,16.554,Comp0017,Web0001,6,46030,443,12,44,609,67441
394365.0685428968,8.436,Comp0028,Web0002,6,63227,443,14,30,569,3085
394374.8985595552,2.407,Comp0006,DC0002,6,48557,88,4,4,198,1231
394375.47067945875,0.018,Web0005,DNS0001,17,29963,53,2,4,58,176
394377.5883764678,0.191,Comp0027,DNS0002,17,11469,53,3,3,73,157
394380.57251172245,6.981,Comp0024,Proxy0002,6,15724,3128,5,19,1201,7238
394385.8375970889,0.071,Comp0045,DNS0001,17,19137,53,2,2,122,98
394391.77235734224,30.721,Comp0047,FS0001,6,55169,445,16,138,6209,69834
394395.7896699158,0.151,Comp0024,DNS0001,17,32825,53,2,3,80,655
394400.16244741244,22.842,Comp0019,FS0001,6,21861,445,25,61,1816,54585
394404.5195069198,0.655,Comp0063,Web0002,6,56830,80,6,55,437,16012
394412.2982844233,0.155,Comp0059,Web0002,6,10417,443,16,112,116,12253
394413.56597986,0.148,Comp0046,DNS0001,17,63045,53,3,3,79,87
394423.51310892927,6.447,Comp0079,Web0001,6,30326,443,7,121,1244,213216
394423.5838634275,1.538,Comp0030,DC0002,6,62928,88,10,6,902,722
394432.2342564863,7.223,Comp0063,Proxy0002,6,49870,3128,17,47,507,12470
394436.54963533266,25.977,Comp0075,FS0002,6,56833,445,14,113,2714,6652
394444.4077390816,12.277,Comp0008,DC0002,6,15592,88,5,5,845,1234
394445.1180395682,2.935,Comp0057,Web0005,6,12491,443,14,40,2283,1972
394446.5697270832,8.768,Comp0062,Proxy0001,6,55730,3128,15,238,685,3752
394450.27469437657,2.559,Comp0068,DC0002,6,27204,88,11,4,195,578
394456.9706576369,0.109,Comp0001,Proxy0001,6,29764,3128,6,8,409,2457
394460.39634592907,7.045,Web0001,DB0002,6,7067,3306,4,100,6521,104762
394463.69729348423,8.876,Comp0001,Web0001,6,17205,443,4,78,951,11565
394468.6591621506,0.304,Comp0010,DNS0002,17,45631,53,3,2,45,56
394471.9774740767,3.067,Comp0031,Web0006,6,9976,80,28,49,1599,5489
394474.71247902256,0.101,Comp0046,DNS0002,17,61019,53,2,3,80,86
394475.48466288985,4.327,Comp0027,FS0002,6,50111,445,14,25,493,53578
394481.38455236214,20.009,Comp0011,FS0001,6,52682,445,29,100,2993,53602
394484.91445167287,0.059,Comp0038,DNS0001,17,59829,53,2,2,81,114
394488.8825261511,0.166,Comp0071,DNS0001,17,64590,53,2,3,85,142
394490.6494862879,0.379,Comp0005,Mail0002,6,19232,993,7,6,221,1490
394501.68878330523,11.401,Comp0051,Proxy0001,6,16172,3128,13,45,604,5162
394512.9078997963,0.343,Comp0032,DNS0002,17,54531,53,2,3,121,135
394518.25082967395,0.288,Comp0079,DNS0001,17,38338,53,4,2,39,239
394520.2842411141,0.181,Comp0076,DNS0001,17,37891,53,2,2,67,114
394520.65190706396,30.078,Comp0027,FS0003,6,65026,445,33,22,3247,1426
394521.66466163914,0.355,Comp0008,DNS0002,17,12329,53,2,2,44,118
394526.63233699347,0.199,Comp0053,DNS0001,17,4890,53,3,4,55,251
394535.59728945204,0.013,Comp0020,DNS0001,17,6659,53,2,2,90,294
394536.55297628127,0.816,Comp0057,DC0002,6,62646,88,3,5,260,290
394539.0353066738,0.105,Comp0022,DNS0001,17,25613,53,2,2,88,170
394541.97101995,0.526,Comp0061,Web0004,6,45827,443,9,14,464,3964
394542.8480087119,4.478,Comp0076,Web0003,6,21103,80,7,53,1326,1620
394548.180289387,0.376,Comp0078,Comp0022,6,40136,135,4,10,753,48
394555.1378879878,0.04,Comp0041,DNS0001,17,47489,53,3,4,80,82
394556.6899151949,6.458,Comp0043,Web0002,6,9591,443,4,149,67,12189
394560.7411983766,3.646,Comp0043,Web0002,6,33267,443,9,19,99,8034
394561.95888453955,0.021,Comp0005,DNS0002,17,37678,53,2,2,104,81
394562.4909875756,5.366,Comp0025,Proxy0001,6,4565,3128,5,68,231,21748
394563.2545571925,0.258,Comp0077,DNS0001,17,55652,53,2,2,86,132
394563.87784322933,15.798,Comp0014,Proxy0001,6,59150,3128,6,56,662,19220
394570.6411569966,5.972,Comp0013,Proxy0001,6,18874,3128,5,51,1645,71341
394571.47009426047,36.52,Comp0074,DC0001,6,58972,445,9,10,745,4701
394579.2531761474,6.401,Comp0066,Proxy0001,6,38908,3128,9,17,1250,10478
394581.9706009652,2.679,Comp0033,Proxy0002,6,14398,3128,13,67,1302,4419
394582.77515902946,1.961,Comp0071,Comp0011,6,11897,3389,12,8,1325,91
394588.17286677554,12.954,Comp0009,Proxy0001,6,2503,3128,12,74,489,12792
394592.0512848355,0.017,Comp0071,DNS0002,17,38185,53,3,2,100,166
394595.9166649677,0.054,DB0002,DNS0002,17,21253,53,3,3,63,179
394596.8894490083,0.049,Comp0036,DNS0002,17,47529,53,2,3,58,96
394597.0197743661,0.203,Comp0020,DNS0002,17,8880,53,3,2,66,189
394606.3169027375,0.067,Comp0040,DNS0001,17,5279,53,3,2,360,84
394613.8014383735,0.582,Comp0002,Mail0002,6,33528,993,11,7,373,917
394626.3237150963,0.136,Comp0060,DNS0001,17,19868,53,2,3,47,171
394628.4549437708,0.654,Comp0038,Proxy0001,6,44106,3128,12,208,1602,5616
394628.88499634416,0.365,Comp0007,DC0002,6,13923,88,4,12,584,1028
394639.9162787613,6.279,Comp0077,Proxy0002,6,54865,3128,3,20,444,14015
394640.0318147292,0.448,Comp0037,DNS0001,17,48101,53,2,2,47,178
394640.5166819723,0.745,Comp0052,DNS0001,17,33709,53,2,2,82,84
394644.8649090687,9.172,Comp0057,Web0006,6,27590,443,15,39,1031,2768
394646.01748256886,0.11,Comp0070,DNS0001,17,63498,53,3,3,72,278
394647.10524672904,4.449,Comp0046,DC0002,6,37263,88,6,4,1020,1371
394655.0599524427,3.86,Comp0076,Web0006,6,10727,443,20,48,704,9969
394656.6350698546,0.216,Web0003,DNS0002,17,5788,53,2,3,70,177
394660.3219404779,5.018,Comp0028,Web0002,6,28112,80,16,39,155,5823
394673.3015104185,0.11,Comp0041,DNS0001,17,61737,53,2,2,35,124
394676.38306997425,0.452,Comp0058,Proxy0001,6,1140,3128,7,28,238,4781
394679.3191403717,0.378,Comp0028,DC0001,6,50640,88,11,11,574,1517
394680.09209954407,0.145,Comp0027,DNS0001,17,62162,53,2,3,97,98
394680.3723967229,5.955,Comp0016,Proxy0001,6,63973,3128,15,11,1391,25560
394684.96342985396,0.064,Comp0043,DC0002,6,46659,445,38,39,5159,107164
394689.324168795,0.443,Comp0061,Web0004,6,7362,443,17,28,512,26319
394695.0680052437,0.407,Comp0057,Web0006,6,42631,443,10,241,353,4523
394695.1436070385,0.053,Comp0056,DNS0001,17,47908,53,2,4,61,86
394700.95886823337,2.839,Comp0077,DC0001,6,34845,445,101,172,7566,176123
394713.5574887772,0.194,Comp0053,DNS0002,17,37800,53,2,3,97,208
394716.3836775412,0.183,Comp0024,DNS0002,17,54292,53,2,3,89,421
394721.21389355644,10.111,Comp0048,Proxy0002,6,20218,3128,10,24,624,5027
394728.59390060924,1.782,Comp0035,Proxy0002,6,55191,3128,16,71,109,793
394740.99919458956,0.186,Comp0054,Mail0002,6,11215,993,3,14,138,1812
394749.8318458863,4.532,Comp0016,Web0006,6,58199,80,12,121,1246,12229
394754.3093452227,9.684,Comp0013,DC0001,6,13131,389,15,19,348,239
394761.094601105,0.411,Comp0025,DNS0001,17,19334,53,2,2,118,181
394766.1995563072,0.322,Comp0049,DNS0001,17,55441,53,2,3,78,81
394779.1651703384,10.869,Comp0033,Proxy0001,6,42170,3128,8,11,782,5512
394784.5865545741,1.391,Comp0004,Web0002,6,35299,443,8,29,415,5371
394796.44933521666,2.128,Comp0026,DC0002,6,44344,389,7,5,117,534
394800.00849821634,5.646,Comp0050,DC0002,6,24143,389,12,5,65,440
394800.8257373627,0.156,Comp0005,DNS0001,17,45544,53,3,3,76,111
394800.97186711384,0.387,Comp0038,DC0001,6,3573,88,3,4,143,642
394801.49718541675,1.349,Comp0070,Proxy0002,6,27266,3128,8,40,1635,2120
394802.56364740955,0.122,Comp0029,DNS0001,17,53264,53,3,2,56,129
394803.6461531171,0.895,Comp0039,DC0001,6,1914,389,8,8,239,2678
394803.8206050864,11.816,Comp0026,Web0006,6,22071,443,4,65,999,6570
394804.05278486235,18.037,Comp0005,DC0002,6,25087,445,16,27,4743,2891
394819.8825436503,10.096,Comp0016,Mail0002,6,61954,993,5,4,129,606
394823.02763945644,19.575,Comp0047,Proxy0001,6,41062,3128,22,42,1104,3631
394825.1512817483,0.03,Comp0068,DNS0001,17,29120,53,2,3,36,186
394825.44642208697,7.265,Comp0001,Proxy0002,6,2133,3128,8,10,509,4921
394826.2302171268,0.219,Comp0060,DNS0001,17,54946,53,3,2,51,194
394827.19066640857,0.941,Comp0065,DC0001,6,21767,88,4,14,1812,1204
394831.7892855787,5.376,Comp0025,Web0003,6,64137,80,5,28,495,3972
394844.30711685977,0.163,Comp0037,DNS0002,17,46867,53,4,3,75,123
394853.32242407073,1.042,Comp0041,Web0002,6,9528,443,4,55,1777,1466
394853.48267081345,6.291,Comp0034,Web0005,6,24317,443,7,21,447,17982
394854.75156040594,2.441,Comp0011,Mail0001,6,30615,587,3,9,160,482
394857.58111713827,2.445,Comp0080,Web0001,6,46295,443,11,114,655,11500
394859.7155827516,0.124,Comp0031,DNS0001,17,43986,53,2,4,50,155
394865.5215655339,0.296,Comp0054,Mail0002,6,63164,993,10,5,301,2037
394866.0038216356,0.504,Comp0061,DNS0002,17,56974,53,2,2,61,143
394868.01146482467,1.465,Comp0036,DC0002,6,28104,389,5,5,186,272
394871.73985824,0.482,Comp0037,DNS0002,17,60187,53,2,3,60,118
394874.0223530119,1.811,Comp0011,Web0001,6,55443,80,16,69,489,21405
394875.8572950228,0.022,Comp0058,DNS0002,17,46211,53,3,3,61,90
394876.1816510911,0.162,Comp0014,DNS0002,17,6020,53,2,2,223,82
394876.20262210845,0.065,Comp0046,DNS0001,17,50934,53,3,2,74,106
394881.0268564795,0.135,Comp0056,DNS0002,17,51000,53,3,3,120,73
394881.5298254627,0.227,Comp0063,DNS0001,17,14818,53,3,3,76,145
394892.43494680786,0.745,Comp0031,Web0003,6,34799,443,8,92,2092,17681
394893.1172794781,7.673,Comp0069,DC0002,6,32360,389,9,20,333,332
394893.5074618187,4.543,Comp0031,Web0006,6,57896,443,6,9,263,1155
394894.93943039747,7.439,Comp0015,FS0003,6,27314,445,64,62,3075,30310
394895.9398292839,0.012,Comp0078,DNS0002,17,3362,53,2,2,55,171
394898.4744063533,1.131,Comp0056,Web0002,6,31055,443,8,11,423,1233
394899.33318603004,5.442,Comp0054,Proxy0001,6,14665,3128,7,43,2281,10307
394902.54943431856,1.36,Comp0077,Proxy0002,6,46219,3128,6,72,565,5254
394910.4427977713,1.781,Comp0065,DC0002,6,49283,389,6,13,435,414
394921.0642049892,0.075,Comp0060,DNS0001,17,5947,53,3,2,111,179
394921.48603274405,0.056,Comp0076,DNS0001,17,5692,53,2,3,79,206
394929.8028670657,19.82,Comp0011,Proxy0002,6,39674,3128,14,11,746,2580
394929.8325276172,0.303,Comp0041,DNS0001,17,41012,53,2,3,54,193
394929.9237776748,13.069,Comp0008,Web0002,6,35492,443,7,30,508,17196
394930.9646923687,10.584,Comp0005,Web0003,6,55023,80,2,35,314,76515
394933.44872153446,9.084,Comp0006,FS0003,6,61139,445,20,158,1640,57519
394935.3150616123,0.061,Comp0076,DNS0001,17,57146,53,2,3,40,104
394943.88664642326,7.241,Comp0003,Web0002,6,7938,443,12,52,1187,14711
394945.18817449186,0.19,Comp0025,DNS0002,17,17723,53,3,2,92,196
394953.45276846905,0.395,Comp0032,DNS0001,17,1487,53,2,2,75,94
394954.4759887884,0.371,Comp0020,DNS0002,17,61450,53,3,3,65,135
394957.5018511659,0.305,Comp0072,Proxy0001,6,52749,3128,6,16,1958,1839
394969.9130712111,0.15,Comp0049,DNS0001,17,3226,53,3,3,72,70
394972.85208076,0.222,Comp0010,DNS0002,17,36201,53,2,3,54,110
394976.046503926,3.921,Comp0020,FS0003,6,8412,445,58,119,1662,6258
394976.35193179944,0.462,Comp0060,Mail0002,6,49781,993,6,3,360,167
394977.04608541506,15.748,Comp0040,Proxy0001,6,2842,3128,4,27,616,226
394980.05706972093,5.675,Web0001,DB0004,6,44158,5432,18,98,1074,39315
394983.6983023515,7.404,Comp0007,Web0003,6,52178,443,29,101,276,29167
394991.9251236719,0.234,Comp0043,DNS0001,17,15983,53,2,2,68,63
395001.8898870772,16.23,Comp0006,Web0005,6,49152,443,10,51,202,525
395002.1128034856,0.721,Comp0068,Mail0002,6,4664,993,8,6,562,1028
395002.73489117005,0.278,Comp0002,Proxy0002,6,40151,3128,6,75,647,42226
395015.30118741986,0.068,Comp0010,DNS0001,17,39151,53,2,3,61,147
395025.375470249,9.766,Comp0008,FS0003,6,31397,445,32,383,2072,118769
395031.5814722936,0.226,Comp0061,DNS0001,17,30717,53,2,3,63,171
395042.5356572519,3.229,Comp0005,FS0001,6,19547,445,106,17,485,9128
395046.30764989206,1.231,Comp0076,Web0004,6,29847,443,14,85,726,6669
395048.01325898455,4.001,Proxy0002,Ext0013,6,21336,443,7,49,2154,4161
395048.3535440246,0.354,Comp0057,DNS0002,17,3362,53,2,3,56,181
395055.03950592433,4.712,Comp0044,Web0006,6,65124,443,5,41,601,45588
395055.11923136975,5.829,Comp0005,DC0002,6,62932,445,16,50,868,5148
395066.4725011863,0.086,Comp0038,DNS0001,17,54079,53,3,2,47,211
395066.9070835472,1.834,Comp0063,Mail0001,6,31172,587,6,5,821,819
395069.20977500046,0.871,Comp0017,Web0003,6,20307,443,4,82,147,2559
395069.6711218632,1.564,Comp0061,Web0005,6,13488,443,13,18,101,1629
395071.66286354704,0.384,Comp0013,Web0001,6,11149,80,18,24,841,7817
395089.51198629197,0.009,Comp0036,Web0006,6,46786,443,4,186,1582,6494
395095.4417135296,5.904,Comp0028,FS0001,6,32991,445,13,98,783,89433
395100.4002869421,0.183,Comp0026,DNS0001,17,31025,53,2,4,61,121
395106.9981945722,1.0,Comp0077,Web0005,6,27583,443,5,98,473,28498
395108.30185324064,6.339,Comp0076,Web0006,6,18309,443,8,27,2342,1050
395111.6478500141,0.247,Comp0074,DNS0002,17,55505,53,2,3,40,191
395113.03028490406,0.573,Comp0067,DNS0002,17,22161,53,2,2,64,120
395121.27810048684,0.098,Comp0005,DNS0001,17,43298,53,2,2,45,67
395130.1105598889,2.83,Comp0023,Proxy0001,6,53709,3128,5,18,717,2071
395142.3665275884,0.136,Comp0005,DNS0001,17,41035,53,2,3,80,272
395143.2253644837,20.732,Comp0006,Comp0050,6,9995,139,57,197,325,478
395145.92341393244,0.079,Comp0043,DNS0001,17,24231,53,3,3,64,245
395153.4982647261,14.997,Comp0027,FS0002,6,47985,445,33,32,3053,16136
395154.9859706822,2.436,Comp0063,Web0005,6,47155,80,16,18,773,5712
395160.40214357956,1.337,Comp0019,Web0001,6,12113,443,6,187,372,19128
395160.9984559474,0.635,Comp0026,DNS0002,17,34924,53,3,2,107,221
395161.110714811,0.011,Comp0079,DNS0002,17,61225,53,2,4,81,130
395171.4590714475,11.499,Comp0009,DC0002,6,16654,445,26,119,564,26740
395173.60533219913,17.229,Comp0001,Web0004,6,47146,443,13,158,623,23888
395174.50869972806,10.383,Comp0054,Web0002,6,25034,443,13,55,752,2309
395175.52573668037,11.971,Comp0079,FS0002,6,11366,445,15,735,570,8629
395176.0458804275,15.371,Comp0059,FS0003,6,53502,445,92,250,843,3914
395182.84494832787,0.061,Comp0043,DNS0002,17,54194,53,3,2,78,70
395185.22533467587,0.07,Comp0048,DNS0001,17,2747,53,3,2,43,175
395200.0369840418,2.517,Comp0052,Web0001,6,60602,443,7,26,360,20422
395207.01380277483,0.186,Comp0043,Web0006,6,59928,80,30,85,1225,16429
395207.2157480622,3.112,Comp0039,Web0003,6,24972,443,5,17,1141,13836
395209.3175830648,10.435,Comp0048,Web0002,6,38074,443,6,71,3762,2657
395212.67733580736,0.178,Comp0039,DNS0001,17,25860,53,3,4,169,141
395213.0830035424,33.397,Comp0009,DC0002,6,24385,445,8,51,41327,30941
395222.5747788947,0.801,Comp0056,DC0002,6,22023,88,5,32,637,442
395229.25626572216,6.081,Comp0003,Web0004,6,6253,443,11,26,225,30987
395231.97719637246,0.069,Proxy0001,DNS0001,17,14115,53,3,3,37,183
395238.0842783299,5.654,Comp0071,DC0001,6,62285,389,4,5,608,428
395245.8636943428,2.556,Comp0050,Web0002,6,60406,443,11,64,658,993
395252.6777352209,40.487,Comp0039,FS0002,6,14650,445,48,592,257,6197
395261.1793945908,3.306,Comp0019,FS0002,6,14429,445,18,335,5187,128222
395266.4023725441,0.67,Comp0069,DNS0002,17,10086,53,2,2,75,71
395268.7655146281,2.936,Comp0036,Web0006,6,19228,80,8,7,7354,1484
395269.2158909867,3.751,Comp0028,DC0001,6,61653,445,35,82,1888,19474
395272.73365771654,11.905,Comp0011,Web0004,6,59448,443,13,109,345,17483
395281.3673565439,0.049,Comp0054,DNS0002,17,16003,53,3,3,48,100
395281.39012801263,21.171,Comp0066,FS0002,6,27682,445,33,195,1812,153465
395282.4486750581,0.913,Comp0038,Web0006,6,3253,443,17,11,494,12583
395286.7548440905,0.178,Comp0028,DNS0002,17,7590,53,2,2,69,121
395288.311164027,0.114,Comp0056,Proxy0002,6,31352,3128,17,15,879,3754
395293.6191706731,0.592,Comp0055,Web0006,6,53447,443,6,52,940,577
395295.6770170324,1.391,Comp0018,Proxy0002,6,22269,3128,14,62,304,19416
395295.8384431849,2.311,Comp0033,Web0003,6,7977,80,9,8,1092,8182
395297.8020999002,4.211,Comp0044,FS0001,6,1968,445,53,2603,355,23855
395301.48090748006,1.124,Comp0064,Web0004,6,25306,443,5,5,515,10948
395301.57798543904,0.447,Comp0007,DNS0001,17,48836,53,2,2,109,64
395310.8326840722,2.328,Comp0015,Mail0002,6,5179,993,7,7,733,194
395310.90416176955,0.11,Comp0044,DNS0001,17,25873,53,2,2,84,107
395312.3380475622,0.303,Comp0013,DNS0002,17,28727,53,3,3,44,127
395313.1427555878,11.096,Comp0017,Proxy0001,6,50192,3128,9,20,482,3696
395316.99789330224,1.347,Comp0037,Web0002,6,21196,443,13,35,1094,12743
395319.36139564787,0.399,Comp0059,DNS0001,17,31139,53,2,3,29,203
395321.56972942647,0.034,Comp0044,DNS0001,17,11714,53,3,3,77,273
395327.8809932624,0.134,Comp0043,DNS0002,17,26609,53,3,2,123,131
395331.6666592185,7.829,Comp0014,Proxy0001,6,33739,3128,17,24,1177,9083
395332.5611251918,0.046,Comp0029,DNS0001,17,9566,53,2,2,69,221
395333.9468997595,0.276,Comp0059,DNS0002,17,28626,53,2,3,60,150
395335.92117346684,1.054,Comp0043,DC0001,6,14801,389,4,2,1381,143
395340.62785131735,1.282,Comp0064,Mail0001,6,16097,993,12,9,943,460
395346.5823426426,0.072,Comp0009,DNS0001,17,32965,53,2,2,47,197
395349.10374178604,0.247,Comp0040,DNS0001,17,23094,53,3,3,124,61
395349.6006174638,0.041,Comp0004,DNS0001,17,43333,53,2,3,53,186
395358.02028872166,0.18,Comp0065,DNS0002,17,18161,53,3,4,73,30
395360.68568183156,6.841,Comp0040,Web0002,6,11996,443,4,13,898,8958
395362.20804986934,3.472,Comp0007,DC0001,6,42703,88,3,4,275,279
395363.79971908615,0.025,Comp0060,Web0003,6,19061,80,14,34,1034,1119
395367.17100442847,0.233,Comp0028,DNS0001,17,26206,53,3,3,98,147
395368.08824982145,0.924,Comp0058,Mail0002,6,20261,993,6,13,361,378
395369.7565952164,6.386,Comp0049,Web0002,6,22732,443,6,14,453,17997
395370.77069997526,15.253,Comp0063,Web0004,6,49926,80,53,27,383,784
395378.8635649944,0.957,Comp0075,Web0005,6,62964,443,6,18,558,17442
395379.9549861082,1.731,Comp0026,FS0002,6,13036,445,36,57,487,12547
395380.48390654766,0.336,Comp0079,DNS0001,17,48665,53,2,2,119,229
395382.2290807576,2.111,Comp0018,DC0002,6,33733,389,6,11,602,348
395385.15238851844,2.798,Comp0038,Proxy0001,6,42296,3128,28,19,2070,3991
395391.4667703368,36.015,Comp0052,FS0001,6,25247,445,11,361,13414,16829
395393.4334147788,2.691,Comp0031,Web0006,6,7898,443,17,25,1123,8029
395394.38324729854,0.396,Comp0021,DNS0001,17,64537,53,2,2,82,205
395399.4519314513,5.287,Comp0023,DC0002,6,56359,88,7,7,147,1435
395404.0460095311,1.135,Comp0067,DC0002,6,35258,88,2,6,495,3409
395405.8984150605,0.005,Comp0018,DNS0002,17,61353,53,3,3,176,152
395411.02470895904,2.422,Comp0044,Web0006,6,11910,443,13,38,153,5756
395414.9954850805,0.027,Comp0019,DNS0001,17,28033,53,2,3,61,186
395416.36220544914,3.284,Comp0073,FS0001,6,61092,445,26,124,3340,8573
395416.5455916654,0.582,Comp0005,DNS0002,17,63061,53,2,2,45,63
395417.9866157284,1.162,Comp0007,Web0005,6,46572,443,6,10,794,14563
395425.5530136714,0.041,Comp0001,DNS0001,17,44443,53,3,3,48,276
395433.0019876894,1.042,Comp0031,DC0002,6,21474,88,13,8,55,7868
395443.60788241227,3.165,Comp0051,DC0001,6,17662,389,7,10,126,3318
395443.7275770089,1.948,Comp0035,DC0002,6,8126,88,7,14,504,631
395444.2722569586,5.697,Comp0053,DC0002,6,12838,389,19,7,328,289
395453.59803726437,4.738,Comp0067,DC0002,6,31652,389,8,11,140,433
395461.79812930926,7.004,Comp0039,DC0002,6,47391,389,10,14,1263,573
395463.3537720587,8.037,Comp0064,Mail0001,6,49101,993,3,9,81,249
395468.2931740848,0.212,Comp0030,DNS0001,17,18218,53,2,3,83,119
395472.1824392115,0.175,Comp0064,DNS0002,17,64500,53,3,3,62,85
395476.70069142873,10.312,Web0003,DB0003,6,2845,5432,14,24,1670,3008
395478.02393274725,0.377,Comp0051,DC0002,6,21780,88,3,8,1604,111
395478.4393401054,2.526,Comp0004,Web0005,6,11228,443,3,34,363,2133
395482.2769975335,10.723,Comp0030,Web0002,6,8530,443,6,21,1025,2402
395482.6121832911,14.753,Comp0072,Proxy0001,6,23244,3128,30,139,248,14119
395488.87723774,8.844,Comp0022,Mail0001,6,27050,993,11,14,700,1736
395495.85529992497,5.11,Comp0077,Web0006,6,48009,443,6,32,448,14153
395497.1260606307,3.104,Comp0061,Mail0001,6,64913,993,3,6,188,4044
395501.6309017043,4.223,Comp0007,Web0003,6,57013,443,5,18,1031,87360
395505.80083584855,9.472,Comp0064,Proxy0001,6,15318,3128,12,92,161,2180
395505.89694017236,14.512,Web0005,DB0002,6,64381,3306,16,37,828,37075
395513.7785906327,4.76,Comp0020,Mail0001,6,23966,587,3,11,166,440
395516.60167511815,22.476,Comp0074,Web0005,6,65186,443,10,138,931,1664
395518.7651916184,0.017,Comp0006,DNS0001,17,7092,53,3,2,96,487
395520.6249431104,9.753,Comp0042,Web0005,6,33216,80,15,90,364,7039
395535.00448784133,0.128,Comp0023,DNS0001,17,52232,53,2,2,58,160
395540.34709235706,5.826,Comp0075,FS0002,6,25302,445,14,80,2073,18998
395541.74139328406,0.022,Comp0018,Web0006,6,24284,80,9,84,148,14328
395543.5163584536,0.064,Comp0001,DNS0002,17,24943,53,3,3,42,186
395543.7907067803,19.582,Comp0012,FS0002,6,1258,445,36,159,30279,66792
395544.1602365013,0.083,Comp0016,Mail0001,6,7236,587,3,13,343,827
395548.24461154157,3.273,Comp0060,Proxy0002,6,24021,3128,5,79,855,12352
395548.7504597142,4.132,Comp0031,Proxy0002,6,60225,3128,16,63,301,2719
395550.6571911386,0.063,Comp0025,DNS0002,17,36828,53,2,2,43,49
395553.694197593,0.322,Comp0059,DNS0001,17,24112,53,2,3,40,188
395560.8774571073,6.129,Comp0075,Web0005,6,26303,443,5,133,306,7770
395561.0696732344,4.358,Comp0012,Mail0002,6,64991,993,6,9,186,278
395561.98516931996,0.19,Comp0024,DNS0001,17,63235,53,3,3,134,51
395567.4827918704,4.399,Comp0007,Mail0002,6,58017,993,10,4,1098,533
395567.9894906749,1.217,Comp0070,Web0006,6,51034,80,5,17,1480,20949
395568.2949865387,0.245,Web0004,DNS0001,17,8199,53,2,3,161,148
395573.30428739986,2.939,Comp0011,Web0006,6,10679,80,5,41,607,3461
395577.31559374806,1.866,Comp0068,Proxy0002,6,39502,3128,7,89,1147,3474
395579.01650182955,2.168,Comp0032,DC0001,6,4368,445,28,131,723,56611
395583.48124693,0.067,Comp0037,DNS0001,17,4182,53,2,3,61,170
395585.62255666574,0.008,Comp0022,DNS0002,17,31501,53,2,2,29,271
395588.8868534551,0.07,Comp0060,Mail0002,6,3980,993,4,4,1483,217
395589.5237007993,27.162,Comp0046,FS0001,6,63679,445,17,38,5029,11322
395593.39005637297,0.137,Comp0022,DNS0001,17,19155,53,2,2,102,73
395594.8705929113,0.099,Comp0042,DNS0001,17,56353,53,2,2,27,255
395597.1074974244,0.258,Comp0052,DC0002,6,39720,88,4,12,770,902
395597.38022871665,2.909,Comp0041,Proxy0002,6,9602,3128,16,110,217,3085
395599.82377288217,3.642,Comp0022,FS0002,6,55619,445,40,58,4474,15336
395604.37200552865,0.033,Comp0017,DNS0002,17,53204,53,2,2,38,161
395606.84039416345,9.268,Comp0034,Web0006,6,50548,80,18,59,1027,4607
395607.7032965611,0.138,Comp0065,Web0005,6,19391,443,5,13,2277,1606
395607.7510522577,11.417,Comp0021,Web0001,6,45923,80,7,55,104,11531
395609.59975167294,0.424,Comp0027,DNS0002,17,3990,53,2,2,79,61
395611.1495417489,0.047,Comp0041,DNS0001,17,26893,53,2,2,58,190
395611.7719801673,10.662,Comp0057,Web0001,6,54740,443,9,119,530,36964
395611.95470625354,7.194,Comp0011,DC0002,6,47695,445,23,67,3628,8291
395613.68271894834,1.019,Comp0028,DNS0002,17,11828,53,3,3,59,150
395622.27738757175,11.869,Comp0047,FS0001,6,41262,445,20,38,1623,9985
395625.0278476087,0.397,Comp0041,DNS0001,17,31161,53,2,3,39,127
395630.8308788952,0.011,Comp0020,DNS0002,17,27592,53,2,3,54,122
395632.31006758823,0.227,Comp0026,DNS0002,17,23695,53,2,2,54,472
395632.79263226304,2.373,Comp0065,Web0005,6,64998,443,3,125,250,23753
395637.6486954149,2.144,Comp0044,Web0004,6,53585,443,7,12,1050,88565
395640.5505391776,6.183,Comp0047,Web0003,6,15844,80,8,27,433,29415
395642.6728081722,0.349,Comp0029,DNS0002,17,39541,53,2,3,60,364
395646.1668571452,11.667,Comp0022,FS0002,6,50249,445,35,169,7564,25481
395650.63802917115,0.15,Comp0025,DC0001,6,12560,389,9,4,73,189
395651.808108032,0.125,Comp0060,DNS0002,17,22539,53,2,2,40,89
395657.98883483984,11.806,Comp0020,Web0001,6,21718,443,8,26,2269,1767
395660.12603630894,0.27,Comp0032,DNS0001,17,6365,53,3,2,47,301
395661.2052334212,1.546,Comp0022,DC0001,6,39269,88,11,7,745,891
395664.6751007853,0.083,Comp0058,Proxy0002,6,57558,3128,8,38,470,757
395667.3163395203,0.074,Comp0050,Web0001,6,3332,443,16,117,797,5178
395674.03296885267,0.062,DB0004,DNS0002,17,47642,53,3,3,78,203
395678.1523033545,1.196,Comp0077,DC0001,6,22567,88,6,7,287,1230
395686.5656468625,2.615,Comp0062,Web0005,6,30390,443,14,66,203,19229
395687.14555353386,3.363,Comp0033,Proxy0001,6,23676,3128,13,9,1224,1787
395688.22584906244,0.592,Comp0038,DNS0002,17,63225,53,3,2,80,65
395699.46918185824,0.24,Comp0066,DNS0002,17,65368,53,2,2,43,307
395699.47579774004,0.637,Comp0012,Proxy0001,6,12245,3128,3,22,139,4654
395700.11415923253,0.292,Comp0002,DNS0002,17,51447,53,3,2,59,175
395700.3269703797,2.166,Comp0050,Web0006,6,44944,443,11,23,821,26269
395703.32162033656,3.605,Comp0078,Comp0072,6,58362,3389,4,15,1248,12
395705.80664149154,2.654,Comp0006,Web0006,6,46907,80,12,19,1552,3913
395705.8716336829,0.338,Comp0029,DNS0001,17,22989,53,2,3,73,199
395707.16355883406,2.642,Comp0062,DC0002,6,22518,389,3,4,469,474
395714.1619937093,1.451,Comp0037,Mail0002,6,22829,587,9,26,488,267
395720.5455522855,3.647,Comp0024,Web0005,6,16934,443,4,9,896,1939
395721.63457970024,0.109,Comp0061,DNS0002,17,40814,53,2,3,94,218
395721.95103173703,27.844,Comp0079,FS0002,6,20437,445,37,40,6685,6696
395721.96263261995,17.487,Comp0067,Proxy0002,6,5240,3128,6,422,1982,2414
395727.23731516907,2.669,Comp0070,Web0001,6,12083,80,15,20,3035,1981
395727.6917939823,0.125,Comp0035,Proxy0002,6,29979,3128,17,64,1593,9043
395729.78877550067,0.242,Comp0060,DNS0002,17,18514,53,3,2,94,101
395731.1255803948,1.735,Comp0006,Proxy0002,6,53969,3128,8,121,576,11176
395739.77017321,0.376,Comp0076,DNS0001,17,10975,53,2,2,78,84
395740.8299526003,7.373,Comp0006,Comp0061,6,46568,139,10,201,6493,155
395742.57160240825,1.664,Comp0078,Comp0046,6,43844,445,15,688,2515,424
395749.09709816135,0.03,Comp0058,DNS0001,17,16290,53,3,2,57,101
395749.9374789498,5.885,Comp0048,DC0001,6,44416,88,4,9,526,988
395751.76143315906,4.423,Comp0035,Web0001,6,43043,80,15,48,1279,8633
395753.2009077278,4.261,Comp0047,Web0002,6,65454,80,13,46,2257,7540
395758.6951891601,31.131,Comp0014,FS0002,6,42620,445,66,37,4343,9018
395758.79508417926,1.395,Comp0005,DNS0001,17,64689,53,3,4,68,214
395758.9077954119,5.496,Comp0060,FS0003,6,55765,445,17,44,2230,70959
395762.45449583395,0.935,Comp0044,DNS0001,17,55404,53,2,4,65,159
395770.4462324997,1.614,Comp0003,DC0001,6,64819,88,3,11,1179,526
395775.1938239344,6.006,Comp0029,DC0002,6,5213,389,9,4,228,646
395777.180887711,12.664,Comp0070,Web0006,6,42673,443,6,76,908,2480
395785.04826118436,1.673,Comp0034,Mail0002,6,37638,993,4,2,344,153
395787.3881274171,10.045,Comp0006,Proxy0002,6,29602,3128,29,63,376,57556
395788.24438021804,0.013,Comp0016,DC0002,6,30630,389,8,5,46,1647
395794.8829276638,0.09,Comp0004,DNS0002,17,26667,53,2,3,43,223
395796.2871694859,2.618,Comp0061,Web0006,6,63399,80,4,19,396,3550
395798.9475693171,0.575,Comp0078,DC0001,6,28357,389,6,4,1216,932
395799.5680252216,0.679,Comp0041,DC0002,6,61279,88,11,6,691,480
395809.0798285861,0.04,Comp0036,DNS0001,17,65122,53,2,2,60,58
395812.1494525286,8.595,Comp0006,Comp0065,6,6417,445,19,68,1095,20
395812.19049278577,0.137,Comp0030,Mail0002,6,35031,587,4,14,1058,501
395813.3021783655,3.285,Comp0072,DC0001,6,49425,88,5,7,1133,781
395815.180548338,7.02,Comp0064,Proxy0001,6,41336,3128,6,59,691,26865
395818.3602514138,1.325,Proxy0002,Ext0030,6,48957,80,14,38,722,2220
395819.1649127384,11.145,Comp0011,Mail0001,6,42388,587,3,5,1897,950
395820.6103068098,8.932,Comp0029,Proxy0002,6,21581,3128,4,248,1494,5237
395821.1765132621,0.89,Comp0025,DC0002,6,56958,88,4,13,377,2376
395821.4054768388,12.542,Comp0039,FS0001,6,26041,445,21,78,4066,25438
395842.1699963401,5.844,Web0005,DB0002,6,26619,3306,106,136,2621,4433
395846.38644019456,1.651,Comp0047,Web0006,6,45574,80,4,50,149,1931
395847.3040272483,0.174,Comp0001,DNS0001,17,26840,53,2,2,70,164
395847.82437797973,0.496,Comp0014,DNS0002,17,16644,53,3,2,52,246
395848.5927312421,1.508,Comp0054,FS0003,6,24425,445,28,129,4281,8098
395850.8053237475,18.883,Comp0005,FS0003,6,28190,445,61,223,1330,44629
395854.6860699003,2.539,Comp0078,FS0001,6,31189,445,20,20,1994,54594
395857.39162941225,0.018,Web0006,DNS0002,17,50082,53,3,3,89,260
395858.1574061255,0.296,Comp0013,DNS0002,17,10603,53,2,2,65,72
395864.8596204251,11.105,Comp0075,Web0004,6,30778,443,13,82,1624,7035
395867.2574515469,0.554,Comp0002,DNS0001,17,6725,53,3,3,94,171
395869.0248468104,0.182,Comp0072,DNS0002,17,28743,53,2,3,97,114
395870.32044164196,4.31,Comp0016,Web0006,6,34244,443,12,96,83,3287
395885.69176981493,6.008,Comp0047,FS0002,6,34631,445,32,66,100,1012
395894.463231244,4.151,Comp0055,DC0001,6,32562,445,8,379,2607,20834
395898.80697282066,0.982,Comp0041,Web0001,6,59825,443,10,87,1559,3557
395901.5146066812,0.365,Comp0033,DC0002,6,36191,445,57,33,3355,15313
395902.66287894885,0.057,Comp0015,DNS0002,17,32947,53,2,2,74,149
395904.84823587164,14.14,Comp0012,FS0002,6,49376,445,8,124,7278,16901
395907.19886043505,0.191,Comp0056,DNS0001,17,43935,53,2,3,80,69
395914.8564732794,8.225,Comp0013,DC0002,6,56927,88,6,6,120,1226
395917.9165994899,1.126,Comp0028,Proxy0001,6,11341,3128,10,22,227,9216
395922.6911735418,2.484,Comp0017,Web0002,6,47553,443,23,22,137,7125
395924.37821532093,47.446,Comp0018,FS0001,6,36394,445,11,54,11251,351156
395928.18667394744,1.008,Comp0045,DNS0001,17,4155,53,2,3,89,400
395929.53116169985,2.711,Comp0022,DC0001,6,4919,88,14,11,563,1730
395929.76408255304,0.153,Comp0063,DNS0002,17,3206,53,2,2,35,120
395929.9778474472,2.144,Comp0006,Web0005,6,19854,443,17,21,1832,17723
395936.12587112724,0.293,Comp0028,Web0004,6,30111,443,11,65,327,4355
395943.7702514698,0.536,Comp0005,DC0001,6,7339,389,7,3,311,443
395946.0057709948,0.898,Comp0035,Mail0001,6,23450,993,8,6,551,639
395947.8805334176,0.869,Comp0047,Proxy0001,6,56194,3128,9,6,1105,7885
395966.8083288148,4.011,Comp0012,Web0006,6,53297,80,3,57,206,4297
395968.8910204524,4.359,Comp0013,FS0002,6,6845,445,9,271,3463,15533
395972.69742717006,13.287,Comp0056,FS0002,6,52422,445,18,156,9046,5410
395975.1376757181,7.868,Comp0007,Proxy0001,6,40606,3128,22,78,469,1823
395981.12381827756,3.987,Comp0024,FS0001,6,46228,445,17,107,1481,52547
395992.6800630506,8.846,Comp0003,Proxy0002,6,16219,3128,11,32,469,10006
395997.37297351245,4.934,Comp0027,Web0005,6,42033,443,23,52,595,14512
395999.10894046177,0.136,Comp0014,DNS0001,17,58423,53,2,2,81,126
396000.62898825394,4.033,Comp0019,Web0001,6,12392,443,7,129,1155,13725
396001.5534880728,0.298,Comp0062,DNS0002,17,54586,53,3,2,84,78
396003.63529575476,7.259,Comp0032,Web0001,6,55219,443,16,8,1266,5214
396013.2740930566,3.04,Comp0005,Proxy0002,6,30552,3128,18,28,617,19720
396015.2011758362,1.693,Comp0054,Web0002,6,10146,80,7,33,144,10097
396018.06696750876,0.294,Comp0070,Proxy0002,6,20833,3128,13,29,797,3418
396018.27933516924,0.13,Comp0018,DNS0002,17,30356,53,2,3,47,105
396026.3633339862,3.226,Comp0078,Web0001,6,65168,80,5,21,242,7335
396028.7982080043,0.384,Comp0011,DNS0002,17,6978,53,3,3,70,228
396031.72802754137,0.492,Proxy0002,Ext0007,6,4378,443,3,27,332,5773
396047.3745749679,3.665,Comp0077,Mail0001,6,2434,993,10,8,155,415
396048.2322899561,28.604,Comp0017,Web0003,6,1321,443,10,42,9600,1186
396052.0554049586,0.462,Comp0043,DNS0002,17,4217,53,3,3,31,201
396055.03256942314,9.685,Comp0020,DC0002,6,56357,445,10,45,938,170242
396055.69182883046,0.072,Comp0007,DNS0002,17,45515,53,3,2,61,174
396055.978279122,8.75,Comp0040,Web0004,6,10009,443,6,8,944,3676
396062.36347206356,0.496,Comp0056,Web0003,6,18961,443,4,49,1136,18899
396066.5949535968,6.845,Web0003,DB0002,6,37797,5432,27,38,1850,44622
396072.09110510163,2.839,Proxy0002,Ext0019,6,4095,80,10,21,113,12057
396075.20876469184,0.301,Comp0031,DNS0002,17,59411,53,2,3,74,109
396082.84554858244,0.036,Comp0013,DNS0001,17,4119,53,3,3,83,226
396087.493838584,0.238,Comp0022,DNS0002,17,46802,53,3,2,78,145
396088.80264432635,2.957,Comp0039,DC0002,6,3831,445,14,40,3749,4676
396090.6132958539,0.172,Comp0064,DNS0001,17,7278,53,2,2,75,97
396093.0609404106,3.848,Comp0041,Web0001,6,3807,443,15,36,218,8496
396098.0129439278,0.158,Comp0067,DNS0002,17,4610,53,3,3,76,71
396099.5195105267,0.188,Comp0056,DNS0001,17,15433,53,3,2,70,321
396099.5958361374,6.65,Comp0046,Web0003,6,9379,80,5,17,6540,12530
396101.3648342341,1.429,Comp0002,Proxy0002,6,4177,3128,11,29,884,923
396103.62806527887,2.745,Comp0054,Proxy0001,6,28442,3128,10,17,172,401
396103.65962467564,0.1,Comp0014,DNS0001,17,27433,53,2,3,113,114
396104.83761548466,0.448,Comp0077,DC0001,6,46879,88,5,8,79,307
396108.2760986465,0.253,Comp0052,Mail0002,6,60652,993,7,4,435,793
396116.15305185626,3.422,Comp0009,Web0004,6,17069,80,13,51,776,1431
396116.58390986134,0.914,Comp0070,DC0002,6,26206,88,3,9,610,660
396124.50493070716,0.294,Comp0028,Mail0001,6,30523,993,9,5,1664,866
396125.12437346193,43.867,Comp0053,DC0001,6,20032,445,9,64,812,7950
396130.1342067637,0.152,Comp0040,DNS0002,17,30993,53,3,2,65,143
396133.3834219081,0.075,Comp0036,DNS0002,17,50465,53,3,3,105,90
396133.8922316446,0.467,Comp0014,DNS0001,17,5434,53,2,2,130,346
396135.9128247792,4.102,Comp0044,DC0001,6,64467,445,33,63,2855,6710
396138.27355379006,0.688,Comp0012,Mail0002,6,53466,993,6,10,286,133
396141.524769226,8.548,Comp0009,Web0003,6,28098,443,5,29,2310,4872
396149.015168992,0.261,Comp0039,Proxy0001,6,12971,3128,22,63,1166,17649
396156.1256804572,11.101,Comp0049,Web0002,6,53934,443,5,44,539,30751
396161.51902238117,0.417,Comp0058,Mail0002,6,39529,993,4,3,1039,2052
396162.1791708906,0.057,Comp0077,DNS0002,17,24315,53,3,2,38,118
396170.0177234742,3.341,Comp0065,DC0002,6,25136,88,4,5,259,405
396173.1083607946,4.014,Comp0028,Web0003,6,38405,443,15,33,335,7076
396175.9930930592,2.047,Comp0023,Web0001,6,24961,443,17,28,365,3168
396177.9470016773,3.315,Web0003,DB0004,6,2876,3306,17,33,6821,5973
396183.57253857626,0.065,Comp0009,DNS0001,17,17828,53,2,3,39,68
396187.1472010868,0.055,Web0005,DNS0002,17,17789,53,2,2,70,105
396195.7904817461,0.105,Comp0065,DNS0001,17,39948,53,2,2,55,285
396196.8724012986,34.433,Comp0045,Web0004,6,46965,80,7,15,1140,4621
396200.3029455919,0.139,Comp0072,Web0001,6,44656,443,12,78,1027,4920
396205.3773363752,0.312,Comp0026,DNS0001,17,40757,53,3,3,94,58
396210.33300589374,0.12,Comp0014,DNS0001,17,11706,53,2,3,122,709
396214.25651774264,0.275,Comp0001,DNS0001,17,54191,53,2,3,49,348
396214.7813922128,4.187,Comp0001,Web0005,6,56683,80,6,56,490,4278
396216.9635960226,40.776,Comp0005,DC0002,6,14420,445,24,90,2279,7862
396221.0708794698,0.098,Comp0027,DNS0002,17,10163,53,3,3,45,275
396224.0818032101,0.063,Comp0045,DC0002,6,52311,445,63,129,3069,14279
396224.1006824964,0.275,Comp0043,DNS0002,17,52148,53,2,3,56,210
396224.8096062896,0.016,Comp0074,DNS0002,17,56753,53,2,2,54,106
396225.0996187825,0.123,Comp0010,DNS0001,17,30201,53,3,4,103,185
396226.7161576182,1.895,Comp0033,DC0002,6,15407,88,5,3,1768,517
396229.80183516006,5.698,Comp0046,Proxy0002,6,17637,3128,10,55,1457,1342
396232.0412988372,1.593,Comp0039,Proxy0002,6,29223,3128,8,50,152,1718
396232.76623994234,1.178,Comp0075,Mail0002,6,9190,993,7,6,388,761
396233.63573471166,0.276,Comp0034,DNS0002,17,28605,53,2,3,58,150
396235.5335859572,0.952,Comp0045,Web0004,6,63955,443,42,35,1901,4576
396236.07026712503,8.312,Comp0008,Web0002,6,27293,443,5,96,214,13724
396243.8636317387,0.369,Comp0037,DNS0002,17,53212,53,2,2,26,182
396245.8963846046,0.039,Comp0077,DNS0001,17,12367,53,2,3,33,184
396246.00779469166,0.713,Comp0030,FS0003,6,41672,445,13,252,1811,3323
396247.7123781408,1.557,Comp0004,Web0002,6,49003,443,4,28,324,8815
396251.1584142968,0.328,Comp0034,Proxy0002,6,45007,3128,5,5,882,16779
396253.56826297607,4.143,Comp0080,Web0003,6,44132,443,3,72,990,2643
396261.52771960065,2.644,Comp0080,Web0003,6,3879,443,12,39,427,8075
396277.0632300312,4.296,Comp0011,Mail0002,6,25746,993,19,6,489,494
396277.8406658274,12.444,Proxy0001,Ext0011,6,58311,80,7,30,1261,12016
396282.9418734772,8.376,Comp0046,DC0001,6,61979,445,25,45,4035,31603
396283.23089661694,2.141,Comp0002,Proxy0002,6,13424,3128,4,90,2396,3749
396283.23146899545,0.147,Comp0027,DNS0001,17,25214,53,2,3,124,236
396283.9965795994,0.016,Comp0074,DNS0002,17,7500,53,2,3,48,82
396286.6677026744,1.594,Comp0029,Mail0002,6,8689,993,7,9,1579,356
396296.32268191414,1.639,Comp0029,Web0002,6,10989,80,8,115,808,39786
396298.791253855,0.077,Comp0067,DNS0001,17,33894,53,3,2,60,187
396300.0101332976,8.133,Comp0064,Proxy0002,6,34831,3128,8,17,580,7545
396300.78112572286,4.32,Comp0078,Web0003,6,18780,443,6,28,650,3556
396308.4482756236,4.302,Comp0038,Web0003,6,35874,443,8,24,129,1156
396311.7014508278,0.326,Comp0069,DNS0002,17,34008,53,2,3,79,169
396323.74326953164,0.139,Comp0070,DNS0002,17,24643,53,2,2,58,414
396327.89043506206,15.288,Comp0005,FS0003,6,33288,445,12,13,10795,27199
396332.54259716155,11.907,Comp0039,Web0006,6,33405,80,3,26,384,15112
396335.5074316103,2.728,Comp0073,Mail0001,6,49560,587,11,16,659,3286
396338.1492889991,4.054,FS0002,DC0001,6,7629,88,6,3,150,1864
396341.938700759,3.09,Comp0032,DC0001,6,31016,389,10,2,1357,67
396343.2553126396,0.123,Comp0034,DNS0002,17,60956,53,2,2,48,148
396345.41011577816,2.052,Comp0004,Web0001,6,42695,443,6,20,849,3756
396361.10697274184,2.882,Comp0075,DC0002,6,52397,88,8,11,57,120
396361.71484503034,0.141,Comp0035,DNS0001,17,30723,53,2,2,75,104
396362.3607714551,0.609,Comp0002,DNS0002,17,6362,53,2,4,141,252
396366.39914482436,0.231,Comp0067,DNS0002,17,24358,53,3,2,137,81
396367.81936721224,17.156,Web0002,DB0001,6,50496,5432,62,59,560,213011
396371.8075930993,6.354,Comp0073,Web0004,6,26313,443,10,100,654,15468
396371.8999103389,16.865,Comp0072,DC0001,6,48647,445,17,420,5155,189224
396373.72153609374,1.976,Comp0038,Proxy0002,6,27761,3128,12,39,466,10242
396380.74783762364,0.197,Comp0047,DNS0002,17,34682,53,3,4,95,172
396383.53800346,9.506,Comp0003,Web0006,6,30838,443,6,26,2747,49691
396393.3132967497,8.22,Comp0009,Web0001,6,40894,80,6,98,841,19884
396405.86481875554,0.073,Comp0007,DNS0002,17,8698,53,2,3,88,243
396406.2225422143,0.079,Comp0060,DNS0001,17,16685,53,2,2,39,150
396409.29829909804,7.872,Comp0016,Web0001,6,5442,80,8,58,1976,4565
396413.12504548486,5.183,Comp0041,Proxy0002,6,12352,3128,3,18,135,34162
396428.7791621073,11.354,Comp0070,Web0003,6,11550,443,8,32,1672,7892
396429.3122475849,0.632,Proxy0001,Ext0010,6,13738,443,9,40,1514,38551
396432.75689464074,2.434,Comp0022,FS0002,6,13476,445,29,84,4581,29257
396434.91942897614,0.228,Comp0050,DC0001,6,56506,445,8,103,1140,3605
396435.23789228935,4.462,Comp0032,DC0001,6,20256,445,19,29,874,33665
396440.10549647117,0.111,Proxy0001,DNS0002,17,44140,53,3,3,74,161
396442.25942972314,8.138,Comp0069,Web0002,6,64079,443,4,39,1161,6279
396448.3284360775,0.549,Comp0034,DNS0002,17,51787,53,3,2,64,93
396456.9323255992,1.843,Comp0073,Web0006,6,48645,80,15,30,1614,3289
396462.49497906107,9.236,Comp0039,FS0001,6,63331,445,5,132,2145,4742
396468.2000749734,1.223,Comp0039,DC0002,6,22503,88,12,30,580,833
396471.20052093547,0.253,Comp0037,DNS0001,17,49195,53,2,2,87,203
396474.7536343066,0.145,Comp0020,DNS0001,17,51697,53,2,2,116,175
396475.12489262613,0.278,Comp0074,DNS0001,17,21404,53,2,2,105,96
396476.3863819577,0.138,Comp0006,DNS0002,17,3719,53,2,3,99,61
396481.2361740155,2.591,Comp0016,Mail0001,6,33137,993,7,9,717,463
396483.6449651005,0.058,Comp0029,DNS0001,17,37611,53,2,3,62,97
396495.11301588936,12.0,Comp0003,Proxy0002,6,15672,3128,7,51,1376,5021
396498.23193162924,0.167,Web0004,DNS0001,17,25391,53,2,2,65,189
396501.7730887865,1.322,Comp0059,Mail0001,6,27438,993,10,12,1346,1139
396507.25033942744,13.809,Comp0052,Proxy0002,6,34254,3128,4,86,435,1005
396507.75832910906,2.93,Comp0004,Web0002,6,14853,443,12,40,317,5853
396515.2699066894,0.855,Comp0017,Mail0001,6,51217,993,6,7,542,780
396517.35736909305,1.169,Comp0072,DC0002,6,32378,88,5,3,296,884
396519.5636629667,6.461,Proxy0001,Ext0019,6,58241,80,4,50,816,654
396527.3141813633,0.303,Comp0060,DC0001,6,59786,389,4,7,321,709
396532.8355284269,11.195,Comp0035,DC0001,6,49838,445,50,23,433,7734
396539.6372651234,0.848,Mail0001,Ext0029,6,18023,25,4,7,660,2471
396542.5582232738,3.575,Comp0059,DC0001,6,64031,445,20,44,3200,6221
396542.8346043199,5.794,Comp0055,Web0003,6,19506,443,5,29,117,16270
396546.5334142452,3.118,Comp0050,FS0002,6,13355,445,9,265,875,26526
396551.7869433284,1.023,Comp0075,DC0002,6,25090,88,5,5,379,427
396553.1368909457,3.995,Comp0063,Proxy0001,6,38360,3128,13,57,3333,13253
396557.21506864176,0.166,Comp0054,DNS0002,17,62110,53,2,2,65,99
396558.4053822516,0.011,Comp0074,Proxy0001,6,34712,3128,6,98,523,26394
396568.657765629,3.084,Comp0034,DC0002,6,5962,389,7,13,338,2791
396569.0420712928,3.693,Comp0080,Web0002,6,5735,443,15,32,209,2235
396580.75414452516,2.592,Comp0030,Web0004,6,39948,80,7,33,298,5106
396603.4417515008,0.042,Comp0022,DNS0001,17,14986,53,2,3,48,174
396605.534724042,7.377,Comp0070,Web0002,6,34882,443,20,20,175,19003
396609.5480769771,10.56,Comp0057,FS0003,6,18732,445,52,225,914,6005
396612.12820007326,1.555,Comp0069,Web0001,6,11690,443,12,71,342,12795
396616.3816902769,0.207,Comp0052,Proxy0001,6,35796,3128,8,22,222,2144
396622.4431977471,3.719,Comp0011,Web0001,6,36274,443,8,28,595,445
396625.2142600953,0.291,Comp0053,Web0005,6,20704,443,5,25,195,13771
396629.8192747416,13.75,Comp0025,FS0001,6,12645,445,34,234,900,23376
396630.7669481367,5.143,Comp0056,Proxy0002,6,54810,3128,7,76,1327,4533
396636.0337241092,7.136,Comp0050,DC0001,6,26637,88,3,3,876,1011
396637.42189887055,4.858,Comp0059,Proxy0001,6,12284,3128,14,110,841,14648
396651.929626417,3.515,Comp0024,Web0006,6,13648,443,6,203,3482,11186
396652.3444898656,1.642,Comp0001,Proxy0002,6,44996,3128,10,52,482,768
396653.1732130509,1.544,Proxy0001,Ext0020,6,64616,443,24,14,205,5863
396660.1616629185,0.018,Comp0015,DNS0001,17,24155,53,2,3,72,94
396661.0453130624,1.858,Comp0078,Mail0002,6,62711,993,2,6,251,295
396662.73842310725,4.448,Comp0055,Comp0011,6,35265,3389,3,15,309,417
396663.5943321294,1.165,Web0003,DB0003,6,7752,3306,13,120,239,43143
396664.27337233914,12.36,Comp0039,DC0002,6,45688,445,45,295,663,13764
396664.4135320652,4.607,Comp0075,Web0004,6,29599,443,27,59,1963,1086
396667.42328882124,9.282,Comp0030,Proxy0001,6,45336,3128,4,38,583,2733
396668.8733335488,1.568,Comp0023,Web0003,6,38402,443,5,26,537,13466
396672.91005800915,12.39,Comp0056,FS0002,6,64305,445,25,32,13479,10393
396685.67223192693,3.885,Comp0032,Mail0001,6,7501,587,9,8,426,2607
396688.17241946113,1.461,Comp0068,Web0001,6,5300,80,5,69,1761,10384
396689.58048276824,0.049,Comp0042,DNS0002,17,38299,53,3,2,33,100
396690.5832488757,0.92,Comp0068,DC0002,6,18727,88,5,10,956,1068
396704.6504461412,6.077,Comp0016,Mail0002,6,65436,993,9,6,255,369
396707.70542926306,6.383,Comp0045,FS0002,6,22149,445,40,78,2451,6148
396710.6462146104,0.865,Comp0072,Proxy0001,6,19417,3128,6,55,262,11066
396717.8596563556,0.134,Comp0060,DNS0001,17,27936,53,2,2,56,162
396720.76562386745,2.113,Comp0006,DC0002,6,28738,88,3,4,151,62
396723.1655335927,1.956,Comp0009,Mail0001,6,18730,993,2,7,419,2203
396723.70887416275,12.753,Comp0018,Web0004,6,47440,80,26,17,978,4466
396725.2701444017,0.108,Comp0030,DNS0001,17,22081,53,2,2,113,111
396726.238081477,0.099,Comp0012,DNS0002,17,14177,53,2,2,74,254
396735.6994037844,2.796,Comp0016,Mail0002,6,33800,993,6,5,65,464
396760.7398436221,3.514,Comp0066,Web0006,6,41088,443,10,15,469,19192
396761.2784654042,0.064,Comp0056,DNS0002,17,31053,53,2,4,127,108
396765.3171590522,11.874,Comp0044,FS0001,6,12076,445,13,53,803,7939
396767.0258388357,0.077,Comp0080,DNS0002,17,54030,53,2,3,65,405
396771.4575905232,0.075,Comp0051,DNS0002,17,17741,53,3,2,89,129
396772.4726774665,20.822,Comp0034,FS0001,6,12435,445,26,120,7109,5723
396778.83942178957,1.559,Comp0021,FS0002,6,61585,445,36,44,811,52099
396782.2370023852,6.746,Comp0052,FS0002,6,28703,445,33,64,4876,12673
396784.71159319754,0.299,Comp0065,Web0005,6,40200,443,24,48,2248,2291
396790.5422537314,0.137,Comp0004,DNS0002,17,26810,53,2,2,34,92
396792.45011886593,20.123,Web0002,DB0004,6,3524,3306,42,152,1260,24387
396801.0613218416,0.509,Comp0065,DC0002,6,16719,88,11,20,725,559
396806.5201389937,0.312,Comp0045,Web0004,6,13703,443,6,22,1436,17770
396806.66595667123,6.165,Comp0020,Web0005,6,28091,443,2,14,350,25879
396807.1916495226,3.686,Comp0004,Proxy0001,6,32230,3128,6,107,1376,190093
396816.1300158033,0.797,Comp0007,Web0005,6,58359,443,38,7,1360,40671
396820.39670599153,4.695,Comp0066,Web0001,6,60818,80,9,35,376,906
396821.2347296602,0.909,Comp0036,Web0002,6,4730,443,16,14,292,5696
396822.15204753785,1.489,Comp0013,Mail0002,6,7237,993,5,5,1055,550
396833.171950324,0.667,Comp0047,DNS0002,17,41240,53,2,3,71,112
396851.69076746877,0.095,Comp0048,DNS0001,17,43335,53,4,3,46,234
396852.2770343605,6.339,Comp0013,Web0001,6,39225,443,3,98,1276,28501
396852.526459797,0.038,Comp0052,DNS0001,17,11877,53,2,2,84,287
396852.686311486,3.171,Comp0057,Proxy0001,6,43386,3128,20,28,2158,8701
396858.77431747224,0.073,Comp0039,DNS0001,17,35214,53,2,3,76,130
396860.3448762056,5.085,Comp0064,Web0001,6,24358,443,11,62,2091,11033
396865.0755424726,1.856,Proxy0001,Ext0009,6,58794,80,8,97,939,2289
396869.68265224935,1.353,Comp0047,DC0002,6,48608,88,2,32,341,1144
396891.23478789174,3.023,Comp0001,Web0005,6,7561,443,18,3,173,7680
396893.5187051074,0.425,Comp0065,DNS0002,17,63052,53,3,3,63,328
396896.01258328743,0.688,Comp0011,Mail0001,6,23905,587,4,2,480,209
396899.7179636851,1.016,Comp0032,DNS0001,17,22477,53,2,3,117,482
396899.8291866603,0.085,Comp0067,DNS0001,17,1527,53,3,3,52,237
396902.1288512976,0.405,Web0006,DNS0002,17,35017,53,2,2,46,84
396905.33681041276,8.244,Comp0022,Proxy0001,6,39921,3128,4,67,233,4747
396913.7099477549,0.214,Comp0002,DC0001,6,46255,88,5,9,314,601
396915.79825138,0.301,Comp0010,DNS0001,17,28654,53,2,3,78,213
396919.5248896902,7.248,Comp0058,Proxy0001,6,28919,3128,4,40,293,15381
396926.7422632838,6.034,Comp0056,DC0001,6,26863,445,29,126,1003,42104
396930.39125228755,16.121,Comp0029,DC0002,6,63772,445,37,69,52882,64890
396931.7438433417,2.361,Comp0019,Web0005,6,30729,443,5,75,170,3027
396934.68825369794,0.204,Comp0049,DNS0001,17,24331,53,2,2,47,221
396942.6480900014,0.306,Comp0027,DNS0002,17,29990,53,2,2,57,92
396943.07431858755,17.643,Comp0037,FS0001,6,40273,445,16,40,1176,12940
396948.8112849283,2.056,Comp0029,DC0001,6,48234,88,4,6,742,677
396949.640665223,0.247,Comp0049,DNS0002,17,41173,53,2,3,57,101
396950.50305775844,9.272,Comp0040,Web0001,6,7314,80,6,42,954,6882
396955.6067184413,1.958,Comp0075,Proxy0001,6,28924,3128,8,106,468,5454
396965.9284251892,3.382,Comp0065,Web0006,6,32847,443,9,53,514,2486
396970.09574359853,0.633,Comp0044,DNS0002,17,45381,53,2,3,72,138
396976.1333594002,0.475,Comp0046,Web0001,6,35365,80,4,38,85,720
396980.7837321333,0.301,Comp0049,DNS0002,17,13284,53,3,2,48,166
396981.2144655161,1.051,Comp0037,Mail0002,6,13332,587,5,3,143,2022
396981.86563059164,8.462,Comp0012,Web0006,6,62769,443,6,19,551,4194
396987.2350566701,0.271,Comp0035,DNS0002,17,19299,53,2,3,30,47
396994.447596482,7.781,Comp0002,FS0001,6,46938,445,10,32,10174,1376
396994.9308236691,12.125,Comp0034,DC0001,6,48860,445,23,83,1064,44285
397001.33425349405,1.703,Comp0045,DC0002,6,31474,88,4,6,1058,862
397008.34199425357,1.462,Comp0032,Web0004,6,21319,443,3,16,939,2411
397014.5428876235,18.35,Comp0007,FS0001,6,64203,445,19,316,3812,7684
397016.48581138795,0.36,Comp0033,DNS0002,17,54278,53,3,2,66,66
397017.8907052479,3.812,Comp0009,Mail0001,6,40091,993,8,4,1368,2391
397019.13380939234,0.381,Comp0004,FS0003,6,49993,445,54,19,30236,10556
397026.7051993889,0.198,Comp0026,DNS0001,17,47742,53,3,3,56,71
397028.4749340909,4.762,Proxy0002,Ext0014,6,29840,443,17,37,1433,3090
397029.64996594004,2.825,Comp0006,Web0003,6,37290,80,5,29,1114,5130
397034.0232026309,1.608,Comp0010,DC0001,6,34459,88,6,13,660,1472
397034.38612931507,0.061,Comp0032,Web0002,6,1896,443,10,9,1324,3033
397035.9038269597,2.945,Web0004,DB0002,6,11612,3306,78,197,3666,15238
397037.016750286,1.063,Comp0019,Web0003,6,17436,443,10,45,957,5382
397037.23349605233,1.109,Comp0011,Web0001,6,14357,443,12,29,1185,1393
397042.4313197484,6.013,Comp0007,Proxy0001,6,43884,3128,5,36,1035,26553
397053.6975725458,4.018,Comp0058,Mail0001,6,32644,993,3,11,614,917
397055.2025671253,0.338,Comp0045,DNS0001,17,53671,53,2,2,116,205
397061.43109603727,4.032,Comp0014,DC0001,6,30302,88,13,7,710,1220
397061.54302356223,0.249,Comp0080,DNS0001,17,33759,53,2,4,87,88
397063.8970161227,0.187,Comp0005,DNS0001,17,2595,53,2,3,97,58
397066.68173251714,8.118,Comp0021,Mail0001,6,11355,993,6,22,446,1347
397078.7023323466,3.915,Comp0075,Web0005,6,32018,80,7,38,901,4191
397080.1746273134,0.024,Comp0048,DNS0001,17,5891,53,2,3,57,124
397083.8790995481,1.063,Comp0069,FS0002,6,23866,445,55,89,1212,5720
397092.8271467385,0.976,Comp0070,DC0001,6,50168,389,11,10,186,3398
397100.2014544679,15.177,Comp0028,Web0006,6,58883,443,3,11,1265,12957
397101.3356582506,0.142,Comp0069,DNS0002,17,44046,53,3,2,73,135
397103.9489299157,0.128,Comp0065,DNS0001,17,52084,53,2,3,56,203
397107.865168168,5.857,Proxy0002,Ext0011,6,6413,443,26,20,353,5407
397129.0521058963,0.333,Comp0049,DNS0002,17,13512,53,2,3,58,85
397129.70553559705,38.993,Comp0056,FS0002,6,40335,445,24,35,1447,13271
397134.3498237797,1.408,Comp0001,Web0005,6,63154,443,9,71,426,3518
397139.01892267726,26.703,Comp0016,FS0002,6,41178,445,15,203,11510,11988
397144.35647207714,7.583,Comp0077,Web0003,6,2481,443,4,44,674,1782
397147.3051481524,0.251,Comp0063,Mail0001,6,60486,993,4,5,270,731
397154.23885323864,2.914,Comp0022,Web0006,6,58615,80,8,63,1413,47718
397158.4577757175,0.034,Comp0044,Mail0001,6,26363,993,4,18,3569,751
397176.59840356733,2.398,Comp0033,Web0001,6,8981,80,5,29,1001,1610
397186.70488475345,2.336,Comp0057,Web0001,6,7834,443,18,39,610,6314
397196.2112796318,1.006,Comp0004,DC0001,6,5407,88,6,9,99,229
397199.7342904853,4.857,Comp0052,Web0004,6,28277,443,22,129,846,7346
397206.2324298463,0.043,Comp0004,DNS0001,17,5047,53,3,4,120,90
397213.3412095768,13.247,Comp0052,Web0001,6,35949,443,14,42,893,47411
397223.5733830106,0.072,Comp0001,DNS0001,17,52962,53,2,2,57,141
397223.6977486239,4.104,Comp0060,FS0003,6,61315,445,84,34,4681,11414
397224.2835006057,0.362,Comp0030,DNS0002,17,57904,53,3,2,58,270
397229.8033650327,2.274,Comp0068,DC0002,6,15669,389,5,17,323,1164
397231.95129556605,1.06,Comp0044,Web0003,6,39854,443,10,17,1368,6803
397245.2677044062,1.008,Comp0018,DC0002,6,13197,389,6,5,947,407
397246.12588711106,0.107,Comp0012,DNS0001,17,55492,53,3,2,93,69
397247.116396854,25.563,Comp0064,FS0002,6,23256,445,9,33,901,58280
397252.51167700667,5.078,Proxy0002,Ext0018,6,61736,80,11,66,2284,9280
397269.7659380763,3.312,Comp0031,Proxy0002,6,20945,3128,7,40,8530,10247
397275.58329328895,0.94,Comp0012,Web0001,6,14303,80,21,70,642,3394
397279.8223980048,4.434,Comp0025,Web0003,6,8236,443,12,11,346,665
397283.39114696736,0.037,Comp0001,DNS0001,17,11903,53,3,2,57,126
397284.4209071051,2.193,Comp0002,Web0004,6,26309,443,49,79,593,7050
397286.1655554294,0.191,Comp0028,DNS0001,17,5613,53,3,3,46,239
397286.375724323,0.421,Comp0014,DNS0002,17,43526,53,2,3,105,370
397289.6959185691,1.535,Comp0071,Proxy0001,6,24201,3128,10,7,1512,1628
397292.1804077793,0.551,Comp0045,DNS0002,17,47347,53,2,2,86,104
397293.58255150705,0.083,Comp0027,DNS0001,17,23204,53,2,3,42,173
397295.24344034935,0.15,Comp0029,DNS0001,17,7658,53,2,2,55,71
397295.3539358031,0.288,Comp0074,DNS0001,17,41987,53,2,4,67,102
397298.70655353105,0.432,Comp0015,DNS0001,17,28812,53,3,3,52,83
397305.33471692004,1.933,Comp0056,Mail0001,6,6600,993,4,11,203,952
397306.99191670114,8.323,Comp0070,FS0003,6,28666,445,18,156,903,10434
397309.1565415357,1.109,Comp0049,Mail0002,6,28222,993,4,5,386,1938
397309.5605689952,18.45,Web0006,DB0002,6,51242,3306,34,77,1140,19371
397313.3343163211,0.012,Comp0060,DNS0001,17,40290,53,3,3,38,221
397317.33507764083,0.186,Comp0006,Comp0072,6,16381,3389,2,9,447,22
397318.69555681705,0.228,Comp0068,Proxy0002,6,9599,3128,16,63,1671,12417
397321.2981760395,0.013,Comp0045,DNS0002,17,37708,53,2,3,33,267
397322.29136744456,2.846,Comp0031,Web0005,6,28849,443,9,168,689,4302
397325.67233006447,3.316,Comp0034,DC0001,6,30689,88,7,5,468,820
397328.5461811896,0.028,Web0003,DNS0002,17,64938,53,3,2,51,67
397334.7600768957,0.663,Comp0038,Web0004,6,29161,80,5,46,465,10909
397340.6263165222,0.325,Comp0034,DC0002,6,54586,389,8,15,99,183
397345.02056941227,4.197,Comp0030,Web0001,6,26016,443,10,44,1416,4298
397345.83298536093,0.078,Comp0064,DNS0002,17,31262,53,3,2,80,105
397357.47403217433,14.15,Comp0026,FS0001,6,25002,445,25,74,5884,16361
397357.58111973497,4.395,Comp0056,DC0002,6,17764,445,35,61,1499,67374
397360.72207137244,5.039,Comp0053,Web0006,6,15669,443,9,29,720,574
397366.8190243099,2.993,Comp0080,Web0002,6,1160,443,10,92,689,1694
397369.4967423532,8.541,Comp0072,Web0001,6,46402,443,7,20,474,8812
397370.5186872085,10.723,Comp0042,DC0001,6,48734,445,14,71,7136,41622
397371.32777503587,0.061,Comp0020,DNS0002,17,38487,53,3,3,78,191
397374.9007596924,0.233,Comp0006,DNS0001,17,65367,53,3,3,58,85
397383.7488698434,20.969,Comp0004,FS0002,6,24079,445,11,112,3464,6027
397387.84799941414,27.715,Comp0047,FS0002,6,5861,445,9,64,1050,1547
397388.1999279239,2.869,Comp0019,Mail0001,6,27312,993,6,8,741,537
397394.4224638859,0.268,Comp0047,Web0004,6,18681,443,4,60,209,10430
397399.0389490546,0.324,Comp0028,DNS0002,17,4970,53,3,3,132,116
397403.96708748525,2.627,Comp0017,Web0003,6,28598,443,9,111,783,14400
397405.80918906315,8.108,Comp0009,Web0006,6,51583,443,22,123,358,3878
397411.871149255,12.775,Comp0074,Proxy0002,6,28665,3128,11,22,1415,5877
397416.38792319153,1.264,Proxy0002,Ext0034,6,40277,443,46,24,570,5656
397416.68892057345,0.483,Comp0009,DNS0001,17,32939,53,2,2,41,174
397422.31299487624,1.699,Comp0072,Web0006,6,3491,443,10,62,1104,10284
397423.188967456,21.512,Comp0041,Proxy0002,6,7271,3128,5,77,167,7891
397426.1725008169,2.524,Comp0045,DC0001,6,3638,389,7,4,38,7564
397434.34900748904,0.126,Comp0071,DNS0001,17,16420,53,3,2,93,311
397453.0987375783,5.708,Comp0015,Proxy0002,6,47268,3128,6,42,1524,1263
397457.1777945023,2.224,Comp0075,Proxy0001,6,19564,3128,29,47,652,9832
397464.0992143631,0.259,Comp0054,DNS0002,17,12939,53,3,2,107,236
397465.9821575866,27.277,Comp0057,FS0002,6,63418,445,19,45,383,45011
397467.1418702298,0.022,Comp0079,DNS0001,17,7266,53,2,2,64,309
397481.41786414373,3.133,Comp0067,Web0005,6,5414,443,10,13,965,14803
397482.52979170595,0.023,Comp0075,Web0001,6,6738,443,6,42,966,71827
397485.3243481089,0.841,Comp0040,DC0001,6,60559,445,23,113,494,35253
397486.06567223126,0.049,Comp0002,DNS0001,17,21508,53,3,3,94,65
397487.48914685764,9.837,Mail0002,Ext0024,6,16268,25,8,10,215,478
397491.78296008473,4.01,Comp0027,FS0003,6,39316,445,6,98,2565,5705
397506.54377916566,0.098,Comp0020,Mail0001,6,53287,587,4,10,715,216
397507.6698375719,0.011,Comp0068,DNS0002,17,36268,53,2,2,130,294
397513.2850907441,6.437,Comp0027,Web0002,6,43109,443,4,12,369,3479
397515.43543918175,1.349,Comp0073,DC0001,6,45769,389,4,7,1581,307
397515.8425947376,0.053,Comp0029,DNS0002,17,60744,53,2,3,79,114
397517.1801615139,0.043,Comp0043,DNS0001,17,47574,53,2,2,78,79
397520.0188348709,0.504,Comp0059,Web0003,6,37392,443,7,48,1470,1976
397522.6382856089,0.18,DB0004,DNS0002,17,13193,53,3,3,43,132
397530.9039992127,3.585,Comp0047,Proxy0002,6,59565,3128,17,42,1271,5444
397547.47498009464,2.963,Comp0057,Mail0001,6,54651,993,5,3,92,957
397548.39324681764,2.185,Comp0028,DC0001,6,43370,88,8,4,346,217
397551.50906522066,1.237,Comp0076,Proxy0002,6,50303,3128,14,14,630,5689
397553.30155851325,0.757,Comp0027,DNS0001,17,32689,53,2,2,55,227
397558.35749604926,8.242,Comp0017,Web0002,6,21648,443,25,9,1946,10160
397560.5373056984,4.692,Comp0014,FS0002,6,14184,445,12,115,4108,14094
397562.4183894621,2.778,Comp0062,Web0006,6,64814,443,21,36,2562,5611
397568.6279943243,0.243,Comp0040,DNS0002,17,64904,53,2,3,75,243
397574.0355416757,0.37,Comp0015,DC0001,6,58087,88,8,25,382,720
397580.9255494111,0.093,Comp0048,Proxy0002,6,19630,3128,3,16,280,23718
397582.17312299815,2.637,Comp0074,Mail0001,6,64462,993,12,7,292,1022
397582.92574975546,8.182,Comp0058,Mail0001,6,15785,587,8,19,1191,305
397584.25134306203,0.197,Comp0046,Web0003,6,51659,80,14,125,513,2474
397584.4312314703,13.815,Comp0041,Web0001,6,63499,443,15,63,1422,2212
397587.46837832226,1.289,Comp0003,Web0001,6,12670,443,10,27,197,8554
397598.26111400273,0.576,Comp0034,DNS0002,17,26243,53,2,2,104,173
397601.73300329107,0.27,Comp0067,DNS0001,17,30838,53,2,2,85,114
397627.46810662386,1.44,Comp0049,Web0006,6,61135,443,7,97,1291,1312
397629.07880339166,0.94,Comp0006,DC0002,6,3591,88,21,6,429,342
397632.4691101868,0.223,Comp0049,DNS0002,17,4279,53,2,2,89,153
397634.773479888,4.341,Web0003,DB0004,6,42157,5432,12,148,1011,12347
397639.5625543443,21.937,Comp0050,Web0003,6,51475,80,5,63,835,11306
397650.2823629023,2.013,Comp0064,FS0003,6,52651,445,11,259,3166,2272
397651.555768246,0.242,Comp0048,DNS0002,17,12169,53,2,3,83,106
397655.2788109823,5.029,Comp0072,DC0002,6,54423,445,20,117,1256,11845
397658.33006580116,0.27,Comp0032,Web0003,6,13111,443,14,16,1910,10845
397662.7282855087,0.094,Comp0010,DNS0001,17,22030,53,2,2,48,240
397675.82621821127,0.255,Comp0038,DNS0001,17,36037,53,2,2,80,93
397675.91512737586,10.286,Comp0010,DC0002,6,54422,445,33,151,1120,7882
397676.2792262395,5.682,Comp0012,Mail0001,6,38692,993,4,5,377,2148
397678.16841182223,1.941,Comp0073,Proxy0002,6,20345,3128,4,22,300,1042
397678.75187568675,1.486,Proxy0001,Ext0009,6,42872,443,7,35,1151,3522
397679.7634420906,3.381,Comp0006,Comp0027,6,47753,445,35,443,3821,509
397679.85388487636,0.176,Comp0068,DNS0002,17,13655,53,3,3,38,147
397684.622079655,1.158,Comp0001,Proxy0001,6,23942,3128,7,33,1513,3645
397692.3516852525,0.082,Comp0052,DNS0001,17,31628,53,2,3,60,178
397695.2948795852,0.039,Comp0069,DNS0002,17,14809,53,3,3,59,174
397695.7027458801,1.342,Comp0071,FS0001,6,48376,445,13,95,1861,14223
397698.73512265424,0.025,Web0006,DNS0001,17,18461,53,2,2,133,180
397700.315568974,9.903,Comp0057,FS0003,6,47949,445,81,61,4536,3960
397703.98267164896,0.155,Comp0016,DNS0002,17,65289,53,2,2,60,133
397704.21041951596,0.083,Comp0001,DNS0001,17,29254,53,2,4,92,240
397706.4423221673,5.781,Comp0016,Web0005,6,21731,443,9,21,112,1322
397707.071017578,2.777,Comp0019,FS0003,6,7343,445,10,47,2199,11417
397729.02599617746,0.765,Comp0029,DNS0001,17,25521,53,2,3,41,117
397731.2660134966,4.999,Comp0063,Web0003,6,1626,443,7,9,665,12284
397736.9524527803,0.369,Comp0015,DNS0002,17,22650,53,2,3,50,182
397737.70369152905,11.206,Comp0054,FS0001,6,51073,445,16,168,9995,27893
397741.89476880024,5.894,Comp0071,DC0002,6,62159,445,18,50,3784,5320
397749.08153374214,1.415,Comp0008,DC0002,6,43843,88,4,9,1321,478
397750.0189224563,7.808,Comp0009,Web0006,6,28072,80,7,12,605,8683
397754.43244511547,9.497,Comp0057,Web0002,6,61997,443,6,50,393,36198
397754.89453919197,0.195,Comp0078,DNS0001,17,44951,53,2,2,62,182
397758.86616041366,0.41,Comp0012,DNS0001,17,46628,53,2,3,108,170
397765.4507360532,4.694,Comp0031,Web0002,6,19116,443,7,46,1176,3635
397765.50686370593,0.063,Comp0045,DNS0002,17,30442,53,2,3,87,296
397773.1208504852,5.256,Comp0065,Web0004,6,7935,443,5,112,1046,46543
397798.21445262217,8.501,Comp0052,FS0001,6,21887,445,7,70,77340,91046
397809.325676034,0.042,Comp0022,DNS0001,17,43704,53,2,3,141,214
397811.5413959587,0.169,Comp0069,Web0002,6,54655,443,8,46,2639,11561
397813.50214392424,0.262,Comp0078,Web0005,6,15684,443,10,83,1356,1745
397819.2346639967,2.0,Comp0017,Web0001,6,47849,443,10,11,1348,13687
397819.40793840983,5.561,Comp0058,FS0002,6,38064,445,11,46,1298,14375
397821.7441402558,18.425,Comp0025,Web0004,6,41791,443,13,13,384,2636
397826.28416858293,1.543,Comp0033,DC0002,6,39670,445,16,1285,1545,2256
397835.96251400857,0.217,Comp0072,DNS0002,17,59392,53,3,3,58,78
397836.47034794954,2.85,Comp0049,DC0002,6,7134,88,4,10,341,1134
397838.48599607847,1.462,Comp0046,FS0003,6,45404,445,26,459,413,6288
397839.5453794274,13.949,Comp0068,DC0001,6,41676,445,13,70,1396,122175
397840.08480462723,1.771,Comp0006,DC0001,6,36156,445,37,89,947,22697
397845.76210629713,0.689,Comp0033,Mail0002,6,61111,993,3,3,281,183
397850.5944400445,21.836,Web0004,DB0002,6,28969,5432,27,191,1760,20371
397857.5671385938,1.047,Comp0073,Web0002,6,59125,443,6,46,134,9297
397857.9522344568,0.691,Comp0026,FS0003,6,50765,445,180,234,1595,5065
397859.3959808296,3.027,Comp0037,Web0004,6,43335,80,10,63,1045,11319
397861.21768852277,0.183,Comp0046,DNS0002,17,15927,53,3,4,86,64
397862.930384322,2.579,Comp0065,Mail0002,6,13776,587,4,13,487,177
397863.67166289384,0.013,Comp0016,DNS0002,17,60402,53,3,2,102,105
397869.7235512824,4.588,Comp0074,Web0004,6,31516,443,8,35,977,9995
397871.48317687365,4.235,Comp0006,Web0006,6,34385,443,9,21,1341,2506
397872.1227949302,0.218,Comp0039,DNS0001,17,17216,53,2,2,39,119
397876.124640427,15.816,Comp0011,Proxy0002,6,23420,3128,13,36,1153,5280
397881.3140447385,0.05,Mail0001,DNS0001,17,55545,53,2,3,66,108
397882.3506734273,6.395,Comp0021,Web0006,6,14867,443,4,79,1377,27430
397885.9813091437,1.335,Comp0009,Web0001,6,48058,80,9,25,574,1323
397888.56431534677,2.527,Comp0053,Mail0002,6,44251,993,8,2,1498,1346
397902.6572966337,5.716,Comp0073,DC0002,6,5869,445,9,280,4437,11676
397905.8394275293,6.006,Comp0070,Web0001,6,36833,443,5,41,643,3726
397915.25436340127,2.54,Comp0019,DC0001,6,61548,389,12,5,327,384
397918.89968344587,5.87,Comp0008,FS0003,6,31738,445,28,48,1066,11668
397926.6346465024,1.066,Comp0011,DB0002,6,31566,3389,3,6,330,1155
397932.2141709189,9.998,Comp0003,Proxy0001,6,27859,3128,5,15,627,18056
397932.91013764456,0.278,Comp0022,DNS0002,17,54086,53,2,2,152,156
397937.79696911643,7.757,Comp0010,Web0004,6,50642,443,6,20,985,520
397943.4743326438,4.981,Comp0006,Web0002,6,58562,80,7,7,198,2911
397943.5358014296,0.765,Comp0013,DC0002,6,13859,88,6,6,806,461
397944.2807694014,7.218,Proxy0002,Ext0030,6,6451,80,4,31,1077,4253
397944.65675004496,4.963,Comp0028,Web0005,6,32943,443,5,9,320,28999
397947.8784224639,0.007,Comp0038,DNS0002,17,32645,53,2,3,34,127
397951.3715499331,32.198,Comp0072,DC0002,6,38439,445,22,128,4017,18561
397952.63764892804,1.975,Comp0040,Proxy0002,6,21788,3128,4,9,245,1480
397959.5764290881,7.283,Comp0014,FS0001,6,28861,445,32,39,1448,1441
397971.24667406105,0.116,Comp0047,DNS0002,17,51874,53,2,3,128,83
397972.004247593,0.176,Comp0057,DNS0001,17,33073,53,2,4,49,220
397974.24449140654,0.036,Comp0046,DNS0001,17,7525,53,3,3,66,124
397975.8886568467,0.246,Comp0061,DNS0001,17,61352,53,3,3,60,234
397977.9219883121,1.597,Comp0030,Mail0001,6,59630,993,4,7,523,973
397979.7513476961,17.472,Comp0019,FS0001,6,51623,445,108,21,469,8719
397992.0234122384,0.144,Comp0024,DNS0001,17,15014,53,3,4,73,201
397995.3050661942,6.504,Comp0038,FS0001,6,6865,445,24,84,5537,8291
398001.43029757973,1.952,Comp0058,Web0002,6,41690,443,11,45,298,2199
398003.02842328185,19.0,Comp0078,DC0002,6,61808,445,9,103,1066,22183
398014.69677594677,10.026,Comp0061,FS0002,6,42901,445,15,64,2143,2263
398021.74470490107,4.06,Comp0059,Mail0001,6,13748,993,11,15,247,659
398022.03233637614,5.9,Comp0034,FS0001,6,55679,445,14,192,1101,26437
398028.9486556832,0.1,Web0003,DB0003,6,58141,3306,17,47,965,5038
398035.3284918703,0.131,Comp0001,DNS0001,17,51572,53,3,2,123,74
398037.01547723054,4.21,Comp0025,Mail0001,6,48682,993,4,11,502,642
398037.0317373698,2.824,Comp0051,Web0003,6,5832,443,13,78,525,5429
398040.30630899913,3.608,Comp0072,Web0005,6,56930,80,14,46,784,1221
398047.63251301827,0.825,Comp0051,DNS0002,17,60599,53,2,3,116,161
398055.74831685075,12.534,Comp0029,Web0006,6,11067,443,9,15,184,2372
398066.03564336925,0.5,Comp0029,DC0001,6,56136,389,6,25,170,173
398071.8589697427,0.971,Comp0038,Web0002,6,20789,443,11,30,482,18417
398073.2718057376,0.736,Comp0028,DNS0002,17,25909,53,3,3,70,240
398076.9539688871,1.287,Comp0077,Web0004,6,57276,443,14,9,4654,4267
398079.10904075473,17.341,Comp0080,Web0003,6,3867,443,18,15,317,3917
398083.2557277897,2.694,Comp0001,Web0005,6,54261,443,8,23,1373,580
398084.56640962843,4.791,Comp0008,Proxy0002,6,33448,3128,6,23,2392,3770
398087.83023636433,0.538,Comp0014,Web0002,6,5158,80,13,71,306,1761
398088.0199837161,0.107,Comp0054,DNS0001,17,27212,53,3,3,65,182
398088.28469708894,0.656,Comp0059,Proxy0002,6,35379,3128,15,59,619,8856
398107.29255850415,5.776,Comp0068,Web0002,6,53675,443,12,44,963,3003
398108.05745904264,0.3,Comp0011,DNS0002,17,25319,53,2,3,51,118
398108.9921017355,0.122,Comp0059,DNS0001,17,39302,53,2,3,70,145
398110.8888997997,5.512,Comp0025,Web0005,6,23420,443,21,17,1133,9395
398111.2264579604,7.329,Comp0047,Mail0002,6,8611,587,8,14,355,389
398112.51279736625,0.86,Comp0072,Web0002,6,61564,443,9,49,365,392
398121.12131979613,14.601,Comp0054,Proxy0001,6,47585,3128,6,65,1295,32247
398124.5927680939,5.202,Comp0016,FS0001,6,18195,445,57,221,1465,7208
398125.65530595207,6.86,Comp0033,Mail0002,6,31182,993,6,3,603,1181
398139.6698607804,1.11,Comp0067,Proxy0002,6,51251,3128,7,25,169,6113
398143.0096691607,0.17,Comp0052,DNS0001,17,29226,53,2,3,48,222
398151.5609403526,0.998,Comp0080,Proxy0001,6,5370,3128,10,26,436,20317
398155.9350454635,0.918,Comp0065,Mail0002,6,9816,993,3,6,488,528
398156.7960440509,1.333,Comp0068,Web0001,6,10340,443,12,26,105,3257
398160.07613585755,0.088,Comp0056,DNS0002,17,21260,53,2,3,65,92
398161.85920461797,4.722,Comp0015,Web0004,6,12961,443,6,15,224,18874
398170.25893555756,0.146,Comp0030,DNS0001,17,44672,53,3,3,117,59
398173.8492298569,0.009,Comp0005,DNS0002,17,20584,53,2,2,45,81
398179.64526415186,0.136,Comp0064,DNS0002,17,12587,53,4,2,65,91
398181.08687068295,2.653,Comp0002,Mail0001,6,49898,993,10,8,172,305
398181.730601609,0.33,Comp0058,DC0002,6,39294,389,5,6,707,1784
398182.3104080277,2.254,Comp0079,DC0001,6,58314,389,5,8,256,1825
398182.3219357821,0.344,Comp0013,DNS0001,17,37482,53,3,2,47,224
398184.9217202819,3.337,Comp0009,Web0003,6,1089,443,6,60,918,7536
398187.2542431793,3.879,Comp0051,DC0001,6,26198,88,10,3,245,2693
398188.02171230986,0.441,Comp0010,DC0002,6,28457,88,6,18,381,1066
398202.9249189196,3.817,Comp0079,DC0002,6,5468,88,9,7,1006,1390
398203.5755148296,22.972,Comp0033,Web0002,6,60555,443,6,15,1405,2531
398220.02678702946,2.672,Comp0010,Web0003,6,42437,443,7,40,361,2138
398225.46656987467,5.549,Comp0016,Web0005,6,8947,80,6,68,169,2349
398225.4727768037,1.216,Comp0079,Mail0001,6,63579,993,8,13,1542,464
398226.8033866638,33.199,Comp0009,FS0001,6,44799,445,330,65,1833,29133
398229.43098827,3.37,Comp0031,Mail0001,6,60826,993,2,3,1062,829
398231.17372508184,0.386,Comp0010,DNS0002,17,34839,53,3,2,85,117
398231.8346162998,0.378,Comp0012,DNS0002,17,29755,53,2,3,40,87
398233.9045613512,4.537,Web0002,DB0004,6,59471,5432,10,83,996,10305
398237.2053436921,0.706,Comp0076,DNS0001,17,59307,53,3,3,43,240
398237.56295530545,2.701,Comp0065,Web0006,6,45243,80,8,19,929,47157
398239.4280694605,0.032,Comp0040,DNS0002,17,34934,53,2,2,106,161
398241.4798060432,0.205,Comp0075,Web0001,6,22531,80,9,99,770,2552
398241.9375679548,14.355,Comp0064,Web0003,6,41566,443,9,21,2268,14303
398249.54691964877,5.072,Comp0034,DC0001,6,18429,88,10,8,232,1211
398249.5807821043,10.203,Comp0003,FS0002,6,18757,445,50,212,13456,3020
398257.7301495527,0.243,Comp0022,DNS0001,17,42273,53,2,2,86,82
398258.16953496647,0.235,Web0001,DNS0002,17,28328,53,2,3,47,200
398269.52969410137,41.432,Comp0059,FS0003,6,43094,445,16,64,963,20027
398272.3295039292,0.12,Comp0021,DNS0002,17,20920,53,3,3,78,125
398273.943556118,6.759,Comp0038,Mail0002,6,19913,993,5,16,45,2510
398277.9643212104,0.246,Comp0015,DNS0001,17,33471,53,2,3,68,261
398280.6187219902,0.435,Comp0015,DNS0002,17,6986,53,2,2,101,114
398281.69924221915,0.107,Comp0006,DNS0002,17,3695,53,2,2,39,98
398290.54498653486,2.477,Comp0029,Mail0001,6,31469,587,3,7,641,743
398297.4328836041,1.933,Comp0016,Proxy0002,6,28132,3128,13,50,1689,10784
398298.0887306327,0.216,Comp0031,DNS0002,17,48131,53,2,2,91,445
398299.0554014115,0.785,Comp0006,DC0002,6,43904,88,5,2,846,1587
398303.1771263237,9.114,Comp0054,Mail0001,6,42163,587,11,9,251,795
398308.1003758313,1.598,Comp0013,Mail0001,6,22625,993,2,23,419,658
398310.29750939715,2.741,Comp0026,Web0002,6,54792,80,15,45,224,3505
398312.62006342516,0.11,Comp0051,DNS0002,17,2429,53,3,3,30,88
398316.4327466684,0.132,Comp0058,DNS0001,17,35889,53,4,2,71,30
398320.6049830337,0.023,Comp0008,DNS0001,17,58582,53,2,3,97,54
398323.52126640035,0.552,Comp0078,DC0002,6,62792,22,2,6,118,49
398329.90136025904,0.389,Comp0054,Mail0001,6,24640,993,4,3,184,958
398333.8395562294,0.845,Comp0004,DC0002,6,24796,389,5,4,552,592
398335.60684894695,1.755,Comp0003,Web0006,6,32064,80,4,12,685,9918
398337.53563323076,0.356,Comp0015,Mail0002,6,29762,993,7,11,535,297
398343.5675197713,12.554,Comp0025,DC0001,6,31330,88,10,9,396,175
398353.53299012396,0.121,Comp0037,DNS0002,17,1259,53,2,3,36,297
398353.9241951482,9.136,Comp0022,Web0001,6,44691,443,6,140,830,6186
398357.3969087579,1.307,Comp0016,Proxy0002,6,23204,3128,11,40,312,27586
398358.54292723583,3.686,Comp0065,Proxy0001,6,41706,3128,7,31,1374,1798
398362.9313085393,0.108,Comp0038,DNS0001,17,16143,53,3,3,73,66
398368.9963672873,1.715,Comp0024,Proxy0001,6,2695,3128,5,35,190,4318
398373.2448552132,0.258,Comp0029,DNS0002,17,37640,53,3,2,59,118
398378.4020173054,2.655,Comp0045,DC0002,6,55357,389,3,25,398,2097
398385.80946538015,0.844,Comp0015,Web0002,6,61162,443,8,50,1194,47466
398389.1157074217,4.311,Comp0051,Web0001,6,30931,443,6,16,405,4062
398389.57755376864,1.374,Comp0024,Proxy0001,6,53715,3128,5,18,2010,3159
398391.4507646058,0.132,Comp0052,DNS0002,17,48685,53,2,2,135,109
398392.2458350245,0.095,Comp0022,DNS0002,17,19955,53,2,2,57,241
398398.46711639507,5.587,Comp0063,Mail0002,6,16031,587,6,7,84,945
398402.32636189513,1.057,Comp0029,Web0001,6,13606,443,10,33,280,3098
398404.0936632515,0.243,Comp0067,Web0001,6,40441,443,5,108,1477,2499
398406.4673356663,0.001,Comp0065,DNS0002,17,12116,53,3,2,81,171
398413.3326331508,0.287,Web0004,DNS0001,17,11650,53,3,3,93,330
398415.13056176715,1.046,Comp0024,Mail0001,6,61820,587,6,17,277,381
398415.69788810774,0.665,Comp0078,DNS0002,17,50452,53,3,2,106,112
398422.00282812276,0.018,Comp0052,DNS0001,17,31653,53,3,2,65,399
398432.14141067467,2.436,Comp0078,Comp0004,6,16579,22,9,6,509,11
398440.0906509981,6.449,Comp0003,Web0004,6,41924,80,4,9,2389,30491
398442.95548095024,0.001,Comp0017,DNS0002,17,38753,53,3,3,48,160
398448.3251582783,0.021,Comp0080,DNS0002,17,30907,53,3,2,72,215
398451.49146329437,2.808,Comp0002,Web0006,6,39523,443,8,34,3244,2440
398453.6370722777,0.332,Comp0059,Web0004,6,64070,443,3,33,2066,3769
398455.41812395735,1.422,Comp0008,Web0001,6,58476,443,7,59,302,15829
398457.7016382949,5.258,Comp0020,DC0002,6,18257,88,6,6,277,1144
398457.82975178206,1.352,Comp0050,DC0002,6,55811,389,4,5,284,1571
398458.6619959138,26.965,Comp0006,Comp0038,6,13794,445,13,75,3002,749
398472.81731115887,3.44,Comp0071,Web0005,6,13623,443,19,35,773,21747
398474.1091571708,10.538,Comp0035,Web0006,6,20196,80,5,50,132,5630
398476.709469055,0.021,Comp0022,Web0001,6,57272,80,8,44,1109,3061
398490.4764540824,18.217,Web0004,DB0003,6,62631,3306,17,66,223,14232
398490.6378772001,1.98,Comp0049,DC0001,6,32141,88,4,4,705,3442
398500.29906502814,2.475,Comp0078,Proxy0002,6,14179,3128,11,13,941,10356
398503.9999824827,0.142,Comp0041,DNS0002,17,18421,53,3,2,40,138
398506.0882473408,3.488,Comp0077,FS0001,6,29155,445,41,82,300,11134
398511.137409641,0.183,Comp0051,DNS0002,17,20248,53,3,3,58,124
398512.8412020509,0.335,DB0003,DNS0001,17,59484,53,2,3,104,146
398521.92014381825,0.287,Comp0029,DNS0001,17,58737,53,2,4,69,101
398523.4959331466,0.631,Comp0064,DC0002,6,38020,389,6,5,395,537
398523.6573898491,0.035,Comp0076,DNS0002,17,45072,53,3,3,70,117
398524.4754517171,1.077,Comp0025,DC0002,6,39553,88,3,22,181,1553
398525.6687213747,2.577,Web0002,DB0003,6,50284,5432,70,115,538,2308
398528.8074908535,0.037,Mail0002,DNS0001,17,46606,53,3,2,29,279
398537.07705584296,2.687,Comp0044,Proxy0002,6,27832,3128,2,50,537,4140
398547.470620047,33.135,Comp0025,FS0001,6,20106,445,23,46,5913,3199
398558.4504625787,3.406,Comp0031,Mail0002,6,11157,587,11,6,756,555
398559.6332802925,8.0,Comp0076,DC0002,6,17622,88,8,4,112,228
398578.48853118595,0.311,Comp0048,DNS0002,17,28264,53,2,3,100,81
398582.28373165097,0.03,Comp0045,DNS0002,17,3441,53,2,2,40,70
398584.90755334473,0.832,Comp0021,Web0006,6,48011,80,11,38,1242,14977
398585.1042426083,4.167,Comp0009,Web0005,6,22070,443,6,21,187,8114
398587.2165705039,10.109,Comp0001,FS0003,6,28367,445,25,115,429,6017
398594.45802100416,2.157,Comp0039,Web0004,6,34602,443,28,21,1828,9961
398596.6105597846,16.76,Comp0030,DC0002,6,63157,445,14,369,2692,42171
398597.25313630054,2.991,Comp0028,DC0002,6,27430,88,5,7,80,587
398603.2612021884,2.988,Comp0078,Comp0058,6,48993,22,3,18,320,25
398604.4189904121,0.3,Comp0072,DNS0002,17,62017,53,3,2,92,271
398605.99492035847,0.009,Comp0077,DNS0001,17,33851,53,2,2,79,124
398607.3119239344,2.538,Comp0063,DC0002,6,36910,88,9,7,432,229
398612.58207725815,2.767,Comp0018,Web0002,6,18933,443,6,16,704,28233
398612.9006204973,1.175,Comp0067,Web0005,6,31499,443,6,17,198,7837
398616.3967964883,4.181,Comp0063,Web0004,6,62859,443,7,11,763,4528
398619.71940300235,0.224,Comp0001,DNS0001,17,53178,53,3,2,99,65
398621.2721277364,0.342,Comp0067,DNS0001,17,26724,53,2,2,50,177
398621.6018603547,10.168,Comp0024,Web0002,6,44346,80,11,20,684,2093
398622.0573492538,3.312,Comp0074,Mail0002,6,57117,993,6,8,654,165
398626.1975429502,2.483,Comp0026,Proxy0001,6,47921,3128,8,49,784,4070
398626.6121755491,0.512,Comp0023,DNS0002,17,8004,53,2,2,87,154
398626.6572472689,8.125,Comp0051,Web0002,6,42583,80,4,49,1147,79440
398631.3682975858,0.232,Comp0029,DNS0002,17,10582,53,2,2,34,187
398633.422242915,0.289,Comp0062,Web0005,6,48578,443,8,38,3895,11429
398636.05096845306,1.71,Comp0048,Web0004,6,59528,443,15,133,573,3354
398654.0887063794,3.956,Comp0053,Web0001,6,11763,443,8,63,624,6720
398654.6212076233,2.398,Comp0055,Web0004,6,31931,80,8,71,584,1480
398658.8528021223,2.852,Comp0053,Web0005,6,24203,443,7,61,2130,1279
398666.8654111394,0.467,Comp0026,DNS0001,17,44502,53,2,3,66,83
398677.9185637276,0.066,Comp0026,DNS0002,17,45615,53,3,3,70,93
398680.28369055653,0.074,Comp0029,Web0002,6,29665,80,10,19,931,8454
398682.1775518713,7.888,Comp0069,Web0003,6,10556,80,43,34,236,4203
398686.1412107632,4.402,Comp0036,Web0006,6,7452,443,8,4,1216,36536
398686.91300408007,1.681,Comp0009,Web0006,6,12159,443,2,32,334,4600
398689.6091371441,4.295,Comp0056,Web0002,6,9636,443,16,61,376,1090
398695.6387556427,2.627,Comp0037,Proxy0002,6,50441,3128,9,44,623,3173
398699.0598170092,0.104,Comp0058,DNS0002,17,1142,53,3,2,67,110
398699.92396552325,8.726,Comp0080,Proxy0001,6,2178,3128,13,66,1580,259380
398701.12994237203,0.739,Comp0003,DNS0002,17,49673,53,3,3,91,172
398701.212789516,3.587,Comp0002,Web0005,6,42394,443,5,25,428,3951
398704.5586387292,13.076,Comp0069,FS0001,6,23946,445,25,60,1675,305919
398711.53109515435,0.845,Comp0003,DC0001,6,47403,88,12,6,1273,239
398711.6709640101,4.727,Comp0004,Web0006,6,28390,443,5,21,302,6218
398713.1959373418,2.767,Comp0002,DC0001,6,43741,88,5,18,443,393
398719.58679814095,9.479,Comp0009,Web0005,6,4937,80,43,22,738,7674
398723.36125587363,0.406,Comp0062,DNS0001,17,27101,53,2,2,95,191
398724.0338944572,0.826,Comp0009,Web0004,6,11995,443,8,23,2471,10368
398727.3140039323,3.669,Comp0074,Web0004,6,62138,443,5,35,846,73975
398729.88614361186,13.672,Comp0072,FS0002,6,14939,445,51,30,305,14728
398740.70834889263,7.405,Comp0078,Web0003,6,12149,443,10,29,623,2157
398747.46805251786,6.566,Comp0059,Proxy0002,6,50840,3128,12,25,4386,44185
398748.4954767425,0.067,Comp0077,DC0002,6,31622,389,5,6,882,563
398749.842954916,0.798,Proxy0002,Ext0039,6,54702,443,3,31,457,7161
398750.32695196004,0.155,Comp0037,DC0002,6,44282,389,6,6,1019,145
398763.75103965914,0.156,Comp0073,DNS0002,17,11077,53,2,2,34,268
398764.762093678,8.626,Comp0074,Proxy0001,6,2649,3128,6,33,377,8849
398765.6466634952,0.212,Comp0024,DNS0002,17,23378,53,2,3,94,121
398768.5885255085,0.006,Comp0080,DNS0002,17,18360,53,2,2,112,93
398772.05137792765,0.027,Comp0054,DNS0002,17,12402,53,2,3,93,162
398773.0094336108,0.678,Comp0004,DNS0002,17,47914,53,2,3,49,131
398774.54540644237,0.418,Comp0014,Proxy0002,6,6708,3128,3,16,496,61784
398778.3507547201,1.096,Comp0051,Web0004,6,31651,80,23,41,343,10837
398778.73437319696,15.041,Comp0037,Proxy0002,6,18939,3128,5,47,1511,18462
398779.16379138286,6.804,Comp0035,Web0005,6,61177,443,14,189,1254,6686
398781.64891025785,0.177,Comp0039,DNS0002,17,11257,53,2,2,98,91
398793.4826806617,0.999,Comp0050,Mail0001,6,9935,587,3,4,472,2180
398797.3129412451,4.943,Comp0030,Proxy0001,6,23415,3128,2,207,1115,10883
398803.8944954433,3.254,Comp0052,Proxy0001,6,21023,3128,16,119,1250,3379
398804.40825982275,0.772,Comp0073,Web0001,6,44678,443,9,50,406,18555
398807.4249722813,3.088,Comp0006,Mail0002,6,9847,587,4,7,713,216
398808.9174085704,1.256,Comp0034,Web0006,6,2012,443,6,66,542,8631
398821.37828710343,2.258,Comp0056,FS0001,6,63782,445,22,58,4587,12926
398825.8098727612,21.78,Comp0073,FS0003,6,1909,445,10,115,3598,8538
398828.5347264665,1.03,Comp0010,DC0002,6,32844,88,6,10,416,651
398839.753793095,17.129,Comp0078,DC0002,6,21370,445,26,48,921,200985
398840.71856848215,11.371,Comp0040,Web0005,6,65436,443,10,25,448,6031
398842.60940464947,0.025,Comp0035,Web0002,6,31881,443,7,37,949,47832
398844.8866056587,0.168,Comp0078,DNS0002,17,6447,53,2,3,49,213
398847.991743869,2.025,Comp0072,Proxy0002,6,62982,3128,6,34,1119,3300
398850.80076771404,0.723,Comp0017,Mail0001,6,7907,993,7,4,816,400
398853.3972381362,14.809,Comp0065,Proxy0002,6,24246,3128,13,370,4622,1047
398856.19676921895,1.313,Comp0048,Web0001,6,64046,80,3,40,954,7590
398859.5679631255,0.004,Comp0048,DNS0001,17,11795,53,2,3,46,324
398859.9902724964,0.118,Comp0080,DNS0002,17,7316,53,2,4,52,165
398863.05126739107,1.926,Comp0050,Web0005,6,46977,443,11,28,1220,6503
398864.32401431806,9.565,Comp0048,FS0001,6,19658,445,16,9,456,4781
398864.39409468306,10.892,Comp0063,DC0001,6,63686,445,7,168,345,13944
398872.609699606,0.274,Comp0051,DNS0002,17,3725,53,3,2,46,114
398872.8814948335,3.154,Comp0037,Web0002,6,52624,443,15,41,805,2427
398876.7973391846,0.029,Comp0068,DNS0002,17,46913,53,2,3,43,384
398881.4985727442,0.01,Comp0074,DNS0002,17,63323,53,3,3,32,135
398888.0178949281,5.688,Comp0067,FS0002,6,25384,445,53,122,338,3036
398891.7965805498,6.223,Comp0022,Proxy0002,6,16626,3128,8,59,345,5011
398898.1383058603,0.076,Comp0032,DNS0001,17,29086,53,2,3,70,106
398899.87695864623,0.063,Comp0002,DNS0001,17,38688,53,2,2,93,211
398900.3963176479,0.102,Comp0030,DNS0002,17,44887,53,2,2,64,137
398901.62171994185,1.474,Comp0063,Web0001,6,41452,443,7,44,327,7212
398904.79264097335,4.897,Comp0059,Web0001,6,18368,443,9,47,315,613
398922.772982998,12.148,Comp0019,Web0002,6,48145,443,7,22,937,2586
398923.9681417117,0.178,Proxy0001,DNS0002,17,19731,53,2,3,44,109
398935.29943089176,0.62,Comp0007,DNS0002,17,54544,53,2,2,28,260
398937.1632800767,4.29,Comp0007,FS0002,6,43233,445,25,171,2943,66900
398937.58148260385,2.813,Comp0068,DC0001,6,7813,88,5,6,120,1251
398941.83392298385,6.152,Comp0046,Mail0002,6,31097,587,7,3,459,458
398942.8370480807,0.384,Comp0009,DNS0001,17,19014,53,2,2,32,194
398943.4659616282,0.205,Comp0069,Proxy0001,6,9932,3128,3,40,238,6231
398943.47165669536,0.12,Comp0068,DNS0001,17,30565,53,2,2,157,116
398950.6059209247,2.111,Comp0020,Web0005,6,48072,443,14,52,771,16692
398953.34244324075,0.034,Comp0057,DNS0001,17,49608,53,2,2,63,177
398957.51528019056,1.049,Comp0048,Mail0001,6,40097,587,4,7,464,1152
398959.7445263064,2.328,Comp0036,DC0001,6,63269,389,3,7,106,599
398961.71027421585,2.676,Comp0060,Proxy0001,6,38753,3128,3,45,2372,1585
398963.9990868259,9.99,Comp0071,Web0004,6,34555,443,26,33,592,6651
398965.4750923885,0.295,Comp0074,DNS0001,17,27851,53,3,2,68,148
398968.7030934115,0.236,Comp0006,DNS0001,17,15585,53,2,4,86,78
398970.20860441535,1.397,Comp0078,Comp0031,6,9790,445,60,40,1803,1472
398975.84761543054,0.052,Comp0056,Web0005,6,57270,80,10,51,1340,17164
398978.32921572984,9.053,Comp0018,FS0003,6,64739,445,3,95,3791,25189
398979.00313555135,2.664,Comp0065,DC0002,6,58051,445,8,524,4332,14471
398988.3150517443,4.263,Comp0038,Proxy0002,6,45400,3128,6,27,388,7337
398999.43261800776,4.973,Comp0021,Web0003,6,20335,80,9,47,284,2453
399001.4896051589,9.462,Comp0046,FS0003,6,5009,445,178,254,1779,37597
399006.08436911507,0.783,Comp0018,Web0004,6,64322,80,4,46,333,26228
399032.0156256198,1.013,Comp0002,Web0006,6,54957,443,4,9,735,7328
399033.8409633387,3.453,Comp0070,FS0003,6,10415,445,15,11,2500,14178
399040.25975668966,0.139,Comp0047,Web0006,6,8614,80,7,27,206,2536
399041.579458124,32.178,Web0001,DB0004,6,39401,5432,26,60,8558,3607
399046.38543570583,0.059,Comp0036,Mail0001,6,49245,587,6,17,198,5382
399057.83352830587,27.454,Web0002,DB0002,6,34140,3306,42,49,1117,3896
399060.7235829248,2.158,Comp0032,DC0001,6,45994,88,4,19,695,1553
399062.57199726754,0.143,Comp0052,DNS0001,17,46723,53,3,3,96,148
399075.439188458,0.736,Comp0033,Web0004,6,41236,443,3,108,1721,5395
399077.1419712137,10.938,Comp0030,DC0002,6,7628,88,5,24,306,1321
399079.9190090405,8.712,Comp0021,DC0002,6,61420,445,51,51,3081,380274
399084.34261254844,2.564,Comp0031,DC0002,6,28738,88,2,28,527,1245
399086.8704719918,0.445,Comp0007,FS0003,6,57068,445,32,73,4195,4880
399092.68665221456,1.886,Comp0062,FS0002,6,11945,445,46,352,1409,45668
399095.54036514607,8.177,Comp0010,Web0006,6,10507,443,22,25,283,1057
399101.29522974574,5.455,Comp0007,Web0001,6,5585,443,5,37,271,2249
399105.3109890069,2.618,Comp0030,DC0001,6,24886,389,3,4,502,1024
399115.45449664665,0.275,Comp0025,DNS0002,17,51699,53,3,3,102,180
399116.92852649867,7.313,Comp0075,Web0003,6,48519,443,10,23,541,12756
399121.7406582849,3.114,Comp0024,DC0002,6,43060,389,6,9,92,2074
399122.72348704963,2.23,Comp0050,Web0005,6,65529,443,4,56,979,5319
399128.6855587381,0.043,Comp0011,DNS0001,17,20108,53,2,2,50,269
399130.6915123536,1.652,Comp0069,Comp0011,6,9415,3389,3,4,1104,262
399132.07510717615,2.123,Comp0023,Mail0002,6,13861,993,11,20,707,386
399147.66211952857,0.08,Comp0048,DNS0001,17,20920,53,2,3,59,83
399148.6904263412,0.524,Web0004,DB0003,6,52990,3306,39,39,4476,52054
399151.5294512196,0.054,Comp0077,DNS0002,17,39835,53,2,3,107,146
399154.72254255315,0.454,Comp0028,Web0002,6,2106,443,23,16,667,1337
399157.1347395378,3.68,Comp0025,Mail0002,6,7666,587,8,12,100,135
399159.9550154,10.489,Comp0038,Web0003,6,21336,443,6,21,1091,14182
399181.5552987144,1.1,Comp0078,Web0005,6,52712,443,35,87,1228,4145
399181.99084190535,4.582,Proxy0001,Ext0012,6,16574,80,18,29,683,36132
399184.28626916354,0.197,Comp0074,DC0001,6,57796,389,4,5,379,550
399189.45167960017,4.762,Comp0073,FS0003,6,61371,445,40,44,1293,33629
399202.60762547224,9.336,Comp0006,Web0006,6,46678,443,12,30,1194,24435
399210.2614976147,0.096,Comp0023,DNS0002,17,32763,53,2,3,71,164
399222.2151020582,2.935,Comp0060,Web0001,6,59074,443,5,44,481,30966
399224.6221729548,0.161,Comp0051,DNS0001,17,14983,53,2,2,77,157
399225.3478185898,40.518,Comp0063,FS0003,6,50470,445,28,195,6347,192731
399226.9879601151,0.025,Comp0006,DNS0002,17,63926,53,2,2,59,148
399230.6241776113,2.457,Comp0068,Web0001,6,64298,443,11,87,623,59497
399237.83319849655,1.975,Comp0044,Proxy0001,6,21085,3128,2,64,1887,21831
399238.5273838015,0.123,Comp0074,DNS0002,17,37618,53,2,2,37,110
399238.8070264433,0.359,Comp0002,DNS0001,17,20956,53,2,3,153,396
399239.78785806696,9.395,Comp0048,Proxy0002,6,38665,3128,21,69,571,5711
399241.30659289425,2.815,Comp0039,DC0002,6,41883,88,11,16,748,374
399242.1326391304,0.259,Comp0012,DC0001,6,19277,88,2,7,584,403
399243.10894858884,2.47,Comp0038,DC0001,6,33059,88,8,11,125,905
399244.2545442563,0.324,FS0001,DNS0002,17,62359,53,3,3,64,175
399245.2224067757,1.117,Comp0066,FS0002,6,37178,445,27,26,11531,200507
399252.6149709516,1.421,Comp0041,Proxy0002,6,24688,3128,11,50,654,8705
399254.47473599244,0.299,Comp0051,DNS0001,17,27268,53,3,2,39,95
399263.35313572857,4.768,Comp0050,Web0005,6,3830,80,9,74,335,13837
399267.5158466489,0.165,Comp0069,DNS0001,17,46188,53,2,3,49,126
399268.1048075137,0.455,Comp0061,Mail0002,6,58912,587,5,8,116,2374
399271.8252465728,0.116,Comp0007,DNS0002,17,62640,53,2,2,106,99
399272.17511093477,6.352,Comp0008,Mail0002,6,25224,587,7,3,83,585
399285.62716601905,9.612,Comp0045,FS0001,6,44796,445,17,68,1141,45452
399288.7611557198,0.008,Comp0021,DNS0002,17,29503,53,2,2,79,82
399297.2211263969,4.764,Comp0077,Web0001,6,53144,443,21,15,1296,12686
399299.4215067106,0.685,Comp0042,FS0001,6,49225,445,86,41,359,5197
399300.69128937117,0.868,Comp0055,Web0006,6,13648,443,7,53,452,2765
399301.61911010847,0.065,Comp0005,DNS0001,17,62133,53,2,3,49,146
399302.52602404496,68.168,Comp0071,FS0002,6,51610,445,45,78,730,33459
399304.5473116835,9.614,Comp0056,DC0001,6,23892,389,8,7,856,1333
399313.4431278249,3.76,Comp0067,Mail0001,6,57474,993,2,9,867,1614
399315.4352233522,0.692,Comp0026,Web0004,6,19881,80,6,62,2771,4695
399331.8390965605,0.163,Comp0030,DNS0001,17,27969,53,2,2,81,91
399337.7948674175,7.72,Comp0019,Web0001,6,22914,443,10,35,508,3311
399341.37559321296,0.254,Comp0029,DNS0001,17,34860,53,3,3,265,342
399342.34382156015,2.836,Comp0002,DC0001,6,40235,88,5,3,1103,271
399345.6570399325,8.027,Proxy0001,Ext0038,6,53223,443,21,57,3578,3682
399348.4099925104,0.957,Mail0001,Ext0025,6,16886,25,10,22,548,211
399349.37116659683,2.82,Comp0035,Web0001,6,42940,80,4,33,1445,2034
399350.12639293674,17.514,Comp0004,Proxy0001,6,20307,3128,10,24,1206,12510
399354.6003988345,0.534,Comp0072,DNS0001,17,31691,53,3,2,50,152
399355.6429700967,6.958,Comp0021,Web0004,6,42223,80,13,49,1321,764
399362.6972676995,2.515,Comp0052,Mail0001,6,45439,993,3,8,632,1472
399366.38992776093,8.918,Comp0006,Web0005,6,41091,443,4,18,496,35337
399374.37641139585,0.299,Comp0025,DNS0001,17,11404,53,2,3,54,348
399374.91077383637,2.297,Comp0057,Web0005,6,23538,443,26,18,460,13342
399386.20185997494,1.666,Comp0063,DC0002,6,59972,88,2,12,553,40
399391.55416208436,10.299,Comp0056,Proxy0001,6,44043,3128,3,71,265,22589
399391.6426806783,4.237,Comp0069,Web0002,6,60079,80,4,69,1431,9338
399399.77740132937,1.605,Comp0041,Web0002,6,21197,443,11,85,1161,13668
399399.8913671349,1.784,Comp0043,Web0004,6,35979,443,13,42,1599,28413
399400.12739610765,1.475,Comp0080,Web0004,6,25962,443,8,18,946,4770
399401.34955553117,1.246,Comp0078,Web0002,6,24667,443,7,38,1428,7544
399405.2671813346,2.461,Comp0022,Web0004,6,39795,443,11,13,110,65362
399408.1762761975,0.319,Comp0046,DNS0002,17,9404,53,2,2,61,276
399412.7687041834,3.677,Comp0065,Web0003,6,18089,443,6,31,801,2868
399413.3944586682,0.074,Comp0017,DNS0001,17,4201,53,3,2,73,171
399425.5329632401,3.584,Comp0014,Web0002,6,58708,443,10,36,2298,911
399426.9220806285,12.006,Comp0048,Web0006,6,17459,80,19,104,2459,6055
399446.4277694721,5.063,Comp0006,Comp0047,6,40359,135,5,9,674,22
399449.6727751319,19.788,Comp0077,FS0002,6,15157,445,20,28,2079,7708
399453.30014822906,3.648,Comp0049,Web0005,6,3175,443,5,38,810,1662
399454.64993309707,0.228,Comp0022,DNS0001,17,46715,53,3,3,48,143
399460.96219160757,13.083,Comp0064,Web0006,6,45109,443,13,29,1807,27415
399468.0052003333,0.238,Comp0007,DNS0001,17,6274,53,3,3,90,86
399468.973980562,2.126,Comp0011,Mail0002,6,15840,993,6,9,378,544
399470.9016195268,0.294,Web0002,DNS0002,17,40465,53,2,2,124,165
399474.77239797876,0.037,Comp0080,DNS0002,17,35576,53,2,3,72,189
399478.21634444967,0.345,Web0004,DNS0001,17,37694,53,2,3,62,113
399489.8836287017,8.374,Comp0076,Proxy0002,6,15628,3128,25,15,158,2433
399490.7804948364,0.471,Comp0002,Proxy0001,6,63860,3128,15,29,267,4538
399498.4589488735,0.387,Comp0010,Web0003,6,19360,80,10,12,879,4457
399498.67295146454,9.316,Comp0013,Proxy0001,6,50222,3128,6,54,1719,39418
399509.3302167128,3.248,Comp0074,Web0002,6,33832,80,9,24,389,16820
399509.71556311054,0.076,Comp0042,DNS0001,17,62729,53,2,2,83,276
399523.2954133522,0.912,Comp0051,DC0002,6,1848,88,9,7,536,410
399543.25954966416,6.001,Comp0009,Mail0001,6,41413,993,5,6,1135,837
399543.6683903301,5.817,Comp0035,FS0003,6,14618,445,30,31,2321,2907
399550.10378153657,0.875,Comp0001,Mail0002,6,12034,993,5,23,888,276
399553.1045021954,2.476,Comp0012,Proxy0001,6,15895,3128,12,16,1084,6978
399555.7712183091,2.771,Comp0050,FS0003,6,63830,445,64,108,8691,2858
399556.68355300865,3.284,Comp0018,FS0003,6,22522,445,15,281,466,2027
399560.7753574471,0.116,Comp0040,Web0001,6,19644,443,9,71,563,3454
399568.1466490291,3.611,Comp0054,Proxy0001,6,28164,3128,11,68,438,13954
399570.5376834783,0.128,Comp0037,Web0006,6,10881,443,4,41,175,15860
399574.2952759589,2.933,Comp0075,DC0002,6,24246,88,4,15,392,456
399579.417611607,5.212,Comp0053,Web0005,6,9485,443,16,24,2576,8822
399587.6432763804,11.484,Comp0004,Web0005,6,43999,80,6,47,647,10242
399592.3876689063,8.092,Comp0061,Proxy0002,6,41735,3128,6,82,378,46180
399594.6932983448,4.263,Comp0080,FS0001,6,60923,445,23,144,1517,22946
399595.18635981466,1.755,Comp0045,Web0004,6,22686,443,22,19,1537,3238
399599.29141174455,0.294,Comp0071,DNS0001,17,20863,53,3,3,64,152
399604.6872301568,12.502,Proxy0002,Ext0022,6,63234,80,3,100,1773,955
399607.02064612,0.287,Comp0066,Web0002,6,14606,443,7,12,536,5934
399609.5902339991,6.012,Comp0050,Web0002,6,7203,443,9,57,48,4942
399618.4150173984,1.897,Comp0056,Web0002,6,58465,443,3,94,105,3140
399619.7943901207,0.618,Comp0035,Proxy0002,6,11813,3128,5,24,849,42168
399625.03706893406,0.867,Comp0065,FS0001,6,14049,445,7,30,1944,55042
399625.5124047596,22.924,Web0001,DB0004,6,48644,5432,18,69,1286,20072
399631.9237121574,15.331,Comp0053,FS0003,6,30120,445,47,12,1471,46453
399637.48723850114,5.095,Comp0011,Proxy0002,6,42559,3128,13,15,260,8493
399643.09570095385,0.394,Comp0053,DC0002,6,36353,88,6,8,206,372
399644.8482031011,0.023,Comp0077,DNS0001,17,30154,53,2,2,81,215
399645.6721700119,1.997,Comp0007,DC0002,6,48105,389,3,14,403,151
399647.5365779544,2.416,Comp0055,FS0003,6,21655,445,28,98,833,42480
399649.8998813528,1.585,Comp0032,DC0001,6,10516,389,8,4,2052,596
399650.4777221034,0.203,Comp0016,DNS0001,17,45852,53,2,3,47,325
399667.0655557326,0.034,Comp0032,DNS0001,17,24042,53,2,2,55,161
399669.7711185368,3.176,Comp0023,Web0005,6,56827,80,3,27,1578,5692
399670.43352167174,0.619,Comp0042,Web0005,6,46896,80,9,47,316,14796
399680.586401433,1.931,Comp0007,Mail0002,6,55760,993,5,24,112,906
399683.8275721501,0.726,Comp0067,Proxy0001,6,44729,3128,19,77,1919,4451
399685.0638606484,12.398,Comp0060,DC0002,6,36409,445,27,167,2318,459184
399700.51161646016,2.326,Comp0049,Web0005,6,41539,443,13,35,382,21408
399701.09061098436,2.217,Comp0002,Web0006,6,4438,443,3,71,3059,6942
399703.30080347025,0.196,Comp0073,Mail0001,6,36182,993,6,7,79,341
399704.6596879185,1.209,Comp0039,Proxy0002,6,8536,3128,12,52,1773,2907
399708.60998923186,0.151,Comp0055,DNS0002,17,6076,53,4,3,97,137
399709.5870246182,5.608,Comp0015,Proxy0001,6,26636,3128,10,20,1464,5177
399723.1563363908,1.692,Comp0039,Web0001,6,9298,443,15,51,298,3214
399723.4762442086,2.962,Comp0049,DC0002,6,23314,389,8,14,259,919
399739.9103586559,3.726,Comp0069,FS0001,6,62567,445,27,149,2976,21647
399741.66579042457,0.655,Comp0026,Proxy0002,6,62452,3128,5,22,1103,1816
399748.7944131489,2.487,Web0003,DB0003,6,62697,5432,8,239,7544,48555
399756.98609333066,0.009,Comp0046,DC0001,6,49698,88,5,4,705,207
399757.11705520493,5.768,Comp0025,Proxy0002,6,13659,3128,13,13,3648,1715
399757.53956444253,0.071,Comp0049,DNS0002,17,13499,53,2,2,85,212
399765.216355858,0.072,Comp0011,DNS0001,17,1048,53,2,2,51,182
399782.6100293236,0.257,Comp0017,DNS0001,17,27896,53,3,3,60,231
399785.730844594,0.022,Comp0026,DNS0002,17,40458,53,3,2,73,153
399791.8158407656,14.274,Comp0030,FS0003,6,32300,445,8,15,3825,16725
399797.25993094465,0.255,Comp0044,DNS0001,17,21282,53,3,3,35,127
399801.00206358195,15.389,Comp0079,FS0001,6,47873,445,32,72,744,46003
399801.03436440666,0.359,Comp0038,DNS0002,17,2421,53,2,3,65,188
399810.37231602607,0.275,Comp0057,DNS0002,17,19996,53,2,3,99,349
399814.91460952075,5.338,Comp0063,Web0006,6,38100,80,2,25,656,25413
399818.90724653885,8.536,Comp0024,Web0002,6,28149,443,8,62,335,11490
399820.9875301081,8.35,Comp0026,Proxy0001,6,30492,3128,13,30,749,1405
399821.7638972767,4.62,Comp0025,DC0002,6,8187,389,7,10,156,779
399823.33476514625,2.339,Comp0034,DC0001,6,3402,389,6,3,540,508
399824.8422767769,1.691,Comp0054,Web0006,6,43228,80,10,101,4343,1513
399836.7458352264,11.98,Comp0006,Web0006,6,50160,139,6,91,397,527
399844.272897312,0.081,Comp0047,DNS0001,17,48696,53,2,2,89,113
399848.0363024298,0.91,Comp0011,DNS0001,17,52808,53,2,2,42,269
399857.7645199587,0.289,Comp0005,Proxy0002,6,53323,3128,4,9,692,8097
399859.9817183279,0.741,Comp0044,Web0003,6,19684,443,3,48,293,16600
399864.06108639634,0.624,Comp0061,Web0003,6,42470,443,7,49,317,7951
399864.13683019695,5.238,Comp0027,DC0001,6,48231,445,13,68,2246,114684
399865.39376138814,3.471,Comp0077,Web0005,6,57941,80,7,16,1292,9306
399870.91229840834,0.984,Comp0065,DC0001,6,19419,445,12,68,464,8827
399875.61145694094,0.093,Comp0051,DNS0002,17,1936,53,2,3,100,124
399875.8859394284,1.579,Comp0001,Web0005,6,18312,443,4,48,1584,4830
399879.88042943005,7.759,Comp0001,Web0002,6,10988,443,15,37,2752,5365
399888.54307015263,3.42,Comp0052,Proxy0001,6,20545,3128,20,33,496,6276
399891.7118840386,14.589,Comp0016,DC0002,6,13356,445,45,98,1288,2111
399894.09016753733,7.18,Comp0009,FS0002,6,40460,445,22,167,816,59926
399896.5201842433,1.751,Comp0044,Mail0002,6,33795,993,7,13,168,1375
399897.30404661846,4.606,Proxy0001,Ext0036,6,52102,80,12,10,993,13741
399904.9131636151,2.628,Comp0020,Proxy0002,6,62424,3128,8,20,1256,9308
399924.3186871278,0.154,Comp0080,DNS0001,17,18974,53,3,2,86,235
399930.48480293766,2.979,Comp0051,Web0005,6,58010,443,2,94,519,41413
399937.18424641655,0.682,Comp0027,Web0006,6,39327,443,10,70,589,8433
399937.19404277916,0.113,Comp0057,DNS0002,17,24535,53,3,2,54,172
399937.6597207749,8.065,Comp0062,Web0004,6,8593,443,8,57,283,3917
399940.3237031651,7.356,Comp0005,DC0001,6,56461,445,19,226,1565,31228
399944.73314999865,6.739,Comp0012,FS0001,6,60379,445,64,31,439,2769
399945.3618480731,0.365,Proxy0001,Ext0003,6,44137,443,7,57,427,15678
399947.8272149588,0.148,Comp0054,Web0005,6,45722,443,4,21,755,13996
399949.1573877987,3.655,Comp0064,Mail0002,6,61673,993,5,10,437,2068
399958.43897786125,0.402,Comp0016,DNS0002,17,50547,53,2,2,77,153
399962.07869212935,12.228,Comp0065,DC0001,6,56028,445,35,21,2055,971
399975.8329224609,2.183,Comp0012,Proxy0001,6,58785,3128,36,34,583,10124
399976.7331726459,0.105,Comp0008,DNS0002,17,34205,53,3,2,51,227
399977.3329348984,7.032,Comp0035,DC0001,6,53803,445,30,40,873,4983
399989.1432571353,0.934,Comp0028,Web0005,6,19532,443,11,19,683,4931
399995.3699769905,0.458,Comp0010,Web0001,6,36615,443,16,137,1238,9215
399996.2708292926,6.81,Web0001,DB0002,6,14407,3306,27,260,455,15053
400006.1116336043,0.126,Comp0068,DNS0001,17,44117,53,3,2,37,115
400011.9941611514,1.993,Comp0067,Proxy0001,6,38790,3128,10,48,1400,4644
400013.56164190813,1.164,Comp0031,DC0002,6,22611,88,21,6,523,365
400015.0807234329,1.705,Comp0024,DC0002,6,63501,88,5,5,631,2873
400016.61538801633,2.742,Comp0064,DC0001,6,41085,389,4,2,682,119
400022.643181913,0.237,Comp0076,DNS0002,17,11400,53,2,3,53,64
400024.40995819983,7.001,Comp0017,Web0005,6,40101,80,10,67,296,9300
400029.715103918,0.188,Comp0065,DNS0001,17,49052,53,2,3,72,303
400030.64043207176,0.6,Comp0001,DC0002,6,63479,88,8,9,76,970
400031.4581691055,0.305,Comp0003,DNS0001,17,20666,53,2,3,37,124
400038.6119420554,0.382,Comp0069,DNS0002,17,63224,53,3,3,87,206
400038.73266640364,10.304,Comp0019,Mail0002,6,26189,993,6,4,404,4844
400038.871396376,0.08,Comp0026,DNS0001,17,19487,53,2,3,75,122
400040.57109410776,4.236,Comp0075,FS0002,6,65268,445,44,40,2169,99568
400041.04449827375,3.084,Comp0037,Proxy0001,6,14789,3128,8,37,381,4958
400041.0696786059,0.058,Comp0022,DNS0001,17,12056,53,2,2,40,180
400045.33090971265,5.67,Comp0049,Web0003,6,21341,443,4,21,3977,22436
400045.84117354586,5.283,Comp0016,Web0001,6,4056,443,29,202,1207,18511
400051.9921451785,0.225,Comp0038,Web0001,6,2751,443,13,49,618,1206
400053.88222752046,1.442,Comp0038,DNS0002,17,19211,53,2,3,78,126
400059.38708646037,0.992,Comp0070,Web0002,6,26285,80,4,19,4011,17140
400062.39907960326,0.166,Comp0040,DNS0001,17,55867,53,2,3,62,101
400064.67587386665,6.988,Comp0058,Proxy0001,6,61001,3128,5,154,529,587
400069.3607501526,4.759,Comp0023,Proxy0002,6,55288,3128,10,19,1368,9378
400077.25019624113,0.042,Comp0038,DNS0001,17,43507,53,2,3,46,152
400081.35723707196,0.03,Comp0069,DNS0001,17,55562,53,2,3,47,137
400084.2994377152,22.771,Web0001,DB0004,6,31164,3306,95,174,889,11565
400087.15844039014,3.424,Comp0077,FS0003,6,48536,445,18,24,1098,1375
400099.1303507663,0.015,Comp0076,DNS0002,17,16650,53,3,2,57,284
400099.4355255671,0.431,Comp0040,Web0006,6,58347,80,9,34,217,6650
400102.0489786055,1.627,Comp0077,Web0005,6,29730,443,4,14,219,2047
400102.5403283158,0.188,Comp0031,DNS0001,17,55159,53,3,2,34,127
400105.05548658146,3.879,Comp0029,Mail0001,6,38344,993,2,7,168,829
400106.1994833299,0.18,Comp0059,DNS0002,17,38937,53,3,3,85,201
400111.26982880017,0.828,Comp0016,DNS0002,17,21651,53,4,2,62,161
400114.0752669501,1.28,Comp0071,Proxy0002,6,53094,3128,6,21,833,16767
400115.9212992756,4.431,Comp0006,Comp0061,6,55977,445,15,119,1176,1001
400120.11080968624,3.011,Comp0021,FS0002,6,29719,445,75,35,544,2049
400128.0736418639,0.66,Comp0074,Web0002,6,28179,443,5,15,1285,8055
400139.23895609705,0.658,Comp0015,DNS0001,17,42935,53,3,3,69,80
400144.9395859374,0.135,Comp0065,DNS0001,17,46014,53,3,2,109,49
400151.6715811499,4.255,Comp0018,Web0003,6,29189,443,14,16,666,11156
400155.75218954164,2.042,Comp0047,DC0002,6,45136,445,19,122,4111,2332
400160.43606612156,6.164,Comp0007,Web0005,6,42557,80,10,83,180,6971
400166.6149278864,0.61,Comp0009,DC0001,6,54920,88,3,8,71,1318
400169.6859202514,0.102,Comp0009,Proxy0002,6,14271,3128,3,20,1544,4837
400181.3806401617,0.089,Comp0076,DNS0001,17,14488,53,2,3,78,83
400181.76876440743,17.444,Comp0066,Proxy0002,6,8382,3128,15,154,507,8807
400182.3183562278,0.113,Comp0077,DNS0002,17,28990,53,2,2,77,307
400199.53859222226,0.887,Comp0052,Proxy0001,6,57509,3128,7,146,626,21858
400200.5098272972,5.457,Comp0053,Proxy0001,6,60821,3128,6,98,1170,2375
400205.1176274351,9.089,Comp0013,Web0004,6,26142,443,13,113,178,8835
400205.5331868697,0.09,Comp0080,DNS0001,17,44682,53,2,3,47,170
400207.17125035654,3.302,Comp0011,Web0001,6,12655,443,14,45,1073,25528
400209.21099942934,0.996,Comp0006,Comp0007,6,47608,139,31,105,1692,2154
400211.9826491221,6.442,Comp0055,Proxy0001,6,6538,3128,12,184,447,4805
400217.86355122813,16.182,Comp0013,FS0002,6,58956,445,28,31,1796,21184
400219.85306456353,0.195,Comp0062,DNS0001,17,49535,53,2,2,38,123
400223.1021333436,0.669,Comp0053,DNS0002,17,53839,53,3,2,48,143
400225.1799098887,5.934,Comp0062,Web0001,6,53514,80,19,140,461,5561
400231.14701662865,1.975,Comp0034,Mail0002,6,51543,993,4,6,142,308
400236.67894458916,9.151,Comp0010,Mail0001,6,45052,993,6,17,150,75
400239.0203881874,5.106,Comp0045,Web0001,6,33739,443,21,56,226,4180
400246.9267819394,0.008,Comp0060,DNS0002,17,8658,53,2,3,53,198
400248.1017569648,30.517,Comp0009,DC0002,6,50040,445,10,690,2257,3156
400252.64868796314,0.201,Proxy0001,DNS0001,17,52623,53,3,2,84,98
400255.9328100862,0.104,Comp0008,DNS0002,17,62559,53,2,3,149,54
400262.12052113,2.087,Comp0014,Proxy0001,6,38851,3128,8,25,758,23184
400262.6966422703,2.602,Comp0080,Web0001,6,11302,80,4,51,803,2200
400267.85206044116,0.048,Comp0064,DNS0001,17,6373,53,2,2,44,210
400268.4531365341,0.699,Comp0074,DNS0001,17,4575,53,2,2,149,164
400270.30172523874,4.626,Comp0069,Web0006,6,26312,443,14,5,463,1059
400276.23830477573,4.383,Comp0078,Web0006,6,46816,80,13,14,180,853
400281.30555554945,0.035,Comp0007,DNS0001,17,40987,53,2,3,54,167
400283.63937678,0.353,Comp0052,DNS0002,17,10183,53,2,2,58,155
400302.0338080116,3.967,Comp0014,Mail0002,6,12663,993,4,13,225,499
400310.08567891223,2.588,Comp0011,Proxy0002,6,50488,3128,5,27,2078,12775
400330.15745720174,1.127,Comp0026,DC0001,6,33293,445,38,104,356,26885
400335.1798839485,4.525,Comp0070,Proxy0002,6,11227,3128,27,86,131,56424
400338.2310884995,2.419,Comp0063,DC0001,6,49699,389,6,8,2134,1323
400339.139964478,3.801,Comp0078,Comp0029,6,15445,22,3,18,383,26
400345.6927795893,4.48,Comp0017,FS0001,6,14680,445,13,80,521,16334
400350.0003473053,0.864,Comp0026,Mail0001,6,41081,993,8,8,166,603
400361.29828555643,5.963,Comp0032,Web0004,6,34910,443,9,70,314,7678
400362.431845697,0.143,Comp0069,Web0003,6,4561,443,8,14,2025,52401
400364.2529260552,0.051,Comp0063,DNS0002,17,39247,53,3,3,106,85
400368.8416291993,1.004,Proxy0002,Ext0024,6,39041,80,4,40,1595,2591
400371.73558677506,3.487,Comp0050,Web0003,6,48688,443,4,12,869,2203
400374.77477165125,0.069,Comp0019,DC0002,6,22056,389,3,4,362,328
400377.14993256977,0.084,Comp0013,DNS0001,17,24490,53,2,2,134,82
400393.0395011125,4.062,Comp0014,DC0002,6,49571,445,15,163,7568,3439
400393.05338116095,6.299,Comp0009,FS0002,6,47896,445,11,81,4016,6186
400402.2634908119,4.94,Comp0060,Mail0001,6,1727,993,6,6,874,917
400403.38603118673,0.091,Comp0069,DNS0001,17,9199,53,2,2,119,113
400406.71536165825,0.538,Comp0020,DC0002,6,6659,88,4,6,485,319
400409.30648281757,1.549,Comp0041,Web0003,6,14803,443,4,10,679,3421
400413.935294642,0.143,Comp0016,DNS0001,17,57390,53,2,3,46,73
400414.2699639169,12.152,Web0003,DB0004,6,20621,5432,30,757,11997,5198
400421.100961195,0.738,Comp0075,Mail0002,6,64423,993,4,4,320,409
400428.3273541053,6.474,Comp0015,FS0002,6,3004,445,16,76,4546,35192
400430.68227480515,11.656,Comp0005,Web0002,6,3823,443,17,33,185,1708
400439.92059555417,2.683,Comp0071,Proxy0002,6,6717,3128,27,17,488,4189
400446.3727018441,0.135,Comp0050,DNS0002,17,30192,53,3,3,94,217
400460.5632413904,0.156,Comp0033,DNS0002,17,4643,53,2,4,52,433
400460.7519238019,0.137,Comp0053,Proxy0001,6,2126,3128,6,22,810,12187
400475.90453966433,5.479,Comp0023,Web0003,6,8963,443,4,110,355,2988
400476.9549374834,4.192,Comp0006,Web0003,6,51653,443,10,16,1114,32314
400482.90128929855,0.142,Web0002,DNS0001,17,63578,53,2,2,114,200
400483.25226555637,13.836,Comp0058,Proxy0001,6,4621,3128,6,35,511,12067
400486.7274734609,2.163,Comp0077,Web0006,6,31623,443,6,30,521,13794
400489.46751086746,8.769,Comp0058,Web0006,6,47095,80,6,112,764,8081
400491.6371710508,4.636,Comp0028,Web0004,6,48960,443,44,119,668,6843
400494.6951808306,0.772,Comp0038,DC0001,6,43007,88,2,6,261,449
400498.33145782846,2.301,Comp0038,Web0005,6,51824,443,9,166,3395,8873
400505.1551197417,2.337,Mail0002,Ext0035,6,35792,25,8,12,101,314
400507.11807917396,0.073,Comp0073,DNS0002,17,31159,53,2,3,59,214
400517.7538874507,31.086,Proxy0001,Ext0028,6,56016,80,27,75,447,5457
400520.7937373448,0.509,Comp0077,DNS0001,17,11982,53,2,4,65,110
400522.6690819892,0.528,Comp0005,Mail0002,6,25658,587,4,5,782,542
400526.2973841177,13.441,Comp0044,Mail0001,6,16876,993,8,5,380,327
400526.50721467513,0.264,Comp0026,Web0006,6,64024,443,4,55,1234,166398
400531.41005029593,11.588,Comp0011,DB0004,6,29967,445,50,220,1169,14925
400540.59995003056,1.467,Comp0065,Web0002,6,48953,443,7,62,812,5819
400551.9428572736,5.56,Comp0067,DC0002,6,14455,88,4,12,1499,259
400552.1955630735,0.119,Comp0052,Web0003,6,9499,80,10,12,133,7437
400557.70355258253,3.977,Comp0037,Proxy0002,6,20228,3128,6,25,921,915
400558.0477918671,0.327,Comp0070,DNS0002,17,5223,53,2,3,38,134
400565.1654381627,0.867,Comp0071,DC0002,6,27784,88,6,7,372,532
400567.88645224523,0.285,Comp0080,DNS0001,17,61483,53,2,2,72,215
400569.8348125325,17.376,Comp0006,Comp0043,6,42933,139,13,30,541,301
400572.4385645326,2.675,Comp0060,DC0001,6,40316,88,10,4,183,2026
400575.3210192004,1.016,Comp0042,DC0001,6,52819,88,11,6,98,2327
400575.704835732,7.322,Comp0014,Web0002,6,54956,443,4,32,2149,19843
400576.00864319585,0.042,Comp0009,DNS0001,17,52392,53,2,3,32,89
400577.0706268409,9.682,Comp0004,Web0003,6,41511,443,4,198,387,1883
400577.61111340445,0.088,Comp0052,Mail0001,6,26027,587,15,7,305,219
400579.2276928639,4.409,Comp0024,Proxy0002,6,64748,3128,5,54,1817,8254
400582.94361919933,2.698,Comp0015,Web0003,6,13017,80,5,95,382,31876
400585.81685167685,0.523,Comp0045,DNS0002,17,33150,53,2,2,49,175
400591.3951453447,6.301,Comp0068,Proxy0001,6,4526,3128,3,48,181,5053
400591.8178354871,0.102,Comp0009,Web0004,6,55159,443,3,15,345,5121
400591.931559962,0.559,Comp0079,Web0002,6,55330,443,6,48,372,16005
400600.7329346396,6.1,Comp0034,Web0001,6,35972,443,9,62,65,1552
400610.0623562385,10.439,Comp0040,Web0002,6,54731,443,9,72,921,31032
400620.99715215457,1.229,Comp0032,Web0001,6,17049,443,9,20,218,2972
400631.9893094731,6.893,Comp0073,Web0005,6,56752,80,10,287,1157,3726
400634.6554300608,14.903,Comp0033,FS0003,6,15781,445,21,290,639,6369
400640.49420688034,0.135,Comp0014,DNS0002,17,2393,53,2,2,50,134
400641.6160607321,0.008,Comp0078,DNS0001,17,31277,53,2,3,40,351
400646.9961459619,0.276,Comp0055,DNS0002,17,19228,53,4,3,62,138
400653.4945895644,0.162,Comp0005,DNS0001,17,3322,53,2,2,72,238
400653.8059706647,1.332,Comp0025,Mail0001,6,3645,993,6,6,744,703
400670.6541521907,0.754,Comp0010,DC0002,6,48098,88,4,24,531,125
400679.1039670804,9.232,Comp0038,Web0002,6,26146,443,6,34,134,48478
400680.36015285546,0.442,Comp0047,DNS0002,17,3372,53,2,2,59,171
400684.0912115169,0.995,Comp0076,Web0003,6,14382,443,10,24,927,11842
400685.41257886327,5.306,Comp0059,Web0006,6,48424,443,9,60,1153,23957
400690.3329989199,0.003,Comp0069,DNS0001,17,2067,53,2,3,55,166
400694.7718439995,0.118,Comp0002,DNS0001,17,46448,53,3,2,24,213
400698.10009307135,1.6,Comp0055,Web0001,6,37336,443,9,16,1393,2783
400703.235087096,0.046,Comp0019,DNS0002,17,30332,53,3,3,45,79
400711.08979536314,0.858,Comp0060,Mail0001,6,15740,993,5,4,88,1007
400714.0958971778,17.4,Comp0040,Web0005,6,60724,443,10,78,440,2910
400714.211376803,0.129,Comp0020,DNS0001,17,13393,53,3,3,54,308
400715.66308326507,3.299,Comp0003,Proxy0001,6,40485,3128,13,97,749,3695
400717.00218148343,10.083,Comp0075,DC0002,6,37379,445,27,203,5859,17884
400717.54132543155,14.161,Comp0076,Web0001,6,64372,443,16,59,168,27175
400724.005462373,0.05,Comp0065,DNS0001,17,32997,53,2,3,40,72
400725.15510424506,1.228,Comp0078,Web0006,6,22278,443,12,57,498,715
400725.69902026956,2.79,Comp0049,Web0006,6,1987,443,5,17,1134,25192
400727.3411626913,1.021,Comp0001,Web0001,6,45896,443,4,96,470,14602
400730.4075669394,0.332,Comp0054,DC0002,6,56952,88,8,8,248,298
400735.4070830735,5.529,Comp0007,Web0003,6,36375,443,7,33,184,1323
400737.166150276,1.705,Comp0058,Web0002,6,7497,80,25,35,463,4318
400748.3607346071,29.596,Comp0003,Web0003,6,8444,443,19,15,13123,9740
400748.9357474122,0.095,Comp0041,DNS0002,17,21137,53,3,2,76,226
400750.5666572236,0.04,Comp0055,DNS0001,17,17033,53,3,2,68,167
400752.6838008611,0.042,Comp0064,DNS0002,17,10820,53,2,3,96,98
400755.26631906244,0.385,Comp0032,DNS0001,17,42448,53,2,2,46,92
400756.31755025464,0.503,Mail0001,Ext0024,6,64660,25,10,4,223,404
400761.8941367037,4.159,Comp0017,Web0001,6,36785,80,8,20,719,51830
400763.12493026984,0.12,Comp0037,DNS0001,17,13670,53,4,2,67,263
400768.1543511343,0.291,Comp0040,DNS0002,17,26167,53,2,4,123,142
400771.6035350849,0.386,Comp0039,DC0001,6,40560,88,5,8,258,147
400772.8156514364,12.565,Comp0021,FS0003,6,53115,445,16,116,1490,22756
400775.06609390554,4.722,Comp0059,DC0001,6,29540,389,4,12,335,242
400777.90501799807,7.102,Comp0080,Web0005,6,43251,443,7,35,1244,1335
400778.0703041126,2.541,Comp0053,FS0003,6,8329,445,38,68,2578,10036
400778.411966852,1.743,Comp0064,Web0002,6,7860,443,7,40,428,20199
400779.5590168998,10.363,Proxy0001,Ext0003,6,33729,443,7,17,2032,2528
400780.30922709825,0.05,Comp0055,DNS0002,17,37217,53,2,3,71,104
400783.3409977408,0.109,Comp0055,DNS0002,17,2419,53,3,3,57,161
400785.57138757966,2.129,Comp0029,FS0001,6,6711,445,10,58,2319,8942
400787.4787439925,6.707,Comp0004,Web0001,6,64096,80,15,36,774,18185
400789.0392567816,8.62,Comp0079,Web0001,6,23916,443,13,52,373,1324
400795.5824219619,5.903,Comp0012,Comp0011,6,64325,3389,5,31,620,2152
400797.1055713843,11.007,Comp0034,Web0002,6,12504,443,5,9,197,3563
400801.10822007945,0.041,Comp0011,Web0003,6,60803,443,8,14,439,13358
400811.36871926056,7.605,Comp0057,Web0006,6,6604,80,5,28,830,2182
400815.44111533044,1.179,Comp0067,Web0001,6,35711,443,6,61,2377,8999
400819.01201747655,1.229,Comp0070,Web0003,6,34038,443,2,40,592,10848
400819.27181737905,22.945,Comp0059,FS0003,6,17994,445,50,113,993,11136
400820.15882500145,0.122,Comp0038,DNS0001,17,4761,53,2,2,114,153
400820.4481550496,0.27,Proxy0002,Ext0036,6,9478,80,6,16,231,2887
400847.5529399299,1.118,Comp0004,DC0001,6,21426,445,35,57,4091,9065
400858.89034525154,5.204,Comp0044,FS0002,6,27624,445,21,35,653,1329
400866.18559366354,7.223,Web0005,DB0001,6,44499,3306,26,30,2247,156694
400869.38102261635,1.144,Comp0069,DC0001,6,35574,445,12,42,3675,1767
400869.8450263605,3.573,Comp0027,Web0005,6,43040,443,91,25,470,1955
400869.9389066935,0.401,Comp0066,Web0006,6,7733,443,21,51,1804,14827
400871.6689321916,1.219,Comp0075,Web0004,6,27637,443,4,41,168,2151
400879.17633724434,0.163,Comp0009,DNS0002,17,28055,53,4,3,86,81
400893.7015022152,7.886,Comp0067,Proxy0002,6,62664,3128,22,80,1293,22337
400895.34413465223,0.426,Comp0016,Web0001,6,23787,443,4,49,1376,7156
400910.03903328755,0.083,Comp0053,DNS0001,17,25938,53,2,3,111,272
400917.3287077038,5.926,Comp0001,DC0001,6,45746,389,2,7,98,695
400931.0562121365,2.326,Comp0009,Web0004,6,65192,80,6,90,83,28570
400931.9272882257,0.73,Comp0018,Web0003,6,39962,443,7,106,346,50879
400932.33609494014,0.021,Comp0027,DNS0001,17,33484,53,2,2,59,168
400943.02694909176,0.114,Comp0049,DNS0001,17,43276,53,2,2,49,166
400954.01631719933,4.439,Comp0061,Web0001,6,16024,443,9,111,507,7278
400972.6904057128,0.079,Comp0030,DNS0002,17,23291,53,2,2,43,146
400975.400217716,0.151,Comp0030,DNS0001,17,12024,53,2,3,87,156
400977.7530712492,0.411,Proxy0002,Ext0037,6,8239,443,7,161,2979,20443
400978.9204615491,0.147,Comp0079,DNS0002,17,36881,53,3,2,61,309
400987.4753391838,2.615,Comp0037,DC0002,6,4006,88,3,4,514,1885
400989.22740894696,0.104,Comp0060,DNS0001,17,40933,53,2,2,37,136
401002.17622333096,10.971,Comp0072,FS0001,6,51283,445,5,90,1256,12022
401007.6703806193,2.778,Comp0017,Web0003,6,12320,80,5,34,751,37621
401012.6431467584,3.995,Comp0040,Web0002,6,31029,443,8,39,187,5437
401016.2456515275,0.123,Comp0031,DNS0001,17,14136,53,2,3,35,191
401023.35681024543,1.863,Comp0015,Proxy0002,6,50638,3128,26,41,916,19098
401025.15039837145,0.031,Comp0056,DNS0001,17,44031,53,3,2,63,141
401035.38825622795,2.771,Comp0068,FS0003,6,27412,445,31,33,440,14339
401036.0440965865,10.908,Comp0020,Web0003,6,8929,443,15,15,1068,3802
401036.76229929185,0.21,Comp0009,Web0004,6,32241,443,9,20,8289,3805
401039.45753552293,0.084,Comp0031,DNS0002,17,62483,53,2,2,97,110
401041.99627966975,0.01,Comp0025,DNS0002,17,13001,53,3,3,53,148
401042.00078422733,0.911,Comp0003,Proxy0001,6,13079,3128,6,106,602,21891
401045.2825285806,4.324,Comp0021,DC0001,6,14328,445,14,23,2249,94961
401048.8507155819,8.559,Comp0001,FS0001,6,46589,445,27,62,568,23947
401050.0670732063,2.318,Comp0032,Proxy0002,6,29584,3128,7,48,1338,2374
401052.7683472188,0.415,Comp0079,DNS0002,17,65420,53,2,3,68,96
401055.009169798,2.348,Comp0032,Proxy0001,6,1259,3128,8,19,334,3718
401069.24033053446,1.005,Comp0025,DC0001,6,34671,88,5,4,1187,1681
401073.56978994847,0.14,Comp0013,DNS0001,17,35638,53,3,2,71,77
401075.94216758956,0.039,Comp0050,Web0004,6,53068,443,15,25,338,4404
401079.5397509342,4.855,Comp0051,Web0002,6,50476,80,9,71,1480,9415
401079.8000091583,3.358,Proxy0001,Ext0008,6,26846,443,17,17,411,4624
401080.7427886123,0.066,Comp0013,DNS0001,17,10162,53,3,2,116,193
401084.1302568612,0.161,Comp0045,DNS0002,17,36805,53,2,3,99,103
401085.26028939395,0.125,Comp0019,DNS0002,17,20732,53,3,3,61,126
401094.5917328414,7.884,Comp0006,Comp0011,6,15473,3389,16,5,577,15
401101.2130449215,0.062,Comp0046,DNS0002,17,26012,53,3,3,140,107
401105.6964755212,0.058,Comp0043,DNS0002,17,1854,53,3,3,96,115
401105.88514189,1.958,Comp0018,Web0005,6,52841,80,5,23,711,7410
401110.1526301587,10.816,Comp0043,Proxy0002,6,32485,3128,10,16,468,3656
401120.685553981,0.169,Comp0010,DNS0002,17,15485,53,2,3,48,162
401143.6601672834,0.375,Comp0044,Mail0002,6,38790,993,4,9,503,293
401150.12737892184,0.024,Comp0020,Web0006,6,36453,443,8,48,1530,23207
401153.5432162561,1.473,Comp0074,Proxy0002,6,34176,3128,11,127,315,21712
401155.436764168,0.161,Comp0009,Web0001,6,45145,443,23,65,584,21727
401156.65245032246,0.871,Comp0020,FS0002,6,15201,445,22,726,952,56323
401157.0878888879,0.325,Comp0031,DNS0001,17,29926,53,3,2,93,66
401171.05921081186,9.112,Comp0065,FS0001,6,7280,445,82,81,964,2779
401182.96299928654,5.75,Comp0020,Web0002,6,45822,443,16,28,493,4989
401188.5078610772,29.294,Comp0006,Comp0015,6,3996,445,70,72,642,185
401191.5852924766,5.419,Comp0070,DC0001,6,64162,88,7,14,668,2633
401193.2615108186,1.011,Comp0022,Web0006,6,47981,443,9,117,783,2652
401194.5233103349,0.073,Comp0024,DC0001,6,25574,88,10,8,251,1035
401197.10772473447,0.796,Comp0069,DC0001,6,19039,389,9,6,216,705
401197.4312305598,2.306,Comp0046,Mail0001,6,35065,587,5,4,1129,359
401197.7707575298,0.202,Comp0040,Mail0002,6,35457,587,5,5,151,484
401199.7304506163,1.562,Comp0049,Proxy0002,6,51912,3128,6,34,492,23859
401202.66840425314,3.379,Comp0055,Web0001,6,18949,443,4,50,1902,2487
401205.669992952,0.299,Web0001,DNS0002,17,41691,53,2,4,106,211
401211.1122514671,1.771,Comp0011,FS0003,6,17862,3389,6,23,231,2325
401214.7556947372,1.635,Comp0007,Web0006,6,17605,80,14,25,626,303
401220.7813828269,0.39,Comp0052,Web0006,6,25625,80,11,29,348,9297
401230.1805229472,8.209,Comp0049,Web0005,6,7225,443,10,36,827,14297
401230.645257257,2.173,Comp0041,Web0001,6,6925,443,6,76,219,10735
401232.4897674236,3.796,Comp0011,Mail0002,6,27996,993,4,19,115,1870
401233.6537492326,3.076,Comp0005,DC0001,6,28161,389,3,8,414,199
401238.52694531454,0.63,Comp0006,DNS0002,17,53427,53,2,2,32,107
401240.9310667353,0.817,Comp0071,DC0001,6,35696,88,6,7,779,215
401241.3327027698,0.505,Comp0057,DNS0001,17,17445,53,3,2,128,110
401254.30155901395,0.166,Comp0020,DNS0002,17,1952,53,3,2,50,161
401257.49991017266,0.158,Comp0077,DNS0001,17,17679,53,3,2,60,118
401272.1497458971,7.541,Comp0080,DC0002,6,53828,389,10,5,1605,2582
401279.4208448283,1.291,Comp0024,Web0001,6,6831,443,24,25,453,4479
401280.82580303116,0.158,Comp0005,DNS0002,17,45601,53,2,3,21,87
401304.6549755664,3.286,Web0003,DC0001,6,4366,389,3,6,1880,926
401309.5814669637,1.006,Comp0062,DNS0001,17,34013,53,2,3,173,199
401309.6693973724,0.039,Comp0065,DNS0002,17,30451,53,2,2,61,156
401318.04425627174,2.675,Comp0006,Mail0002,6,15621,993,10,21,741,343
401323.4256646596,2.295,Comp0050,Web0004,6,48166,443,3,14,196,2065
401325.331790306,3.175,Comp0061,FS0001,6,13333,445,20,65,483,12274
401325.55362893187,7.844,Comp0046,Proxy0002,6,42180,3128,14,34,553,684
401329.68533266766,12.765,Comp0001,FS0001,6,42610,445,143,78,1817,35741
401334.11200174264,6.944,Comp0045,Proxy0002,6,33602,3128,18,69,530,5769
401336.3252259032,5.0,Comp0034,Web0004,6,36277,443,6,47,220,15628
401336.61810573854,9.203,Comp0034,FS0002,6,15347,445,19,25,2241,16620
401346.295374012,2.512,Comp0075,Proxy0002,6,17413,3128,15,26,245,8368
401349.13926174416,7.16,Comp0079,Proxy0002,6,48199,3128,18,17,1465,5588
401350.8183192995,3.252,Comp0045,DC0001,6,54779,389,9,7,842,269
401357.8170988023,0.453,Comp0007,Web0003,6,17780,443,7,67,647,10565
401361.82750471117,3.142,Comp0046,Web0001,6,14005,80,4,20,478,15030
401365.0679589402,1.562,Comp0044,Proxy0001,6,18806,3128,25,71,491,2256
401367.47136859474,0.152,Comp0024,DNS0001,17,39881,53,2,3,103,76
401375.6217481496,0.304,Comp0057,DNS0002,17,24762,53,2,2,107,292
401378.3367063198,1.795,Comp0006,Comp0037,6,33422,135,6,4,315,136
401381.04248037544,1.715,Comp0035,Web0003,6,24423,80,5,26,382,1618
401386.5964778102,0.075,Comp0042,DNS0002,17,44322,53,3,2,71,191
401394.1771413972,3.392,Comp0051,Web0005,6,33173,443,6,47,318,7763
401394.9268541064,12.434,Comp0045,Proxy0001,6,56199,3128,23,32,365,5724
401394.9593095051,0.003,Comp0065,DNS0001,17,6907,53,2,2,101,169
401403.0073477122,0.044,Comp0031,DNS0001,17,7617,53,2,2,104,146
401405.45947508916,0.949,Comp0054,DC0001,6,2083,389,2,4,374,443
401408.5181262108,5.215,Comp0005,Web0005,6,37042,443,7,36,1708,2846
401409.8404179987,1.88,Comp0079,Proxy0001,6,7210,3128,40,56,1714,971
401415.05026698846,19.911,Comp0078,Web0003,6,59114,443,7,40,1033,2256
401416.1300996913,0.117,Comp0045,DNS0001,17,1700,53,2,3,101,362
401420.16842676,4.355,Comp0034,Proxy0001,6,64851,3128,12,52,287,16204
401421.6296349416,8.874,Comp0043,FS0001,6,23986,445,23,196,477,33830
401428.1521003799,2.992,Comp0029,Proxy0001,6,60962,3128,3,16,1189,2635
401430.51272601547,3.991,Comp0057,Web0005,6,38483,443,7,36,1466,8155
401443.10839686834,0.074,Comp0078,DNS0002,17,7763,53,3,3,77,124
401448.6832563703,0.119,Comp0066,DNS0002,17,47685,53,3,3,61,174
401452.73923013906,15.548,Comp0003,FS0003,6,48827,445,39,429,3214,2378
401463.9588948382,0.055,Web0003,DNS0002,17,22508,53,3,2,32,175
401466.2489177693,4.091,Comp0039,DC0002,6,10216,88,5,6,964,249
401468.4802585973,1.918,Comp0041,Web0004,6,38138,80,10,37,504,11934
401470.7313671479,4.524,Comp0069,FS0001,6,61858,445,33,150,1317,11440
401473.0667162456,3.103,Comp0053,Proxy0002,6,64500,3128,5,9,58,9194
401480.3425160097,1.636,Comp0056,DC0002,6,55660,88,9,3,340,650
401483.6743951357,5.363,Proxy0001,Ext0013,6,10467,80,11,57,334,4749
401492.39686403575,0.562,Comp0041,DNS0002,17,7724,53,2,2,64,137
401494.08576878917,0.04,Comp0016,DNS0001,17,55509,53,2,3,75,181
401510.72505628504,4.947,Comp0024,Mail0002,6,21115,993,5,4,177,207
401511.5490597186,2.38,Comp0016,Proxy0001,6,18260,3128,4,121,575,7218
401513.2225613726,1.415,Comp0003,FS0003,6,22368,445,32,37,741,4378
401516.48183107143,8.998,Comp0066,Web0006,6,25913,443,22,123,1387,2732
401518.67909270286,0.37,Comp0058,DC0002,6,33861,88,4,13,1235,388
401518.8313662871,6.337,Comp0026,FS0001,6,32708,445,20,436,475,12788
401523.22330321185,0.065,Comp0071,DNS0002,17,38116,53,3,3,96,179
401533.74832827714,1.627,Comp0067,DC0002,6,41359,445,11,335,1122,9303
401540.86615042895,5.749,Comp0046,Mail0002,6,39061,993,4,32,236,212
401544.7571721247,0.124,Comp0045,DNS0001,17,51001,53,2,3,41,128
401545.9466559963,17.057,Comp0016,FS0001,6,10202,445,10,696,896,3765
401560.6501488652,1.266,Comp0037,DC0001,6,27730,445,53,93,2676,14484
401563.65212678886,7.31,Comp0007,Proxy0001,6,42824,3128,3,24,4883,6414
401564.1418217075,0.168,Comp0029,DC0001,6,57622,445,19,299,1304,14338
401573.06961187976,1.165,Comp0044,DC0001,6,8165,389,7,6,307,663
401573.41017798707,4.073,Comp0010,Proxy0001,6,41512,3128,7,22,2735,1195
401575.8607988684,0.152,Comp0045,DNS0001,17,33368,53,2,2,54,118
401580.58476578264,11.365,Comp0030,Web0005,6,52322,443,6,68,623,5063
401590.2736500583,0.402,Comp0022,DNS0001,17,11376,53,2,2,69,93
401594.38476159406,0.219,Comp0046,DNS0002,17,33030,53,2,4,56,135
401594.6829359113,7.794,Comp0010,DC0002,6,2199,445,28,25,2667,45767
401605.86247166205,3.007,Comp0037,Web0006,6,47445,443,16,54,3158,1905
401610.5375955249,2.203,Comp0052,Proxy0001,6,63952,3128,8,73,264,4762
401628.76880828757,0.627,Comp0037,DNS0001,17,31879,53,2,3,61,106
401631.1415011906,32.918,Comp0007,DC0001,6,10688,445,37,28,2698,9922
401631.92676658975,0.075,Comp0019,DNS0002,17,30613,53,2,2,49,102
401634.7027919979,1.187,Comp0078,Web0004,6,14456,135,14,10,684,11
401635.39377619076,0.032,Comp0035,FS0001,6,64803,445,39,154,1685,19652
401638.20866454556,0.375,Comp0043,DNS0001,17,4231,53,2,3,53,242
401652.3895537105,23.784,Comp0005,FS0002,6,43070,445,51,250,3902,4467
401652.95670406846,3.179,Comp0040,Proxy0002,6,48930,3128,11,40,3945,14722
401662.9916564537,17.017,Comp0004,FS0003,6,40732,445,6,42,628,11330
401667.16223632335,2.904,Comp0067,Web0003,6,40652,80,5,131,88,17867
401671.7971695353,3.038,Comp0049,Mail0002,6,41444,993,18,12,597,3027
401675.9652336127,0.049,Comp0008,DNS0001,17,1662,53,2,3,49,220
401678.04608648515,7.057,Comp0033,Web0003,6,17035,443,11,201,1227,6509
401678.8005331998,5.932,Comp0040,DC0002,6,11584,389,6,22,91,3879
401679.0158701641,0.061,Comp0043,DNS0001,17,8956,53,2,2,90,117
401685.68639333756,6.477,Comp0024,FS0003,6,4395,445,42,165,5662,25291
401687.54651486845,10.228,Comp0016,Proxy0001,6,22441,3128,12,17,862,14629
401687.7080677723,0.184,Comp0053,DNS0002,17,29980,53,3,3,58,122
401693.6021207301,0.028,Comp0001,DNS0002,17,33244,53,2,2,93,271
401703.0766978935,0.092,Comp0019,DNS0001,17,28463,53,3,2,52,270
401711.5809418082,2.319,Comp0048,Web0002,6,37283,443,21,71,290,8395
401715.919237555,9.769,Comp0034,DC0002,6,46083,389,5,7,91,176
401718.73621658736,0.449,Comp0061,DNS0001,17,15885,53,2,3,80,155
401719.24939964124,19.413,Comp0070,DC0001,6,25753,445,20,179,2337,26261
401723.3545087102,1.513,Web0003,DB0002,6,30862,3306,32,520,3735,23837
401736.19271153765,1.118,Web0001,DB0002,6,14096,5432,93,372,1035,18023
401736.47182031436,0.683,Comp0078,Web0003,6,27420,443,31,61,1342,31695
401737.1755376856,6.702,Comp0028,FS0003,6,6250,445,35,145,1768,42957
401740.87530390534,17.119,Comp0029,FS0002,6,9305,445,62,52,1593,22824
401741.99082365516,7.03,Comp0026,Proxy0002,6,1918,3128,7,45,762,3049
401756.505446107,1.935,Comp0034,DC0002,6,60363,88,14,5,344,590
401758.07750675303,0.156,Comp0042,DNS0002,17,29639,53,3,3,85,105
401765.2492876194,0.119,Comp0029,DNS0002,17,15020,53,3,2,51,76
401765.6677848607,0.201,Comp0057,DNS0002,17,39243,53,3,3,37,193
401768.7384615823,18.134,Comp0017,FS0001,6,4439,445,18,50,2659,7531
401771.71818090667,0.059,Comp0074,DNS0001,17,8781,53,2,3,89,84
401776.66731319815,1.271,Comp0079,Mail0002,6,27726,993,6,3,334,30
401777.4026015914,0.264,Comp0024,Web0006,6,50244,443,6,55,802,7815
401785.71910244506,0.198,Web0005,DB0003,6,60744,3306,18,50,561,12457
401790.09916527674,0.196,Comp0001,DNS0002,17,29503,53,2,3,44,127
401791.0922236819,5.198,Web0003,DB0004,6,65374,3306,11,267,578,133198
401792.63192376395,2.998,Comp0051,Mail0001,6,2852,993,3,16,1041,652
401794.2764982247,8.359,Comp0006,Comp0009,6,26328,445,54,38,599,760
401799.1395769577,3.049,Comp0044,Proxy0002,6,64769,3128,8,65,221,10098
401802.0752383531,5.075,Comp0080,Web0005,6,18501,80,19,10,188,13757
401802.4094718483,0.384,Comp0014,DNS0001,17,17615,53,3,2,67,103
401804.843135081,2.714,Comp0022,Web0002,6,26872,443,8,21,768,28666
401807.53532373044,6.924,Web0001,DB0004,6,57421,3306,47,57,4904,7952
401815.5044526653,0.018,Comp0013,DNS0001,17,54965,53,3,2,73,171
401817.5677961132,0.656,Comp0045,DC0002,6,16710,88,7,12,2736,339
401820.0410670451,23.202,Web0004,DB0004,6,14849,5432,27,77,1090,5125
401837.29866880237,1.58,Comp0075,DC0001,6,24683,88,6,4,115,383
401858.17829442094,2.0,Comp0006,Comp0042,6,56434,3389,6,16,2162,38
401861.721191035,9.195,Comp0048,DC0002,6,38941,389,10,12,484,276
401871.13443893346,17.531,Comp0024,Web0003,6,11179,443,3,8,471,5136
401873.4291824949,0.326,Comp0055,Web0004,6,43462,80,17,47,1035,3987
401877.0793662273,0.864,Comp0036,Web0004,6,28333,443,7,67,1520,3615
401902.0689092531,13.101,Comp0069,FS0002,6,14491,445,100,157,1965,7073
401906.08498425124,0.355,Comp0037,FS0002,6,28792,445,14,52,3731,21031
401909.89983485284,0.586,Comp0035,Proxy0002,6,15761,3128,9,7,1448,636
401914.4930924203,0.079,Comp0047,DNS0002,17,3520,53,2,3,52,258
401915.6593076635,0.225,Comp0077,DNS0001,17,59897,53,3,2,125,118
401929.09470176586,5.107,Comp0080,Web0003,6,46258,443,8,33,625,5913
401930.3030337333,0.084,Comp0079,DNS0001,17,15499,53,2,3,126,190
401936.2794317138,24.893,Comp0028,Web0001,6,36295,443,9,18,424,12944
401937.9037140699,0.025,Comp0073,DNS0002,17,17119,53,2,3,52,145
401947.43917833944,8.997,Comp0046,Web0005,6,49969,80,7,23,1690,1018
401947.9969791113,5.293,Comp0036,Web0003,6,51187,443,11,60,473,12884
401949.554512406,1.502,Comp0024,Web0004,6,41107,443,8,100,1010,1858
401953.433329407,26.357,Comp0031,FS0001,6,60917,445,25,34,6014,6641
401964.28050799563,8.516,Comp0044,DC0001,6,13184,88,4,13,768,867
401972.5121583813,6.248,Comp0003,Web0004,6,40681,443,10,12,642,8099
401975.8023993445,0.054,Comp0041,DNS0002,17,59303,53,3,2,66,148
401977.0787343272,0.216,Comp0013,DNS0002,17,38438,53,3,2,83,315
401993.1666666187,7.858,Comp0058,DC0001,6,2019,389,7,5,759,1012
401997.73836142215,2.32,Comp0076,Proxy0002,6,35230,3128,16,90,1779,52459
402007.7712257117,15.55,Comp0008,Web0003,6,44823,443,4,56,386,4420
402009.53958485555,5.878,Comp0056,Web0004,6,57633,443,9,76,313,2103
402012.69920117507,19.49,Comp0059,FS0002,6,51930,445,58,131,2064,25540
402041.74778738583,2.539,Comp0056,Web0001,6,19238,443,6,41,1404,10845
402044.1143232739,3.703,Comp0009,Web0005,6,58597,443,6,40,201,25996
402046.73879664316,1.371,Comp0033,Comp0011,6,4192,3389,12,8,572,389
402047.8816125901,2.211,Comp0042,Web0005,6,3168,443,26,14,769,4349
402049.11585244373,2.092,Comp0026,Proxy0001,6,30469,3128,5,8,610,20619
402049.90476493473,0.041,Comp0025,DNS0002,17,9214,53,2,2,59,253
402054.69316647085,0.152,Comp0011,DNS0002,17,17284,53,2,3,67,169
402056.0554905466,0.079,Comp0069,DNS0001,17,28001,53,2,2,65,160
402058.705922199,48.88,Comp0013,FS0002,6,12444,445,57,113,1937,8989
402058.79654543725,2.025,Comp0073,Proxy0001,6,48597,3128,36,30,439,4849
402065.95735939895,18.803,Comp0072,Proxy0001,6,56927,3128,12,32,1974,13851
402085.59983149974,34.681,Comp0025,Proxy0002,6,30727,3128,3,45,368,6754
402085.6423290423,5.259,Comp0027,Web0001,6,15108,443,7,106,709,2251
402093.15811494115,0.028,Comp0020,DNS0001,17,13373,53,2,2,84,280
402094.08297089266,11.065,Comp0073,Web0003,6,27587,443,11,39,622,2883
402099.15189024864,10.122,Comp0010,Proxy0002,6,43455,3128,3,83,656,6205
402108.18578201625,0.45,Comp0008,DNS0001,17,64602,53,3,3,46,220
402110.4779859382,2.353,Comp0071,Mail0001,6,12272,993,7,10,547,109
402115.13816486095,4.773,Comp0034,Web0006,6,55852,443,15,49,2721,10750
402117.0414995915,0.01,Web0004,DNS0001,17,10103,53,3,3,176,236
402117.39153528673,0.396,Comp0046,Web0001,6,43634,443,20,25,2812,6441
402120.69958646904,0.16,Comp0071,DNS0001,17,56716,53,3,2,41,95
402129.3451604299,0.813,Comp0001,Web0005,6,48143,80,7,16,766,24545
402129.8636782519,0.096,Comp0044,DNS0002,17,7439,53,2,4,48,80
402140.6345881146,0.12,Comp0009,DNS0001,17,19868,53,3,2,57,207
402142.59077967075,7.077,Proxy0001,Ext0032,6,6348,443,4,12,550,9756
402153.2917536675,62.246,Comp0058,FS0001,6,20334,445,14,175,2476,8316
402154.745876634,4.433,Comp0017,Web0003,6,42834,443,6,17,2168,1870
402162.3330619985,4.679,Comp0027,FS0001,6,24224,445,42,59,3960,4607
402165.66389587615,2.783,Comp0070,FS0001,6,21763,445,10,65,4419,25735
402165.78673597676,0.421,Comp0067,DNS0002,17,53027,53,2,3,79,63
402169.7355486237,0.59,Comp0037,Web0004,6,34589,80,16,12,710,2384
402170.00692035316,0.222,Comp0025,DNS0001,17,28709,53,2,3,62,179
402170.75533451524,0.502,Comp0014,Mail0001,6,63615,993,4,6,796,738
402171.4760555607,0.394,Comp0050,DNS0001,17,37432,53,2,2,59,129
402172.96687235363,0.076,Comp0068,DNS0002,17,21013,53,2,3,53,261
402175.17979373777,10.252,Comp0071,Web0006,6,21608,443,23,29,989,3094
402175.4708143489,15.295,Comp0042,Web0006,6,61204,80,14,96,893,12020
402181.5238614945,3.94,Comp0070,DC0001,6,25907,88,3,24,472,729
402203.04324504506,3.58,Comp0009,Web0004,6,6170,80,6,76,624,3149
402206.17508221813,1.117,Comp0048,Proxy0002,6,45120,3128,6,29,729,3616
402213.65247594984,0.127,Comp0040,DNS0001,17,55831,53,3,3,58,232
402214.80001619575,10.37,Comp0012,Proxy0002,6,48176,3128,4,28,393,8451
402215.04249653243,4.475,Comp0052,Proxy0002,6,41836,3128,7,16,2808,9756
402215.3709739304,4.977,Comp0058,Web0003,6,22881,443,7,68,3381,10929
402222.93956587964,6.881,Comp0059,FS0001,6,62966,445,17,54,3473,61268
402225.2826298764,0.406,Comp0031,Mail0002,6,61575,993,5,13,249,86
402227.18668859033,0.177,Comp0076,DNS0001,17,24548,53,2,2,92,160
402228.2789641059,18.979,Comp0061,Web0005,6,55126,443,9,109,1186,6384
402229.528009233,0.143,Comp0002,DNS0002,17,30234,53,2,2,138,104
402232.5237268461,2.225,Comp0021,Proxy0002,6,49211,3128,12,32,377,4955
402238.1946595591,0.407,Comp0077,DNS0001,17,43624,53,2,2,53,50
402239.9889007897,0.075,Comp0003,DNS0001,17,13272,53,2,3,40,226
402242.1990372177,1.92,Comp0024,Mail0002,6,17355,993,5,21,423,1039
402243.1610075537,10.578,Comp0044,Web0006,6,49291,443,8,11,375,12540
402244.1555645054,12.37,Comp0003,Web0002,6,64176,80,20,26,778,2584
402247.5548761129,0.061,Comp0025,DNS0002,17,39910,53,3,2,78,104
402259.8868081443,1.122,Comp0019,Mail0001,6,28124,587,5,11,333,829
402271.1954515247,5.237,Comp0052,Comp0011,6,53137,3389,32,5,149,744
402282.1666295963,1.228,Comp0006,Web0004,6,16690,80,3,113,262,9317
402294.39030295395,0.032,Web0005,DNS0002,17,46636,53,2,2,93,205
402298.6951304448,9.509,Comp0007,Proxy0001,6,19082,3128,7,11,260,4207
402318.6386213793,2.838,Comp0059,FS0003,6,17104,445,22,88,2878,3658
402325.37181973306,9.477,Comp0018,DC0002,6,40570,445,40,63,775,6651
402331.03266445,0.176,Comp0044,DNS0001,17,25983,53,2,3,68,426
402331.2983105878,0.072,Comp0031,DNS0001,17,41878,53,2,2,61,104
402335.8875518005,0.101,Comp0070,DNS0001,17,59337,53,2,3,103,245
402341.9727475461,6.757,Comp0067,Web0006,6,52612,443,4,78,580,5588
402344.4250104119,5.974,Comp0073,DC0002,6,43546,389,5,4,567,1089
402352.9191314346,4.041,Comp0061,Web0005,6,53445,80,8,47,804,5838
402366.3217502282,0.071,Comp0055,DNS0001,17,51155,53,2,2,139,101
402367.25210468506,1.945,Comp0065,Proxy0002,6,59431,3128,5,72,702,7647
402368.30013176973,2.339,Comp0028,Web0003,6,45709,443,11,44,35,4212
402375.15150105854,5.507,Comp0013,Web0001,6,14128,80,8,25,513,10669
402375.9173281176,5.083,Comp0050,Web0005,6,53010,443,3,64,134,2166
402381.7931125559,0.336,Comp0034,DC0001,6,3759,389,9,4,195,795
402386.8577431296,5.405,Web0006,DB0004,6,4462,3306,46,142,631,13642
402396.80862254027,5.559,Comp0037,Web0004,6,30972,443,11,29,544,2347
402403.83701907017,0.063,Comp0030,DNS0002,17,18156,53,2,2,75,141
402408.9936624349,8.043,Comp0025,DC0002,6,16779,389,7,15,169,1070
402409.5386619677,0.38,Comp0046,Web0002,6,52451,443,6,9,118,4582
402414.86906634073,0.193,Proxy0001,Ext0010,6,17113,443,10,23,1052,3073
402415.32857244724,0.298,Comp0028,DNS0001,17,49279,53,3,2,53,203
402415.9457186808,0.078,Comp0032,DNS0001,17,33391,53,2,2,50,155
402421.8198493674,0.248,Comp0003,DNS0002,17,22338,53,2,2,261,156
402422.592229913,1.33,Comp0052,Web0001,6,62736,80,17,70,666,6767
402438.71063918306,6.455,Comp0078,Comp0006,6,34063,135,6,3,136,29
402455.1233982217,4.396,Comp0079,Web0001,6,8299,443,13,29,333,11420
402459.51217652706,0.595,Comp0045,Web0001,6,63302,443,19,34,1178,12607
402463.57455977105,9.126,Comp0061,Web0006,6,5573,443,49,21,4819,18398
402476.9395012046,0.025,Comp0048,DNS0001,17,36212,53,2,2,101,110
402477.2393494069,6.541,Comp0064,Web0005,6,47427,443,12,172,1401,2084
402484.2680457296,5.871,Comp0013,Mail0001,6,21495,587,12,9,381,105
402493.67980157933,0.077,Comp0001,DNS0001,17,17492,53,2,2,73,389
402495.31322418555,2.623,Comp0043,Web0001,6,20512,443,18,16,322,14281
402514.5767579502,2.302,Comp0020,Web0002,6,8496,443,11,38,374,2605
402522.13346012094,7.004,Comp0051,FS0003,6,47016,445,17,153,4841,5500
402539.7967456269,4.057,Comp0057,Proxy0001,6,13746,3128,7,24,319,7451
402543.0345226825,3.627,Comp0006,Comp0011,6,52878,3389,5,8,193,605
402555.13274047925,5.528,Comp0079,Web0001,6,52822,443,16,96,2551,1324
402561.7967747974,0.894,Comp0031,DNS0002,17,41676,53,4,3,110,335
402571.703738655,0.209,Comp0040,DNS0001,17,34824,53,2,3,62,228
402592.3399096812,13.355,Comp0059,Web0005,6,51114,80,20,25,760,4721
402600.0731395733,9.826,Comp0045,Web0005,6,41417,443,3,39,1497,1106
402600.52654380887,11.642,Comp0078,Proxy0002,6,25457,3128,10,78,560,2481
402602.59552052454,0.92,Proxy0001,Ext0009,6,32143,80,7,12,909,8860
402607.08221800183,10.842,Comp0001,Proxy0001,6,35771,3128,17,72,1695,5778
402608.7294450091,10.139,Comp0077,Web0005,6,33992,443,3,31,190,157514
402615.3312077096,0.057,Comp0030,DNS0002,17,52677,53,3,3,61,77
402615.731308088,0.136,Web0005,DNS0001,17,36764,53,2,3,78,282
402618.7399038744,4.462,Comp0012,Web0002,6,53001,80,53,32,445,1761
402619.3443154275,26.265,Comp0059,DC0001,6,34275,445,11,57,1600,27398
402631.26072500047,1.549,Comp0076,Web0004,6,34070,443,4,31,740,4167
402633.0559764657,0.256,Comp0011,DNS0001,17,38884,53,2,3,47,153
402635.6049197114,0.065,Comp0018,DNS0001,17,31322,53,2,3,146,122
402636.4667626412,3.278,Comp0025,Web0002,6,30999,443,3,18,2207,1271
402642.17652296525,4.498,Comp0077,DC0001,6,55822,389,10,6,301,749
402645.0213804235,0.083,Comp0016,DNS0001,17,20449,53,3,2,41,224
402653.6325127901,6.997,Comp0010,FS0003,6,3931,445,25,106,1010,4663
402656.5204212341,1.739,Comp0020,Proxy0001,6,42572,3128,4,50,264,8637
402661.77139471605,4.055,Comp0006,DC0002,6,43161,445,17,80,1779,19771
402692.9569068788,1.3,Comp0045,Proxy0002,6,53968,3128,11,85,1343,43800
402697.74193563114,0.028,Comp0054,DNS0001,17,18970,53,3,4,39,141
402703.80588186654,0.048,Comp0046,DNS0002,17,65204,53,2,2,85,160
402710.29467694066,10.894,Proxy0001,Ext0025,6,7801,443,21,31,671,3614
402711.7871812605,5.138,Comp0062,DC0001,6,21701,445,16,189,2613,8476
402718.0733149006,25.392,Comp0048,Web0001,6,30164,80,47,36,1377,13448
402732.4697691664,8.987,Comp0052,Web0003,6,19278,443,4,72,324,5142
402737.90509672376,9.261,Comp0054,Web0002,6,8534,443,4,20,326,3431
402737.932702524,2.978,Comp0048,Web0004,6,37251,443,5,149,756,9348
402742.006695966,0.309,Comp0001,DNS0002,17,7025,53,3,3,44,113
402742.51308400993,25.352,Comp0038,DC0001,6,43518,445,17,79,961,202389
402744.12699985143,19.862,Web0006,DB0003,6,61863,3306,18,95,647,19792
402748.0938843704,0.22,Comp0033,DNS0001,17,6440,53,2,2,105,206
402749.6611495585,4.891,Comp0046,Web0002,6,9031,443,12,30,360,1923
402761.64813712164,0.119,Comp0054,DNS0001,17,2997,53,3,2,103,73
402772.5799177623,6.528,Comp0041,DC0002,6,28304,389,5,4,224,1172
402773.60526873375,12.865,Comp0033,FS0002,6,25641,445,28,112,3326,636828
402790.31656685466,0.478,Comp0033,DNS0001,17,54690,53,2,3,125,152
402795.0645707981,14.412,Mail0001,DC0001,6,38799,389,4,9,514,1650
402796.5764739615,0.021,Comp0057,DNS0001,17,41541,53,2,3,55,109
402798.00135715364,2.57,Comp0021,Web0004,6,21247,443,16,53,2134,4918
402801.21855992544,0.394,Web0001,DC0002,6,59751,389,18,2,76,251
402805.19107322773,0.03,Comp0042,DC0002,6,19404,389,6,3,660,4827
402810.7400751992,9.013,Comp0011,Proxy0002,6,1068,3128,6,75,1059,819
402837.9109420031,0.156,Comp0023,DNS0001,17,12300,53,3,3,101,240
402842.604593433,0.236,Comp0051,DNS0002,17,23828,53,3,2,64,98
402864.761586146,3.585,Comp0021,Web0003,6,45623,80,24,17,1053,3101
402866.65164433257,10.174,Comp0007,FS0002,6,61085,445,9,95,1427,40760
402878.94810546713,0.258,Comp0069,Web0003,6,45299,80,4,109,146,7958
402900.1240266494,5.938,Comp0079,Web0006,6,9430,80,5,45,207,1195
402902.050197704,0.326,Comp0027,DNS0001,17,2759,53,2,3,104,104
402902.63865643094,2.961,Comp0075,FS0003,6,62847,445,18,31,1432,47998
402903.39431733586,9.824,Comp0066,Web0006,6,57139,443,17,55,276,2584
402909.59977404686,1.268,Comp0020,Web0006,6,48219,443,6,27,2160,2032
402919.3627279756,0.184,Comp0032,Proxy0001,6,50440,3128,8,87,185,1267
402922.93105657055,2.869,Comp0003,FS0002,6,25686,445,6,50,3858,7379
402925.9141366514,2.115,Comp0010,Web0002,6,27871,80,4,16,202,936
402930.12607083045,0.258,Comp0026,DNS0002,17,63639,53,2,2,103,156
402941.54992667923,0.019,Comp0007,DNS0002,17,32235,53,3,2,74,96
402955.3942540572,23.793,Comp0009,FS0002,6,23002,445,51,34,3724,37732
402959.88471117365,1.083,Comp0050,DC0001,6,58889,389,3,6,330,968
402964.6283260425,3.585,Comp0001,FS0001,6,5208,445,19,82,975,4492
402968.83079381665,0.503,Comp0062,DC0002,6,35659,389,8,5,410,413
402976.40179976076,4.098,Comp0069,Web0004,6,46186,443,12,15,197,1626
402976.4981532778,12.514,Comp0030,Web0004,6,21153,443,12,114,238,1676
402976.9846285434,0.986,Comp0021,Mail0001,6,57658,993,5,11,492,3583
402981.5121373156,10.097,Comp0011,FS0002,6,58474,445,75,51,1710,13365
402984.18126352987,1.202,Comp0008,Web0001,6,41859,443,8,82,232,3851
402994.17167990224,6.731,Comp0005,Web0006,6,38809,443,13,41,787,2043
402994.1886349062,0.005,Comp0015,DNS0001,17,55473,53,2,2,58,55
402997.31401864317,4.513,Comp0044,Mail0002,6,56070,993,9,4,227,496
402997.7768537473,0.229,Comp0040,DNS0002,17,45586,53,2,2,49,99
403004.0360683838,11.639,Web0003,DB0004,6,4651,3306,49,90,2035,1729
403007.8343623967,21.17,Comp0078,Proxy0001,6,59754,3128,17,24,537,13507
403018.6868915186,3.147,Comp0046,Comp0011,6,38211,3389,8,10,495,871
403019.7800816951,0.101,Comp0043,DNS0001,17,26669,53,3,3,72,128
403019.91426806373,12.022,Web0001,DB0002,6,45635,3306,33,48,1142,15346
403027.6957991679,0.062,Comp0070,DNS0002,17,5880,53,3,2,50,54
403030.3959676147,5.395,Comp0065,Proxy0001,6,51895,3128,5,7,1497,2084
403032.6438813317,0.194,Comp0028,DNS0001,17,24860,53,2,2,46,159
403037.74787917815,2.278,Comp0003,DC0001,6,44180,389,6,9,1308,897
403039.2733947023,0.622,Comp0031,Proxy0002,6,2799,3128,6,107,303,15850
403056.5422510089,1.218,Comp0003,DC0001,6,58132,389,4,3,266,1020
403060.232252289,6.171,Comp0020,Mail0002,6,23734,587,4,7,879,434
403061.41566065414,0.225,Comp0049,DNS0001,17,45629,53,2,3,35,219
403078.5290739392,3.466,Comp0078,Comp0028,6,59760,135,16,17,983,37
403078.61216322455,0.161,Comp0009,DNS0002,17,6675,53,2,3,54,107
403080.76799196313,41.299,Web0003,DB0004,6,43546,3306,26,194,2188,46911
403081.9666086665,7.218,Comp0062,Proxy0002,6,42957,3128,6,169,2402,11212
403087.5078101667,0.251,Comp0069,DNS0001,17,20398,53,3,3,48,138
403094.6856202365,15.578,Comp0076,FS0001,6,4106,445,23,161,2910,1821
403110.94840250735,1.667,Proxy0001,Ext0015,6,42640,443,21,27,380,3642
403114.7961032513,0.004,Comp0047,DNS0001,17,25198,53,2,3,41,137
403121.2935155049,8.687,Comp0015,Web0003,6,59882,443,20,33,273,6023
403124.8674937366,3.328,Comp0060,Web0001,6,12089,80,19,54,1028,2159
403130.7133731893,0.008,Comp0001,DNS0002,17,14302,53,2,2,76,159
403131.80522413395,0.034,Comp0072,DNS0002,17,15961,53,2,3,38,226
403136.5141136376,0.449,Comp0043,DC0002,6,63251,389,9,6,220,1967
403158.35620271415,0.43,Comp0004,Web0002,6,6148,443,8,178,2531,4141
403158.9790284772,60.069,Comp0032,DC0002,6,2175,445,13,232,3179,2491
403170.72543874313,3.169,Comp0015,Web0002,6,30212,443,30,37,703,4554
403172.5689586478,1.98,Comp0080,Web0005,6,11433,80,6,35,550,18595
403172.7887300138,0.743,Comp0019,Comp0011,6,25169,3389,5,11,305,2349
403173.0424331529,0.053,Comp0037,DNS0002,17,43841,53,3,2,55,264
403175.65698696283,0.289,Comp0063,DNS0001,17,15184,53,4,2,190,94
403207.2244150138,1.706,Comp0068,Web0002,6,60055,80,16,67,362,45377
403208.7697934478,0.407,Comp0014,Web0006,6,58771,443,9,53,402,31858
403209.5731517654,0.022,Comp0062,DNS0002,17,5119,53,2,3,77,124
403212.10083519475,0.093,Comp0012,DNS0001,17,28937,53,2,3,53,107
403217.21570541826,2.518,Comp0070,Web0005,6,46585,443,6,6,430,2535
403219.80040713627,0.497,Comp0030,Proxy0001,6,42657,3128,11,134,624,1857
403225.83112621633,0.076,Comp0021,DNS0001,17,38884,53,2,2,88,153
403228.72459993686,7.935,Comp0007,Web0003,6,21073,80,27,16,396,10692
403230.0451017219,6.408,Comp0063,Proxy0002,6,11871,3128,20,54,821,4492
403230.04715247836,0.439,Comp0043,Proxy0001,6,6115,3128,6,20,424,13995
403230.4397968742,0.053,Comp0076,DNS0002,17,39109,53,3,3,45,168
403233.95073551225,0.457,Comp0039,DNS0002,17,45030,53,2,2,60,97
403238.7811192947,17.746,Comp0078,Comp0071,6,59560,445,20,116,7019,1466
403238.88285263366,0.818,Comp0074,Proxy0001,6,29250,3128,9,26,880,8801
403242.7958400737,1.682,Comp0023,Web0005,6,33575,80,13,13,915,3944
403251.6702306038,2.95,Comp0077,Web0004,6,23822,443,14,68,1776,10322
403256.8921179574,9.689,Comp0011,DB0001,6,33926,445,77,118,802,16059
403266.648018598,0.149,Comp0013,DNS0001,17,53855,53,2,3,59,228
403268.22251753195,30.621,Comp0034,FS0002,6,33848,445,89,57,3917,20876
403281.41654422076,5.53,Comp0021,Proxy0002,6,47256,3128,16,9,299,2450
403286.9916665931,0.549,Comp0041,Proxy0002,6,44384,3128,9,9,1554,2928
403287.0442545895,2.768,Comp0011,FS0002,6,7782,3389,5,4,489,474
403287.11032590765,1.872,Comp0056,Mail0002,6,52560,993,3,8,149,1081
403289.7369167546,34.96,Comp0025,FS0003,6,36716,445,33,57,769,6281
403296.35572571855,5.736,Comp0006,Comp0051,6,58478,3389,13,8,420,79
403296.52420903294,0.039,Comp0055,DC0001,6,20605,88,8,9,523,214
403301.0561987592,4.368,Comp0071,Web0004,6,6319,443,6,95,1161,16907
403306.0940406906,0.382,Comp0053,DNS0002,17,41868,53,3,3,42,296
403307.4153566155,0.223,Comp0056,DNS0002,17,29104,53,2,3,81,247
403322.4055686222,0.018,Comp0038,DNS0001,17,52421,53,3,4,30,79
403340.3532963052,0.221,Comp0051,DNS0001,17,38117,53,2,2,91,339
403356.34475331387,0.305,Comp0046,DNS0002,17,49855,53,3,2,124,128
403363.3782267397,7.382,Comp0024,Mail0001,6,20275,993,8,12,472,862
403366.9866137902,0.114,Comp0054,DNS0001,17,21342,53,2,3,29,401
403367.82577692217,1.193,Comp0046,Mail0001,6,30080,587,4,21,352,626
403368.6333334092,3.505,Comp0066,Web0005,6,38314,80,11,27,446,17711
403385.61708326533,0.008,Comp0002,DNS0001,17,36015,53,2,2,51,200
403389.0562921732,0.133,Comp0030,DNS0001,17,2031,53,2,3,85,106
403390.95904794603,12.168,Comp0009,Web0005,6,51405,443,5,78,1073,3155
403392.2620958084,9.41,Comp0028,Web0004,6,29057,443,8,27,904,7227
403398.17922935355,0.001,Comp0027,Web0003,6,43061,80,16,69,587,3336
403400.7458856835,0.051,Comp0040,DNS0002,17,19223,53,3,2,31,196
403403.17152249283,3.208,Comp0038,Web0001,6,15241,443,9,30,1330,12083
403404.8123271991,2.912,Comp0048,Mail0001,6,49177,993,4,6,953,57
403404.8135890072,0.079,Comp0022,DNS0002,17,13139,53,3,3,67,145
403418.7989376319,0.928,Comp0072,Web0005,6,19114,443,2,41,916,3061
403419.3469138484,10.446,Comp0008,Web0006,6,29520,80,11,13,232,2204
403441.941720615,0.072,Comp0001,DNS0002,17,26448,53,3,3,69,179
403444.31924693455,3.047,Comp0025,Web0001,6,31395,443,6,17,812,18742
403446.91512236325,0.316,Comp0073,DNS0001,17,27607,53,2,3,80,331
403448.5447751185,0.089,Comp0032,DNS0001,17,30355,53,2,2,43,181
403455.9900748242,0.461,Comp0023,Mail0002,6,41809,993,3,14,389,610
403465.8621697917,53.483,Comp0032,FS0003,6,42290,445,31,141,1849,35650
403470.50051422295,2.289,Comp0027,Web0002,6,55540,443,16,62,531,4078
403478.72293501673,9.132,Comp0058,DC0002,6,45108,389,3,9,753,95
403481.04183019395,6.188,Comp0001,DC0002,6,36422,389,4,17,352,931
403492.83341359865,0.14,Comp0010,DNS0002,17,24308,53,3,2,54,203
403501.33783028554,0.156,Comp0070,DNS0002,17,40704,53,3,2,62,68
403507.4850778392,0.154,Comp0003,DNS0002,17,4263,53,3,2,92,211
403507.5304346288,4.315,Comp0051,Web0002,6,12109,443,3,20,623,15020
403507.8458289744,0.214,Web0006,DB0004,6,8786,5432,18,147,964,3521
403508.9963326051,0.244,Comp0029,DNS0002,17,35774,53,3,2,102,168
403521.0368120499,0.063,Comp0069,DNS0001,17,28014,53,4,3,40,93
403534.08184742345,4.992,Comp0068,Web0005,6,62100,80,3,20,322,5196
403538.1026366011,0.56,Comp0074,FS0001,6,26334,445,17,24,2772,9692
403539.600393531,24.769,Comp0007,FS0001,6,52074,445,19,61,2606,16308
403541.34227787884,0.125,Comp0066,DNS0001,17,32209,53,2,3,82,186
403542.7738324457,0.198,Comp0051,DNS0001,17,32555,53,3,2,98,59
403548.0495829627,7.979,Comp0070,Web0001,6,30340,443,17,12,2779,5955
403551.16956061556,8.816,Comp0006,FS0001,6,41657,135,4,3,748,291
403564.51282798086,1.126,Comp0037,Mail0001,6,59794,587,3,5,283,1979
403566.476961482,1.257,Comp0077,DC0002,6,45462,389,6,11,493,383
403566.54992969165,0.603,Comp0030,DNS0002,17,53658,53,2,2,139,180
403576.85986911226,4.991,Comp0053,Comp0011,6,49071,3389,4,4,1360,317
403577.0794236189,0.485,Comp0002,DC0002,6,2111,88,3,9,1240,3212
403636.69489541557,0.123,Comp0044,DNS0001,17,18584,53,2,2,157,233
403637.61280016287,0.44,Comp0052,DNS0001,17,32954,53,2,2,117,88
403641.9632042179,9.029,Comp0069,Web0005,6,40420,443,9,23,1379,3514
403642.22913641366,1.268,Comp0077,Comp0011,6,26551,3389,8,10,535,1233
403649.9155821431,2.907,Comp0008,DC0001,6,53711,389,12,8,454,890
403652.0357529515,0.074,Comp0065,DNS0002,17,13919,53,2,2,110,302
403657.6762285798,0.595,Comp0046,Web0001,6,33450,80,5,45,1052,12356
403674.8501191564,2.641,Comp0055,Mail0001,6,35016,587,5,20,299,1413
403679.00249754556,0.08,Comp0045,DNS0002,17,65348,53,2,2,57,178
403681.2583496133,14.084,Comp0062,FS0001,6,16763,445,13,88,8245,9911
403686.75551673415,1.802,Comp0021,Web0003,6,30631,443,6,42,405,6496
403687.8055899326,14.554,Comp0004,FS0001,6,11947,445,13,116,961,4538
403689.61632293044,2.637,Comp0055,Proxy0002,6,47770,3128,11,50,717,12276
403691.27468121145,0.472,Comp0007,DNS0001,17,9243,53,2,4,81,111
403706.21822240803,0.58,Comp0080,DNS0001,17,5429,53,2,3,61,228
403707.4725640596,7.946,Comp0029,Mail0002,6,12415,993,4,3,687,793
403711.285407269,2.334,Comp0078,DC0002,6,63577,445,22,16,3414,5559
403716.78699751425,0.376,Comp0044,Web0004,6,42636,443,5,46,222,3675
403723.07492514525,16.148,Web0004,DB0003,6,2222,3306,15,388,4898,9365
403724.5936932547,0.685,Comp0069,Mail0001,6,28466,993,3,4,176,1108
403737.2425921841,4.671,Comp0024,Web0002,6,57676,80,16,55,468,14034
403765.1748629405,3.01,Comp0044,Proxy0001,6,13715,3128,8,42,2194,6270
403772.6781708704,2.972,Comp0078,Comp0072,6,17612,3389,4,11,196,75
403774.3501511183,6.528,Comp0011,Proxy0002,6,49574,3128,20,136,3359,13163
403780.06979627715,3.42,Comp0043,DC0002,6,57893,389,7,4,141,1982
403785.95110592386,2.383,Comp0065,Proxy0002,6,62509,3128,8,14,281,4753
403790.01418424473,3.589,Comp0046,Web0001,6,8143,443,8,16,677,12702
403815.2484986723,4.242,Comp0072,Proxy0001,6,53310,3128,12,104,587,8188
403816.69585011643,0.264,Comp0069,DNS0001,17,44473,53,3,3,96,97
403833.295951113,0.354,Web0005,DNS0001,17,49342,53,2,2,26,105
403834.0752376437,21.433,Comp0014,FS0003,6,17820,445,31,37,3735,5712
403838.39275458344,0.111,Comp0030,DNS0001,17,32151,53,3,2,61,241
403840.71029516147,0.056,Comp0064,DNS0002,17,22904,53,3,2,114,100
403852.604138109,0.659,Comp0028,Web0006,6,40035,80,10,45,275,1282
403858.7254982029,9.883,Comp0025,DC0001,6,50378,445,6,48,4811,20110
403859.3150659691,4.965,Comp0076,Web0002,6,42868,80,12,37,432,2216
403882.7133060745,2.86,Comp0062,Web0003,6,39241,80,19,21,563,2699
403884.2973381834,0.249,Comp0071,DNS0001,17,59075,53,3,2,88,167
403884.7197670355,0.131,Comp0071,DNS0001,17,52381,53,3,2,41,303
403892.6363535609,8.771,Comp0069,Web0006,6,15470,443,9,40,1764,1911
403896.1362843242,0.134,Comp0040,DNS0001,17,14634,53,2,3,60,101
403907.6574909411,0.117,Comp0050,DNS0002,17,9477,53,2,2,42,56
403910.5179468246,2.196,Proxy0002,Ext0021,6,6982,80,4,46,752,3799
403916.39596702415,0.627,Comp0027,Mail0001,6,50416,993,5,13,69,748
403916.9395270291,0.287,Comp0043,DNS0002,17,29022,53,3,3,90,73
403918.0332057239,1.78,Comp0013,Proxy0001,6,35923,3128,7,28,260,10180
403919.57730441465,1.99,Comp0033,DC0001,6,24860,389,12,5,494,1361
403926.7315022502,1.687,Comp0072,DC0001,6,62508,88,25,3,1806,372
403928.1225184798,0.151,Comp0033,DNS0001,17,56645,53,2,2,106,220
403934.60929202114,1.049,Comp0054,Web0005,6,64467,443,13,54,440,22575
403937.8888805285,0.071,Comp0065,DNS0002,17,40741,53,3,2,78,249
403938.8769772881,0.31,Comp0036,Web0006,6,18322,80,3,64,149,1547
403965.185222781,6.694,Proxy0002,Ext0026,6,58358,443,16,101,2131,32088
403968.73917798535,3.416,Comp0054,Mail0002,6,58021,993,7,12,474,446
403970.7409028739,0.588,Comp0030,DNS0002,17,18924,53,3,2,33,202
403970.99553087814,0.007,Comp0058,DNS0001,17,1738,53,2,2,63,74
403975.47210057254,0.827,Comp0042,Mail0002,6,53566,993,6,9,239,545
403978.59127423674,0.121,Comp0074,Proxy0001,6,63626,3128,7,37,511,1843
403979.57848371204,0.038,Proxy0001,DNS0001,17,58265,53,2,2,43,213
403980.1523139565,4.621,Comp0019,Web0006,6,8461,443,10,19,874,1805
403982.67901958636,13.544,Comp0014,FS0003,6,7390,445,10,41,1115,7794
403983.36758983624,4.627,Comp0040,Proxy0002,6,40052,3128,9,23,428,10201
403986.9226256664,0.296,Comp0027,DNS0002,17,8490,53,2,4,79,138
404022.69220140047,2.842,Comp0002,DC0001,6,28761,88,11,5,1218,469
404029.18298217177,7.184,Comp0050,Web0004,6,60432,443,7,19,1896,11895
404030.9551811046,18.54,Web0001,DB0002,6,31846,3306,95,91,2574,7199
404040.11221968004,0.505,Comp0073,Web0005,6,19368,443,6,23,680,14857
404052.147731295,0.223,Comp0051,DNS0001,17,8935,53,3,3,70,138
404054.8635529374,0.175,FS0001,DNS0002,17,24337,53,3,2,95,295
404062.77982239815,20.432,Comp0032,Web0003,6,62784,443,6,53,218,3858
404064.000481591,7.397,Comp0041,Web0005,6,23117,443,9,44,413,4214
404067.72246139095,0.354,Comp0002,DNS0001,17,32759,53,3,3,36,107
404071.86109688145,1.24,Comp0079,Proxy0002,6,48978,3128,6,26,78,12779
404074.1177411864,22.909,Web0001,DB0004,6,55815,3306,28,71,342,14774
404078.7250247919,10.305,Comp0061,Web0001,6,5571,443,8,53,618,5656
404082.6782437897,0.077,Comp0056,DNS0002,17,23960,53,2,3,59,189
404086.9380312776,0.689,Mail0001,Ext0023,6,46416,25,8,8,293,599
404089.9597649656,16.641,Comp0072,FS0001,6,2152,445,22,54,1268,101555
404091.63277973473,0.33,Web0001,DNS0001,17,62464,53,2,2,89,322
404105.23570171284,0.227,Comp0016,DNS0001,17,11498,53,2,2,35,426
404105.9901190384,4.614,Comp0051,Web0004,6,50202,443,11,28,1288,2967
404112.20390704134,0.245,Comp0067,Comp0011,6,43389,3389,6,17,1518,239
404117.9300181983,8.492,Comp0032,Web0004,6,17265,80,9,26,1053,5007
404126.12275530247,3.37,Comp0039,Web0003,6,12770,443,7,79,131,14429
404126.196206137,0.7,Comp0001,Web0001,6,35535,443,7,25,541,5079
404134.4708388985,0.691,Comp0038,Web0006,6,6100,443,9,35,790,778
404146.0891208265,5.29,Comp0030,Proxy0002,6,46922,3128,25,67,638,12222
404147.12518955825,2.16,Comp0013,Web0001,6,16320,80,12,28,740,4195
404147.92208027915,2.112,Comp0038,FS0001,6,15529,445,18,93,647,105428
404148.90487165126,0.83,Comp0011,Proxy0002,6,28223,3128,6,28,255,7513
404157.5449177537,8.359,Comp0062,Web0006,6,51101,80,11,26,437,626
404159.767499064,0.357,Comp0059,DNS0001,17,13682,53,2,3,60,334
404159.92217327823,0.045,Comp0026,DNS0001,17,2670,53,2,2,41,170
404179.209328887,2.31,Comp0020,Proxy0001,6,64998,3128,10,7,407,3512
404179.8108522998,1.193,Comp0027,DC0001,6,38621,88,6,3,262,530
404217.42805892025,1.052,Comp0065,Mail0002,6,36728,993,11,41,551,270
404226.0168947267,0.071,Comp0049,DNS0001,17,41641,53,2,3,54,121
404227.2969143079,13.331,Comp0044,Proxy0002,6,61130,3128,6,63,806,7211
404228.2777162401,3.811,Comp0011,DC0001,6,39190,3389,5,8,480,494
404241.92107290984,0.258,Comp0080,DNS0002,17,6848,53,2,3,66,210
404250.9023318026,3.914,Comp0028,Web0002,6,59729,443,4,18,414,7466
404258.36926612543,0.09,Comp0026,DC0001,6,40104,389,3,4,605,229
404258.5086331518,0.8,Comp0064,Mail0002,6,6327,587,9,4,1202,1450
404258.81148996623,0.84,Comp0066,DC0001,6,47585,88,5,7,626,576
404267.5441393317,3.666,Comp0004,DC0002,6,44624,88,5,5,664,532
404271.9983268178,2.834,Comp0043,FS0003,6,50160,445,9,21,364,67093
404273.26344847266,1.308,Proxy0002,Ext0032,6,35893,443,11,67,329,1755
404274.3568375739,21.402,Web0005,DB0002,6,24130,3306,12,125,864,23944
404289.0683040753,14.928,Comp0033,FS0003,6,23259,445,18,130,1182,1884
404289.22508301365,9.948,Comp0036,FS0002,6,40282,445,32,103,2687,6397
404293.63856711006,2.514,Comp0076,Mail0001,6,65510,993,3,11,245,1515
404309.96619656764,2.057,Comp0080,Web0002,6,54771,443,7,18,60,4756
404311.3488470102,2.848,Comp0013,DC0001,6,45398,88,4,5,843,4834
404312.46384768933,20.634,Comp0068,DC0001,6,46135,445,21,28,2920,10127
404316.01818307734,0.072,Comp0058,DNS0002,17,44585,53,2,2,99,110
404323.02082396706,5.294,Comp0007,Web0002,6,12121,443,5,50,123,4952
404348.54279750393,0.291,Comp0070,DNS0002,17,36111,53,3,2,80,216
404349.00098426547,8.047,Proxy0002,Ext0035,6,37237,443,8,32,689,18601
404350.40175741387,11.332,Comp0007,FS0003,6,24497,445,14,1206,1780,7684
404355.9853160654,4.99,Comp0062,Web0005,6,24469,443,7,102,1488,69427
404365.02778515517,0.062,Comp0056,DNS0002,17,57008,53,3,3,92,375
404365.2713733108,8.321,Comp0025,Proxy0001,6,51419,3128,8,150,431,6244
404369.13944010227,0.326,Comp0027,DNS0002,17,60547,53,2,2,60,116
404369.72964000306,0.147,Comp0028,DNS0002,17,24090,53,2,3,62,100
404390.2945501157,0.335,Comp0072,DNS0002,17,27895,53,2,2,68,102
404399.3354676212,8.924,Comp0051,Web0004,6,46210,443,16,71,1364,17306
404399.5498959649,1.072,Comp0063,DNS0002,17,44893,53,2,3,63,91
404399.8959353551,9.516,Comp0035,Web0004,6,63523,443,9,37,636,25803
404402.4599145806,4.142,Comp0046,Proxy0002,6,36250,3128,6,38,2271,14066
404402.7392552831,0.155,Comp0074,DNS0001,17,36281,53,4,2,75,102
404407.61989247776,7.852,Comp0079,FS0003,6,2091,445,13,32,721,41322
404411.12288257113,3.404,Comp0032,Web0001,6,24499,443,7,40,1283,12055
404412.6547327804,10.997,Comp0017,DC0001,6,39748,389,6,22,5730,722
404413.2348411463,1.03,Comp0037,Proxy0002,6,8150,3128,29,35,419,12091
404416.52356718597,0.386,Comp0045,DNS0001,17,18970,53,3,3,83,157
404425.4643082003,0.806,Comp0003,DC0002,6,44474,389,12,9,710,1659
404426.3142090669,4.783,Comp0004,Proxy0002,6,5294,3128,8,28,578,5984
404429.64277899783,0.173,Comp0006,DNS0001,6,57956,135,6,2,820,18
404434.8960371976,2.606,Comp0031,Web0005,6,40526,443,10,22,290,4384
404445.5857514068,0.169,Comp0067,Mail0002,6,27427,993,6,2,298,747
404455.27550030674,25.903,Comp0063,FS0003,6,61354,445,61,127,10535,38199
404457.06358528655,2.332,Comp0029,Mail0002,6,10751,993,3,8,158,442
404466.255744679,6.887,Proxy0002,Ext0005,6,43629,443,20,27,381,24995
404476.9224784261,0.186,Comp0040,DNS0002,17,12459,53,3,2,40,190
404478.94995291525,0.166,Comp0068,FS0003,6,55896,445,10,378,2252,53528
404483.99174438394,1.185,Comp0048,Web0005,6,46373,443,7,72,1534,6929
404486.19068206486,0.52,Comp0036,DNS0001,17,15794,53,2,3,80,324
404486.2583579362,1.8,Comp0064,DC0001,6,38440,389,5,9,256,1858
404491.4108470393,20.991,Comp0031,FS0001,6,14397,445,8,70,398,22099
404491.77061752847,10.398,Comp0025,Proxy0001,6,4024,3128,4,11,890,16354
404511.4990719075,0.06,Comp0031,DNS0002,17,31199,53,2,3,95,70
404511.52309374267,7.592,Comp0012,Web0006,6,59154,80,8,129,626,2344
404514.1604109253,5.121,Comp0026,Web0005,6,11068,80,6,52,1484,1749
404521.76941796177,7.718,Comp0026,Proxy0001,6,14963,3128,5,25,408,5734
404539.0632297238,0.006,Comp0055,DNS0001,17,27413,53,3,3,104,195
404552.14644707146,0.29,Comp0043,Mail0001,6,13488,993,3,2,274,289
404552.9423238836,0.225,Comp0026,Web0004,6,24725,443,8,54,194,3156
404556.3077223759,0.067,Comp0022,DNS0001,17,46856,53,3,2,42,102
404563.4576833401,0.073,Web0003,DB0004,6,36493,3306,34,116,3168,26631
404563.6370971927,4.522,Comp0002,FS0001,6,52261,445,27,43,2242,23320
404580.3552479572,5.464,Comp0070,Web0003,6,36169,443,7,11,304,85483
404593.539589703,0.093,Comp0015,DNS0001,17,37345,53,3,2,36,184
404596.6739612727,14.287,Comp0070,FS0002,6,46833,445,16,196,644,28894
404601.9026234853,1.764,Comp0046,Web0003,6,38115,443,11,74,999,19221
404628.0755519802,8.839,Comp0008,DC0001,6,31655,88,8,4,508,439
404637.2554152558,16.186,Web0005,DB0003,6,35140,3306,19,79,523,12007
404644.8182594791,1.28,Comp0073,Proxy0001,6,64510,3128,2,47,280,9702
404658.04843259766,0.102,Comp0006,DNS0002,17,25750,53,2,2,65,201
404658.1311039841,0.046,Comp0034,DNS0002,17,7030,53,2,2,49,142
404658.35298362287,3.562,Comp0016,Proxy0002,6,62281,3128,8,50,785,11966
404666.7335212231,1.272,Comp0025,Web0004,6,32458,80,7,32,325,1145
404674.82681581116,0.108,Comp0044,DNS0002,17,54718,53,2,2,77,39
404678.3657518884,7.523,Comp0006,Web0005,6,12974,443,7,14,651,18819
404686.36170207,0.188,Proxy0001,Ext0024,6,62956,443,4,36,1392,5003
404687.8862223775,2.159,Comp0023,Web0002,6,58187,443,17,36,411,10593
404688.36310127075,12.318,Comp0038,Web0004,6,12097,80,4,24,738,11459
404694.8952180234,1.212,Comp0045,Web0006,6,10015,80,7,89,279,37658
404704.2925571433,0.26,Web0001,DB0002,6,39661,3306,15,229,888,5507
404712.37159015064,0.13,Comp0001,DNS0002,17,20455,53,2,2,30,26
404712.89130285714,0.279,Comp0002,DNS0002,17,36667,53,3,2,52,232
404726.27941149723,3.608,Comp0057,FS0002,6,22684,445,6,55,2255,32758
404760.6885604835,1.743,Comp0075,DC0002,6,47519,389,5,6,759,1697
404760.81884021516,0.716,Comp0011,Web0002,6,39976,80,7,60,251,15219
404761.97531765286,0.474,Web0003,DNS0002,17,62853,53,2,2,110,155
404765.1973728765,4.964,Comp0025,Web0001,6,59923,443,25,267,329,30175
404771.681635901,0.69,Web0005,DB0003,6,12048,3306,10,45,240,1345
404773.5752023422,5.282,Comp0049,Web0004,6,3043,443,14,15,823,11602
404782.6059760939,5.356,Comp0023,DC0001,6,1863,389,9,19,689,827
404784.62421274546,1.7,Comp0005,Proxy0001,6,27025,3128,7,24,678,6365
404797.16545305384,9.678,Comp0022,DC0001,6,25300,445,48,208,2237,1394
404811.9531242166,0.152,Comp0041,DNS0001,17,31398,53,3,3,67,135
404813.34326648863,10.411,Comp0001,Web0001,6,64188,80,4,13,176,13264
404827.05809838785,0.95,Comp0029,Mail0002,6,40372,993,3,8,311,378
404838.48498336336,5.077,Comp0047,Web0002,6,16832,443,40,31,580,19861
404842.6661712598,0.223,Comp0063,DNS0001,17,62361,53,3,2,51,136
404857.1713954663,3.073,Web0005,DC0001,6,21916,389,5,7,30,661
404868.3198968237,1.083,Comp0043,Mail0002,6,41023,587,8,9,215,4669
404872.46067016263,6.769,Comp0046,FS0002,6,27369,445,18,105,1723,43677
404875.7726728897,2.215,Comp0074,FS0001,6,27932,445,57,329,3054,1658
404885.01376813126,4.855,Comp0003,FS0002,6,26435,445,28,678,706,9827
404888.83167771786,0.33,Comp0054,DNS0001,17,53188,53,3,2,55,188
404896.3172665282,0.098,Comp0011,DB0002,6,52568,22,3,8,557,503
404896.3308930629,2.911,Comp0022,DC0002,6,59725,389,4,9,459,782
404897.6894559013,0.01,Comp0045,DNS0002,17,37700,53,2,3,81,127
404908.15827137267,5.287,Comp0037,DC0001,6,24814,389,10,4,659,400
404911.71644303884,0.229,Comp0059,DNS0001,17,33337,53,2,2,74,74
404916.8825170861,2.098,Comp0019,Web0006,6,49710,80,44,63,456,10386
404921.9566521638,0.309,Comp0048,DNS0002,17,31043,53,2,2,78,163
404923.95796308457,0.02,Web0003,DNS0001,17,19057,53,3,2,119,170
404930.20966979035,0.44,Comp0076,FS0002,6,26921,445,25,202,6197,160807
404936.6943960327,4.691,Comp0075,FS0002,6,48861,445,9,44,6908,2027
404940.9119417726,1.771,Proxy0001,Ext0039,6,17167,80,6,10,634,4236
404951.57444966666,11.307,Comp0068,FS0001,6,65195,445,23,181,1609,68666
404952.9064321355,0.415,Comp0001,DNS0001,17,30410,53,2,2,35,203
404959.02949287207,0.485,Comp0034,DNS0001,17,52607,53,3,2,53,418
404972.9460790339,0.429,Comp0034,DC0001,6,26446,88,4,5,393,5306
404983.44811021694,1.637,Comp0010,Web0006,6,31831,443,20,78,225,8317
404984.7995362085,1.983,Comp0019,Web0001,6,63310,443,9,18,3033,2009
404985.8576083251,0.155,Comp0023,DNS0001,17,17843,53,2,3,96,127
404999.86900001107,0.87,Comp0038,DNS0002,17,33456,53,2,2,89,298
405000.727586881,0.391,Comp0030,DNS0002,17,29041,53,2,3,155,183
405006.3627712613,0.044,Comp0037,DNS0002,17,41149,53,3,2,91,256
405009.8810360828,2.147,Comp0039,DC0002,6,7491,88,2,5,153,359
405021.721485648,0.002,Comp0067,DNS0001,17,63729,53,2,2,76,122
405023.5068535994,1.101,Comp0059,FS0001,6,37847,445,11,123,364,10995
405025.8005842856,0.195,Comp0014,DNS0001,17,33054,53,2,3,137,162
405034.44378351804,7.441,Web0006,DB0001,6,46748,5432,6,74,2122,6282
405051.6505339232,7.248,Comp0070,FS0003,6,25373,445,28,273,3727,10698
405065.0936626618,2.566,Web0002,DB0004,6,31556,5432,39,148,1813,8679
405069.48148902773,0.43,Comp0022,DNS0001,17,24689,53,3,2,74,129
405071.37926687585,1.162,Comp0033,DC0002,6,43316,389,10,7,574,1073
405078.38459434436,1.668,Comp0020,Mail0001,6,62035,993,6,8,924,376
405084.0622795857,12.381,Comp0017,Web0004,6,34128,80,8,39,813,5478
405087.2953448638,20.994,Comp0034,DC0001,6,30541,445,19,602,6758,30171
405096.754863992,1.22,Comp0010,Proxy0002,6,53537,3128,15,25,748,11817
405101.4685318942,2.46,Comp0037,DC0001,6,32168,88,4,22,680,281
405130.0033067127,33.544,Comp0074,FS0001,6,16570,445,24,51,1626,9036
405136.4336360509,8.698,Comp0051,FS0002,6,59988,445,9,35,460,5464
405154.542693921,0.129,Comp0064,DC0002,6,22846,389,5,9,194,7208
405161.1696787363,8.146,Comp0001,Mail0001,6,24547,993,3,8,352,2514
405175.28453953157,2.732,Comp0028,Proxy0002,6,32381,3128,4,9,590,33623
405177.69024731073,6.804,Comp0002,FS0003,6,17090,445,52,80,1283,152201
405178.60529631923,0.521,Comp0064,Proxy0002,6,29188,3128,4,110,520,7092
405196.4687861459,6.164,Comp0029,Proxy0001,6,4362,3128,5,9,512,3578
405197.1718104161,2.639,Proxy0002,Ext0009,6,5245,443,5,38,1703,28296
405199.37374851207,0.28,Comp0049,DNS0002,17,50411,53,2,2,67,230
405215.41223942285,0.46,DB0003,DNS0001,17,55001,53,2,2,77,140
405223.6904986765,2.889,Comp0062,Web0005,6,8342,443,17,67,248,1433
405227.9967746945,0.09,Comp0001,DNS0002,17,5180,53,3,2,48,72
405236.7095566104,1.383,Comp0011,Web0006,6,29764,443,6,121,1510,6572
405243.88466362807,4.542,Comp0060,DC0002,6,7884,88,3,3,795,1233
405245.2470284094,0.191,Comp0028,Web0006,6,11636,443,14,36,478,14919
405247.8787891395,0.706,Proxy0002,Ext0034,6,57423,80,3,20,449,10522
405249.70890051377,0.006,Comp0016,Web0002,6,39336,443,5,11,789,2578
405255.4715653182,0.162,Comp0066,Mail0001,6,1104,587,8,14,81,519
405256.85740852676,26.131,Comp0022,DC0001,6,31691,445,42,42,2739,1852
405268.3799958299,4.905,Comp0069,Web0001,6,53233,80,4,85,385,3316
405269.0159251086,1.352,Comp0006,DC0001,6,17074,88,7,11,270,862
405284.0154366024,0.448,Comp0057,DNS0001,17,34708,53,3,2,42,133
405285.52225666534,0.223,Comp0065,DNS0002,17,31172,53,3,2,97,88
405287.0267002577,0.252,Comp0006,Comp0015,6,49769,139,20,89,634,427
405287.77456979745,0.168,Comp0078,Proxy0001,6,52538,3128,5,53,1015,6356
405291.75907055027,2.263,Comp0071,Proxy0001,6,6240,3128,30,36,320,7870
405294.93577721866,82.456,Comp0029,FS0001,6,3118,445,33,33,2079,4451
405296.40801661246,2.405,Comp0078,DC0001,6,33906,88,3,13,672,483
405304.1311260614,1.865,Comp0063,Proxy0002,6,42973,3128,4,19,3200,9278
405308.83910926525,0.281,Comp0040,DNS0002,17,33891,53,3,2,96,93
405335.2736259697,0.084,Comp0055,DNS0001,17,26622,53,3,3,210,305
405335.74420628813,5.711,Web0002,DB0004,6,32858,3306,45,126,2955,24142
405344.00466472533,6.167,Comp0079,DC0002,6,51027,88,5,5,205,668
405362.1094192365,2.264,Comp0015,Web0005,6,37486,443,11,60,607,3993
405366.0447992811,0.065,Comp0021,DNS0001,17,16486,53,2,2,41,75
405384.46536669106,3.855,Comp0074,Mail0002,6,64640,587,5,2,331,554
405386.5677277248,1.041,Mail0001,Ext0012,6,18090,25,6,15,877,255
405401.29864701256,17.6,Comp0024,Mail0001,6,44766,587,12,13,988,408
405404.3285547693,16.225,Comp0011,DC0002,6,34344,3389,11,4,125,309
405407.30358547444,6.634,Comp0056,Web0001,6,26017,443,3,41,3400,13913
405412.3553759336,0.74,Comp0004,Web0002,6,22322,80,10,66,396,4847
405428.300954651,0.045,Comp0010,DNS0001,17,22723,53,2,2,42,448
405430.8215691465,4.156,Comp0051,FS0001,6,50591,445,46,238,2265,3109
405438.2992275002,0.006,Comp0066,DNS0001,17,45913,53,2,3,136,150
405439.34876989824,14.016,Comp0031,Web0006,6,58353,80,9,77,327,5475
405444.8864648961,0.875,Comp0025,DC0002,6,14434,389,6,13,466,699
405445.24311129004,3.206,Comp0043,Web0002,6,61933,443,15,173,2932,4848
405446.2355635718,6.891,Comp0074,DC0002,6,48890,88,9,4,990,831
405448.85788269056,36.32,Web0005,DB0004,6,34804,3306,31,44,1681,3532
405457.3085957528,9.36,Comp0062,Web0001,6,49775,80,10,69,1139,1716
405458.1823857298,0.107,Comp0041,DNS0001,17,16838,53,3,3,56,132
405459.83028913836,0.247,Comp0059,DNS0002,17,32440,53,2,2,93,281
405461.89393725264,0.566,Comp0030,Web0001,6,21790,443,7,64,1607,8704
405478.65869577415,5.802,Comp0015,Web0002,6,1869,443,7,28,570,4374
405484.06170917745,0.288,Comp0009,DNS0002,17,26733,53,2,2,51,237
405492.13064616465,5.646,Comp0010,Web0003,6,27094,443,14,22,435,8389
405503.3525901222,3.482,Comp0044,Mail0001,6,9549,993,7,8,327,4722
405518.7960542397,0.664,Comp0052,Mail0001,6,47997,993,11,8,348,1232
405525.34307802335,2.607,Comp0025,FS0002,6,40470,445,6,29,784,1425
405526.8248421884,33.459,Comp0068,FS0001,6,29077,445,23,88,2745,15795
405528.51180729445,1.667,Mail0002,Ext0017,6,36491,25,7,10,1054,806
405529.6767499925,15.897,Comp0045,Web0004,6,25493,80,10,12,1332,7793
405537.60548467096,26.431,Comp0017,FS0003,6,4522,445,12,452,1680,1442
405537.9950436497,4.342,Comp0028,Web0001,6,47023,80,7,50,936,7011
405539.524339609,0.918,Comp0021,Proxy0001,6,2519,3128,5,9,482,11930
405545.4358446068,0.294,Comp0001,DNS0001,17,39594,53,3,2,63,306
405545.95412950014,4.848,Comp0080,Web0006,6,37686,80,10,48,617,10011
405547.4614874001,3.672,Comp0024,Web0002,6,29045,443,13,18,3248,4748
405547.9060467783,0.144,Comp0036,DNS0002,17,57771,53,3,4,103,47
405558.3528060446,6.831,Comp0042,Web0001,6,6869,80,13,71,1166,17996
405567.285754865,0.122,Comp0022,DNS0001,17,51185,53,3,3,138,162
405571.68814985687,8.555,Comp0035,Web0003,6,6443,443,4,29,668,15231
405572.35698957427,3.252,Proxy0001,Ext0001,6,32651,80,6,38,107,7360
405585.2581344654,0.508,Comp0029,DNS0002,17,22268,53,2,2,51,97
405593.85796477395,4.305,Comp0020,Web0006,6,22820,443,2,33,457,2330
405598.0796470938,2.256,Comp0039,DC0002,6,34574,88,11,6,209,1326
405599.38391866896,0.168,Comp0042,DNS0002,17,4101,53,2,3,44,415
405599.6853329352,0.514,Comp0076,Web0003,6,1492,443,15,57,1444,3704
405606.8059441068,2.266,Comp0073,Mail0001,6,57759,587,3,13,251,966
405617.1847655907,8.093,Proxy0002,Ext0001,6,20560,443,8,28,4113,3467
405622.6537645152,2.466,Comp0009,Proxy0001,6,41028,3128,3,79,147,7296
405625.3249060424,0.341,Comp0062,DC0002,6,55105,389,8,4,578,684
405641.12790201337,0.037,Comp0020,Proxy0001,6,13215,3128,10,36,399,14096
405641.56430348277,3.602,Mail0002,Ext0009,6,22520,25,5,7,952,383
405642.86733737,1.634,Comp0049,DC0001,6,52563,389,2,6,1094,1560
405651.8941569772,5.836,Comp0028,Proxy0002,6,12456,3128,14,22,558,15420
405652.82097017916,0.385,Comp0024,Proxy0002,6,22506,3128,9,83,363,18770
405652.8485226958,1.397,Comp0054,Web0006,6,31739,80,40,53,93,18447
405653.80144411005,3.897,Comp0071,Web0005,6,15870,443,11,40,232,2657
405672.71616988606,4.968,Comp0070,Mail0001,6,8700,993,3,9,663,686
405685.0842625073,1.348,Comp0035,Proxy0001,6,29297,3128,11,176,155,5532
405685.6884730833,11.474,Comp0048,Web0001,6,6214,443,6,59,940,2045
405700.38711349515,0.975,Comp0006,Proxy0001,6,14583,3128,12,58,240,7857
405723.1552308961,27.788,Web0004,DB0001,6,43760,5432,24,33,517,1392
405732.95911024633,0.013,Comp0007,DNS0001,17,50191,53,3,2,99,89
405742.31936052017,0.04,Comp0020,DNS0001,17,34866,53,2,3,100,181
405743.3140857506,22.912,Comp0020,Web0006,6,27771,443,28,225,1239,59467
405764.3460751285,3.328,Comp0052,FS0001,6,35960,445,18,132,1583,47345
405771.06393105985,0.049,Comp0026,DNS0001,17,1401,53,2,3,41,47
405782.59781226376,4.581,Comp0006,Web0006,6,11394,443,7,77,571,10470
405782.698672774,1.802,Comp0075,Web0005,6,57734,443,16,39,3419,8067
405785.40675285907,0.015,Comp0019,DNS0001,17,56056,53,3,2,24,76
405786.655000893,3.825,Comp0025,Mail0001,6,13676,993,4,16,378,1198
405798.97355395573,20.541,Comp0020,FS0001,6,63094,445,24,41,159,178170
405800.0046278009,4.362,Comp0004,DC0001,6,10221,88,3,4,706,1636
405800.93704774603,6.748,Comp0032,Proxy0002,6,21231,3128,7,32,1054,7103
405801.8349943188,0.016,Comp0078,DNS0002,17,30252,53,2,2,72,73
405820.1662592521,3.819,Comp0049,Web0005,6,36995,443,10,65,307,11413
405832.0856660476,6.622,Comp0006,Comp0073,6,30918,3389,8,11,2541,14
405860.61866895744,2.693,Mail0002,Ext0006,6,11864,25,3,5,247,744
405865.82466914324,0.199,Comp0029,DC0001,6,10096,88,4,9,235,4495
405869.96375211445,10.348,Comp0068,Web0005,6,23984,443,40,40,491,5939
405891.0740016677,0.29,Comp0064,DC0001,6,39108,389,6,5,81,405
405894.24118512776,0.386,Comp0006,FS0003,6,48996,445,12,48,624,20457
405903.9494726255,0.244,Comp0043,Web0002,6,29972,443,14,37,289,26504
405905.54339550354,2.539,Mail0002,Ext0009,6,13596,25,7,22,639,471
405925.7833343337,0.14,Comp0056,DNS0001,17,46411,53,2,3,106,171
405934.0748047332,0.172,Comp0001,DNS0001,17,43980,53,3,3,47,155
405951.24487919593,0.688,Comp0064,Web0004,6,12712,443,6,21,659,9166
405974.09928228566,1.793,Comp0039,Mail0001,6,33664,587,8,7,353,467
405992.51443160453,0.051,Comp0059,DNS0002,17,62490,53,2,2,62,94
405999.251169736,0.539,DB0002,DNS0002,17,2601,53,2,4,70,163
406003.3816969911,16.034,Comp0078,DC0001,6,10458,445,3,122,2366,6187
406007.35472690116,14.17,Comp0069,Web0005,6,41452,443,6,53,202,2774
406007.7806798918,19.002,Comp0021,FS0002,6,43114,445,32,35,4135,25025
406014.6393298646,0.073,Comp0039,DC0002,6,7329,389,7,5,48,163
406038.96738563577,1.845,Comp0012,DC0002,6,21563,88,11,8,109,419
406049.0710972288,4.993,Comp0022,Web0003,6,51826,80,4,39,1506,5628
406064.74732630554,2.415,Web0001,DC0002,6,26848,389,7,7,732,884
406065.073978188,0.176,Comp0080,DNS0002,17,29979,53,2,5,55,138
406081.2556073344,5.497,Comp0013,Web0001,6,28387,443,10,17,917,2854
406083.85700919706,9.635,Comp0027,Web0002,6,33775,443,11,18,1298,3515
406084.62698970723,4.551,Proxy0002,Ext0014,6,55120,80,8,24,718,3456
406088.63030637975,1.459,Web0005,DB0004,6,8228,5432,132,29,3068,4222
406093.7344169539,0.002,Comp0032,DNS0001,17,64547,53,3,3,105,153
406098.0823255854,11.644,Comp0078,Web0001,6,15512,80,11,41,414,3525
406104.25877564034,0.265,Comp0023,DNS0002,17,35638,53,2,2,36,94
406106.5720457501,0.168,Comp0007,DNS0001,17,41346,53,2,2,53,96
406108.6257731042,0.288,Comp0063,DNS0001,17,17067,53,2,2,73,74
406118.93009335874,4.141,Comp0033,Web0006,6,26898,80,13,12,2019,3396
406133.33781424403,1.132,Comp0019,Mail0002,6,35368,587,5,7,971,95
406142.88535240275,0.008,Comp0051,DNS0002,17,26941,53,3,2,89,203
406166.49174268765,5.934,Comp0071,FS0001,6,50619,445,11,70,735,90056
406167.12922865665,14.249,Comp0017,Web0004,6,1424,443,15,54,492,1048
406167.98958879116,0.724,Comp0006,Mail0001,6,27489,587,4,6,210,366
406168.36180996156,1.204,Proxy0002,Ext0015,6,41413,80,6,20,465,4944
406181.4440436355,0.148,Comp0009,DNS0001,17,43153,53,2,3,94,211
406188.0246705748,1.648,Comp0078,Web0006,6,4813,22,4,16,4941,11
406192.5099875611,36.142,Comp0074,DC0001,6,32887,445,12,145,1555,10032
406205.29367940937,1.429,Comp0006,DC0001,6,64512,389,3,6,1297,883
406207.07884723094,1.674,Comp0074,Web0004,6,57163,443,6,18,1289,1568
406211.00624396204,0.115,Comp0078,FS0002,6,40980,3389,3,5,356,21
406215.0474307611,0.322,Comp0014,DNS0002,17,27707,53,2,3,61,174
406219.6529425993,0.633,Comp0014,Web0005,6,36704,443,5,33,1001,8406
406220.84681358485,12.199,Comp0003,Web0001,6,56177,443,4,8,1693,10801
406225.4087689144,1.478,Comp0050,DC0001,6,50214,389,7,2,277,285
406226.6885743919,0.231,Comp0024,DNS0001,17,47093,53,2,2,51,239
406232.9152100422,0.158,Comp0019,DNS0001,17,40217,53,3,2,109,195
406237.61846881936,1.846,Comp0052,Mail0002,6,22242,587,9,10,591,286
406264.0765559645,21.338,Comp0066,FS0002,6,39772,445,20,131,1723,23463
406266.3619820948,0.078,Web0005,DNS0002,17,48386,53,3,2,94,173
406268.8523584883,0.238,Comp0074,DC0001,6,54895,88,6,11,1167,134
406276.49245008174,4.782,Comp0071,Mail0002,6,23339,587,7,23,287,289
406280.22373318876,21.711,Comp0031,Web0002,6,4739,443,7,17,1739,4549
406286.19180918933,2.99,Comp0073,FS0003,6,60144,445,21,38,933,11315
406292.06170062104,0.862,Comp0044,Web0001,6,47320,443,9,84,273,7140
406297.4392565428,3.66,Comp0021,Proxy0002,6,6507,3128,4,25,239,7017
406332.42982814217,10.959,Comp0007,Web0003,6,45661,443,5,6,846,28883
406346.3815106537,0.111,Web0001,DB0003,6,56769,3306,77,53,2282,86400
406358.8939877501,1.674,Comp0038,Proxy0002,6,26161,3128,4,51,759,4902
406360.65496448864,8.961,Comp0055,Web0002,6,16029,443,8,29,1813,4001
406368.759809671,2.813,Comp0010,Web0004,6,65494,443,4,10,935,5821
406394.5727062761,0.119,Comp0052,DC0002,6,54037,88,4,4,179,611
406396.28228599264,4.125,Comp0056,Mail0002,6,26503,993,28,4,345,2224
406401.20265152137,4.998,Web0001,DB0002,6,34726,3306,45,75,62018,96076
406407.60914602707,0.056,Comp0013,DNS0001,17,4814,53,2,2,62,205
406427.1919537536,3.81,Mail0002,Ext0018,6,34796,25,2,7,936,1045
406431.839935863,2.518,Comp0041,Web0004,6,28298,80,9,16,700,6469
406432.24749571696,12.1,Comp0042,Mail0001,6,21490,993,7,3,492,649
406440.59324138344,17.489,Comp0050,Proxy0001,6,12577,3128,7,13,902,8772
406468.77178944997,0.866,Comp0079,Web0002,6,55871,80,16,24,1162,6643
406470.93202028546,5.452,Comp0010,Proxy0001,6,45842,3128,8,19,2280,2398
406476.98370302346,3.833,Comp0035,Comp0011,6,12422,3389,6,17,851,1015
406497.0477862628,0.108,Comp0036,DNS0002,17,30286,53,3,3,36,264
406504.9096069646,0.234,Comp0054,DNS0002,17,39883,53,2,3,60,79
406517.3639087849,4.654,Mail0001,Ext0001,6,63990,25,6,11,177,873
406527.5975453212,4.632,Comp0060,FS0001,6,40432,445,33,73,682,11748
406531.93617797573,6.636,Comp0078,Comp0040,6,53034,135,4,10,666,7
406532.18496962177,1.495,Comp0050,Mail0002,6,6672,587,6,8,720,237
406534.2372609981,0.087,Comp0049,DNS0001,17,26064,53,2,3,43,102
406537.35250502947,3.819,Comp0047,Web0002,6,56793,443,8,33,763,5858
406553.9175339972,3.53,Comp0063,DC0002,6,22845,445,55,36,688,3278
406554.5971382891,3.169,Comp0009,Web0002,6,27822,443,5,15,3380,47976
406557.5955688993,17.366,Comp0060,Proxy0002,6,40005,3128,9,87,778,6220
406561.93137775967,18.536,Comp0008,Web0004,6,23677,443,7,38,434,15919
406575.91238621634,1.02,Comp0033,Mail0001,6,52141,993,8,6,256,937
406581.69143595715,3.371,Comp0057,DC0002,6,24473,445,62,31,1505,17023
406583.1346582115,0.089,Proxy0002,Ext0006,6,61175,443,11,5,679,1779
406585.2600022246,8.216,Comp0027,FS0001,6,52613,445,111,71,1870,2104
406595.17699808744,0.843,Comp0006,Comp0042,6,7307,139,82,92,4258,963
406599.0853171127,32.837,Web0002,DB0001,6,3688,5432,44,64,2556,12039
406609.73041791446,18.539,Comp0078,Proxy0002,6,23993,139,7,145,668,535
406612.46936243627,0.168,Comp0007,DNS0002,17,9147,53,3,2,79,313
406621.8835446782,0.177,Web0002,DNS0001,17,16528,53,2,3,81,96
406622.1583917081,8.708,Comp0037,Web0006,6,20854,443,7,18,104,4064
406624.9061404768,0.718,Comp0003,Proxy0001,6,7501,3128,15,26,299,9927
406630.49983843317,2.431,Comp0011,Proxy0002,6,28981,3128,9,39,201,3859
406631.35511881445,9.095,Comp0012,Web0006,6,48304,443,18,56,1140,5218
406654.35627784906,3.77,Proxy0002,Ext0031,6,64071,80,3,24,181,582
406655.5318835219,2.921,Comp0021,Proxy0002,6,62990,3128,8,51,1577,16699
406661.749263341,0.421,Comp0075,DNS0002,17,64137,53,3,2,88,157
406666.6238284081,9.025,Comp0012,Mail0002,6,42863,993,8,4,384,393
406667.1913490995,3.524,Comp0013,Web0005,6,42152,80,6,93,1448,2646
406667.3626635744,0.287,Comp0036,DNS0002,17,56513,53,3,3,53,87
406667.9546330308,18.85,Comp0079,DC0001,6,20792,445,37,370,2666,22196
406689.06516378367,0.521,Comp0031,DNS0002,17,34324,53,2,3,67,167
406701.9662811884,1.27,Comp0037,Web0003,6,11946,80,3,33,191,47355
406706.76663746353,3.304,Comp0024,Proxy0002,6,58575,3128,17,255,69,6451
406744.69210140867,35.804,Comp0034,FS0002,6,19424,445,8,343,1793,12195
406761.9647770504,9.161,Comp0078,DC0001,6,10882,389,4,9,80,264
406804.2676561286,3.83,Comp0030,DC0002,6,63129,88,6,5,332,654
406822.5069535401,0.113,Comp0080,DNS0002,17,51366,53,2,2,79,194
406833.2970099699,1.601,Comp0036,DC0002,6,15944,88,8,6,1019,697
406837.0281513422,0.462,Comp0059,DNS0001,17,49561,53,2,2,49,72
406857.26073857205,0.288,Comp0033,DNS0002,17,62971,53,2,3,56,85
406863.8721926028,0.171,Comp0045,DNS0002,17,24802,53,2,3,48,72
406893.5001660297,0.791,Comp0020,DNS0002,17,39474,53,2,3,60,181
406919.33435730095,16.754,Comp0052,Web0005,6,46616,443,3,28,632,7192
406924.19590531685,1.293,Comp0053,Web0001,6,50566,80,10,48,172,935
406940.12820969906,8.15,Comp0033,Proxy0001,6,11117,3128,9,41,660,13298
406949.265078324,0.082,Comp0042,DNS0001,17,17636,53,2,2,56,380
406954.6229002484,0.22,Comp0060,DNS0001,17,50264,53,4,2,42,157
406990.01681589935,0.2,Comp0061,DNS0001,17,65366,53,2,3,59,660
407002.2814398565,1.644,Web0003,DB0003,6,38889,3306,6,370,2304,24115
407002.81160013913,0.16,Comp0016,DNS0001,17,11933,53,3,2,59,139
407016.92213445593,0.162,Comp0002,DNS0001,17,36750,53,2,2,29,195
407048.96618217044,3.955,Comp0070,DC0001,6,21403,389,6,6,74,410
407050.24243126827,0.105,Comp0011,DNS0001,17,41727,53,3,3,38,149
407050.90861916693,4.3,Comp0055,FS0001,6,7726,445,28,551,670,7355
407060.41737251176,7.014,Proxy0001,Ext0015,6,58495,443,7,30,187,3360
407067.8799732618,3.152,Comp0040,Web0006,6,53242,443,4,12,513,12465
407071.9677017694,5.724,Comp0014,Web0001,6,64667,443,8,38,4108,32215
407072.7548891067,1.48,Comp0017,Proxy0001,6,42691,3128,14,16,838,6300
407078.59218969266,4.59,Comp0033,Web0004,6,34587,443,11,14,2493,831
407082.9802150386,0.017,Comp0042,DNS0001,17,3624,53,2,2,46,232
407093.67707159114,3.334,Proxy0002,Ext0014,6,28857,80,8,23,227,11041
407107.28288972273,2.48,Comp0024,Web0002,6,30456,443,13,20,1482,2273
407109.3184373034,20.981,Web0003,DB0001,6,39395,3306,4,247,5027,25514
407109.77739893284,0.088,Comp0042,DNS0002,17,47489,53,3,2,50,123
407110.93681246403,0.043,Comp0032,DNS0001,17,25554,53,3,3,87,342
407117.59400766215,4.336,Web0004,DB0002,6,6050,5432,12,380,2418,12150
407121.2925097802,2.933,Comp0054,DC0002,6,49680,88,3,3,533,1473
407125.03734408435,46.994,Comp0050,DC0002,6,25912,445,19,80,2164,29571
407130.5044947995,20.191,Comp0060,FS0003,6,9001,445,42,98,2856,1135
407134.64796001033,11.138,Comp0042,Proxy0001,6,62807,3128,6,81,3460,7105
407143.3217634094,3.011,Comp0035,Web0004,6,40385,80,6,37,834,21463
407144.44684789854,2.536,Comp0064,Mail0002,6,33505,993,6,15,1258,2191
407146.65787491313,1.97,Comp0077,Proxy0001,6,18283,3128,20,30,1097,789
407159.44059680623,0.913,Comp0080,DNS0002,17,24918,53,2,3,51,280
407165.22104557377,1.167,Comp0080,Web0002,6,61487,443,4,26,617,3872
407184.10706326104,1.73,Comp0022,Web0001,6,31079,80,3,17,501,628
407197.2779650615,0.366,Comp0076,DNS0002,17,11976,53,3,3,97,150
407204.1298063282,4.153,Comp0062,Web0004,6,5838,443,8,37,1064,4619
407211.19550351007,1.431,Comp0020,Comp0011,6,49115,3389,5,8,230,344
407216.9631409959,0.003,Comp0023,DNS0002,17,51400,53,3,2,94,133
407222.75852411345,0.77,Comp0026,Web0004,6,38432,80,11,24,401,13404
407260.7860535824,0.377,Comp0002,DNS0002,17,11886,53,2,3,81,458
407267.0634856234,10.507,Comp0078,Mail0001,6,32954,135,12,4,2067,140
407287.00586262625,0.091,Comp0078,Proxy0002,6,53505,3128,5,75,447,627
407298.1695235494,21.539,Comp0056,DC0001,6,43966,445,6,25,1295,5916
407349.49773635337,0.038,Comp0060,DNS0001,17,56728,53,3,3,74,110
407351.33405648667,0.271,Comp0050,DNS0001,17,17707,53,2,2,63,109
407356.13976632187,3.414,Comp0068,Web0003,6,9892,443,9,26,1703,2825
407358.06571736047,5.076,Comp0026,Web0002,6,21222,443,9,34,877,1093
407359.3408969989,0.031,Comp0052,DNS0002,17,34790,53,2,2,68,154
407368.029299057,1.604,Comp0006,Comp0034,6,17728,135,13,6,540,31
407371.5162279734,0.461,Comp0006,Comp0058,6,37262,135,7,5,173,18
407372.7265254786,1.171,Comp0055,Web0005,6,47003,443,7,13,519,9041
407374.0620909409,0.095,Comp0059,DNS0002,17,29201,53,3,3,80,108
407376.6743808184,0.022,Comp0047,DNS0001,17,4413,53,2,3,56,111
407384.3690943129,5.364,Comp0061,Web0004,6,47510,443,13,83,319,1774
407399.9015260551,4.328,Comp0002,Proxy0001,6,11702,3128,4,54,1052,8615
407410.9003620605,4.618,Comp0033,Web0002,6,48794,443,7,77,592,2511
407454.76935652684,6.578,Comp0001,DC0002,6,13515,88,6,6,350,1506
407458.09731770225,0.194,Comp0013,Web0006,6,11601,443,24,69,265,3353
407478.6034708608,9.011,Comp0050,DC0002,6,52900,445,16,11,3484,4749
407483.38712213334,0.005,Comp0066,DNS0001,17,18294,53,3,3,69,95
407483.6570068933,15.146,Comp0070,Web0005,6,27399,80,3,18,4118,1668
407493.4812116476,0.121,Comp0006,DNS0001,17,43377,53,2,2,51,112
407496.36255006015,21.121,Comp0064,Proxy0001,6,20634,3128,4,77,95,4780
407509.5191348207,44.674,Web0004,DB0001,6,5573,3306,19,455,3843,26707
407513.01657666196,5.694,Comp0010,FS0003,6,36911,445,30,114,685,2105
407517.9869057738,7.169,Comp0012,Web0002,6,35005,443,22,30,1247,45804
407538.9467772841,11.35,Web0002,DB0002,6,7743,5432,15,191,6200,12337
407539.09023311286,0.181,Comp0046,DNS0001,17,19252,53,3,4,122,92
407542.87226654263,0.546,Comp0057,DC0002,6,44140,389,6,4,432,387
407546.4678338287,4.883,Comp0023,Mail0001,6,55990,587,5,5,650,706
407550.1599097156,2.3,Comp0006,FS0001,6,38818,445,18,58,713,3705
407556.17830370786,0.052,Comp0014,DNS0001,17,36989,53,2,3,73,330
407560.15513911046,0.338,Comp0070,Proxy0002,6,8205,3128,3,72,402,5272
407566.02106102573,1.431,Comp0068,Proxy0002,6,17124,3128,10,35,50,16195
407575.802513398,16.082,Comp0066,DC0002,6,3280,445,13,92,369,3823
407580.74178168096,5.139,Web0006,DC0001,6,9433,389,3,2,1098,892
407585.80045885517,0.078,Comp0038,Web0002,6,34565,443,13,148,1939,5654
407587.34810769436,1.019,Comp0046,Mail0002,6,4700,993,6,9,468,4723
407587.8504874521,1.786,Comp0042,Web0004,6,41544,80,5,15,427,4023
407605.6504935984,21.596,Comp0073,FS0003,6,54889,445,47,86,5020,27760
407606.7279812256,2.475,Comp0009,DC0001,6,12561,88,7,3,179,962
407613.7415561584,5.552,Web0001,DB0003,6,60550,3306,64,130,502,47615
407629.60799636715,0.934,Comp0012,Web0002,6,35097,443,7,21,1204,11468
407631.3366988616,3.807,Comp0078,Web0001,6,49525,443,23,30,2447,14035
407644.5799812151,0.877,Comp0002,Web0004,6,20198,443,11,38,161,48482
407655.55350423313,0.247,Comp0003,DNS0001,17,37157,53,2,2,57,373
407682.23938055115,0.11,Comp0003,DNS0002,17,25314,53,2,3,94,166
407695.6060818924,1.49,Comp0039,Web0001,6,53858,443,4,25,2590,16195
407707.36966921244,1.696,Comp0025,DC0002,6,44352,88,17,12,175,566
407715.5553276165,2.816,Comp0076,DC0002,6,51330,88,8,23,230,935
407718.01410034706,6.46,Comp0063,FS0003,6,41294,445,10,243,2056,42654
407718.61597795004,2.303,Comp0053,DC0001,6,5778,389,8,3,144,697
407731.7539007939,9.459,Comp0034,Web0001,6,22998,443,25,72,735,6231
407772.3907139105,2.322,DB0003,DC0001,6,41788,389,6,5,200,2110
407775.86176893156,0.009,Comp0049,DNS0001,17,59046,53,2,2,73,219
407778.1119034834,4.666,Comp0034,Proxy0001,6,51958,3128,12,15,1784,8222
407787.83236382715,2.9,Comp0080,Web0005,6,47066,80,14,98,194,36078
407790.65023149323,5.467,Comp0006,Comp0050,6,52837,135,4,27,145,35
407795.1850032857,1.797,Comp0034,Web0005,6,12304,443,8,51,506,57436
407806.3778735804,0.171,Comp0072,DNS0002,17,52847,53,2,3,81,152
407807.71474474715,0.139,Comp0025,Web0003,6,63745,443,6,49,998,6322
407808.87314771465,11.956,Comp0001,Web0004,6,50904,80,7,35,1080,3266
407811.0589643231,0.308,Comp0001,DNS0002,17,54794,53,2,3,84,182
407828.4080120579,0.693,Comp0069,DC0001,6,16756,389,10,7,284,855
407830.93396001525,0.36,Comp0014,FS0003,6,35119,445,23,52,315,17967
407833.1559492553,16.154,Web0005,DB0003,6,29787,5432,73,58,2728,19899
407834.1606645125,3.326,DNS0001,DC0001,6,57640,389,4,7,489,3354
407846.7788243788,0.009,Comp0014,DNS0001,17,34318,53,3,2,53,54
407854.204590718,5.046,Proxy0002,Ext0039,6,30406,443,5,38,301,5997
407873.62113874924,5.568,Comp0021,Web0001,6,19669,443,4,69,594,8752
407875.84053698607,2.251,Comp0008,Proxy0002,6,49890,3128,8,56,363,5691
407879.60391835193,1.946,Comp0063,DC0002,6,52765,389,10,11,200,4839
407883.0561597285,8.475,Comp0014,FS0002,6,36104,445,7,142,351,2650
407910.4330284975,3.183,Comp0016,Proxy0001,6,27910,3128,4,11,384,8735
407924.13747788256,6.786,Comp0045,DC0001,6,53295,88,7,22,164,567
407925.6442460388,0.011,Comp0003,DNS0002,17,64586,53,2,2,87,237
407942.90618873393,0.968,Comp0003,Web0001,6,3319,443,5,83,1335,3764
407947.1873068713,0.119,Comp0008,DNS0001,17,46968,53,4,3,87,93
407951.02362375567,0.677,Comp0011,DNS0001,17,49945,53,3,3,71,104
407951.97141225333,6.332,Proxy0002,Ext0038,6,27240,80,22,8,1054,10369
407967.14542300947,8.222,Comp0031,Web0003,6,32741,443,6,7,570,6244
407968.8387955622,0.052,Comp0055,DNS0002,17,34575,53,2,2,70,100
407991.00651645404,5.434,Comp0067,Web0006,6,23916,80,5,121,1649,1085
407995.37928811926,4.348,Comp0075,Web0006,6,51675,80,9,47,566,8581
408006.4697388209,0.038,Comp0061,DNS0001,17,15627,53,2,2,85,341
408007.0032615849,17.837,Comp0006,Web0005,6,46038,80,17,61,1874,6941
408045.37188298727,0.729,Comp0035,Web0005,6,11421,443,9,57,3304,444
408069.9582840331,0.25,Comp0065,Web0002,6,15355,80,5,96,2389,10933
408095.4618596377,0.024,Comp0055,DNS0002,17,58153,53,3,4,61,86
408096.94793590874,0.404,Comp0076,DNS0002,17,18214,53,2,3,61,189
408109.6517908572,1.281,Comp0059,DC0001,6,59920,88,3,8,468,586
408111.090398025,0.105,Comp0073,DNS0002,17,60385,53,2,2,63,206
408131.4979181158,0.123,Comp0025,Web0002,6,15416,443,5,92,267,2620
408140.7085302683,14.413,Comp0046,Proxy0001,6,12612,3128,6,10,2476,2914
408149.10509561375,6.392,Comp0040,DC0002,6,41974,389,15,9,1112,983
408158.114970232,0.468,Comp0035,Comp0011,6,21331,3389,6,14,397,63
408164.91049247095,7.676,Comp0006,Comp0054,6,10924,3389,4,7,388,18
408170.2550977442,17.794,Comp0021,FS0002,6,14305,445,13,100,1378,32940
408170.94078525045,4.367,Proxy0001,Ext0028,6,21494,443,5,101,2605,13756
408187.96372297744,1.149,Comp0002,Proxy0002,6,19629,3128,8,52,300,4762
408193.87570412003,0.113,Web0001,DNS0002,17,11951,53,2,3,70,130
408194.68140164064,6.079,Comp0076,Web0002,6,18599,443,26,22,228,9552
408208.441265876,0.143,Comp0018,DNS0001,17,9206,53,2,3,80,101
408209.8819340816,0.008,Comp0054,DNS0002,17,5053,53,2,2,136,71
408211.07088649477,0.223,Comp0050,DNS0002,17,24689,53,4,3,85,118
408213.2961071774,16.328,Comp0041,Web0005,6,9375,443,9,14,2415,9672
408214.02098381135,23.757,Comp0079,DC0002,6,14272,445,9,280,1764,13045
408216.1094248651,0.356,Comp0016,Web0003,6,16044,443,3,34,1807,1639
408217.1498897391,2.333,Comp0079,Proxy0002,6,48948,3128,7,23,2771,2648
408232.02156489843,0.965,Comp0034,DNS0002,17,23248,53,3,2,107,265
408244.52002287994,0.106,Comp0058,Web0002,6,19294,443,9,87,315,3007
408244.7736800227,0.017,Comp0025,Proxy0002,6,3129,3128,11,113,393,12600
408250.3481327131,0.191,Comp0062,DNS0001,17,55640,53,3,2,42,57
408252.62600519304,0.02,Comp0023,DNS0002,17,22623,53,2,3,36,53
408283.8902274152,4.308,Comp0040,DC0002,6,11551,445,14,214,1228,1726
408305.26195264055,5.577,Comp0034,Web0006,6,48007,80,13,30,85,22436
408312.4672372871,0.12,Comp0045,DNS0002,17,12118,53,2,3,48,126
408318.1164717948,0.07,Comp0035,DNS0001,17,18023,53,3,3,66,204
408327.61425470485,6.252,Comp0075,DC0001,6,52746,88,10,5,267,674
408344.64876874664,4.83,Mail0002,Ext0037,6,23504,25,4,7,645,1128
408351.562631874,1.547,Comp0016,Proxy0002,6,36499,3128,33,59,665,16892
408355.0392592902,0.063,Comp0054,DNS0002,17,23099,53,2,2,65,210
408375.468061193,2.416,Proxy0002,Ext0031,6,10599,443,29,11,342,6654
408376.9316571857,0.054,Comp0062,DNS0002,17,54500,53,2,3,131,47
408380.4659350359,16.87,Comp0013,FS0003,6,33459,445,24,81,1388,10163
408389.35330600175,0.431,Comp0073,DNS0001,17,52076,53,2,3,72,132
408396.35759580607,24.07,Comp0078,Comp0051,6,25546,445,12,596,2532,375
408398.0252043766,0.128,Comp0030,DNS0002,17,9130,53,2,2,86,78
408401.45015556115,1.208,Comp0033,Web0004,6,5782,443,3,18,12150,1392
408408.51071888395,5.45,Comp0006,Proxy0002,6,30279,3128,11,23,365,4449
408415.2147059489,0.034,Comp0078,Mail0001,6,38279,587,4,21,746,479
408419.659697751,0.142,Comp0037,DNS0001,17,3878,53,2,2,40,108
408420.325750971,2.975,Comp0068,Mail0002,6,26119,993,5,7,804,594
408423.19377132464,0.271,Comp0032,DNS0001,17,52831,53,3,3,34,78
408428.9045130818,5.487,Comp0078,Comp0049,6,17748,22,4,6,264,361
408433.8914490453,6.294,Comp0064,Proxy0001,6,37246,3128,16,369,1494,8403
408454.22378780704,1.49,Comp0040,Web0002,6,19613,443,11,63,748,1994
408461.9493366253,4.15,Comp0001,Proxy0002,6,7886,3128,21,17,727,83655
408463.7696647012,0.307,Comp0020,FS0003,6,43909,445,18,54,795,9711
408469.3973820881,4.385,Comp0006,Web0001,6,12325,135,3,6,1046,90
408474.64412544307,1.082,Comp0077,DNS0002,17,5019,53,2,3,37,180
408491.69788577006,0.028,Comp0077,DNS0002,17,59628,53,3,2,137,100
408542.71881319233,2.561,Comp0049,Proxy0002,6,27422,3128,19,23,2129,12946
408546.44065897557,14.997,Comp0017,Web0001,6,50636,443,16,48,788,1548
408580.94285242166,6.496,Comp0039,Web0006,6,2016,443,18,86,1934,5429
408582.1448736285,0.325,Comp0038,DNS0002,17,64672,53,3,3,70,95
408583.473278265,0.105,Comp0078,Web0004,6,57690,443,8,19,4420,25249
408584.7490355067,0.16,Comp0037,DNS0002,17,9732,53,3,3,49,220
408604.1932187124,2.176,Comp0006,Proxy0001,6,50397,3128,13,83,395,10880
408604.2407011269,0.02,Comp0011,Web0003,6,59344,443,4,38,535,4037
408613.2496940977,1.079,Comp0076,DC0001,6,41834,88,4,8,787,146
408614.91554694466,0.014,Comp0058,DNS0001,17,28843,53,2,2,57,206
408619.82277431455,0.76,Comp0016,FS0002,6,9254,445,9,27,3087,3971
408631.1517296178,1.67,Comp0012,Web0006,6,11903,443,6,21,894,30321
408641.16599637293,10.933,Comp0078,Comp0076,6,37655,445,5,201,3596,367
408651.69399751315,4.868,Comp0042,Web0006,6,12945,443,8,22,2220,2734
408659.9068914854,0.11,Comp0046,DNS0002,17,52442,53,3,3,66,302
408660.9435528492,0.896,Mail0001,DC0001,6,13171,389,7,8,587,449
408666.10720650386,5.17,Comp0036,Mail0002,6,38874,993,8,5,435,514
408697.6142112494,1.897,Comp0054,DC0001,6,6333,445,15,53,3826,70207
408715.5483062771,6.743,Proxy0002,Ext0033,6,33773,443,12,39,441,18127
408724.4204965966,0.115,Comp0054,DNS0001,17,42676,53,3,3,102,148
408738.41266536876,0.076,Comp0060,DNS0002,17,4463,53,2,2,76,324
408738.5390961602,0.095,Comp0077,DNS0002,17,61883,53,2,2,67,156
408751.7648011498,1.246,Comp0058,DC0001,6,57371,88,6,4,1024,1126
408756.56388210546,20.644,Web0006,DB0001,6,4442,5432,35,120,3834,8147
408760.52987433097,3.581,Comp0058,Comp0011,6,34556,3389,4,4,360,441
408764.9703178683,0.169,Comp0045,DNS0002,17,8752,53,2,2,94,120
408773.3436739086,0.729,Comp0006,Comp0003,6,65095,135,6,3,847,77
408773.46448727296,1.315,Comp0059,DC0002,6,50045,88,4,13,975,334
408813.12261295225,34.541,Comp0079,DC0001,6,8064,445,10,37,592,37469
408816.33242455346,0.067,FS0001,DNS0001,17,51139,53,4,2,53,90
408818.960457119,17.395,Comp0012,DC0001,6,24060,445,70,280,4708,32867
408833.61184532015,5.091,Comp0048,Web0005,6,32080,443,33,49,186,4545
408841.8237110143,0.157,Comp0058,DNS0002,17,64973,53,2,2,113,177
408850.8984993681,1.985,Comp0024,FS0002,6,31391,445,13,18,519,64567
408860.41362048296,6.501,Comp0064,FS0003,6,57278,445,27,84,11347,5293
408868.4033591374,0.42,Comp0053,DNS0001,17,46339,53,2,3,150,141
408909.85007095005,0.83,Comp0018,DC0001,6,31200,389,3,3,132,1659
408917.8049708707,0.381,Comp0024,DNS0001,17,25443,53,2,3,114,155
408957.49781785934,6.952,Comp0006,Comp0051,6,29526,445,14,155,154,410
408963.09596782894,16.314,Web0004,DB0004,6,53431,3306,182,20,1523,54622
408967.7722263387,4.018,Comp0031,Web0005,6,25964,443,8,49,510,11100
408979.2062854805,5.553,Comp0034,DC0001,6,1145,88,3,35,2021,691
408993.76134052017,1.001,Comp0014,Web0003,6,61003,443,13,12,135,85196
409015.891957131,6.0,Comp0048,Proxy0002,6,28495,3128,29,31,263,17846
409017.42252713646,1.395,Proxy0001,Ext0006,6,48373,80,9,57,855,1549
409036.12805960374,0.002,Comp0064,DNS0001,17,20038,53,3,3,57,169
409043.2206830512,0.061,Comp0030,DNS0001,17,37567,53,2,2,54,98
409047.9248223952,2.274,Comp0045,Proxy0001,6,16944,3128,7,33,1229,4831
409059.1493453086,3.893,Comp0046,Web0003,6,47302,80,16,30,2273,986
409119.75542793656,0.218,Comp0033,DNS0002,17,55437,53,2,3,36,234
409139.33053540136,0.043,Comp0064,DNS0001,17,40686,53,2,2,41,319
409164.99057275534,2.405,Comp0056,DC0002,6,40749,389,6,6,962,729
409176.12850227783,20.019,Comp0005,DC0002,6,28819,445,5,90,1616,49541
409199.1966443293,0.332,Comp0078,Comp0066,6,50318,22,3,17,224,26
409240.89751750405,2.87,Comp0056,Proxy0002,6,2423,3128,7,44,1543,8419
409242.46893745876,15.511,Comp0052,Mail0001,6,55713,587,4,8,56,495
409244.69502169936,0.155,Comp0017,DNS0002,17,10516,53,2,3,32,295
409255.1748421275,4.302,Mail0001,Ext0019,6,36950,25,4,16,1180,823
409257.2816785721,1.144,Comp0023,DNS0001,17,25905,53,3,3,70,197
409284.2739627427,1.285,Comp0056,Mail0002,6,21984,993,6,13,1057,521
409287.1639358459,0.013,Comp0012,DNS0001,17,43574,53,3,3,59,107
409319.8645751373,2.716,Comp0014,Web0001,6,28584,443,14,14,3972,5443
409322.38465937646,0.095,Comp0071,DNS0002,17,11355,53,2,2,38,133
409328.6122115338,14.567,Web0004,DB0002,6,64678,3306,13,101,924,25310
409365.1948799514,1.507,Comp0057,DC0002,6,32070,389,21,4,445,703
409392.63110705605,2.54,Comp0015,DC0001,6,49795,88,4,6,118,612
409406.6823419427,1.975,Comp0020,DC0001,6,59444,389,10,7,295,1417
409408.7020802897,1.891,Comp0072,DC0001,6,30640,389,4,7,801,332
409411.5351600235,3.476,Comp0071,Proxy0001,6,52440,3128,8,22,634,14335
409417.62197992514,2.639,Comp0036,Web0001,6,19335,80,10,52,3719,43292
409422.6807518137,0.283,Comp0032,DNS0001,17,52627,53,3,2,41,176
409426.3220083227,1.882,Comp0060,Web0002,6,13052,443,6,15,1705,20924
409449.9211531315,8.635,Comp0060,Web0002,6,41579,443,3,27,247,32361
409490.73027682357,7.889,Web0003,DB0004,6,43174,5432,41,81,8656,8078
409505.8084555179,1.722,Comp0008,Web0002,6,23167,443,17,46,1408,5992
409510.9299289479,12.626,Web0001,DB0004,6,57234,3306,30,18,960,82071
409518.75192967575,13.306,Proxy0001,Ext0016,6,13439,443,7,60,209,8808
409531.7474743566,2.076,Comp0074,Web0006,6,64887,443,7,23,445,43532
409533.35148586554,0.105,Comp0038,DNS0001,17,58224,53,2,2,98,108
409536.0592653012,0.755,Comp0003,Web0001,6,4110,80,4,11,496,1121
409547.3251269534,4.457,Comp0035,Web0002,6,10111,443,25,11,1180,23854
409561.7081805242,0.073,Comp0039,DNS0001,17,19740,53,3,2,56,90
409571.0354083558,0.091,Comp0077,DNS0002,17,22068,53,3,3,48,76
409573.6224154014,6.82,Proxy0002,Ext0030,6,40231,80,12,82,781,13835
409582.98262010916,4.625,Comp0012,Web0002,6,42239,443,12,48,668,1819
409584.71035537275,0.856,Comp0061,Web0004,6,25718,443,10,19,164,3363
409586.07895493763,0.115,Comp0020,DNS0001,17,31831,53,2,2,46,193
409587.0102622627,8.606,Proxy0002,Ext0016,6,56545,443,7,39,1129,2567
409602.6392044164,0.04,Comp0078,DNS0002,17,65047,53,2,2,50,200
409694.27331924904,0.3,Comp0074,DNS0001,17,41552,53,3,2,58,178
409697.37904750486,6.573,Comp0014,Proxy0002,6,14181,3128,5,47,817,6496
409704.56961983134,0.892,Comp0008,Web0006,6,41143,443,7,31,380,6792
409711.74720054434,0.546,Comp0033,DNS0001,17,8225,53,3,3,34,135
409719.53654294775,2.088,Comp0024,Proxy0001,6,51518,3128,12,15,307,20023
409728.652707323,10.412,Comp0039,Mail0002,6,8025,993,5,5,339,351
409736.0573118189,2.226,Comp0076,Proxy0001,6,57010,3128,8,111,802,722
409741.3441784894,9.077,Comp0029,DC0001,6,49692,445,11,118,995,10240
409744.42491940904,0.001,Comp0035,DNS0001,17,3822,53,3,2,73,115
409749.98237183545,2.916,Proxy0002,Ext0036,6,15796,80,24,55,973,12107
409758.4389647576,3.426,Comp0067,Proxy0002,6,11379,3128,5,54,308,11688
409761.8785568876,0.541,Comp0009,Web0002,6,54745,80,11,71,3078,29752
409779.4822564127,0.052,Web0006,DNS0002,17,36363,53,3,2,49,107
409791.18112944695,22.942,Web0001,DB0002,6,31493,5432,79,355,735,8843
409795.8375244844,0.165,Proxy0001,Ext0025,6,1447,443,15,161,772,11309
409824.13241974986,15.265,Comp0055,Mail0001,6,11833,587,3,3,377,760
409878.86977488693,0.371,Comp0001,DNS0002,17,6493,53,2,2,109,160
409886.0298687548,1.839,Comp0050,Web0002,6,7045,443,4,18,3073,10766
409898.4358378482,0.035,Comp0069,Proxy0001,6,44701,3128,7,14,2216,9899
409910.0302845853,6.087,Web0001,DC0001,6,17471,389,7,6,145,157
409913.18416520423,0.032,FS0001,DNS0001,17,7693,53,2,3,144,206
409948.931478788,0.004,Comp0044,DNS0002,17,27920,53,2,2,62,159
409963.51475660445,0.306,Comp0030,DC0002,6,51478,88,4,2,398,3579
409986.11093216145,0.004,Comp0038,Web0003,6,38705,443,14,152,3775,15415
409986.15478235425,0.177,Comp0073,DNS0001,17,36989,53,2,3,76,171
409986.26526837354,2.046,Comp0057,Web0004,6,32713,80,5,37,378,4152
410002.1542393854,14.614,Comp0018,DC0001,6,40309,445,21,90,421,2035
410012.780078331,0.033,Comp0022,DNS0001,17,30037,53,2,3,103,121
410024.0831219002,1.28,Comp0051,DC0001,6,61777,88,5,6,206,1468
410029.4140158058,3.957,Comp0078,Proxy0001,6,55486,3128,15,45,959,22251
410055.7687469317,5.318,Web0005,DB0003,6,32714,5432,50,638,1002,108879
410067.957463426,0.076,Comp0050,DNS0001,17,51474,53,3,3,50,113
410074.98312250007,23.231,Comp0011,FS0001,6,30639,445,11,110,4501,15991
410087.53230647795,4.164,Comp0050,Web0003,6,18423,443,65,7,3450,26470
410107.5077408934,1.042,Comp0035,Web0006,6,29816,443,8,64,452,6045
410128.45179629547,0.053,Comp0080,DNS0002,17,48780,53,2,2,59,155
410143.96625569346,3.888,Comp0068,Proxy0002,6,45976,3128,19,37,7269,8254
410163.2426439248,3.385,Comp0006,Web0002,6,50951,135,18,7,260,5
410173.5928530039,1.744,Comp0043,Web0005,6,20554,80,6,14,563,13283
410195.1930802931,0.226,Comp0048,DNS0002,17,32724,53,3,2,74,115
410199.3316328148,10.839,Comp0043,Web0005,6,45450,443,13,68,3081,44116
410219.0545092104,6.059,Comp0010,DC0002,6,22773,88,4,5,748,1067
410219.23008019157,0.284,Comp0040,DC0001,6,32228,389,7,6,646,240
410227.63912122964,0.132,Comp0023,DNS0002,17,28544,53,3,2,84,71
410232.4863451884,3.773,Mail0002,Ext0013,6,7988,25,6,45,196,1532
410253.64294501836,8.899,Web0003,DB0004,6,53298,3306,14,1061,701,10621
410258.1112287489,10.633,Comp0054,Proxy0001,6,48377,3128,12,30,617,7571
410264.21698199224,0.181,Proxy0002,Ext0028,6,30633,80,3,39,1484,1074
410268.6556461488,0.847,Comp0026,DNS0001,17,27607,53,2,2,22,168
410307.9229662815,0.592,Proxy0001,Ext0002,6,52534,443,12,39,1082,5313
410329.89862805605,3.262,Comp0063,Web0006,6,38936,443,5,24,794,1256
410347.21929083933,4.378,Comp0063,Web0003,6,50868,443,13,271,593,8140
410356.4651363257,2.151,Comp0060,DC0001,6,37376,389,4,21,134,1470
410383.7016623506,0.334,Comp0033,Web0002,6,35979,443,6,40,1260,8188
410384.53992929345,1.335,Comp0070,Proxy0002,6,58044,3128,6,85,113,2649
410406.34995233244,1.424,Comp0070,Web0006,6,19774,80,17,15,731,4656
410407.5232777868,0.02,Comp0080,DNS0001,17,17607,53,3,2,61,490
410419.0527447603,3.005,Comp0045,Web0004,6,12974,443,7,136,284,18224
410428.4093846319,1.102,Comp0007,Web0002,6,27052,443,4,81,4818,1103
410444.7848841439,0.271,Comp0020,DNS0002,17,6668,53,2,2,48,179
410446.7417215659,3.786,Comp0079,Web0001,6,7680,443,8,26,470,10069
410449.5145449544,2.347,Comp0006,Comp0012,6,44596,3389,6,7,215,14
410472.49407433695,1.56,Proxy0001,Ext0006,6,25231,80,14,39,828,2914
410479.7080711179,1.351,Comp0020,Mail0002,6,16861,993,10,11,315,393
410483.40423952497,20.816,Comp0030,Web0006,6,6137,80,10,46,845,2226
410484.6973983435,0.041,Comp0077,DC0002,6,26933,88,9,20,757,124
410491.9315993918,0.441,Comp0070,DNS0001,17,6598,53,2,2,44,232
410503.3335076513,0.015,Comp0037,DNS0002,17,55902,53,2,2,43,82
410510.62430055323,0.141,Comp0040,DNS0002,17,39859,53,2,3,64,113
410511.6939094756,0.192,Comp0071,DNS0001,17,6724,53,2,3,58,69
410530.0190667972,1.16,Comp0006,Comp0011,6,6054,135,4,4,162,38
410535.60772419826,0.005,Comp0028,DNS0001,17,6863,53,3,3,73,238
410541.6745578854,0.081,Proxy0002,DNS0001,17,53932,53,2,2,51,109
410553.69647048437,7.082,Comp0077,DC0002,6,35705,389,5,9,890,1866
410560.9101515024,2.177,Comp0051,DC0001,6,27520,389,5,5,437,413
410615.44605444605,5.181,Comp0017,Web0005,6,3725,443,24,18,413,7327
410624.98413251294,1.046,Mail0001,DNS0002,17,8943,53,2,2,76,182
410631.3175944373,1.368,Comp0054,Mail0002,6,64520,993,4,17,602,1595
410637.93428982445,5.919,Comp0003,Mail0001,6,10488,587,2,16,120,1505
410639.0656608728,0.113,DC0001,DNS0001,17,37142,53,2,3,109,192
410648.8679820095,3.476,Comp0071,Proxy0001,6,37077,3128,36,10,380,2764
410655.0607088708,2.273,Comp0070,Web0002,6,10926,80,5,79,1280,31416
410670.23652805167,1.277,Comp0032,Proxy0001,6,59482,3128,6,26,744,18308
410678.5962764139,14.27,Comp0041,FS0003,6,13860,445,66,60,1476,6081
410688.2745589612,0.047,Comp0056,DNS0002,17,51268,53,3,3,70,216
410703.73312324204,0.875,Mail0001,DNS0001,17,42105,53,2,2,82,162
410731.90679678286,15.857,Comp0023,FS0003,6,1598,445,47,28,2710,4837
410742.39020320337,0.123,Comp0038,DNS0002,17,18591,53,3,3,66,221
410750.50889607007,0.189,Comp0012,Web0005,6,20729,80,12,7,1098,18416
410767.0727316471,2.575,Comp0075,DC0001,6,56143,88,4,8,1258,1891
410770.2519542653,3.21,Comp0009,Mail0002,6,52232,587,7,12,325,1179
410796.0902911631,14.878,Comp0061,Web0001,6,54464,443,9,19,151,9862
410797.531034968,3.322,Comp0040,FS0003,6,33051,445,8,91,337,71981
410814.59826561325,2.689,Comp0012,Web0003,6,20643,443,8,19,828,12576
410850.36643811886,0.637,Comp0071,Web0003,6,19966,443,11,5,3584,10001
410877.3870858855,14.885,Comp0023,Web0001,6,36921,80,19,67,256,2860
410893.71880154725,2.941,Comp0060,DC0001,6,30548,88,4,9,221,425
410901.5819446336,0.042,Comp0037,DNS0001,17,31672,53,4,2,87,121
410902.9119299089,9.396,Mail0002,Ext0014,6,2886,25,6,7,207,220
410904.8554889466,0.102,Comp0021,DNS0001,17,43052,53,3,3,125,282
410906.1794926392,8.149,Comp0034,Web0005,6,56889,443,8,45,170,2776
410956.70631597855,21.274,Comp0078,FS0001,6,8397,445,12,139,665,1386
410958.16894808994,0.044,Comp0005,DNS0002,17,22938,53,2,3,97,41
410981.47661626415,13.235,Comp0066,Web0003,6,32851,80,8,19,242,1302
411008.57448245544,1.757,Comp0032,Web0003,6,15810,443,9,14,608,8396
411018.32429807034,0.045,Comp0030,DNS0001,17,25368,53,2,2,70,101
411032.85333378904,2.709,Comp0017,Web0004,6,50473,443,5,31,1340,4640
411041.3640834609,0.185,FS0001,DC0002,6,59834,88,8,5,104,588
411049.8485637545,10.812,Comp0042,Proxy0002,6,28589,3128,10,35,618,3580
411098.10341037426,0.775,Comp0063,Web0001,6,20187,443,13,21,1162,3333
411098.86195473874,1.254,Comp0042,Web0002,6,40913,443,14,21,5074,6747
411109.95729913923,11.282,Comp0068,Web0004,6,23054,443,11,19,702,1188
411125.9288673106,0.049,Comp0080,DNS0002,17,63609,53,3,3,37,209
411128.1361833085,2.836,Comp0048,Web0006,6,33567,443,2,45,344,16339
411144.9538045935,3.202,Comp0035,FS0003,6,51977,445,28,83,678,129897
411154.40575083817,2.572,Comp0040,FS0001,6,1233,445,26,17,2093,46865
411156.3107004884,8.309,Comp0047,FS0001,6,39469,445,27,207,1937,3841
411186.0115143674,0.315,FS0001,DNS0001,17,53394,53,3,2,52,131
411186.29493499896,8.628,Proxy0001,Ext0025,6,42671,80,11,32,302,1437
411188.3790841537,0.246,Comp0031,DNS0001,17,36329,53,2,3,88,99
411190.6664575148,0.292,Comp0012,DNS0002,17,11526,53,3,2,43,224
411202.9787606638,0.363,Comp0023,DNS0001,17,65051,53,2,3,46,63
411206.3654803487,0.737,Proxy0001,Ext0036,6,33075,443,6,21,404,3215
411215.61659694946,2.007,Comp0027,DC0002,6,1324,445,7,264,317,22376
411230.20237110555,6.803,Comp0066,Web0006,6,52788,443,9,29,280,14022
411249.87320135126,0.147,Comp0006,Comp0078,6,31655,22,9,10,339,13
411251.0771113035,4.711,Comp0032,FS0003,6,14263,445,9,342,1446,1499
411251.0781624658,11.099,Comp0007,DC0001,6,50948,88,5,6,320,173
411262.0382458244,7.343,Web0004,DB0002,6,48060,3306,6,125,2016,5384
411275.6814132491,0.944,Comp0018,DNS0001,17,12095,53,4,2,54,197
411285.56493995845,1.495,Comp0011,Mail0002,6,59259,993,6,17,92,715
411298.3934775514,18.091,Comp0034,DC0001,6,47550,445,76,8,1941,8081
411327.56309124985,0.04,Comp0079,Mail0002,6,29764,587,3,7,719,191
411357.3939771936,7.032,Comp0069,FS0001,6,22080,445,4,688,1622,10426
411399.5608188706,0.167,Comp0045,DNS0001,17,39090,53,2,2,60,126
411431.5199019556,1.522,Comp0052,Mail0001,6,57557,993,3,4,452,218
411485.63136519893,0.033,Comp0011,DNS0002,17,31880,53,2,3,72,97
411529.93167137186,2.113,Comp0070,DC0001,6,21636,389,4,17,246,717
411547.9779336952,48.133,Comp0006,Comp0003,6,44374,445,47,112,849,1002
411553.96018140425,0.207,Comp0004,DNS0001,17,48840,53,2,3,36,191
411584.6184604486,2.388,Comp0011,FS0001,6,4361,22,1,12,608,1165
411648.134659039,0.179,Comp0020,DNS0002,17,62761,53,2,4,103,189
411692.0616918578,2.622,Comp0006,Comp0051,6,7512,135,7,7,390,58
411692.32901283825,2.832,Comp0063,Proxy0001,6,41565,3128,14,15,493,12646
411778.24797243497,0.084,Comp0045,DNS0002,17,23874,53,2,2,84,135
411811.0119438206,34.623,Proxy0002,Ext0004,6,5744,443,14,15,881,12768
411823.4049809114,5.572,Comp0040,Proxy0001,6,60045,3128,15,33,3696,70403
411841.6601749499,0.037,Comp0063,DNS0002,17,49393,53,3,2,106,283
411851.36698030506,0.02,Web0005,DNS0001,17,9966,53,2,2,54,91
411886.39486065734,0.553,Comp0046,Web0001,6,60006,443,7,79,1816,9791
411898.72011487593,3.998,Comp0073,Web0001,6,58177,443,11,35,1141,3465
411909.0846066091,0.076,Comp0017,DNS0001,17,28482,53,2,2,64,73
411923.2468708713,0.189,Comp0074,DNS0002,17,62135,53,2,2,55,92
411935.06202006334,0.311,DB0002,DNS0001,17,8633,53,2,3,56,141
411939.0305607987,11.517,Proxy0002,Ext0029,6,52866,80,20,40,240,3020
411941.3588883282,4.432,Comp0047,Proxy0001,6,55098,3128,4,24,97,2979
411943.74944507476,0.152,Web0006,DNS0002,17,9633,53,3,2,75,56
411958.20107750496,0.947,Comp0014,Proxy0002,6,56085,3128,6,239,789,2503
411974.50307420123,20.73,Comp0074,FS0003,6,44921,445,30,122,2323,3768
412003.23600883665,0.271,Comp0041,DNS0001,17,44467,53,2,2,128,108
412048.9703366706,1.548,Comp0079,Mail0001,6,21418,993,5,12,215,342
412054.0863439605,21.57,Web0003,DB0003,6,26040,3306,20,101,1489,18287
412067.9333167559,0.236,Web0002,DNS0001,17,23047,53,2,2,83,235
412068.2462267563,14.553,Comp0002,FS0001,6,37443,445,28,86,8258,66072
412103.5417589912,10.0,Comp0071,Web0005,6,43887,443,4,71,1267,57556
412133.9818360189,0.367,Comp0061,DNS0001,17,3062,53,2,4,70,212
412144.4248192032,0.468,Comp0028,Web0005,6,42628,80,9,32,311,11577
412172.31666776375,0.078,Comp0034,DNS0002,17,34640,53,2,2,52,94
412201.648340826,0.148,Comp0002,DNS0001,17,47302,53,2,2,55,456
412250.57572387153,17.27,Comp0038,Proxy0001,6,51284,3128,12,39,156,4500
412326.98011168296,0.322,Comp0030,DNS0002,17,5156,53,3,3,89,158
412332.845122876,0.101,Comp0054,DNS0002,17,20299,53,2,2,112,166
412347.60341862676,5.34,Mail0001,Ext0013,6,51199,25,6,12,465,2186
412350.77627439465,0.282,Comp0020,DNS0002,17,31995,53,2,3,34,106
412351.602235956,1.342,Comp0014,DC0002,6,13936,389,5,6,472,652
412368.2677534197,0.87,Comp0029,Mail0002,6,28285,587,3,2,239,960
412407.76837281307,1.031,Comp0017,Web0004,6,38701,443,15,49,259,9692
412409.19587698614,1.454,Comp0067,Web0002,6,44304,443,16,34,1994,4603
412420.45569705893,8.276,Comp0024,FS0001,6,43632,445,13,39,5960,65861
412429.69919804344,1.154,Comp0075,DNS0002,17,9908,53,2,2,91,160
412433.7492978483,8.683,Proxy0002,Ext0026,6,53171,80,10,22,332,5407
412470.83155410085,0.043,Comp0008,DNS0001,17,11824,53,2,3,68,109
412490.4707880941,3.118,Comp0023,DC0001,6,17231,88,20,5,188,2313
412522.6701017467,0.271,Comp0007,DNS0001,17,30484,53,3,4,69,90
412526.4031660492,5.705,Comp0055,FS0001,6,40599,445,19,67,833,79100
412591.52610902494,7.055,Web0006,DB0002,6,51553,3306,11,53,4048,13617
412593.0506601154,8.787,Comp0036,DC0002,6,25738,88,15,4,151,1421
412595.56371900556,8.758,Comp0017,FS0002,6,24521,445,14,257,1270,5631
412634.9925105673,0.655,Comp0048,Web0001,6,16070,80,3,74,1226,11273
412635.98601129773,0.271,Comp0059,DNS0001,17,18910,53,3,3,83,38
412650.94278724794,3.619,Comp0055,Proxy0001,6,62443,3128,10,18,100,10744
412657.9903101907,0.342,Comp0037,Proxy0002,6,23559,3128,17,45,231,1903
412700.48081915634,0.17,Proxy0001,DNS0001,17,63247,53,2,2,93,111
412705.3194275824,0.903,Comp0025,Comp0011,6,36635,3389,3,19,604,583
412709.38134992047,6.431,Comp0073,Web0005,6,21789,80,3,94,754,18971
412748.40221083065,23.161,Web0006,DB0003,6,54165,5432,14,140,1625,64671
412749.3264203196,4.532,Web0006,DB0002,6,38581,3306,23,28,2629,48504
412754.27549042157,0.895,Comp0080,Web0002,6,13819,443,5,10,171,7529
412764.91672453226,0.309,Comp0056,DNS0001,17,60011,53,2,2,166,159
412769.7657495589,4.837,Comp0004,DC0002,6,49619,389,4,9,852,706
412798.0821295377,0.31,Comp0012,DNS0001,17,37728,53,2,2,53,148
412812.7192026139,0.349,Mail0001,DNS0002,17,58087,53,3,2,68,410
412822.3943450665,2.938,Comp0002,Web0006,6,51034,443,24,48,776,6956
412903.4183807251,7.762,Comp0038,Proxy0002,6,60251,3128,8,57,1477,11320
412922.2490835863,4.195,Comp0014,Comp0011,6,53493,3389,2,4,346,380
412925.34641762346,0.688,Comp0074,DC0001,6,34933,389,2,17,256,319
412934.0011309442,3.405,Comp0005,Comp0011,6,47298,3389,5,7,363,981
412941.3489585321,15.584,Proxy0002,Ext0016,6,8703,80,11,41,562,2454
412955.9149912968,1.861,Comp0015,Mail0001,6,5304,587,4,3,480,701
412962.3589192831,0.01,Comp0028,DNS0001,17,12549,53,2,3,82,283
412963.2006520414,0.074,Comp0027,DNS0002,17,12764,53,2,2,73,210
412973.8217840131,3.54,Proxy0001,Ext0002,6,48075,443,6,109,1920,7745
413001.4906972266,2.353,Comp0025,Proxy0002,6,46994,3128,15,67,2472,23928
413010.4661502012,0.428,Proxy0001,Ext0038,6,49675,443,10,61,949,3318
413050.7366993783,1.459,Comp0036,DC0002,6,16167,88,10,7,303,453
413062.5678561595,2.158,Comp0045,FS0002,6,18978,445,31,66,15634,23031
413087.7962836302,4.766,Comp0008,Web0001,6,12892,80,3,19,824,47025
413103.8740880999,3.513,Proxy0002,Ext0005,6,60198,80,6,66,1237,1606
413112.77100327786,0.854,Proxy0002,Ext0011,6,42825,80,17,24,1503,2120
413113.03151525266,0.085,Comp0035,DNS0002,17,44780,53,2,2,55,250
413115.1862960607,2.121,Web0006,DB0004,6,29301,3306,29,240,4040,47840
413158.6303602108,0.733,Comp0078,Comp0025,6,18968,22,5,6,482,56
413181.25803898496,1.966,DB0001,DC0001,6,40565,389,6,13,336,1846
413194.54047373065,8.32,Comp0006,Comp0048,6,14473,3389,12,5,2338,29
413203.0822148561,0.071,FS0003,DNS0001,17,26515,53,2,2,60,172
413246.7375248707,52.121,Web0006,DB0004,6,10048,3306,17,14,490,8939
413249.13089926046,0.823,Proxy0001,Ext0017,6,58591,443,3,9,398,342
413264.36763974756,0.003,Comp0080,DNS0002,17,12984,53,2,2,50,234
413286.83176937193,0.069,FS0001,DNS0002,17,3248,53,2,3,63,112
413300.34363433335,2.588,Comp0024,Proxy0002,6,1356,3128,5,60,856,12060
413397.01953641954,0.102,Comp0052,DNS0001,17,5076,53,2,3,70,133
413403.82800081954,15.204,Web0003,DB0001,6,9477,3306,18,98,1793,65987
413410.8178651689,3.073,Proxy0002,Ext0032,6,28891,443,7,33,714,27951
413429.5208691817,0.185,Comp0053,DNS0002,17,7786,53,2,2,54,221
413437.20268703555,0.204,Comp0051,DNS0002,17,24429,53,2,3,60,200
413546.9553173248,24.85,Comp0005,Web0004,6,52085,443,10,23,693,13437
413551.8426382801,0.264,Comp0019,Web0006,6,19678,443,10,45,567,11460
413556.17955279077,0.046,Comp0071,DNS0001,17,27577,53,2,2,64,181
413574.3636902564,9.495,Comp0047,Mail0002,6,45558,993,6,3,779,443
413574.87029035593,8.356,Comp0011,FS0001,6,40620,445,53,579,2664,2167
413599.3205165525,0.554,Comp0001,FS0003,6,6198,445,5,111,221,4608
413611.8697502847,1.197,Proxy0001,Ext0037,6,5669,443,12,42,1311,102306
413666.0341717808,0.046,Comp0006,DNS0001,17,17315,53,3,2,52,168
413667.55771788163,5.838,Comp0075,FS0003,6,39108,445,33,170,1424,12582
413682.7828067145,5.565,Comp0078,Web0005,6,44058,443,16,9,4194,17013
413730.52747001604,25.231,Web0004,DB0002,6,22385,3306,19,45,182,8142
413772.79212618875,0.22,Comp0041,DNS0002,17,22493,53,2,2,50,113
413800.6363206471,0.253,Comp0071,DNS0002,17,38095,53,3,2,48,411
413859.1027414154,0.036,Comp0016,DNS0002,17,62802,53,3,2,85,156
413872.0806228727,3.215,Comp0045,Proxy0001,6,11228,3128,18,65,5795,10719
413877.64817538665,6.911,Comp0060,FS0002,6,58909,445,35,45,2043,67013
413895.26624231006,8.354,Comp0024,Web0002,6,61662,443,8,19,256,3598
413912.13905777456,9.342,Comp0037,DC0001,6,12001,445,9,176,891,103610
413937.81974869623,0.692,Comp0018,Proxy0002,6,34259,3128,5,106,208,33868
413949.1315167391,1.576,Comp0080,Web0002,6,48184,443,4,26,562,1120
413986.7047295516,0.042,Web0002,DNS0001,17,32525,53,2,2,41,233
414045.8406937786,2.352,Mail0001,Ext0001,6,50343,25,8,9,710,1960
414082.17030243645,1.351,Comp0006,Comp0050,6,7455,3389,5,6,2088,14
414093.8610109914,0.298,Web0005,DNS0002,17,22924,53,2,3,47,137
414112.45208882994,0.152,Proxy0002,DNS0001,17,40239,53,2,3,64,112
414126.94326720195,2.327,Comp0002,Mail0002,6,23172,993,5,2,654,421
414131.80984875583,0.415,Web0006,DB0003,6,62571,3306,15,80,1541,36248
414143.81184442935,0.367,Comp0022,Web0006,6,2920,443,9,123,627,30904
414146.8243306623,1.722,Comp0006,Comp0045,6,17985,135,2,3,506,6
414152.8759627687,0.611,Proxy0001,Ext0030,6,13357,443,11,204,240,2169
414183.5910745262,8.92,Comp0060,Web0006,6,49242,443,16,19,1275,4730
414191.73609827895,0.664,Comp0078,Comp0028,6,28714,3389,6,7,984,78
414221.4219848062,10.648,Mail0002,Ext0008,6,47048,25,4,3,142,587
414236.29435267614,0.104,Proxy0002,DNS0002,17,32050,53,3,3,92,210
414261.7655187745,4.514,Web0006,DC0001,6,28624,389,5,3,916,359
414299.62287518836,18.638,Comp0042,FS0002,6,64357,445,13,168,2818,3515
414319.08115037036,21.274,DB0004,DC0001,6,21180,389,9,9,590,2380
414323.29823727114,0.107,Comp0043,DNS0001,17,49368,53,2,4,44,252
414341.5713506808,0.001,Comp0016,DNS0002,17,24237,53,4,4,50,95
414367.6462058477,1.606,Comp0062,Comp0011,6,53922,3389,15,9,612,1753
414373.5692252888,10.1,Web0006,DB0002,6,41895,5432,190,259,3537,45515
414387.2235909277,6.926,Comp0013,Web0003,6,50662,80,9,90,891,12594
414458.3094668623,2.465,Comp0006,Comp0014,6,3608,445,13,95,14072,670
414481.7428669636,0.511,Comp0077,DNS0002,17,28177,53,3,2,73,326
414482.47558752977,12.63,Comp0024,FS0001,6,63001,445,24,60,247,5874
414483.4332605703,8.806,Comp0067,Web0002,6,15097,443,4,35,952,3254
414516.03887685155,2.364,Web0003,DB0001,6,27183,3306,28,132,4749,56544
414533.08335616207,9.322,Comp0025,Web0006,6,46195,443,6,18,684,3859
414560.0002069652,1.359,Comp0006,Comp0031,6,55161,135,5,4,2174,52
414573.79709444084,0.63,Mail0001,DNS0002,17,30255,53,3,2,31,121
414597.3004549379,23.758,Web0004,DB0003,6,57980,3306,12,34,8575,11333
414618.2245373918,0.595,Comp0062,DNS0002,17,7553,53,2,2,148,272
414634.7640443359,7.911,Comp0041,FS0003,6,31096,445,60,53,1454,10401
414693.8493621226,2.224,Comp0040,DC0002,6,54839,389,8,12,1067,233
414703.0967449695,6.121,Comp0030,Proxy0001,6,37959,3128,11,8,619,20674
414730.78166373004,1.276,Proxy0001,Ext0018,6,13390,443,7,90,234,2337
414731.86373992567,20.87,Comp0024,FS0003,6,10192,445,13,324,415,100885
414793.625955806,0.003,Proxy0001,Ext0011,6,55116,80,5,110,987,7656
414856.6100459428,14.288,Web0002,DB0003,6,50295,3306,81,135,16423,20236
414894.09230845846,4.611,Comp0037,Web0005,6,22748,443,6,22,877,828
414915.1643710689,8.199,Web0002,DB0002,6,8342,5432,51,79,397,7863
414947.57331557374,0.306,Comp0003,DNS0001,17,19468,53,3,2,56,112
414959.8851983883,3.311,Comp0060,Web0001,6,5305,443,11,16,622,6884
414959.9262146999,0.177,Comp0068,DNS0001,17,32333,53,2,2,49,87
414979.01684005966,2.09,Comp0006,DNS0002,6,11664,22,5,5,184,72
414979.54875465314,4.412,Proxy0002,Ext0021,6,41062,443,10,41,188,8778
415026.7215710232,0.025,FS0002,DNS0002,17,21983,53,3,2,58,157
415049.3153974674,1.684,Comp0008,FS0001,6,45643,445,15,13,3477,18136
415063.5002876227,4.734,Comp0078,Comp0077,6,57944,135,9,5,188,298
415074.9732955685,0.477,Mail0001,Ext0033,6,64452,25,9,5,129,154
415084.1630424279,28.21,Web0002,DB0001,6,52135,5432,23,170,2195,9410
415111.19712994737,8.475,Proxy0002,Ext0032,6,25580,80,5,43,245,26044
415238.9361839966,3.467,Comp0078,Comp0014,6,11083,139,13,432,4853,2692
415259.80278617976,0.568,Mail0001,Ext0021,6,63880,25,5,11,73,984
415283.8607773353,8.78,Proxy0002,Ext0014,6,45982,443,10,44,2105,6991
415301.8886531638,1.263,Comp0076,Mail0002,6,37430,993,6,13,67,1163
415314.1872145904,0.655,Web0004,DC0002,6,63987,389,4,3,103,142
415377.3772696796,0.088,Comp0056,DNS0001,17,50328,53,2,3,107,153
415377.9463177902,2.859,Mail0001,Ext0012,6,55226,25,8,9,281,210
415449.94141184,2.606,Proxy0001,Ext0035,6,12741,443,7,37,826,3515
415458.50052551716,14.438,Proxy0001,Ext0032,6,7459,80,8,65,509,21177
415518.88226878166,3.336,Comp0039,DC0001,6,60222,88,4,4,186,1291
415525.56881626294,0.04,Comp0041,DNS0002,17,58245,53,2,4,42,124
415554.05609495565,3.102,Comp0078,Mail0001,6,62480,3389,3,12,682,23
415554.23702981346,11.243,Web0005,DB0002,6,7177,3306,25,49,4879,28995
415569.0454137762,4.415,Mail0002,Ext0020,6,15931,25,5,9,398,1010
415572.788329611,1.086,Comp0046,Web0002,6,29506,443,5,27,622,4840
415593.4636670146,56.353,Comp0048,FS0001,6,57088,445,18,635,7315,25486
415664.8953048168,2.551,Comp0074,Proxy0002,6,53656,3128,12,119,818,18962
415692.59469438414,0.702,Comp0018,Web0002,6,57492,443,4,49,486,7375
415743.0006512514,2.725,Web0002,DB0002,6,51748,3306,22,82,1131,16480
415800.7930125692,5.414,Comp0008,Web0003,6,27162,80,8,57,687,858
415853.4305436494,0.062,Proxy0002,Ext0036,6,22987,443,7,101,1845,4888
415941.65086865384,4.98,Comp0078,Comp0059,6,21707,3389,3,7,118,29
416013.14735453256,5.678,Comp0060,DC0001,6,2961,445,47,29,2608,44389
416064.5538689351,3.788,Proxy0002,Ext0038,6,14227,443,6,49,392,23590
416126.17970530747,7.334,Comp0006,Proxy0002,6,34341,3389,11,11,898,80
416148.61259909865,1.842,Comp0006,DB0001,6,29569,3389,12,5,219,57
416156.1175337011,0.15,Comp0048,Web0001,6,46026,443,32,37,195,892
416159.0901883462,43.992,Web0003,DB0002,6,16673,3306,17,181,5952,11710
416169.44194672676,0.933,Proxy0002,Ext0029,6,59738,443,17,32,2340,30866
416178.6824137548,23.833,Comp0039,Web0003,6,2770,443,4,80,4350,52517
416178.97720746335,1.882,Comp0007,Proxy0002,6,36727,3128,11,474,397,29176
416200.41585460637,3.448,Proxy0002,Ext0022,6,14655,443,4,20,331,7762
416240.17922065296,0.184,Comp0021,DNS0002,17,5531,53,2,3,48,106
416251.2271346862,2.002,Proxy0001,Ext0033,6,7636,80,14,45,1616,8096
416258.977468889,11.103,Proxy0002,Ext0032,6,28613,443,4,33,1752,3584
416304.2321539594,12.471,Comp0078,Web0005,6,49244,80,17,12,1160,4412
416304.5508132018,0.011,Comp0019,DNS0001,17,64151,53,2,2,49,118
416317.55370777333,1.278,Comp0003,Proxy0001,6,20727,3128,9,155,826,71101
416319.4333731015,1.801,Comp0042,Mail0001,6,31464,587,5,28,368,495
416337.6637038971,0.64,Comp0024,DC0002,6,26547,88,4,5,161,1638
416403.959765514,0.353,Comp0041,DNS0002,17,25004,53,2,2,74,100
416414.01273131324,0.075,FS0001,DNS0001,17,3695,53,2,2,58,101
416433.4827343542,3.788,Comp0051,DC0001,6,30694,88,6,7,380,164
416548.9929945774,0.043,Comp0053,DNS0002,17,9582,53,3,3,96,50
416555.6756459495,0.225,Comp0067,DNS0002,17,31751,53,2,2,72,64
416584.93133370683,5.193,Comp0078,Comp0065,6,36305,3389,3,6,726,21
416601.9367290061,9.413,Web0004,DB0002,6,19374,3306,29,130,725,33639
416662.42322120146,3.338,Comp0074,Web0006,6,3800,80,10,138,2099,4026
416681.33240588056,0.294,Comp0022,DNS0001,17,15531,53,3,3,108,121
416699.9231573392,1.599,Comp0029,Proxy0001,6,2817,3128,11,26,2527,59778
416721.46625282825,0.331,Comp0044,Mail0001,6,26468,587,4,9,291,1812
416730.34015566926,0.049,Comp0003,DNS0002,17,18029,53,3,2,49,63
416786.83568655635,0.264,Comp0019,DNS0002,17,45981,53,2,3,160,64
416788.8749871019,4.115,Comp0064,Web0001,6,34813,443,8,5,1644,625
416793.5351577401,0.499,Web0002,DNS0001,17,36006,53,2,2,45,317
416797.0011334182,8.489,Comp0037,Comp0011,6,6372,3389,4,12,72,584
416807.04066166404,0.205,Comp0066,Web0006,6,22332,443,3,60,1129,11613
416812.09529873007,0.555,Comp0066,Web0001,6,51540,443,5,88,656,3102
416819.6428870639,4.043,Web0005,DB0004,6,9461,5432,9,220,1131,37988
416829.8728151961,30.996,Web0003,DB0002,6,65219,3306,55,18,3391,24477
416845.6047704095,3.35,Comp0012,Web0003,6,42660,443,9,29,97,1615
416868.24104472325,6.435,Proxy0002,Ext0015,6,33312,443,9,51,553,6914
416915.7286841719,7.847,Web0004,DB0003,6,5233,5432,43,63,12960,49465
416922.6866515064,2.501,Web0003,DC0001,6,50531,389,7,10,570,1137
416926.72292598046,0.611,FS0001,DNS0001,17,64749,53,3,2,53,191
416927.789784694,0.104,Comp0019,DNS0002,17,56659,53,2,2,74,253
416983.88524016185,6.913,Comp0073,FS0002,6,58705,445,41,124,4382,2114
416990.236064429,1.576,Comp0006,Comp0079,6,60028,135,3,8,392,17
416991.08445315284,37.398,Comp0040,FS0003,6,43854,445,93,613,7070,22728
417011.070767293,0.113,FS0002,DNS0001,17,5005,53,2,3,100,164
417038.486332463,1.556,Comp0046,Web0004,6,28081,443,16,59,1916,2735
417078.1689766875,0.106,Comp0002,DNS0001,17,57619,53,2,2,112,101
417108.9677043363,0.028,Mail0002,DNS0001,17,22892,53,2,3,80,178
417199.3099029118,7.347,Comp0074,Web0001,6,15128,443,6,20,244,14879
417255.8083579675,0.235,Comp0045,DNS0002,17,14436,53,2,2,169,210
417319.3998477191,0.364,Comp0064,DNS0001,17,41340,53,2,3,68,219
417322.9263139636,4.669,Proxy0001,Ext0027,6,4257,443,8,41,800,5799
417362.87599006365,38.111,Web0005,DB0003,6,45805,5432,15,106,1065,18306
417388.46318423754,0.142,Comp0046,DNS0002,17,47114,53,2,3,54,194
417406.2141149554,6.432,DC0002,DC0001,6,14759,445,18,158,1008,269867
417480.77341867774,3.904,Proxy0001,Ext0035,6,18452,80,6,22,1865,1090
417529.352891327,5.532,Comp0021,Web0005,6,18737,443,16,30,1278,1526
417553.2418018185,0.496,Comp0035,DNS0001,17,35059,53,2,2,107,263
417563.793368227,3.565,Comp0076,Web0001,6,38063,443,12,36,1474,7047
417582.26134419267,10.601,Proxy0002,Ext0018,6,23225,443,10,21,140,5536
417616.13115831115,0.519,Comp0059,Web0004,6,45390,443,9,31,188,2715
417647.85683331883,1.208,Comp0078,Comp0031,6,56958,22,8,13,367,16
417668.5062925983,2.014,Proxy0001,Ext0020,6,1055,443,6,105,2622,4630
417723.44464093616,0.527,Web0006,DNS0002,17,26678,53,2,3,39,243
417728.75164662604,2.227,Mail0002,Ext0011,6,35401,25,7,5,205,815
417749.18834237475,2.714,Comp0022,Mail0001,6,17832,587,5,13,294,1183
417779.9692009871,4.634,Proxy0001,Ext0033,6,34454,443,10,17,525,1328
417804.5076512613,0.126,Comp0047,DNS0002,17,42571,53,2,3,61,178
417805.12338303844,1.703,Web0002,DB0004,6,21230,5432,54,149,779,19370
417838.32207643153,5.625,Proxy0001,Ext0007,6,25516,443,28,60,1774,2366
417842.5111880305,0.36,Comp0014,DNS0001,17,53741,53,2,3,69,209
417852.2837282233,2.002,Comp0011,DB0004,6,21764,445,8,88,830,11338
417864.17143555405,7.469,Web0001,DB0001,6,23100,5432,19,81,1412,20441
417909.9938619985,0.073,Comp0030,DNS0001,17,56696,53,2,2,83,174
417984.13365536486,20.85,Comp0078,Comp0030,6,25820,139,36,142,2816,132
418030.3576419078,1.071,Comp0006,Comp0058,6,19311,135,5,7,1330,54
418058.951910156,0.198,Comp0078,Comp0073,6,62303,22,5,24,275,5
418128.8531933549,37.223,Web0003,DB0001,6,14439,3306,122,483,608,55733
418202.56856923696,5.891,Comp0002,Mail0002,6,60692,993,7,4,478,1156
418204.9688036884,0.122,DC0001,DNS0002,17,26136,53,2,3,45,94
418224.2178462568,0.315,FS0003,DNS0002,17,46556,53,4,2,76,87
418232.6846580966,5.124,Comp0037,FS0001,6,59759,445,10,15,469,6350
418350.43787092774,0.835,Web0001,DNS0001,17,18094,53,3,3,49,141
418421.5856788832,0.471,Comp0030,DNS0001,17,19595,53,2,3,64,79
418452.12868767465,1.01,Web0005,DC0001,6,21711,389,3,4,308,193
418531.0147879654,8.373,Proxy0001,Ext0026,6,13886,80,9,80,434,751
418597.6845963576,0.343,Web0006,DNS0002,17,8034,53,3,2,73,89
418663.8664917641,10.764,Proxy0001,Ext0039,6,24291,80,16,45,598,11534
418702.8905273847,1.688,Comp0006,DB0004,6,3324,22,17,13,169,138
418748.7061253349,2.384,Web0001,DB0002,6,10191,3306,5,165,1191,54280
418787.0134436929,8.998,Comp0067,Web0001,6,27072,443,16,120,737,10186
418803.33405447594,0.473,Proxy0001,Ext0001,6,19710,443,5,57,487,12069
418857.1644183148,1.321,Comp0036,Proxy0001,6,22200,3128,10,78,1178,11129
418895.8865928732,31.251,Web0002,DB0003,6,14836,3306,27,62,2587,51851
418988.8411426821,0.112,Comp0022,DNS0002,17,42028,53,2,2,99,88
419018.0272438639,1.585,Comp0011,DB0001,6,33827,22,6,4,289,132
419060.5810304562,0.991,Proxy0002,Ext0028,6,13883,443,9,135,193,684
419092.7337398034,4.623,Mail0002,Ext0034,6,52245,25,7,9,195,3388
419101.13035029016,11.161,Proxy0002,Ext0034,6,12372,443,2,29,1380,8292
419134.1416487777,0.432,Web0004,DNS0001,17,29130,53,3,3,110,112
419142.70448937383,0.738,Comp0051,Mail0002,6,53337,993,12,7,877,1459
419240.6497765116,0.15,Proxy0002,Ext0027,6,30509,80,8,40,1118,29376
419243.98836578033,12.731,Web0004,DB0002,6,21515,5432,8,173,1484,33285
419259.9187423713,14.252,Proxy0002,Ext0001,6,30657,443,9,37,571,1932
419281.1512025482,0.153,Comp0080,DNS0002,17,38954,53,2,2,72,222
419296.6264326609,0.985,Comp0028,Comp0011,6,38568,3389,4,11,254,1336
419323.19258847466,0.09,Proxy0001,DNS0001,17,6852,53,3,2,82,257
419331.3291508863,4.197,Web0003,DB0002,6,9897,3306,10,379,700,2132
419337.0060057916,3.814,Proxy0001,Ext0026,6,5036,443,10,86,749,1400
419370.31502985844,14.679,Web0003,DB0004,6,19641,3306,15,112,4246,4360
419384.24914589035,0.052,Web0006,DNS0001,17,5322,53,2,2,70,106
419412.0776689504,0.35,Web0005,DNS0001,17,52751,53,2,3,35,155
419432.88662163366,5.695,Comp0057,Web0003,6,48371,443,7,34,423,2141
419484.86967528344,1.481,Proxy0001,Ext0023,6,53844,80,4,42,1401,10829
419555.06903231697,1.414,Proxy0001,Ext0007,6,22856,80,16,54,2388,2717
419582.8842649135,2.172,Proxy0002,Ext0009,6,32039,443,18,64,1405,10481
419592.3411344392,4.38,Proxy0001,Ext0015,6,46265,80,12,5,268,99648
419599.775352495,5.906,Web0006,DB0003,6,11268,3306,18,108,1987,17462
419606.79550571,12.701,Web0002,DB0002,6,5954,3306,42,103,1433,5280
419635.4678450905,3.678,Comp0078,Comp0073,6,8538,135,6,6,269,21
419654.797304785,0.119,DB0004,DNS0001,17,27126,53,2,3,98,127
419673.89903264167,4.815,Comp0011,DB0004,6,56376,445,7,91,4498,42100
419717.86085726495,0.569,Web0002,DB0001,6,34825,3306,28,29,8414,45010
419755.1618042032,4.159,Proxy0002,Ext0035,6,30780,443,10,75,207,12492
419757.9469629159,22.773,Comp0078,FS0003,6,13157,139,3,146,1255,1149
419885.73629945266,20.252,Web0005,DB0002,6,61941,3306,11,316,3854,5566
420025.2910791445,0.036,Web0003,DNS0001,17,22081,53,2,2,115,151
420060.59239875665,13.895,Comp0045,DC0001,6,16012,445,37,113,11397,20025
420212.1091604832,22.714,Web0005,DB0004,6,17421,3306,25,154,905,8291
420289.13005069806,2.926,Web0003,DB0001,6,8348,3306,46,122,4906,31854
420339.58287600486,4.487,Comp0021,Web0003,6,10741,443,5,41,1386,59454
420385.057562865,37.298,Web0005,DB0004,6,37656,3306,12,214,987,4609
420418.83889446233,16.261,Web0004,DB0002,6,60529,5432,13,220,1529,7961
420440.4734543349,12.033,Web0001,DB0002,6,55407,3306,15,85,959,8805
420450.5203930939,0.6,Mail0002,DC0001,6,34219,389,6,6,810,113
420524.1358336537,0.023,Comp0006,Comp0079,6,56874,22,7,6,692,8
420533.1853774836,11.632,Comp0011,DB0002,6,54438,445,12,69,11846,7391
420551.8231365643,0.399,Comp0006,Comp0046,6,54313,135,6,12,122,30
420596.2841455607,8.066,Proxy0002,Ext0030,6,59144,443,23,114,3819,16080
420601.83715344325,4.006,Comp0007,Web0002,6,64108,443,8,47,456,27190
420673.0865366659,7.567,Comp0006,Comp0075,6,43705,3389,7,14,159,32
420720.5472574963,0.312,Comp0014,DNS0001,17,3903,53,2,3,75,119
420732.8348384143,8.928,Comp0035,Web0004,6,65413,443,10,37,388,10051
420759.6918615708,0.68,Comp0059,Comp0011,6,37802,3389,9,6,210,1308
420770.57176760596,8.834,Web0002,DB0003,6,45862,5432,83,78,850,15195
420855.93501021253,21.67,Proxy0002,Ext0000,6,11249,443,4,36,129,5236
420923.08341465076,2.154,Comp0045,Web0002,6,32760,443,14,40,571,76897
420925.5215273127,34.537,Comp0078,Comp0031,6,44036,445,19,95,6910,259
420952.54344212037,1.116,Comp0006,Comp0017,6,46916,22,3,6,256,42
420979.0550339991,3.719,Comp0078,DC0002,6,50453,389,6,9,973,483
421014.1823066748,0.21,Web0001,DNS0001,17,51824,53,4,2,38,112
421127.42924852873,4.035,Proxy0002,Ext0002,6,28429,443,24,256,276,2452
421175.2028130714,2.717,Comp0041,Web0006,6,64341,443,6,37,263,2886
421243.21172856237,12.615,Comp0011,DB0003,6,26534,445,9,141,1623,18857
421268.7058431878,9.475,Comp0059,Web0002,6,3166,443,9,31,177,6121
421343.40770822077,0.856,Proxy0001,Ext0026,6,65231,443,32,130,1292,5845
421361.0291944427,1.946,Comp0038,Proxy0001,6,50149,3128,7,140,281,6017
421397.03415212955,1.646,Comp0078,Comp0040,6,46327,445,70,259,582,267
421436.0425704872,13.405,Web0001,DB0003,6,57260,3306,27,61,3818,3371
421477.2398104317,0.729,Proxy0002,Ext0028,6,4414,80,10,40,1081,126380
421480.5463018665,0.288,FS0001,DNS0002,17,61238,53,2,2,99,105
421600.11637727666,1.938,Comp0068,Proxy0001,6,29787,3128,10,36,301,1092
421693.1328009591,3.87,Comp0014,Proxy0001,6,30097,3128,17,23,217,38581
421716.3396300103,2.474,Comp0036,Comp0011,6,26299,3389,8,6,749,283
421745.825620911,0.214,Proxy0001,DNS0002,17,62442,53,2,2,94,186
421798.8726854837,0.008,FS0003,DNS0002,17,31359,53,3,2,76,152
421824.9646045006,1.301,Comp0029,Comp0011,6,46986,3389,5,5,202,1284
421960.25504437485,0.181,Proxy0001,Ext0006,6,22637,80,4,26,2982,30453
421975.0222927726,1.492,Comp0010,Comp0011,6,44390,3389,7,6,495,358
422025.9952559438,1.06,Proxy0001,Ext0019,6,55060,443,14,111,5813,9470
422034.2363985706,0.211,Web0001,DB0003,6,13474,5432,24,214,7242,6865
422047.1227626694,0.008,Comp0079,DNS0001,17,51619,53,2,3,93,124
422051.6216857898,8.716,Web0001,DB0003,6,59533,3306,66,35,747,5962
422064.5077445654,2.948,Comp0006,Comp0079,6,55565,445,22,100,1495,821
422064.9799685914,10.908,Proxy0001,Ext0010,6,16168,443,4,12,1118,1447
422079.33150648605,1.807,Comp0006,Comp0046,6,22205,135,12,8,402,31
422144.59141664684,1.709,Comp0011,DB0004,6,64995,22,7,17,279,884
422278.80621883675,6.962,Web0005,DB0004,6,35800,5432,51,238,4750,10163
422393.05937804154,1.021,Proxy0001,Ext0039,6,26735,443,12,21,1085,6979
422410.546508756,0.001,Web0005,DNS0001,17,62640,53,2,3,44,146
422432.99308643525,10.041,Proxy0001,Ext0025,6,27857,80,14,74,1073,3573
422451.3645623635,4.705,Web0004,DB0004,6,41027,5432,14,59,342,9493
422555.8967904293,0.099,DC0002,DNS0001,17,9724,53,3,2,126,396
422643.9742954826,0.169,Comp0034,DNS0001,17,44909,53,2,3,50,121
422644.2501657027,3.447,Comp0078,Web0003,6,28219,445,20,110,241,84
422675.36539024214,0.123,Proxy0001,DNS0002,17,5471,53,2,2,70,188
422727.82310887333,0.398,Comp0005,Proxy0001,6,42964,3128,4,88,5599,571
422773.28187113506,3.842,Proxy0002,Ext0003,6,60904,80,5,69,1489,17546
422902.5985694924,1.213,Comp0023,Comp0011,6,40249,3389,7,8,665,259
422984.55773381103,1.121,Comp0006,Comp0042,6,62105,135,9,8,587,25
422996.76352611603,0.476,Proxy0001,Ext0019,6,46934,443,7,13,3047,2009
423047.7422713692,0.197,DB0003,DNS0001,17,49527,53,2,2,16,66
423211.66077883646,15.235,Web0005,DB0002,6,39624,5432,46,108,10690,12889
423297.71282782214,20.191,Comp0033,FS0001,6,6057,445,10,92,4731,31300
423336.51015287463,12.116,Web0002,DB0001,6,25767,3306,14,130,959,21796
423351.4372509514,0.091,Web0005,DNS0001,17,49179,53,2,3,46,200
423374.0726265519,1.904,Comp0064,Web0006,6,18420,443,9,14,3167,4041
423397.1596371343,7.747,Proxy0002,Ext0000,6,31504,443,6,47,225,42552
423426.5352059731,8.841,Comp0076,Web0005,6,39836,80,12,27,180,3555
423646.0371925555,3.863,Web0001,DB0003,6,45901,3306,135,18,6906,6583
423652.6473003084,0.447,Web0006,DB0003,6,52492,3306,11,117,4418,5729
423832.3333622949,0.153,Comp0055,DNS0001,17,10944,53,3,3,81,175
423865.1244774808,15.116,Comp0052,Web0006,6,27223,443,9,49,1487,4339
423870.04674933816,4.211,Comp0005,Proxy0001,6,8839,3128,11,27,3963,11773
423910.65617288556,0.056,Mail0001,DNS0002,17,31434,53,3,3,106,96
423993.1325196097,8.831,Comp0006,Comp0017,6,47013,139,23,281,1111,625
424108.3646107757,0.336,Comp0038,DNS0002,17,35105,53,4,2,66,68
424136.05490257085,0.821,Comp0007,Web0004,6,43932,443,8,36,522,19912
424209.1614560825,7.186,Proxy0002,Ext0003,6,2364,443,5,33,361,5974
424238.90459131077,8.404,Web0003,DB0002,6,50373,3306,24,80,282,4134
424475.49327480514,1.636,Comp0006,Comp0035,6,35302,22,4,8,155,117
424550.0145156083,47.273,Web0001,DB0002,6,12824,3306,47,17,1060,11479
424609.61466615787,1.73,Comp0011,DB0002,6,34161,3389,6,4,383,277
424635.7350333283,0.243,Web0006,DNS0002,17,53282,53,3,2,126,76
424706.5375202745,0.195,Proxy0002,Ext0003,6,18928,443,5,43,1549,25490
424724.3624196742,2.156,Mail0001,Ext0013,6,55008,25,22,6,272,297
424733.4443876587,7.426,Web0001,DB0001,6,26071,3306,59,80,1031,275955
424744.94060089765,9.262,Comp0013,Comp0011,6,24525,3389,11,16,551,400
424834.0035866248,0.978,Comp0078,Comp0041,6,61532,3389,5,3,154,89
424841.6459850072,1.342,Comp0024,DC0001,6,48485,88,7,10,228,1613
424906.4905061273,3.075,Proxy0001,Ext0034,6,23377,80,4,37,497,2578
425000.07526489976,1.333,Comp0078,Comp0016,6,59483,135,10,10,147,17
425002.6462534331,0.138,Proxy0002,Ext0014,6,31959,80,4,25,1609,1905
425009.8809438808,0.168,Proxy0002,DNS0002,17,45405,53,2,2,97,168
425059.084473774,3.765,Comp0078,Comp0051,6,18188,3389,4,2,803,37
425096.57690820604,1.527,Comp0006,Comp0040,6,39431,22,10,12,292,45
425125.1742488133,20.495,DC0001,DC0002,6,9593,445,33,94,766,33441
425255.6013478963,1.27,Comp0028,Comp0011,6,44439,3389,8,7,229,582
425256.196772776,11.102,Comp0006,Comp0016,6,41104,445,17,104,942,456
425264.3299465516,3.719,Comp0078,Comp0064,6,18829,3389,5,20,191,22
425265.9303180309,15.443,Comp0078,Comp0041,6,58614,135,4,8,394,4
425299.72923523246,0.938,Comp0078,Comp0043,6,41644,22,9,3,314,6
425343.0482549613,4.242,Proxy0002,Ext0013,6,29089,443,3,20,2014,3777
425364.39190450776,2.628,Mail0002,Ext0012,6,48680,25,3,6,66,914
425401.1322441407,5.613,Web0001,DB0004,6,44872,5432,16,67,1409,102610
425444.0545985176,2.576,Web0002,DB0002,6,46215,5432,35,129,1050,1799
425455.0403052623,3.65,Comp0005,FS0003,6,54638,445,17,117,3338,11314
425463.4354147049,11.485,Web0003,DB0002,6,58313,3306,98,64,654,16341
425466.3193074076,1.892,Comp0078,DB0003,6,29318,3389,4,4,188,19
425499.2389095455,1.987,Proxy0001,Ext0025,6,47431,80,16,19,366,4736
425508.17901485757,0.113,Web0001,DNS0001,17,42396,53,2,3,52,212
425518.70121739863,2.151,Proxy0002,Ext0019,6,49500,80,3,40,123,4543
425543.93555431353,1.177,Comp0042,Mail0002,6,37082,993,4,4,904,299
425634.05299365043,2.237,Comp0006,Comp0067,6,36434,139,16,117,5683,65
425783.56360368925,26.037,Web0005,DB0003,6,27594,3306,7,115,4854,3453
425797.67212658026,0.095,Comp0021,DNS0002,17,48471,53,2,3,47,725
425821.12566413777,7.56,Proxy0002,Ext0011,6,40200,443,5,20,912,3585
425855.68513135775,11.932,Proxy0002,Ext0026,6,51536,80,4,29,167,19600
425873.71624644304,0.264,Comp0038,Comp0011,6,59258,3389,15,11,168,1556
425922.31436507206,0.093,Web0005,DNS0002,17,53857,53,2,3,55,162
425964.7406868523,4.425,Comp0080,Comp0011,6,23450,3389,3,6,518,147
425987.6695901163,0.025,Web0006,DNS0002,17,53257,53,3,2,77,118
426007.22586970555,35.359,Web0005,DB0004,6,45357,5432,8,22,1793,51607
426016.41873885645,0.928,Comp0006,Comp0015,6,24625,135,4,11,257,50
426050.7998477963,0.018,Web0004,DNS0002,17,56188,53,2,3,45,89
426092.8980552304,12.166,Web0003,DB0001,6,3369,3306,10,35,2817,118592
426145.7274626877,4.944,Comp0078,Comp0029,6,17576,445,50,688,5797,586
426272.21297747036,14.36,Web0004,DB0004,6,48153,3306,29,14,12092,8046
426294.00643887126,1.05,Comp0006,Comp0071,6,35604,22,3,6,264,74
426326.27976247587,1.974,Web0002,DB0001,6,27698,3306,27,105,15466,30604
426494.8039341954,3.686,Comp0015,Comp0011,6,1383,3389,5,10,932,618
426590.7937906934,0.054,Web0002,DNS0002,17,7658,53,2,2,39,198
426605.79389313055,3.173,Proxy0002,Ext0007,6,37973,443,7,35,538,4250
426658.4794529139,0.134,DB0002,DNS0002,17,54512,53,2,2,62,172
426728.1418405847,7.647,Mail0002,Ext0029,6,52190,25,3,18,1125,1600
426866.28805018903,14.181,Web0005,DB0002,6,61390,3306,43,505,1125,23404
426867.23329775303,14.961,Web0006,DB0001,6,61524,3306,42,487,16830,4231
426875.58508758974,2.44,Comp0006,Comp0027,6,55668,22,7,7,239,31
426916.5115058766,0.314,DC0002,DNS0002,17,22967,53,2,2,67,75
426929.79025225376,6.732,Comp0006,Comp0040,6,14967,135,3,12,150,27
426962.3496132747,2.782,Proxy0002,Ext0031,6,37967,443,4,131,869,3062
427071.29653601866,4.575,Proxy0002,Ext0036,6,35012,443,6,30,2208,21940
427096.1362045305,2.677,Web0001,DC0001,6,60341,389,6,4,1042,3835
427100.8988907455,1.305,Web0006,DB0001,6,19576,3306,31,33,2578,8993
427144.7754135707,48.045,Comp0006,DB0004,6,10911,445,105,196,3583,4560
427193.3889649478,0.22,Comp0011,FS0003,6,40400,22,4,4,726,166
427338.1689026832,2.198,Proxy0001,Ext0012,6,43202,80,6,46,1120,14264
427352.10307086597,8.238,Comp0011,FS0001,6,62105,22,10,5,271,98
427447.2005394225,1.267,Comp0006,Comp0032,6,55417,22,4,8,872,13
427582.3274954351,0.117,DB0002,DC0001,6,9742,389,10,30,641,1176
427673.3805661282,1.305,Web0006,DB0001,6,10309,3306,7,177,1681,50896
427711.3530581411,1.082,Comp0006,Comp0018,6,37296,135,3,14,207,41
427796.42282234767,0.24,Web0005,DB0004,6,57784,3306,16,29,1211,723
427817.59635348804,0.936,Comp0006,Web0001,6,39379,3389,5,6,664,157
427827.8088533437,0.854,Proxy0002,Ext0038,6,3084,443,12,14,298,28127
427871.1054017512,3.175,Mail0001,Ext0001,6,12407,25,9,4,432,94
427879.7542914311,0.235,Proxy0002,Ext0025,6,10874,80,23,181,1836,20635
428091.4301829522,4.754,Comp0006,Comp0056,6,31562,139,8,241,2360,1505
428120.4015346893,0.13,Web0003,DNS0001,17,11447,53,2,2,39,113
428220.68941373785,0.058,Proxy0002,DNS0002,17,19753,53,3,3,54,95
428282.03419012856,6.633,Proxy0002,Ext0022,6,11466,80,6,33,762,13644
428291.3847091959,1.742,Proxy0002,Ext0022,6,48829,443,9,6,149,17362
428398.4189605412,0.101,Proxy0002,Ext0019,6,61723,80,3,318,330,15242
428495.7028992854,1.238,Web0002,DB0002,6,42131,5432,10,185,7701,35691
428520.2100367078,0.014,DB0001,DNS0001,17,24988,53,2,2,60,136
428595.55818503717,8.362,Web0003,DB0001,6,55737,3306,67,12,1222,33422
428903.8730932367,2.301,Comp0078,Comp0051,6,64473,135,4,7,337,34
428908.83776495355,8.163,Comp0077,Comp0011,6,58569,3389,7,4,718,1370
428967.44125677145,0.089,DB0004,DNS0001,17,23735,53,2,2,65,207
428968.5913279601,29.15,Web0002,DB0002,6,33870,3306,22,418,541,148788
428996.4576022258,1.99,Web0006,DB0003,6,54591,3306,96,76,2870,5671
429021.41537185415,7.559,Web0006,DB0001,6,15966,5432,17,58,2671,10178
429027.03488545853,13.532,Web0005,DB0004,6,31794,3306,39,139,2280,20513
429100.14506636816,0.232,Comp0011,DB0003,6,63782,22,5,5,493,763
429118.13117231196,6.52,Comp0006,Comp0066,6,39629,135,8,4,1065,80
429122.3834976544,11.295,Web0003,DB0001,6,52140,3306,11,613,431,51387
429185.98440945,0.104,DC0002,DNS0002,17,16212,53,2,2,53,85
429206.29534327105,48.984,Web0003,DB0002,6,2428,3306,32,121,3239,9469
429301.5388908582,3.878,Comp0006,Comp0023,6,29832,3389,5,2,150,158
429498.4773952324,0.195,Web0001,DNS0002,17,44115,53,2,2,80,278
429534.8411822485,0.012,Comp0061,DNS0002,17,10420,53,3,3,38,308
429868.01790654217,5.579,Proxy0001,Ext0012,6,46754,443,8,19,381,4470
429891.1367810059,7.868,Web0001,DB0004,6,63823,3306,23,356,5284,19828
429904.4494342281,0.092,Mail0001,DNS0002,17,38736,53,2,3,149,333
429940.1632317604,7.074,Web0003,DB0004,6,36504,5432,46,54,4677,8221
430172.61673503584,2.4,Comp0006,Comp0012,6,63246,22,5,8,682,8
430179.6225418097,0.162,Web0003,DNS0002,17,31057,53,3,2,77,198
430181.78167397797,19.209,Web0005,DB0001,6,26085,3306,13,50,1411,32873
430228.7792257961,1.976,Comp0047,Comp0011,6,25329,3389,4,9,206,857
430272.13246419677,0.944,Proxy0001,Ext0030,6,55814,443,38,95,501,9980
430324.43293701485,19.847,Web0005,DB0004,6,30921,3306,60,624,6796,3877
430340.0148530444,15.741,Proxy0001,Ext0016,6,5320,443,7,63,233,24234
430507.6109589536,27.676,Comp0006,Comp0072,6,42859,139,54,197,849,802
430514.6154257073,1.036,Comp0006,Comp0017,6,5568,3389,9,11,187,28
430532.30706702446,0.925,Comp0006,FS0002,6,50529,135,8,6,251,58
430533.2694477082,6.215,Comp0006,Comp0056,6,40922,139,10,40,1187,5531
430599.72560451244,1.55,Proxy0001,Ext0019,6,37454,443,7,49,362,77712
430753.3287754529,0.067,Web0004,DNS0001,17,59649,53,3,3,65,70
430801.37228399067,9.874,Comp0012,Comp0011,6,65354,3389,14,8,836,901
431018.16994705173,2.287,Mail0001,Ext0001,6,50502,25,11,6,181,401
431037.7930080747,3.792,Mail0002,Ext0037,6,49354,25,10,2,3334,263
431450.00366895867,8.709,Web0006,DB0001,6,29927,3306,14,311,2868,52067
431524.86256123695,3.42,Comp0080,Comp0011,6,18675,3389,12,3,697,974
431535.00191909005,12.453,Web0006,DB0003,6,28287,3306,47,199,379,13884
431538.89306131174,7.145,DC0001,DC0002,6,6496,445,6,75,949,7206
431548.4263840546,8.356,Web0003,DC0002,6,57821,389,6,4,1273,857
431588.9944363984,2.543,Comp0078,Comp0032,6,61111,135,5,6,677,23
431631.9621076651,3.018,Web0006,DB0002,6,19261,3306,94,137,5308,13128
431661.9518221342,3.32,Comp0006,Comp0042,6,21871,22,6,15,491,8
431680.33180008887,0.377,Web0005,DB0002,6,59365,5432,28,48,1137,14900
431780.41922383243,1.909,Comp0078,Comp0064,6,24240,3389,5,13,273,10
431798.5527843879,0.555,Comp0078,Comp0066,6,65027,135,4,6,1147,12
431811.14640837105,2.334,Proxy0001,Ext0035,6,3250,80,4,22,439,3106
431851.85702655854,23.08,Web0003,DB0001,6,42853,3306,9,166,2230,16400
