time,duration,src_device,dst_device,protocol,src_port,dst_port,src_packets,dst_packets,src_bytes,dst_bytes
24.060542113291206,2.948,Mail0001,DC0002,6,61586,389,5,2,1950,878
137.59893962491924,17.528,Proxy0001,Ext0016,6,20092,80,14,30,175,10798
227.16806914231887,1.655,Mail0002,Ext0014,6,41955,25,3,6,630,488
233.29229369024807,0.586,Web0006,DB0004,6,1857,3306,17,43,2401,13308
287.9966868474927,4.75,Proxy0001,Ext0028,6,20650,443,5,55,400,9993
357.43734927571467,1.746,Proxy0001,Ext0027,6,53361,443,9,26,931,32200
384.4401390821272,21.577,Proxy0002,Ext0036,6,59551,443,11,23,1022,6681
564.3634809179325,0.362,Web0003,DNS0001,17,49660,53,3,2,40,148
613.2303074359062,0.074,Mail0001,DNS0001,17,64018,53,2,3,103,72
636.1773568874263,0.026,Proxy0001,DNS0002,17,5426,53,2,3,61,325
667.4915908020416,0.166,Web0004,DNS0002,17,6758,53,2,2,35,208
700.0882380009035,2.683,Proxy0001,Ext0013,6,56009,443,18,25,929,975
870.3024322232601,1.672,Proxy0002,Ext0036,6,40725,443,9,31,646,25384
914.5738968002923,0.468,Proxy0002,Ext0011,6,41263,443,8,68,999,24586
1031.2544484284501,0.658,Proxy0002,Ext0019,6,58705,443,8,135,927,712
1078.4169981778239,0.678,Web0005,DB0003,6,19327,3306,18,112,4429,9936
1112.5484924138088,0.684,Proxy0001,Ext0019,6,62047,443,8,48,425,2191
1338.5211368942635,2.208,Proxy0002,Ext0030,6,47348,443,7,65,403,232546
1524.3430897882035,4.47,Proxy0001,Ext0029,6,38386,80,6,19,470,27234
1535.4085035369494,12.337,Web0004,DB0002,6,59862,5432,52,138,4883,56255
1541.578802858993,7.273,Proxy0002,Ext0018,6,17207,80,10,12,167,1622
1718.1155474888922,2.993,Web0003,DB0002,6,47591,5432,102,335,4229,901
1883.221002565365,5.337,Proxy0002,Ext0038,6,55719,80,6,29,1150,9060
1993.2439814779248,1.86,Proxy0002,Ext0000,6,46622,80,6,10,1110,630
2006.428765568474,16.99,Web0002,DB0001,6,31537,5432,4,76,6017,64417
2165.044952579217,23.833,Web0004,DB0003,6,53735,3306,7,302,1238,13170
2234.5115780302394,0.362,Web0002,DNS0001,17,8303,53,2,3,41,298
2474.322994872611,11.276,Web0003,DB0003,6,63226,3306,20,143,1755,2778
2483.1225718341398,0.488,FS0002,DNS0001,17,8751,53,2,3,48,175
2508.8552768755994,0.039,Web0003,DNS0002,17,37329,53,3,3,151,183
2593.880373879182,0.511,FS0002,DNS0001,17,20814,53,2,3,141,149
2785.068250240832,11.654,Web0002,DB0001,6,59125,5432,35,49,17684,26566
2825.3693276814874,3.189,Web0006,DB0004,6,24327,5432,14,116,9268,4563
2900.0312968112858,4.647,Proxy0002,Ext0000,6,52394,443,3,29,162,17153
2967.8621581031275,0.002,FS0003,DNS0002,17,20776,53,3,2,130,288
3047.6512108316465,0.02,DB0001,DNS0002,17,57701,53,2,3,64,139
3063.237040029655,6.487,Proxy0002,Ext0027,6,20236,443,9,14,194,10676
3076.1667075835085,0.161,Mail0002,Ext0031,6,12603,25,5,8,130,1428
3126.7795064176858,5.718,Web0002,DC0001,6,7463,389,2,3,1140,1446
3264.6360850737733,1.853,Mail0001,Ext0031,6,11199,25,6,19,389,263
3339.213495435875,0.058,Proxy0001,DNS0001,17,11068,53,3,5,53,86
3386.5249982354053,6.971,Proxy0002,Ext0008,6,1987,443,8,54,207,3796
3501.883485253321,0.117,Proxy0001,DNS0002,17,17120,53,3,3,80,163
3520.9592911476025,0.761,Proxy0002,Ext0005,6,50054,443,5,105,907,183
3590.4665401260822,19.273,Web0006,DB0003,6,59248,3306,15,82,3457,1606
3863.7651502428703,8.909,Web0001,DB0001,6,52449,3306,6,215,1099,3455
3889.9895323466803,0.14,Web0003,DB0001,6,48221,5432,61,79,613,6670
3951.647723386757,5.215,Web0001,DB0003,6,53742,5432,18,184,1458,5947
4236.0449978325005,3.114,Mail0002,Ext0029,6,42532,25,5,4,493,1190
4414.403463182165,0.624,Web0006,DNS0002,17,5343,53,2,3,43,278
4611.9318766808365,9.336,Web0004,DB0004,6,4622,5432,67,95,351,10621
4680.4645585161,6.054,Proxy0002,Ext0037,6,13773,80,3,20,219,2806
5168.291883897451,0.085,Proxy0001,DNS0002,17,58368,53,2,2,74,201
5205.708284808117,3.116,Proxy0001,Ext0011,6,22636,443,6,206,436,9154
5208.8682230143295,2.283,Web0003,DB0001,6,24465,3306,32,288,1545,4107
5463.950117959927,1.148,Proxy0002,DNS0001,17,20507,53,2,2,62,144
5482.15181234084,2.216,Web0003,DB0003,6,20778,3306,13,138,7404,30264
5498.2661157641,1.192,Proxy0001,Ext0035,6,12482,443,12,34,879,42035
5546.144047704904,12.407,Web0002,DB0004,6,2597,3306,27,94,5653,8568
5700.8833587496065,1.62,Web0005,DB0001,6,8057,3306,18,53,1659,383
5997.588317225183,0.071,DC0001,DNS0001,17,39449,53,2,3,89,106
6119.8672294661055,0.17,Proxy0002,DNS0002,17,32386,53,3,2,87,116
6238.4133753356355,1.592,Proxy0001,Ext0033,6,55929,443,5,69,663,25747
6360.756995877413,6.117,Proxy0001,Ext0014,6,57918,80,9,14,235,3226
6497.243027580293,2.18,Proxy0002,Ext0035,6,32252,443,7,46,1752,66359
6652.005821620128,4.684,FS0001,DC0001,6,50381,88,5,6,137,352
6660.330867283861,0.042,Web0004,DNS0002,17,10887,53,2,2,105,115
6824.430370824564,5.305,Mail0001,Ext0001,6,53011,25,7,13,174,501
6865.1228577188895,23.13,Web0004,DB0003,6,12576,3306,49,98,8026,6327
6909.451822452497,30.694,Web0006,DB0003,6,54151,3306,49,133,1196,20256
6956.567667224079,66.684,Web0001,DB0004,6,33334,3306,26,36,3016,24667
7051.054881806225,0.346,Web0002,DB0002,6,6851,3306,67,16,926,1233
7055.873587266461,6.908,Proxy0001,Ext0002,6,47337,443,13,24,1484,1703
7219.943109231897,4.0,Proxy0002,Ext0011,6,49158,80,12,42,746,2115
7262.695975556671,10.186,Proxy0001,Ext0028,6,62583,443,7,8,528,15782
7301.140710291194,0.107,Mail0001,DNS0002,17,12589,53,4,2,132,134
7793.017085501762,2.504,Web0002,DB0004,6,33668,3306,11,48,6485,6374
8071.468433805551,0.207,Web0003,DNS0001,17,58587,53,2,3,60,234
8090.738312862692,0.206,Web0002,DNS0002,17,65207,53,2,2,78,123
8092.015172887659,0.162,FS0003,DC0001,6,22184,88,5,16,562,339
8115.864413725653,5.884,Web0005,DB0001,6,53807,3306,18,35,4131,6737
8126.8366210690565,0.915,Proxy0002,Ext0014,6,43137,443,10,15,1180,6188
8135.288337433305,4.811,Web0004,DC0001,6,56647,389,2,5,483,1800
8170.554932950163,0.047,Proxy0001,Ext0011,6,15758,80,6,96,1000,5496
8197.714314803998,3.321,Proxy0001,Ext0015,6,9116,443,9,77,653,48098
8269.545109334736,9.702,Proxy0002,Ext0017,6,48508,443,9,64,396,4076
8574.041504058623,3.058,Comp0068,FS0001,6,17480,445,43,145,3274,41045
8618.45402091388,10.069,Web0005,DB0002,6,3329,3306,25,121,1097,14759
8646.155104239586,0.025,Web0006,DNS0002,17,54136,53,2,3,32,97
8758.629126500115,0.279,Mail0001,DNS0002,17,17584,53,2,3,66,247
8808.27029101954,0.032,Proxy0001,DNS0002,17,31318,53,3,2,87,98
8823.64133309148,16.041,Web0003,DB0004,6,7847,3306,10,23,4982,27653
8902.025493471796,0.061,Mail0002,Ext0022,6,65311,25,7,5,625,249
8990.734977089569,0.582,Web0005,DNS0002,17,39815,53,2,2,63,93
9096.636297365772,0.26,Proxy0002,Ext0000,6,53228,443,10,90,1063,1405
9145.813224391168,12.557,Web0003,DB0004,6,44470,3306,16,189,898,13033
9187.505838926845,6.272,Web0006,DB0001,6,56674,3306,65,38,335,5683
9191.170737773878,35.805,Web0005,DB0003,6,48369,3306,66,37,2522,4240
9217.88825843287,14.389,Web0006,DB0002,6,7054,3306,9,75,2016,37349
9303.236892771904,0.546,Proxy0002,Ext0038,6,2525,443,13,13,1036,4784
9327.682223559565,17.232,Proxy0002,Ext0000,6,12185,443,13,19,342,48234
9386.989271726949,39.469,Web0001,DB0004,6,4676,3306,73,180,2450,86023
9566.19574732014,2.987,Proxy0002,Ext0031,6,9398,443,9,30,606,12455
9612.12867233661,0.158,Web0006,DNS0002,17,46070,53,2,2,47,146
9629.331967632677,14.291,Proxy0002,Ext0003,6,31211,80,5,10,556,14712
9712.193965603261,9.696,Web0003,DB0001,6,42980,5432,11,413,1882,19794
10023.998721834983,2.921,Comp0022,Web0005,6,23047,80,7,60,1618,2556
10094.272609149624,3.444,Proxy0001,Ext0023,6,38618,443,12,42,732,170774
10217.747402843537,0.763,Proxy0001,Ext0015,6,34847,443,9,26,1097,1129
10220.568981027902,60.944,Web0002,DB0003,6,6978,5432,13,18,3626,6486
10250.185091798849,0.102,Proxy0002,DNS0001,17,64676,53,2,3,62,103
10290.01777356587,0.018,FS0001,DNS0001,17,10109,53,2,3,59,183
10330.250083932078,13.592,Web0004,DB0002,6,16465,3306,24,65,3566,1036
10531.543318328017,0.035,Web0004,DNS0001,17,13797,53,3,3,76,92
10541.273241902752,0.707,Web0006,DB0003,6,13070,5432,8,26,15172,2008
10596.342035914378,0.495,Proxy0002,Ext0011,6,61587,443,8,24,419,2528
10602.045210401695,5.761,DNS0001,DC0002,6,17052,389,4,8,577,831
10789.6545417201,3.819,Web0001,DB0001,6,34352,3306,28,135,6703,38979
10844.417122151664,11.342,Web0001,DB0003,6,31326,3306,10,84,986,149578
10851.952724017878,5.527,Proxy0001,Ext0003,6,48717,443,9,19,1064,7840
10874.576537573723,11.511,Proxy0002,Ext0011,6,36286,443,6,48,1584,88202
11005.535305873424,0.1,DB0003,DNS0002,17,24719,53,2,2,67,238
11028.581502325704,7.033,Web0004,DB0001,6,5426,3306,23,94,271,33420
11040.442196138736,2.962,Web0004,DC0001,6,38093,389,3,6,439,371
11053.727121255872,0.092,DB0003,DNS0001,17,47252,53,2,3,61,177
11148.145729144813,6.848,Proxy0001,Ext0031,6,16401,80,12,32,2192,3602
11227.33894467697,4.189,Proxy0002,Ext0017,6,43718,80,19,16,1457,5636
11383.77739366536,0.525,Web0003,DB0002,6,45976,3306,27,61,439,2965
11408.623331376133,6.61,Proxy0001,Ext0018,6,18420,443,5,135,1418,4029
11543.021566626225,1.538,Comp0035,Mail0001,6,11919,993,10,7,231,1136
11605.986358752449,2.053,Proxy0002,Ext0015,6,45524,443,3,50,318,840
11624.78636840748,7.501,Web0005,DB0002,6,52618,3306,32,139,1737,87405
11698.284531308342,3.924,Web0002,DB0004,6,53370,3306,50,13,1900,16858
11871.053220839889,58.382,Web0002,DB0003,6,42849,3306,25,395,1196,13243
11990.684589595492,3.839,Comp0045,Proxy0002,6,36531,3128,4,27,965,11986
12096.318727923264,0.526,Proxy0002,Ext0014,6,35927,443,15,31,797,1036
12131.228430132685,3.009,Proxy0001,Ext0007,6,48967,443,8,14,158,74358
12131.858067363706,24.029,Proxy0001,Ext0022,6,14697,80,6,37,1905,1910
12165.222245096367,15.145,Web0006,DB0001,6,12945,3306,15,57,6640,28334
12226.254722369977,21.968,Web0003,DB0003,6,34675,3306,96,14,2013,14291
12363.31726092239,16.176,Proxy0002,Ext0031,6,12314,443,13,41,263,5569
12370.776125201592,2.382,Proxy0002,Ext0032,6,18755,80,9,35,202,5530
12440.116431109787,6.077,Proxy0001,Ext0026,6,17009,443,7,10,2500,31206
12533.801322335967,3.572,Web0001,DB0001,6,32162,5432,41,137,3008,21658
12598.862983610205,0.466,Web0002,DNS0002,17,45534,53,3,2,97,308
12621.512369331023,4.928,Comp0031,Proxy0002,6,16437,3128,6,61,645,2951
12678.702555843114,0.939,Mail0002,Ext0025,6,61508,25,6,19,743,1300
12704.49951632519,0.062,Web0004,DB0001,6,18420,3306,11,284,1349,22686
12713.079360155167,2.924,Web0001,DB0004,6,30082,3306,57,83,2010,11734
12732.186227738031,6.913,Web0002,DB0002,6,50309,3306,25,407,1416,7864
12752.191141484614,20.375,Comp0033,DC0001,6,58579,445,45,294,3511,39549
12795.470704391882,4.089,Mail0002,Ext0031,6,57553,25,4,9,408,942
12955.004086483703,5.27,Web0002,DB0003,6,2485,3306,46,171,586,18909
13154.229677553005,13.52,FS0002,DC0001,6,63168,88,7,12,7677,248
13204.648955440274,5.313,Proxy0002,Ext0013,6,55753,80,13,52,991,21643
13460.710939975366,8.481,Web0003,DB0004,6,9342,5432,15,79,746,6880
13542.881547943738,0.394,Web0004,DNS0001,17,28184,53,2,3,89,130
13774.701712295308,2.458,Web0003,DB0002,6,4526,3306,18,132,9902,31269
14043.43299913946,7.793,Web0001,DB0002,6,42699,5432,9,147,2413,6306
14119.192299478718,11.897,DC0001,DC0002,6,22575,445,32,16,1436,78747
14123.937995785971,6.867,Comp0074,Web0004,6,14006,443,11,13,2103,19855
14261.046622219663,0.052,FS0002,DC0001,6,29499,88,10,13,393,819
14285.978048812129,1.64,Proxy0002,Ext0033,6,20599,443,3,44,2108,11851
14382.22556968403,0.884,Proxy0001,DNS0001,17,37718,53,3,2,55,267
14573.715448451741,2.735,Web0006,DB0003,6,15183,5432,30,48,5160,1501
14666.01531754812,13.059,Web0001,DB0002,6,51529,3306,10,222,704,23104
14727.541823334035,2.049,Comp0054,Proxy0001,6,3984,3128,5,21,1149,22160
14788.900601867243,3.204,Web0003,DB0001,6,30694,3306,24,72,1189,4218
14818.182167547122,1.979,Proxy0002,Ext0012,6,56642,80,12,155,526,2283
14875.698511741288,0.291,Web0006,DNS0001,17,54781,53,2,2,47,383
15049.619736766384,15.118,Web0002,DB0001,6,31344,3306,116,132,14101,21700
15144.656790901747,11.669,Proxy0002,Ext0024,6,61786,443,8,12,1102,4806
15288.479791620217,5.359,Proxy0001,Ext0037,6,24930,443,5,12,406,196549
15306.987191128908,0.086,DB0001,DNS0001,17,63119,53,4,2,73,98
15355.366251565698,0.718,Web0003,DB0001,6,37524,3306,12,68,2502,37756
15355.692767410457,0.176,Comp0052,DNS0002,17,57746,53,2,2,75,255
15394.00256362158,0.852,Web0005,DB0004,6,42160,3306,16,332,3276,22907
15433.512676955332,18.322,Web0002,DB0002,6,26913,3306,103,41,1990,9117
15469.708246364124,16.629,Web0002,DB0003,6,33108,3306,87,94,3593,4440
15522.0387968098,2.686,Proxy0002,Ext0009,6,34275,443,6,17,723,13914
15532.404487548929,0.075,Mail0001,DNS0001,17,12014,53,3,2,166,167
15587.488335322942,0.356,DB0003,DC0002,6,61426,389,10,14,961,1080
15871.326244350239,0.372,Mail0001,DNS0001,17,26122,53,3,2,62,349
15921.281807575053,8.27,Web0006,DB0002,6,19026,3306,58,54,1229,9957
15951.115505797834,0.065,Web0003,DNS0001,17,50444,53,3,2,54,166
15989.401558105032,3.819,Web0003,DB0004,6,34181,3306,21,142,2634,17004
16074.232959795314,30.716,Web0005,DB0001,6,14474,3306,16,119,2104,1338
16140.022980250193,0.031,Comp0036,DNS0002,17,7738,53,2,3,89,165
16226.988682037101,0.208,Proxy0002,Ext0000,6,7198,80,33,42,1011,6637
16235.876333694407,0.197,Mail0001,DNS0002,17,55548,53,3,3,82,271
16306.492695231964,10.503,DC0001,DC0002,6,3879,445,7,154,9992,17801
16392.027328533783,45.062,Web0005,DB0003,6,58002,5432,10,38,441,9354
16434.176273712586,3.024,Comp0033,DC0002,6,53083,88,4,7,190,543
16450.38602526695,4.411,Comp0069,DC0001,6,49096,88,7,5,526,1618
16583.57436317718,2.882,Web0005,DB0004,6,8272,5432,6,27,2189,36199
16603.32417165816,17.99,Web0006,DB0001,6,65244,3306,18,14,1594,6427
16611.792905087586,1.373,Mail0002,Ext0016,6,3734,25,7,4,324,1932
16697.60361628121,2.666,Proxy0002,Ext0032,6,35311,80,15,32,833,20896
16725.89597832067,2.803,Mail0002,Ext0034,6,9251,25,4,4,209,785
16917.54931455616,8.215,Comp0060,DC0002,6,30026,445,17,18,1708,4809
17032.798078252526,0.009,Comp0047,DNS0001,17,34285,53,3,2,76,320
17090.07629484424,0.807,Comp0046,Web0003,6,34918,443,4,35,298,7405
17259.60869140402,12.527,Comp0022,Web0003,6,60417,80,8,138,1097,838
17313.998426392813,0.812,Comp0042,DC0002,6,28773,389,6,7,216,261
17344.63974621827,8.468,Proxy0001,Ext0026,6,26669,80,11,74,143,20131
17363.828672839012,7.617,Proxy0002,Ext0032,6,59993,80,15,18,842,5004
17377.4342349657,0.11,DB0002,DNS0002,17,14919,53,2,2,80,127
17461.44904892318,4.607,Proxy0002,Ext0038,6,22215,443,4,27,1713,12384
17483.894673459352,8.926,Proxy0001,Ext0016,6,38013,80,21,36,1591,1831
17502.01200028606,5.687,Web0005,DB0004,6,59067,3306,38,147,4356,49432
17536.525945698242,13.627,Comp0017,Proxy0001,6,13747,3128,10,34,719,1950
17598.293165374667,8.711,Comp0053,Web0002,6,51973,80,13,57,727,2606
17606.675889797432,0.114,DC0001,DNS0002,17,24488,53,3,2,152,87
17684.060759309446,3.433,Proxy0002,Ext0030,6,1915,443,3,30,516,4843
17688.962976369166,0.065,Web0003,DNS0001,17,50386,53,2,3,60,246
17705.070815983767,5.263,Proxy0002,Ext0039,6,30318,443,9,13,194,7823
17864.645444306072,5.551,Mail0002,Ext0000,6,35560,25,3,4,834,553
17866.25791298048,16.353,Comp0020,Web0006,6,14412,443,8,22,322,30639
17874.230149462037,0.228,Comp0028,Proxy0001,6,55995,3128,8,61,1369,7165
17900.08606586995,1.527,Comp0022,Proxy0002,6,56526,3128,13,58,486,1189
17938.944881303803,4.324,Comp0080,Web0005,6,3276,443,8,53,3453,3701
17961.085530663986,13.952,Proxy0001,Ext0021,6,64404,443,15,34,737,4759
18011.837803080263,0.14,Proxy0001,DNS0002,17,22330,53,2,3,52,153
18059.649412738683,7.194,Comp0012,Proxy0001,6,35717,3128,8,56,183,16000
18137.56406339299,0.551,Proxy0002,Ext0011,6,12280,80,9,21,151,11790
18185.512321597733,0.275,Mail0001,Ext0036,6,20501,25,6,9,516,355
18187.532802437385,2.543,Comp0021,DC0002,6,7177,88,3,7,762,1615
18232.146851668138,4.061,Comp0002,Proxy0001,6,44252,3128,13,40,3822,3649
18298.960464227246,0.253,Web0005,DNS0001,17,59295,53,2,2,69,85
18304.168789396066,0.085,DB0003,DNS0002,17,26409,53,3,2,76,153
18350.566823196026,15.531,Web0001,DB0003,6,23585,5432,8,43,1847,20167
18474.41472549093,4.475,Web0001,DB0004,6,4090,3306,8,140,24126,11911
18629.540072343305,0.345,Mail0002,Ext0015,6,3164,25,5,9,492,288
18687.58183175349,3.662,Comp0055,Mail0002,6,36229,587,7,6,328,756
18743.7418562774,5.443,Web0001,DB0002,6,27245,3306,18,25,1565,22229
18761.045234730485,0.738,Mail0001,Ext0010,6,13710,25,5,24,316,1069
18879.57312567556,9.526,Comp0001,Web0004,6,1252,443,30,30,1927,2188
18880.104410306314,0.138,Comp0040,DC0001,6,20757,389,3,17,354,794
18922.95590263206,0.079,Comp0063,DC0001,6,7152,389,6,6,260,980
18955.08460349143,24.512,Web0005,DB0004,6,61197,3306,12,79,1673,7966
19026.857852910358,10.808,Comp0027,Proxy0001,6,48462,3128,6,57,206,6617
19083.2657221238,5.078,Comp0057,Web0005,6,31808,80,7,49,4387,2723
19179.68392033701,0.323,Comp0020,Web0002,6,43625,80,7,9,1005,2172
19284.652033102277,9.387,Comp0065,Web0002,6,56291,443,7,30,343,40887
19321.530071884652,24.504,Comp0006,FS0001,6,11055,445,34,98,1119,77847
19339.65844987084,1.333,Comp0013,Web0002,6,58699,443,8,23,424,23257
19352.31279042001,0.264,Proxy0001,Ext0016,6,9174,80,9,153,558,32966
19473.181468675266,0.23,Proxy0002,Ext0025,6,34749,443,3,17,1435,18313
19481.833699737093,5.011,Proxy0002,Ext0021,6,42073,443,7,18,978,2493
19536.070929108497,2.921,Comp0054,Mail0002,6,59292,993,4,5,299,209
19536.346933787998,6.917,Proxy0001,Ext0024,6,62896,443,6,85,4381,16280
19543.150796945265,1.042,Web0005,DB0002,6,34739,3306,76,203,1554,6388
19650.68542890579,0.008,Comp0007,Mail0002,6,19320,587,16,5,262,690
19680.718635081837,0.399,Proxy0002,DNS0002,17,51189,53,2,2,65,109
19681.403902888782,0.013,Web0002,DNS0001,17,63751,53,3,2,123,140
19759.73232119799,0.603,Comp0002,DC0001,6,1152,389,3,6,228,1681
19802.795284384047,0.123,Proxy0001,DNS0002,17,17178,53,3,2,76,186
19814.908572081767,1.726,Proxy0002,Ext0013,6,18576,443,6,43,767,1743
19815.072098732282,0.162,Comp0071,DNS0002,17,6133,53,4,2,58,127
19854.835612289135,0.227,Web0004,DNS0001,17,6455,53,3,2,66,82
19860.31717122844,4.866,Comp0003,Mail0001,6,17419,993,14,3,411,450
19865.25332677279,1.095,Comp0002,Proxy0001,6,37953,3128,13,57,1090,1460
19886.09098236831,0.094,Comp0016,DNS0002,17,41582,53,3,3,71,101
19917.471821428397,0.101,Comp0003,DNS0002,17,19349,53,2,2,48,337
20064.39856534562,0.369,FS0002,DC0001,6,49228,88,3,3,508,1357
20119.138974078625,0.052,Comp0076,Web0005,6,11488,80,10,10,1795,5471
20135.060908544467,3.753,Proxy0001,Ext0007,6,54273,80,8,21,786,2118
20136.672338311484,0.36,Comp0006,DNS0002,17,35863,53,2,3,121,97
20198.16521457992,1.1,Proxy0001,Ext0023,6,12315,443,10,13,2527,2204
20233.443739151873,1.41,Comp0067,Mail0002,6,34676,993,5,7,498,691
20318.397364436143,1.8,Mail0001,Ext0020,6,11568,25,4,6,402,320
20374.63064872864,0.677,Comp0055,DC0001,6,48871,88,6,26,52,404
20463.792284820436,0.928,Web0004,DC0002,6,41510,389,13,13,959,1885
20492.06870805461,1.232,Proxy0001,Ext0001,6,54362,443,13,13,343,85349
20517.755466989685,0.083,Comp0003,DNS0001,17,59841,53,2,3,63,41
20519.255569154735,5.874,Proxy0002,Ext0004,6,58864,443,14,52,236,11114
20584.48264518195,11.27,Web0005,DB0002,6,10852,3306,15,155,1169,12806
20732.552390824505,4.322,Comp0077,Web0003,6,56237,443,6,60,1502,22899
20781.4067808137,0.031,Comp0016,DNS0002,17,1421,53,2,3,44,155
20828.566498753986,1.171,Proxy0002,Ext0001,6,42534,443,6,288,598,58208
20847.874736759582,5.272,Comp0021,DC0002,6,46198,389,3,8,1847,178
20989.459504154853,1.832,Comp0073,Proxy0001,6,45603,3128,29,14,786,7290
21003.952394635056,1.957,Comp0036,FS0001,6,31613,445,5,126,821,4104
21102.28215436165,6.115,Comp0047,Proxy0002,6,57783,3128,8,106,1153,6148
21199.489635342805,0.802,Comp0056,DNS0002,17,30819,53,2,2,127,166
21231.62278142912,2.156,Comp0008,Proxy0002,6,62262,3128,4,21,260,4154
21264.11684253206,2.063,Web0003,DB0004,6,13356,3306,118,216,5017,7420
21306.16088670564,23.803,Comp0049,Web0006,6,7647,443,4,19,1122,2153
21307.376252009995,3.083,Comp0046,Web0001,6,49209,80,7,29,2239,8283
21318.469847781467,0.155,Comp0062,DNS0001,17,19149,53,2,3,49,83
21434.817096947994,10.14,Comp0033,Proxy0001,6,47054,3128,7,50,1664,662
21456.181884253798,0.891,Comp0004,Mail0001,6,58964,587,10,4,1004,560
21499.91085843119,0.025,Comp0031,DNS0001,17,54797,53,3,3,108,226
21520.51586332384,0.256,Proxy0001,DNS0001,17,3703,53,2,3,87,190
21545.570274346537,12.552,Proxy0001,Ext0015,6,14484,443,20,47,978,1971
21546.300233075373,0.218,Mail0002,DNS0002,17,23563,53,3,3,142,137
21630.59773381371,0.137,Comp0035,DNS0002,17,62213,53,2,2,69,96
21654.087098164022,9.43,Mail0001,DC0001,6,6409,389,9,4,350,548
21780.596877001164,1.667,Proxy0001,Ext0014,6,32328,443,17,17,1156,7509
21806.906443773423,0.418,Proxy0001,Ext0002,6,28844,443,5,46,1577,2479
21832.77265070728,1.061,Proxy0002,Ext0016,6,53449,443,3,105,452,71801
21920.67065467877,4.628,Web0005,DB0004,6,45138,5432,10,52,1318,13728
21929.956593440507,1.607,Proxy0001,Ext0035,6,31088,443,4,51,1542,475
21953.460762346,4.066,Web0005,DB0004,6,40685,3306,21,94,1841,3154
22056.92040983519,0.009,Web0005,DNS0002,17,56172,53,3,3,72,168
22057.82763258383,1.172,Comp0009,Web0002,6,7505,443,13,22,981,2697
22119.907469048692,12.278,Proxy0001,Ext0027,6,20295,443,4,40,414,13112
22148.467701138652,7.39,Mail0001,Ext0007,6,10057,25,8,25,465,2212
22152.01846228902,8.045,Comp0071,Web0001,6,51698,443,16,40,466,5932
22170.878235720476,0.011,Comp0063,DNS0001,17,27201,53,2,3,59,511
22263.488881169116,0.099,Comp0032,DNS0001,17,28769,53,3,3,88,280
22322.244713736392,2.441,Proxy0001,Ext0031,6,14461,443,6,31,231,1989
22340.96646332975,0.781,Comp0020,Web0003,6,40046,443,11,77,13187,14225
22367.968637313927,16.197,Comp0031,DC0002,6,56013,445,51,97,4099,66056
22374.94756321229,2.803,FS0003,DC0002,6,26375,88,4,12,796,1294
22386.697011704775,6.66,Comp0021,Web0001,6,33883,443,5,49,503,26749
22413.51074012394,0.099,Web0005,DNS0001,17,53561,53,2,2,61,172
22429.642061870203,2.732,Comp0031,Proxy0001,6,53146,3128,17,16,415,20547
22509.035185373865,0.004,FS0002,DNS0001,17,65274,53,3,2,130,121
22678.24897725712,13.289,Web0006,DB0002,6,12690,3306,6,67,1351,756
22717.461076752046,3.513,Web0006,DB0001,6,50472,3306,13,71,2449,2427
22748.701958570182,4.027,Comp0025,Proxy0002,6,55230,3128,6,131,396,17081
22776.86675320813,11.107,Web0001,DB0002,6,11893,3306,48,147,553,9251
22814.834902859344,1.707,Proxy0002,Ext0020,6,61956,80,3,10,783,18137
22888.269077119774,0.253,Comp0019,DNS0002,17,61931,53,2,3,67,391
22898.343214107208,4.099,Comp0059,Mail0002,6,65445,993,3,5,317,1924
22944.822596318565,1.109,Mail0002,Ext0006,6,31591,25,3,3,86,540
22951.745092822923,3.777,Web0006,DC0001,6,39210,389,5,6,225,187
22954.033708794777,3.679,Web0004,DB0001,6,16983,3306,25,49,3103,14123
23010.811731876664,0.047,Comp0008,DNS0002,17,15299,53,2,2,41,318
23015.072183092347,7.472,Comp0065,Web0006,6,35161,443,10,26,747,14832
23036.526413407857,0.039,Comp0028,DNS0001,17,15406,53,2,3,52,196
23040.51142880622,2.452,Comp0032,Proxy0002,6,63862,3128,16,27,721,4727
23043.560222116594,0.092,Web0006,DC0001,6,48935,389,6,18,420,328
23065.71935058036,10.36,Web0001,DB0004,6,26510,3306,120,75,2963,3847
23067.71636973249,3.37,Proxy0002,Ext0017,6,61114,80,11,42,3990,21859
23067.71852968548,1.785,Comp0015,FS0001,6,25439,445,14,62,1694,21107
23079.661531637856,0.237,Web0003,DNS0001,17,19153,53,2,2,76,170
23096.61826415122,3.783,Proxy0001,Ext0003,6,7741,443,10,83,137,2593
23124.85070917125,4.654,DC0001,DC0002,6,62950,445,32,198,753,23971
23141.2041282501,40.839,Comp0061,FS0001,6,13015,445,165,22,3272,36495
23144.29947689372,0.277,Comp0015,DNS0001,17,16088,53,2,2,58,123
23154.454515565765,10.739,Comp0003,Proxy0002,6,10876,3128,8,118,1500,2199
23155.921935089547,1.253,Mail0001,Ext0016,6,41792,25,9,9,308,1169
23157.952982314844,0.189,Comp0037,DNS0001,17,10782,53,3,3,77,369
23249.915493811604,1.037,Comp0015,DC0002,6,23409,389,6,16,633,620
23281.32580361468,0.693,Mail0002,Ext0034,6,19558,25,2,8,302,786
23308.80235800122,0.068,Comp0080,DNS0001,17,59553,53,2,2,50,270
23342.834046791275,0.378,Comp0019,DNS0002,17,56207,53,2,2,108,182
23356.48793437674,7.41,Comp0045,Web0001,6,59210,443,3,23,607,49470
23360.25654126719,0.391,Comp0057,DNS0002,17,44763,53,2,2,76,327
23395.978633566767,4.454,Proxy0001,Ext0036,6,31036,443,6,78,321,5689
23400.53134794167,16.928,Comp0073,DC0002,6,16976,88,12,8,133,514
23461.98085695143,0.002,Comp0038,DNS0001,17,52801,53,2,2,38,191
23491.75903081415,5.973,Comp0001,FS0003,6,40927,445,25,30,615,2937
23496.680952047052,51.022,Comp0074,FS0002,6,12597,445,55,164,1661,16898
23514.15735874295,0.269,Comp0060,DNS0002,17,3356,53,3,3,50,132
23541.582103501274,4.587,Comp0045,Proxy0002,6,2185,3128,7,10,854,4658
23567.63746685288,3.161,Proxy0002,Ext0006,6,42430,443,8,21,637,8344
23571.944690298376,0.247,Web0004,DB0004,6,55032,3306,18,87,1282,4041
23682.90421761631,0.249,Web0001,DNS0001,17,62782,53,2,3,50,164
23684.28232296788,1.528,Comp0037,Mail0001,6,61019,993,3,5,1554,604
23717.776444152627,7.906,Proxy0001,Ext0014,6,45534,443,7,54,564,11893
23733.6454925434,18.935,Proxy0001,Ext0026,6,23946,443,4,21,1100,4898
23771.239796948914,3.495,Comp0035,Web0005,6,48003,443,6,67,313,6011
23788.06162516354,1.734,Comp0061,Web0005,6,49125,443,12,80,1133,42431
23810.84022805504,9.9,Web0006,DB0001,6,46903,5432,66,60,8866,47304
23830.814845270805,12.878,Comp0026,FS0003,6,4176,445,17,14,297,13796
23831.78684011171,8.281,Web0003,DB0003,6,58247,3306,17,74,13732,4966
23842.060759248157,0.01,Web0005,DNS0002,17,40304,53,2,3,40,263
23851.789755531143,14.539,Web0003,DB0003,6,48503,5432,7,71,6903,153952
23866.12138069732,6.745,Proxy0001,Ext0003,6,29155,443,17,11,243,11346
23886.369488379056,0.342,Comp0003,Web0004,6,64230,443,10,14,2692,10691
23970.296934369064,5.823,Mail0002,Ext0036,6,48815,25,6,10,146,952
23992.126980579866,0.192,FS0001,DNS0002,17,38744,53,3,3,41,167
23992.858503246433,0.912,Comp0018,DNS0002,17,15928,53,2,3,45,82
24089.195846242128,6.328,Comp0069,Web0005,6,50035,443,5,127,3948,16428
24212.39934909354,0.085,Comp0054,DNS0001,17,59747,53,2,2,60,158
24231.512692025597,0.183,Comp0040,DNS0001,17,19436,53,2,3,80,95
24241.341588119427,5.378,Proxy0001,Ext0007,6,60900,443,12,14,228,2048
24251.790972841707,1.688,Comp0043,Proxy0001,6,21337,3128,4,26,414,5456
24255.490845309632,0.252,Comp0033,DNS0001,17,45996,53,3,3,59,74
24271.645552964637,0.982,Comp0056,Web0001,6,57770,443,25,43,441,1672
24282.496603056472,1.399,Proxy0002,Ext0035,6,45986,443,11,17,133,1222
24294.006473108057,0.021,DNS0002,DC0001,6,23748,389,7,7,105,661
24295.85641916876,4.655,Comp0076,Web0006,6,49351,80,10,40,726,7686
24298.93884605893,8.715,Comp0047,DC0002,6,55596,389,13,4,222,530
24320.37142448975,16.486,Web0004,DB0003,6,41317,3306,33,274,3083,3570
24347.071852771674,7.215,Web0006,DB0001,6,35289,5432,12,268,1056,2562
24459.846532790245,7.158,Comp0073,Web0005,6,34103,443,6,80,2730,3818
24527.274384143846,0.328,Web0005,DB0002,6,46130,3306,22,137,1091,33090
24534.72970896702,3.281,Comp0002,DC0002,6,32259,88,6,4,474,396
24585.693303165794,0.07,Proxy0002,Ext0028,6,37941,443,6,13,445,6394
24604.156550916876,14.023,Comp0025,DC0001,6,17844,88,9,6,516,1678
24645.295977377617,0.115,Comp0054,Web0002,6,5231,443,4,42,212,6644
24680.485090613227,0.243,Comp0010,DNS0002,17,54428,53,3,3,32,87
24681.753407418397,17.725,Web0003,DB0003,6,39860,3306,17,141,2889,18235
24694.05294361454,9.191,Web0001,DB0003,6,4584,5432,62,133,1870,23984
24712.34924792993,6.577,Comp0023,Proxy0001,6,30609,3128,4,22,465,8850
24751.333672924135,15.095,Web0006,DB0001,6,12009,5432,14,124,740,11654
24792.986341904125,1.679,Comp0047,Proxy0001,6,1071,3128,33,35,1710,1784
24825.421694590532,0.17,FS0003,DC0001,6,60468,88,5,8,243,135
24848.211308994043,4.585,Comp0012,DC0002,6,62094,389,7,6,466,2349
24874.594314202554,2.095,DB0002,DC0002,6,57697,389,6,5,600,654
24903.28449376759,0.77,Comp0073,DNS0002,17,42785,53,3,3,29,143
24930.933437734267,5.164,Comp0050,Mail0002,6,28317,587,3,10,111,380
24981.550755638942,3.158,Web0003,DB0004,6,42203,5432,43,40,17406,109781
25023.089593934008,0.19,Comp0059,DNS0001,17,43876,53,3,2,122,128
25049.951712039136,10.459,Comp0077,Mail0001,6,60813,587,5,16,305,536
25066.77473136218,0.109,Comp0023,DNS0002,17,35995,53,3,2,33,118
25077.95057735894,0.506,Comp0005,DC0001,6,40071,389,13,6,638,1039
25104.152505628812,13.8,Comp0051,Proxy0001,6,28815,3128,12,256,776,9571
25105.34958859375,41.501,Comp0026,DC0002,6,34813,445,16,150,2202,10759
25136.14522104667,0.038,Comp0012,DNS0002,17,45940,53,3,2,73,73
25144.88125321507,6.267,Comp0063,Proxy0001,6,44040,3128,7,11,722,77467
25146.05650219663,1.168,Comp0029,Web0004,6,11151,443,5,29,1914,16509
25159.71478856228,7.048,Comp0007,DC0001,6,51389,389,3,23,810,424
25175.219757141957,3.495,Proxy0002,Ext0031,6,19230,443,6,33,1751,4229
25206.159727812686,5.535,Proxy0002,Ext0019,6,7693,443,5,28,251,22338
25251.5121889942,1.049,Comp0064,Web0005,6,39344,443,10,12,1354,11825
25259.61402743839,0.091,DB0003,DNS0001,17,18293,53,2,4,78,454
25311.105314973505,0.48,Mail0002,Ext0036,6,48310,25,10,3,224,1504
25335.457421084717,0.604,Comp0058,DNS0002,17,5120,53,2,3,90,45
25337.875965216255,1.745,Comp0039,Proxy0001,6,38507,3128,16,105,349,7290
25351.884694219127,7.651,Mail0002,Ext0023,6,52438,25,6,4,133,450
25393.734412847258,2.489,Comp0025,Web0002,6,15291,443,7,21,971,12217
25424.90962412733,0.197,Comp0073,DC0001,6,40451,389,11,3,224,715
25430.548185084757,0.569,Comp0040,Web0004,6,34384,443,10,24,239,20602
25436.519126162442,7.359,Comp0079,Web0004,6,29526,443,9,30,728,10707
25452.369668798532,0.431,Comp0063,Web0002,6,9443,80,10,60,530,15479
25490.084108789306,1.229,Mail0001,Ext0011,6,48344,25,3,8,255,1526
25519.81337084686,4.132,Comp0004,Web0001,6,28756,443,4,20,1220,15137
25545.742410698986,1.056,Comp0071,DC0002,6,64157,88,6,4,84,740
25576.85178463374,14.65,Web0003,DB0002,6,25896,3306,52,130,245,5131
25646.90050894063,0.13,Comp0052,DNS0001,17,47475,53,2,3,49,139
25690.417311039815,6.083,Comp0021,Proxy0001,6,42138,3128,11,20,335,6071
25717.45139545348,1.62,Web0005,DC0002,6,61453,389,11,13,870,2488
25723.46397048596,6.458,Comp0032,Proxy0002,6,6847,3128,3,37,504,851
25757.766018751103,0.056,DC0001,DNS0002,17,41528,53,2,2,163,106
25763.79650383469,6.11,Comp0018,Web0003,6,7204,443,8,39,280,611
25769.423890921284,4.39,Comp0011,Web0004,6,49507,443,23,75,334,3070
25777.386259147068,0.006,Comp0061,DNS0002,17,2975,53,2,2,96,130
25786.663613521265,0.444,Comp0023,DNS0002,17,20312,53,2,3,83,112
25817.12703732953,2.281,Comp0059,DC0001,6,38545,389,6,4,925,451
25823.72446496531,9.057,Comp0006,Web0004,6,21093,443,5,70,3457,24885
25853.480691983117,14.662,Web0002,DB0003,6,24279,5432,17,270,1245,6727
25920.9198932468,5.037,Comp0073,DC0001,6,47460,389,3,14,1300,1099
25957.35284779343,2.72,Comp0053,Web0006,6,11844,80,5,77,443,1026
26006.990001455455,0.446,Comp0054,DC0002,6,44091,88,7,4,319,388
26017.294871373928,0.033,Comp0039,DNS0001,17,26990,53,3,2,82,117
26042.884482931226,1.588,Comp0016,Web0005,6,22019,80,11,18,1252,8747
26058.841765241905,0.046,Web0006,DNS0001,17,24961,53,3,2,40,93
26108.667886576535,17.388,Comp0069,Web0003,6,28921,80,7,29,137,15036
26134.265221607293,14.117,Comp0060,Web0005,6,7855,443,10,15,1211,1352
26140.06599701371,2.403,Comp0018,DC0001,6,4998,88,8,7,326,427
26142.164759396088,5.037,Proxy0001,Ext0027,6,42690,80,6,31,813,34114
26171.988628552306,12.143,Comp0025,FS0001,6,9983,445,19,75,161,6792
26176.453001496568,0.325,Comp0077,DNS0002,17,58828,53,2,3,38,267
26204.684725569412,2.698,Comp0045,DC0001,6,63658,88,14,3,717,245
26205.10919019855,19.05,Web0002,DB0001,6,46666,5432,21,320,3433,71993
26222.80732369205,2.753,Comp0010,DC0002,6,40384,88,2,23,457,996
26243.584459035395,2.454,Comp0010,FS0002,6,30565,445,31,182,863,24276
26249.23615556475,25.775,Comp0017,FS0003,6,16640,445,16,37,3269,32309
26279.86685716833,1.296,Comp0080,Proxy0001,6,15405,3128,3,129,192,2425
26286.322257268923,8.463,Comp0036,Web0005,6,59644,443,4,151,476,4309
26302.97386172133,2.277,Comp0037,DC0002,6,60731,445,95,56,157,3528
26352.390639806097,0.007,Comp0073,DNS0002,17,65416,53,3,3,60,137
26379.666267653254,0.37,Comp0029,DNS0002,17,8327,53,2,2,63,131
26390.16966177264,0.595,Proxy0002,Ext0009,6,53197,443,6,19,416,8799
26497.84584375788,0.097,Comp0022,Mail0001,6,37662,993,5,19,213,3183
26501.56418809594,4.549,Comp0066,DC0001,6,62418,88,5,3,290,1285
26507.217991728718,2.383,Proxy0001,Ext0012,6,56508,443,12,23,1212,1812
26509.765205386473,1.858,Comp0063,Mail0002,6,54346,993,8,4,1168,5586
26523.049501222034,1.29,Proxy0001,Ext0016,6,59222,80,10,48,1024,10459
26556.0974895865,0.889,Comp0018,DC0001,6,18598,88,5,3,3440,2454
26557.870117533836,2.61,Comp0052,FS0002,6,15399,445,18,664,279,89077
26588.817426984708,1.902,Comp0030,Web0005,6,11070,443,7,62,2211,6032
26604.157804313378,0.705,Comp0010,DNS0001,17,1990,53,2,2,60,180
26604.495295969544,0.455,Comp0060,DNS0002,17,16888,53,2,2,57,62
26616.037005818707,4.378,Comp0044,Mail0001,6,58436,993,3,10,2082,1336
26629.885728814665,2.614,Comp0044,Proxy0001,6,25316,3128,11,44,3780,9369
26630.531617102253,10.051,Proxy0002,Ext0016,6,15756,80,9,9,641,4350
26650.95891812209,0.057,Comp0048,DNS0002,17,2376,53,2,3,76,134
26669.9182739905,20.089,Proxy0002,Ext0000,6,15260,443,7,31,1058,4179
26673.22420815544,0.027,Comp0039,DNS0001,17,57209,53,2,3,63,119
26727.6100677113,0.859,Proxy0002,Ext0006,6,57065,443,4,25,379,1503
26729.618700311537,2.367,Web0006,DB0002,6,1661,5432,60,160,323,12277
26749.528771980975,0.199,Comp0065,Proxy0002,6,49546,3128,25,72,386,5403
26755.684614597267,0.354,Proxy0002,Ext0037,6,2068,80,7,147,483,5752
26763.857683788807,0.24,Comp0031,DNS0001,17,16925,53,2,4,51,85
26769.83960575642,14.4,Comp0078,Web0001,6,8384,443,24,183,1093,4365
26771.407640102156,0.232,Web0005,DNS0001,17,12663,53,2,3,61,64
26779.67168980419,1.859,Comp0073,Web0003,6,1322,443,26,26,5784,9482
26804.216888600295,0.241,Comp0027,Web0005,6,7870,443,4,22,820,10522
26807.518463420856,0.175,Comp0050,DNS0001,17,51892,53,2,2,61,69
26823.41048062563,0.737,Comp0023,Proxy0002,6,1293,3128,2,12,868,3263
26826.33639728538,9.509,Comp0078,Web0005,6,46646,443,18,90,551,16914
26837.85176978125,0.142,Comp0040,DNS0001,17,16706,53,2,2,68,102
26856.637141744424,15.503,Comp0055,FS0003,6,5149,445,122,71,2544,6249
26871.251133933547,23.669,Comp0039,Web0003,6,8546,443,20,20,713,13635
26887.02835805482,0.059,Comp0040,DNS0002,17,3954,53,3,3,58,224
26891.138576086138,0.052,Comp0035,DNS0002,17,60808,53,2,3,73,71
26903.754591821646,5.111,Comp0057,DC0002,6,17982,445,16,135,5482,13234
26909.86443827274,28.518,Comp0054,DC0001,6,39408,445,31,47,379,21832
26975.018261839796,1.807,Comp0071,Web0002,6,41595,80,7,41,274,645
27039.41472464851,9.175,Comp0048,Web0004,6,4686,443,27,77,1214,5795
27057.39828079793,10.862,Comp0022,Web0006,6,17361,443,4,45,995,10795
27104.90621407731,1.376,Comp0055,DC0001,6,26542,88,6,4,683,798
27111.136647991985,35.273,Web0004,DB0002,6,41095,3306,52,38,5628,3011
27112.16264791272,0.708,Comp0040,FS0001,6,46565,445,31,81,411,29991
27115.619457113662,4.419,Comp0057,DC0002,6,45034,445,16,88,6081,1826
27122.197230365753,0.006,Comp0066,DNS0001,17,58976,53,2,4,74,355
27132.156844535657,10.82,Comp0036,DC0002,6,16280,445,17,22,7921,7574
27137.988674785676,1.519,Comp0032,Proxy0001,6,34435,3128,6,134,618,1341
27157.56360292904,6.777,Comp0059,Web0006,6,54902,80,8,127,1173,6050
27171.163929846647,0.252,Comp0028,DNS0002,17,38499,53,3,3,103,261
27188.618462593287,0.21,Comp0059,DNS0001,17,46788,53,3,2,95,116
27197.638850183037,0.128,Comp0050,DNS0002,17,54049,53,2,2,46,142
27213.34331581247,5.994,Comp0079,DC0001,6,62957,88,2,4,164,763
27219.140079367207,6.365,Comp0036,Proxy0002,6,38097,3128,7,16,2047,7195
27231.553664378807,0.129,Comp0003,DNS0002,17,7628,53,2,3,148,72
27258.088105239443,0.068,Comp0055,DNS0002,17,25604,53,2,2,115,83
27273.712813301438,0.318,Web0002,DNS0001,17,23610,53,3,2,42,306
27275.373318329417,3.433,Comp0022,Web0001,6,27481,443,20,20,658,2159
27299.930184011773,1.212,Comp0057,Web0004,6,2043,80,6,23,560,9537
27308.161472565156,0.186,Comp0020,DNS0001,17,44867,53,2,2,78,146
27308.454838834357,0.05,Proxy0001,Ext0012,6,60264,443,10,40,338,13846
27389.260261849562,2.255,Comp0033,Proxy0001,6,17306,3128,6,61,1153,7132
27408.577227503498,5.959,Web0001,DB0001,6,52015,5432,18,51,1291,60318
27431.234332069725,0.242,Comp0057,FS0002,6,13913,445,10,227,4354,21419
27443.15989625009,2.414,Comp0061,Web0005,6,60835,443,7,30,3162,5928
27449.94307764666,0.031,Comp0067,DNS0002,17,28998,53,3,3,44,168
27459.116656911643,5.968,Comp0004,Web0001,6,52860,80,17,15,3495,2394
27469.76635460445,1.624,Comp0066,Web0005,6,29057,443,5,54,522,18187
27494.32283510815,12.691,Comp0056,Web0005,6,7624,443,10,45,1550,22688
27507.380629209427,6.853,Comp0064,Web0003,6,59219,443,5,106,902,11083
27523.499163657103,0.159,Comp0040,DNS0002,17,10895,53,2,3,79,129
27527.698910572522,5.663,Web0004,DB0003,6,32584,5432,32,28,1055,952
27540.358731682707,0.012,Comp0058,Web0006,6,35405,443,6,6,274,13056
27550.139552857654,7.701,Proxy0002,Ext0031,6,1106,443,6,44,1395,6707
27569.1282657892,1.75,Comp0041,FS0002,6,2370,445,24,191,2529,17862
27586.689829228202,1.081,Comp0075,Web0001,6,22319,80,13,50,634,8225
27618.365675573932,10.666,Web0003,DB0001,6,63123,5432,6,69,1524,11521
27633.79735575805,8.715,Web0005,DB0002,6,42786,3306,66,176,380,2786
27635.817059735175,2.055,Comp0079,Web0004,6,57723,443,14,35,758,10380
27642.186209213687,5.849,Comp0059,Proxy0001,6,5803,3128,21,15,327,7368
27647.643168222592,0.205,Comp0039,Mail0001,6,23439,587,5,11,2221,455
27657.743061503243,2.649,Comp0079,DC0001,6,48549,88,8,3,654,211
27668.809973504918,0.025,Comp0043,DNS0001,17,51611,53,2,2,35,218
27708.645501872554,4.559,Comp0040,Web0002,6,58178,443,12,50,645,2540
27729.181766615944,4.36,Comp0022,Web0002,6,6301,443,7,28,243,13408
27750.285196976405,0.372,Comp0028,DNS0002,17,2308,53,3,2,89,124
27754.15506952514,0.25,Comp0021,DNS0002,17,47482,53,3,3,91,261
27764.972521893364,0.002,Comp0048,DNS0002,17,26625,53,2,3,88,84
27786.89888700931,30.506,Web0006,DB0001,6,18152,5432,58,248,702,2008
27793.425123209818,7.933,Comp0043,Web0006,6,4720,443,17,79,2922,5458
27795.7660751343,0.722,Comp0064,Proxy0002,6,23482,3128,9,56,312,1611
27884.926050667036,8.107,Comp0075,DC0001,6,16351,445,9,217,1393,38810
27887.667893321835,16.178,Comp0068,DC0001,6,33003,445,21,60,4850,3270
27892.096109942275,9.852,Comp0038,Web0001,6,25357,443,6,38,496,34452
27892.245824848207,1.825,Comp0018,DC0001,6,21657,88,5,7,1621,1229
27895.752303772573,1.296,Comp0061,FS0001,6,63201,445,11,79,3319,9035
27897.62574613717,0.105,FS0003,DNS0002,17,26754,53,2,2,90,177
27909.1927456728,0.202,Comp0066,DNS0001,17,11275,53,3,3,66,117
27917.092683141804,0.304,Comp0080,DNS0002,17,29472,53,3,3,55,98
27952.55764673034,0.742,Comp0073,DNS0001,17,58578,53,3,3,27,262
27968.317281694755,4.81,Comp0068,Proxy0002,6,61223,3128,8,20,403,56314
28026.153693542066,9.445,Comp0019,Web0005,6,45715,443,9,46,646,8222
28037.191267372098,0.785,Comp0072,DC0002,6,12848,88,7,19,370,789
28039.167660183994,0.099,Comp0019,DNS0001,17,25753,53,2,2,56,454
28053.19480123937,8.939,Comp0033,Mail0001,6,31243,993,9,22,542,208
28077.54071615366,5.348,Comp0025,Web0001,6,21441,443,18,24,1907,3007
28079.23744311077,3.513,Comp0001,Web0003,6,28961,443,7,6,7485,5467
28084.56234866108,15.89,Comp0005,FS0001,6,33386,445,24,100,2606,31797
28087.536054817778,0.142,Web0006,DNS0001,17,32088,53,3,2,61,85
28101.915229915972,0.172,Comp0048,DNS0002,17,43358,53,2,4,85,101
28127.57701691134,0.54,Comp0043,Mail0002,6,53711,993,7,4,845,1307
28133.30111003835,10.501,Comp0004,Web0006,6,38860,80,34,6,270,9092
28140.095685998156,0.021,Comp0065,DNS0001,17,37642,53,2,2,100,148
28144.531249797397,0.02,Comp0077,DNS0002,17,40064,53,2,2,73,128
28145.37974683291,0.165,Comp0075,DNS0002,17,4331,53,2,2,72,134
28181.336973923346,0.148,Comp0003,DNS0001,17,62612,53,3,4,39,83
28203.96922140232,0.001,Comp0010,DNS0002,17,36829,53,2,3,100,85
28238.51591342608,0.851,Proxy0002,Ext0010,6,27644,443,4,57,253,2071
28251.295609377565,34.782,Proxy0001,Ext0010,6,4128,80,8,51,319,1497
28276.576257464156,6.519,Comp0023,Web0004,6,24455,80,4,50,677,7973
28286.456107731112,7.029,Web0005,DB0004,6,50866,3306,26,42,216,28915
28287.97716005927,0.11,Comp0051,DNS0001,17,27224,53,2,3,45,105
28291.190822065048,1.407,Comp0032,Proxy0001,6,37990,3128,21,39,827,2440
28291.60706956619,4.444,Comp0067,DC0001,6,12750,88,6,13,167,1901
28312.78671398725,7.04,Comp0052,Web0004,6,25921,443,12,108,522,3297
28326.15446174182,0.15,Comp0076,DNS0002,17,5615,53,3,2,65,168
28357.614894218455,9.887,Comp0030,Web0004,6,42138,80,25,44,290,4585
28370.926629499176,2.229,Comp0037,DC0002,6,59380,88,11,12,1175,311
28402.051946405165,0.034,Mail0001,DNS0002,17,15477,53,2,3,41,190
28402.708667859653,9.87,Comp0037,Web0004,6,33345,443,4,33,546,4800
28455.310391364328,0.189,Comp0036,DNS0002,17,28788,53,2,2,90,136
28472.01403193938,2.959,Comp0042,DC0002,6,47259,88,2,5,59,2061
28478.977822997702,32.64,Comp0002,DC0001,6,15068,445,39,134,4977,4111
28486.71077204835,5.277,Comp0033,Proxy0002,6,34622,3128,8,38,626,7181
28538.347268356574,3.101,Comp0011,FS0003,6,47356,445,70,28,5225,8706
28541.73707036986,19.273,Comp0036,FS0001,6,14478,445,32,80,1372,13230
28573.719846975106,0.669,Comp0003,Web0003,6,9362,443,8,35,3934,7020
28583.443333259962,0.102,Comp0049,DC0002,6,55461,389,3,9,403,275
28592.090394931587,17.129,Web0005,DB0003,6,2888,5432,12,88,3296,8231
28621.362832537667,3.715,Web0006,DB0004,6,21297,3306,9,189,12189,34561
28623.2143573066,4.558,Comp0063,FS0002,6,6489,445,32,93,1771,7761
28631.021264163417,9.733,Proxy0001,Ext0039,6,35906,443,5,29,547,4795
28643.855422967037,0.242,Mail0001,Ext0034,6,25847,25,11,6,227,576
28648.50981987737,0.302,Comp0062,DNS0001,17,54883,53,2,3,61,217
28665.534942218663,44.261,Comp0014,FS0003,6,59638,445,26,36,4182,81035
28675.054523768682,1.536,Comp0066,Proxy0001,6,29766,3128,7,42,863,5973
28677.738091795953,1.979,Comp0021,Web0006,6,51130,80,16,20,1442,7982
28680.220792615677,0.674,Comp0007,Web0002,6,27698,443,11,14,332,2852
28710.053850262306,0.548,Comp0070,DNS0002,17,53286,53,3,2,47,131
28712.80319116526,4.945,Comp0078,DC0001,6,6930,88,15,5,161,567
28755.991609630302,2.406,Comp0011,Web0001,6,12569,443,10,34,241,5484
28773.687955917932,2.17,Comp0044,Web0006,6,28211,443,17,17,816,6593
28790.88229309285,0.209,Comp0025,DNS0001,17,41978,53,2,3,105,204
28791.798179480757,0.063,Comp0005,DNS0002,17,9932,53,3,3,104,168
28794.1454914797,1.453,Comp0073,DC0002,6,61534,88,4,4,414,251
28833.821739015522,2.212,Comp0074,DC0002,6,42399,389,11,21,141,757
28833.866898426542,1.59,Comp0045,Web0005,6,8087,443,16,55,325,61913
28836.965921211053,3.052,Comp0039,Web0005,6,5584,443,15,53,325,14741
28850.01787065063,0.26,Comp0005,DNS0002,17,23800,53,2,2,48,156
28894.21420043009,7.675,Comp0019,Proxy0002,6,2435,3128,8,43,1039,5465
28923.981448798422,4.891,Comp0019,Mail0001,6,12311,587,4,5,129,464
28928.874112989197,0.27,Comp0046,DNS0002,17,8371,53,2,3,20,284
28932.197195345365,0.006,Proxy0002,Ext0023,6,51773,443,5,24,566,4679
28936.100324359588,18.441,Comp0021,Web0006,6,4863,443,21,32,194,2378
28948.852798566608,11.236,Proxy0001,Ext0031,6,1528,80,14,13,251,5482
28976.680085918015,2.754,Comp0018,Proxy0001,6,11083,3128,10,16,487,13886
28990.41209909511,6.558,Proxy0002,Ext0002,6,17146,443,20,67,113,6467
29002.99436297028,8.207,Comp0048,Proxy0002,6,26540,3128,4,23,730,20401
29012.670191966576,1.86,Comp0051,Web0005,6,54947,80,7,10,317,3786
29040.11305337906,0.186,Comp0063,DNS0001,17,35794,53,2,2,107,146
29043.616223803936,9.655,Web0003,DB0004,6,59878,3306,24,453,4376,6827
29046.202801203148,0.302,Comp0034,Mail0001,6,34044,587,9,7,945,1236
29059.461607810164,1.62,Comp0014,Web0005,6,59004,443,7,23,925,3268
29069.562681056937,0.035,Comp0047,DNS0002,17,20400,53,2,3,58,232
29081.311846559656,9.521,Comp0054,Web0005,6,6299,80,3,49,2563,9722
29090.93596467503,1.193,Proxy0002,Ext0027,6,5261,443,12,37,567,1127
29095.571303119097,0.556,Comp0044,Web0005,6,61698,80,9,46,2340,10655
29097.056878591167,28.325,Web0001,DB0004,6,46717,3306,34,839,4032,29030
29101.69842335659,0.2,Comp0068,DNS0002,17,5037,53,3,3,36,202
29107.096437452077,2.152,Comp0071,Web0001,6,13606,443,5,59,811,3998
29114.164478748717,3.827,Comp0059,Proxy0001,6,10160,3128,12,27,402,37932
29120.973506556533,0.268,Comp0033,DNS0002,17,45163,53,3,2,38,94
29124.851452433097,0.057,Comp0030,DNS0001,17,26326,53,2,2,88,180
29131.085100208715,0.133,Web0004,DNS0001,17,29110,53,2,3,97,281
29137.583541425873,7.544,Comp0067,Mail0002,6,41970,993,3,11,249,305
29138.79222805248,0.04,Comp0011,DNS0001,17,56996,53,2,2,65,199
29138.84638691213,12.885,Comp0022,Proxy0001,6,63969,3128,5,170,362,9157
29149.11980780196,9.098,Comp0063,DC0001,6,30527,389,5,9,1467,5373
29190.80311741718,0.324,Comp0079,Web0005,6,44883,443,13,54,1991,18424
29253.534102852867,0.0,Comp0007,DNS0002,17,18011,53,2,2,121,473
29255.729870599618,1.166,Comp0019,Web0002,6,65375,443,7,48,558,7670
29280.436774921443,5.581,Web0001,DB0004,6,3099,3306,5,93,332,11491
29283.83688101771,0.211,Comp0057,DNS0002,17,10121,53,2,3,71,103
29286.78695505393,0.343,Comp0051,DNS0002,17,11709,53,2,3,77,290
29307.06559561435,22.862,Comp0079,Web0001,6,2043,80,5,117,105,2067
29333.00475950045,0.687,Proxy0002,Ext0007,6,44060,443,46,28,725,10678
29340.193406798622,6.352,Comp0017,Proxy0001,6,62078,3128,6,108,621,5427
29375.236667004174,23.841,Web0006,DB0001,6,3179,3306,15,41,758,2518
29401.682396606877,4.03,Comp0071,Proxy0001,6,31914,3128,6,59,432,2337
29415.367431388993,0.022,Comp0016,DNS0002,17,61317,53,3,3,126,126
29421.036788924186,0.037,Comp0061,DNS0002,17,29651,53,2,2,75,267
29427.48885335339,4.435,Comp0022,Web0001,6,37095,80,9,16,1885,7564
29442.731202970266,3.118,Comp0026,Web0005,6,15631,443,12,68,217,15756
29470.85577052945,2.267,Comp0057,FS0002,6,9029,445,15,61,952,10396
29471.413034045472,0.078,Comp0044,DNS0001,17,61803,53,2,3,79,276
29483.92381048204,3.773,Comp0037,Web0003,6,26558,443,30,28,218,68746
29509.521717295487,3.053,Comp0029,Web0006,6,64714,443,14,85,1740,21753
29512.950469066694,1.027,Comp0078,Web0002,6,25105,443,25,26,571,7808
29522.0364296579,0.026,Proxy0001,DNS0001,17,24699,53,2,2,83,186
29524.17119157415,6.078,Comp0004,Proxy0002,6,55482,3128,5,17,167,556
29533.55046900404,0.396,Comp0056,DNS0002,17,26504,53,2,2,80,164
29593.298401415293,0.329,Comp0007,DNS0002,17,23271,53,3,2,82,67
29594.343661634626,1.812,Comp0007,Web0005,6,23552,443,48,92,1811,5302
29594.915318079267,6.855,Comp0042,Web0003,6,60646,443,7,45,2624,2462
29615.989871814036,5.936,Comp0050,Proxy0002,6,14932,3128,10,21,765,8353
29618.04591149263,0.374,Comp0039,DNS0002,17,42121,53,2,3,73,162
29622.67577347415,0.178,Comp0043,DNS0002,17,26308,53,3,2,81,156
29635.99159211544,0.732,Comp0019,DNS0002,17,16173,53,2,3,77,224
29640.884104640267,10.188,Proxy0001,Ext0008,6,56640,443,19,88,1444,3729
29651.976404762267,9.559,Comp0050,Web0002,6,19354,80,32,70,849,1246
29684.041320811335,0.388,Comp0069,Proxy0002,6,36525,3128,16,37,3579,12721
29713.43955945926,14.118,Comp0066,Web0004,6,17600,443,9,20,157,7495
29737.688661670974,0.779,Comp0063,Web0002,6,24712,443,7,32,2560,3652
29741.91519188518,0.137,Comp0004,DC0001,6,20425,389,6,3,961,1148
29743.645345200923,0.104,Comp0037,DNS0001,17,58142,53,3,2,68,111
29747.452640065516,2.342,Comp0017,Web0001,6,30515,443,8,63,1300,3143
29756.286030076164,0.381,Comp0004,DNS0001,17,13750,53,2,2,121,92
29758.62556714542,0.084,Comp0013,DNS0001,17,57429,53,3,2,53,107
29759.45918527688,7.341,Comp0069,DC0002,6,35783,88,4,10,476,1412
29774.301982354333,8.33,Web0005,DB0004,6,54126,3306,10,50,486,9045
29782.23880849877,1.723,Web0006,DB0004,6,21285,5432,17,125,2070,2611
29791.39912647561,3.338,Proxy0001,Ext0003,6,4820,443,10,23,897,5347
29808.973826400495,0.078,Comp0042,DNS0001,17,62165,53,3,2,102,192
29809.179040761137,4.648,Comp0060,Mail0001,6,52689,993,3,4,219,842
29811.316695961494,0.284,Comp0016,DNS0002,17,17354,53,2,2,72,223
29821.502088479658,3.211,Comp0047,Web0005,6,64385,443,18,67,424,3061
29830.149399924703,0.288,Comp0030,DC0002,6,55803,389,2,5,640,530
29852.30426651854,0.176,FS0002,DC0001,6,55656,88,12,7,103,698
29878.677970566085,3.581,Comp0015,Web0004,6,22105,443,20,55,377,2825
29883.256407550252,3.718,Proxy0002,Ext0020,6,46477,443,9,188,562,23064
29906.606300715503,6.452,Comp0069,Proxy0001,6,54658,3128,14,90,586,18440
29930.172699824045,1.006,Comp0011,Web0003,6,64786,80,17,94,633,1177
29930.33238327316,1.563,Comp0078,DC0001,6,31590,88,7,5,412,596
29939.212291051626,0.372,Comp0040,Web0004,6,46772,443,10,17,438,6910
29951.17029715042,0.075,Web0004,DNS0002,17,47347,53,2,3,69,531
29954.513817474042,1.076,Proxy0002,Ext0018,6,12212,443,8,54,973,5440
29955.845948542355,11.66,Comp0067,Web0001,6,51927,80,11,90,1939,4432
29964.77727439505,14.169,Comp0036,Web0005,6,50601,443,26,12,277,8666
29977.147513968786,0.439,Comp0056,DNS0001,17,27313,53,2,2,34,168
30019.695422255412,0.541,Comp0020,DNS0002,17,44784,53,2,2,162,230
30060.65672088117,4.283,Comp0032,Mail0001,6,2312,993,5,8,979,81
30063.388057447828,6.395,Comp0073,Web0005,6,4388,443,11,23,695,642
30064.875403877417,1.531,Comp0074,Web0006,6,2279,443,4,14,1037,34612
30073.83667063727,0.067,Comp0027,DNS0002,17,22787,53,3,3,74,141
30086.83869430122,6.133,Comp0062,DC0001,6,17381,88,3,8,141,335
30102.84478469231,12.996,Comp0013,Web0005,6,27427,80,2,60,2154,3837
30118.8029743359,0.34,Web0001,DNS0001,17,40217,53,3,2,116,116
30141.99175512467,3.039,Comp0044,Web0003,6,55410,443,7,41,908,1547
30152.617967987277,6.159,Comp0028,FS0001,6,15184,445,6,23,1201,7819
30153.731131571716,29.934,Comp0049,FS0003,6,38892,445,56,44,373,10069
30168.255448612974,0.095,Comp0036,DNS0001,17,50145,53,2,5,213,74
30177.41137989928,12.795,Comp0072,Proxy0001,6,60389,3128,15,12,798,1381
30193.237305601822,0.216,Comp0019,DNS0002,17,11385,53,2,3,54,119
30204.048417386104,1.148,Comp0076,Web0001,6,49210,443,9,25,383,8014
30209.152504197093,0.546,Mail0001,DNS0001,17,40223,53,2,2,95,135
30220.841652262712,0.021,Comp0033,DNS0001,17,15535,53,2,2,163,129
30225.745319231,6.784,Comp0017,FS0001,6,49276,445,6,30,1447,4693
30228.067393975914,0.04,Comp0035,DNS0002,17,42762,53,2,3,55,153
30232.666839159545,1.12,Comp0044,DC0002,6,31143,389,6,10,382,152
30237.41999576331,0.19,Comp0006,Proxy0001,6,48306,3128,22,31,709,5182
30238.715633320873,0.03,Comp0062,DNS0002,17,51785,53,2,3,56,78
30258.30375208831,1.836,Comp0058,Web0006,6,52478,443,9,24,577,7754
30261.395128308814,28.218,Comp0003,Web0001,6,10849,80,10,44,339,5555
30309.03690637472,5.067,Web0004,DB0003,6,59736,3306,6,89,187,7183
30315.813945042013,7.905,Proxy0001,Ext0023,6,6763,443,7,80,324,4932
30327.805825121657,1.36,Comp0029,Proxy0002,6,8280,3128,23,66,378,5243
30346.171056539275,10.466,Comp0041,Web0004,6,28045,80,32,22,1855,16507
30355.005113826875,10.705,Comp0056,Web0001,6,56467,443,16,51,412,5719
30357.453163544786,0.895,Proxy0001,Ext0036,6,3392,443,5,45,1054,8819
30367.90445245326,11.629,Comp0071,Web0006,6,45249,80,12,128,318,6429
30373.268207918307,0.117,Comp0026,DNS0002,17,35301,53,3,2,122,480
30378.341214365355,6.122,Comp0061,Web0005,6,2514,80,6,26,456,5429
30379.704544192176,2.309,Comp0051,Mail0002,6,1413,993,3,9,1664,170
30381.515608931233,1.891,Comp0011,Proxy0001,6,30924,3128,20,60,2650,9298
30397.01831403517,2.944,Comp0042,FS0003,6,44558,445,22,70,721,3051
30406.724930641903,0.304,Comp0024,DNS0001,17,8631,53,2,2,39,78
30450.717280553625,5.854,Comp0069,DC0002,6,30769,389,11,4,1440,1601
30481.837843735688,0.701,Comp0072,Web0006,6,55188,443,4,172,650,10162
30502.890321048257,10.216,Comp0011,Web0002,6,3182,443,21,27,831,5896
30518.743697842892,8.983,Comp0055,FS0001,6,10177,445,19,261,1750,2918
30523.14814016321,0.419,Comp0042,DNS0001,17,40425,53,2,2,44,113
30524.024926792994,2.792,Comp0068,Web0005,6,45402,443,7,34,922,4705
30526.028958768882,0.542,Comp0028,DNS0001,17,41100,53,2,2,55,175
30537.91062872617,9.464,Proxy0002,Ext0018,6,23498,443,5,17,2018,41236
30570.303773745807,11.363,Comp0021,FS0002,6,6964,445,13,388,525,1245
30579.4511368155,0.116,Comp0004,DNS0002,17,52905,53,2,3,147,120
30583.330227078113,19.792,Web0004,DB0004,6,38995,3306,44,121,6768,8326
30591.61424144806,0.029,Comp0075,DNS0001,17,54946,53,2,3,72,124
30597.407235184564,0.041,Comp0020,DNS0001,17,62738,53,3,2,54,353
30601.85682257007,0.07,Comp0038,DNS0001,17,53968,53,2,2,42,266
30602.361198474537,0.1,Comp0027,DNS0002,17,9086,53,3,3,69,78
30608.779258628514,0.16,Comp0062,DNS0001,17,19518,53,3,2,20,93
30623.789885090777,0.281,Comp0066,DC0002,6,35990,88,13,6,1498,1124
30630.752622979286,0.554,Comp0062,Web0005,6,53629,80,11,13,486,69254
30638.09603227756,0.548,Comp0049,DNS0001,17,55760,53,2,3,82,145
30644.720235126515,1.222,Comp0080,Mail0002,6,19804,587,3,8,353,548
30649.223826126035,0.098,Comp0060,DNS0002,17,51134,53,3,3,73,169
30655.210572360807,8.261,Proxy0001,Ext0037,6,29649,443,11,40,643,16152
30659.118393841956,0.041,Comp0060,DNS0001,17,13810,53,3,2,81,128
30671.41909050554,1.852,Comp0068,Mail0002,6,20836,587,3,30,889,307
30672.510712429805,0.221,Comp0034,DNS0002,17,40849,53,2,2,118,157
30686.81028427951,0.312,Comp0011,DNS0001,17,51348,53,2,3,70,266
30690.832920693883,18.718,Web0005,DB0004,6,62774,3306,15,207,6272,63726
30736.749385025953,5.897,Comp0018,Web0006,6,1780,443,8,30,403,3369
30741.698147011957,3.487,Comp0013,Proxy0002,6,45155,3128,5,32,614,3294
30743.01838726641,1.006,Comp0039,Web0005,6,23588,443,12,88,835,824
30745.87430468458,2.039,Comp0017,DC0002,6,53964,88,9,6,164,420
30752.155580973696,11.893,Comp0023,Proxy0002,6,41311,3128,16,20,888,2559
30753.201783250654,9.616,Comp0067,Proxy0001,6,26282,3128,22,25,1216,2889
30753.895337460883,4.074,Proxy0002,Ext0015,6,41922,443,6,79,735,5490
30756.28154616571,7.423,Comp0036,Web0002,6,12448,80,4,72,39,90224
30763.44717400976,2.553,Comp0055,Proxy0002,6,6697,3128,11,26,748,21637
30766.251041444266,2.061,Comp0028,FS0003,6,43561,445,24,191,2050,499
30782.76688012987,0.242,Comp0080,DNS0002,17,3603,53,3,2,69,297
30791.016611991152,28.635,Comp0054,Web0002,6,6986,80,5,94,606,25586
30794.47558866569,0.231,Web0006,DNS0001,17,24140,53,3,3,57,212
30819.479777424967,14.702,Comp0065,Proxy0002,6,55457,3128,16,37,121,2097
30844.11290742365,14.051,Comp0076,Mail0002,6,27058,993,4,8,1368,1005
30866.632143562056,8.619,Comp0021,Proxy0002,6,58404,3128,10,37,982,3005
30869.819192663075,1.257,Comp0004,Proxy0002,6,27709,3128,7,16,648,3230
30883.895843510232,0.256,Comp0055,DNS0002,17,21760,53,2,2,89,164
30887.324225799453,3.507,Comp0010,DC0002,6,21590,88,14,24,215,523
30894.568551514898,0.619,Comp0036,DNS0001,17,34179,53,2,3,83,88
30903.373443774733,4.18,Proxy0002,Ext0016,6,43411,443,3,31,2283,2959
30948.915239975395,0.072,Comp0057,DNS0002,17,55032,53,2,2,57,46
30966.21655063265,6.715,Comp0015,Proxy0001,6,45233,3128,14,34,597,6563
30981.24864048357,0.943,Comp0023,Mail0002,6,12732,993,5,4,275,542
30985.374738472834,4.567,Mail0001,Ext0035,6,20852,25,4,7,939,218
30993.389317523684,0.083,Comp0062,DNS0001,17,34746,53,2,2,68,153
31022.16337248217,27.208,Web0003,DB0002,6,33205,3306,29,22,1042,26425
31022.230812195106,6.909,Comp0046,DC0001,6,54833,88,5,10,1608,103
31029.74341922992,0.337,Comp0074,DNS0002,17,42751,53,2,3,42,269
31036.747911475002,0.032,Comp0072,DNS0002,17,18797,53,2,3,65,91
31040.19983797097,2.602,Comp0065,FS0003,6,42381,445,79,35,1086,4822
31050.92280580982,0.773,DC0002,DNS0002,17,35386,53,3,2,29,199
31053.56116355025,0.017,Comp0061,DNS0001,17,24208,53,2,2,65,156
31059.71217378407,1.246,Comp0066,Web0005,6,43204,80,6,33,1348,12827
31091.15382045389,6.838,Comp0003,Proxy0002,6,55159,3128,11,52,1261,13744
31093.236667185756,1.317,Comp0049,DNS0002,17,52712,53,2,3,80,182
31121.189809584965,0.198,Comp0067,DNS0002,17,26791,53,2,3,75,79
31153.045334428378,0.149,Comp0074,DC0002,6,61137,389,5,6,110,430
31158.638044662228,1.357,Comp0059,DC0002,6,55281,88,4,14,388,2012
31160.99434074327,4.047,Comp0007,Web0004,6,61888,443,8,41,1054,3519
31185.434679850383,0.689,Comp0062,DC0002,6,1470,389,2,2,705,639
31186.39109036625,9.825,Comp0066,Mail0002,6,2411,993,12,4,825,403
31193.309208265342,9.319,Proxy0001,Ext0036,6,28102,443,6,29,629,13791
31204.76361841192,0.411,Comp0024,DNS0001,17,57307,53,2,3,97,208
31205.431439608106,0.345,Comp0045,DNS0001,17,59985,53,2,2,121,180
31215.959148892813,6.154,Comp0018,FS0002,6,2106,445,13,37,1789,12461
31224.94218025455,1.781,Comp0002,Mail0002,6,22897,587,8,5,73,796
31227.15041448992,0.986,Comp0073,Proxy0002,6,34912,3128,6,14,303,6679
31236.345481139873,0.966,Comp0008,Proxy0002,6,47341,3128,3,36,726,1495
31240.257958577422,0.617,Comp0022,DNS0001,17,26484,53,2,3,60,286
31257.482794930605,1.399,Comp0068,Mail0002,6,42168,587,4,5,148,2625
31260.05364660714,2.328,Comp0053,Web0001,6,13523,443,6,20,637,1864
31262.913767165242,0.162,Comp0038,DNS0001,17,61267,53,2,2,69,66
31265.958494209684,3.874,Proxy0001,Ext0037,6,45240,443,12,26,255,29028
31268.410734777557,0.133,Comp0038,DNS0002,17,43329,53,3,3,74,182
31272.053114743798,0.312,Comp0075,DNS0002,17,32749,53,3,2,98,106
31275.17802457639,0.073,Comp0046,DNS0002,17,41035,53,2,2,95,173
31284.718032940807,0.03,Comp0005,Web0002,6,12104,80,5,10,156,18799
31284.75697545367,5.011,Comp0001,DC0001,6,40881,88,7,8,206,379
31309.769893010092,0.136,Comp0035,Web0006,6,20360,443,17,25,603,10072
31362.638290493815,0.481,Comp0027,DC0001,6,41365,88,9,27,510,933
31378.688745416897,6.762,Comp0030,Proxy0001,6,61813,3128,7,29,752,4703
31382.26054860382,0.68,Comp0076,Mail0001,6,12525,993,7,13,988,955
31403.872893699172,1.75,Comp0030,FS0001,6,20938,445,16,46,1097,16453
31408.129252139122,0.704,Comp0068,DNS0002,17,21459,53,2,4,63,84
31429.73392849807,0.291,Comp0005,Web0005,6,26008,443,6,34,390,1110
31487.89258879699,0.146,Comp0008,DNS0001,17,61520,53,2,2,28,301
31488.6795613908,0.014,Comp0079,DNS0001,17,32641,53,2,3,124,234
31492.499527121618,11.44,Comp0001,Web0005,6,62131,80,12,16,1330,3292
31494.879312796893,0.183,Comp0026,Web0006,6,29273,443,4,40,1132,3256
31495.873632231218,0.483,Comp0054,DNS0001,17,28431,53,2,3,52,69
31496.84854237839,0.026,Comp0033,Proxy0001,6,28845,3128,7,16,317,1555
31514.580539597384,2.044,Comp0049,DC0001,6,18648,389,4,4,489,643
31526.174080185887,3.509,Comp0001,FS0002,6,62844,445,34,145,2666,9425
31534.213125343384,0.128,Web0004,DNS0002,17,25618,53,2,3,44,246
31550.25590136655,0.1,Comp0068,DNS0001,17,37390,53,2,2,77,188
31565.990531587475,18.81,Comp0074,FS0002,6,3175,445,64,50,1617,12218
31568.509165353647,0.024,Comp0036,DNS0002,17,28677,53,2,3,25,241
31573.378351579897,5.022,Comp0075,DC0002,6,39081,88,9,6,367,270
31606.15747044768,4.244,Comp0022,DC0002,6,46861,389,9,5,376,408
31616.483814189163,3.9,Comp0016,Web0005,6,5155,80,3,10,935,12511
31616.539599719876,1.827,Comp0015,Web0006,6,31615,443,12,45,999,2342
31628.31033787982,7.642,Comp0003,FS0002,6,46165,445,48,385,3369,5013
31636.96767101772,0.146,Comp0040,DNS0001,17,11685,53,3,2,84,187
31637.137115433005,17.098,Web0001,DB0003,6,54612,3306,21,59,4867,5769
31640.204218767245,0.036,Comp0064,DNS0002,17,23621,53,2,2,72,346
31643.13641790175,1.513,Comp0065,Web0005,6,12344,443,9,48,140,2810
31654.410678486773,1.617,Comp0042,Mail0002,6,45016,993,5,9,1089,304
31654.76516310776,48.672,Comp0060,DC0002,6,58206,445,28,210,3232,22390
31668.144303050405,15.008,Comp0033,FS0001,6,51127,445,53,76,1440,109569
31671.274760702654,0.057,Comp0041,DNS0001,17,51418,53,3,3,85,166
31673.252419959063,0.297,Comp0057,DNS0002,17,35318,53,3,3,78,79
31673.96714666749,2.135,Comp0031,Web0001,6,24805,443,18,61,2203,6339
31684.142487679903,0.464,Comp0017,DNS0002,17,28828,53,2,2,88,146
31684.352483398467,0.003,Comp0027,DNS0002,17,2847,53,2,3,99,254
31685.82738441409,0.15,Comp0027,DNS0001,17,48241,53,3,3,89,145
31695.09893578227,10.017,Comp0032,Web0005,6,23151,443,4,21,62,65792
31706.6601512973,16.351,Comp0054,FS0002,6,60056,445,13,28,3571,32462
31713.662394633368,16.472,Comp0043,Proxy0001,6,58755,3128,51,140,768,8554
31714.434309797107,1.456,Comp0068,DC0002,6,40629,389,8,22,215,845
31720.83854157116,0.257,Comp0010,DNS0001,17,54592,53,3,2,51,97
31738.91450997936,7.364,Comp0026,Mail0002,6,45346,993,5,13,789,407
31745.248233186772,0.104,DB0002,DNS0002,17,52062,53,2,2,66,138
31746.874833449645,0.125,Comp0035,DNS0002,17,16811,53,2,2,51,152
31766.81263940313,4.392,Comp0030,Proxy0002,6,34082,3128,5,157,1126,17453
31776.90532806468,1.02,Comp0038,Web0003,6,30196,443,7,35,275,9419
31788.90091229152,17.714,Web0006,DB0002,6,52180,3306,12,102,510,10245
31800.388021166924,7.859,Comp0051,Proxy0002,6,44579,3128,7,21,173,2160
31817.844243934782,4.175,Comp0038,Web0002,6,51258,443,13,65,1223,116096
31827.96383609492,3.489,Comp0029,Web0006,6,14566,443,15,35,861,10817
31837.767530703684,9.861,Comp0061,Web0003,6,58457,80,3,11,1552,12653
31844.071586860635,0.085,Comp0065,DNS0001,17,59344,53,3,4,55,86
31859.72137128434,0.108,Comp0025,DNS0002,17,32208,53,2,2,57,59
31859.78826683687,4.176,Comp0010,Web0003,6,1872,80,35,8,1567,1975
31877.56603107692,4.565,Comp0041,Web0004,6,11723,443,10,25,304,426
31891.43681490399,20.629,Comp0012,FS0002,6,13422,445,85,93,3530,6436
31907.98721078032,10.368,Web0004,DB0002,6,5386,3306,85,33,2069,51973
31913.273206195023,10.163,Comp0060,DC0002,6,11211,88,3,5,434,482
31920.892257481584,2.004,Comp0050,Web0006,6,54290,443,4,31,437,3996
31925.556981491092,19.734,Proxy0002,Ext0037,6,10697,443,5,62,1016,2296
31927.285083983337,5.835,Comp0014,Proxy0001,6,31112,3128,17,21,302,3754
31931.72832949509,18.839,Comp0011,FS0001,6,9210,445,12,24,1734,12532
31948.963756198566,4.24,Comp0067,Proxy0002,6,48236,3128,11,164,353,3565
31960.652916256262,0.627,Comp0048,DNS0002,17,40579,53,3,3,93,240
31999.820755289613,4.41,Comp0010,Web0003,6,24868,443,22,74,3750,3989
31999.83474573221,37.442,Web0005,DB0002,6,61494,5432,20,208,679,13734
32010.33755531106,0.209,Comp0075,DNS0001,17,9634,53,2,2,48,508
32036.917594977782,0.014,Comp0046,DNS0001,17,25625,53,2,2,60,100
32037.863190192576,0.082,Mail0002,Ext0008,6,33910,25,5,4,458,371
32075.88891580274,0.383,Comp0026,DC0002,6,55228,88,3,4,513,232
32090.779040676094,7.537,Comp0044,FS0002,6,6682,445,31,93,1944,5824
32111.637027840145,10.352,Web0001,DB0003,6,55148,3306,7,91,4856,2386
32113.131525675686,18.864,Comp0046,FS0003,6,23798,445,8,89,663,349629
32114.97664603722,8.006,Web0005,DB0004,6,13572,5432,14,62,1105,6682
32115.898341487078,1.776,Comp0047,Web0003,6,39832,443,11,44,616,29905
32126.996408209216,0.68,Comp0018,DNS0001,17,50564,53,2,2,73,269
32129.740494899823,5.215,Comp0002,Web0005,6,60367,443,6,19,145,7236
32135.587437329672,3.22,Comp0080,DC0002,6,56730,389,4,13,667,2051
32140.914805458866,0.139,Comp0080,DNS0001,17,51286,53,2,3,100,141
32142.47548734279,0.429,Comp0001,DC0002,6,7397,389,4,5,1072,272
32147.003306827075,3.157,Comp0044,Web0003,6,5521,443,16,51,2741,21101
32156.203928637555,4.321,Comp0034,Proxy0001,6,61464,3128,17,36,347,21256
32169.35049031742,0.216,Comp0003,DNS0001,17,28969,53,3,3,54,178
32170.77261252333,0.25,Comp0008,DNS0001,17,19615,53,2,3,56,119
32182.19194828055,3.461,Comp0003,Proxy0002,6,21111,3128,4,24,713,3645
32189.311662157314,3.827,Comp0069,Web0001,6,25491,80,4,128,952,14910
32193.116238314484,0.625,Comp0055,Web0005,6,19486,443,6,18,2162,3488
32194.198101932874,28.041,Comp0071,FS0003,6,7774,445,10,114,3533,30227
32195.79589103834,1.491,Comp0046,DC0001,6,12092,88,3,5,341,1065
32200.55299325856,4.506,Comp0003,Web0003,6,6496,443,7,31,1936,7030
32213.26696536948,0.049,Comp0032,DNS0001,17,51118,53,2,3,82,241
32216.873773027164,1.644,Comp0027,Web0003,6,65193,443,5,18,1415,5028
32221.46496739,5.862,Comp0079,FS0003,6,24187,445,12,205,2667,20276
32221.537273726502,1.509,Comp0021,Web0005,6,36110,443,5,104,1124,2405
32228.10455363298,9.425,Comp0042,FS0001,6,58996,445,6,338,1199,28117
32239.648241178864,0.433,Comp0025,Mail0002,6,19491,993,4,4,79,516
32242.375186493453,0.199,Comp0033,DNS0001,17,35525,53,2,2,77,159
32242.802382936152,3.955,Comp0073,Proxy0002,6,39714,3128,8,36,237,828
32244.232335612287,13.701,Comp0038,FS0001,6,3545,445,11,29,5143,1030
32250.05628687666,3.807,Comp0051,Web0004,6,38496,443,18,29,627,1188
32258.716990354318,0.302,Proxy0002,DNS0002,17,33062,53,2,2,148,34
32260.92642523144,6.246,Comp0077,Proxy0001,6,41335,3128,17,41,499,18692
32261.624713561137,0.748,Comp0022,Web0006,6,20665,443,8,51,163,18470
32265.329921308035,1.546,Proxy0002,Ext0030,6,47069,443,15,162,1136,3562
32271.183938680737,0.189,Comp0019,DNS0002,17,61968,53,4,2,88,171
32293.86382368899,10.99,Comp0029,Web0005,6,34069,443,14,34,1350,52501
32297.855641663762,5.099,Comp0001,Web0004,6,4861,443,16,39,857,2009
32304.28822000356,0.341,Comp0065,DC0001,6,40309,389,9,10,1060,4495
32313.44645740349,17.766,Comp0010,FS0001,6,33565,445,22,58,133,4857
32315.197750317424,0.165,Comp0080,DNS0002,17,4361,53,3,3,75,132
32322.96942192316,4.485,Comp0036,Web0005,6,18604,443,6,13,939,20704
32328.885137034733,0.11,Comp0080,DNS0001,17,51313,53,3,2,64,143
32348.410767078673,6.653,Comp0031,Proxy0002,6,18706,3128,7,16,497,17646
32358.027926231465,0.775,Web0006,DC0002,6,41990,389,6,13,1042,3936
32359.502098797275,0.715,Comp0069,DNS0002,17,61038,53,2,2,90,111
32365.85047788939,0.085,Comp0039,DNS0001,17,5188,53,3,2,42,338
32399.051446333116,1.072,Comp0016,Proxy0002,6,39475,3128,12,100,108,3459
32419.40708479569,9.957,Comp0009,Web0004,6,1707,443,5,22,895,42510
32422.10247928228,0.508,Comp0033,DNS0001,17,18889,53,2,3,67,279
32422.32380878241,6.018,Comp0017,DC0002,6,33812,88,6,25,388,106
32431.67858130177,1.43,Comp0024,Web0006,6,46778,80,5,22,816,619
32448.756891177472,7.111,Comp0060,Mail0002,6,16154,993,16,3,239,2214
32455.641708273648,0.789,Comp0009,Mail0001,6,35425,993,7,4,380,2083
32459.44726766487,1.703,Comp0067,Proxy0001,6,49123,3128,5,9,477,1577
32460.10532735568,1.226,Comp0026,DNS0002,17,29580,53,2,3,103,74
32460.185460267185,15.963,Comp0072,Web0006,6,27699,443,6,42,567,12267
32468.638344005078,2.331,Comp0043,Proxy0001,6,42803,3128,4,39,528,509
32468.984426226754,0.056,Comp0040,DNS0002,17,54331,53,3,3,64,103
32472.51234778805,21.253,Comp0005,Web0003,6,52358,80,10,51,791,4137
32481.30274788446,0.621,Comp0030,Web0005,6,36712,443,9,22,1483,20699
32508.89369069862,0.036,Comp0001,Web0002,6,10993,443,8,16,1302,17386
32525.200541936403,0.094,Comp0055,DNS0001,17,27077,53,3,2,59,102
32538.491851152936,7.399,Comp0052,Mail0001,6,28334,587,7,3,432,497
32556.89497987963,13.548,Comp0027,Web0003,6,5586,80,11,32,224,1653
32558.99600633171,8.421,Comp0016,Web0004,6,44850,80,9,27,1857,11322
32559.319890364946,0.065,Comp0060,DNS0001,17,59692,53,2,3,67,41
32566.03510883294,5.978,Comp0077,Proxy0002,6,4361,3128,3,45,1490,39257
32582.99017492237,10.244,Comp0012,FS0001,6,1706,445,83,80,502,2590
32583.791084299246,10.71,Comp0008,Web0004,6,27013,443,24,21,335,4625
32585.843127309825,13.469,Comp0067,Proxy0001,6,23773,3128,13,35,4331,7515
32593.323700529818,5.728,Comp0016,FS0002,6,53139,445,40,37,549,18575
32603.46164320307,0.56,Comp0027,DC0001,6,32189,445,11,51,5407,25947
32626.566675013055,3.548,Proxy0001,Ext0029,6,57580,443,21,29,351,1476
32629.92417348354,0.064,Comp0014,FS0001,6,35263,445,6,75,1534,19774
32633.483996130162,1.152,Comp0009,Proxy0001,6,58526,3128,6,80,225,23842
32651.983368080855,1.154,Comp0014,Web0003,6,31596,443,6,74,449,7571
32657.97110375618,1.968,Comp0016,DC0001,6,55481,88,17,3,573,209
32658.869509208296,0.107,Web0005,DNS0002,17,26962,53,2,2,70,195
32660.132642478045,3.807,Comp0037,Proxy0002,6,37495,3128,5,33,3821,941
32660.877971776856,0.148,Comp0003,Web0006,6,31951,443,50,15,1117,29832
32661.55347183163,0.156,Comp0045,DNS0001,17,54350,53,2,2,93,104
32672.21084581278,2.798,Comp0059,Mail0001,6,62404,587,2,4,432,1273
32672.805202993277,4.889,Comp0015,Web0001,6,57151,80,8,12,1819,21367
32673.37243094027,0.123,Comp0026,DNS0001,17,1461,53,2,2,68,296
32690.49310784767,43.881,Web0003,DB0003,6,27155,5432,38,154,1184,11605
32693.61679528008,4.356,Comp0050,DC0001,6,52068,88,3,21,599,2406
32707.054629227587,0.052,Comp0022,DNS0001,17,27903,53,2,3,68,364
32721.139971586388,0.366,Comp0014,DNS0001,17,36108,53,3,2,83,65
32748.953426819873,5.395,Comp0044,Web0001,6,36964,80,5,23,774,19014
32781.69783341277,0.484,Comp0077,DNS0002,17,1721,53,2,2,60,121
32790.45404372442,0.196,Comp0042,DNS0002,17,41911,53,2,3,58,115
32791.38359097447,1.085,Proxy0001,Ext0029,6,49289,443,8,60,168,28912
32799.367793070065,0.207,Comp0013,DNS0001,17,64246,53,2,2,82,292
32820.502226686614,0.162,Comp0067,DNS0001,17,59614,53,3,2,88,190
32830.9965403011,11.209,Comp0059,Web0005,6,56911,443,13,18,824,5671
32833.043336341354,4.161,Comp0068,DC0002,6,6565,88,6,10,216,768
32836.58864234918,11.99,Comp0061,FS0003,6,41021,445,8,126,31678,26205
32841.4753925204,5.081,Comp0042,FS0002,6,49961,445,15,157,4263,6489
32846.042951642885,8.393,Comp0071,Proxy0002,6,64295,3128,7,133,3452,11525
32848.03585575402,1.173,Comp0026,Web0005,6,9028,443,8,33,1907,6915
32848.60267859429,5.748,Comp0078,Web0005,6,41976,443,12,61,1093,3869
32858.01972542825,0.611,Comp0030,DNS0002,17,63575,53,2,2,58,227
32860.67971264867,0.074,Web0004,DNS0001,17,18364,53,2,2,23,212
32861.48410997479,2.974,Web0006,DB0002,6,40080,3306,37,102,3191,9475
32869.95376385458,0.011,Comp0057,DNS0001,17,53390,53,2,2,71,238
32890.441603856714,0.535,Comp0068,Proxy0002,6,43937,3128,5,18,140,3263
32904.23742016348,0.083,Comp0004,DNS0002,17,53089,53,3,2,78,139
32904.58961176958,5.855,Comp0032,Proxy0002,6,16643,3128,5,21,951,33117
32905.193226962765,0.022,Comp0078,DNS0002,17,3388,53,3,3,96,329
32908.223432624385,5.832,Comp0047,Proxy0002,6,64575,3128,22,145,655,29421
32908.738477337036,0.096,Comp0028,DNS0001,17,5169,53,2,3,40,95
32912.84842006774,0.168,Comp0009,DNS0001,17,5740,53,2,2,53,164
32913.5476828882,0.112,Comp0079,DNS0002,17,3427,53,2,2,98,274
32953.796719828104,0.03,Comp0002,DNS0001,17,37148,53,3,2,55,528
32958.55455301045,0.166,Comp0014,DNS0001,17,41380,53,2,3,72,90
32959.64935154809,1.31,Comp0051,Proxy0001,6,10887,3128,4,37,269,1426
32968.70735495061,0.167,Comp0062,DNS0001,17,2777,53,2,2,56,70
32969.861196190024,6.389,Comp0070,DC0002,6,54212,88,7,3,198,1722
32975.516697774125,0.152,Comp0009,DNS0002,17,8316,53,2,2,67,203
32977.34512752062,0.323,Comp0055,Web0006,6,47364,443,20,29,271,5741
32982.73452264036,1.598,Proxy0001,Ext0013,6,14813,443,20,5,616,2282
32997.990805598056,10.508,Comp0058,Proxy0002,6,30132,3128,16,27,197,40945
33000.28319235583,12.428,Comp0059,Web0005,6,32451,443,7,121,227,37349
33009.80916343101,1.483,Comp0080,Proxy0002,6,59831,3128,21,47,725,65097
33019.39479228376,0.686,Comp0080,DNS0002,17,22257,53,2,2,43,125
33019.49204893493,3.425,Comp0028,Proxy0002,6,10074,3128,19,133,345,25386
33037.295538965685,1.122,Comp0071,Web0001,6,62563,443,5,14,514,3764
33049.10545095351,1.287,Comp0068,Proxy0002,6,30605,3128,8,33,131,43604
33050.26919752983,55.166,Comp0007,FS0003,6,4016,445,8,141,738,11006
33052.89679103046,3.55,Comp0013,DC0002,6,16697,445,46,168,1867,5096
33054.9681497427,0.291,Comp0004,Proxy0001,6,35920,3128,9,35,293,1545
33062.522318234405,7.799,Web0003,DB0002,6,6706,5432,22,11,373,71592
33087.658351572034,5.591,Comp0066,Web0003,6,31009,443,3,35,208,3662
33101.13450071754,0.569,Comp0010,Web0003,6,28468,80,5,29,584,7472
33115.960479792586,0.183,Comp0074,Web0001,6,11056,443,6,8,983,11110
33116.84636595134,10.891,Comp0015,Proxy0001,6,51651,3128,9,27,1824,1209
33126.15939191586,0.426,Comp0078,DNS0002,17,51506,53,3,2,59,140
33133.395171044336,0.146,Comp0022,DNS0001,17,35462,53,2,3,55,116
33142.67378023564,5.013,Comp0066,Web0006,6,41850,443,13,35,270,292
33170.0852193911,0.034,Comp0079,DNS0002,17,13638,53,3,3,56,98
33187.94273838638,6.403,Comp0017,Web0003,6,63741,80,8,25,143,12215
33191.00088928567,4.282,Comp0057,FS0003,6,42569,445,10,156,2908,38037
33192.97191011188,0.294,Comp0020,DNS0001,17,19316,53,2,2,65,173
33200.64475352116,1.069,Comp0011,Web0001,6,54631,443,14,32,469,6351
33205.34938375051,0.283,Comp0026,DNS0002,17,43075,53,3,2,55,181
33205.598789977485,9.67,Comp0063,FS0001,6,59081,445,93,332,928,58886
33214.418105163626,9.174,Comp0001,DC0001,6,29455,88,7,3,315,784
33215.28332991793,0.364,Comp0064,DNS0001,17,27871,53,2,3,35,122
33239.85554594611,3.89,Comp0023,Web0005,6,12226,443,13,35,1633,38598
33241.393485013956,0.958,Comp0045,Proxy0001,6,12774,3128,32,57,510,17503
33243.23860999743,1.112,Comp0011,Proxy0002,6,31802,3128,3,45,99,14507
33265.0401912323,0.873,Comp0025,Web0004,6,20321,443,7,26,1504,12370
33270.87432298126,3.46,Comp0022,Web0001,6,53696,443,4,29,1836,6718
33284.88047183712,1.452,Comp0074,DNS0001,17,36602,53,2,3,109,186
33303.849117300786,14.462,Comp0078,Web0002,6,46822,80,21,24,262,9426
33311.94409044714,0.436,Comp0079,Web0003,6,31271,443,6,65,947,2203
33315.26980026206,5.571,Comp0037,DC0002,6,16298,445,6,57,3671,14091
33320.14089687215,0.614,Comp0076,DNS0001,17,44038,53,2,3,66,263
33322.910288849875,0.239,Comp0010,DNS0001,17,28365,53,2,3,95,76
33341.699804480886,0.053,Comp0021,DNS0002,17,44752,53,3,2,74,128
33351.224444764965,9.592,Comp0055,Mail0001,6,44453,993,4,6,383,4051
33351.6136954981,4.206,Comp0048,Web0001,6,7429,443,4,15,2438,7886
33359.91396220927,2.271,Comp0048,Mail0001,6,30311,587,5,5,587,361
33365.435697448156,7.469,Comp0033,FS0002,6,61652,445,15,139,390,7678
33369.34025684911,6.226,Comp0074,Web0002,6,49549,443,3,26,2579,14664
33379.661227123026,0.097,Comp0050,DNS0001,17,15282,53,3,3,58,91
33383.82652940427,1.741,Comp0037,Web0001,6,10248,443,5,55,572,25573
33391.16056523796,0.903,Comp0007,Web0001,6,44285,80,7,48,438,2837
33406.27176008624,4.193,Comp0013,Mail0002,6,52149,993,4,12,1183,3080
33416.603656951986,0.124,Comp0070,DNS0002,17,26357,53,3,3,53,156
33427.282061828264,0.928,Comp0073,FS0001,6,46477,445,80,146,3754,4731
33429.31396630052,0.065,Comp0031,DNS0002,17,51263,53,2,3,24,257
33429.927278549025,4.012,Comp0022,Mail0002,6,37477,993,8,5,750,1361
33429.9614051852,0.701,Comp0060,Web0004,6,11730,443,10,78,271,2152
33431.55537381306,0.9,Comp0074,Web0004,6,48454,443,14,46,196,946
33439.046743274586,0.076,Comp0045,DNS0001,17,23060,53,2,3,126,98
33440.1544540665,4.702,Comp0040,Web0005,6,13075,443,7,32,1433,5558
33442.88729779251,0.189,Comp0005,Web0006,6,8723,443,4,23,855,27972
33466.143725458256,0.085,Comp0009,DNS0002,17,61965,53,3,3,113,482
33476.069225221945,1.324,Comp0073,Web0002,6,47853,80,16,16,126,10877
33480.65015781569,0.3,Comp0034,DNS0001,17,59982,53,3,2,32,107
33485.558804292195,0.339,Comp0077,DNS0001,17,27199,53,2,3,61,86
33488.24968922329,0.939,Comp0009,Proxy0002,6,50779,3128,9,46,341,29341
33490.13467980835,5.34,Comp0043,Proxy0001,6,27868,3128,5,17,506,70108
33511.62535161443,9.808,Comp0056,DC0002,6,10936,389,5,4,424,476
33512.75061421695,6.725,Comp0031,Web0006,6,44767,443,13,46,989,17960
33515.95603843006,2.532,Comp0015,Mail0001,6,45821,993,16,6,1143,987
33519.058742239846,0.539,Comp0037,Proxy0002,6,56551,3128,15,29,966,3149
33529.05685397583,1.395,Comp0080,Web0004,6,35528,443,6,23,721,3733
33538.11136283372,0.028,Comp0028,DNS0001,17,21554,53,2,2,64,168
33538.861954596396,0.109,Proxy0001,DNS0001,17,17542,53,3,2,102,66
33548.68303807141,0.104,Comp0033,Web0005,6,58880,80,12,22,946,40129
33559.33356389874,1.217,Comp0039,FS0003,6,8047,445,56,55,1025,11187
33574.91324381177,0.016,Comp0064,DNS0002,17,48890,53,3,2,95,101
33575.75506296913,28.153,Comp0008,DC0001,6,8078,389,6,7,777,929
33590.53106562779,12.613,Comp0016,Web0001,6,6960,443,5,52,365,90318
33594.988707284145,1.844,Comp0029,DC0002,6,24271,389,4,15,267,1154
33610.44127549652,1.371,Comp0017,Web0004,6,49276,443,3,78,1866,1438
33631.78088700197,22.014,Comp0064,DC0001,6,28720,445,38,61,1937,9929
33632.36260329209,0.58,Comp0001,DNS0002,17,59232,53,3,3,43,168
33644.4589442815,8.7,Comp0050,Proxy0001,6,21394,3128,9,37,4625,5341
33653.338762820116,0.528,Comp0026,DNS0001,17,38840,53,3,2,87,41
33670.98633480739,0.107,Comp0004,DNS0001,17,37565,53,3,2,85,131
33673.144920767234,0.043,Comp0001,DNS0002,17,43520,53,3,4,92,172
33684.96747496439,0.044,Comp0025,DNS0001,17,13611,53,3,2,77,240
33693.71844105574,2.813,Comp0052,DC0002,6,19538,445,15,48,717,7262
33700.061714043535,0.341,Comp0047,DNS0002,17,42577,53,2,3,168,520
33705.47915617416,4.084,Web0002,DB0004,6,26718,3306,44,137,1274,1362
33710.87560183305,1.476,Comp0039,Web0003,6,23720,80,5,19,2380,6450
33711.80575150703,39.168,Comp0005,FS0001,6,61309,445,14,38,835,9608
33714.585541891436,0.189,Comp0009,Web0004,6,13743,443,17,41,3340,11539
33716.942639779925,0.141,Comp0020,DNS0001,17,57481,53,3,2,67,84
33726.279490368914,0.724,Comp0054,Proxy0002,6,23294,3128,15,260,483,12791
33734.42198061973,7.235,Comp0069,Web0002,6,11398,443,21,34,7806,9911
33738.609381623224,15.62,Comp0079,FS0003,6,49734,445,20,67,4419,3321
33740.73221246467,4.32,Comp0069,Web0001,6,14172,80,7,104,337,5204
33742.96086058237,3.216,Comp0057,DC0001,6,6355,389,3,4,239,3099
33743.43518449239,5.72,Comp0042,Web0004,6,8122,443,12,72,362,1637
33746.000057539495,0.057,Comp0053,DNS0002,17,54696,53,3,2,111,144
33757.10211576426,0.432,Comp0080,Proxy0002,6,41010,3128,8,20,7117,2299
33759.827385503886,0.35,Comp0065,DC0001,6,17351,88,6,5,770,463
33767.86809157165,0.01,Comp0005,DNS0002,17,29255,53,3,2,33,169
33768.649357238006,0.184,Comp0067,Proxy0002,6,10744,3128,16,16,371,25075
33778.927408454605,10.64,Web0002,DB0004,6,25987,3306,15,48,425,32134
33780.37097067101,0.274,Comp0079,DNS0001,17,35853,53,3,2,76,361
33788.49674894724,3.028,Comp0069,Mail0001,6,65179,587,5,21,330,1681
33789.27490789057,0.899,Comp0043,DC0001,6,53905,389,6,10,525,1714
33791.76242652789,4.019,Proxy0001,Ext0006,6,19209,443,21,61,704,3636
33822.7929298148,0.279,Comp0070,DNS0002,17,54663,53,2,2,62,197
33827.64170762977,0.001,Comp0080,Web0002,6,21680,443,5,16,362,5404
33829.73224320098,13.747,Comp0041,FS0002,6,27578,445,19,608,156,13627
33852.36513325159,0.094,Comp0047,DNS0002,17,21889,53,3,3,155,65
33853.91585919797,5.793,Comp0080,Web0003,6,5585,443,9,22,2017,2963
33862.36382606573,19.189,Web0002,DB0001,6,8180,5432,14,95,1539,58887
33868.311534002496,1.941,Comp0027,Web0003,6,57385,80,2,49,2836,4546
33871.04272537394,7.269,Comp0060,Mail0001,6,16097,993,6,12,127,923
33871.15192739633,0.235,Comp0044,DNS0002,17,22351,53,2,2,71,148
33871.95013258381,0.181,Comp0025,DC0002,6,7931,389,10,28,290,1497
33875.3276055293,0.267,Comp0047,FS0001,6,33534,445,15,32,471,15973
33876.89777764653,2.417,Comp0033,Web0001,6,1249,80,9,40,497,72082
33877.61078796628,13.198,Comp0070,Web0002,6,11857,80,14,20,519,3980
33909.678698697106,5.45,Comp0032,DC0002,6,8022,88,2,8,1256,611
33913.50209125679,0.556,Comp0006,DNS0001,17,49648,53,2,4,102,106
33936.618712076575,2.671,Web0004,DB0003,6,22110,3306,21,36,2134,65267
33949.706603109444,0.088,Comp0077,DNS0002,17,6884,53,2,2,114,179
33962.82439958002,18.275,Comp0062,FS0003,6,12714,445,16,109,6764,23667
33967.75522691354,6.061,Comp0048,DC0002,6,51677,88,7,5,314,163
33980.10821142371,0.381,Comp0033,Web0006,6,49125,80,6,25,333,1773
33984.8553669313,1.108,Comp0069,Web0002,6,64674,443,7,41,2189,8763
33994.16308394428,0.952,Comp0042,Proxy0002,6,24872,3128,7,26,752,1235
34005.03013835588,0.168,Comp0068,DNS0001,17,19340,53,2,4,91,99
34005.32782181743,0.296,Comp0016,FS0002,6,64188,445,14,89,6419,2455
34007.88960968456,0.062,Comp0013,DNS0001,17,15642,53,3,2,49,327
34011.93313130748,0.035,Comp0001,DNS0002,17,18744,53,3,3,80,164
34018.419718212506,6.247,Comp0057,Web0003,6,38482,80,4,107,574,15605
34020.04420440058,3.116,Comp0012,Mail0002,6,20975,993,5,8,162,210
34021.22869549962,7.565,Comp0020,Web0006,6,41299,443,12,33,452,2076
34036.37984940013,20.306,Comp0009,FS0001,6,48353,445,47,42,207,31525
34040.184853644656,18.319,Comp0037,DC0002,6,45975,445,21,42,3876,3558
34046.78364700371,0.272,Comp0005,DNS0001,17,29760,53,2,2,169,100
34047.70014080045,0.651,Comp0004,Web0006,6,26796,443,15,54,256,16514
34050.26931568997,0.231,Comp0076,DC0002,6,26754,88,4,8,2421,1011
34050.5529807204,3.886,Comp0013,Proxy0001,6,55898,3128,3,28,400,14325
34055.930363695275,0.099,Comp0044,DNS0002,17,23102,53,2,3,96,146
34061.39678038226,8.237,Comp0025,Web0004,6,58862,80,8,30,799,10099
34061.488013305934,0.098,Comp0027,Web0004,6,25879,443,8,31,849,2143
34088.0814213325,3.583,Comp0006,Web0004,6,7617,80,9,139,343,9273
34099.24368745714,8.984,Web0006,DB0001,6,46032,5432,13,119,118,15427
34110.656296648405,0.795,Comp0029,Web0005,6,10631,443,6,43,731,6013
34120.47132922574,2.212,Comp0050,Web0001,6,62610,443,17,31,355,9425
34124.2794567586,0.039,Comp0001,DC0002,6,3031,445,60,120,4047,39941
34131.80281138396,7.174,Comp0017,DC0001,6,59517,389,13,6,77,1484
34138.967687890174,0.01,Comp0043,DNS0002,17,25538,53,3,3,97,120
34139.11382091323,1.33,Comp0021,Mail0001,6,34635,993,6,17,1111,732
34139.86763937241,7.566,Comp0007,Proxy0002,6,28393,3128,4,31,248,9325
34144.64897433989,2.809,Comp0073,DC0001,6,9452,88,3,3,492,656
34161.999575906,0.036,Comp0018,DNS0002,17,5366,53,2,3,51,94
34174.80052382371,3.09,Comp0017,FS0003,6,43216,445,12,84,4250,33976
34174.942333306935,19.464,Comp0031,Web0006,6,44282,443,9,48,899,5219
34181.329701226496,1.018,Comp0072,Web0002,6,55305,443,9,9,2244,6794
34183.39608181012,0.133,Comp0060,DNS0001,17,53171,53,3,2,53,152
34188.32107430704,0.24,Proxy0001,Ext0013,6,8478,80,3,23,695,1381
34204.83481904757,44.305,Comp0012,FS0001,6,40884,445,19,347,8027,9765
34209.47549556523,0.1,Comp0057,DNS0002,17,23574,53,3,3,42,118
34212.67448406627,0.044,Comp0034,FS0002,6,10978,445,88,183,513,3314
34238.17058249481,0.077,Comp0063,DNS0001,17,17712,53,2,2,60,202
34250.88134007315,0.198,Comp0064,DNS0001,17,41462,53,3,2,80,428
34257.93235701384,2.953,Proxy0002,Ext0019,6,7878,80,14,51,534,954
34257.96209435126,0.117,Comp0063,DNS0002,17,59550,53,2,2,65,163
34263.79495265108,0.27,Comp0078,DNS0001,17,30747,53,2,3,24,136
34264.707627198186,0.13,Comp0062,DNS0002,17,51184,53,2,2,59,217
34272.83922791068,19.283,Comp0018,FS0003,6,14064,445,23,58,965,6107
34318.2458373197,0.192,Comp0044,Web0005,6,31644,443,10,29,1871,7364
34326.687216456565,0.575,Comp0069,DNS0001,17,50135,53,2,3,32,173
34327.66173759363,0.17,Comp0029,DNS0002,17,62545,53,3,2,61,222
34330.6984817989,0.252,Comp0042,DNS0002,17,27941,53,3,4,82,117
34336.035135730795,0.023,Web0004,DB0003,6,4060,3306,16,46,3763,163012
34338.41006364132,2.074,Comp0016,DC0001,6,57286,88,4,5,841,710
34340.82345081977,0.437,Comp0070,DNS0001,17,4935,53,2,3,72,233
34343.732423541944,5.212,Comp0052,DC0002,6,61400,88,6,10,628,1522
34354.86062928657,0.199,Comp0045,DNS0002,17,33446,53,2,3,139,355
34356.21701969048,3.592,Comp0026,Web0002,6,18149,80,8,75,194,2819
34360.75519462663,0.669,Comp0045,Web0006,6,1395,443,7,22,370,3008
34360.88256388305,0.158,Comp0015,DNS0001,17,5807,53,2,2,62,66
34381.972001391245,4.479,Comp0026,Web0005,6,47740,443,21,38,1127,26703
34382.28015216477,5.176,Comp0066,Mail0002,6,45161,993,6,6,269,876
34390.043334843635,5.663,Comp0021,DC0001,6,5598,88,3,4,166,42
34394.21176634977,1.837,Comp0068,Web0003,6,65285,443,3,37,7003,569
34400.30399906853,0.203,Comp0031,DNS0001,17,44210,53,3,3,44,305
34405.415150174966,0.926,Comp0040,Web0004,6,52194,80,7,27,1056,1299
34408.54274355185,4.879,Comp0007,Proxy0001,6,45819,3128,7,8,584,1629
34424.57905834219,3.625,Comp0023,Web0001,6,5006,80,12,54,151,2138
34438.71651812655,5.133,Web0001,DB0003,6,10160,3306,16,63,6296,70704
34440.57703108252,6.228,Comp0080,Web0002,6,45317,443,4,18,1388,10382
34442.425520982186,0.9,Web0004,DB0001,6,61247,3306,36,196,322,3004
34449.82477736489,0.332,Comp0069,Web0001,6,1651,443,8,23,376,6245
34452.77020749234,4.348,Comp0040,Web0006,6,21726,443,14,64,446,3302
34466.27417649725,4.1,Comp0062,DC0001,6,54984,389,8,12,499,899
34469.06315565445,0.068,Comp0032,DNS0001,17,37318,53,2,3,42,170
34474.46069545751,4.453,Comp0069,DC0002,6,52012,445,24,163,2191,30410
34484.678101670484,0.117,Comp0070,DNS0002,17,11916,53,2,2,50,189
34484.93616363621,0.161,Proxy0001,DNS0001,17,17961,53,2,2,146,131
34489.41780359159,1.496,Comp0039,Web0001,6,15020,443,5,34,1669,3709
34504.89224935118,7.456,Comp0080,Web0002,6,12196,443,12,82,1219,5001
34514.36435092983,7.019,Comp0060,Web0004,6,49331,443,58,202,619,8569
34532.663156639144,9.116,Comp0010,Web0005,6,6920,80,9,33,124,1302
34533.96457859088,12.527,Comp0008,FS0003,6,23816,445,18,24,1264,12320
34536.634549882794,2.832,Comp0019,Web0001,6,13730,443,7,25,387,10155
34540.79696588886,6.945,Comp0002,Web0005,6,55781,80,3,24,136,2521
34555.52731901497,0.272,Comp0070,FS0002,6,59952,445,14,40,961,18531
34567.48820799745,0.419,Comp0044,DNS0002,17,24893,53,3,2,129,433
34574.06240381809,0.182,Comp0072,DNS0002,17,27651,53,3,2,43,233
34575.794505650694,16.944,Comp0043,DC0002,6,63072,445,7,151,2337,4499
34589.868478017685,0.157,Comp0033,DNS0001,17,5828,53,2,2,45,225
34592.82132807719,0.082,Comp0018,DNS0002,17,48537,53,2,2,94,138
34597.301535390274,20.721,Comp0062,FS0003,6,52141,445,9,71,4962,9174
34597.82463548598,2.03,Comp0063,Web0006,6,36925,443,9,27,594,4210
34612.22589789086,0.109,Comp0052,FS0002,6,60427,445,19,46,1262,4439
34613.944855837086,1.096,Comp0046,Proxy0002,6,62955,3128,11,65,716,14022
34615.88361601258,1.51,Comp0029,Web0003,6,21962,443,4,23,235,772
34622.43737252805,0.221,Comp0045,Web0004,6,22380,443,15,20,1190,2982
34629.06989418898,3.435,Comp0045,FS0001,6,43536,445,101,179,896,37298
34655.44610212877,6.273,Comp0021,Proxy0002,6,39795,3128,19,30,342,4510
34665.96463300963,0.219,Comp0033,DNS0001,17,58634,53,2,2,86,105
34666.20889479688,0.539,Comp0032,DNS0002,17,41021,53,3,3,69,255
34673.78452986046,0.436,Comp0050,DNS0001,17,29309,53,2,2,105,132
34680.89397917963,4.104,Comp0054,Web0003,6,54437,443,7,14,1020,3632
34682.45086474274,0.404,Comp0054,Proxy0002,6,57827,3128,8,40,2938,73076
34688.68378353929,0.081,Comp0003,DNS0001,17,47926,53,3,3,91,86
34690.262596874876,0.883,Comp0002,Web0005,6,47189,443,14,92,225,5159
34700.75914412872,0.041,Comp0080,DNS0001,17,51913,53,2,3,67,204
34711.93796975879,2.032,Comp0033,Mail0001,6,23988,993,3,7,826,1233
34718.76731647255,0.818,Comp0041,Proxy0001,6,31767,3128,6,28,318,16080
34720.10168977174,3.747,FS0003,DC0001,6,10966,88,6,6,162,165
34720.90467938015,5.246,Comp0037,Proxy0002,6,39809,3128,19,49,304,1352
34722.115436026026,0.178,Mail0002,DNS0001,17,5495,53,2,3,83,175
34724.48876606988,2.758,Comp0010,Proxy0001,6,9513,3128,18,63,392,4915
34736.27808626735,0.031,Comp0056,DNS0001,17,35387,53,2,3,44,388
34741.591896456,0.043,Comp0015,DNS0002,17,57249,53,3,2,94,125
34742.04268177982,0.018,Comp0018,DNS0002,17,51386,53,3,3,46,159
34753.10688698923,6.342,Comp0031,DC0002,6,28640,88,10,3,531,414
34764.01668259009,0.355,Comp0066,Mail0002,6,7999,587,5,4,246,1823
34780.65506914027,34.719,Comp0057,FS0002,6,16616,445,86,14,236,3635
34780.77224057995,0.87,Comp0064,Web0002,6,63763,443,8,30,149,5245
34785.8363857059,8.876,Comp0051,DC0001,6,52923,445,33,19,5141,23539
34799.1024467016,7.632,Comp0023,Proxy0002,6,63654,3128,9,21,738,696
34801.33763926283,0.166,Comp0043,DNS0002,17,55551,53,2,2,102,211
34802.57137092524,0.19,Comp0008,DNS0001,17,20556,53,3,3,62,189
34804.07944140272,0.011,Comp0010,DNS0002,17,50500,53,2,3,32,168
34819.57553514381,11.729,Comp0076,FS0002,6,35339,445,34,205,1179,29575
34828.111750287666,3.13,Comp0016,Web0005,6,19591,443,12,25,541,1401
34832.30229934147,0.21,Comp0076,DNS0002,17,59833,53,3,3,98,141
34835.045912928676,0.307,Comp0067,DNS0002,17,6132,53,3,3,134,104
34843.946872173336,0.447,Comp0008,Mail0002,6,49281,993,5,4,432,803
34843.99071108593,4.809,Comp0014,Web0004,6,57119,80,6,54,623,5510
34847.939986726036,4.979,Comp0070,Web0006,6,43092,80,5,43,1165,16516
34850.4239144077,4.573,Comp0014,Web0004,6,12568,80,13,25,480,2207
34854.19688904487,4.927,Comp0070,Proxy0001,6,23364,3128,11,26,429,3660
34854.453643503184,0.663,Comp0025,DNS0001,17,58335,53,2,3,36,240
34855.55070049512,12.647,Comp0051,Web0001,6,35633,80,14,37,2379,3909
34858.37879188378,0.025,Comp0043,DNS0002,17,16894,53,3,3,89,193
34859.96741040749,3.089,Comp0024,Web0006,6,12773,443,10,155,349,1791
34869.7996074175,2.0,Comp0050,Mail0002,6,12536,993,3,4,762,1191
34870.562834200835,0.045,Comp0076,DC0001,6,51284,88,5,5,464,299
34875.44760639129,14.863,Comp0045,Web0002,6,27027,443,8,75,252,8280
34878.64848975501,5.663,Web0005,DB0001,6,64051,3306,12,95,1831,11330
34895.85072463825,0.437,Comp0032,DC0001,6,21399,88,7,13,820,1169
34896.139069311634,2.42,Comp0004,Web0002,6,58427,443,10,30,346,48550
34910.5652861821,11.103,Comp0053,DC0001,6,27893,445,24,114,1067,16098
34919.74173598932,1.428,Comp0053,DC0001,6,9243,389,4,5,404,247
34933.153071024084,0.045,Comp0038,DNS0001,17,30035,53,3,2,64,249
34940.50296969102,0.204,Comp0035,DNS0002,17,42330,53,2,3,30,138
34968.52443081965,7.747,Comp0041,DC0002,6,41610,88,11,6,548,438
34976.78911382279,2.305,Comp0016,DC0002,6,14945,88,4,6,409,2503
34982.37804909406,0.251,Mail0001,DNS0001,17,48587,53,2,3,70,282
34991.832524855214,4.365,Comp0003,Proxy0002,6,41687,3128,9,23,1219,5235
34995.41294410967,5.517,Comp0003,FS0001,6,9982,445,39,67,6346,10078
35010.2256807974,5.198,Comp0071,Web0002,6,49578,443,8,47,194,2497
35010.40342351702,20.212,Comp0058,Proxy0001,6,46228,3128,6,108,254,4328
35019.46432494647,1.772,Comp0023,Web0002,6,11881,443,10,54,175,1553
35026.85079785572,20.322,Comp0030,FS0003,6,61596,445,60,304,5876,3927
35029.06067060793,3.967,Comp0026,Web0001,6,28665,80,13,26,141,3452
35036.734877230294,0.024,Comp0033,DNS0001,17,15483,53,2,2,93,287
35043.30034691155,12.62,Comp0035,Proxy0002,6,37384,3128,10,25,249,6167
35047.045373530666,0.256,Comp0058,DNS0001,17,18382,53,2,3,109,182
35055.16472772541,0.219,Comp0010,DNS0001,17,10789,53,2,3,84,61
35077.339424376114,3.519,Comp0054,DC0002,6,28229,445,50,79,7023,5511
35085.6929562978,15.325,Web0004,DB0001,6,27772,3306,24,46,2867,27780
35100.79731197382,0.149,Comp0007,DNS0002,17,16535,53,2,2,28,193
35132.756507087106,1.619,Comp0022,Mail0002,6,61089,587,8,3,73,839
35135.28486558976,2.859,Comp0052,Web0006,6,61006,443,6,46,421,5736
35163.171062536836,0.828,Comp0048,Mail0001,6,60310,587,5,5,372,687
35174.3507771025,25.905,Web0004,DB0002,6,49810,3306,13,108,7606,1465
35174.864335242695,8.043,Comp0002,Proxy0001,6,43102,3128,5,20,330,22119
35186.840458437655,1.914,Comp0018,Web0001,6,24343,80,17,23,885,29300
35188.55936795679,48.697,Web0003,DB0002,6,60944,3306,30,226,940,6862
35191.31938101521,0.36,Comp0069,DNS0002,17,53726,53,2,2,121,192
35194.83507771084,2.56,Comp0033,DC0002,6,16456,88,6,6,209,533
35199.71145578081,1.054,Comp0037,Proxy0002,6,14687,3128,9,61,208,17223
35221.76841453718,34.185,Web0003,DB0001,6,27794,5432,54,34,6016,27523
35228.75187285753,1.649,Comp0029,Proxy0002,6,37087,3128,7,30,2229,6153
35230.02512538802,3.423,Comp0001,Web0002,6,40569,80,10,88,1290,8778
35233.83588922265,4.795,Comp0029,Web0006,6,11896,443,7,45,51,4444
35262.42960310888,1.988,Comp0026,Mail0001,6,40951,993,3,9,105,205
35265.210800484594,0.435,Comp0033,DC0002,6,62252,389,5,7,416,263
35271.7636830051,3.601,Comp0073,Web0006,6,32055,80,13,69,627,2566
35294.262322189,1.128,Comp0035,DC0001,6,63184,389,5,3,282,2076
35296.55032474691,0.09,Comp0003,Proxy0002,6,3499,3128,3,51,759,3204
35303.70076339633,0.119,Proxy0001,DNS0002,17,1519,53,3,4,46,239
35305.41005008476,0.39,Comp0056,DNS0001,17,50782,53,2,2,44,193
35306.93795034132,6.25,Comp0028,Web0004,6,25545,443,10,26,1507,343
35321.18938832466,6.241,Comp0038,Proxy0002,6,4157,3128,4,32,470,4026
35355.71391919228,0.259,Comp0021,DNS0001,17,4202,53,2,3,57,155
35377.17971755329,0.139,Comp0036,DNS0001,17,56370,53,3,2,44,93
35382.2366045464,0.667,Comp0074,DC0001,6,27881,88,4,16,160,529
35393.35586503897,0.02,Comp0024,DNS0001,17,13117,53,2,2,79,182
35396.015727728955,10.854,Comp0071,FS0001,6,30045,445,45,98,815,2147
35408.97368476365,15.962,Web0006,DB0004,6,50765,3306,9,25,268,102442
35411.95391127207,0.332,Comp0071,DNS0002,17,5601,53,2,2,65,253
35412.019074830205,10.678,Comp0065,Proxy0002,6,11311,3128,11,100,385,6980
35412.42205410428,0.243,Comp0052,DNS0002,17,3668,53,2,2,51,111
35417.60472524396,3.318,Comp0035,DC0001,6,58188,445,10,224,535,21117
35418.555280133725,6.626,Comp0020,Web0004,6,61084,443,12,37,259,1894
35419.62906677802,1.999,Web0004,DB0004,6,10299,3306,55,106,10758,1812
35422.33772963843,5.589,Comp0007,Web0005,6,20904,443,14,37,1644,3171
35423.03922795483,0.033,Comp0067,DNS0001,17,7774,53,2,2,70,166
35423.777069330405,6.121,Comp0038,Web0005,6,63959,443,16,35,916,7939
35425.48927994307,25.972,Comp0005,FS0002,6,46983,445,15,154,1115,21708
35427.63608648604,3.021,Comp0026,Proxy0001,6,62719,3128,10,18,1208,30475
35430.23352306286,0.657,Comp0057,DNS0001,17,63751,53,2,3,35,186
35433.38339531646,5.801,Comp0031,DC0001,6,8226,88,6,15,169,622
35437.58841679207,11.619,Comp0041,FS0001,6,16108,445,14,64,1720,13248
35447.45448072188,0.641,Comp0059,Web0002,6,35532,80,3,20,1514,3650
35453.60493753697,0.25,Comp0009,DNS0002,17,61394,53,3,3,61,182
35455.887171200986,2.568,Comp0059,Mail0001,6,39734,587,9,8,432,1449
35462.31986692883,9.776,Comp0006,Mail0002,6,32359,993,4,2,878,880
35465.52227131324,0.464,Comp0065,DNS0001,17,64802,53,2,3,65,121
35472.07753194288,0.419,Comp0007,DNS0002,17,33726,53,2,3,28,195
35472.78077844039,0.607,Comp0052,DNS0002,17,38057,53,3,2,84,172
35482.243638061795,0.049,Comp0036,DNS0001,17,40929,53,2,2,23,240
35498.178063729014,1.532,Comp0064,Mail0002,6,47453,993,10,10,199,464
35498.88816214243,0.04,Comp0080,DNS0002,17,53278,53,2,2,53,111
35514.817882177806,0.039,Comp0066,DNS0001,17,7310,53,2,2,56,121
35533.56661845329,0.151,Comp0013,DNS0001,17,20869,53,2,2,46,282
35542.399962167154,3.536,Comp0010,Web0002,6,63064,443,8,7,108,13675
35549.63143374188,2.18,Comp0053,Proxy0002,6,16731,3128,10,18,292,8567
35550.87777354421,6.586,Comp0054,DC0001,6,52821,389,5,6,911,654
35551.38670539897,1.476,Comp0025,Mail0002,6,53544,587,5,8,375,6611
35566.0396723172,0.17,Comp0056,DNS0001,17,14282,53,2,3,29,263
35573.7196132289,0.127,Comp0061,DC0002,6,22505,445,55,217,854,1302
35576.05507000401,0.369,Comp0067,Web0006,6,31108,443,3,36,916,3319
35589.677813212285,20.099,Comp0055,FS0001,6,41544,445,68,133,12772,68424
35589.74341978412,0.677,Comp0063,DNS0002,17,64558,53,2,2,53,226
35590.564546172405,3.888,Web0006,DB0002,6,9339,5432,4,119,4097,6280
35600.062598751014,0.836,Comp0022,Web0005,6,34829,443,8,9,1375,7273
35600.63992982127,5.471,Comp0040,Web0003,6,10644,443,7,124,2315,8702
35603.38373697788,4.287,Comp0041,FS0002,6,16637,445,56,77,20877,29879
35603.47640086553,6.388,Comp0066,Proxy0002,6,33938,3128,4,25,702,18780
35609.041562297825,1.92,Comp0073,Web0005,6,63762,443,10,60,306,17620
35625.25558332225,2.257,Comp0065,Web0004,6,55007,443,4,21,861,16330
35632.954785644666,1.753,Comp0056,DC0001,6,2701,389,6,11,1869,680
35636.36404027526,0.095,Comp0064,DNS0001,17,27332,53,3,2,91,283
35639.129052672826,2.187,Comp0016,FS0002,6,41128,445,21,71,5873,11218
35640.75144501524,6.49,Comp0002,FS0003,6,3326,445,23,78,1415,3027
35652.643179664105,0.52,Comp0015,Proxy0002,6,4274,3128,14,83,237,7869
35661.38936865837,3.424,Comp0031,Proxy0002,6,45147,3128,15,79,1720,56118
35668.290002108464,0.757,Comp0055,Proxy0002,6,37687,3128,17,19,988,42462
35670.88265176996,4.483,Comp0077,FS0002,6,15718,445,76,167,1756,21387
35672.12486482883,0.411,Proxy0002,Ext0029,6,29895,443,25,20,360,4721
35672.16188303437,0.256,Comp0063,DNS0001,17,23161,53,2,2,107,204
35674.96672701616,1.666,Comp0050,DC0001,6,46901,88,3,13,286,902
35676.48194233331,7.014,Comp0059,FS0002,6,33077,445,27,159,2767,30716
35682.428719444644,12.798,Comp0041,Mail0001,6,38740,993,4,7,460,550
35684.28814554336,4.559,Comp0071,Web0001,6,35105,443,11,67,2962,1716
35687.540242582014,19.887,Comp0049,Web0005,6,31101,443,40,74,812,15441
35691.787184517816,2.107,Comp0031,Mail0001,6,64332,993,4,10,454,566
35695.37226374565,0.161,Comp0067,DNS0002,17,44132,53,2,2,48,254
35695.651957891445,1.784,Comp0043,Proxy0001,6,43082,3128,4,26,1576,1450
35699.83004206295,2.714,Comp0062,FS0002,6,58472,445,18,897,11215,10429
35702.42772187458,0.655,Comp0078,DC0001,6,33795,88,6,4,458,188
35703.389648476805,3.565,Comp0047,DC0002,6,65038,88,7,13,468,818
35704.274155581385,2.405,Proxy0001,Ext0029,6,7463,443,3,21,946,2987
35705.62071279731,0.017,Comp0047,DNS0001,17,57312,53,3,2,76,139
35713.39997269526,1.758,Comp0062,Proxy0002,6,41691,3128,8,39,691,4184
35722.84037884733,0.365,Comp0028,DC0001,6,50495,88,5,8,337,1051
35731.06887523357,22.875,Comp0013,FS0001,6,46643,445,38,51,1496,43193
35738.836240565804,0.12,Comp0022,DNS0002,17,10928,53,3,3,76,80
35740.68647612918,2.586,Comp0020,DC0001,6,4162,88,4,5,1521,608
35743.90636420675,0.113,Comp0038,DNS0002,17,39127,53,2,2,39,145
35744.12153552365,32.676,Comp0017,FS0002,6,3284,445,90,870,588,25820
35748.94197786523,0.185,Comp0059,DNS0001,17,45083,53,2,2,71,358
35765.8040947095,0.036,Comp0007,Mail0001,6,40621,587,4,7,43,668
35772.64689612218,3.03,Web0006,DB0004,6,52070,3306,42,70,1980,10761
35787.23728357708,0.212,Comp0053,Web0005,6,63424,443,13,29,328,3368
35787.49582547776,0.076,Comp0056,DNS0002,17,10142,53,2,2,66,168
35789.37605999632,2.104,Web0006,DB0002,6,10730,3306,16,447,539,18340
35799.379012460435,6.878,Comp0018,DC0002,6,25689,389,9,9,560,447
35802.414191211246,0.019,Comp0058,Proxy0002,6,21050,3128,4,17,208,1113
35808.4928776113,0.21,Comp0021,DNS0002,17,33638,53,2,3,93,264
35809.38966195633,0.25,Comp0059,Mail0002,6,26826,587,5,17,430,699
35822.928463667966,0.07,Web0005,DNS0001,17,46118,53,2,3,63,126
35833.89343984429,11.66,Comp0037,Web0006,6,10268,443,15,86,369,2162
35837.97863280458,0.107,Comp0028,DNS0001,17,3033,53,2,2,67,126
35840.6679583894,3.485,Comp0026,Web0001,6,8037,443,8,18,1033,13439
35847.39597532685,12.483,Comp0022,Proxy0002,6,25766,3128,6,25,3472,15006
35849.8887765547,5.87,Comp0026,Web0002,6,33283,443,8,58,2053,3389
35856.296025387885,0.509,Comp0031,DNS0002,17,1117,53,2,3,85,74
35858.19102840444,8.905,Comp0016,Web0002,6,37847,443,6,11,3251,2673
35863.59006115771,0.293,Comp0003,DNS0002,17,50861,53,2,3,50,415
35864.427410263605,0.052,Comp0046,DNS0002,17,60054,53,2,2,83,60
35870.7205107221,0.24,Comp0038,DNS0001,17,6894,53,3,2,83,145
35872.18995252186,7.96,Comp0056,Web0005,6,32411,443,6,135,2818,39762
35876.59596847618,10.429,Comp0078,Proxy0001,6,31659,3128,6,44,1791,106852
35883.541710096135,2.053,Comp0047,Proxy0001,6,22651,3128,12,95,609,4033
35885.97763592873,0.115,Comp0025,DNS0001,17,52901,53,3,2,101,137
35891.633500389646,7.816,Comp0005,Web0004,6,26317,443,11,86,501,15861
35899.010624517774,1.406,Comp0040,Web0003,6,27324,443,6,21,482,11932
35904.03877087928,4.751,Web0001,DC0002,6,25385,389,4,11,384,749
35926.29578042838,6.357,Comp0064,Web0002,6,12618,443,8,37,355,7964
35933.595366402944,0.362,Proxy0001,Ext0031,6,36468,443,39,35,817,3438
35946.43121704304,0.044,Comp0054,DNS0001,17,46472,53,2,2,38,166
35951.22084630173,1.84,Comp0044,Mail0002,6,13807,587,5,6,777,1562
35960.48587394238,0.473,Comp0008,DNS0001,17,16609,53,2,2,76,180
35961.09312736855,0.138,Comp0034,Proxy0001,6,51729,3128,11,84,185,20481
35967.9763272378,9.632,Comp0006,DC0001,6,16357,389,7,16,491,2104
35979.14229457968,0.305,Comp0035,Web0002,6,51344,80,12,57,596,7567
35986.81422264462,0.106,Comp0073,DNS0002,17,10065,53,2,4,78,186
35993.81504265868,0.287,Comp0042,Mail0001,6,37798,587,4,9,607,504
35995.00000287699,4.302,Comp0024,DC0001,6,24418,389,13,8,1724,452
36001.739326517134,12.408,Comp0039,DC0001,6,1222,445,26,25,3152,2238
36009.50808086905,0.034,Comp0055,DNS0001,17,37344,53,2,3,36,108
36011.87615354144,0.016,Comp0040,DNS0002,17,19155,53,2,2,61,96
36014.884260547,0.002,Comp0046,DNS0001,17,50912,53,2,3,77,432
36015.26103216215,7.759,Comp0009,Web0003,6,57737,80,7,88,1456,30317
36025.73249745135,12.041,Comp0024,Mail0002,6,50837,993,5,12,918,276
36031.43685269757,11.624,Proxy0001,Ext0013,6,4561,443,20,22,1743,12446
36055.31343608339,0.036,Comp0010,DNS0002,17,52202,53,2,2,94,150
36059.29799880626,3.486,Comp0054,Web0002,6,32876,443,9,59,348,1408
36063.05778696992,0.154,Comp0012,DNS0002,17,56529,53,2,3,110,125
36070.78720491621,4.406,Comp0030,Web0006,6,15006,443,12,46,137,73409
36080.97914648302,0.161,Comp0050,DNS0002,17,48157,53,2,3,46,189
36081.8512759571,3.205,Comp0067,Web0003,6,30363,80,7,10,825,12980
36087.47358789647,0.023,Comp0042,DNS0001,17,17532,53,2,2,49,99
36097.71502186613,16.462,Comp0036,Proxy0001,6,32529,3128,34,36,123,2077
36110.99460758745,0.027,Comp0070,DNS0002,17,18469,53,3,4,44,50
36116.88893810421,7.082,Comp0004,DC0001,6,20581,445,17,337,3022,1501
36120.20560336756,5.823,Comp0074,Proxy0001,6,36859,3128,13,40,39,23660
36125.87531396724,3.861,Comp0038,FS0001,6,53613,445,18,197,7122,20679
36127.57141209487,4.268,Comp0055,Web0006,6,31265,443,9,32,617,2048
36136.60725352878,0.226,Comp0028,Web0001,6,58099,443,13,19,353,12347
36139.186422174265,2.345,Comp0058,Web0002,6,9873,443,5,72,2489,14903
36139.9492798294,4.39,Comp0011,Proxy0002,6,6681,3128,9,22,685,3155
36149.69723774237,10.147,Comp0071,Proxy0002,6,47645,3128,9,30,1316,1099
36167.18927006879,0.185,Comp0072,DNS0002,17,59626,53,2,2,112,87
36169.521612269215,0.044,Comp0080,DNS0001,17,61993,53,2,3,85,307
36175.56596972507,0.175,Comp0033,DNS0002,17,49964,53,2,2,41,152
36184.97978831003,17.776,Comp0007,Web0001,6,53414,443,8,40,3175,24958
36188.25550712464,0.955,Comp0030,Mail0001,6,5818,993,3,16,180,6291
36192.9696153315,1.415,Comp0042,Web0004,6,23857,443,6,33,630,8329
36197.61162572064,2.105,Comp0066,Web0005,6,15525,80,10,47,839,14791
36205.35392532724,3.01,Comp0071,FS0001,6,25457,445,20,48,2694,104421
36210.04927464556,0.094,Comp0036,DNS0001,17,8030,53,2,3,41,246
36215.582270239116,0.379,Comp0027,Web0006,6,7139,443,6,16,734,3178
36220.28574852764,0.009,Comp0053,DNS0001,17,41472,53,2,2,79,103
36230.19622013787,0.296,Comp0051,DNS0001,17,31688,53,2,2,50,123
36241.22268985432,2.455,Comp0074,Proxy0001,6,36049,3128,4,38,754,57068
36245.87086300834,0.195,Comp0020,DNS0001,17,4525,53,2,2,79,199
36255.18328538151,4.748,Comp0065,Web0001,6,17823,443,10,18,892,1792
36256.457820719006,4.139,Comp0013,Web0001,6,55376,443,23,32,289,7999
36272.43319063762,0.052,Web0002,DNS0001,17,24748,53,2,2,109,413
36274.24208299233,0.386,Comp0026,DC0001,6,21996,88,7,4,338,1769
36282.607308609906,0.004,DC0002,DNS0002,17,36611,53,2,3,73,153
36286.56544305663,5.434,Comp0009,DC0001,6,30798,445,39,29,3030,17516
36287.20169987683,0.096,Comp0047,DNS0002,17,28436,53,2,2,114,401
36308.372483572624,11.965,Comp0050,Proxy0001,6,6185,3128,11,30,1263,1553
36309.011998437985,0.017,Comp0074,DNS0002,17,61110,53,2,3,46,253
36310.74338319763,1.67,Comp0043,Proxy0002,6,41026,3128,8,52,315,16978
36316.856912234136,0.11,Comp0071,Web0001,6,28224,443,3,20,264,39109
36317.39938964678,0.502,Comp0069,Mail0002,6,31044,993,4,14,496,1458
36319.05724513059,0.672,Comp0070,Mail0002,6,48812,993,5,9,491,268
36331.61539234327,2.253,Comp0012,Web0002,6,13327,80,4,93,824,2630
36332.303059964695,0.312,Comp0078,DC0002,6,59529,88,8,6,418,2023
36344.31233874829,7.274,Comp0066,Web0006,6,6800,443,11,158,165,2643
36349.72663400669,5.187,Comp0037,Web0005,6,26822,80,36,97,534,6934
36351.253693313854,1.581,Comp0019,Web0002,6,57299,80,4,19,723,7832
36356.107215077835,0.023,Comp0045,DNS0001,17,61052,53,3,3,87,73
36358.70420490836,23.135,Comp0012,DC0001,6,32045,445,49,67,3034,1062
36371.86256513029,2.47,Comp0020,Web0002,6,7079,80,8,22,254,621
36373.129018790896,1.691,Comp0052,DC0002,6,4080,88,3,13,139,1185
36374.17483912206,1.903,Comp0060,Mail0001,6,4182,993,3,23,729,789
36374.65053986762,0.946,Comp0025,Web0003,6,57544,443,16,136,1012,13063
36392.84662807233,4.09,Comp0067,Web0005,6,19350,80,13,31,706,3233
36405.90723884476,1.068,Comp0071,Web0005,6,10189,80,8,36,1597,5746
36408.519200268485,0.036,Comp0073,DNS0002,17,32929,53,2,3,40,53
36413.751263452396,0.156,Comp0014,DNS0002,17,63056,53,2,2,91,143
36421.37927063731,3.684,Comp0053,Proxy0001,6,28256,3128,12,48,149,18584
36424.72547128842,0.616,Comp0054,Web0004,6,44522,443,27,119,673,15683
36426.49746930921,0.216,Comp0039,DNS0002,17,8787,53,3,3,47,501
36431.09810050832,3.712,Web0005,DB0002,6,13293,5432,28,170,8364,289208
36432.57206895824,1.572,Comp0048,DC0001,6,37101,88,8,7,347,441
36441.76017015691,7.908,Comp0046,FS0003,6,43112,445,39,268,1857,40624
36442.426342070685,1.346,Comp0042,Web0006,6,37957,443,16,40,371,26542
36447.27472575317,2.095,Comp0078,Proxy0001,6,64115,3128,11,47,491,1049
36463.86591199872,0.076,Comp0057,DNS0001,17,7657,53,3,3,36,151
36474.56545417787,4.503,Comp0079,DC0002,6,60614,389,4,18,384,921
36475.92837147765,13.211,Comp0077,Proxy0002,6,11408,3128,5,22,151,1171
36481.62795033542,0.037,Comp0065,DNS0001,17,27345,53,3,2,54,209
36493.1872374331,0.136,Comp0007,DNS0001,17,32861,53,3,2,88,136
36497.183030529,1.64,Comp0032,DC0002,6,20336,445,8,320,1569,5580
36504.91747630227,4.061,Comp0080,DC0001,6,27453,389,3,8,616,1869
36515.06102812752,5.329,Comp0076,FS0002,6,21396,445,18,44,2512,6293
36522.366769295084,2.741,Comp0018,Mail0002,6,48858,587,18,12,142,486
36527.16398544411,3.82,Comp0010,DC0002,6,14787,445,11,107,2239,44256
36529.01559979623,7.567,Comp0015,Web0001,6,46286,80,13,79,805,154948
36544.5901892255,0.913,Comp0073,Web0003,6,10143,443,5,42,622,6887
36546.37864169546,19.453,Comp0057,FS0002,6,40934,445,6,54,591,45657
36559.38030308089,2.202,Comp0009,Web0005,6,44984,443,6,35,129,4991
36560.14335305364,0.105,Comp0068,DNS0002,17,2535,53,2,3,24,172
36562.61903988211,9.512,Proxy0001,Ext0030,6,50297,80,4,205,437,1140
36571.82648196484,1.534,Comp0036,Mail0001,6,3410,993,5,5,568,709
36572.17443468231,27.667,Comp0004,FS0001,6,29479,445,14,132,979,25209
36574.503065284334,0.004,DB0003,DNS0002,17,64086,53,2,2,52,115
36589.88325727573,3.431,Comp0042,DC0001,6,12615,88,9,7,228,277
36616.94403615398,0.092,Proxy0002,Ext0002,6,25789,80,5,24,822,18958
36625.6498084242,3.203,Comp0050,FS0002,6,35761,445,7,77,1847,4449
36630.898945833105,0.068,Comp0065,DNS0002,17,36867,53,3,2,58,175
36631.635034386454,3.348,Web0006,DB0004,6,35088,3306,28,36,1867,153240
36639.33478412887,3.857,Comp0030,DC0001,6,32576,88,13,14,170,260
36640.43906779467,1.922,Comp0022,Web0004,6,36012,443,8,25,858,23148
36655.270893918074,20.81,Comp0047,DC0002,6,41283,445,41,56,1092,9188
36658.08926428397,0.03,Comp0011,DNS0002,17,62064,53,2,3,65,146
36665.98742679719,0.857,Comp0018,Web0001,6,8144,80,21,21,1618,30400
36674.013580113795,4.79,Comp0079,Web0006,6,42657,443,15,87,3506,3449
36674.84823928132,2.058,Comp0013,DC0002,6,9021,88,2,6,221,51
36690.19748255645,0.507,Comp0049,DNS0002,17,11172,53,2,3,64,231
36696.052482676525,1.229,Comp0019,Web0004,6,35466,443,11,73,1072,13258
36699.3335365572,8.969,Web0006,DB0003,6,38482,3306,27,49,2604,10456
36702.843191122585,1.739,Comp0001,DNS0002,17,12856,53,3,3,65,142
36703.44039490065,0.007,Comp0068,Web0006,6,56078,80,17,21,238,48599
36707.37742664373,0.959,Mail0001,Ext0029,6,32370,25,4,12,278,916
36725.78191235109,0.086,Comp0030,DNS0002,17,39550,53,3,3,77,261
36726.62299862549,0.951,Comp0074,Mail0002,6,17674,993,7,35,361,761
36727.010236965405,0.049,Comp0002,DNS0001,17,52525,53,3,4,122,134
36728.6194953834,6.339,Comp0019,Web0003,6,20337,443,9,18,698,8798
36728.833579455735,0.018,Proxy0001,DNS0002,17,28899,53,2,2,53,99
36730.80726047667,1.676,Comp0053,DC0002,6,29017,389,14,8,357,247
36736.80028566299,15.898,Comp0047,Proxy0002,6,17904,3128,11,10,2274,9404
36747.85438634353,0.155,Comp0070,DNS0001,17,47488,53,2,2,76,57
36748.6836716516,0.419,Comp0039,Proxy0002,6,52579,3128,9,22,1059,16292
36753.31570624,3.253,Comp0065,Web0004,6,11073,443,2,13,472,5659
36754.36641049835,0.873,Comp0013,Mail0002,6,8567,993,3,3,1057,422
36770.21694732642,48.806,Web0004,DB0003,6,45025,5432,41,70,4391,18046
36771.0608063314,0.497,Comp0072,DC0002,6,61751,389,4,10,899,682
36771.14332452847,0.054,Comp0013,DNS0002,17,43132,53,2,2,49,141
36777.85294023801,1.198,Comp0007,DC0001,6,30787,389,7,7,1263,1101
36779.03136411045,0.93,DB0002,DC0001,6,14800,389,5,24,502,893
36783.52539876665,9.245,Comp0057,Proxy0001,6,30714,3128,23,42,413,5981
36789.00570002016,0.017,Comp0046,DNS0002,17,21785,53,3,3,77,109
36789.64272696776,4.284,Comp0058,DC0002,6,5752,389,4,4,178,328
36790.81953864442,0.102,Comp0054,DNS0001,17,6228,53,2,3,43,125
36794.20502139103,7.129,Proxy0002,Ext0005,6,17487,80,19,14,1110,10589
36795.26930042833,0.092,Comp0072,DNS0001,17,11871,53,2,2,50,114
36798.4937789246,2.078,Comp0071,Web0006,6,47886,443,5,26,1836,3611
36799.85378409144,34.223,Comp0045,DC0002,6,13974,445,16,38,1510,1626
36808.81271082435,2.809,Comp0059,Web0001,6,6201,80,12,62,1169,23258
36811.67247982558,1.764,Comp0030,Proxy0001,6,7818,3128,3,22,242,5199
36814.57117316187,9.837,Comp0054,FS0003,6,37128,445,25,18,1847,83589
36824.301324001724,48.362,Comp0008,FS0003,6,35597,445,6,201,1048,106885
36826.621875752484,0.177,Comp0078,DNS0001,17,27083,53,3,2,73,209
36832.1581264198,0.138,Comp0033,DNS0002,17,39018,53,2,2,68,172
36840.8434137004,1.412,Comp0065,DC0002,6,30279,389,8,4,99,291
36851.499007856626,0.053,Comp0009,Web0004,6,58496,443,12,84,2288,11022
36856.95767510775,2.034,Comp0063,Mail0002,6,40150,993,7,17,874,193
36869.60703430687,0.942,Comp0022,DC0002,6,30966,389,9,11,405,674
36874.517402649726,0.534,Comp0066,Web0003,6,36680,443,10,34,614,18438
36885.20935550912,17.423,Proxy0001,Ext0032,6,1824,80,6,171,423,3225
36894.65603624451,1.523,Web0002,DC0001,6,40581,389,9,6,866,1052
36901.244248110575,1.628,Comp0022,Web0002,6,61746,443,20,49,223,7398
36923.73018626147,0.16,Comp0062,DNS0002,17,33474,53,3,3,53,56
36926.151105309764,1.227,Comp0056,Web0002,6,12054,443,10,37,321,29477
36927.27158313573,8.914,Comp0049,Web0006,6,15611,443,8,32,89,2695
36927.706797620085,0.265,Comp0026,DNS0001,17,19957,53,2,3,77,84
36948.20495349505,2.182,Comp0025,FS0001,6,4881,445,47,27,4670,9299
36953.77038980429,1.777,Comp0053,Web0004,6,5740,80,6,48,326,23628
36961.79112470662,7.129,Comp0029,DC0002,6,64173,445,10,90,1519,2174
36966.04488341231,7.06,Comp0061,Web0002,6,51774,80,3,44,222,8931
36986.969916297545,6.134,Comp0015,Proxy0001,6,57643,3128,19,58,331,5677
36995.7887085541,1.334,Comp0002,Web0001,6,34872,80,19,10,1475,1561
36996.86904093663,0.171,Comp0025,DNS0001,17,16714,53,2,3,90,111
37001.021087827496,1.252,Comp0033,Web0006,6,19747,443,4,25,554,2652
37011.929701755274,0.072,Proxy0002,DNS0002,17,31537,53,3,2,106,130
37017.484593027824,7.456,Comp0016,Proxy0002,6,36145,3128,5,24,496,11878
37024.233922320804,8.443,Comp0051,Proxy0001,6,7830,3128,5,82,185,4166
37035.23540213996,0.004,Comp0041,DNS0002,17,31088,53,2,2,73,259
37037.833246365255,3.477,Comp0029,DC0002,6,23738,88,6,7,3298,354
37046.90688204062,38.998,Comp0041,FS0003,6,39977,445,29,239,2669,5707
37050.22620075359,0.124,Comp0077,DNS0002,17,24857,53,2,5,59,137
37051.042151903006,8.705,Comp0008,Web0006,6,17723,443,6,82,620,31823
37060.43047993795,1.272,Comp0039,Web0006,6,4513,443,8,35,762,17563
37063.052762354586,2.961,Comp0054,Web0004,6,52881,443,5,18,416,30717
37068.850367825224,2.873,Comp0035,DC0002,6,12898,389,8,46,235,335
37070.274771186116,0.367,Comp0052,DNS0002,17,36056,53,2,2,59,191
37070.97235307396,0.375,Comp0042,DNS0002,17,56582,53,2,3,55,200
37072.67173422254,9.155,Comp0043,Web0006,6,31428,80,10,30,1398,3726
37074.147507212016,8.695,Comp0061,Web0005,6,8142,443,6,21,247,7392
37074.82078086877,5.268,Comp0042,DC0001,6,53385,445,18,42,747,3260
37093.27172374449,0.12,DB0003,DNS0001,17,8193,53,2,3,44,209
37096.68481113361,3.349,Comp0051,Web0003,6,4468,443,5,54,461,8445
37106.124492563744,0.1,Comp0053,DNS0001,17,14594,53,6,2,83,301
37110.00570221583,22.169,Comp0014,DC0001,6,47599,445,39,35,779,5436
37110.96065782517,1.625,Comp0029,Web0005,6,47740,443,12,9,408,5538
37111.37985343082,10.518,Web0003,DB0002,6,60184,3306,56,86,2173,4416
37125.83309244543,0.72,Comp0017,Proxy0002,6,50146,3128,16,41,92,2139
37129.6674904658,1.073,Comp0068,DC0002,6,8165,389,4,11,1586,589
37138.93777228475,16.778,Comp0077,Web0004,6,56715,80,11,8,425,6191
37141.62877872288,0.319,Comp0011,DNS0001,17,42660,53,3,2,59,160
37152.67832339971,0.922,Comp0010,Web0002,6,34849,443,6,56,1077,444
37153.61068627181,0.346,Comp0025,DNS0002,17,4013,53,2,5,76,157
37178.22151841002,0.331,Comp0055,DNS0001,17,62087,53,2,2,49,188
37188.40025568655,2.155,Comp0037,Web0001,6,29869,443,3,162,4517,57815
37196.75777340154,0.022,Comp0054,DNS0002,17,47618,53,2,3,86,36
37200.25137503397,21.604,Comp0013,FS0003,6,21641,445,4,68,1713,20080
37208.08312613418,4.827,Comp0033,FS0002,6,58306,445,27,145,4848,126597
37210.6490291959,2.939,Comp0018,DC0002,6,7845,88,9,9,256,1330
37214.030243753194,8.615,Comp0067,Web0004,6,11498,80,5,81,572,7176
37232.17846636509,0.289,Comp0037,DNS0002,17,2085,53,2,2,50,140
37247.321736757105,0.016,Comp0051,DC0002,6,52504,389,6,9,1544,347
37256.171319225374,7.427,Comp0007,Proxy0001,6,46268,3128,7,63,393,3323
37264.0157065744,11.758,Comp0080,Proxy0001,6,22102,3128,17,44,513,7810
37269.56858657686,1.13,Comp0024,DC0001,6,11713,88,5,12,681,226
37271.09927337095,9.711,Comp0031,FS0002,6,31202,445,38,54,1514,27030
37271.81395711637,4.662,Comp0043,Mail0002,6,8757,993,7,4,576,448
37272.829924504746,3.628,Comp0048,FS0002,6,49790,445,15,171,2360,9199
37278.20882419373,3.076,Comp0056,Web0001,6,2855,443,23,64,619,3154
37280.21738569684,3.765,Comp0019,Proxy0002,6,22233,3128,2,41,119,10225
37280.27331982894,8.749,Comp0031,Proxy0002,6,59939,3128,5,25,783,2293
37284.80198522635,1.746,Proxy0001,Ext0036,6,21920,80,3,7,191,5505
37293.30093000699,0.109,Comp0023,DC0002,6,44216,389,5,20,663,551
37304.84502968965,0.028,Comp0047,DC0002,6,51678,88,8,8,339,1156
37309.3009695236,32.091,Comp0019,DC0002,6,4878,445,20,83,5700,1908
37312.0637978972,0.078,Proxy0002,DNS0002,17,38318,53,2,3,78,362
37319.07735561312,9.5,Comp0078,Web0003,6,10997,443,10,9,420,13931
37324.51286965779,0.004,Comp0024,DNS0001,17,55052,53,2,2,70,116
37326.515563555295,4.475,Comp0031,Web0002,6,57134,443,8,29,645,10290
37327.9891629904,12.028,Comp0075,DC0001,6,10437,445,19,72,2591,26337
37328.68132949358,0.614,Comp0078,Web0004,6,63055,80,23,53,852,1711
37333.23800539569,2.467,Mail0001,Ext0007,6,33450,25,3,4,215,1673
37339.42661770478,0.1,Comp0048,DNS0002,17,40417,53,3,4,66,208
37342.081505368005,26.137,Comp0073,Web0002,6,2575,443,7,15,784,2971
37342.71682483975,0.122,Comp0056,DNS0002,17,10468,53,2,3,58,185
37347.62075672104,0.335,Comp0050,DNS0001,17,51231,53,2,2,79,138
37348.37198577966,9.541,Comp0079,FS0001,6,46450,445,13,112,1335,11629
37351.21559396639,7.661,Comp0036,DC0001,6,27323,389,3,12,388,654
37357.39452732943,5.487,Comp0059,DC0001,6,57836,88,11,6,321,795
37359.09399848869,1.057,Comp0028,Proxy0002,6,57139,3128,9,18,970,645
37362.12456089845,0.032,Comp0018,DNS0002,17,10249,53,3,3,83,99
37365.527611687176,0.075,Comp0042,DNS0001,17,44947,53,3,3,108,397
37379.92678508947,0.859,Comp0013,DC0001,6,3235,389,16,8,348,365
37384.405686830636,1.467,Comp0053,Web0003,6,45234,443,4,38,630,1450
37388.673088535856,6.223,Comp0066,DC0002,6,19242,88,8,10,887,374
37395.09264176257,3.956,Comp0061,Web0003,6,7543,443,12,92,579,14047
37403.13126324361,3.299,Comp0070,Web0006,6,7028,80,8,59,267,980
37407.24849427686,1.593,Comp0020,DC0002,6,20855,389,4,8,477,2375
37414.779241543605,3.42,Comp0019,Web0001,6,63354,443,5,22,645,36237
37419.516168729715,4.66,Comp0072,Web0006,6,34493,443,9,27,275,61381
37420.274849919246,3.006,Comp0011,DC0002,6,50604,88,5,8,672,1560
37422.28272172411,5.762,Comp0067,DC0002,6,46747,88,7,5,1835,1157
37432.96915951225,5.55,Comp0020,Web0005,6,32776,443,6,102,897,3837
37436.6878785233,0.889,Comp0036,DC0001,6,9176,445,11,69,6187,44696
37442.173628497956,1.437,Comp0052,DC0002,6,6287,88,4,3,539,910
37445.00774839132,0.469,Comp0052,DNS0002,17,37533,53,2,2,123,140
37449.925372467565,8.484,Comp0012,Web0006,6,50863,443,4,29,881,6831
37456.78259473142,1.5,Comp0055,Web0001,6,17654,80,19,28,667,4220
37456.97546932161,1.179,Mail0001,Ext0001,6,8990,25,4,12,264,291
37458.055800406066,16.487,Web0003,DB0002,6,21570,3306,6,29,1868,38647
37462.62734720997,17.386,Comp0042,Web0002,6,61882,443,3,14,398,929
37462.92068370544,1.216,Comp0075,FS0001,6,36943,445,42,168,2972,19332
37466.91036711584,6.396,Comp0066,Proxy0002,6,55832,3128,25,13,223,974
37469.58602468339,0.259,Comp0066,DNS0001,17,33646,53,4,2,53,123
37470.347884354174,9.602,Web0006,DB0003,6,49762,3306,15,51,282,22997
37472.70619799044,1.304,Comp0047,DC0002,6,39239,88,3,5,263,309
37474.82795500821,0.003,Comp0039,DNS0002,17,7384,53,3,3,65,196
37477.77734612357,0.171,Comp0030,DNS0001,17,9941,53,3,2,79,79
37478.67888599892,4.496,Comp0052,Web0005,6,43649,80,8,67,3141,5568
37481.989567633245,0.053,Comp0080,DNS0001,17,6392,53,2,3,57,212
37482.51755102077,0.038,Comp0055,DNS0002,17,53390,53,3,4,55,230
37484.02030770457,0.063,Comp0002,DNS0002,17,31377,53,2,3,69,122
37486.275651670636,8.21,Comp0007,Web0001,6,58576,443,11,12,371,2605
37497.194043154544,1.985,Comp0047,Mail0002,6,55556,587,6,6,931,690
37499.94452849438,17.502,Comp0037,Web0005,6,23579,443,7,24,3461,44001
37510.43707340343,0.222,Comp0027,DNS0001,17,61946,53,3,3,46,121
37514.537725268514,4.478,Comp0044,FS0001,6,46141,445,7,50,1454,6579
37520.58765700899,0.29,Comp0068,Web0003,6,33941,80,5,34,730,1330
37522.30441263868,6.558,Comp0047,Web0002,6,23374,443,5,100,986,16627
37528.79470403487,0.052,Comp0001,Proxy0002,6,16437,3128,20,100,290,4403
37533.554363560586,8.749,Comp0062,DC0001,6,15534,389,5,4,136,127
37545.54022724627,0.072,Comp0044,DNS0001,17,12685,53,3,3,45,151
37553.66337689116,0.271,Comp0079,DC0001,6,47811,389,3,7,389,1252
37556.94096423916,2.899,Comp0076,Web0001,6,9490,443,13,7,386,3529
37559.37747127973,6.739,Comp0066,Web0003,6,3746,443,10,21,30,1868
37568.49934885191,11.235,Comp0022,Proxy0001,6,43876,3128,38,31,933,2034
37574.524730774494,5.979,Comp0034,Web0003,6,57051,80,14,47,193,3688
37579.623438532624,0.198,Comp0014,Web0006,6,19557,443,15,41,527,5973
37581.0711144603,8.495,Comp0034,Proxy0001,6,8517,3128,6,84,1238,7295
37588.34218973812,0.284,Comp0068,DNS0001,17,26669,53,3,3,78,108
37601.656206403764,0.558,Comp0067,Web0004,6,49719,443,11,24,835,6203
37604.435153427665,0.04,Comp0037,DNS0001,17,13171,53,3,2,49,304
37606.14199083716,68.448,Web0006,DB0002,6,47911,3306,50,45,1652,133294
37606.24861728688,6.732,Comp0072,FS0003,6,17140,445,15,246,5525,224
37607.81311324901,0.716,Comp0018,Web0006,6,41855,443,8,47,98,21402
37610.20233461137,18.92,Comp0003,Web0004,6,39751,443,9,57,3088,43911
37611.86086233625,4.527,Comp0032,Web0001,6,7427,443,15,101,1178,16029
37620.36858142608,1.085,Comp0020,DC0002,6,41898,445,53,114,1453,10695
37620.68830593126,0.009,Comp0010,DNS0002,17,39554,53,4,2,50,248
37621.06058846667,0.077,Web0002,DNS0001,17,34705,53,2,4,56,58
37623.15998176405,8.091,Comp0068,Web0005,6,34307,80,8,58,314,26445
37624.26537578206,2.778,Comp0012,Web0003,6,15180,443,5,138,358,26058
37630.01089815185,9.212,Comp0031,Web0001,6,23400,443,13,11,1314,2915
37636.88814100224,10.257,Comp0017,Web0002,6,55852,80,6,40,278,15809
37639.487430217945,0.178,Comp0021,DNS0002,17,56077,53,3,3,60,199
37639.86730732288,0.08,Comp0038,DNS0002,17,63362,53,3,2,129,108
37641.768706635106,0.026,Comp0045,DNS0002,17,13961,53,2,3,60,171
37678.02779105643,0.113,Comp0023,DNS0001,17,43589,53,4,2,72,118
37681.817735315286,35.298,Comp0010,Web0001,6,20839,80,14,65,226,9567
37692.309724467275,0.051,Comp0017,DNS0002,17,9974,53,3,2,89,146
37692.89602478369,3.882,Comp0051,Proxy0002,6,47333,3128,21,88,1883,54108
37694.86584728987,0.055,Comp0004,DNS0002,17,26328,53,2,3,87,246
37704.859209450115,0.206,Comp0075,DNS0002,17,14425,53,2,3,49,87
37711.32572278309,15.241,Comp0009,Web0006,6,15984,443,15,39,833,13287
37717.576985110085,0.14,Comp0019,DNS0001,17,33611,53,2,3,74,283
37725.72786629108,1.119,Comp0044,Web0002,6,26275,443,9,78,2448,8747
37727.65079269456,0.097,Comp0073,DNS0001,17,39829,53,2,2,68,141
37734.16624277415,0.82,Comp0065,DNS0002,17,37956,53,2,3,93,130
37734.854083357,6.912,Comp0010,Web0001,6,52964,80,6,13,975,4218
37736.51389328061,0.899,Comp0067,Web0002,6,64877,443,19,11,1567,6082
37741.19583938644,0.058,Comp0016,DNS0002,17,22161,53,3,3,47,106
37742.7171380538,12.256,Comp0002,DC0001,6,39855,88,5,12,1123,3642
37746.96012569644,0.08,DB0002,DNS0002,17,63828,53,2,2,87,192
37760.37181979396,0.251,Comp0016,DNS0002,17,9669,53,3,2,56,116
37764.34820095457,14.062,Comp0016,Web0002,6,8652,443,5,69,1016,7058
37771.19795429313,7.522,Comp0048,FS0003,6,16364,445,21,165,10662,14155
37772.82586331694,3.554,Comp0066,Web0003,6,43036,443,7,12,760,11101
37780.87980732956,26.004,Comp0003,FS0003,6,52823,445,71,94,2642,55605
37787.763764326344,0.609,Comp0015,DC0001,6,44686,88,2,4,282,1742
37793.972978272126,10.133,Comp0078,DC0002,6,41098,389,7,5,284,104
37804.28959070127,1.472,Comp0076,Web0001,6,4109,443,10,10,133,1936
37806.62888986852,4.968,Comp0069,Web0003,6,64889,443,14,22,290,25189
37826.57791897468,3.153,Comp0044,DC0001,6,36362,445,52,28,1758,4577
37852.51660105242,0.132,Comp0021,DNS0001,17,30779,53,2,3,77,116
37857.792410086964,0.047,Comp0074,DNS0002,17,30217,53,2,3,50,151
37867.84320586928,0.217,Comp0075,DNS0001,17,47691,53,3,3,63,167
37869.06912645344,8.625,Comp0006,Mail0002,6,53739,993,4,10,360,799
37871.110070997536,7.154,Comp0046,DC0002,6,15146,389,3,15,115,248
37882.450996140986,0.229,Comp0069,DNS0001,17,61831,53,2,3,44,154
37891.6714771514,0.158,Comp0010,DNS0001,17,46144,53,2,3,72,48
37907.97461685706,6.48,Comp0050,Web0001,6,46025,443,6,153,503,29812
37913.44377506223,0.203,Comp0030,DNS0001,17,5974,53,2,3,65,127
37917.69340837994,1.114,Comp0052,Proxy0001,6,5057,3128,16,160,2795,16935
37932.05794229986,9.963,Comp0042,DC0002,6,45503,88,8,25,468,209
37932.38916664865,14.105,Comp0010,FS0002,6,16785,445,11,331,2851,46507
37934.317305781304,0.365,Comp0062,DNS0002,17,61724,53,3,2,69,134
37948.06243782415,6.389,Comp0041,FS0002,6,29702,445,41,83,1149,30860
37948.224141358194,4.231,Comp0060,Web0004,6,28061,443,11,20,146,6796
37960.576359034865,4.776,Comp0046,Web0006,6,45800,443,7,33,282,1179
37965.952122502465,1.355,Comp0007,Proxy0002,6,16947,3128,3,8,823,6499
37971.26706799079,1.021,Comp0068,FS0003,6,38428,445,67,98,6091,3767
37976.74795627909,0.106,Comp0012,DNS0002,17,17508,53,2,2,42,266
37978.298298628775,4.595,Comp0020,Web0003,6,55960,443,7,18,830,4042
37984.55282664893,1.46,Comp0048,Mail0001,6,45478,993,5,11,119,458
37993.445784284064,1.404,Comp0068,Proxy0001,6,8290,3128,15,21,141,12685
37994.303718281866,6.347,Comp0058,Proxy0001,6,58808,3128,8,107,264,27253
38001.935005780266,2.047,Comp0031,Web0004,6,52372,443,23,71,1147,105961
38009.93932359957,5.278,Comp0049,Proxy0001,6,62322,3128,12,22,319,5225
38026.44990953093,2.886,Web0003,DB0001,6,59412,3306,11,73,483,2951
38030.31927764072,0.143,Comp0036,DNS0001,17,52810,53,2,4,59,204
38036.42499962092,0.019,Comp0076,DNS0002,17,11295,53,3,3,63,105
38040.49641903828,11.747,Comp0012,FS0002,6,8675,445,16,129,15191,2951
38054.35380731135,0.876,Comp0003,Web0002,6,60434,80,10,74,71,641
38054.6833523862,0.365,Comp0028,Web0002,6,31220,80,6,36,163,209
38063.05668648127,0.048,Comp0077,DNS0001,17,14985,53,3,3,30,247
38065.965135390325,10.42,Proxy0002,Ext0006,6,19792,80,3,14,2018,99471
38070.48893350872,2.034,Comp0066,DC0002,6,59146,389,6,3,103,3417
38071.32597097055,0.196,Comp0019,DNS0001,17,13476,53,3,2,142,37
38083.13696435779,0.05,Comp0066,DNS0001,17,46814,53,2,3,61,172
38084.90115889897,4.835,Comp0016,FS0002,6,12846,445,13,138,2548,11548
38085.149692990984,6.995,Comp0014,Mail0002,6,33979,993,10,11,229,261
38091.15990670061,2.493,Comp0049,Web0006,6,37700,443,17,75,729,56986
38092.846103812706,8.989,Comp0004,Proxy0002,6,59816,3128,4,40,2152,5600
38099.08852356969,7.692,Comp0057,FS0003,6,7154,445,5,56,1340,8562
38106.53069964074,15.619,Comp0075,FS0003,6,34911,445,23,21,937,9336
38106.88436040526,18.5,Comp0039,Proxy0002,6,56488,3128,9,72,530,11352
38108.080957288774,3.079,Comp0002,Proxy0002,6,57936,3128,16,17,796,8229
38110.21089680525,1.071,Proxy0001,Ext0017,6,51464,80,2,23,741,3388
38111.50507072502,0.07,Comp0012,Web0002,6,46394,80,10,53,235,32641
38122.715880482414,0.515,Comp0022,DC0002,6,2738,389,6,8,1596,1238
38129.86929544391,2.185,Comp0042,DC0001,6,25309,88,13,12,554,503
38137.37945797665,45.962,Comp0004,FS0003,6,53556,445,9,36,3091,10638
38144.6485258318,0.678,Comp0018,DC0002,6,19386,88,6,5,510,637
38154.04654272871,0.166,Comp0007,DNS0001,17,54343,53,2,2,55,80
38155.166730540834,2.487,Comp0052,Proxy0001,6,15967,3128,8,12,195,20603
38155.72031176788,1.076,Comp0062,Web0005,6,35440,443,33,15,597,22846
38169.45811386254,2.496,Comp0001,Web0003,6,2320,443,6,27,442,4785
38169.64294238123,0.728,Proxy0001,Ext0029,6,3637,443,12,241,278,5304
38172.40254238552,0.905,Comp0005,Proxy0001,6,19793,3128,9,21,314,3915
38173.42750110625,0.041,Comp0066,DNS0002,17,26722,53,2,2,49,121
38174.16673542589,0.037,Comp0071,Proxy0002,6,32611,3128,10,51,340,4744
38183.23398561857,7.937,Proxy0001,Ext0005,6,34305,80,10,30,210,10224
38184.35058547619,3.167,Comp0015,Web0005,6,32793,443,4,111,1302,10011
38189.08402830119,1.216,Comp0048,Web0004,6,38386,443,10,9,2878,10541
38190.52144141641,1.82,Comp0017,DC0001,6,42405,88,7,14,484,644
38196.864732797236,2.905,Comp0017,DC0002,6,46458,88,4,5,404,193
38197.90603024766,3.266,Comp0059,Mail0002,6,27084,993,4,7,367,445
38200.11368990181,1.793,Proxy0001,Ext0007,6,32144,443,11,35,620,4291
38200.85282786961,1.193,Comp0003,DC0002,6,34998,88,5,7,1065,1501
38202.3867966539,2.06,Comp0019,Proxy0001,6,12881,3128,13,43,479,16629
38205.33671306495,2.436,Comp0046,DC0001,6,6612,88,3,6,399,555
38205.83778365749,11.232,Comp0017,DC0001,6,28783,445,21,173,386,15001
38212.22529658654,28.842,Proxy0001,Ext0031,6,33619,443,8,20,1890,1075
38221.284808860066,2.018,Comp0050,DC0002,6,39979,88,5,8,1039,4149
38236.57604984554,0.16,Comp0050,DNS0001,17,23741,53,2,3,50,273
38237.03064164043,0.125,Comp0035,DNS0002,17,41966,53,3,3,97,82
38242.1063406771,0.454,Comp0061,Proxy0001,6,42871,3128,4,40,1082,3457
38246.868248445375,0.386,Comp0051,DNS0002,17,25933,53,2,3,98,171
38250.307456934854,0.148,Comp0011,DNS0001,17,21024,53,3,2,75,205
38256.53304434013,36.668,Comp0040,Proxy0001,6,18826,3128,5,186,570,3038
38257.22826724149,7.027,Comp0062,FS0003,6,33838,445,57,136,788,32156
38258.25779198031,2.73,Comp0044,Mail0001,6,59069,587,5,17,332,578
38265.74243159331,4.443,Comp0002,Proxy0001,6,22773,3128,13,58,108,16883
38269.88695090638,0.53,Comp0012,DNS0002,17,52492,53,2,2,65,290
38274.61022916299,0.013,Comp0072,DNS0002,17,58804,53,3,2,65,128
38278.79496849652,1.055,Comp0032,DC0002,6,61753,389,10,10,623,7662
38280.79075541941,3.357,Comp0080,Proxy0001,6,39449,3128,9,164,1457,3705
38286.87581568559,19.745,Comp0076,Web0001,6,9559,443,4,22,451,752
38292.886280458,0.303,Comp0036,DNS0002,17,62531,53,2,2,88,360
38293.42173409004,0.243,Comp0020,DNS0002,17,18396,53,2,2,44,233
38295.920376944705,0.282,Comp0061,Web0004,6,35940,80,7,65,1602,6754
38300.23887544786,0.454,Comp0060,Web0002,6,10077,443,31,21,454,3705
38303.27768241481,35.487,Comp0001,FS0002,6,7958,445,7,174,3601,1494
38306.920945212914,3.359,Comp0017,DC0001,6,21479,445,11,70,3301,11822
38307.217146275536,29.694,Comp0079,DC0002,6,62679,445,21,102,5832,96834
38307.78101090724,0.08,Comp0026,DNS0002,17,51156,53,2,3,55,252
38308.164934298504,1.974,Comp0052,Proxy0002,6,51487,3128,3,47,727,3218
38314.43882034213,6.363,Comp0078,Proxy0002,6,44510,3128,7,61,1543,5736
38314.71342308962,42.081,Comp0004,DC0001,6,55819,445,14,86,621,16918
38328.90381493423,1.157,Comp0012,DC0001,6,3474,389,6,4,975,790
38331.545383199234,7.974,Comp0064,DC0001,6,44633,88,10,10,547,206
38332.22795308935,0.097,Comp0013,DNS0001,17,17145,53,2,2,87,194
38354.90040959216,11.281,Comp0063,FS0003,6,47592,445,15,89,770,9382
38360.02083378293,0.047,Comp0065,DNS0002,17,48015,53,2,2,52,111
38364.3931665708,3.992,Comp0079,Web0001,6,42472,80,7,39,2450,4096
38389.37898814484,1.846,Comp0013,Mail0001,6,3278,587,4,19,2026,565
38394.80517953946,1.968,Comp0062,Web0001,6,23842,443,5,27,218,7963
38400.09314562366,1.461,Comp0063,DC0001,6,35315,88,3,14,514,191
38407.57515364267,0.026,Comp0018,DNS0002,17,13274,53,2,3,58,146
38417.57658245894,27.205,Comp0078,FS0002,6,20714,445,101,99,5542,19723
38418.25045152292,6.211,Comp0019,Proxy0001,6,11716,3128,4,10,1570,8366
38428.90068633746,0.631,Comp0050,Web0005,6,52284,80,6,16,1297,12953
38429.63282037423,0.042,Comp0011,DNS0001,17,31311,53,3,3,66,83
38433.016574659305,0.338,Comp0079,DC0002,6,27182,88,5,11,554,1709
38434.31800698141,5.513,Comp0048,Web0001,6,14267,443,7,42,234,3746
38445.213264063605,7.653,Proxy0001,Ext0000,6,14797,443,16,41,502,3414
38448.11484578422,8.609,Comp0038,DC0001,6,40169,389,20,6,136,1198
38448.174133389286,1.138,Comp0072,Web0001,6,25307,443,21,29,1746,10289
38459.20172156613,0.063,Comp0075,DNS0002,17,3804,53,3,2,45,145
38460.989777173825,0.127,Comp0076,Web0006,6,14104,80,11,121,494,2469
38465.764217637814,1.16,Comp0019,Mail0001,6,64946,993,5,8,253,278
38470.46077756461,0.237,Comp0043,DNS0002,17,22580,53,3,3,43,123
38470.64542226873,0.522,Comp0066,DNS0001,17,63813,53,2,4,93,364
38473.640407375744,3.285,Comp0036,FS0003,6,57756,445,9,26,1287,5335
38475.577961556344,20.187,Comp0006,Web0006,6,55676,443,4,11,711,4578
38479.62619491501,1.333,Mail0001,DC0001,6,23783,389,7,5,523,453
38483.83902260373,0.081,Comp0030,Mail0002,6,46562,587,4,12,348,383
38484.391302424934,1.083,Comp0076,Mail0002,6,36462,993,4,5,702,743
38492.13114581251,0.089,Comp0047,DNS0001,17,62335,53,2,3,65,145
38492.762328898076,3.278,Comp0034,FS0002,6,37479,445,12,57,322,32441
38493.3433134346,0.027,Comp0066,DNS0002,17,9875,53,2,3,74,109
38495.80603966236,16.121,Comp0053,Mail0001,6,52248,993,4,3,2432,610
38495.897273478666,7.544,Comp0059,Web0003,6,14604,443,7,23,1647,2046
38504.767752170126,0.561,Comp0070,Web0002,6,48987,443,4,87,1226,852
38510.51981061448,27.114,Comp0045,DC0002,6,48773,445,58,58,3237,83863
38515.329952454566,1.649,Comp0073,Proxy0001,6,21467,3128,7,21,1519,3001
38515.58793817587,0.087,Comp0033,DNS0001,17,35107,53,3,3,70,180
38516.6205988068,0.062,Comp0037,Mail0001,6,49677,993,6,17,670,226
38525.91366936128,3.245,Comp0067,Web0004,6,13823,80,11,15,72,4562
38531.433432561294,22.301,Comp0080,FS0002,6,32937,445,13,123,44367,9644
38532.4399784648,1.968,Comp0053,Web0003,6,37902,443,12,148,651,3914
38532.56907526289,0.163,Comp0038,DC0002,6,38027,88,8,3,760,1476
38536.880397989895,1.086,Comp0057,DC0001,6,10928,88,6,6,1879,285
38547.07119986955,0.387,Comp0027,DNS0001,17,41112,53,3,2,50,153
38547.5328354403,0.015,Comp0021,DNS0001,17,6958,53,3,2,46,229
38554.89943907232,5.642,Comp0012,Mail0002,6,53429,993,9,14,514,848
38563.226140147366,3.811,Comp0017,Mail0002,6,60833,993,4,5,450,1001
38564.72598822022,0.113,Proxy0002,Ext0037,6,49121,443,14,15,951,15592
38566.62308042995,0.114,Comp0005,DNS0001,17,60466,53,2,2,60,143
38566.724752955815,15.671,Comp0019,FS0003,6,4929,445,53,53,2464,59010
38569.43972580838,0.345,Comp0053,DNS0002,17,17119,53,3,2,72,433
38581.912797751094,7.833,Comp0028,FS0002,6,31844,445,7,55,1297,15960
38585.10938880651,3.987,Comp0026,Proxy0001,6,9622,3128,12,66,613,47562
38585.692305757395,0.703,Comp0078,Mail0001,6,1289,993,4,18,46,352
38598.943845144466,11.717,Proxy0002,Ext0024,6,8477,443,13,35,3015,1642
38602.18235281812,0.826,Comp0037,Web0004,6,23005,80,6,10,623,12178
38603.9242511085,2.354,Comp0011,Proxy0002,6,42097,3128,11,29,252,5503
38617.957724513784,0.127,Comp0063,Web0003,6,15373,80,8,18,65,1645
38619.071483983564,0.119,Comp0028,DNS0002,17,40880,53,3,3,92,87
38621.92131789405,0.261,Comp0052,DNS0001,17,11499,53,3,2,68,208
38641.88452736489,4.973,Comp0007,DC0001,6,29606,389,9,8,59,416
38647.41764757391,3.318,Comp0078,Proxy0002,6,32328,3128,19,22,873,995
38649.90145885823,5.405,Comp0079,Web0006,6,3956,443,4,65,599,2168
38665.78848553198,6.887,Comp0053,FS0001,6,40859,445,11,54,1510,23452
38669.483044581684,8.243,Comp0060,Mail0001,6,41143,993,4,5,469,530
38672.429336160385,1.92,Comp0048,Web0003,6,44043,443,36,75,559,88417
38675.30281388339,0.101,Comp0080,DNS0002,17,38074,53,2,2,108,178
38679.653945263075,0.466,Comp0035,DNS0002,17,16381,53,2,2,49,120
38688.28532141697,1.069,Comp0035,DC0001,6,31217,88,14,4,511,405
38693.57945214091,8.558,Comp0049,FS0001,6,50456,445,17,87,5699,36349
38698.433656280824,17.416,Web0005,DB0004,6,26259,5432,29,154,6889,12040
38700.524148280994,2.088,Comp0054,Mail0001,6,58743,587,5,10,414,270
38711.53141952229,3.98,Comp0070,Web0001,6,52960,443,7,37,1207,7638
38714.05746965497,16.661,Comp0075,FS0001,6,34117,445,27,454,1847,22126
38714.34329742605,14.86,Comp0020,Web0001,6,34057,443,13,72,151,4687
38717.08421643344,0.045,Comp0016,DNS0002,17,26975,53,2,2,82,294
38717.44561478778,11.621,Comp0040,Web0006,6,61472,443,9,45,547,8081
38718.12079365428,0.923,Comp0061,Web0006,6,46217,443,3,12,281,15269
38720.477150049075,0.203,Comp0045,DNS0001,17,58367,53,3,3,39,83
38724.8127000229,0.088,Comp0061,DNS0002,17,8277,53,2,3,79,295
38728.64567463294,0.057,Comp0075,DNS0002,17,54041,53,2,3,68,101
38734.84586708503,4.769,Comp0054,Web0006,6,5598,443,19,31,1220,2870
38737.778399116716,0.103,Comp0038,DNS0002,17,50525,53,3,2,48,105
38740.902054205864,6.668,Comp0071,FS0003,6,41784,445,22,102,558,8740
38741.73434710784,1.258,Comp0049,Proxy0001,6,19500,3128,5,66,925,1338
38746.22367006953,2.338,Comp0035,Web0001,6,34278,443,11,310,1176,3404
38746.313308729324,2.285,Comp0015,Web0002,6,22318,443,11,67,1793,4024
38746.33918270333,8.602,Comp0068,Web0003,6,52879,443,27,47,694,2924
38754.40481239713,14.296,Comp0046,Proxy0002,6,18655,3128,4,30,718,18393
38765.187303954444,4.788,Comp0062,Proxy0001,6,12554,3128,7,39,483,8088
38768.98708891756,0.27,Comp0056,DNS0002,17,33895,53,2,3,68,261
38771.25688618693,27.236,Web0002,DB0002,6,22241,5432,21,197,2281,7532
38790.43749233944,0.53,Comp0022,DNS0002,17,19123,53,3,3,94,65
38795.10619654373,0.036,Comp0060,DNS0001,17,1964,53,3,3,100,141
38797.25002237166,4.459,Comp0059,Proxy0001,6,48402,3128,14,32,567,2409
38803.800684551206,3.459,Comp0045,DC0002,6,41963,389,9,3,250,697
38811.31097320635,6.331,Comp0062,FS0001,6,36076,445,13,151,6858,57523
38811.33962898422,16.804,Comp0022,FS0001,6,7686,445,59,145,750,5674
38812.4556869103,0.079,Comp0039,DNS0001,17,24378,53,2,2,85,89
38815.64380309749,0.008,Comp0030,DNS0002,17,25588,53,2,3,99,150
38820.070159669114,16.486,Comp0029,Web0001,6,47614,443,13,14,6533,9962
38831.41274679297,0.101,Comp0051,DNS0001,17,34056,53,3,2,100,112
38838.50017412891,4.971,Comp0027,Proxy0002,6,65144,3128,8,26,557,4481
38839.90550056057,2.598,Comp0017,Mail0001,6,55072,993,15,6,682,480
38840.851254066336,0.071,Comp0002,DNS0002,17,38049,53,2,3,58,276
38845.5329600445,24.633,Comp0031,FS0003,6,37893,445,35,50,3969,1830
38851.979308090034,14.027,Comp0064,Proxy0002,6,28063,3128,14,29,1321,8766
38852.961000093645,0.065,Comp0058,DNS0002,17,37014,53,2,2,70,83
38855.30113004533,0.219,Comp0013,DNS0002,17,16513,53,2,2,61,117
38875.05518303368,2.031,Comp0009,Web0006,6,62938,443,5,16,930,6806
38877.35579205194,0.368,Comp0057,Mail0002,6,40658,587,13,8,138,121
38879.17360462165,10.487,Comp0034,Web0004,6,14873,443,12,54,896,3655
38884.09946623182,4.71,Comp0026,Web0004,6,32112,443,10,16,585,6224
38887.024115547756,0.098,Comp0063,Mail0002,6,44111,993,5,8,1452,277
38894.67423013499,0.962,Comp0034,DNS0001,17,9973,53,2,3,49,173
38895.3819179942,0.239,Comp0066,Mail0002,6,63668,587,5,4,601,450
38903.056968549114,1.37,Comp0038,DC0001,6,11945,389,3,30,799,1544
38903.20713624767,0.016,Comp0031,DNS0002,17,61849,53,2,2,76,156
38904.36371480984,0.127,Comp0077,DNS0001,17,37228,53,3,3,114,129
38915.367025332685,5.715,Comp0050,FS0001,6,55651,445,13,26,4275,2450
38920.83720713547,12.008,Proxy0002,Ext0031,6,37386,443,19,9,1016,5137
38921.49197194899,1.223,Comp0001,DNS0002,17,46300,53,2,3,118,425
38941.77264398574,0.429,Comp0042,DNS0002,17,53907,53,2,3,55,366
38960.93881940276,5.579,Comp0033,Web0004,6,62107,443,10,71,736,2359
38963.573213618896,1.714,Comp0070,DC0001,6,44163,389,4,10,316,503
38966.16078114319,0.067,Comp0058,DNS0001,17,20284,53,3,2,35,126
38981.37651298924,0.029,Comp0047,DNS0001,17,39648,53,3,2,64,123
38985.40278964444,3.96,Comp0027,Web0006,6,46048,443,16,150,1082,3880
38994.62243362793,0.623,Comp0078,Web0001,6,31519,443,43,88,5407,8666
39001.882661125055,3.652,Comp0012,Web0003,6,48509,443,41,41,688,11479
39013.52979298172,1.243,Comp0007,DC0002,6,45345,88,5,15,457,735
39017.41236515263,0.951,Comp0021,DNS0002,17,35501,53,4,3,56,59
39017.668652053755,1.734,Comp0024,Proxy0002,6,59564,3128,6,40,290,9411
39026.67935803255,3.921,Comp0028,Mail0002,6,64128,587,9,3,1098,634
39029.58567001297,0.12,Mail0001,DNS0002,17,55858,53,2,3,93,156
39031.29835684481,2.469,Comp0009,Web0003,6,19848,443,7,50,183,609
39037.10892698187,2.86,Comp0026,Web0002,6,3130,80,7,148,608,1472
39042.71730882434,0.19,Comp0020,DNS0001,17,31748,53,2,3,81,138
39043.580225723534,1.455,Comp0007,Web0005,6,6403,443,13,96,1686,1321
39044.630371326886,22.957,Comp0001,DC0001,6,53010,445,53,61,823,157294
39054.18049100906,2.531,Comp0035,DC0001,6,40910,445,34,98,1208,6875
39054.380816990546,0.217,Comp0038,DNS0001,17,65515,53,2,2,51,102
39056.815207353386,0.42,Comp0040,DNS0001,17,4848,53,3,2,33,129
39060.62075790713,0.177,Comp0003,DNS0001,17,48738,53,2,2,54,172
39061.03863147285,0.754,Proxy0001,Ext0038,6,44687,443,31,30,739,8512
39061.99435025349,9.859,Comp0016,FS0003,6,63331,445,35,17,1302,31370
39062.19768794137,49.67,Comp0021,FS0001,6,13463,445,16,11,335,2967
39063.05052008491,0.698,Comp0045,Web0003,6,37690,443,4,26,1890,3827
39063.152615294974,0.097,Comp0037,DNS0001,17,18669,53,2,3,106,217
39063.16277115122,0.232,Comp0049,DNS0002,17,37113,53,3,2,102,323
39066.55481664243,11.328,Comp0069,Proxy0001,6,47845,3128,15,5,262,12598
39080.97215574426,1.345,Comp0070,Web0004,6,33920,80,13,17,336,1454
39082.13740233006,1.704,Comp0045,Proxy0001,6,23457,3128,6,27,1869,1295
39082.44735559214,2.46,Comp0015,Mail0002,6,65504,587,7,21,487,563
39083.807365494125,5.568,Comp0043,DC0002,6,3512,88,3,12,287,2337
39087.603509126624,7.967,Comp0024,Proxy0001,6,55472,3128,17,12,448,3562
39097.30244667319,0.358,Comp0038,DC0001,6,25547,88,6,4,814,1224
39099.10957556211,12.518,Comp0063,Web0003,6,43474,443,6,62,196,13094
39099.36690650429,3.936,Comp0042,Web0003,6,27792,443,5,57,386,11772
39101.69059438076,0.093,Comp0008,DNS0001,17,24357,53,2,3,79,391
39113.760580985836,10.246,Comp0067,Proxy0001,6,45629,3128,6,32,385,30100
39129.99212354022,0.222,Comp0058,DNS0001,17,18141,53,2,2,69,381
39130.48336991438,0.122,Comp0043,DNS0002,17,59622,53,2,2,102,125
39144.775929977906,1.045,Comp0023,Mail0002,6,1242,993,5,4,689,1017
39151.04119481809,1.592,Comp0045,DC0001,6,64196,88,5,5,152,377
39151.382253999145,0.472,Comp0047,DNS0002,17,59583,53,3,2,183,178
39152.64944826538,0.043,Comp0047,DNS0002,17,44162,53,2,2,52,242
39152.756870401514,0.101,Comp0035,DNS0002,17,39230,53,2,2,64,139
39155.96498008496,0.629,Comp0065,DNS0001,17,32450,53,2,3,69,169
39157.25565892963,6.754,Comp0017,Web0006,6,13860,443,3,48,620,3388
39162.17098412215,18.363,Comp0030,Web0002,6,44600,443,15,152,291,8482
39167.04750966029,1.54,Comp0067,Proxy0001,6,18425,3128,16,81,218,7669
39168.6232449268,0.125,Comp0039,DNS0002,17,48746,53,2,2,87,123
39169.1419762273,0.194,Comp0026,DNS0001,17,26773,53,3,3,43,177
39169.39397988217,0.249,Comp0065,DNS0001,17,54920,53,2,3,60,110
39170.34848252815,38.495,Comp0028,DC0002,6,25980,445,50,41,609,42931
39182.428491451814,0.019,Comp0038,DNS0001,17,52628,53,2,3,78,136
39183.11162614884,3.803,Comp0035,FS0002,6,2969,445,14,17,1890,27482
39201.02670636165,11.554,Comp0004,Web0006,6,26849,443,6,26,2855,2688
39209.28886893231,5.549,Comp0025,Proxy0002,6,30556,3128,13,37,2436,10211
39216.46483833447,5.507,Comp0025,Web0006,6,64029,80,15,19,575,5890
39217.901678851296,0.279,Comp0036,DNS0002,17,16483,53,2,2,71,286
39218.269832564576,13.063,Comp0041,FS0002,6,29847,445,24,118,10131,7143
39219.4745631849,0.085,Comp0051,DNS0002,17,51376,53,3,3,50,302
39228.68509863389,0.995,Comp0040,Web0002,6,13300,443,8,22,491,257872
39229.75100467203,14.642,Comp0055,Proxy0002,6,54192,3128,6,51,1505,3473
39231.42219098388,0.266,Comp0033,DNS0002,17,44447,53,2,3,70,236
39233.86567213859,0.328,Web0004,DB0002,6,29141,3306,16,342,1058,36101
39242.55603021114,12.079,Comp0021,DC0001,6,9494,88,5,6,279,862
39244.49430720846,6.413,Comp0008,DC0002,6,43612,445,75,44,1103,113473
39256.37285794522,0.07,Comp0065,DNS0001,17,45906,53,2,3,52,100
39256.89167370316,4.5,Comp0004,FS0002,6,49732,445,19,233,1615,6663
39281.63741898228,1.142,Comp0077,DC0001,6,7496,389,5,6,1723,1979
39290.57197764553,0.204,Comp0019,DNS0002,17,22848,53,3,4,35,190
39294.19656709929,8.047,Comp0019,Web0006,6,49505,80,10,17,609,2770
39295.32832636614,2.953,Comp0069,Web0004,6,63049,443,15,37,1164,22970
39306.13424581942,0.016,Web0004,DNS0001,17,11942,53,3,2,80,87
39312.22537367236,0.182,Proxy0002,DNS0002,17,1559,53,2,3,68,185
39313.79714461238,0.0,Comp0043,DNS0002,17,58439,53,2,2,40,78
39314.64632121118,0.217,Comp0067,DNS0002,17,11345,53,3,2,53,143
39318.08131836409,0.824,Comp0010,Web0002,6,44134,443,22,42,545,11599
39318.4553825685,2.797,Comp0030,Web0002,6,46854,443,4,82,303,2080
39318.492093454086,2.263,Comp0020,Mail0001,6,58622,993,6,4,426,1389
39329.45299909296,3.129,Comp0020,Proxy0002,6,27353,3128,4,18,1053,11252
39334.77257158133,5.523,Comp0017,Web0002,6,23174,80,23,20,429,2685
39359.052946509684,1.17,Comp0050,Web0004,6,5512,80,5,51,310,11051
39363.348781618755,0.125,Comp0061,DNS0001,17,44187,53,2,2,66,179
39363.650121921666,0.403,Comp0045,Web0001,6,19152,443,21,35,99,43041
39375.6989673048,2.737,Comp0055,Web0001,6,12765,80,12,217,357,20528
39376.54877555929,0.262,Comp0066,DNS0001,17,49765,53,3,2,77,186
39378.36698529358,0.008,Comp0034,DNS0002,17,32991,53,2,2,99,87
39381.80897414396,1.376,Comp0029,Web0004,6,63809,443,14,172,415,1707
39388.546321455855,5.6,Comp0051,Proxy0002,6,7886,3128,8,23,1325,16859
39391.11271385096,5.989,Comp0037,Web0005,6,40371,443,11,47,330,6448
39395.51078322271,2.957,Comp0007,Proxy0002,6,45637,3128,21,36,260,13887
39397.8853102404,6.022,Comp0080,Web0002,6,63048,443,4,51,780,1794
39399.79071412414,0.089,Comp0028,DNS0001,17,38010,53,2,3,32,126
39400.13361153442,0.752,Comp0033,Web0002,6,30759,443,15,26,317,9425
39402.383383204455,3.091,Comp0067,Proxy0001,6,35530,3128,5,35,691,13779
39409.63875965563,3.992,Comp0040,Web0005,6,34260,80,2,11,283,5331
39410.387397613034,0.035,Comp0035,DNS0002,17,30088,53,2,3,59,423
39410.79707811386,0.604,Comp0040,Web0004,6,32086,443,37,57,735,40058
39422.09503994711,0.393,Comp0005,FS0001,6,46614,445,18,16,2839,17320
39423.05821640011,7.867,Comp0033,Web0003,6,31925,443,6,17,1107,80280
39423.08473039327,2.994,Comp0062,Proxy0001,6,28893,3128,9,36,185,8285
39425.96383920807,26.427,Comp0050,FS0003,6,48522,445,19,454,1133,37188
39453.57328508854,2.776,Comp0048,DC0001,6,7613,88,7,5,160,517
39461.95670752972,47.538,Comp0072,FS0002,6,3987,445,76,885,5702,241227
39470.525011765996,0.502,Comp0018,FS0002,6,44373,445,37,416,553,20177
39474.036888714436,2.726,Comp0054,DC0002,6,16538,389,10,7,351,517
39481.76781517415,0.015,Comp0057,DNS0001,17,23257,53,2,3,48,147
39494.36921595302,11.494,Comp0075,Web0003,6,41524,443,17,41,1515,200408
39496.66266509861,5.836,Comp0058,Web0005,6,34245,443,17,36,2315,3298
39510.51216705922,0.492,Comp0068,DC0002,6,8245,88,8,3,72,299
39530.445735447734,4.736,Comp0041,Proxy0002,6,4589,3128,8,9,3631,8522
39532.36464775891,0.483,Comp0076,Web0002,6,21299,443,35,50,987,33005
39549.48339040875,15.404,Comp0010,Web0004,6,26627,80,6,24,275,7282
39550.12818936534,11.165,Comp0039,Proxy0002,6,57185,3128,3,29,433,24062
39558.19553717107,1.585,Comp0035,DC0002,6,55863,389,4,5,324,367
39562.5752750875,0.082,Comp0045,DNS0001,17,19525,53,2,3,91,222
39564.02677010829,5.513,Comp0007,Proxy0002,6,24353,3128,5,34,636,3250
39564.06773312995,6.971,Comp0013,Web0002,6,46930,443,6,31,610,21798
39568.193450264116,0.075,DC0002,DNS0002,17,32705,53,3,2,48,256
39568.60692125183,16.02,Comp0074,Web0005,6,53437,80,9,24,658,32297
39576.841044173736,1.779,Comp0040,Mail0002,6,30717,993,3,8,86,181
39579.30699464152,0.305,Comp0020,FS0003,6,40019,445,44,434,3463,55243
39584.15696668517,0.312,Comp0051,DC0002,6,13071,389,6,7,283,671
39586.56505565056,9.846,Comp0044,Mail0001,6,24716,993,6,16,1085,2036
39588.660387173964,5.113,Comp0058,Proxy0002,6,48056,3128,6,63,572,2833
39590.4372040562,0.915,Comp0032,Web0004,6,49015,80,18,109,364,2898
39599.47193167397,0.212,Comp0056,DNS0002,17,54782,53,2,3,59,220
39599.66779671483,1.741,Comp0012,Web0004,6,43782,443,12,34,373,2916
39607.00157579253,0.86,Comp0012,Mail0002,6,56735,587,4,5,697,814
39610.27137071576,0.033,Comp0029,DNS0002,17,25996,53,3,2,34,276
39613.52557302067,4.821,Comp0069,Web0001,6,44031,443,9,32,347,3032
39633.06441619382,0.965,Comp0037,DC0001,6,44479,389,4,7,192,1138
39641.41544559756,5.949,Comp0066,Web0005,6,9603,443,7,10,1185,7140
39644.51717926947,0.018,Comp0008,DNS0002,17,12393,53,3,2,44,64
39645.257988167636,0.707,Comp0055,Mail0002,6,29695,993,4,13,243,495
39646.135372152436,0.569,Comp0011,FS0002,6,8044,445,34,645,9174,13637
39650.37503655462,0.577,Comp0029,Proxy0001,6,1899,3128,15,51,1601,34233
39657.020137153726,0.127,Comp0023,Mail0002,6,44081,993,7,6,407,837
39663.87096361827,2.531,Comp0018,DC0002,6,57860,88,14,5,1337,886
39666.71628712499,10.31,Comp0007,FS0001,6,28991,445,19,18,2613,19210
39668.46058499565,2.655,Comp0009,Web0002,6,41741,443,13,30,1117,26849
39670.6159715983,10.889,Comp0065,DC0002,6,63604,445,13,228,8264,11246
39671.97843641133,0.202,Comp0030,DNS0002,17,8646,53,2,3,49,371
39674.68384689497,4.713,Comp0010,Proxy0002,6,54892,3128,6,38,596,7840
39677.50381468099,9.097,Comp0004,Web0002,6,58845,443,6,26,577,1075
39678.02384375326,3.246,Comp0073,Web0003,6,46139,443,9,29,159,3834
39690.7018653192,54.442,Comp0076,DC0001,6,7595,445,17,65,4064,16706
39697.06465902753,1.461,Comp0048,Web0006,6,48537,80,16,58,1295,902
39700.81791731335,1.179,Comp0027,DC0002,6,36737,389,7,9,634,670
39704.377528737,6.342,Comp0016,Web0001,6,32383,443,7,23,255,18048
39704.72376063583,0.609,Comp0037,Proxy0002,6,24411,3128,11,38,482,4520
39714.21303788461,6.542,Proxy0002,Ext0025,6,36958,443,6,37,371,3882
39725.844092850166,2.702,Comp0037,Web0004,6,47790,443,11,68,1203,5571
39727.8611075512,3.378,Comp0004,DC0001,6,59640,445,85,60,17353,28219
39730.481500880735,1.439,Comp0006,DC0002,6,48731,445,21,38,12619,61627
39732.16448474335,4.882,Comp0063,FS0002,6,43599,445,8,51,2066,7827
39753.1357721794,5.242,Comp0045,Mail0001,6,54015,993,5,7,1877,74
39757.722504960446,0.853,Comp0041,DC0001,6,9098,389,3,12,642,434
39760.3545924785,14.66,Comp0078,Web0003,6,46977,443,4,28,1723,612
39768.62335750921,0.014,Comp0019,DNS0001,17,25267,53,2,3,40,95
39777.6680819451,11.391,Comp0028,FS0002,6,27905,445,50,129,2332,10789
39778.9355473902,2.496,Comp0061,DC0001,6,41446,88,4,10,319,1621
39784.89847435931,2.221,Comp0060,Web0002,6,41943,443,5,14,553,3282
39786.74125343532,1.068,Comp0023,Proxy0002,6,19372,3128,8,15,1943,9330
39795.88854462482,0.397,Comp0024,DNS0001,17,21924,53,2,2,76,140
39799.777487512045,6.878,Comp0035,FS0003,6,10472,445,9,521,1642,11159
39805.724889427715,0.092,Comp0027,Web0003,6,33513,80,7,152,492,11675
39809.45786111141,3.577,Comp0022,Web0004,6,28451,443,11,34,265,4408
39811.44596840606,6.463,Comp0020,Web0005,6,37464,80,4,14,788,2247
39811.49338981973,14.098,Comp0026,Proxy0001,6,48653,3128,10,25,901,4552
39816.527270005856,0.122,Comp0079,DNS0001,17,44851,53,2,3,45,206
39818.228332386,0.636,Comp0031,DNS0002,17,18122,53,3,2,33,114
39819.82883912583,7.552,Comp0044,Web0005,6,43986,443,10,21,440,4154
39820.308031474895,14.218,Comp0004,FS0003,6,12846,445,17,109,384,8297
39824.9496989451,1.07,Comp0071,DNS0001,17,63864,53,2,3,66,274
39841.55001755666,4.721,Comp0056,Web0002,6,20804,80,7,146,97,13842
39848.79746507042,49.04,Comp0030,DC0001,6,36030,445,9,38,687,363536
39861.81811452832,2.224,Web0004,DB0002,6,27037,5432,20,125,473,17576
39868.88077100858,8.231,Comp0055,Web0002,6,57564,80,6,10,255,50926
39889.10138847372,0.164,Comp0063,Proxy0002,6,9189,3128,13,82,434,6574
39889.95950715577,7.073,Comp0047,DC0002,6,52043,389,5,5,144,130
39892.24116332206,12.514,Comp0009,Web0005,6,24963,443,7,25,426,4785
39894.990652114415,1.015,Comp0005,DC0002,6,26637,389,22,5,257,566
39897.331607306565,0.131,Comp0031,DNS0001,17,61235,53,3,2,44,423
39901.97886989552,0.984,Comp0040,DC0002,6,13020,88,19,7,249,427
39903.570282051056,12.382,Comp0001,Proxy0002,6,4894,3128,9,60,101,7263
39910.01055158672,0.076,Comp0045,DNS0002,17,7578,53,2,2,74,197
39925.48410453022,0.439,Comp0046,DNS0001,17,59690,53,3,2,56,172
39928.01003172088,10.599,Comp0011,Web0003,6,61562,443,6,30,356,10289
39929.32531049323,0.081,Comp0034,DNS0002,17,10807,53,3,2,74,77
39931.90389055936,0.003,Comp0020,DNS0001,17,43443,53,2,3,84,78
39932.06705736759,3.357,Comp0024,FS0002,6,8896,445,7,154,943,17713
39933.32635419081,5.164,Comp0062,Web0006,6,22063,443,17,47,667,27657
39934.810924749065,8.374,Comp0008,Web0005,6,27285,443,4,28,610,9702
39939.03072147278,0.513,Comp0038,Proxy0002,6,64574,3128,22,44,487,17101
39944.34139031004,10.029,Comp0018,Web0002,6,47596,443,9,57,3475,10258
39945.50067271911,0.363,Comp0023,DNS0001,17,39677,53,3,2,90,155
39945.50297696101,0.977,Comp0033,Web0004,6,57012,443,6,17,1021,501
39962.66551106803,11.47,Comp0074,FS0003,6,10512,445,46,158,14169,31798
39965.23221954652,8.466,Web0006,DB0001,6,50693,3306,53,50,7112,60410
39967.16630850733,3.299,Comp0009,Web0006,6,46640,80,8,12,169,8345
39975.89948277031,3.041,Comp0049,Mail0002,6,54996,587,7,12,819,595
39978.05944512049,3.85,Comp0015,Web0005,6,50793,443,23,12,382,4179
39979.626629128674,0.366,Comp0066,DNS0002,17,13146,53,2,2,57,154
39983.1333224027,29.101,Comp0074,FS0001,6,30182,445,18,270,1303,2413
39983.45720862616,2.071,Comp0049,DC0001,6,58950,389,4,6,1210,1279
39990.985721522964,0.598,Comp0016,Proxy0002,6,5808,3128,12,75,492,18094
39996.08759532005,0.161,Comp0056,DNS0002,17,4725,53,3,2,85,117
40007.57498313995,1.253,Comp0043,Web0003,6,41022,443,19,27,1587,4702
40007.93400148411,0.325,Comp0047,DNS0002,17,13331,53,2,3,30,267
40011.79344002754,0.481,Comp0007,Web0002,6,5379,443,5,119,1507,28011
40016.059268898345,1.785,Comp0066,Web0005,6,65199,443,5,22,1361,8997
40020.336247158935,1.375,Comp0031,Web0002,6,50870,80,6,52,574,8368
40023.05606749022,0.276,Comp0028,DNS0002,17,37854,53,2,3,62,336
40024.42855118774,13.347,Comp0009,FS0001,6,19522,445,45,43,771,41021
40027.126801308856,8.324,Comp0022,Proxy0001,6,61417,3128,10,28,175,17400
40027.774783207045,11.384,Comp0034,DC0002,6,22465,445,11,61,4398,44136
40028.36788822705,2.721,Comp0053,Mail0002,6,64754,587,5,9,96,114
40030.50330846959,2.237,Comp0048,Web0001,6,29177,443,15,58,679,14200
40034.38991529718,17.947,Web0005,DB0002,6,42352,3306,22,63,4643,5892
40043.968305448136,0.308,Comp0030,DNS0001,17,54077,53,3,2,26,237
40045.77000316719,0.366,Comp0030,DNS0002,17,51061,53,2,2,50,145
40048.533447050344,12.56,Comp0021,FS0002,6,23274,445,100,184,153,9719
40048.537695685314,0.068,Comp0010,DNS0002,17,54991,53,2,3,81,68
40051.97649260273,5.49,Comp0008,Web0005,6,28130,443,14,14,751,43925
40052.38859061147,11.575,Comp0032,Web0003,6,29667,80,13,20,233,12893
40057.270823791005,6.688,Comp0036,Proxy0001,6,14814,3128,24,20,211,20438
40060.63439692931,2.27,Comp0072,Web0005,6,39795,443,14,82,2594,14245
40065.044572016115,0.013,Comp0037,DNS0001,17,25009,53,2,3,59,361
40067.73785014107,0.132,Comp0058,DNS0002,17,65115,53,2,2,81,116
40069.293549804956,0.016,Comp0045,DNS0002,17,54020,53,2,3,54,46
40070.26801588274,12.308,Web0004,DB0003,6,59377,5432,21,68,4067,30514
40070.72605547054,0.036,Comp0038,DNS0001,17,13556,53,2,2,59,82
40071.228224688675,20.823,Comp0071,DC0002,6,62296,445,62,32,4583,42700
40072.46191532446,5.754,Comp0075,Web0006,6,55773,80,7,47,455,2569
40074.16267639159,0.123,Comp0018,DNS0002,17,35699,53,2,2,57,258
40076.51382161562,1.49,Comp0077,Web0001,6,23034,443,23,33,1784,4336
40079.15142991489,6.243,Comp0034,FS0001,6,38366,445,13,154,767,7137
40083.36226009314,26.766,Web0006,DB0002,6,27702,3306,15,63,2162,14237
40084.06903604255,0.231,Comp0032,DNS0001,17,18483,53,3,2,87,122
40085.34648275572,4.054,Comp0055,Web0002,6,27404,443,7,27,1419,1624
40086.66121430429,7.29,Comp0006,Web0002,6,65363,80,5,137,119,4382
40097.84758383004,0.658,Comp0050,Proxy0001,6,3939,3128,6,21,636,69694
40100.633714454605,0.536,Comp0068,Proxy0002,6,55202,3128,12,10,335,12014
40102.74756398811,0.33,Comp0061,DNS0001,17,22059,53,2,2,61,423
40104.165177836585,5.226,Comp0046,DC0002,6,14012,88,4,6,148,531
40105.335980613534,22.722,Comp0015,DC0001,6,58087,445,12,80,423,2427
40122.30140599001,1.496,Comp0008,Web0002,6,63050,80,11,72,2326,3450
40125.079760045155,0.001,Comp0059,Web0006,6,4921,443,6,142,1050,24680
40127.36859064056,0.216,Comp0069,DNS0001,17,35902,53,2,3,36,140
40130.8796248927,6.458,Comp0033,Web0001,6,31769,443,6,46,857,19920
40131.56754207837,1.771,Comp0016,Web0004,6,7222,443,20,48,838,1271
40136.0745337113,0.746,Comp0079,Web0004,6,42393,443,14,20,191,3297
40137.04289633187,0.074,Comp0021,DNS0001,17,54692,53,2,2,56,165
40138.26800180759,1.29,Comp0010,Web0003,6,11505,443,4,40,728,1653
40138.831896094256,0.231,Comp0055,DNS0001,17,3848,53,2,2,65,116
40142.26511898923,3.921,Comp0050,Proxy0001,6,18114,3128,5,18,682,33290
40146.19117133956,0.444,Comp0006,DNS0001,17,31925,53,2,2,56,151
40148.90409868093,0.464,Comp0045,Web0006,6,55993,443,18,39,85,1399
40161.78548097275,2.088,Comp0071,Web0003,6,57174,443,14,43,550,4810
40164.442942488866,0.033,Comp0062,DNS0002,17,10479,53,2,2,49,357
40172.13397528682,9.031,Comp0006,Web0006,6,24196,80,22,19,692,7214
40175.52373230541,6.367,Comp0055,Proxy0002,6,48035,3128,8,34,616,79507
40179.30565635288,8.246,Comp0050,DC0002,6,25112,88,11,10,334,1590
40186.96623865905,0.102,Comp0022,DNS0002,17,32715,53,3,2,57,144
40189.66503849554,6.869,Comp0011,Proxy0002,6,32409,3128,13,31,261,7365
40193.3963734227,0.008,Comp0063,DNS0001,17,27978,53,2,3,60,202
40197.46735963267,2.725,Comp0073,Web0002,6,10907,443,7,26,345,9864
40199.524492058365,1.768,Comp0021,Mail0002,6,13585,993,14,8,213,685
40221.00589520041,0.524,Comp0005,Web0002,6,23745,443,4,23,613,7773
40223.637402084605,27.744,Comp0008,FS0001,6,56984,445,13,126,4060,4801
40234.93504628974,2.042,Comp0043,Proxy0001,6,48281,3128,3,51,344,9045
40240.268257786374,0.125,Comp0069,DNS0001,17,6268,53,2,3,60,124
40243.76183705419,0.121,Comp0028,DNS0002,17,23140,53,3,3,74,160
40243.92550924797,3.364,Comp0037,Web0003,6,35916,443,13,32,790,14307
40247.546921301924,5.041,Comp0066,Proxy0001,6,42734,3128,6,27,332,14252
40251.053016764665,0.155,Comp0021,DNS0001,17,42902,53,2,2,38,220
40255.72775154362,1.399,Comp0064,Web0003,6,37697,443,4,39,1059,38252
40259.740677934176,0.041,Comp0050,DNS0002,17,21203,53,3,3,26,60
40265.0464510869,9.329,Comp0037,Proxy0001,6,2339,3128,10,31,240,2199
40266.68111424717,0.09,Comp0021,DNS0002,17,5929,53,3,2,41,181
40266.78571188253,2.493,Comp0056,DC0001,6,46459,389,6,4,431,125
40278.716172552915,1.409,Comp0063,Web0006,6,18252,443,16,17,296,22036
40279.87382859866,14.398,Comp0078,FS0003,6,43789,445,59,519,802,17007
40280.01745021592,4.922,Comp0075,Web0002,6,19585,443,6,38,473,3269
40292.96641269534,7.183,Comp0071,DC0002,6,46453,445,71,65,5427,2351
40295.77030203792,3.349,Comp0032,Web0004,6,38690,80,3,92,679,6048
40297.03193107442,0.298,Comp0047,Web0006,6,32694,443,6,77,4978,18665
40299.80810909572,2.792,Comp0034,Mail0002,6,47035,993,6,5,1954,465
40299.9794588101,2.633,Comp0001,Web0004,6,39325,443,4,16,1523,22020
40300.5258805591,0.083,Comp0011,DNS0001,17,53063,53,2,3,79,180
40306.380836104596,0.084,Comp0019,DNS0002,17,24779,53,3,2,43,537
40319.260750331654,0.129,Comp0055,DNS0002,17,19821,53,3,2,64,195
40319.27673787815,9.313,Comp0009,Proxy0001,6,18555,3128,8,23,521,14907
40321.950088802725,1.027,Comp0020,Mail0002,6,11261,587,7,10,822,697
40322.87433524341,5.097,Comp0015,Proxy0002,6,6710,3128,14,29,176,2437
40324.45262797142,0.053,Comp0008,DNS0002,17,56990,53,3,3,60,266
40327.565417881364,11.73,Comp0073,FS0003,6,60568,445,15,186,260,24434
40339.471872112605,0.087,Comp0080,DNS0001,17,4523,53,3,2,113,166
40342.19852229547,0.467,Comp0052,Web0003,6,54136,443,4,85,475,1949
40343.10116455758,52.513,Comp0011,FS0003,6,62510,445,27,169,611,10082
40345.23354367281,8.619,Comp0010,Proxy0001,6,48042,3128,20,51,2341,6974
40353.80581985425,1.245,Comp0057,DNS0001,17,30023,53,3,2,58,176
40371.59565116421,0.211,Web0005,DNS0001,17,31176,53,3,2,49,98
40383.38118001127,0.279,Comp0003,DNS0002,17,24195,53,2,2,119,132
40387.04311254328,0.227,Comp0046,DNS0001,17,55086,53,2,3,47,274
40396.44636068164,5.561,Web0001,DB0001,6,18073,5432,27,66,4185,18489
40397.91455113544,46.092,Web0004,DB0004,6,53125,3306,21,188,1514,13467
40404.95617182796,0.051,Comp0035,DNS0001,17,42810,53,3,2,101,327
40406.59410064215,3.704,Comp0050,Web0006,6,2381,443,4,78,662,22140
40422.357606965976,8.312,Comp0035,Web0003,6,6178,443,30,23,490,7576
40424.443582786356,2.352,Comp0007,Web0006,6,40904,443,16,16,220,8054
40428.356874627956,0.152,Comp0013,DNS0002,17,23156,53,2,2,103,55
40428.57490608618,0.262,Comp0019,DNS0001,17,3416,53,3,3,80,178
40429.3606408529,1.304,Comp0044,Mail0001,6,48674,587,8,17,1771,522
40431.297854045566,5.608,Comp0043,FS0001,6,48266,445,34,61,3527,18714
40432.44932873376,1.198,Comp0061,FS0001,6,6096,445,30,95,1240,77785
40433.87716859903,0.147,Comp0002,DNS0002,17,25475,53,2,3,28,112
40433.94015252417,8.408,Comp0009,Web0002,6,25205,80,7,14,765,4274
40438.517543555274,1.928,Comp0053,DC0002,6,58102,88,5,10,955,348
40439.90710090812,2.461,Comp0034,DC0001,6,26223,88,9,33,699,524
40464.118889694066,29.375,Comp0047,DC0002,6,32925,445,5,117,1120,15009
40467.66477506991,1.285,Comp0020,Web0004,6,33400,80,24,95,518,359
40468.267448647406,39.81,Comp0010,FS0003,6,48360,445,137,31,2003,5070
40476.438795136084,0.031,Comp0008,DNS0001,17,46148,53,2,3,76,94
40476.60506675786,0.019,Comp0051,DNS0001,17,28890,53,2,3,90,62
40477.7795047621,0.428,Comp0011,DNS0002,17,28372,53,2,3,61,201
40480.34868958318,3.827,Comp0045,Web0004,6,54960,80,23,71,1058,12261
40488.00107921271,11.545,Comp0025,DC0002,6,45808,389,4,15,485,304
40488.92163012632,1.01,Comp0059,Web0003,6,63177,443,12,104,261,2345
40494.96177195857,0.303,Comp0045,DNS0002,17,24555,53,2,3,88,99
40498.96682500467,1.798,Comp0042,DC0001,6,29610,88,6,12,230,207
40504.43545260705,14.01,Comp0014,Web0005,6,30417,443,18,38,388,7439
40505.36967305673,41.033,Comp0046,DC0002,6,18250,445,20,91,24147,18827
40506.12962792092,4.576,Comp0018,Web0001,6,31087,443,16,47,850,5494
40510.072970520094,0.239,Comp0068,DNS0001,17,33041,53,3,2,78,145
40511.07708854041,0.023,Proxy0001,Ext0029,6,61475,443,7,27,2731,32115
40518.82341613475,0.236,Comp0024,DNS0001,17,41728,53,2,3,65,136
40519.46377483465,5.209,Comp0062,Web0005,6,9755,443,14,30,411,19027
40522.77400280049,0.099,Comp0012,Mail0001,6,41066,587,2,6,171,4122
40527.57504978755,3.194,Comp0007,Web0003,6,37782,80,4,18,3070,11762
40528.34957268245,2.294,Comp0015,Proxy0002,6,23802,3128,5,39,1483,4277
40536.00602156834,0.226,Comp0016,DNS0001,17,46150,53,2,2,89,115
40540.201511541665,22.353,Comp0028,Web0002,6,49635,80,8,43,230,3948
40544.98486278087,5.059,Comp0056,Web0002,6,19703,443,8,34,790,18500
40545.28732123791,0.27,Comp0001,DNS0002,17,41616,53,2,3,47,69
40548.24597192718,10.524,Proxy0001,Ext0007,6,42239,443,16,19,789,44606
40552.88057210779,7.008,Comp0063,FS0003,6,46953,445,16,380,1490,3021
40553.72475793272,2.087,Comp0017,FS0003,6,5865,445,7,68,238,4258
40579.88547190136,7.904,Comp0008,Mail0002,6,40724,993,5,7,71,1049
40585.76567387423,0.151,Comp0046,DC0001,6,32094,389,3,7,91,918
40592.14725707354,3.116,Proxy0001,Ext0026,6,51004,443,10,7,842,15782
40597.98480656768,0.291,Comp0042,Proxy0001,6,47179,3128,5,75,1041,13094
40609.32018227746,11.048,Comp0042,FS0002,6,38037,445,11,44,2887,3235
40617.39912468611,0.177,Comp0006,DNS0002,17,60706,53,2,2,47,223
40624.18811907582,2.832,Comp0055,Web0006,6,24004,443,13,47,840,9835
40630.797689647,0.422,Mail0002,DC0001,6,27076,389,6,3,1053,658
40632.94131878219,0.426,Comp0035,DNS0001,17,63717,53,2,2,61,127
40635.11425153849,5.089,Comp0053,Web0001,6,58454,443,37,60,1432,3719
40644.08742111479,0.007,Comp0006,DNS0002,17,34807,53,2,3,38,104
40644.6186373417,1.164,Proxy0001,Ext0006,6,2393,80,3,43,1154,9926
40645.734745088754,0.158,Comp0077,DNS0001,17,58648,53,2,2,101,130
40650.20343014429,0.28,Comp0034,DNS0001,17,11640,53,2,3,43,159
40650.758784347556,8.935,Comp0032,Web0001,6,27470,443,6,25,3771,2029
40651.29715929362,1.435,Comp0047,Proxy0002,6,5333,3128,4,125,439,13221
40664.937649656014,13.447,Proxy0001,Ext0022,6,37958,443,3,148,307,2736
40667.65564128749,0.027,Comp0043,DNS0002,17,52031,53,2,3,92,132
40668.953409881986,2.742,Comp0029,DC0001,6,15574,389,16,10,370,120
40671.62201281125,2.663,Comp0002,Web0006,6,1392,443,10,23,3920,5857
40679.75577166837,16.275,Comp0053,FS0002,6,16745,445,20,151,3731,10611
40680.110865513496,3.399,Comp0059,Web0001,6,65208,443,5,73,1141,5679
40680.6707597026,0.337,Comp0024,DNS0002,17,9414,53,3,2,31,187
40683.23640001787,5.753,Comp0002,DC0002,6,24511,88,12,15,216,235
40689.00342107825,16.849,Web0003,DB0001,6,58727,5432,3,180,1487,21938
40690.64193304143,13.887,Comp0016,DC0002,6,30958,445,72,60,1787,7260
40699.204927524166,2.625,Comp0006,Web0001,6,32172,443,4,73,626,19176
40699.89822199008,0.614,Comp0021,Mail0002,6,41591,587,3,5,401,507
40708.32234381618,6.348,Comp0032,FS0001,6,48296,445,10,143,2180,11240
40714.532024927816,7.324,Comp0064,DC0001,6,44994,88,3,5,72,401
40714.718319763975,0.335,Comp0007,DNS0002,17,23750,53,2,3,60,115
40718.39245115115,5.712,Comp0065,Web0003,6,14384,80,6,24,491,18798
40730.64399080357,0.335,Comp0036,Web0002,6,9265,443,6,52,775,2969
40736.28009026972,18.755,Proxy0002,Ext0021,6,46504,80,5,51,665,6485
40737.27501948522,6.821,Comp0019,DC0002,6,65248,389,18,10,368,1385
40747.38964820287,5.848,Comp0037,Web0002,6,45779,443,6,115,601,1364
40758.84622688226,1.093,Comp0006,DC0002,6,42254,88,3,48,82,852
40763.301286325535,1.101,Comp0047,DC0002,6,12201,88,9,3,478,1659
40763.35858297508,0.311,Comp0066,DC0002,6,65026,88,5,11,2243,151
40764.055404466984,0.181,Comp0054,DNS0002,17,33875,53,2,2,68,119
40765.54099598907,0.294,Comp0014,DNS0002,17,29478,53,2,3,44,120
40766.528577120844,24.097,Comp0025,FS0003,6,4338,445,58,68,1085,6793
40782.9348264846,1.921,Comp0047,Web0004,6,56878,443,5,118,2134,6748
40788.57359022128,14.685,Comp0051,FS0003,6,58797,445,9,47,1113,892
40789.71213239085,3.617,Comp0062,Proxy0001,6,33487,3128,27,36,336,64326
40791.42389146584,0.003,Comp0022,DNS0001,17,49331,53,3,3,85,218
40794.22894001801,1.211,Comp0073,Proxy0001,6,17747,3128,22,21,4843,56475
40794.6445131291,4.855,Comp0048,DC0002,6,12912,389,6,5,168,1015
40796.48813081031,0.024,Web0004,DNS0001,17,23417,53,2,3,114,93
40797.53855265455,16.567,Comp0062,DC0001,6,46134,445,41,86,2044,22822
40799.803523959374,21.033,Comp0039,DC0001,6,57831,445,29,159,2751,96103
40809.681690835496,0.284,Comp0071,DNS0001,17,46754,53,2,2,54,95
40810.55018315467,0.306,Comp0033,DC0002,6,20735,88,4,7,584,598
40812.932110701295,7.18,Comp0038,Web0002,6,24022,80,10,49,394,3391
40816.39488693627,4.791,Comp0069,Web0004,6,9404,80,6,34,1226,160
40820.34053650678,0.567,Comp0057,Web0002,6,42177,443,5,11,1056,19832
40824.06575993311,0.357,Proxy0002,DNS0002,17,59711,53,3,2,39,204
40832.853618081805,5.685,Comp0034,Proxy0001,6,20941,3128,7,48,1106,2686
40834.65522637742,4.181,Comp0002,Web0003,6,22274,443,3,144,341,22145
40851.990654046145,0.166,Comp0071,DNS0002,17,44068,53,3,2,81,84
40860.123145488906,0.205,Comp0079,DNS0001,17,11678,53,3,2,44,209
40863.00140479259,0.004,Comp0070,DNS0001,17,39810,53,2,3,24,93
40872.23766279767,0.148,Comp0009,DNS0002,17,65238,53,3,3,117,84
40873.0116108108,0.506,Comp0069,Web0001,6,57328,80,3,14,2725,4991
40874.12122829362,0.167,Comp0021,Mail0002,6,4885,993,9,21,742,595
40879.60160784969,8.871,Comp0067,DC0001,6,3864,445,8,82,944,21509
40880.22870517778,0.041,Comp0039,DNS0001,17,31111,53,3,3,71,215
40880.332263886296,10.193,Comp0049,DC0002,6,63735,389,7,4,373,302
40887.95431283809,0.307,Comp0021,Web0003,6,25395,443,2,58,602,9749
40894.9988430943,0.242,Comp0028,DNS0001,17,14650,53,2,2,104,124
40897.794944753936,0.13,Comp0011,DNS0001,17,45772,53,3,2,97,339
40898.50318955309,0.072,Comp0002,DNS0001,17,65374,53,2,3,91,214
40904.46871987535,0.283,Comp0022,Web0002,6,48953,443,8,32,173,2172
40907.82538106331,0.623,Comp0058,Web0003,6,42794,443,5,16,247,12913
40910.66592806587,0.383,Comp0075,DNS0002,17,18586,53,2,2,38,332
40912.98432112216,0.019,Comp0034,DNS0001,17,39587,53,2,2,47,216
40913.69051169886,1.608,Comp0044,Web0004,6,64349,443,7,17,6993,1908
40914.30277851054,5.993,Comp0013,Web0001,6,7876,443,5,40,514,6307
40914.46772338598,0.815,Comp0064,DC0001,6,60948,88,6,7,177,330
40916.8180611143,3.507,Comp0005,FS0002,6,11243,445,12,27,1281,108219
40922.200071188876,45.12,Comp0057,FS0001,6,39074,445,64,72,1868,72767
40929.51144412311,0.108,Comp0045,DNS0002,17,29152,53,2,3,40,119
40931.93801591465,0.073,Comp0029,DNS0001,17,23691,53,3,2,39,120
40932.96944431026,24.43,Comp0038,Web0001,6,63049,443,19,28,1113,5044
40935.30363798625,1.022,Comp0005,DC0001,6,64860,389,2,10,520,1620
40940.309701790735,4.748,Comp0028,Proxy0001,6,57486,3128,10,76,710,25919
40942.82231700946,4.566,Comp0021,Web0002,6,44959,443,4,109,484,7637
40943.206871225455,13.248,Comp0055,Web0004,6,11224,80,3,59,263,19214
40943.96025956194,0.089,Comp0046,DNS0002,17,43614,53,2,2,69,424
40953.55065875776,3.749,Comp0077,Mail0001,6,56414,993,4,15,297,423
40959.243937336476,5.877,Comp0043,DC0001,6,28765,88,12,3,255,1590
40960.49471668588,0.234,Comp0056,DNS0002,17,36751,53,3,2,108,77
40962.604606450055,0.028,Comp0023,Web0003,6,10138,443,4,46,85,43508
40962.99457957701,1.674,Comp0015,Web0004,6,27514,443,8,68,436,5566
40964.47246395727,7.288,Comp0071,FS0003,6,43974,445,12,75,1753,1953
40965.447968696644,0.746,Comp0078,Web0006,6,15057,443,7,48,1446,11972
40971.63033812177,0.189,Comp0064,DNS0002,17,26245,53,3,2,36,99
40976.74405743788,4.891,Comp0020,Web0006,6,42143,443,15,54,356,81337
40978.65006999486,0.731,Comp0027,DC0002,6,41673,88,13,14,632,1809
40982.19518778999,0.004,Comp0064,DNS0002,17,33415,53,3,2,107,73
40983.37371544014,10.901,Comp0044,FS0001,6,7557,445,4,218,2620,2686
40985.08378149605,0.565,Comp0041,DNS0002,17,29679,53,3,2,72,136
40993.388863272616,0.14,Comp0068,DNS0001,17,57271,53,2,2,111,63
40994.44729144077,2.656,Comp0030,Web0006,6,39648,443,7,21,987,4713
40998.80858554222,2.987,Comp0080,Mail0002,6,7740,993,5,6,446,4909
41001.82511492721,0.837,Comp0021,DNS0001,17,31463,53,2,3,61,175
41017.3648180192,9.018,Comp0040,Web0005,6,51160,443,9,19,612,4049
41018.68556374821,1.889,Comp0013,Web0004,6,2545,443,11,19,852,12642
41023.75781302177,4.651,Comp0007,DC0002,6,53717,445,66,195,4395,25739
41027.664417848384,6.142,Comp0055,Web0003,6,27416,443,6,44,1978,13986
41028.34709534729,0.665,Comp0061,Mail0002,6,24688,587,7,7,824,518
41030.1734289875,0.318,Comp0071,DNS0002,17,18190,53,2,2,73,89
41033.005396273635,6.422,Comp0076,Proxy0001,6,47317,3128,6,29,947,3021
41038.55250321546,0.484,Comp0012,DNS0002,17,12171,53,3,2,46,125
41043.42932188307,11.103,Comp0041,FS0003,6,50725,445,18,91,2743,36834
41046.466456577095,0.061,DC0002,DNS0001,17,27241,53,5,2,47,221
41050.73766119118,8.23,Comp0063,Mail0001,6,27210,993,6,8,1144,1479
41062.20190718224,0.015,Comp0023,DNS0001,17,64545,53,2,3,58,200
41066.87761467474,0.705,Comp0008,Mail0002,6,15402,587,6,9,135,161
41070.794173216986,4.186,Comp0023,Web0002,6,43581,443,5,47,898,1511
41076.79377185544,6.822,Comp0009,Web0004,6,27742,443,12,34,388,8386
41076.79410209733,0.197,Comp0015,DNS0001,17,2324,53,2,4,50,87
41077.40267286749,0.501,Comp0009,Proxy0002,6,63421,3128,4,39,264,177865
41084.36360172712,0.717,Comp0050,Web0002,6,61759,443,5,142,411,1409
41090.2657689923,1.411,Comp0053,Proxy0002,6,39534,3128,9,35,332,4397
41092.8121094112,21.002,Comp0051,Web0005,6,59580,443,7,50,336,3181
41097.19716020799,6.146,Proxy0001,Ext0008,6,51606,443,9,25,580,5916
41099.46740195444,5.965,Comp0037,Web0005,6,18077,80,54,42,766,10583
41100.97294995419,0.185,Comp0049,DNS0001,17,57272,53,2,2,51,185
41106.157398951276,0.075,Comp0061,DNS0001,17,47887,53,4,3,99,174
41110.278915107774,2.67,Comp0067,Web0002,6,53575,443,10,31,1013,2440
41111.72256336668,0.284,Comp0072,DNS0002,17,44119,53,2,2,47,231
41117.650478950214,3.616,Comp0025,Web0001,6,21768,443,5,15,278,1330
41117.88164665022,5.938,Comp0046,Proxy0002,6,11592,3128,16,7,772,9962
41121.801440409516,0.09,Comp0076,DNS0002,17,49641,53,2,3,49,149
41128.91551425059,0.736,Comp0037,DC0002,6,19121,445,15,79,804,13861
41131.37992318267,3.585,Proxy0001,Ext0026,6,20003,443,7,69,3105,21267
41131.96987839004,17.603,Comp0008,FS0002,6,44662,445,12,118,995,12591
41131.99229893974,2.524,Comp0020,Proxy0001,6,50500,3128,20,31,777,5763
41135.39411201881,3.603,Comp0074,FS0001,6,44279,445,15,42,2863,43907
41138.89433595832,6.582,Comp0041,DC0002,6,6410,389,4,15,279,2179
41140.542607431285,5.187,Comp0006,Proxy0001,6,45058,3128,7,29,125,20083
41159.01059601258,14.766,Comp0078,Mail0001,6,51532,587,4,24,118,510
41163.86771240409,4.19,Comp0036,FS0001,6,64134,445,17,10,521,32061
41166.876115469495,8.854,Comp0008,DC0002,6,24882,88,5,8,403,706
41168.66459140119,3.356,Comp0053,DC0001,6,57275,88,3,3,710,459
41177.74204144275,4.018,Proxy0002,Ext0031,6,35113,443,6,18,37,2926
41178.03327856871,1.11,Comp0042,Web0003,6,30944,443,13,47,932,2928
41216.6544066001,0.175,Comp0031,DNS0001,17,5174,53,2,3,62,602
41219.71216884641,0.025,Comp0058,DNS0002,17,50794,53,2,3,74,142
41220.66381178976,0.217,Comp0066,DNS0001,17,4361,53,3,3,33,64
41223.03929643478,5.409,Comp0040,Web0006,6,9607,80,10,18,1554,10581
41225.723091560074,8.516,Comp0016,DC0002,6,14028,88,16,21,449,1240
41226.28967329881,0.821,Comp0049,Proxy0002,6,48340,3128,58,25,409,18394
41229.651306169915,0.018,Comp0058,DNS0002,17,33857,53,3,2,73,265
41232.222681119994,3.237,Comp0078,Proxy0002,6,5823,3128,4,88,432,48103
41235.575216953024,0.001,Comp0072,DNS0002,17,40552,53,2,2,71,96
41235.59073156331,13.168,Comp0019,FS0001,6,11730,445,14,191,2865,23477
41242.162423668946,15.172,Comp0035,FS0003,6,61231,445,27,567,600,7874
41249.3275558086,3.999,Comp0040,Proxy0002,6,32174,3128,10,186,594,1625
41253.27405530094,5.897,Comp0027,Web0005,6,27320,443,6,33,455,61367
41257.224983995715,0.295,Comp0048,DNS0001,17,53571,53,2,3,102,324
41273.738768746975,14.398,Comp0004,Web0004,6,53421,80,10,123,411,10364
41281.225007516434,3.289,Comp0035,FS0001,6,27654,445,28,74,1925,9370
41282.62783055827,7.634,Comp0048,Proxy0002,6,13394,3128,15,23,2651,2482
41287.98413379071,0.151,Comp0016,DNS0002,17,45992,53,2,2,60,210
41299.40111636764,19.034,Comp0070,FS0001,6,42682,445,14,95,1137,1806
41307.89086591306,0.373,Comp0031,DNS0002,17,46698,53,3,3,80,137
41311.804919746835,0.205,Comp0075,DNS0001,17,19603,53,3,2,123,249
41318.65273895297,0.072,Comp0073,DNS0002,17,37565,53,3,3,68,258
41321.565280039045,4.957,Comp0060,DC0002,6,50833,445,30,68,1525,29694
41324.69654020608,0.451,Comp0040,DNS0001,17,8091,53,2,3,100,121
41331.017173272805,8.387,Comp0022,Proxy0001,6,64063,3128,15,10,335,10438
41335.58809087247,1.237,Comp0059,Web0006,6,39512,80,18,53,1034,7053
41335.978575518515,1.491,Comp0039,FS0002,6,42386,445,13,50,2577,23708
41338.21331407783,8.146,Comp0078,FS0002,6,46937,445,57,237,5966,58172
41340.66896154608,7.646,Comp0051,Web0005,6,14401,443,6,123,1059,9511
41341.49336299917,5.72,Comp0068,Web0004,6,18389,443,4,29,138,28675
41343.55129720866,1.494,Comp0028,DC0002,6,42238,88,17,3,113,304
41344.187819199135,19.889,Comp0035,Proxy0002,6,4960,3128,20,73,301,2466
41353.41610820182,4.014,Comp0075,Web0005,6,52783,443,4,29,286,1098
41358.584055452426,0.591,Web0006,DNS0002,17,61872,53,2,4,50,170
41359.24022829086,0.108,Comp0020,DC0002,6,52692,88,5,7,158,2796
41361.56310471442,2.305,Comp0028,Proxy0001,6,32660,3128,5,85,684,3921
41362.74927810162,19.803,Comp0037,FS0002,6,59946,445,42,113,3947,5422
41363.29004929163,6.953,Comp0011,Mail0001,6,44277,993,8,6,629,3795
41363.34219755589,0.865,Comp0070,DNS0002,17,50266,53,3,2,186,188
41367.728542071876,10.586,Comp0056,Web0001,6,15194,443,9,26,1438,213153
41368.35713867245,6.206,Comp0063,Web0001,6,61501,443,7,53,314,33324
41368.38210321013,9.09,Comp0042,Web0006,6,58566,443,12,26,1094,12785
41369.057080742205,0.275,Comp0046,Proxy0001,6,34659,3128,19,16,304,3610
41369.25792985912,0.292,Comp0042,Mail0002,6,56124,993,12,14,129,1652
41373.77267515528,0.41,Comp0057,DNS0001,17,42339,53,2,2,52,137
41377.62567262735,13.044,Comp0050,FS0003,6,4629,445,56,20,3315,3073
41378.861628720035,0.035,Comp0057,DNS0002,17,31739,53,2,3,50,248
41384.46184669022,0.085,Comp0076,DNS0001,17,3268,53,2,2,71,131
41388.86926718517,0.152,Comp0079,DNS0002,17,63098,53,2,3,30,153
41394.86004675105,13.732,Comp0020,DC0001,6,48025,445,23,93,4969,55911
41399.994082484445,0.664,Comp0019,DNS0002,17,25647,53,2,3,104,149
41403.58326302898,0.599,Comp0008,DNS0001,17,29998,53,2,2,63,226
41409.101710756935,0.586,Comp0057,DNS0001,17,58313,53,2,3,63,66
41416.62923485782,4.669,Comp0048,Proxy0002,6,35096,3128,9,34,743,3668
41424.626498754486,0.102,Comp0048,DNS0001,17,42054,53,2,2,75,107
41424.817998558414,10.346,Comp0051,Mail0002,6,51218,587,5,5,425,267
41425.965082220886,3.436,Comp0032,Web0002,6,26255,443,8,37,871,1796
41426.218060691746,2.843,Comp0035,DC0002,6,12113,88,3,4,748,221
41430.82093825107,0.209,Comp0041,DNS0001,17,50125,53,3,2,91,167
41431.759994749904,9.266,Comp0074,Web0001,6,37497,443,6,35,955,8861
41432.08660926654,3.42,Comp0037,Web0004,6,28603,443,34,14,2959,4579
41438.67486105701,1.523,Comp0057,DNS0002,17,4774,53,2,2,48,91
41442.19524913919,3.218,Comp0079,FS0003,6,5690,445,10,24,946,4657
41442.308006134524,16.093,Comp0031,Proxy0001,6,29263,3128,5,31,408,4563
41445.970722231905,0.403,Comp0045,DNS0001,17,28764,53,2,2,57,93
41447.31406644951,1.363,Comp0023,Web0005,6,2878,443,6,25,181,1808
41451.90216190302,3.571,Comp0033,DC0002,6,47611,445,8,207,7103,7626
41460.21068809517,29.344,Comp0076,FS0002,6,11537,445,11,121,966,8522
41463.1549171466,0.005,Comp0006,Mail0001,6,29578,587,9,3,209,1180
41463.25057214998,12.375,Comp0060,Web0003,6,8693,80,3,33,345,3231
41464.215540557074,0.32,Comp0008,Web0005,6,46938,80,7,20,1718,13532
41467.267519711895,0.106,Comp0012,DNS0001,17,33509,53,3,3,39,309
41470.04116537386,2.909,Comp0080,Web0001,6,1968,443,18,29,844,9362
41470.29456694578,0.385,Comp0032,DC0002,6,43811,88,4,5,478,148
41473.25559592433,1.927,Comp0055,Proxy0002,6,53715,3128,8,30,1438,10903
41476.0654109321,0.641,Comp0035,Web0006,6,12886,443,27,22,177,12000
41489.188948409355,2.254,Comp0012,DC0002,6,46286,389,2,12,246,2403
41494.226173210154,7.619,Comp0002,Web0005,6,63496,443,6,103,1120,11246
41507.662099508714,0.037,Comp0031,DNS0002,17,31282,53,2,2,55,132
41509.358334539116,0.141,Comp0004,DNS0002,17,18986,53,3,4,71,101
41515.29913325109,0.194,Comp0071,Proxy0001,6,58020,3128,5,44,1136,10109
41520.08490043207,0.645,Comp0038,Mail0001,6,28406,587,4,9,215,2739
41520.40273472718,1.148,Comp0009,Proxy0001,6,37522,3128,8,43,2054,7533
41524.23352125679,2.694,Comp0037,Proxy0001,6,15672,3128,14,57,545,10430
41524.68826378197,0.129,Comp0052,DNS0001,17,37209,53,2,3,111,166
41533.666043793186,3.069,Comp0066,Web0004,6,59779,443,2,20,106,4357
41537.126339986586,2.75,Comp0053,Web0006,6,32204,80,22,44,792,7810
41538.40022997971,0.076,Comp0055,DNS0002,17,13191,53,2,3,194,338
41538.495115375095,7.834,Comp0074,FS0002,6,20413,445,21,68,2360,5124
41542.06699942975,30.613,Comp0028,DC0002,6,3710,445,8,234,2982,12561
41545.06498013617,1.773,Comp0060,Proxy0001,6,51313,3128,12,35,503,4578
41563.801500415575,22.728,Comp0056,Web0004,6,35177,443,13,32,355,29259
41570.02019717406,1.423,Comp0014,Web0005,6,40879,443,14,117,3312,2830
41570.61008937741,9.665,Comp0064,Web0006,6,20143,443,8,63,888,6175
41571.27794484706,0.103,Comp0010,Web0001,6,38070,443,3,16,1292,2563
41571.365921367666,0.201,Comp0061,DNS0001,17,58398,53,2,3,100,92
41571.68010707766,0.812,Comp0030,Web0004,6,48211,443,11,54,1731,14416
41574.424528423406,0.135,Comp0066,DNS0001,17,14510,53,2,3,172,338
41580.57597280446,0.343,Comp0072,FS0001,6,48087,445,13,104,866,17788
41581.46521908485,0.201,Comp0076,DC0001,6,42154,88,7,11,257,445
41583.75466431325,0.442,Comp0070,Web0002,6,48064,443,25,19,584,4794
41589.04822930554,11.451,Comp0075,FS0003,6,22484,445,13,144,2499,40205
41589.27874785561,0.485,Comp0029,DNS0002,17,21217,53,2,3,78,349
41590.072108874476,0.041,Comp0070,DNS0001,17,14816,53,3,3,85,105
41593.24856982627,3.205,Comp0069,Web0002,6,7523,443,11,45,374,1815
41594.10816657823,6.356,Comp0020,Web0001,6,22399,80,13,10,883,44751
41595.720223635995,1.889,Comp0034,Web0004,6,21520,443,7,17,1307,3092
41603.37026475542,4.819,Comp0031,FS0002,6,40623,445,10,59,1591,7040
41608.89276218728,0.135,Comp0050,DNS0001,17,21229,53,3,3,73,107
41610.03588105502,5.295,Comp0041,DC0001,6,8333,389,15,12,664,145
41614.11933765496,12.773,Comp0066,Web0006,6,18044,443,29,20,1473,15722
41614.95868019378,1.223,Comp0053,Mail0001,6,47512,993,3,12,1119,1837
41623.99888189613,0.046,Comp0030,DNS0002,17,59542,53,2,2,83,74
41635.50981224784,4.884,Comp0077,Web0003,6,38454,443,8,20,3591,3275
41639.23495492995,0.198,Comp0074,DNS0001,17,6471,53,3,2,109,180
41640.85485184693,0.037,Comp0056,DNS0001,17,6754,53,2,2,85,138
41644.10048148495,6.789,Comp0004,Web0002,6,37365,443,9,20,430,955
41644.17817136829,0.006,Comp0045,DNS0002,17,11820,53,2,2,67,79
41649.84258230477,1.702,Comp0063,Mail0002,6,1505,993,3,6,1721,2440
41652.93438349108,0.144,Comp0062,DNS0002,17,22765,53,2,3,83,88
41657.02974211807,1.427,Comp0047,Web0003,6,61831,80,6,86,1083,10367
41662.702529775226,6.124,Comp0012,DC0002,6,39525,88,3,7,301,1249
41663.99601085053,1.172,Comp0053,Proxy0002,6,43378,3128,8,33,734,4752
41671.53268310321,0.19,Comp0064,DNS0002,17,56783,53,2,2,82,198
41674.05152858215,3.158,Comp0055,FS0002,6,4924,445,9,272,1976,48865
41675.3644153426,6.523,Comp0062,Web0001,6,46347,80,7,25,457,1456
41675.71229653717,2.339,Comp0071,DC0002,6,15961,88,6,13,401,226
41690.97160725992,1.764,Comp0027,Web0003,6,62219,443,4,76,542,2900
41697.101179593985,0.03,Comp0001,DNS0001,17,59508,53,2,2,77,106
41701.52053616102,2.628,Comp0075,Web0001,6,37386,80,5,49,1760,5423
41708.92929141142,5.201,Comp0035,Proxy0001,6,3897,3128,21,84,341,15381
41711.72248933078,6.135,Comp0030,Web0005,6,25587,443,3,44,895,10896
41715.19617637888,0.085,Comp0046,Web0006,6,10342,443,8,23,480,11839
41720.70213367592,0.038,Comp0073,DNS0001,17,37587,53,2,3,38,131
41724.02517165306,1.775,Comp0040,DC0001,6,62747,389,3,7,838,756
41728.6907341676,0.009,Comp0076,DNS0002,17,18972,53,3,2,41,119
41746.8523702291,4.325,Comp0029,DC0001,6,41607,389,6,20,88,2281
41754.32553229947,0.083,Comp0047,DNS0001,17,39535,53,2,2,82,121
41757.83422373688,0.729,Comp0051,Proxy0001,6,5765,3128,6,47,561,6369
41759.08608607933,11.187,Comp0014,Web0005,6,43794,80,7,30,444,8770
41767.84749232341,9.457,Comp0050,Web0005,6,10914,443,9,20,1080,6502
41769.785109490556,0.26,Comp0052,Web0006,6,40168,443,5,25,708,4633
41778.22037178155,17.571,Comp0026,Web0002,6,63654,443,6,41,157,4740
41778.52633875588,1.037,Comp0004,Web0006,6,20925,443,3,70,202,7862
41782.35256822309,0.05,Proxy0001,DNS0001,17,16837,53,2,3,90,156
41787.48950567853,0.25,Comp0078,Proxy0001,6,9010,3128,86,9,271,21004
41791.78358336586,0.427,Comp0048,DNS0002,17,43682,53,2,2,67,175
41793.014995839454,7.251,Comp0043,FS0002,6,16265,445,36,60,765,39874
41795.96299975003,2.115,Web0006,DB0004,6,26700,3306,10,18,2010,30735
41797.81031979375,1.065,Comp0037,Mail0002,6,8788,993,13,6,251,762
41799.49346575593,0.921,Comp0071,DC0001,6,61791,88,5,4,187,747
41804.1848674562,1.683,Comp0035,Proxy0002,6,7518,3128,6,24,581,50209
41807.89390844795,1.197,Comp0003,DC0002,6,29022,88,5,22,893,356
41811.667506591424,6.209,Comp0061,Web0003,6,5848,443,7,30,676,10452
41813.34848890204,3.452,Comp0010,Web0006,6,29025,443,4,46,924,23203
41815.91190460856,2.289,Comp0011,DC0002,6,31481,88,5,10,560,497
41821.580738639874,3.548,Comp0027,Web0002,6,4806,443,14,78,722,2865
41823.16293514351,0.036,Comp0002,DNS0002,17,48116,53,2,3,72,154
41826.5144889426,0.108,Comp0057,DNS0001,17,11965,53,3,2,67,174
41830.93619425609,5.165,Comp0066,Web0003,6,56705,443,8,33,257,11921
41839.42218733654,21.811,Comp0002,Web0003,6,34449,443,16,54,1548,4517
41844.24484580222,2.089,Comp0076,Web0006,6,16256,443,4,21,177,2234
41844.6657188136,0.312,Comp0007,Web0002,6,27976,443,5,186,616,4850
41851.357583810255,0.471,Comp0047,DNS0002,17,59996,53,2,3,50,206
41856.49333058638,5.153,Comp0048,Web0006,6,30466,80,8,100,222,12209
41871.56682144287,0.846,Comp0015,DNS0002,17,16496,53,2,3,74,269
41872.50176772961,8.665,Comp0077,Web0002,6,54457,443,7,36,477,21959
41874.35186335944,2.531,Comp0016,FS0003,6,61964,445,28,21,1754,5202
41875.91050748763,9.551,Comp0050,DC0001,6,28753,88,6,3,507,2920
41877.57142744166,0.011,Comp0033,DNS0002,17,21392,53,2,3,55,121
41877.76243079537,0.01,Comp0010,DNS0002,17,1945,53,2,3,35,195
41882.23060659974,12.302,Comp0010,Web0002,6,39591,443,4,72,1938,16510
41889.176407700375,1.199,Comp0037,Web0004,6,3293,443,11,27,1057,7368
41891.59104914734,0.221,Comp0063,DNS0002,17,26428,53,2,2,48,143
41893.65377760843,6.609,Comp0029,Mail0002,6,52836,587,5,11,1420,10835
41897.77072949209,10.421,Comp0055,Proxy0001,6,52186,3128,24,36,4037,4862
41901.384476665015,1.309,Comp0015,DC0002,6,63856,88,4,18,279,799
41906.37988155561,3.241,Comp0038,Web0005,6,64867,443,6,20,375,5032
41912.778108049686,0.768,Comp0064,Web0003,6,56574,80,10,14,862,1799
41914.20351792845,11.414,Comp0028,Proxy0002,6,56484,3128,12,32,276,16859
41914.78656867368,3.136,Comp0003,DC0001,6,28216,88,5,5,217,1320
41915.238502954926,6.497,Comp0067,DC0002,6,3578,445,11,85,633,42064
41919.57211199753,2.862,Comp0060,Web0005,6,12730,443,7,33,294,8451
41919.78566255959,17.41,Comp0069,Web0004,6,12727,443,5,161,264,1408
41919.862021231354,0.022,Comp0054,DNS0001,17,16908,53,2,2,41,320
41920.64351817318,0.661,DC0002,DNS0001,17,6363,53,2,2,77,149
41944.653188026416,0.081,Comp0056,DNS0001,17,29550,53,3,2,84,202
41944.84276970109,0.084,Comp0074,DNS0001,17,32229,53,2,3,64,210
41947.32444562851,15.488,Web0002,DB0004,6,40203,5432,12,102,6018,208439
41947.40162564174,0.939,Comp0020,Web0001,6,46551,443,11,50,393,12777
41958.567745520515,1.335,Comp0041,FS0001,6,59751,445,41,133,4487,19574
41959.66900108453,1.511,Comp0013,Web0006,6,55594,443,4,39,728,44660
41960.701779043,0.683,Comp0007,Proxy0001,6,53178,3128,7,33,385,1831
41962.15356984748,8.118,Comp0054,FS0003,6,26726,445,11,108,1568,284441
41963.832624133196,1.975,Proxy0002,Ext0013,6,21452,80,6,36,1350,9257
41965.49126424952,1.26,Comp0069,FS0001,6,2838,445,9,94,2805,641261
41970.64003720724,5.471,Comp0060,Proxy0001,6,61319,3128,5,11,561,13053
41974.74976586461,0.266,Comp0054,DNS0001,17,50380,53,3,3,79,186
41976.43277284172,9.674,Comp0051,Proxy0002,6,56770,3128,11,29,1280,2301
41979.60263030438,23.587,Comp0021,FS0002,6,12658,445,18,18,1776,46022
41981.121677350435,18.021,Comp0073,FS0001,6,32402,445,28,51,4208,15118
41982.956078731746,0.807,Comp0017,Mail0001,6,35176,587,5,4,216,251
41987.6202962103,0.396,Comp0003,DNS0001,17,57845,53,3,3,59,114
42003.8496594047,12.267,Comp0077,Web0004,6,54294,80,15,26,284,1244
42004.44887732882,2.417,Comp0043,Proxy0001,6,13499,3128,12,38,846,2289
42009.75740406586,0.103,Comp0035,DNS0001,17,30246,53,2,2,104,112
42012.10244585607,0.005,Comp0071,DC0001,6,17349,389,17,5,337,2880
42017.12840737513,0.041,Comp0072,DNS0001,17,50461,53,2,3,89,236
42020.02066751588,14.604,Comp0067,FS0002,6,53865,445,4,141,704,16369
42022.28764178283,4.416,Comp0070,DC0001,6,23677,88,6,8,460,337
42027.04050306238,1.03,Proxy0001,Ext0017,6,61075,443,12,20,1526,1160
42027.77099878494,0.521,Comp0066,DNS0001,17,62808,53,3,3,54,171
42027.796081486405,36.125,Comp0054,FS0001,6,36897,445,11,218,63,17322
42031.11778300933,2.268,Proxy0002,Ext0031,6,25242,443,6,27,303,5533
42031.286875468664,0.172,Comp0067,DNS0001,17,33392,53,2,2,48,83
42032.21916746555,0.1,Comp0033,DNS0001,17,3002,53,2,2,48,404
42032.71474329114,0.154,Comp0054,Web0004,6,14280,443,3,44,275,24199
42042.96136721912,2.001,Comp0038,DC0002,6,28858,445,36,45,955,10262
42043.04620192616,0.14,Comp0036,DNS0002,17,46613,53,2,2,71,101
42043.39468264031,0.723,Comp0078,Web0003,6,54613,80,5,110,1269,5721
42044.49758092558,0.433,Comp0060,DNS0001,17,1374,53,3,3,64,172
42044.70814402561,13.761,Comp0044,FS0002,6,37663,445,75,93,17203,22645
42046.47369343263,0.002,Comp0056,DNS0001,17,25229,53,3,2,66,248
42048.14643808144,12.076,Comp0050,Proxy0001,6,64202,3128,5,10,505,8623
42052.31736660756,0.095,Comp0028,DNS0002,17,32399,53,2,2,37,111
42052.550091913276,1.169,Comp0037,Proxy0001,6,17187,3128,16,58,597,2211
42055.00244520786,0.002,Comp0050,DNS0002,17,15185,53,2,2,49,248
42061.168651181644,1.059,Comp0030,Web0004,6,7677,443,12,13,56,11628
42062.04133619868,0.186,Comp0029,DNS0001,17,57588,53,2,2,51,128
42064.42390505286,0.08,Comp0023,DNS0002,17,28927,53,2,3,86,148
42064.92265643528,0.679,Comp0076,DNS0002,17,26704,53,3,3,76,159
42067.13583826719,0.235,Comp0007,DNS0001,17,7819,53,3,2,60,150
42078.26896517346,5.22,Comp0019,Web0003,6,25465,443,10,29,112,15727
42080.23039375035,24.61,Comp0080,FS0003,6,45474,445,11,197,8533,2293
42081.0160197194,0.014,Comp0038,DNS0002,17,18793,53,3,2,90,190
42088.03887823993,10.136,Comp0005,DC0002,6,59046,445,16,22,517,10100
42090.00516943747,0.103,Comp0050,DNS0001,17,57692,53,2,3,57,180
42099.38765879561,0.573,Comp0009,Proxy0002,6,42428,3128,5,60,210,3345
42101.94656782056,5.399,Comp0061,Web0004,6,37772,443,14,130,328,36583
42104.55601861089,0.137,Comp0079,DNS0002,17,14416,53,3,2,89,144
42105.05689823057,0.179,Comp0057,DNS0002,17,38350,53,2,3,52,73
42105.260075273945,11.226,Comp0026,Web0002,6,5081,443,7,71,445,14644
42119.72760560248,8.603,Comp0011,FS0002,6,7796,445,119,26,589,1417
42121.450123862545,0.058,Comp0064,DNS0001,17,9530,53,2,3,52,49
42124.18053312496,0.007,Comp0048,DNS0001,17,58857,53,2,3,139,132
42127.30875025477,2.117,Comp0052,Proxy0001,6,59047,3128,18,165,693,5104
42128.47829465601,3.984,Comp0043,DC0002,6,49117,88,6,18,98,5861
42133.122224839644,0.327,Comp0031,DNS0001,17,40226,53,2,2,63,41
42133.86992937578,0.769,Comp0038,Proxy0001,6,57100,3128,17,23,1129,60235
42136.48879294911,1.947,Comp0014,Web0006,6,42914,443,5,44,293,5715
42137.205219346186,2.695,Comp0025,Web0003,6,56131,443,7,18,279,2168
42137.438379448235,2.249,Comp0057,Proxy0002,6,20600,3128,13,38,874,1415
42142.772949164035,4.926,Comp0029,DC0002,6,53739,389,6,5,128,246
42149.922536507795,7.738,Comp0014,Web0004,6,35441,80,10,18,330,8402
42151.14750902042,0.034,Comp0059,DNS0002,17,61269,53,2,3,34,308
42152.85509174515,1.435,Comp0019,DC0002,6,4219,88,6,4,3239,411
42162.78343522977,2.924,Comp0078,Proxy0002,6,55022,3128,4,26,2021,2678
42163.9510775341,0.048,Comp0078,DNS0001,17,56614,53,3,2,86,191
42168.94709381972,0.016,Comp0042,DNS0002,17,47151,53,3,2,66,268
42172.65330021388,2.169,Comp0032,DC0002,6,13256,88,5,3,185,517
42173.10577445239,0.089,Comp0061,DNS0002,17,65271,53,3,3,100,135
42182.67306704093,0.028,Comp0024,DNS0001,17,21349,53,2,3,93,240
42184.354955113275,0.082,Comp0025,DNS0002,17,48460,53,2,2,26,162
42186.3897359552,0.19,Comp0060,DNS0001,17,30266,53,3,3,38,186
42187.52388406583,0.092,Comp0021,DNS0002,17,14055,53,3,3,78,255
42189.129056712874,0.216,Comp0056,DNS0001,17,4315,53,3,2,55,150
42189.91056371646,0.318,Comp0004,DNS0001,17,29539,53,2,2,52,89
42192.9471049169,0.341,Comp0041,DNS0001,17,3539,53,2,3,51,180
42204.45320463945,8.256,Comp0052,Proxy0002,6,23797,3128,9,38,696,2189
42210.518267442545,6.759,Comp0065,Proxy0001,6,39822,3128,8,41,926,13244
42211.67854937988,2.556,Proxy0001,Ext0011,6,45647,80,5,38,1090,26868
42215.3140414604,1.995,Comp0011,Web0003,6,35623,443,16,62,4040,8921
42218.011195285515,0.051,Comp0050,DNS0001,17,39517,53,2,3,79,193
42225.6834717397,0.12,Comp0031,DNS0002,17,22265,53,3,2,66,298
42226.279810659886,0.356,Comp0046,DC0001,6,34612,88,6,10,181,697
42230.50149571699,0.554,Comp0079,Web0004,6,15006,443,5,48,925,63648
42234.99428321513,7.469,Comp0006,Web0005,6,52785,80,14,46,748,3319
42235.79783277834,7.642,Comp0071,DC0002,6,47165,389,6,5,371,956
42237.60108828825,0.13,Comp0028,DNS0002,17,1620,53,2,2,50,38
42245.417541832256,0.953,Comp0063,DC0001,6,34073,445,74,63,390,13626
42246.76180286493,0.178,Comp0010,DNS0001,17,19765,53,2,2,139,79
42249.23718369092,0.142,Comp0055,DNS0001,17,18406,53,2,4,70,223
42250.0447342789,1.232,Comp0057,DC0002,6,35892,389,3,5,217,1789
42257.4125322095,0.578,Comp0014,DNS0002,17,64083,53,2,3,108,168
42268.33197864266,0.346,Comp0016,Web0006,6,40399,80,6,30,672,9367
42272.12600682943,4.678,Comp0066,Web0001,6,34506,443,3,18,326,1836
42273.43956492433,0.339,Comp0078,Proxy0002,6,57913,3128,8,47,92,2186
42275.31358757372,6.04,Comp0034,Proxy0002,6,35266,3128,11,65,482,1585
42280.11422988737,0.644,Comp0076,Web0003,6,54493,443,8,192,6371,5112
42282.8924429765,5.38,Comp0029,Proxy0001,6,48434,3128,4,50,1752,67598
42290.023681469655,0.043,Comp0071,DNS0001,17,9653,53,2,3,27,202
42291.16754542518,0.028,Comp0038,DNS0001,17,49096,53,2,3,120,58
42295.3992867528,0.031,Proxy0001,DNS0001,17,47450,53,3,3,56,147
42298.08582028696,4.714,Comp0037,DC0002,6,51552,88,4,5,419,1345
42299.7590530102,0.493,Comp0064,Proxy0002,6,62159,3128,6,18,668,1070
42300.62053304488,2.827,Comp0015,DC0001,6,28216,389,3,7,292,1280
42303.62066513496,0.039,Comp0019,DNS0001,17,4274,53,2,3,96,115
42305.118083160145,0.299,Comp0020,DNS0001,17,41132,53,3,3,41,66
42307.27589113869,11.595,Comp0040,Web0003,6,10127,80,10,58,100,4564
42316.31976826169,2.343,Comp0004,Proxy0002,6,51512,3128,5,16,221,48590
42319.828822724194,17.84,Web0004,DB0003,6,23929,3306,18,68,1952,11000
42319.99920016556,2.6,Comp0026,Mail0001,6,14670,587,33,4,410,485
42324.680499023445,0.418,Comp0010,Web0004,6,1880,443,19,52,624,5091
42325.25207742369,4.453,Comp0020,Mail0001,6,30928,587,12,4,45,950
42325.74460731472,0.174,Comp0047,DNS0001,17,5122,53,2,2,36,198
42338.62183507669,13.042,Comp0040,FS0003,6,50351,445,47,232,2581,8333
42341.11165051518,3.782,Comp0049,Web0006,6,49998,80,3,9,268,16820
42346.44526251524,6.237,Comp0071,Web0004,6,5321,443,7,93,1528,12986
42347.016288765684,0.608,Comp0045,DNS0002,17,48439,53,2,2,72,382
42349.95837681195,0.57,Comp0080,DNS0002,17,10711,53,3,3,132,358
42349.98138822121,3.0,Comp0006,Mail0001,6,28318,993,5,8,1259,1642
42356.84999139831,1.262,Comp0070,DC0002,6,17030,88,5,8,184,223
42359.68076265223,12.686,Comp0019,DC0002,6,29037,88,5,13,637,474
42365.21667253537,0.462,Comp0040,DNS0001,17,61929,53,2,3,63,285
42375.42129584584,0.13,Comp0070,DNS0002,17,15039,53,3,3,155,84
42384.7972164956,1.518,Comp0030,Proxy0002,6,14055,3128,5,65,374,15184
42387.02137641159,0.116,Comp0026,DNS0001,17,15064,53,2,3,63,144
42390.011417852926,0.017,Comp0031,Web0004,6,6818,443,4,17,324,3314
42400.23645808063,8.391,Comp0025,FS0001,6,12032,445,12,106,5880,8168
42400.37349591605,1.234,Comp0014,Web0004,6,17163,80,8,115,2398,718
42403.14646537192,4.349,Comp0015,Web0006,6,31118,443,28,63,231,8607
42405.98630242035,0.491,Comp0049,Proxy0002,6,23110,3128,34,26,1582,13241
42411.09267272486,0.855,Comp0060,Proxy0001,6,34100,3128,10,10,514,5675
42413.70734097045,0.022,Comp0052,DNS0001,17,59667,53,2,4,33,80
42413.778007707406,0.256,Comp0047,DNS0002,17,49387,53,2,3,74,223
42418.76196145072,6.753,Comp0012,Proxy0001,6,11496,3128,4,98,171,10077
42423.83701769083,3.713,Comp0036,Mail0001,6,3255,993,5,5,151,84
42425.11045997663,2.367,Comp0049,Web0004,6,26599,443,6,40,480,1990
42426.37177598985,1.495,Comp0015,Proxy0001,6,54932,3128,18,15,1700,26668
42431.05599340239,0.002,Comp0051,DNS0001,17,57758,53,2,3,59,179
42433.35226867943,0.294,Comp0064,DC0001,6,52303,88,4,18,1463,962
42436.52070604296,5.33,Comp0016,DC0002,6,42314,445,37,86,1916,33721
42437.0803825092,3.296,Comp0042,FS0003,6,32272,445,181,102,889,3192
42444.31345463363,4.066,Comp0028,Web0006,6,49145,443,7,68,864,26033
42447.16045751471,4.635,Comp0005,Mail0001,6,55470,993,7,3,152,176
42447.94557900236,6.053,Comp0076,Web0006,6,12503,443,5,10,424,5246
42452.5415825286,2.626,Comp0062,Mail0002,6,54638,993,15,9,640,208
42459.25306124924,2.288,Web0004,DB0004,6,19415,3306,33,51,3076,3252
42461.30892178714,0.198,Comp0065,DNS0002,17,32578,53,2,2,95,105
42472.88546805254,4.429,Comp0030,DC0002,6,42091,389,4,13,47,2457
42489.01893662903,7.543,Comp0056,Proxy0002,6,23945,3128,14,18,3445,5609
42495.51972572102,0.245,Comp0011,DNS0002,17,20230,53,2,3,30,51
42497.35193475878,0.335,Comp0030,DNS0001,17,10731,53,2,2,81,68
42505.09249764859,0.18,Comp0073,DNS0001,17,52653,53,2,3,45,246
42508.06062637232,0.151,Comp0080,DNS0002,17,21182,53,3,3,55,151
42512.31466783661,0.175,Comp0033,DNS0002,17,44639,53,3,2,48,248
42514.56726928357,0.351,Comp0005,Proxy0002,6,21846,3128,3,89,378,3709
42519.42728525633,3.238,Comp0055,Proxy0001,6,61143,3128,14,57,486,5202
42521.41588539847,7.548,Comp0057,Web0001,6,32759,80,4,8,3088,9521
42521.877217612455,1.248,Comp0077,DC0001,6,53817,445,47,66,931,3487
42524.61854530172,2.096,Comp0017,Web0003,6,52073,443,16,23,728,14143
42526.15122615275,0.281,Comp0065,DNS0001,17,17846,53,3,3,56,93
42527.35519146043,6.89,Comp0061,Web0005,6,60617,80,15,37,884,4838
42531.61443420107,0.18,Comp0055,DNS0002,17,5622,53,2,2,69,281
42533.0830699811,4.856,Comp0006,Web0005,6,13307,80,9,16,789,1809
42538.003549883666,3.99,Comp0023,DC0001,6,37820,389,5,10,236,2837
42539.35551268854,21.337,Comp0028,Web0006,6,13054,443,2,42,661,19820
42546.6282883437,4.532,Comp0048,Web0002,6,25991,443,23,34,1790,6523
42555.55946798646,0.036,Comp0020,DNS0001,17,44103,53,3,3,62,76
42560.479254380036,9.219,Comp0020,Web0002,6,9425,80,4,56,823,4705
42560.48231698303,0.015,Comp0070,DNS0002,17,60686,53,2,3,86,310
42561.033326196935,1.961,Comp0007,DC0002,6,3518,389,3,9,79,187
42561.27171465547,0.23,Comp0031,Web0002,6,17611,443,12,85,2276,19337
42564.640991997796,5.005,Comp0049,Web0001,6,9102,443,7,11,389,5901
42565.18981172947,0.205,Comp0025,DNS0002,17,18515,53,2,2,52,176
42569.43916391176,0.625,Comp0042,Proxy0001,6,16923,3128,11,152,291,8080
42576.75905050928,0.138,Comp0038,DNS0002,17,57031,53,2,2,114,206
42595.750670409136,0.48,Comp0026,DNS0002,17,39475,53,2,3,63,267
42600.931836841744,0.164,Comp0049,DNS0002,17,34174,53,2,4,82,135
42610.007977683985,0.952,Comp0046,FS0001,6,29329,445,23,88,604,10540
42611.833944468905,18.076,Comp0026,Proxy0002,6,30408,3128,6,101,194,5894
42613.64641660409,0.224,Comp0048,DNS0001,17,63984,53,2,3,136,196
42617.25436399667,10.875,Comp0044,Web0005,6,18505,443,9,12,1491,7833
42619.940442651445,0.039,Comp0050,DNS0001,17,45718,53,2,3,52,301
42621.8652991567,0.238,Comp0079,Web0006,6,61873,80,22,20,1067,3171
42622.90696139485,1.38,Comp0074,Proxy0001,6,35372,3128,16,18,794,3699
42626.910398742795,4.353,Comp0010,Web0002,6,42620,443,2,22,1245,74888
42628.30581932204,0.031,Comp0030,DNS0002,17,4886,53,2,3,130,142
42635.851675809114,1.778,Comp0072,Mail0001,6,14627,993,4,4,277,1819
42637.298734214055,2.633,Comp0064,DC0002,6,58388,88,5,8,258,399
42639.34302685816,2.405,Comp0042,Web0006,6,9229,443,7,15,469,9039
42640.91056604887,1.594,Comp0007,Mail0001,6,34023,587,4,5,225,707
42643.56865160939,1.12,Comp0078,Proxy0002,6,47430,3128,7,38,926,9229
42643.903439328045,8.649,Comp0021,Web0003,6,34950,443,16,71,201,8300
42650.30478762226,1.898,Comp0072,DC0002,6,65170,88,10,2,295,6513
42653.67518036009,0.039,Comp0002,DNS0002,17,35164,53,2,3,55,66
42653.769111411864,3.965,Comp0037,Proxy0002,6,52074,3128,8,17,1133,22795
42658.84903537473,0.395,Comp0040,DNS0002,17,29452,53,3,3,46,72
42661.28395897381,2.514,Comp0064,Mail0002,6,27892,587,3,4,391,789
42661.53975298561,3.452,Comp0069,FS0003,6,16088,445,27,217,24517,2957
42662.94411975846,5.762,Comp0004,Proxy0002,6,5228,3128,5,75,212,5673
42674.75690936936,0.265,Comp0003,Web0004,6,25709,443,25,11,547,14593
42676.59198323737,9.126,Comp0063,FS0001,6,13298,445,30,52,739,18798
42684.00171870718,0.05,Comp0022,DNS0002,17,61437,53,2,2,97,311
42684.87116242719,5.826,Comp0077,Web0002,6,34739,80,10,89,500,14349
42685.0791423678,5.983,Comp0061,FS0002,6,30875,445,37,253,3401,46251
42696.65137758872,0.231,Comp0060,DC0002,6,40804,389,3,5,954,650
42698.007012372604,1.748,Comp0022,Web0002,6,55587,443,8,45,85,4773
42698.19988860499,3.606,Comp0004,Mail0002,6,60323,993,4,6,257,1072
42700.52063742818,0.038,Comp0047,DNS0002,17,56620,53,2,3,53,78
42701.459578986076,4.558,Comp0001,DC0002,6,30123,389,4,4,780,1201
42703.697515450345,2.372,Comp0025,Web0003,6,40929,443,10,33,434,11007
42705.546624006085,0.257,Comp0015,DNS0001,17,37954,53,2,2,71,238
42710.68732342842,0.128,Comp0066,DNS0002,17,28653,53,3,3,90,60
42711.11849363146,0.391,Comp0009,DNS0001,17,50602,53,3,2,70,62
42712.159227871896,0.925,Comp0045,Web0005,6,21338,80,22,19,128,17908
42712.62539806706,0.091,Comp0012,DNS0002,17,11675,53,2,3,48,241
42725.91430759536,3.725,Comp0013,Proxy0001,6,6282,3128,18,71,818,473
42731.791445325114,56.78,Comp0057,FS0002,6,17661,445,23,35,2279,30159
42738.9095516696,4.694,Comp0025,DC0002,6,56380,389,9,13,215,408
42739.947953649105,13.834,Comp0019,Proxy0001,6,42306,3128,11,40,2118,7787
42741.96365530449,5.074,Comp0006,DC0001,6,24621,88,12,5,275,199
42762.76393794191,0.009,Comp0055,DNS0002,17,23270,53,3,3,77,235
42765.966006593444,6.114,Comp0042,Web0001,6,64406,80,15,38,856,2839
42766.0524260917,0.119,Comp0008,DNS0001,17,22064,53,2,2,82,256
42772.58526179649,0.013,Comp0005,DNS0001,17,61898,53,2,3,64,153
42774.21147408159,11.264,Proxy0001,Ext0023,6,63725,443,8,28,741,121459
42776.60867952752,1.08,Comp0012,DC0001,6,15008,88,7,8,444,880
42778.43506470468,4.799,Comp0026,Web0002,6,23611,443,9,29,268,10112
42779.03856622013,0.68,Comp0033,Proxy0001,6,15050,3128,6,25,524,15029
42782.82466027701,4.273,Comp0052,DC0002,6,23292,389,17,4,457,403
42783.86730507105,0.009,Comp0037,Proxy0001,6,12392,3128,6,15,528,18562
42793.36798391133,16.362,Comp0043,Web0005,6,5200,443,7,81,302,4381
42799.108480323055,5.839,Comp0057,Proxy0001,6,2460,3128,12,23,1585,3189
42804.25461471747,1.471,Mail0002,Ext0032,6,18513,25,5,15,678,1043
42813.926553315025,0.033,Comp0025,DNS0002,17,57856,53,2,2,48,76
42815.43918233766,0.426,Comp0068,Mail0002,6,16998,993,4,5,296,909
42815.939018365,0.247,Comp0057,Web0004,6,41734,443,13,4,2069,5269
42817.47204871666,0.129,Comp0040,DNS0002,17,10285,53,2,2,63,260
42822.380361575335,4.759,Comp0060,Web0005,6,33225,443,5,11,472,2333
42827.28743722433,1.905,Comp0080,Mail0002,6,26341,993,4,8,201,358
42837.25453217682,9.79,Comp0076,Proxy0001,6,24255,3128,7,133,494,11200
42841.27105910009,0.031,Comp0059,DNS0001,17,13215,53,2,3,55,432
42842.81337824933,0.007,Comp0010,DNS0002,17,36891,53,2,3,43,118
42850.18364108951,4.384,Comp0024,Web0001,6,53537,443,24,14,684,4023
42853.65299728503,0.551,Web0002,DNS0001,17,23317,53,2,3,145,114
42857.35667224184,0.229,Comp0058,DNS0001,17,25913,53,2,3,66,269
42865.12760803538,0.751,Comp0003,FS0001,6,6091,445,14,72,288,4095
42872.131032061116,1.343,Mail0001,Ext0003,6,2498,25,7,7,261,402
42880.65942992454,6.651,Comp0013,Web0002,6,26071,443,14,25,789,37502
42902.22888371811,0.296,Comp0028,DNS0001,17,6191,53,4,2,46,198
42910.348623427126,3.234,Comp0053,Mail0001,6,24205,587,4,19,842,3756
42915.00482348899,0.489,Comp0024,DNS0002,17,45579,53,4,3,57,123
42916.062444471434,8.516,Comp0001,FS0002,6,65131,445,45,266,3137,17427
42920.05491256146,9.937,Comp0058,Proxy0001,6,34381,3128,12,22,820,4612
42922.07367979044,0.927,Comp0054,Mail0002,6,35725,993,8,4,794,851
42927.03367152645,7.67,Comp0029,Proxy0002,6,56518,3128,3,54,78,5892
42929.73292597407,0.072,Comp0067,DNS0002,17,58401,53,2,2,140,130
42946.933652717176,4.426,Comp0023,DC0001,6,14020,445,160,46,3830,6732
42947.37346783489,0.34,Comp0066,Web0003,6,34479,443,10,13,986,3237
42954.08369018278,0.566,Comp0052,DC0001,6,32094,88,9,17,442,1214
42957.95449835951,0.073,Comp0003,DNS0001,17,50259,53,2,3,64,99
42961.13493468835,14.139,Comp0014,FS0002,6,14458,445,64,40,2479,20518
42962.32560721772,6.92,Comp0037,FS0002,6,20882,445,82,81,8058,14711
42963.83466036094,0.259,Comp0066,DNS0002,17,20373,53,2,2,59,55
42970.91587631774,7.03,Comp0014,DC0001,6,16541,389,3,10,491,1453
42977.641731614975,5.553,Comp0065,DC0001,6,36262,389,8,8,167,221
42984.03994881466,0.028,Comp0076,DNS0002,17,25034,53,2,2,51,176
42985.79456539987,2.276,Comp0020,Web0005,6,35439,443,5,22,924,47320
42987.041542961495,0.722,Proxy0001,Ext0015,6,17029,443,27,51,127,35725
42989.996964974984,1.717,Web0006,DB0004,6,21263,3306,14,131,1623,9570
43004.982991011355,0.137,Comp0005,Web0002,6,3026,80,4,38,92,4844
43014.94711804732,1.026,Comp0050,DC0001,6,28843,389,4,6,267,282
43019.89779803201,0.767,Comp0004,Web0005,6,51539,80,11,15,594,2457
43020.75934519143,9.249,Comp0038,FS0001,6,38684,445,36,43,13553,16482
43022.341288781165,13.135,Comp0080,DC0002,6,11532,445,5,131,1116,12775
43023.3753345664,5.649,Comp0061,Web0003,6,52391,443,5,66,95,32861
43033.55479386173,0.241,Comp0029,DNS0001,17,39610,53,3,2,58,102
43033.986584504186,11.863,Comp0052,FS0001,6,52354,445,14,92,1070,22429
43036.037916815265,4.381,Comp0019,Web0003,6,26064,443,11,48,504,3965
43041.802065146825,4.94,Comp0020,DC0002,6,53546,445,53,50,848,14258
43042.40310478808,2.902,Comp0078,DC0002,6,45416,88,18,10,387,640
43044.30874094421,0.093,Comp0004,DNS0001,17,59171,53,2,3,79,127
43045.70595999886,0.192,Comp0059,DNS0002,17,8181,53,2,2,73,298
43047.62431648491,2.991,Comp0013,DC0002,6,60559,88,3,3,504,287
43048.79634709854,0.022,Comp0079,DNS0001,17,65345,53,3,3,69,295
43052.98592235371,0.004,Comp0048,DNS0001,17,31300,53,3,3,78,333
43056.956439829344,0.459,Web0001,DC0002,6,9689,389,9,5,786,757
43058.2111373543,2.954,Comp0056,DC0002,6,54038,88,8,14,142,527
43061.5064905063,0.493,Comp0050,Web0004,6,36181,443,6,78,1848,8190
43063.38839015176,0.14,Comp0066,Web0001,6,52674,443,9,5,137,3662
43073.416488295545,14.492,Comp0051,FS0003,6,65012,445,18,37,1667,4571
43075.89019473662,0.194,Comp0051,DNS0002,17,14593,53,3,3,52,76
43083.881886693074,1.849,Comp0004,Mail0001,6,49517,587,5,13,651,365
43086.41351506733,0.544,Comp0076,DC0001,6,11345,445,52,56,7230,12783
43092.69510747172,0.013,Comp0074,DNS0001,17,23836,53,3,3,91,182
43115.90918687636,34.777,Comp0077,DC0001,6,61702,445,22,40,1634,27768
43116.84021228098,5.266,Comp0011,Proxy0001,6,34962,3128,20,20,319,4690
43116.979618371915,0.163,Comp0030,DNS0002,17,37217,53,2,3,102,98
43126.17042125996,0.45,Comp0046,DNS0002,17,40431,53,2,2,55,88
43127.58119146737,3.825,Comp0054,Web0002,6,28390,443,11,11,264,4837
43133.287383142364,2.345,Comp0016,Web0004,6,41161,443,8,81,203,2658
43139.49849244713,2.733,Comp0016,Web0002,6,13538,443,11,32,624,669
43143.996027035675,6.509,Proxy0002,Ext0038,6,53459,443,4,148,406,27378
43160.934177958974,0.616,Comp0025,Web0006,6,2571,443,5,43,977,11146
43185.799333887764,2.305,Comp0071,Web0001,6,18059,80,5,212,649,99952
43193.263696657414,2.155,Comp0067,Web0005,6,57084,80,26,15,395,2317
43202.10363853778,3.078,Comp0002,Web0002,6,14104,443,3,11,1259,49742
43214.56097904397,0.404,Comp0022,Web0001,6,10886,80,8,53,338,11877
43215.08618019421,0.026,Comp0033,DNS0001,17,54883,53,2,2,40,162
43220.93777831369,0.682,Comp0013,Mail0002,6,21252,993,3,8,333,1273
43221.92696554559,5.195,Comp0073,Web0005,6,25089,80,6,41,1661,3346
43223.412429474025,0.055,Comp0032,DNS0001,17,48570,53,3,2,41,88
43225.757523706314,0.598,Comp0019,DNS0002,17,60294,53,2,2,109,116
43229.9320164213,2.205,Comp0016,Web0005,6,36803,443,8,28,1090,2704
43233.53625740495,0.004,Comp0038,DNS0002,17,58803,53,2,3,60,119
43235.425018126305,1.22,Comp0020,FS0002,6,45233,445,14,222,1371,11503
43242.64011311405,4.726,Comp0073,FS0001,6,31872,445,19,416,3543,6132
43254.246274780024,3.894,Comp0059,Web0003,6,7573,443,6,59,574,2897
43263.2104479975,11.521,Comp0011,Web0005,6,15260,443,16,12,147,2013
43264.97487967933,6.739,Comp0073,Web0001,6,62549,443,4,17,192,23548
43266.32212356785,0.141,Comp0010,DNS0001,17,49804,53,3,2,110,131
43268.54784268771,1.034,Comp0005,DC0002,6,32197,88,2,3,220,1872
43273.96596005095,24.248,Comp0041,FS0003,6,5711,445,16,47,736,46176
43276.71987342518,2.441,Comp0002,Mail0002,6,5214,993,8,10,183,414
43280.53006861993,0.341,DB0001,DNS0002,17,39471,53,3,3,151,105
43281.13083353363,3.446,Comp0025,Web0003,6,37706,443,6,34,690,2110
43289.53294793279,1.868,Comp0080,DC0002,6,1749,389,10,4,333,324
43293.62336808833,4.926,Comp0073,Web0001,6,6577,443,5,107,456,2584
43294.446724385314,0.821,Comp0077,FS0002,6,9376,445,14,83,10346,13892
43295.044918947875,0.129,Comp0020,DNS0002,17,24524,53,2,2,39,104
43295.54475154743,0.256,Comp0029,DNS0001,17,1026,53,2,3,44,88
43309.72291914476,11.192,Proxy0001,Ext0001,6,3284,443,12,74,945,17645
43312.12784776795,7.294,Comp0068,Web0004,6,11573,80,24,42,569,5628
43312.131668364054,46.941,Comp0077,DC0002,6,32777,445,21,58,1884,8029
43312.349283407275,0.26,Comp0024,DNS0001,17,29253,53,2,2,74,116
43320.51077041172,0.694,Proxy0002,Ext0017,6,63257,443,5,65,1520,4937
43321.41136042149,1.215,Comp0020,Web0004,6,9319,443,4,40,100,129985
43334.195237854896,3.384,Comp0006,Proxy0002,6,49412,3128,10,55,874,3633
43334.93126696054,0.055,Comp0046,DNS0002,17,41634,53,3,3,76,293
43335.522893024696,0.414,Comp0078,DNS0002,17,13796,53,2,2,61,191
43336.500968444176,0.372,Comp0072,DNS0002,17,10835,53,2,3,53,138
43339.86646060171,7.786,Comp0018,Proxy0002,6,4320,3128,6,24,1461,9966
43344.715599287054,2.637,Comp0060,DC0002,6,61702,88,7,13,1191,299
43351.104458155765,11.614,Comp0053,DC0002,6,52152,445,26,87,6712,26595
43354.87900075168,6.291,Comp0023,Proxy0002,6,31564,3128,9,129,667,35154
43358.34214193841,16.998,Comp0056,DC0001,6,47898,445,35,126,4661,3755
43361.931184437206,0.171,Comp0071,DNS0002,17,16022,53,2,2,32,161
43363.35051217346,13.774,Comp0030,Web0005,6,49681,443,7,37,1259,3303
43368.111398335954,0.896,Comp0055,Proxy0002,6,26797,3128,5,56,860,684
43369.894840691355,4.446,Comp0032,Web0004,6,60198,443,2,148,1247,9932
43374.77383238539,7.005,Comp0042,Proxy0001,6,49363,3128,3,51,946,53470
43376.922782153335,0.895,Comp0010,DC0002,6,31593,88,5,13,82,837
43382.34111181531,0.286,Comp0041,DNS0001,17,9819,53,3,3,125,191
43384.575190283984,6.069,Comp0054,Web0001,6,18657,443,12,98,146,4116
43396.9541931811,0.07,Comp0062,DNS0001,17,59515,53,2,3,64,128
43397.05781788283,0.034,Comp0047,DNS0002,17,56445,53,2,2,117,359
43397.503606609316,8.546,Comp0069,Web0004,6,36605,443,23,153,2128,7544
43398.74539309619,0.097,Comp0029,DNS0001,17,57090,53,3,3,48,240
43399.66043381003,0.013,Comp0006,DNS0002,17,48518,53,2,2,57,113
43400.17136040934,15.581,Comp0074,Web0002,6,3326,443,3,79,157,14682
43400.83583434256,1.531,Comp0016,Mail0002,6,52297,993,11,4,141,354
43401.816800762695,2.14,Comp0078,Web0003,6,47523,443,3,17,203,2772
43405.09599559213,0.404,Comp0068,Mail0002,6,9638,587,5,9,877,182
43407.551209756115,1.007,Comp0049,Web0005,6,52449,443,8,36,550,846
43409.55821503255,0.268,Comp0078,DNS0001,17,19868,53,3,3,54,196
43411.864005526455,0.447,Comp0072,DC0001,6,31527,445,24,254,2900,13631
43415.23226499412,2.996,Comp0069,Web0002,6,51265,443,9,25,480,4087
43419.3340597246,0.274,Comp0009,DNS0002,17,42632,53,2,3,69,270
43424.26724931332,2.181,Comp0046,Mail0002,6,52646,993,6,17,1121,350
43428.99812366359,0.346,Comp0056,Mail0001,6,3319,993,3,24,768,2004
43432.03571773582,12.202,Comp0060,Web0003,6,1444,443,5,73,181,38637
43436.96175496176,7.083,Comp0059,Web0001,6,43387,80,16,23,940,7840
43439.74692244646,5.85,Comp0069,Web0005,6,33468,443,3,42,126,2945
43442.73858752311,7.286,Comp0014,DC0001,6,25429,445,13,33,310,143692
43445.812480834866,0.061,Comp0026,DNS0001,17,58850,53,3,2,85,55
43447.29558509912,3.806,Comp0044,DC0001,6,6711,389,4,13,493,172
43452.18048783048,4.532,Comp0059,Web0005,6,18081,443,7,31,940,4343
43452.52095327942,0.726,Comp0064,DNS0001,17,54034,53,3,2,69,82
43456.85795275868,0.594,Comp0017,DNS0002,17,8235,53,3,4,46,113
43458.59922525967,0.535,Comp0060,DC0002,6,30806,88,5,4,251,3130
43463.63400006034,16.739,Comp0023,Web0006,6,30449,80,3,16,806,4986
43468.778587164175,13.697,Comp0044,Web0006,6,30807,443,19,21,4704,3954
43482.926326499095,0.386,Comp0027,Web0004,6,58015,443,11,32,8910,18517
43490.61060134878,11.222,Comp0064,Web0001,6,11567,443,8,14,205,7951
43492.393879373616,5.72,Comp0079,Mail0002,6,44107,993,5,5,718,166
43494.485718730735,5.102,Comp0007,DC0002,6,26714,389,6,17,901,1316
43496.33125977538,3.375,Comp0009,Mail0001,6,5838,587,7,8,345,368
43497.055208831436,0.576,Comp0060,Web0005,6,61214,443,6,36,473,29587
43498.78924639202,0.011,Comp0041,DNS0002,17,54196,53,2,2,132,173
43499.1125699701,0.034,Comp0023,DNS0002,17,25651,53,2,2,62,123
43510.402612876685,1.906,Comp0033,FS0002,6,13935,445,4,25,668,4326
43512.005867263346,0.518,Comp0002,Proxy0002,6,43603,3128,5,72,565,7281
43512.405802049805,0.758,Comp0052,Web0002,6,61385,80,4,84,461,2492
43512.55809417405,3.258,Comp0062,DC0001,6,20147,88,7,4,156,92
43513.11866569291,1.983,Comp0070,Web0002,6,50362,443,14,22,2882,7632
43515.71457170958,1.313,Web0003,DB0002,6,18118,3306,34,96,4898,34993
43518.506283883115,14.642,Comp0057,Web0002,6,13480,443,14,45,456,19308
43522.39321772216,0.237,Comp0026,Web0003,6,57619,443,6,26,770,1512
43525.58059065164,1.856,Comp0052,Web0001,6,12977,443,6,78,1360,507
43526.8595608999,5.88,Comp0076,Web0006,6,44618,80,12,6,497,6192
43527.126319855684,2.559,Comp0018,FS0001,6,60578,445,22,35,15451,693
43528.562324742416,2.307,Proxy0002,Ext0022,6,22920,443,12,32,1013,6198
43528.77865358847,15.287,Comp0059,Web0006,6,63428,80,13,17,496,3929
43534.8490843845,1.875,Comp0012,DC0001,6,63699,88,5,7,415,1276
43541.31140695507,1.682,Comp0028,Proxy0001,6,31597,3128,5,34,655,6287
43544.36040959415,0.006,Comp0021,DNS0002,17,23436,53,3,2,84,132
43547.44066241272,0.204,Comp0029,DNS0001,17,50143,53,4,3,79,230
43551.09660993973,1.131,Comp0062,DNS0001,17,14862,53,2,3,86,173
43556.386573373915,2.835,Comp0065,Web0006,6,18632,80,7,40,2265,5946
43560.91946011756,0.081,Comp0027,DNS0002,17,18443,53,3,2,127,355
43562.660422736684,6.443,Comp0015,Web0004,6,15263,443,24,25,351,1804
43566.12277102263,0.025,Comp0015,DNS0001,17,7848,53,2,3,132,144
43571.97331760156,0.843,Comp0051,Proxy0001,6,58728,3128,11,51,926,11869
43576.44277463523,11.285,Comp0007,Web0006,6,61169,443,6,14,567,24807
43577.07642546842,0.638,Comp0045,Proxy0001,6,56334,3128,17,96,641,2299
43582.62986203062,0.119,Comp0048,DNS0002,17,47811,53,2,2,29,191
43592.47876090355,13.445,Comp0003,Proxy0001,6,25738,3128,15,22,2469,44191
43594.89161919456,0.014,Comp0058,DC0001,6,2282,389,3,8,301,775
43600.21936723616,3.747,Comp0022,Proxy0002,6,14301,3128,50,14,230,8533
43603.19444297317,0.084,Comp0032,DNS0002,17,58950,53,3,3,83,192
43603.842913349734,3.451,Comp0015,DC0002,6,35711,389,6,9,200,1893
43606.53957189384,0.004,Comp0015,Web0002,6,18440,443,3,34,272,2919
43611.03653453264,1.093,Comp0043,Proxy0002,6,59236,3128,9,14,1870,32023
43613.46129055764,2.868,Comp0043,Proxy0002,6,29120,3128,11,47,508,5505
43616.84197955755,9.577,Comp0034,DC0002,6,18711,445,20,33,7507,4354
43619.43484909732,0.176,Comp0068,DNS0001,17,9226,53,2,2,73,62
43623.04214995694,0.143,Comp0057,Web0005,6,46858,80,8,24,87,7525
43624.411734414476,3.74,Comp0013,Web0004,6,34692,80,4,31,184,16106
43631.331351998626,0.095,Web0001,DNS0002,17,58774,53,2,3,64,229
43638.10804787373,0.067,Comp0054,DNS0001,17,20378,53,3,3,73,207
43640.66760654937,0.511,Comp0003,DNS0001,17,28103,53,3,3,39,92
43643.408295804526,4.899,Comp0043,Web0004,6,35756,443,15,47,311,1995
43644.7609192956,2.241,Comp0037,DC0002,6,2575,389,6,6,1115,556
43644.80363065824,3.46,Comp0065,Web0001,6,34790,443,23,68,3227,7405
43648.936245706405,9.918,Comp0001,Web0004,6,44706,443,11,29,670,10369
43651.8297108225,2.868,Comp0040,DC0002,6,10600,389,7,5,830,1421
43657.52715996877,0.487,Comp0020,DNS0002,17,23398,53,2,3,57,123
43672.186539232374,2.195,Comp0073,Proxy0002,6,48707,3128,6,27,1132,3982
43674.23928941854,5.157,Comp0026,DC0001,6,38873,88,2,5,1601,5754
43675.499660334346,1.007,Comp0046,Web0005,6,31820,443,11,45,1300,14165
43687.394469896906,2.681,Comp0068,Proxy0001,6,21037,3128,8,173,572,3829
43691.44523488992,0.459,Comp0011,DNS0001,17,53623,53,2,2,59,195
43691.45330559425,13.151,Comp0009,Web0005,6,26177,443,5,102,352,4884
43696.57774572006,0.384,Comp0002,DC0001,6,30629,389,2,12,223,4269
43697.09819266477,5.716,Comp0073,Web0004,6,16312,443,8,17,324,15799
43704.159103295286,5.458,Comp0019,DC0002,6,6210,389,10,15,372,664
43705.48604748737,2.169,Comp0007,Proxy0001,6,16309,3128,3,37,730,5878
43709.81853742646,3.214,Comp0057,Web0006,6,30444,443,9,19,660,77049
43710.81455995494,8.07,Comp0014,Web0005,6,25421,443,14,14,623,2486
43714.750208154874,13.536,Proxy0002,Ext0014,6,35027,80,5,19,982,6027
43717.63210623055,3.921,Comp0003,Proxy0001,6,40929,3128,5,68,1592,2541
43719.07942090861,2.716,Comp0005,Web0002,6,40094,443,5,21,274,43830
43723.52923755273,0.141,Comp0070,DNS0002,17,20341,53,2,3,61,179
43728.07933312786,1.079,Comp0002,Web0001,6,24222,443,17,28,786,6792
43728.85832552436,3.595,Comp0035,Web0003,6,11194,443,11,36,1315,2305
43733.33217869836,0.131,Comp0017,Web0006,6,47478,80,11,30,2078,10466
43737.77375906838,9.485,Comp0046,Web0003,6,7344,443,16,47,585,6491
43740.350711047104,3.503,Comp0004,DC0001,6,61392,389,4,8,178,602
43740.7499064584,1.283,Web0006,DB0003,6,31420,3306,38,229,876,14876
43748.51757142427,5.249,Comp0031,DC0001,6,59876,445,39,89,911,73234
43768.782490962796,1.591,Web0003,DB0001,6,32302,5432,24,41,597,3850
43769.92641183667,0.0,Comp0048,DNS0001,17,30802,53,2,3,52,161
43770.03955521408,2.341,Comp0044,Web0004,6,42877,443,8,12,286,3065
43774.839862711066,3.039,Comp0026,Proxy0002,6,56208,3128,10,83,1335,36260
43779.497114321915,0.788,Comp0019,Web0005,6,13160,443,14,215,130,10384
43779.59686247496,1.138,Comp0063,Mail0002,6,16207,993,14,13,907,1006
43784.87825495867,7.909,Proxy0002,Ext0000,6,63807,80,8,50,285,5513
43789.9717558925,6.475,Comp0049,Web0003,6,49472,443,18,38,1706,7223
43791.2993718606,0.432,Comp0073,Mail0002,6,2670,993,7,6,200,1059
43791.63483105972,7.95,Comp0053,Mail0002,6,23629,993,3,8,2417,164
43792.46367868497,3.434,Comp0068,Mail0002,6,36699,993,8,4,272,531
43793.04928007615,0.098,Comp0040,DNS0001,17,42638,53,3,2,45,71
43795.031380504886,0.064,Comp0048,DNS0001,17,38860,53,3,2,38,183
43798.71100497624,0.045,Comp0071,DNS0001,17,39227,53,2,2,68,233
43800.86453202577,0.173,Comp0031,DNS0002,17,43399,53,2,3,95,338
43801.72223049847,1.81,Comp0009,Web0001,6,21857,443,10,254,136,623
43810.32532141644,0.037,Comp0067,DNS0002,17,58585,53,3,2,69,106
43811.92505197985,11.334,Comp0005,Web0006,6,32990,443,8,24,196,9753
43814.72077905154,1.487,Comp0032,Web0003,6,30724,443,15,9,222,2608
43816.74446387666,5.479,Comp0021,Web0003,6,13187,443,11,47,3374,3698
43818.95447932642,0.039,Comp0013,DNS0001,17,23588,53,3,2,58,167
43819.086415806676,2.287,Comp0080,Proxy0001,6,23221,3128,6,14,534,7147
43819.16170376828,1.129,Comp0015,DNS0001,17,61164,53,3,3,57,97
43821.59614627653,0.372,Comp0031,DNS0002,17,25914,53,2,2,137,241
43822.54525184258,0.042,Comp0006,DNS0002,17,15175,53,3,2,55,194
43827.9868199805,0.085,Web0001,DNS0001,17,18719,53,3,2,85,119
43837.821673466235,2.981,Comp0025,Web0004,6,51533,80,5,346,1245,2923
43840.38714108069,0.041,Comp0077,DNS0002,17,13699,53,2,3,30,124
43841.37557721376,12.652,Comp0076,Web0001,6,4132,443,12,20,848,8450
43843.25996014006,2.669,Comp0046,Mail0001,6,19286,993,9,7,195,2835
43843.680718938085,10.359,Comp0068,Web0004,6,48562,443,5,63,660,365
43843.861202695094,0.311,Comp0047,Web0001,6,25947,443,13,60,2410,6182
43845.506155812196,1.139,Comp0050,Proxy0002,6,55968,3128,7,33,460,17797
43846.98083363665,0.073,Comp0058,DNS0002,17,21989,53,2,3,73,83
43847.10349498092,0.018,Comp0047,DNS0001,17,35310,53,3,3,60,184
43848.3909738339,3.275,Comp0058,Proxy0001,6,28352,3128,14,22,303,3052
43849.517744694334,0.019,Comp0042,Mail0002,6,32100,993,5,9,423,152
43850.3517068847,3.845,Comp0074,Proxy0002,6,20188,3128,5,32,602,751
43852.56124629397,0.288,Comp0032,Proxy0002,6,52482,3128,3,123,579,26739
43857.36799323405,3.343,Comp0007,DC0002,6,3172,88,4,3,268,391
43871.937231446434,23.165,Comp0037,FS0002,6,64814,445,14,280,1357,4395
43872.13120466427,1.619,Comp0003,Proxy0002,6,11005,3128,5,345,2122,980
43878.053796013315,1.077,Comp0057,Mail0001,6,41822,587,7,5,747,809
43883.50331840992,2.16,Comp0026,Web0001,6,63418,443,12,11,115,8478
43884.733648219706,0.273,Comp0054,DNS0002,17,45387,53,2,3,76,270
43887.19547459961,3.255,Comp0029,Mail0001,6,37208,587,7,6,896,137
43897.26466856159,0.264,Comp0076,DNS0001,17,40426,53,3,2,64,76
43897.56362498738,0.003,Comp0067,DNS0001,17,7734,53,2,3,60,53
43902.290988877176,5.034,Comp0072,Proxy0002,6,1677,3128,21,20,320,3496
43905.99313725273,0.087,Comp0041,DNS0002,17,46329,53,2,3,39,110
43909.930589220596,15.398,Comp0069,Web0001,6,27421,443,5,38,261,6143
43913.54966516576,0.976,Comp0011,Web0005,6,35939,443,16,38,1093,4666
43916.34945219913,0.149,Comp0045,DNS0002,17,17064,53,2,2,53,325
43922.67968969054,7.332,Comp0054,Web0002,6,52006,443,5,57,349,2354
43923.47132895631,3.917,Comp0013,FS0001,6,24887,445,17,304,1624,25890
43923.66802491482,6.073,Comp0059,FS0002,6,34820,445,93,91,1487,7457
43927.721657712114,2.92,Comp0048,Web0003,6,11150,443,13,24,3105,1700
43931.19767934643,16.582,Comp0004,FS0003,6,48555,445,12,50,333,27803
43931.19886214984,1.722,Comp0038,Web0004,6,12883,443,3,84,541,2729
43933.61251255584,1.372,Comp0060,DC0002,6,21423,389,2,6,205,882
43933.72281094957,0.027,Comp0050,DNS0002,17,26767,53,2,2,46,150
43937.92260256272,5.566,Comp0046,Proxy0002,6,62833,3128,9,33,341,4603
43938.09872157475,3.795,Proxy0002,Ext0029,6,7081,443,5,52,785,1404
43942.73255272629,1.417,Comp0044,Proxy0002,6,35627,3128,11,34,5167,16024
43943.900809028404,0.726,Comp0051,Mail0002,6,49136,993,5,25,252,1463
43957.14719827736,18.212,Comp0043,FS0001,6,25156,445,25,97,2894,23072
43960.14664114407,1.111,Comp0071,Mail0002,6,33001,993,3,17,371,1246
43963.790481590535,1.359,Comp0043,Web0003,6,19301,443,7,56,733,1910
43970.20731942483,0.039,Comp0019,DNS0001,17,54980,53,3,3,106,130
43971.26816805112,3.258,Comp0036,DC0001,6,49898,88,5,10,161,146
43971.54749587231,0.248,Comp0057,DNS0001,17,60891,53,2,2,83,72
43978.60015158061,1.922,Comp0045,DC0001,6,13186,389,4,3,153,1646
43985.09218153906,25.666,Comp0033,FS0001,6,41773,445,46,92,3036,20517
43987.252934960605,1.461,Comp0008,Web0005,6,39473,80,27,136,3304,9022
43990.16159733614,7.09,Comp0059,Proxy0002,6,8407,3128,5,74,298,10472
43990.398789832034,0.783,Comp0041,Web0006,6,40508,80,9,42,200,3102
43991.49583068149,11.458,Comp0032,Proxy0001,6,29638,3128,11,43,283,6903
43991.75461011346,8.871,Comp0072,DC0002,6,34529,389,3,4,546,372
43995.1388132548,8.597,Comp0053,Proxy0002,6,32903,3128,9,68,615,20450
43996.78936668187,11.42,Comp0043,Web0006,6,51959,80,5,48,322,2161
43999.01287186485,5.157,Comp0052,Web0006,6,3895,443,5,54,2162,2165
44010.863091936015,0.17,Comp0022,DNS0001,17,16198,53,2,3,73,177
44024.377411374386,0.803,Comp0054,Web0006,6,34469,443,15,40,1295,6610
44034.421767490414,0.098,Comp0054,DNS0002,17,57288,53,3,3,40,135
44036.820540783134,7.294,Comp0068,Proxy0002,6,25054,3128,12,12,84,11704
44036.94907203501,0.229,Comp0047,Web0002,6,10859,443,4,53,364,14607
44040.475974172026,5.439,Comp0075,FS0002,6,27148,445,60,2925,1810,19615
44041.93328047822,0.032,Comp0015,DNS0002,17,10971,53,2,2,37,134
44044.45371424045,0.182,Comp0069,DNS0002,17,17241,53,3,2,115,182
44048.35222315718,0.439,Comp0037,Proxy0001,6,34174,3128,7,60,1082,71754
44052.35173754166,1.781,Comp0050,Web0004,6,24479,443,11,28,689,2401
44056.97688796629,9.22,Comp0032,FS0001,6,63190,445,53,10,1132,17303
44059.94194669429,0.467,Comp0015,DNS0002,17,54194,53,3,3,125,224
44061.09501849113,8.55,Comp0033,FS0003,6,53860,445,9,188,2151,19655
44063.336109658376,11.814,Comp0064,Web0003,6,31337,443,6,11,786,12831
44064.90080409723,0.434,Comp0002,DNS0001,17,40379,53,2,3,65,82
44067.40555066295,0.123,Comp0076,DNS0002,17,8099,53,2,3,76,98
44072.51814206524,28.908,Comp0020,DC0002,6,50009,445,18,43,1493,13859
44073.67482899008,3.638,Comp0067,Web0004,6,42422,80,14,15,224,1185
44077.46409460035,2.803,Comp0047,DC0002,6,44108,88,6,10,107,2725
44089.199509445476,0.124,Comp0020,DNS0002,17,52860,53,2,3,90,111
44089.20129326352,0.101,Comp0055,DNS0001,17,50183,53,2,2,69,184
44093.60038004491,6.217,Comp0080,Mail0002,6,50979,993,4,4,686,1314
44096.20934870467,4.497,Comp0026,Web0005,6,10189,443,25,44,476,43917
44098.381080749416,18.127,Comp0018,Web0006,6,26943,443,5,63,2258,8841
44098.94497782968,0.421,Comp0029,FS0002,6,16229,445,10,235,690,19203
44100.9884054066,2.082,Comp0065,DC0001,6,1553,389,8,12,847,352
44101.47486336146,0.023,Comp0051,DNS0002,17,19345,53,3,2,100,307
44102.521359167215,0.991,Comp0053,Web0002,6,26306,443,4,21,459,2954
44103.473779094194,0.12,Comp0072,Web0002,6,55055,443,3,34,262,2709
44110.28853784763,3.315,Comp0044,Web0002,6,58386,443,7,16,160,2049
44110.489670847695,3.166,Comp0049,Web0006,6,20323,80,4,23,293,2468
44112.4923595787,0.141,Comp0080,DNS0002,17,36969,53,2,3,103,87
44119.9926330471,0.015,Comp0006,DNS0001,17,31233,53,3,2,75,417
44125.15867525548,0.08,Comp0031,DNS0001,17,8313,53,3,3,72,199
44128.60238588732,1.351,Comp0044,Web0005,6,64463,80,10,8,433,3428
44128.977926792904,0.197,Comp0080,DNS0002,17,19940,53,3,3,86,49
44134.5738082336,0.321,Comp0027,DC0001,6,2075,389,12,7,453,911
44134.65937573499,18.023,Comp0028,DC0002,6,24085,445,7,168,2584,18722
44138.11422248203,0.684,Comp0072,Web0006,6,53559,443,10,36,1264,39761
44138.83471794062,10.6,Comp0026,Web0003,6,41792,80,7,55,3457,20108
44142.874773142605,4.701,Comp0079,Web0003,6,53417,80,5,82,407,2295
44143.01128640491,2.674,Comp0043,DC0001,6,51238,389,4,11,244,628
44144.1749831181,7.163,Comp0023,Web0002,6,31675,443,7,191,974,15061
44150.318638021214,2.522,Comp0046,FS0003,6,20564,445,5,314,2930,37907
44155.623516849286,7.582,Comp0037,Proxy0001,6,23467,3128,32,35,815,27110
44161.16872179337,0.658,Mail0001,Ext0022,6,34236,25,9,12,1657,1470
44166.45493830416,1.596,Comp0043,Web0001,6,5155,443,5,42,477,2696
44170.83246860443,0.299,Comp0005,DNS0002,17,45123,53,3,2,84,95
44173.66083041923,4.746,Comp0039,Web0001,6,6067,443,12,51,204,4625
44173.86199693423,2.035,Comp0052,DC0001,6,28445,445,12,44,609,10097
44185.44394160753,0.143,Comp0001,DC0002,6,41764,88,10,23,861,1025
44194.076737582975,0.533,Comp0074,DNS0001,17,15445,53,2,4,40,498
44194.925815666225,2.565,Comp0017,Mail0002,6,14346,993,6,5,362,487
44202.66115263355,1.558,Comp0039,Web0004,6,49091,443,9,20,486,62166
44204.761622342055,2.386,Comp0044,Mail0001,6,31969,587,8,8,354,127
44206.46410690825,2.114,Comp0011,DC0001,6,13431,389,3,10,259,664
44212.92650669049,7.471,Comp0022,DC0002,6,22961,445,34,69,2098,2739
44213.75558184973,0.366,Comp0069,Web0002,6,65300,80,3,20,448,8192
44214.02067650849,2.85,Comp0032,Proxy0002,6,51402,3128,8,15,137,16029
44221.03515296467,2.529,Comp0061,DC0002,6,51573,88,5,9,580,908
44233.41627587475,7.37,Comp0065,Proxy0002,6,6473,3128,10,42,910,16753
44233.54964875842,9.436,Comp0022,DC0001,6,24959,389,5,8,416,110
44236.150513289555,38.522,Comp0073,DC0002,6,56344,445,114,31,334,6141
44237.605185227665,0.021,Comp0054,DNS0001,17,57513,53,2,2,166,167
44239.091646937355,0.434,Comp0042,DNS0002,17,61693,53,3,3,93,174
44245.954105004006,2.277,Comp0060,FS0002,6,48998,445,71,23,9218,72012
44246.34210129818,3.451,Comp0052,Web0002,6,60102,443,3,25,461,20556
44252.55908926357,0.247,Comp0043,DNS0001,17,17152,53,3,3,28,389
44254.82170461896,0.275,Comp0013,DNS0001,17,51650,53,2,3,54,182
44256.573509559326,0.358,Comp0058,DNS0002,17,51215,53,3,2,62,130
44260.055521641145,9.894,Comp0077,Web0005,6,55343,80,6,70,646,2685
44274.643683771144,0.803,Comp0007,Web0004,6,62816,443,4,26,1909,2897
44279.08735347486,31.102,Comp0049,Proxy0001,6,42241,3128,14,40,1390,2927
44279.10037599323,6.746,Comp0041,DC0001,6,2110,445,7,15,1962,6221
44283.106396707386,2.538,Comp0011,Proxy0001,6,4364,3128,18,46,2541,11689
44292.299707244034,0.079,Comp0047,DNS0002,17,20337,53,2,3,37,216
44292.846214830155,1.07,Comp0017,Web0001,6,29667,443,7,56,483,47483
44293.43772755781,13.675,Comp0062,Proxy0001,6,8010,3128,14,44,378,4298
44294.93118459013,0.289,Comp0010,DNS0001,17,46815,53,3,2,41,164
44297.60439106765,3.463,Comp0026,Web0005,6,58991,443,8,17,440,5665
44301.26990899997,9.579,Comp0073,Web0004,6,1773,443,7,80,537,4471
44301.86373146806,0.185,Comp0073,DNS0001,17,48342,53,3,2,69,220
44308.45382344105,2.638,Comp0054,Proxy0002,6,60510,3128,34,50,463,20338
44312.00159649598,0.158,Comp0069,Web0003,6,16334,80,3,6,308,12021
44317.00328654528,6.558,Web0004,DB0003,6,47438,3306,9,53,1415,34432
44319.019782592295,0.031,Comp0070,DNS0002,17,28988,53,2,2,39,171
44323.465688359705,0.45,Comp0039,Web0001,6,41135,443,5,45,2348,3524
44324.85433477708,0.096,Comp0028,DNS0001,17,1782,53,2,3,64,94
44328.01101904351,4.997,Comp0069,Web0003,6,2482,443,25,7,1168,1283
44330.60727140405,1.098,Web0003,DB0001,6,39792,5432,9,166,1206,219025
44336.874827905005,1.077,Comp0005,FS0001,6,28015,445,23,75,557,21667
44339.38411729722,0.299,Comp0043,Proxy0002,6,28397,3128,7,15,533,2829
44342.29481001296,13.593,Comp0065,Web0004,6,18484,443,14,14,2616,839
44348.28382724778,0.207,Comp0045,DNS0001,17,41727,53,2,3,124,88
44356.62042136985,0.075,Comp0010,DNS0001,17,36470,53,3,2,137,104
44357.5043265484,1.976,Comp0054,Web0005,6,33494,443,5,15,272,4246
44358.70254614851,2.314,Comp0075,Web0003,6,35530,443,14,48,784,834
44362.006334633246,0.013,Comp0065,DNS0002,17,61878,53,2,2,127,135
44365.184317454645,0.49,Comp0058,DNS0001,17,30827,53,2,3,79,81
44371.09972993847,0.497,Comp0047,DNS0001,17,28535,53,3,2,76,304
44373.23125320457,0.632,Comp0017,DNS0002,17,48574,53,2,2,80,216
44373.576436551375,13.185,Comp0011,FS0001,6,37525,445,55,44,318,9173
44374.82780095908,37.287,Comp0059,FS0001,6,16438,445,51,405,838,52790
44379.29917692744,4.012,Comp0080,Proxy0001,6,61647,3128,9,59,3223,5844
44380.366093241406,0.137,Comp0075,DNS0001,17,39125,53,3,3,69,72
44392.40473916296,14.778,Comp0029,Web0001,6,21889,443,8,64,183,3386
44395.162352693485,3.98,Comp0047,Mail0002,6,52836,993,4,9,170,1030
44403.73493342022,0.167,Comp0004,DNS0002,17,5314,53,3,2,88,218
44405.94880285421,0.161,Comp0071,DNS0002,17,43462,53,3,2,46,80
44408.40512047838,9.414,Comp0066,Web0003,6,8709,443,3,95,463,12274
44412.072604138004,0.048,Comp0026,DNS0002,17,53054,53,2,2,102,170
44415.89198951,7.154,Comp0030,Web0002,6,31470,443,5,37,231,14550
44417.49223656599,0.108,Comp0007,DNS0002,17,55833,53,2,3,89,73
44421.575113610066,7.677,Comp0008,DC0001,6,40200,389,6,22,931,440
44427.79986343231,4.773,Comp0063,FS0003,6,63464,445,22,27,2584,889
44429.68148212649,3.939,Comp0019,Proxy0002,6,37888,3128,10,43,210,2570
44430.0264227696,0.024,Comp0024,DNS0001,17,39570,53,3,2,65,225
44438.400120540166,8.326,Comp0003,Proxy0002,6,41457,3128,8,23,6865,4557
44440.01458418824,1.595,Comp0057,Web0002,6,31258,80,4,32,179,17429
44440.9391265711,2.28,Comp0044,Web0005,6,65168,443,15,37,703,4624
44441.11361069466,4.605,Comp0049,Web0002,6,57474,443,4,30,1016,2708
44449.09118046535,0.684,Comp0036,Web0004,6,12845,443,14,42,725,27456
44450.07461994031,1.902,Comp0080,Web0001,6,59986,443,19,53,364,8159
44455.5064419011,0.259,Comp0015,DNS0002,17,31823,53,2,2,83,153
44458.78131896826,0.335,Comp0008,DNS0001,17,30941,53,3,3,45,175
44463.582129567134,4.926,Comp0001,FS0002,6,52174,445,58,85,880,8320
44467.03624407987,0.004,Comp0021,DNS0002,17,17504,53,3,2,106,181
44478.364710847054,0.195,Comp0030,DNS0002,17,44208,53,2,3,84,84
44481.60810403995,0.676,Comp0026,DNS0001,17,50282,53,4,2,68,149
44484.645147318704,0.107,Comp0020,DNS0001,17,64032,53,2,2,45,218
44485.22634251777,0.107,Comp0005,Proxy0001,6,43870,3128,6,27,287,4034
44490.71770810307,5.226,Comp0047,Web0004,6,60303,443,5,6,2126,2215
44494.610824386735,0.053,Comp0007,DNS0001,17,43158,53,3,2,74,142
44495.571640992646,10.478,Comp0040,Web0004,6,42408,443,8,91,883,1996
44497.19055553417,1.175,Comp0045,Web0003,6,48073,443,10,52,425,7578
44504.471230638446,2.124,Comp0024,Proxy0001,6,35250,3128,20,43,271,1010
44507.60004198299,9.007,Comp0043,FS0001,6,34284,445,12,50,827,41033
44516.82712052372,2.458,Comp0025,Proxy0002,6,27513,3128,5,82,1909,1459
44522.91760762924,2.6,Comp0004,Web0001,6,2033,80,12,85,655,1362
44525.98867429199,7.429,Comp0011,Mail0002,6,17086,587,4,3,782,3187
44534.176571434466,1.09,Web0003,DB0001,6,12744,5432,11,12,1671,44575
44542.45460619212,2.654,Comp0055,Proxy0001,6,33820,3128,10,124,204,10218
44562.261778144864,5.712,Comp0064,Mail0002,6,58101,587,4,3,1764,321
44567.26501720044,0.537,Comp0077,Proxy0002,6,51460,3128,9,15,473,5894
44568.752627107795,5.06,Comp0054,Proxy0001,6,36811,3128,14,123,212,2516
44572.03310384476,9.347,Proxy0001,Ext0024,6,9151,443,4,33,578,35080
44572.64943671355,3.341,Comp0022,Web0005,6,11365,443,5,16,1090,13345
44575.2950209628,0.107,Comp0077,DNS0002,17,55776,53,2,2,105,171
44576.39429281193,0.464,Comp0068,DNS0002,17,41430,53,2,2,49,145
44587.31264807044,7.584,Comp0017,DC0002,6,4163,445,27,122,3110,42223
44596.1791942163,0.807,Comp0058,Proxy0002,6,52572,3128,19,84,243,2342
44602.05338388044,0.278,Comp0013,Mail0001,6,40310,587,9,2,243,265
44606.407382879144,0.206,Comp0073,DNS0001,17,21742,53,2,2,59,173
44606.419633920734,1.06,Comp0005,Mail0001,6,57039,993,5,4,497,1522
44609.43905125103,4.447,Comp0012,DC0001,6,42106,445,32,227,2243,4320
44613.99118668382,31.325,Comp0075,DC0002,6,11708,445,18,92,2672,4821
44621.94607763435,5.212,Comp0006,FS0001,6,54640,445,16,99,8529,9097
44627.1824614691,11.442,Proxy0001,Ext0031,6,58883,443,9,73,998,11225
44630.9771973589,0.14,Comp0055,DNS0002,17,1849,53,3,3,53,96
44635.35362083483,0.575,Comp0008,Web0002,6,40614,443,10,27,194,17952
44635.6136445033,0.216,Comp0062,DNS0002,17,58793,53,2,3,108,274
44640.16413045953,0.292,Comp0001,DNS0002,17,49415,53,2,3,36,189
44643.41544554549,10.473,Comp0069,DC0002,6,12117,88,10,7,394,867
44644.736382373034,0.415,Comp0009,DNS0002,17,55581,53,2,2,115,224
44651.987331669254,1.606,Comp0079,Mail0002,6,2543,993,16,7,211,2238
44654.69194512492,1.801,Comp0021,Web0004,6,2742,443,7,54,1634,2544
44661.58193827051,7.431,Comp0074,DC0001,6,31459,389,6,11,284,234
44666.55973264006,1.632,Comp0073,DC0001,6,50489,88,3,13,168,490
44667.61024094827,0.057,Comp0043,DNS0001,17,28106,53,3,2,30,400
44670.52876866237,2.247,Comp0040,Mail0001,6,62331,587,7,3,557,1791
44672.74383183332,2.856,Comp0065,DC0001,6,4142,88,11,6,430,1433
44682.63780817815,0.122,Comp0053,DNS0002,17,36626,53,2,3,46,96
44685.140007868635,1.487,Comp0032,Mail0001,6,11134,993,6,17,658,546
44685.80307058617,0.262,Comp0035,DNS0002,17,54929,53,2,2,43,231
44685.94463772942,1.583,Comp0063,Web0003,6,40766,80,8,14,1370,4621
44689.60213599292,11.586,Comp0031,Web0001,6,61162,443,2,10,60265,13888
44697.32209982368,0.402,Comp0062,DNS0002,17,43282,53,3,2,53,174
44699.04701706698,1.461,Comp0030,Web0002,6,2599,80,8,70,416,10521
44700.18872992726,2.189,Comp0073,FS0002,6,8241,445,46,132,531,79269
44708.406227657484,0.451,Comp0018,DC0001,6,32805,389,4,2,2055,944
44708.719040317315,0.034,Comp0074,DNS0001,17,25786,53,3,3,59,225
44712.79017395133,0.078,Comp0007,DNS0002,17,8343,53,2,3,66,97
44714.67521971035,0.02,Comp0075,DNS0002,17,23449,53,3,3,60,91
44715.73659139691,2.42,Comp0003,Web0005,6,24745,443,10,60,538,5551
44715.791991285885,0.297,Comp0039,DNS0002,17,33040,53,2,2,53,48
44724.85700523413,0.735,Comp0020,Proxy0001,6,29156,3128,9,35,1880,3045
44729.27326934905,0.421,Comp0078,Mail0001,6,51100,993,11,7,276,670
44730.00282081507,0.926,Comp0035,Web0006,6,55323,443,10,108,458,4508
44730.58911533376,3.485,Comp0015,Web0002,6,28071,443,14,58,944,12128
44731.97017623028,0.255,Comp0060,DNS0001,17,2894,53,2,2,79,189
44734.18195507472,1.154,Comp0025,DC0001,6,45227,389,5,8,414,380
44734.72789127702,0.049,Comp0036,DNS0002,17,17797,53,2,3,116,188
44747.804591205975,0.022,Comp0036,DNS0001,17,31408,53,3,2,91,117
44750.62507645409,5.528,Comp0067,Proxy0001,6,60433,3128,9,61,1304,10010
44751.27491330648,0.249,Comp0020,DNS0002,17,9079,53,3,3,97,125
44752.062315031224,0.402,Comp0078,Proxy0002,6,59278,3128,12,31,137,1952
44759.361369517814,12.031,Comp0068,Web0006,6,5579,80,5,31,385,2109
44759.70328304223,0.073,Comp0027,DNS0002,17,63954,53,3,2,98,118
44774.17519934855,2.109,Comp0032,DC0002,6,34785,88,3,5,336,450
44776.87454253236,10.956,Proxy0002,Ext0025,6,9879,80,6,6,1316,2882
44779.72972056356,5.359,Comp0012,DC0001,6,59202,88,6,16,109,1230
44781.854879005215,0.071,Comp0026,DNS0001,17,45538,53,2,2,49,132
44782.11788519917,0.617,Comp0077,Mail0002,6,43719,587,16,10,259,916
44795.77744197297,7.614,Comp0043,FS0001,6,5749,445,197,23,3902,11838
44797.63906833658,5.35,Comp0077,Mail0001,6,9843,993,4,6,426,1050
44798.96251791601,0.021,Comp0035,DNS0001,17,50094,53,2,2,80,133
44801.42456307371,5.536,Comp0002,Web0005,6,19257,443,12,26,2033,29206
44814.44187237489,1.483,Comp0020,Web0003,6,47993,443,8,73,652,37212
44815.18127152461,7.326,Comp0012,FS0001,6,49570,445,35,49,737,1520
44817.98602788986,9.733,Comp0025,Web0005,6,48585,443,35,39,242,7423
44828.1269054585,0.582,Comp0034,DNS0002,17,5606,53,3,3,68,183
44829.738327408246,1.495,Comp0016,DC0002,6,1100,88,4,7,202,452
44844.12703983961,0.008,Comp0046,DNS0001,17,29264,53,3,2,63,192
44845.82354008519,0.048,Comp0056,DNS0001,17,13823,53,3,3,83,433
44846.36100832931,0.235,Comp0024,DNS0002,17,64993,53,2,2,65,113
44857.34151075934,0.201,Comp0021,DNS0002,17,12886,53,3,2,25,90
44866.192519790166,0.095,Comp0002,DNS0002,17,37933,53,2,2,46,262
44879.13187027343,9.968,Comp0025,Proxy0001,6,58038,3128,2,17,296,1658
44881.725898483295,1.099,Comp0036,DC0001,6,56231,389,7,8,673,1490
44881.798551134445,0.164,Comp0020,DNS0001,17,46871,53,2,2,84,178
44883.91357029685,10.342,Comp0009,Web0002,6,56215,443,7,15,332,2345
44889.280443684074,5.072,Comp0057,DC0002,6,28242,88,6,7,237,726
44890.64172501342,4.111,Comp0049,Proxy0002,6,43105,3128,6,13,2588,2043
44900.92678166212,0.095,Comp0012,DNS0001,17,27930,53,2,2,49,138
44901.08799717501,1.827,Comp0057,Web0005,6,32912,80,10,56,468,1465
44911.01585328784,0.051,Comp0072,DNS0002,17,59990,53,2,3,44,208
44913.15842220438,0.257,Comp0073,DNS0001,17,17355,53,3,2,123,133
44916.456178352826,11.691,Comp0056,FS0002,6,7003,445,38,40,675,44695
44918.34923405671,3.614,Comp0048,Web0005,6,41751,443,11,114,76,6445
44923.72386301084,0.334,Comp0080,DNS0002,17,64322,53,2,3,61,120
44924.460797221735,19.854,Web0006,DB0004,6,23992,5432,35,126,3662,4776
44930.3618428851,0.506,Comp0052,Web0001,6,22070,443,3,31,1006,1083
44932.291737777974,0.272,FS0003,DNS0001,17,16788,53,3,3,64,74
44935.490183445945,0.745,Comp0042,Mail0002,6,2595,993,16,8,413,327
44937.879361510204,0.135,Comp0007,DNS0001,17,59054,53,3,3,103,136
44941.65875661682,0.106,Comp0066,DNS0001,17,14287,53,3,2,84,365
44951.403800099055,0.19,Comp0010,DNS0001,17,43316,53,2,2,45,103
44952.360631213225,0.017,Comp0019,DNS0002,17,18106,53,3,2,79,236
44952.78402927246,0.096,Comp0066,DNS0002,17,38137,53,2,2,61,336
44958.9112990373,0.075,Comp0055,DNS0001,17,60415,53,3,2,108,113
44960.42734945337,6.114,Comp0041,Mail0002,6,56236,587,7,12,864,323
44960.8444299431,4.833,Comp0053,Web0006,6,41375,443,4,21,1731,13144
44962.48021078805,0.372,Comp0015,DNS0001,17,31651,53,2,2,92,94
44964.64439216695,1.35,Comp0028,Proxy0002,6,54260,3128,4,31,259,10477
44967.27246379677,3.244,Comp0077,FS0002,6,1716,445,7,90,329,1056
44968.963345567725,0.079,Comp0027,DC0002,6,10637,88,5,3,317,1554
44979.94357406772,0.767,Comp0071,DNS0001,17,33737,53,2,4,111,155
44981.4348309058,3.01,Comp0042,Proxy0001,6,55262,3128,7,28,103,10303
44983.76984223504,2.279,Comp0070,Mail0001,6,60034,993,5,6,673,613
44989.27470519101,10.438,Comp0030,DC0002,6,19094,88,25,6,381,1233
44993.39561546647,15.542,Comp0060,FS0003,6,24674,445,26,136,4437,10619
44996.11099493519,2.455,Comp0030,Web0006,6,29530,443,10,45,100,901
44996.87538955141,0.254,Comp0038,DNS0001,17,22615,53,3,2,113,149
44997.98085488449,0.319,Comp0068,Proxy0001,6,16995,3128,13,31,620,5927
44998.98172718036,1.262,Comp0016,Web0002,6,25558,80,10,25,166,11097
45001.597661969856,8.938,Comp0077,Web0002,6,5875,443,22,22,301,2867
45005.81764872954,13.605,Comp0039,Proxy0001,6,21536,3128,5,49,827,9033
45006.18783808348,4.257,Comp0043,FS0003,6,42155,445,26,59,1561,14121
45008.78954825856,24.26,Comp0064,FS0003,6,42344,445,40,33,1375,4745
45008.83419893757,2.371,Comp0011,FS0003,6,63079,445,6,71,334,16868
45009.63380961881,3.109,Comp0007,Web0004,6,56912,443,8,131,578,2025
45010.38940681639,10.002,Comp0010,FS0002,6,63594,445,36,16,857,14024
45015.70305234951,6.658,Comp0051,Web0004,6,3404,443,6,46,1611,9189
45022.07336907729,13.989,Comp0073,Proxy0001,6,4309,3128,13,82,2297,3420
45022.83524541446,1.4,Comp0066,DC0002,6,57785,88,4,16,96,1044
45024.817552317334,5.546,Comp0009,FS0001,6,10517,445,16,203,3750,3498
45024.964256416286,0.086,Comp0048,DNS0001,17,53096,53,2,2,67,178
45027.20052437129,0.183,Comp0078,DNS0001,17,22257,53,2,3,115,144
45031.53010279254,0.436,Comp0079,DC0001,6,5905,88,5,6,132,896
45035.776853929085,2.184,Comp0013,Proxy0001,6,56895,3128,7,36,2101,3417
45037.6077200999,31.989,Comp0058,FS0002,6,45325,445,58,73,671,38326
45042.504410196,8.259,Comp0032,Proxy0002,6,21838,3128,19,27,528,9588
45048.47511522943,4.139,Comp0051,Web0006,6,29562,443,5,47,633,2221
45051.25005418722,1.25,Comp0018,Web0002,6,47273,443,13,31,390,30510
45052.4620977127,13.286,Comp0052,Web0004,6,63403,443,5,46,162,47792
45056.827545539985,0.411,Comp0066,DNS0001,17,9926,53,2,2,63,194
45057.548888080935,2.932,Comp0042,Mail0001,6,36330,993,4,4,361,343
45066.91643315469,0.177,Comp0010,DNS0001,17,56198,53,3,3,35,183
45070.020549055705,1.837,Comp0042,DC0001,6,1592,88,6,5,121,599
45070.9188439157,5.027,Comp0018,Mail0002,6,40407,587,7,12,324,3746
45071.785698603046,9.692,Comp0043,DC0002,6,47620,389,16,15,326,300
45078.27447630352,17.254,Comp0048,FS0002,6,52375,445,49,77,1723,59968
45079.878467602204,7.278,Comp0079,Web0002,6,48242,80,7,17,749,12175
45081.76732528954,0.113,Comp0010,DNS0002,17,23131,53,2,3,63,385
45082.19028268572,6.929,Comp0070,DC0002,6,10805,88,3,4,343,303
45085.198553408,1.362,Comp0028,Mail0001,6,15693,993,10,4,268,1473
45087.66520551623,0.11,Comp0043,DNS0002,17,7951,53,2,3,70,242
45089.49512759042,7.509,Comp0076,Web0001,6,28278,443,6,52,330,6244
45092.35789431203,0.056,Comp0030,DNS0002,17,6253,53,2,3,27,84
45104.39112866824,0.111,Comp0065,DNS0002,17,21051,53,2,3,96,151
45110.024924210156,3.835,Comp0024,Proxy0001,6,37182,3128,7,26,94,18536
45116.11635184539,0.635,Comp0067,Web0003,6,21083,443,10,67,171,1612
45117.36646450566,3.027,Comp0060,Proxy0001,6,28579,3128,28,10,2835,1282
45118.20755479163,4.116,Comp0050,Web0004,6,58915,443,4,16,887,11604
45119.24528160469,0.505,Comp0079,DNS0002,17,14791,53,2,2,112,84
45120.2043450898,11.493,Comp0010,Web0001,6,38150,443,9,17,503,8600
45120.36087968507,0.946,Comp0045,Web0002,6,2207,443,5,72,745,9510
45123.35627972426,0.362,Comp0010,DNS0002,17,22570,53,2,3,62,133
45131.336236725765,9.675,Comp0032,Web0004,6,32817,80,4,21,1378,35354
45133.024630315376,1.117,Comp0039,DC0001,6,52198,88,6,5,338,552
45134.09886217384,1.658,Comp0051,Web0002,6,27518,443,5,94,110,43082
45140.31764235697,0.912,Comp0022,Proxy0002,6,19258,3128,7,50,1372,19230
45144.39138839229,0.48,Comp0021,FS0002,6,50919,445,31,69,4141,20014
45147.61085854002,0.047,Comp0078,DNS0002,17,14703,53,2,3,54,131
45150.688422812236,0.02,Comp0018,DNS0001,17,36273,53,4,2,61,278
45152.495582872914,4.754,Comp0060,Web0002,6,39532,443,4,36,1031,16720
45158.701338190425,6.114,Comp0023,DC0001,6,62532,389,3,6,134,1463
45159.22312382186,2.099,Comp0035,Mail0002,6,9787,587,10,11,658,876
45161.31446229649,16.099,Comp0006,Web0003,6,40475,80,13,34,254,3521
45169.94587352356,13.434,Web0005,DB0004,6,18940,5432,34,95,878,2136
45170.83724997316,36.682,Comp0041,FS0001,6,18818,445,4,63,1427,1416
45172.73864230002,15.928,Comp0011,Web0006,6,45506,443,4,22,444,917
45174.80733369752,1.252,Comp0028,DC0001,6,18844,445,53,429,5984,8911
45182.09925968039,0.014,Comp0010,Proxy0002,6,46467,3128,4,55,271,64822
45187.59552040566,0.151,DB0002,DNS0001,17,8831,53,3,3,55,104
45192.10853922723,16.98,Comp0037,Web0003,6,57634,443,6,36,947,6988
45195.416496488986,7.161,Comp0060,FS0002,6,35829,445,16,161,685,7855
45195.79086674192,3.886,Comp0002,DC0002,6,35171,445,35,45,19211,257808
45199.29414806013,0.014,Comp0007,DNS0001,17,35746,53,3,2,107,49
45212.1626698152,0.072,Comp0075,DNS0002,17,56024,53,3,2,39,60
45222.06193618914,5.755,Comp0071,Web0001,6,11764,443,5,23,524,16951
45222.27740156921,0.324,Comp0017,DNS0002,17,64503,53,3,2,74,202
45222.710819329586,22.612,Comp0064,FS0002,6,62173,445,9,52,520,3656
45222.90474763463,10.633,Comp0066,DC0001,6,12156,445,22,11,177,55824
45226.46002979782,1.693,Comp0073,Proxy0002,6,5812,3128,14,36,86,4124
45229.99346850799,16.071,Comp0056,Proxy0002,6,17130,3128,3,64,908,11023
45236.25803769961,16.407,Comp0019,FS0003,6,62222,445,63,28,4887,31432
45237.00149793607,3.502,Comp0041,Proxy0001,6,19835,3128,4,24,445,862
45242.582753161005,1.29,Comp0060,Web0005,6,31175,443,8,15,287,1794
45243.01841212075,0.476,Comp0055,Mail0002,6,17538,993,5,12,364,1691
45243.793258836864,0.002,Comp0045,DNS0002,17,39808,53,2,3,68,158
45247.00606906867,1.161,Comp0027,Mail0002,6,50384,587,4,10,1885,1581
45248.844732277124,8.61,Comp0063,Web0004,6,61934,443,13,25,503,4065
45252.72346113255,3.79,Comp0049,DC0001,6,59905,389,5,13,1407,1295
45252.76461774612,6.818,Comp0048,Web0005,6,32403,443,10,57,383,9281
45253.023398320394,0.111,Comp0020,DNS0002,17,61120,53,2,3,84,227
45255.4319205972,8.508,Comp0034,FS0003,6,7094,445,44,37,1792,7593
45257.90706535923,8.143,Comp0020,DC0001,6,4086,389,11,8,431,692
45264.88627832622,4.469,Comp0075,DC0002,6,27978,88,12,16,124,138
45269.701951851384,0.482,Comp0021,DNS0002,17,52170,53,2,2,83,409
45273.49978844582,0.375,Comp0063,DNS0001,17,51251,53,2,2,102,247
45274.36849506275,16.848,Web0002,DB0003,6,20866,5432,63,91,451,9057
45276.222722639264,7.33,Comp0051,Web0004,6,31601,443,4,116,346,3361
45276.889039403635,0.053,Comp0011,DNS0002,17,51552,53,4,3,74,139
45283.02564338537,1.269,Comp0076,DC0001,6,48646,389,3,3,34,4740
45288.394616555044,0.595,Comp0007,Proxy0002,6,20639,3128,12,36,119,3102
45294.70081031931,3.218,Comp0051,Web0002,6,1432,443,10,20,681,8587
45295.73050138572,3.138,Comp0025,Web0006,6,50591,80,23,24,613,6742
45304.38018557017,0.102,Comp0080,DNS0002,17,32399,53,4,2,64,64
45308.87021086768,7.337,Comp0061,DC0002,6,28953,445,15,104,777,11156
45313.33718887855,0.007,Comp0038,DNS0002,17,43275,53,2,2,93,112
45315.33379957166,0.163,Comp0028,DNS0001,17,46275,53,3,3,51,112
45327.32033726344,0.387,Comp0006,Web0004,6,13695,80,6,66,783,2135
45333.76109730833,15.693,Comp0017,Proxy0002,6,63813,3128,7,31,299,500
45335.94049896787,1.648,Comp0004,DC0001,6,58556,389,4,4,699,1262
45337.69017727363,0.21,Comp0077,DNS0002,17,43944,53,2,2,110,226
45339.525199769836,0.734,Comp0013,Mail0002,6,38047,993,5,16,1199,579
45340.96299782394,4.289,Comp0066,Proxy0001,6,56236,3128,5,65,720,151258
45345.539632711334,0.224,Comp0005,DNS0001,17,18981,53,2,3,55,53
45348.07169221535,0.222,Comp0001,DNS0002,17,63694,53,3,3,53,303
45352.38517547827,0.051,Comp0070,DNS0002,17,55561,53,2,2,84,151
45354.515660083,4.008,Comp0015,DC0002,6,30282,389,4,4,725,1266
45357.217081425864,0.3,Comp0033,DNS0002,17,15495,53,2,2,61,659
45358.13183799539,0.064,Comp0068,DNS0001,17,24781,53,2,2,43,122
45361.047438433154,0.041,Comp0079,DNS0002,17,4252,53,2,3,69,88
45361.24497853834,0.758,Comp0014,Web0006,6,32774,80,4,19,2081,9439
45363.63441218155,11.172,Comp0067,Web0003,6,42311,443,15,15,357,1344
45364.03469054578,0.289,Comp0018,DNS0002,17,41557,53,3,2,72,62
45374.73333839048,0.085,Comp0057,DNS0001,17,14025,53,2,3,91,104
45382.149416867745,7.528,Comp0037,Proxy0001,6,58565,3128,9,73,762,7802
45387.97927520298,0.273,Comp0007,DNS0002,17,44564,53,3,2,115,72
45393.06892123807,6.304,Comp0017,DC0001,6,33879,389,3,3,661,1009
45396.71064803957,1.683,Comp0046,Web0001,6,26139,443,8,46,6594,5158
45407.844277427525,0.172,Comp0029,DNS0001,17,25294,53,3,3,45,148
45409.24585879759,0.05,Comp0017,DNS0001,17,62365,53,2,3,52,114
45410.135636275314,2.689,Comp0063,Web0005,6,25421,443,10,28,1182,9390
45410.24254088391,5.147,Comp0037,DC0001,6,8907,445,20,110,4101,15516
45416.019221443654,4.182,Comp0055,DC0002,6,5061,389,9,3,229,1131
45417.6002141709,0.029,Comp0001,DNS0001,17,57493,53,2,3,84,205
45424.27926385469,1.807,Comp0080,DC0002,6,42999,389,5,26,2380,653
45425.17088567641,0.101,Comp0008,DNS0002,17,53885,53,3,3,135,90
45434.60697428899,0.037,Comp0036,DNS0002,17,55842,53,4,2,115,140
45443.68444837408,0.07,Comp0035,DNS0001,17,3539,53,3,3,42,183
45447.79090444135,0.115,Comp0012,DNS0001,17,21937,53,2,2,66,187
45448.457470625384,0.003,Comp0058,DNS0002,17,18562,53,2,2,56,107
45452.107647640034,1.154,Comp0006,Web0001,6,3308,443,7,91,630,4933
45453.494145861616,3.013,Comp0038,Proxy0002,6,54510,3128,7,9,280,1111
45463.14756170107,0.843,Comp0020,DC0002,6,46472,88,4,5,115,568
45465.43953234443,5.385,Comp0076,Web0006,6,59564,443,9,84,2438,26096
45471.63922461435,0.067,Comp0052,DNS0001,17,15311,53,2,2,63,237
45476.637748758,10.778,Comp0053,Web0004,6,63044,443,9,25,1317,5233
45483.44030118884,1.073,Comp0047,DNS0002,17,46151,53,3,2,95,103
45484.497516819814,3.78,Comp0017,FS0002,6,8296,445,7,11,15384,6820
45485.626071691135,2.399,Comp0051,DC0002,6,34698,88,8,6,298,2363
45491.333953070374,0.159,Comp0062,DNS0001,17,35855,53,2,2,37,90
45500.851795974144,25.084,Comp0049,FS0003,6,36016,445,8,51,479,364255
45508.25450341079,6.33,Comp0066,Web0004,6,37331,80,21,14,738,4067
45511.40268717021,2.068,Comp0012,Web0001,6,45311,443,5,195,520,32709
45511.427777270575,0.912,Comp0070,DC0001,6,1882,88,4,9,915,1348
45512.27170764888,7.9,Comp0018,DC0002,6,2100,88,5,21,698,562
45514.98099398012,7.278,Comp0017,Web0001,6,26603,80,6,65,950,2995
45519.80984000658,2.385,Comp0017,DC0001,6,4496,88,3,10,270,1571
45521.62924381822,9.505,Comp0052,FS0001,6,55617,445,23,76,1082,9696
45523.00861616012,0.91,Comp0062,Mail0001,6,23669,587,4,3,317,235
45528.49186940314,3.474,Comp0056,Mail0001,6,53648,993,5,5,1179,440
45533.68518793725,2.905,Comp0080,Mail0002,6,17457,993,8,8,121,291
45533.77068837832,2.55,Comp0067,Mail0001,6,58357,993,4,15,542,299
45534.49687778688,11.501,Web0006,DB0002,6,41349,3306,33,79,5434,32250
45537.80392341978,15.003,Comp0075,Web0006,6,4053,443,23,79,279,4790
45539.55228813236,0.087,Comp0034,DNS0002,17,16795,53,3,3,227,192
45540.21005411591,0.091,Comp0080,DNS0001,17,5094,53,2,3,59,134
45540.954864012994,0.682,Comp0061,Web0006,6,46495,443,7,31,2333,9480
45543.68643817347,0.217,Comp0064,DNS0001,17,48741,53,3,3,77,276
45546.725165843076,0.562,Comp0072,DNS0001,17,59491,53,2,2,100,196
45548.82775037966,10.344,Comp0018,Proxy0001,6,42363,3128,7,37,828,9527
45548.95511139932,0.083,Comp0020,DNS0002,17,44090,53,3,2,73,102
45554.77101589372,2.763,Comp0068,Proxy0002,6,1983,3128,10,45,305,7487
45558.86930848859,50.602,Comp0054,FS0002,6,9076,445,19,44,3883,14694
45563.42369116362,1.925,Comp0003,DC0001,6,21293,389,3,7,184,498
45564.922827088514,0.408,Comp0032,Web0001,6,18476,443,9,39,428,35049
45565.460456027715,8.593,Comp0002,DC0002,6,31862,389,8,4,999,195
45567.86009881946,0.617,Comp0052,DNS0002,17,52815,53,2,2,112,322
45570.67629005424,0.607,Web0004,DB0002,6,6723,3306,9,228,2257,21092
45572.203341542394,0.331,Comp0019,Web0001,6,2109,443,9,35,187,7362
45574.03723580516,0.769,Comp0044,Web0001,6,17382,443,19,54,322,4019
45577.17543925418,2.008,Comp0080,Web0004,6,42498,80,3,16,1186,4106
45578.55124852939,2.646,Comp0062,Web0003,6,42876,443,63,43,1345,8426
45594.93017812591,6.184,Comp0040,Web0006,6,50127,443,20,59,682,4864
45599.21966013938,8.543,Comp0003,DC0002,6,57243,389,7,6,257,371
45599.63491697999,0.094,Comp0047,DNS0002,17,51319,53,2,2,58,193
45600.19265347074,3.004,Comp0034,DC0001,6,50209,389,3,10,727,850
45603.10156838825,19.948,Comp0016,Web0004,6,42951,443,11,44,624,15749
45607.51004383649,24.994,Comp0039,DC0001,6,54728,445,12,31,1999,6828
45612.63752004201,0.07,Comp0020,Web0004,6,14324,443,58,9,534,8515
45623.034722357384,3.705,Comp0009,Mail0001,6,48924,587,6,14,195,339
45623.57056963999,6.219,Comp0079,Web0004,6,57025,443,24,125,1091,3321
45626.006023824724,0.09,Comp0071,DNS0001,17,29836,53,2,2,42,100
45627.370023831136,3.537,Web0005,DB0004,6,8561,5432,21,122,3590,2343
45627.74939175615,0.293,Comp0046,DNS0002,17,34986,53,3,2,38,90
45633.0768313046,11.517,Comp0001,Web0001,6,10994,443,4,31,274,35447
45634.01774780714,1.758,Comp0028,Web0004,6,42186,443,14,85,538,864
45636.629654911616,34.688,Comp0027,FS0002,6,8301,445,8,26,13642,115542
45641.0386654534,4.834,Comp0042,Web0005,6,12307,443,14,44,211,4266
45643.36328351909,0.022,Comp0026,Mail0002,6,3144,993,7,6,390,895
45645.61434318174,1.521,Comp0062,DC0001,6,25540,88,4,15,270,481
45648.84015977328,3.091,Comp0064,Mail0002,6,26543,993,8,7,459,350
45652.15883466027,5.848,Comp0035,DC0001,6,3360,445,11,24,4159,8130
45655.40878670996,6.15,Comp0033,Web0005,6,54543,443,5,31,178,18061
45656.51025082542,7.396,Comp0058,Mail0002,6,59010,587,4,12,395,207
45663.257700253416,15.225,Comp0029,FS0002,6,27036,445,5,61,868,4839
45666.331210837525,24.494,Comp0067,FS0002,6,49992,445,30,20,712,22940
45675.08220095661,0.02,Comp0018,DNS0001,17,33828,53,2,4,106,154
45684.43521597667,0.003,Comp0078,DNS0001,17,28458,53,3,2,65,113
45688.27459648726,3.958,Comp0055,Web0005,6,9493,443,10,51,703,24373
45692.84256395232,0.089,Comp0070,Web0002,6,30810,443,9,42,793,1562
45697.47701550079,0.009,Comp0056,DNS0001,17,8226,53,2,3,65,147
45705.95074253362,0.044,Comp0034,Web0005,6,34910,443,16,26,1182,17642
45712.25641753552,18.391,Comp0056,Web0005,6,32310,443,15,114,138,1533
45713.38471563528,0.003,Comp0001,DNS0002,17,19497,53,3,3,31,130
45715.274965613775,0.517,Comp0040,DNS0001,17,11132,53,2,3,59,104
45719.470849380865,0.025,Comp0075,DNS0002,17,42448,53,3,3,123,170
45731.33693390475,6.077,Comp0071,DC0002,6,31519,445,16,80,1455,9519
45733.017143256126,2.407,Comp0050,Proxy0001,6,7756,3128,12,38,1158,11102
45739.34072675122,13.818,Comp0057,Web0002,6,50730,443,13,27,162,5224
45743.03753114702,1.385,Comp0025,Web0003,6,41815,443,12,10,285,4179
45747.19262859882,9.286,Comp0042,Web0004,6,56432,443,5,35,208,25898
45749.3572177217,10.801,Comp0023,FS0001,6,61411,445,11,60,9878,12024
45751.342347832266,0.09,Comp0014,DNS0002,17,62491,53,2,3,72,158
45757.5252551677,3.147,Comp0022,Web0001,6,7905,443,4,26,562,14973
45757.774416647895,0.321,Comp0038,DNS0002,17,34184,53,2,2,36,128
45761.30243959505,2.897,Comp0069,Mail0001,6,32885,587,6,6,782,733
45761.835915842115,2.998,Comp0046,Web0004,6,30963,443,7,56,295,23025
45761.94261679725,11.154,Comp0063,Web0002,6,41565,443,4,49,1451,4526
45764.262505420746,3.464,Comp0017,Proxy0002,6,43250,3128,14,34,200,944
45764.843093132346,0.228,Comp0065,DNS0002,17,15536,53,3,3,48,203
45769.463862141616,0.247,Comp0025,DNS0001,17,2371,53,3,3,56,160
45781.076713395065,7.51,Comp0073,Proxy0001,6,53147,3128,10,21,1387,4359
45782.20817808278,0.859,Comp0070,DC0001,6,52304,445,21,521,932,1706
45791.872681422974,0.057,Comp0007,DNS0002,17,49531,53,2,2,43,228
45794.724286981516,6.282,Mail0002,Ext0025,6,33657,25,2,4,156,1141
45798.35554931508,2.118,Comp0040,Web0006,6,13601,443,7,44,2577,6811
45799.874860759475,7.749,Comp0080,Web0005,6,22759,443,6,20,352,2416
45799.945708921405,2.328,Comp0051,Web0006,6,30113,443,16,43,2162,15044
45803.93935787329,0.491,Comp0069,DNS0002,17,7950,53,2,2,51,134
45807.66429673657,5.177,Comp0022,DC0001,6,2723,88,5,6,221,538
45808.02776716685,0.025,Comp0071,Web0001,6,32607,80,18,32,420,29186
45810.23408711919,0.163,Comp0009,DNS0001,17,35034,53,2,4,50,111
45812.03717383308,1.862,Comp0065,DC0001,6,42796,88,3,20,285,524
45813.21571531354,5.614,Comp0047,Web0004,6,21323,443,5,23,1653,57189
45814.34836972765,4.881,Comp0068,DC0001,6,24708,389,3,8,924,920
45818.528581796556,0.867,Comp0042,DC0002,6,38593,389,7,27,324,1141
45821.77794273227,0.29,Comp0012,FS0001,6,26285,445,57,16,1453,17133
45828.5290317552,2.087,Comp0007,Web0004,6,24934,80,23,42,764,943
45836.20232042374,0.273,Comp0001,DNS0002,17,18268,53,3,3,63,256
45838.37132230827,10.947,Comp0070,Proxy0002,6,49719,3128,11,135,558,5082
45839.20018125958,2.09,Comp0021,DC0001,6,6922,445,22,221,2089,69715
45844.32972134891,1.98,Comp0026,Web0002,6,31809,80,13,127,494,33542
45854.3008862794,0.124,Comp0032,DNS0001,17,33355,53,3,2,32,268
45854.70510608954,6.436,Comp0049,DC0001,6,61644,445,11,177,5509,6752
45870.356335628276,9.887,Comp0006,Web0001,6,24015,443,47,35,1761,882
45875.1928166906,4.458,Comp0070,DC0002,6,56906,389,5,5,644,170
45876.93870971111,2.999,Comp0017,Proxy0002,6,38297,3128,8,38,1216,4766
45877.4915532763,0.115,Comp0018,DNS0002,17,59160,53,2,2,86,286
45879.79161426788,0.188,Comp0044,DNS0002,17,23351,53,3,3,38,212
45885.39232123104,1.064,Comp0013,DC0002,6,59239,389,4,3,688,1598
45895.513839290885,0.049,Comp0034,DNS0001,17,21637,53,2,2,82,126
45906.77143184807,1.558,Comp0057,Mail0002,6,45538,993,5,5,97,265
45906.999766376546,0.269,Comp0021,Web0005,6,18100,443,10,36,983,1120
45907.62766048844,0.025,Comp0079,DNS0001,17,52621,53,3,2,61,165
45908.05401616774,6.48,Comp0063,Proxy0001,6,47898,3128,16,108,422,821
45908.184502019096,0.152,Comp0063,DNS0001,17,23138,53,2,2,42,189
45916.19121568679,0.163,Comp0002,DNS0001,17,40992,53,3,2,65,119
45924.87260675916,2.124,Comp0048,Web0006,6,14759,80,25,55,829,10401
45927.15757703459,0.378,Comp0054,DNS0002,17,22443,53,2,3,41,218
45929.04013286561,1.884,Comp0032,Web0001,6,26201,443,7,117,271,591
45932.05521927454,10.767,Comp0045,Web0005,6,46715,443,9,40,509,3734
45937.07843876923,8.838,Comp0043,DC0001,6,19076,445,31,157,1432,19491
45937.88593276175,0.116,Comp0012,DNS0001,17,45453,53,3,3,99,217
45938.837292008495,0.12,Comp0024,DNS0002,17,43882,53,2,3,51,127
45942.00044185802,19.961,Comp0032,FS0002,6,5486,445,8,66,1804,15689
45943.669720864236,10.302,Comp0039,DC0001,6,58762,88,10,8,485,1946
45945.632076548296,0.137,Comp0076,DNS0002,17,36500,53,2,3,79,160
45948.039594364345,0.169,Comp0019,Web0002,6,29159,80,23,30,333,12547
45954.699602966946,1.08,Comp0071,Mail0001,6,55234,587,8,6,1036,843
45955.06898326021,4.274,Comp0028,Web0004,6,28803,80,22,20,136,1773
45958.54326003444,0.868,Comp0073,Web0003,6,25821,443,9,69,1376,2862
45967.478065608775,0.006,Comp0072,DNS0002,17,9814,53,3,3,67,311
45973.01776573067,0.697,DC0002,DNS0001,17,7001,53,2,2,74,219
45980.83347602808,5.371,Comp0037,DC0002,6,54744,389,4,8,237,687
45980.86820015319,0.004,Comp0011,DNS0002,17,4939,53,3,2,47,163
45983.14766519718,0.189,Comp0036,DNS0002,17,32092,53,2,2,40,282
45993.639831558794,0.018,Comp0031,DNS0002,17,40337,53,2,3,32,294
45995.092133751656,0.048,Comp0036,DNS0001,17,19545,53,2,3,71,111
45996.20631836014,1.853,Comp0063,Proxy0001,6,51554,3128,5,24,244,17091
46002.442887659716,4.245,Proxy0001,Ext0002,6,29172,443,3,9,1571,2379
46006.34321422707,0.098,Comp0051,DNS0002,17,49065,53,2,4,48,173
46006.67640828924,0.234,Comp0016,DNS0002,17,50229,53,2,2,72,81
46006.85926110414,0.187,Comp0040,DNS0001,17,24256,53,3,3,205,147
46009.16522239922,8.423,Comp0049,FS0003,6,33118,445,9,83,1565,46438
46012.221683341835,5.97,Comp0031,Web0006,6,58461,80,8,55,436,16240
46020.03739462406,0.542,Comp0067,Proxy0002,6,41628,3128,10,66,170,10716
46023.8331567704,0.125,Comp0013,DNS0002,17,17958,53,2,3,40,92
46030.2458457283,3.019,Comp0062,DC0001,6,62012,88,7,5,191,1515
46031.37324949337,0.009,Comp0027,DNS0001,17,27979,53,2,3,78,274
46035.939910498004,3.985,Comp0016,Web0001,6,53569,443,4,55,350,1448
46039.39810613663,1.885,Comp0067,Proxy0001,6,13053,3128,10,12,312,370
46045.14410159344,4.013,Comp0050,Proxy0001,6,18469,3128,3,25,393,16373
46046.68240701952,4.467,Comp0054,Web0001,6,46691,80,11,31,1015,26117
46049.549066276566,24.67,Comp0001,FS0002,6,54969,445,20,223,484,154793
46050.48083722711,0.403,Comp0037,DNS0001,17,53982,53,3,3,105,91
46052.02175979978,6.049,Comp0080,FS0003,6,2826,445,50,87,1365,5652
46055.36250318576,46.641,Comp0052,DC0001,6,49416,445,29,344,1121,722
46066.34478127718,2.032,Comp0046,Web0005,6,18431,443,13,46,2427,33175
46067.355880242925,6.576,Comp0061,DC0001,6,57154,88,12,6,1426,196
46067.96193731952,9.01,Proxy0002,Ext0012,6,64352,443,8,8,320,2398
46070.08362458812,0.317,Comp0043,DNS0001,17,60661,53,3,2,141,93
46070.35050532767,0.032,Comp0066,DNS0002,17,13642,53,2,3,68,262
46074.254188206934,7.874,Comp0034,DC0002,6,10794,389,5,9,352,196
46079.5663562457,2.411,Comp0006,Mail0002,6,31337,993,3,4,102,795
46089.3068525121,0.078,Comp0014,FS0003,6,22045,445,17,75,828,23132
46091.989390792565,0.461,Comp0073,DC0002,6,46765,88,3,5,365,447
46099.93902085486,4.881,Comp0073,Web0003,6,16889,80,12,41,878,25392
46111.26754757977,0.399,Comp0033,Mail0001,6,22073,993,6,3,500,1547
46115.29458223697,9.954,Comp0010,Web0002,6,32522,443,6,40,2117,3533
46126.770117405584,0.201,Comp0003,DNS0001,17,57614,53,2,2,90,177
46127.430759053044,0.42,Comp0052,DNS0002,17,42892,53,3,2,37,256
46128.561944135065,4.653,Proxy0001,Ext0007,6,36291,80,5,26,449,1843
46136.031575199544,1.09,Comp0044,Web0004,6,16266,443,15,23,120,27815
46136.70252359238,0.36,Comp0028,DNS0002,17,34613,53,2,3,78,170
46142.23169908982,4.963,Comp0023,Web0004,6,11103,443,24,26,960,3538
46144.51294940896,0.579,Proxy0002,Ext0015,6,58646,443,9,194,3593,2352
46145.94213478365,2.871,Comp0036,Web0006,6,40355,80,16,16,15461,12467
46149.48959440863,11.019,Comp0044,Proxy0002,6,5377,3128,3,26,808,2247
46151.6773753971,2.727,Comp0017,Web0002,6,48456,443,6,22,1692,11860
46155.856388586275,10.698,Comp0016,FS0001,6,7683,445,16,373,6357,44170
46161.83265132785,0.449,Comp0008,DNS0001,17,62679,53,2,4,48,168
46163.87294708021,0.277,Comp0016,DNS0002,17,29119,53,2,3,49,349
46167.51342559575,2.521,Comp0034,Proxy0002,6,61237,3128,18,25,194,1810
46170.862020466426,0.22,Comp0063,DNS0002,17,11965,53,2,2,65,240
46170.91405234937,3.592,Comp0032,Mail0002,6,60644,587,12,6,338,349
46175.37049261241,4.741,Comp0003,DC0002,6,52230,445,72,596,1047,1414
46178.6160741661,0.019,Comp0050,DNS0002,17,2319,53,3,2,52,111
46184.6835762867,0.122,Comp0002,DNS0002,17,11127,53,3,3,105,152
46194.18222759723,0.423,Comp0063,DNS0001,17,8579,53,3,3,68,150
46198.48039935535,0.829,Comp0035,DNS0002,17,21301,53,3,3,71,67
46202.83742218535,6.05,Comp0056,DC0002,6,36993,389,5,9,284,225
46206.03980356441,0.171,Comp0008,DNS0001,17,62689,53,3,4,118,95
46211.21466190448,10.822,Comp0022,Web0005,6,15368,443,10,104,1233,47923
46219.6885606426,0.492,Proxy0001,DNS0002,17,3980,53,3,2,72,142
46219.84900234354,3.928,Comp0003,FS0003,6,60755,445,106,475,358,5088
46220.797474202795,0.089,Web0006,DNS0001,17,56073,53,2,3,129,190
46227.67496644146,0.204,Comp0080,DNS0002,17,8049,53,2,3,43,172
46230.62678384198,0.889,Comp0069,Mail0001,6,27501,587,4,14,160,881
46231.2521288208,8.196,Comp0067,Proxy0001,6,52351,3128,5,135,667,29407
46231.880099713286,0.69,Comp0008,DC0002,6,41206,88,5,7,195,527
46232.06352995388,0.472,Comp0069,DNS0002,17,55354,53,3,2,80,238
46232.23590459519,6.379,Comp0041,DC0002,6,10397,389,12,7,97,235
46232.84018900619,7.864,Comp0077,Proxy0002,6,35700,3128,8,71,799,19239
46236.155099870935,3.519,Comp0072,FS0002,6,53747,445,95,267,1588,4830
46238.16807760346,6.338,Comp0046,DC0001,6,7914,88,5,3,592,1174
46244.57084165372,7.069,Comp0057,FS0001,6,51684,445,37,33,488,29341
46248.57927655934,2.372,Comp0019,Web0005,6,16513,80,11,36,371,1979
46252.40398415959,0.964,Comp0002,DC0002,6,56464,88,5,3,231,260
46254.922225537885,1.534,Comp0028,Web0004,6,9024,443,11,48,1695,21240
46262.70708056917,0.623,Comp0034,DNS0002,17,18435,53,2,3,70,173
46270.52412327042,3.327,Comp0027,Web0002,6,2107,443,13,90,553,42395
46275.3086520405,0.697,Comp0035,Web0001,6,53850,443,14,11,352,3636
46278.00303612366,0.197,Comp0016,DNS0002,17,39523,53,2,2,75,89
46280.196178079765,5.806,Comp0034,Mail0001,6,43444,993,7,8,164,561
46281.53368934351,13.982,Comp0014,Proxy0002,6,6644,3128,12,78,2772,8198
46283.87475582382,5.654,Comp0039,Web0006,6,50364,443,10,66,1451,16677
46296.8297220552,4.981,Comp0004,Proxy0001,6,18959,3128,5,52,435,22676
46298.91539103763,0.16,Comp0069,Web0005,6,30585,443,15,20,497,14803
46301.64936054133,0.449,Comp0036,Proxy0001,6,3982,3128,21,38,1418,8794
46308.91850854441,3.312,Comp0060,Web0004,6,47686,443,14,18,609,7182
46317.95066256351,1.186,Comp0035,Mail0001,6,52062,993,4,6,339,379
46318.35716217373,21.904,Comp0068,DC0001,6,64207,445,9,60,1032,61419
46318.87615475722,7.104,Comp0036,Proxy0002,6,34004,3128,12,25,634,3077
46321.688177899174,0.77,Comp0007,Web0001,6,49187,80,13,145,172,3600
46323.77197113098,0.301,Comp0067,Web0003,6,38538,443,3,62,363,20680
46325.4182040093,0.259,Comp0054,Proxy0001,6,25200,3128,8,36,567,3049
46327.152964748966,12.608,Comp0016,FS0001,6,13240,445,11,50,556,10407
46330.026494032034,2.017,Comp0013,DC0002,6,64565,389,4,8,507,514
46330.40031497946,9.97,Comp0022,Web0006,6,40811,443,27,24,290,63173
46335.730571676555,0.982,Comp0016,DC0001,6,30887,445,31,223,2009,1512
46339.414419462664,0.272,Comp0033,DNS0002,17,21324,53,3,3,48,127
46339.5145960614,0.05,Comp0073,DNS0001,17,10117,53,3,2,66,216
46341.69375696983,7.096,Comp0047,Web0001,6,25217,443,6,73,159,6005
46348.12484595152,0.513,Comp0025,DNS0002,17,63435,53,2,2,65,187
46349.77411824667,23.458,Comp0070,FS0001,6,52374,445,31,53,908,7168
46351.130468124444,1.686,Comp0070,Mail0001,6,59004,993,7,5,323,1020
46352.94604832432,4.648,Comp0023,Web0006,6,8508,443,16,13,560,26252
46354.69703074919,0.192,Comp0004,Web0005,6,11080,443,10,11,689,6471
46364.01408805728,9.497,Comp0031,Proxy0002,6,34704,3128,3,65,1457,233
46364.55661614385,0.694,Comp0030,DC0001,6,15140,389,8,9,401,384
46365.28868697955,0.121,Comp0065,DNS0002,17,40590,53,2,3,92,159
46372.267194402586,14.417,Comp0019,FS0003,6,57518,445,11,64,3375,18850
46372.437851610826,16.085,Comp0027,Web0003,6,61623,443,5,59,281,12414
46379.84458291876,2.413,Comp0065,Proxy0002,6,11958,3128,14,17,1550,3235
46383.31012701467,3.395,Comp0037,Web0001,6,47135,443,7,22,133,37736
46389.91421637522,0.184,Web0005,DNS0002,17,51844,53,2,2,63,114
46399.196707204006,0.012,Comp0028,DNS0001,17,44381,53,2,5,127,125
46401.30558925467,0.027,Comp0013,DNS0002,17,6083,53,3,3,75,223
46410.060553738316,6.083,Comp0070,Web0001,6,13233,443,9,50,353,8751
46413.85402811952,5.104,Comp0011,Mail0002,6,55395,993,5,3,244,156
46416.35395570455,9.497,Comp0025,Mail0002,6,46628,993,7,3,1144,657
46418.755517468344,8.446,Comp0041,Proxy0001,6,46143,3128,8,15,1996,2394
46422.12837907735,0.429,Comp0013,DNS0001,17,20628,53,2,3,81,191
46422.50719773922,1.123,Comp0010,Mail0001,6,59705,993,8,3,609,1432
46425.3905116793,6.139,Comp0046,Web0006,6,14743,443,6,27,641,13331
46428.411857991574,0.583,Comp0038,DNS0002,17,43468,53,2,3,92,158
46434.84931659624,0.663,Comp0073,Proxy0001,6,36335,3128,8,142,343,4460
46437.33474238972,6.68,Comp0003,Mail0002,6,29291,993,3,4,960,565
46437.72881223011,3.031,Comp0038,Web0002,6,47519,443,11,29,513,2180
46439.34279442931,2.849,Comp0037,Mail0002,6,15350,993,6,7,696,875
46442.7813515856,0.201,Comp0076,DNS0001,17,31833,53,2,3,51,101
46444.001049634564,0.667,Comp0030,DC0001,6,47552,389,4,26,914,190
46450.433159812615,0.523,Comp0043,Web0002,6,47196,443,4,191,371,4634
46452.66202139843,0.71,Comp0006,DC0001,6,37115,389,6,4,1079,2300
46454.892882189386,7.115,Comp0071,Web0002,6,60531,80,12,161,1021,13599
46460.44500728134,9.585,Comp0020,Web0001,6,3938,443,14,16,110,4287
46461.74604102851,0.375,Comp0047,DC0001,6,32300,389,4,3,326,464
46462.6209966756,6.387,Comp0079,DC0002,6,32618,88,4,9,360,599
46464.38902566927,1.383,Comp0057,FS0002,6,36009,445,7,158,1527,6378
46465.03833704544,6.391,Comp0010,DC0002,6,33940,445,27,17,2029,2080
46466.59024070832,0.001,Comp0040,DNS0001,17,59084,53,3,3,154,89
46467.44852243728,0.227,Comp0015,DNS0001,17,12285,53,2,3,62,75
46469.01997247262,4.738,Comp0071,Proxy0001,6,3925,3128,17,24,648,34235
46470.57683689748,5.019,Comp0037,Web0006,6,7076,443,4,30,1211,6971
46472.65881491205,0.025,Comp0034,DNS0001,17,14930,53,2,2,125,98
46473.322312330056,1.739,Comp0015,Web0002,6,2376,443,5,22,930,14663
46473.42487760731,0.774,Comp0070,Web0004,6,16129,443,4,38,503,3417
46475.40000279537,0.03,Comp0074,DNS0001,17,38848,53,2,4,38,136
46477.30840395294,7.764,Comp0062,Web0003,6,30626,443,6,68,676,3574
46477.320058623656,2.451,Comp0042,Web0003,6,27496,443,4,202,975,7301
46478.95388256779,4.043,Comp0055,Proxy0001,6,42102,3128,5,34,387,5022
46479.79666490088,0.057,Comp0045,DNS0001,17,48800,53,2,3,53,76
46482.008578308705,0.705,Comp0050,Web0001,6,64574,80,7,63,1249,2482
46483.94461718087,3.457,Comp0051,Web0001,6,47322,443,11,30,5684,2126
46487.794655352285,3.085,Comp0056,Web0004,6,55611,443,11,118,1748,676
46488.996767113334,10.758,Comp0065,FS0003,6,56089,445,207,106,1194,5994
46490.10217081386,0.014,Comp0034,DNS0001,17,15891,53,2,3,58,232
46490.45466444091,2.237,Comp0074,Web0001,6,63439,80,3,33,1693,3692
46492.6662729603,0.537,Comp0059,DNS0001,17,40323,53,2,4,80,187
46495.7366399698,0.79,Comp0026,DNS0001,17,15854,53,2,2,57,235
46507.129266847456,0.061,Comp0062,DNS0001,17,44497,53,2,2,56,187
46508.98867162084,9.38,Comp0016,Mail0002,6,38245,587,4,8,195,151
46510.90086137954,0.381,Comp0040,DNS0002,17,4551,53,2,3,68,204
46513.92472628344,6.968,Comp0074,DC0002,6,62589,389,4,14,226,313
46515.878245221604,0.658,Comp0035,DNS0002,17,48942,53,3,2,42,140
46516.144356230565,0.747,Proxy0001,Ext0000,6,52358,443,2,22,185,1817
46516.90793296807,0.801,Comp0037,Web0002,6,28101,443,8,30,400,2006
46517.9368381754,17.466,Comp0022,Web0006,6,55983,443,12,117,854,13368
46522.61402433739,3.532,Comp0067,DC0002,6,59494,88,4,6,972,308
46522.79035602715,0.253,Comp0045,DNS0002,17,29449,53,2,3,99,539
46524.20626035167,12.804,Comp0005,Web0001,6,16379,443,9,62,375,21956
46528.28516873311,0.094,Comp0051,DNS0002,17,29352,53,3,3,89,156
46531.602340289544,2.271,Comp0079,DC0002,6,34849,389,7,10,454,2019
46531.986006267056,8.417,Comp0066,Web0006,6,46278,443,8,20,1232,3402
46535.62205220598,1.05,Comp0042,DC0001,6,26536,389,4,12,433,387
46537.5758476812,0.602,Comp0013,DNS0001,17,7288,53,3,5,95,102
46538.850736260894,14.508,Comp0040,DC0001,6,62017,445,88,195,1739,9655
46541.55555477762,11.279,Comp0025,FS0001,6,17661,445,12,149,1104,109911
46542.11259692377,1.071,Comp0023,Proxy0002,6,57891,3128,26,29,851,26554
46542.71580743347,4.71,Comp0066,Proxy0002,6,63806,3128,14,28,153,4634
46543.00185831127,5.498,Comp0036,Mail0001,6,5150,993,6,7,122,346
46543.99417522907,3.019,Comp0029,Web0004,6,23495,443,33,35,785,19215
46544.8443056564,1.779,Comp0039,Web0002,6,3317,443,11,21,195,2281
46546.80381839519,4.879,Comp0002,Web0005,6,21552,443,13,49,1228,13157
46550.09787915212,0.601,Comp0030,FS0001,6,13465,445,31,96,4585,63850
46557.1702578478,1.655,Comp0080,DC0002,6,41176,389,6,8,1362,248
46561.23949769087,1.624,Comp0075,Web0005,6,34555,80,5,7,61,5066
46565.80419462831,6.712,Comp0022,Mail0001,6,4783,993,7,7,391,445
46573.96297264061,0.049,Comp0025,DNS0002,17,33316,53,2,3,82,220
46575.041341230004,5.086,Comp0018,Web0006,6,31370,443,15,53,116,13409
46577.62163999987,0.075,Comp0071,DNS0002,17,33496,53,2,3,52,169
46591.279849809165,0.456,Comp0019,Mail0002,6,27096,993,13,33,646,281
46601.825314182315,0.204,Comp0025,DNS0001,17,12432,53,2,3,64,179
46602.03925804996,0.845,Comp0005,Web0003,6,17862,443,8,32,66,37320
46610.79305878755,1.729,Comp0004,Proxy0001,6,17805,3128,11,59,1357,1905
46610.90577021649,2.207,Comp0065,Web0006,6,61228,80,10,37,979,5773
46612.12761413178,12.292,Comp0018,FS0003,6,9224,445,12,199,2381,8531
46612.67491111834,4.952,Comp0035,Proxy0002,6,17911,3128,4,56,681,2126
46622.8766538408,3.642,Comp0038,Web0005,6,26841,443,9,9,1120,5525
46623.6716785459,0.762,Comp0032,Proxy0001,6,7347,3128,8,27,317,6357
46623.75481373024,3.545,Comp0049,FS0002,6,33588,445,38,17,6442,59280
46624.266318753995,0.294,Comp0028,DNS0001,17,24306,53,2,3,43,183
46628.077295183924,6.645,Comp0038,FS0002,6,37732,445,22,318,352,68252
46634.30218731586,0.216,Comp0050,DNS0002,17,56945,53,3,3,62,214
46634.785376882326,6.133,Comp0017,Web0001,6,23806,443,10,14,295,1812
46636.419041295376,0.015,Comp0002,DNS0001,17,64437,53,2,2,57,260
46646.272682304916,3.444,Comp0002,Web0001,6,25719,443,10,59,940,12317
46646.85638893943,3.776,Comp0061,Web0004,6,10610,443,3,94,3083,4765
46650.4537000926,7.935,Comp0017,Web0004,6,40347,80,14,77,2384,7925
46654.90070932439,0.011,Comp0016,DNS0002,17,16988,53,3,2,122,78
46656.73418370001,0.023,Comp0048,DNS0001,17,63378,53,3,3,92,177
46659.82566536781,1.589,Comp0014,DC0002,6,4718,389,7,9,247,2590
46661.35585353895,0.003,Comp0025,DNS0002,17,42404,53,2,2,63,134
46665.10373810763,6.41,Comp0035,Web0002,6,15487,80,4,119,1591,7255
46666.1053007887,14.72,Comp0015,Web0003,6,15388,443,21,45,541,112454
46669.64902239718,2.035,Comp0069,DC0001,6,6507,389,4,2,555,1048
46675.82152727254,0.894,Comp0022,Web0003,6,30333,443,8,47,701,26229
46697.186550755985,7.36,Comp0042,Web0004,6,54944,443,10,113,332,13228
46699.36279059345,3.51,Comp0059,Proxy0002,6,39957,3128,3,36,478,9716
46703.71984170318,0.017,Comp0037,DNS0002,17,15230,53,2,2,59,124
46705.684865501644,8.055,Comp0011,Mail0001,6,36075,993,4,5,819,121
46707.767554290265,0.708,Comp0039,Proxy0001,6,36323,3128,11,32,570,10438
46707.840928059275,3.262,Comp0047,Web0006,6,16905,443,4,39,1262,29889
46708.0099857959,3.503,Comp0038,Mail0002,6,10582,587,4,8,432,606
46709.88977415414,0.195,Comp0075,Web0004,6,53414,443,8,56,2189,69437
46715.71249314937,32.203,Comp0047,FS0003,6,33415,445,23,15,853,22535
46716.36858239256,0.348,Comp0001,FS0003,6,22983,445,25,82,2484,7967
46726.60202500335,0.543,Comp0030,Web0006,6,33202,443,7,34,1328,15525
46731.00156567691,0.857,Comp0075,Web0002,6,55103,443,12,40,240,1174
46737.577639339834,11.581,Comp0008,FS0001,6,15836,445,16,123,672,3068
46738.265962781596,0.389,Comp0013,DNS0002,17,62894,53,2,3,27,64
46738.50764415994,0.189,Comp0017,DC0001,6,39188,389,10,6,93,529
46738.66932249998,2.023,Comp0018,Web0003,6,26572,443,5,12,984,2784
46739.82688303526,15.99,Comp0002,DC0001,6,18390,445,21,59,1225,58524
46741.667942771215,0.138,Comp0021,DNS0001,17,50510,53,2,2,100,182
46744.46525322456,0.955,Comp0055,Mail0001,6,58811,993,5,8,632,237
46747.131181097706,2.408,Comp0077,Mail0001,6,61578,587,5,8,499,2037
46747.63511222753,0.082,Comp0037,DNS0001,17,51944,53,2,2,44,228
46748.37158346168,7.087,Comp0060,Web0003,6,2627,443,7,26,227,4569
46750.95356032936,3.91,Comp0058,Mail0001,6,37031,993,5,3,703,1457
46756.156038612346,5.685,Comp0077,Proxy0001,6,28057,3128,11,58,1202,4473
46762.50577591403,4.975,Comp0058,Web0005,6,52014,80,26,20,536,9402
46762.92118305257,1.253,Comp0062,Proxy0001,6,20419,3128,7,20,1063,2129
46779.39113958636,0.698,Comp0012,DC0001,6,8970,88,7,6,175,341
46780.66867604991,1.026,Comp0045,DC0001,6,24926,445,16,33,1651,6966
46781.521487000326,2.792,Comp0015,FS0003,6,45522,445,22,267,1476,11641
46782.41385320437,1.956,Comp0005,Proxy0001,6,56139,3128,17,18,570,2789
46799.44152894262,1.762,Comp0075,Web0005,6,33968,80,8,12,488,7110
46803.446241909,0.349,Comp0058,Web0006,6,47732,443,13,96,1427,17782
46813.06576183356,3.485,Comp0029,Web0001,6,9422,443,60,9,849,14197
46817.243118591796,0.255,Comp0054,DNS0002,17,44579,53,2,2,127,110
46818.72029749249,6.069,Comp0075,Proxy0002,6,50242,3128,6,27,1088,8091
46827.10271167768,6.182,Comp0046,DC0002,6,29087,389,8,8,357,861
46827.12353026011,14.596,Comp0038,Web0005,6,5257,80,5,54,1253,31252
46827.344923667326,1.241,Comp0068,Web0002,6,19861,443,12,87,159,8335
46830.47129062962,0.138,Comp0046,DNS0002,17,28346,53,2,2,54,172
46832.28853000479,0.143,Comp0055,DNS0001,17,2833,53,2,3,66,213
46848.816994606816,0.027,Comp0063,DNS0002,17,1552,53,2,2,60,128
46861.764269819905,5.748,Comp0063,Mail0002,6,37759,993,5,5,252,105
46861.97938295451,14.429,Comp0004,DC0002,6,20111,88,3,5,1126,792
46865.18201734445,2.642,Comp0076,DC0001,6,62095,88,12,6,565,413
46881.9663077644,1.76,Comp0032,FS0003,6,17852,445,77,425,7849,8964
46885.736717369386,0.099,Comp0022,DNS0001,17,47113,53,2,3,45,158
46886.692748310146,36.102,Comp0047,DC0001,6,47537,445,15,332,3780,2919
46894.114116194796,0.698,Comp0005,Web0005,6,26199,443,16,16,390,9148
46902.18793635775,8.603,Comp0036,Web0005,6,24320,443,6,34,253,169548
46907.19734710626,23.206,Comp0010,Proxy0001,6,29412,3128,5,38,450,3877
46909.82836902133,0.305,Comp0015,DNS0002,17,37429,53,3,2,79,76
46912.122893042106,1.302,Comp0025,Proxy0001,6,39402,3128,13,42,227,1479
46919.47892201465,0.265,Comp0004,Web0003,6,53261,443,15,23,605,1675
46920.249694621394,6.336,Comp0028,Proxy0001,6,9293,3128,7,17,760,17677
46924.31779439549,0.027,Web0003,DNS0002,17,35988,53,2,2,103,157
46926.13869496903,0.754,Comp0043,Proxy0001,6,43789,3128,4,48,628,9188
46931.583570808434,1.092,Comp0028,Proxy0001,6,60177,3128,13,19,1782,3150
46933.78105380207,3.173,Comp0009,Web0006,6,30218,443,8,40,146,2750
46936.29597535881,1.663,Comp0027,DC0001,6,20111,88,3,11,938,569
46940.97103640215,0.36,Comp0022,Web0001,6,62502,443,4,86,657,560
46944.63531397753,9.378,Comp0016,Mail0002,6,29040,993,8,11,918,1033
46948.49538018867,4.256,Comp0020,Web0001,6,36115,443,20,23,4232,17763
46957.48669170491,0.519,Comp0059,DNS0002,17,43703,53,2,2,64,207
46962.21987251789,3.263,Comp0046,Web0001,6,43464,443,28,26,334,3021
46962.584505982115,1.351,Comp0019,DC0002,6,59950,88,5,3,777,1390
46963.45952678616,46.682,Comp0030,FS0003,6,16794,445,57,48,3149,47584
46965.75535362652,0.036,Comp0077,DNS0002,17,33306,53,2,2,53,134
46968.14628311818,0.387,Comp0058,Web0005,6,38331,443,10,180,1197,27923
46969.224690516494,0.52,Comp0062,DC0001,6,59621,389,7,5,199,1872
46969.57533557798,0.261,Comp0017,Web0001,6,7588,443,5,49,4996,26415
46974.73306184518,4.704,Comp0019,Web0006,6,50817,443,9,101,489,16328
46980.214599684696,9.221,Comp0062,Web0001,6,39538,443,4,127,2368,8622
46991.431161332286,13.868,Comp0043,Web0001,6,51780,443,16,58,905,21798
46992.136649990454,5.629,Proxy0002,Ext0010,6,43517,443,11,185,3970,20094
47004.70470612889,3.564,Comp0072,DC0002,6,46448,389,8,17,507,942
47009.18761779399,3.78,Comp0006,Web0006,6,39602,443,11,43,456,24424
47011.66789210532,1.529,Comp0013,Web0002,6,52716,80,9,28,923,904
47023.995308934675,17.302,Comp0024,Proxy0001,6,65434,3128,24,26,2647,4541
47036.339736893686,2.868,Comp0021,FS0001,6,13702,445,16,236,1005,37108
47036.98297762751,0.126,Comp0001,DNS0001,17,47300,53,3,2,94,151
47037.09900496464,7.283,Comp0035,Web0004,6,4291,443,7,32,1385,5281
47044.08427398533,0.619,Comp0045,Web0006,6,45191,443,8,20,519,576
47046.0268233208,8.528,Comp0078,DC0002,6,59791,88,4,4,261,4253
47046.33555581029,9.738,Comp0016,FS0001,6,5110,445,44,57,1428,92120
47047.130548947345,3.902,Comp0079,Proxy0001,6,61569,3128,10,23,227,7826
47050.07275847511,2.156,Comp0054,DC0001,6,44867,88,6,10,192,636
47050.79992029483,9.359,Comp0064,Proxy0002,6,20480,3128,9,94,652,2956
47054.71494193718,2.984,Comp0020,Mail0001,6,54542,993,6,5,740,2197
47056.42879665112,2.629,Comp0021,Proxy0001,6,9278,3128,16,15,240,7303
47059.43645108777,7.792,Comp0067,Proxy0001,6,63172,3128,9,30,1271,10175
47059.48617289634,13.47,Comp0079,FS0001,6,47485,445,39,84,1927,25782
47061.80722680767,1.29,Comp0046,DC0001,6,9953,88,4,9,189,330
47061.87004024869,0.825,Comp0068,DC0001,6,40436,88,8,4,292,118
47067.98024056707,4.185,Comp0022,FS0001,6,52537,445,20,174,17706,554
47068.64714016824,1.121,Comp0052,DC0002,6,18099,88,5,6,273,2555
47071.95634592149,0.155,Comp0035,DNS0002,17,28076,53,2,2,98,120
47072.04864796077,15.655,Comp0045,FS0002,6,28927,445,25,134,8320,23824
47073.170287239205,0.07,Web0001,DNS0002,17,24533,53,3,2,52,85
47074.81593909857,8.256,Comp0070,Web0005,6,12861,443,12,25,604,3751
47085.53359043605,0.088,Comp0034,DNS0002,17,30780,53,3,3,63,58
47087.887456925084,0.129,Comp0031,Mail0001,6,8488,993,3,2,524,963
47089.62896705989,2.459,Comp0047,Web0003,6,5473,443,5,17,1609,9785
47098.61426594854,0.165,Comp0007,DNS0002,17,53774,53,2,2,44,69
47099.632463204965,4.114,Comp0075,DC0001,6,8626,88,7,4,163,205
47099.88750616133,11.846,Comp0026,Web0005,6,58069,80,10,36,549,47270
47100.53876415301,4.643,Comp0049,DC0002,6,41856,389,5,11,358,311
47103.377282307665,0.911,Comp0039,FS0003,6,41567,445,41,130,3625,8193
47105.352337600365,14.529,Comp0033,DC0001,6,61260,445,60,155,606,28696
47106.31565959985,1.578,Comp0050,Web0002,6,24697,443,45,35,984,3921
47106.87475066448,2.123,Comp0008,DC0001,6,17132,88,5,11,193,5240
47108.765445351724,5.246,Comp0060,Web0005,6,39475,443,5,51,953,8080
47108.83431111291,7.313,Comp0069,FS0002,6,56214,445,28,219,2642,4425
47113.83931768538,0.23,Comp0051,DNS0001,17,8644,53,2,3,105,835
47113.94080221819,0.407,Comp0007,DNS0001,17,61218,53,2,3,57,69
47129.78646586613,0.85,Comp0047,DC0001,6,10154,88,10,7,759,975
47130.15830616295,0.078,Comp0021,DNS0001,17,23124,53,2,3,31,63
47135.124884754194,0.015,Comp0003,Mail0001,6,47662,587,6,11,327,554
47141.2951164376,20.65,Comp0007,FS0001,6,36096,445,45,679,21211,23791
47144.31207089115,0.319,Comp0003,DNS0002,17,45459,53,2,3,93,154
47148.16553187155,0.218,Comp0021,DNS0002,17,61086,53,3,2,141,163
47152.85802201557,4.533,Comp0001,Web0005,6,16667,443,18,53,220,2545
47155.64018970363,1.25,Comp0018,DC0001,6,49829,88,15,5,926,276
47155.77937833675,1.032,Comp0068,Mail0001,6,20315,993,6,5,580,1750
47157.825481968786,6.666,Comp0065,Proxy0001,6,13155,3128,18,10,1663,18865
47158.49459478916,0.643,Comp0002,DNS0002,17,17696,53,3,2,138,101
47167.3527563292,0.343,Comp0003,DNS0001,17,41158,53,3,2,57,95
47170.999430897304,3.918,Comp0019,Web0006,6,34697,443,8,78,96,1006
47181.12623738477,2.108,Comp0036,Web0004,6,57167,443,7,37,532,29756
47181.74602626698,1.778,Comp0052,Mail0001,6,35554,993,8,9,183,3287
47191.60483075242,20.655,Comp0040,Web0002,6,63802,443,8,17,1504,1162
47196.27516401174,0.362,Comp0062,DNS0002,17,16455,53,2,3,42,126
47199.5193653779,0.781,Comp0045,DNS0001,17,15589,53,2,3,111,152
47200.11074810342,11.496,Comp0057,DC0002,6,23589,445,17,55,676,19185
47201.5042236892,1.057,Comp0026,Proxy0001,6,58280,3128,6,17,678,3877
47213.97660298582,0.144,Comp0032,DNS0001,17,58970,53,3,2,142,42
47223.57683844855,3.546,Comp0048,DC0002,6,64291,389,6,8,371,153
47224.95826037146,0.884,Comp0077,Mail0002,6,46815,587,10,10,854,460
47227.202785256944,14.235,Comp0072,DC0002,6,8728,445,24,56,5097,34778
47227.2123829404,1.273,Comp0013,DC0002,6,26011,445,12,102,3355,5596
47230.98419022262,0.383,Comp0073,DNS0002,17,6454,53,2,3,61,255
47241.407908633286,1.502,Comp0054,Mail0002,6,40389,993,4,8,676,678
47243.64924147978,6.872,Comp0073,Web0003,6,45802,443,22,56,171,3544
47244.92007838918,2.829,Comp0028,Web0004,6,60124,443,24,137,712,14180
47253.70861695279,0.044,Comp0052,Web0001,6,44093,443,16,20,1079,24655
47257.96904728561,1.975,Comp0061,Mail0002,6,43744,587,6,3,458,520
47259.09341795341,0.175,Comp0063,DNS0001,17,25714,53,2,3,110,158
47260.3327407663,0.042,Comp0074,DNS0001,17,64032,53,2,2,69,67
47264.26603685733,31.09,Comp0019,DC0002,6,47092,445,30,556,1686,15909
47267.65478019834,6.908,Comp0050,FS0002,6,11993,445,31,154,4742,10241
47268.85986715442,0.464,Comp0015,DNS0002,17,13665,53,3,3,45,165
47269.70488990154,2.809,Web0002,DB0002,6,64112,3306,25,44,416,6693
47273.52005869894,2.669,Comp0003,Web0005,6,37269,80,4,36,1254,3845
47278.330546303085,8.027,Comp0017,Web0002,6,23917,80,12,17,107,12502
47281.04918381031,14.307,Comp0054,Proxy0001,6,1920,3128,7,105,1283,3588
47282.39248880618,2.826,Comp0063,DC0002,6,20839,389,9,7,158,377
47291.77401874908,6.458,Comp0026,FS0001,6,20570,445,13,135,12896,6706
47294.95282680863,12.095,Web0003,DB0003,6,56304,5432,24,321,2085,13239
47297.79622080022,1.051,Proxy0002,Ext0001,6,46532,443,13,28,148,764
47314.6925162849,0.03,Comp0047,DNS0002,17,11524,53,3,3,72,84
47315.18836614048,0.459,Comp0063,DNS0002,17,41422,53,3,2,59,97
47316.0651738956,0.545,Comp0069,DC0002,6,43997,88,21,9,296,1389
47318.28633245026,0.103,Comp0020,DNS0001,17,10962,53,4,2,159,85
47321.11908000043,2.243,Comp0019,Web0002,6,17919,443,21,87,181,7897
47322.95775129392,7.723,Comp0024,DC0002,6,35805,389,8,25,103,714
47325.10198845005,3.748,Comp0038,FS0002,6,31599,445,32,23,816,25506
47326.438682226646,1.304,Comp0033,Web0005,6,50102,443,30,45,1617,4992
47327.852537756575,7.124,Comp0025,Web0005,6,44612,443,7,40,361,4738
47328.94647849748,2.069,Comp0033,DC0002,6,17837,445,22,62,224,5204
47329.546432009454,2.984,Comp0055,Mail0001,6,38360,993,9,9,249,137
47330.63168637465,6.266,Web0002,DB0004,6,19658,5432,27,91,7308,7540
47334.00722460041,0.189,Comp0076,DNS0001,17,30378,53,2,2,91,104
47336.06346907715,1.019,Comp0035,DC0001,6,13734,389,4,10,398,1451
47337.44219284312,0.535,Comp0006,DNS0002,17,65221,53,3,3,73,97
47340.70595172821,14.067,Proxy0001,Ext0033,6,43315,443,11,70,1460,24352
47341.72502100487,3.744,Comp0011,DC0002,6,13982,88,3,2,387,3076
47347.884140735056,0.87,Comp0060,DNS0002,17,1377,53,2,3,76,162
47358.375024389614,0.477,Comp0001,Proxy0002,6,7524,3128,7,64,1079,12110
47366.55298313865,0.115,Comp0043,Web0003,6,55876,443,5,434,491,806
47368.618841117626,5.09,Comp0024,Web0003,6,61534,80,8,37,916,1651
47368.66180922057,0.026,Comp0005,DNS0002,17,12387,53,2,4,48,67
47375.84634361189,15.201,Comp0025,Web0002,6,42020,443,23,30,81,10544
47388.65484071312,13.676,Comp0075,FS0003,6,7227,445,21,37,2735,8179
47389.209309187354,7.608,Comp0049,Web0006,6,40306,443,3,50,350,1387
47392.85334738575,21.186,Comp0001,FS0003,6,7614,445,23,7,2376,9599
47395.8981987745,0.136,Comp0017,DNS0001,17,26367,53,2,2,82,125
47402.258056041035,4.793,Comp0007,DC0001,6,21283,88,5,3,183,714
47404.30758388061,0.051,Comp0044,DNS0002,17,41459,53,2,3,43,267
47407.85113582826,0.337,Comp0055,DNS0001,17,33931,53,2,2,28,146
47408.154214125105,1.585,Comp0023,FS0001,6,57201,445,56,10,6081,23971
47408.46978176735,0.174,Comp0004,DNS0002,17,5273,53,2,2,76,122
47409.52195702307,4.613,Comp0022,Mail0002,6,25090,993,4,6,226,1635
47412.06194990202,1.321,Comp0012,Proxy0001,6,50797,3128,16,39,206,15267
47415.02974257519,20.349,Comp0051,Web0001,6,5609,443,12,64,378,9358
47417.432762583296,3.199,Comp0079,Web0001,6,37975,443,31,39,2343,27677
47418.42432458976,13.45,Comp0077,Proxy0002,6,6986,3128,13,9,1660,11362
47422.1896755678,9.534,Proxy0002,Ext0033,6,36999,443,4,31,1406,11117
47424.912541961865,1.829,Comp0024,Web0003,6,20823,443,9,19,815,12852
47426.31656681854,3.92,Comp0001,Web0003,6,47051,80,9,39,465,1252
47435.06387281377,5.48,Comp0022,Web0003,6,11688,443,9,48,238,16992
47438.233406650135,4.151,Comp0039,DC0002,6,57691,389,3,7,462,567
47442.44493005609,0.168,Comp0010,Mail0002,6,21741,993,12,9,200,438
47446.49896797179,3.029,Comp0043,Web0002,6,29089,443,6,36,188,6356
47451.60221062961,0.1,Comp0010,DNS0002,17,39493,53,2,3,73,317
47457.37822989731,0.252,Comp0073,DNS0002,17,59583,53,3,2,88,188
47459.85066562772,0.697,Comp0038,Web0005,6,20385,443,7,24,745,4839
47462.978485891625,0.254,Comp0072,DNS0002,17,25586,53,3,2,84,150
47465.972333979036,8.823,Comp0071,Web0002,6,40130,443,4,35,905,48324
47465.98245544627,0.116,Comp0030,DNS0001,17,2739,53,2,3,118,410
47472.40863335687,6.146,Comp0023,Proxy0001,6,42702,3128,41,56,693,5582
47472.98234444668,0.142,Comp0062,Mail0001,6,46229,993,3,8,685,509
47474.02592051533,0.201,Comp0080,Web0003,6,31014,443,30,21,362,18375
47477.18558531213,0.127,Comp0028,DNS0001,17,16699,53,2,2,92,213
47480.27596652481,3.195,Comp0002,Web0004,6,59645,80,6,40,346,8284
47481.49669168431,0.151,Comp0079,Web0004,6,30091,443,6,61,1202,9812
47481.979558294064,0.527,Comp0002,DNS0001,17,63561,53,2,2,81,158
47486.06794881405,2.376,Comp0004,Web0005,6,26732,443,4,14,664,4545
47494.73175621641,0.543,Comp0023,Mail0001,6,17867,587,3,8,217,275
47495.938282698,0.929,Comp0076,Proxy0001,6,57984,3128,12,45,186,2648
47499.51104198062,2.046,Comp0012,Mail0001,6,57621,993,7,3,429,145
47503.09257772933,4.296,Comp0068,Web0001,6,40271,443,51,58,688,12871
47510.35389420387,0.131,Comp0008,DNS0002,17,60903,53,2,4,136,143
47510.60198853334,9.693,Comp0028,Web0001,6,6308,80,15,21,297,2104
47525.937830523886,1.174,Comp0057,DC0002,6,33227,389,6,4,246,1171
47531.53665235747,0.111,Comp0003,DNS0001,17,7022,53,2,2,78,257
47540.83109328606,14.839,Comp0058,Web0001,6,7530,443,6,11,1735,3889
47541.38947591286,0.216,Comp0049,DNS0002,17,1404,53,3,3,60,116
47561.09213580849,0.111,Comp0017,Web0005,6,23531,443,9,186,353,4751
47563.34184932958,5.985,Comp0053,Web0003,6,35827,443,8,11,661,3439
47565.15420730219,7.38,Comp0041,Proxy0002,6,24058,3128,4,51,886,6261
47566.613261309365,13.301,Comp0045,Web0002,6,5514,443,3,21,1122,1119
47567.03234753897,1.695,Comp0026,DC0001,6,29831,88,7,4,581,803
47570.43067481445,0.092,Comp0048,DNS0001,17,59446,53,3,2,63,256
47573.06181679389,0.158,Comp0009,DNS0002,17,22378,53,2,3,42,123
47573.08413933627,0.105,Comp0065,DNS0001,17,48708,53,2,2,92,133
47576.30062802442,0.082,Comp0036,DNS0001,17,18172,53,2,3,96,50
47578.800377108906,2.307,Comp0016,Web0005,6,59736,443,5,97,1311,6235
47592.327844593834,4.765,Comp0047,Proxy0001,6,46046,3128,7,36,2030,9602
47592.63763380518,2.709,Comp0069,Web0003,6,51698,80,8,13,2793,14283
47592.85137504475,25.556,Comp0037,FS0002,6,6556,445,106,37,1968,73588
47596.969341342985,15.665,Comp0076,FS0002,6,38403,445,42,26,9724,4296
47598.75964466383,6.533,Comp0063,Web0004,6,5809,443,4,76,681,11323
47608.40810201479,0.04,Comp0080,DNS0002,17,24260,53,2,3,44,182
47612.745551969274,6.815,Comp0055,Mail0001,6,24884,993,13,6,256,809
47613.8314766636,0.485,Comp0076,DNS0002,17,9249,53,2,3,31,114
47614.57354815569,5.66,Comp0059,DC0001,6,58080,389,2,10,289,1156
47620.38939116478,0.383,Comp0028,Proxy0001,6,58582,3128,6,234,1665,9837
47628.41826884299,0.266,Comp0062,DNS0002,17,22035,53,2,3,53,69
47630.73245250979,1.889,Comp0073,Web0002,6,21347,443,4,43,521,3429
47630.79294055647,0.053,Comp0009,DNS0001,17,50128,53,2,3,56,41
47636.75015699947,0.162,Comp0027,DNS0002,17,62920,53,2,2,87,296
47638.191930110675,1.992,FS0001,DC0002,6,48914,88,4,5,463,614
47639.27817767318,0.1,Comp0001,DNS0001,17,30436,53,2,3,55,77
47641.30303573246,0.072,Comp0046,DNS0001,17,23516,53,2,3,83,379
47644.84841716836,8.684,Comp0048,Web0002,6,23072,443,5,25,4028,8823
47646.5285134097,2.729,Comp0022,Web0001,6,36692,443,4,89,485,11707
47649.689868164474,2.401,Comp0037,DC0002,6,62014,389,5,4,554,640
47653.77541212727,11.416,Comp0056,FS0002,6,27524,445,35,32,8440,2815
47654.09124885557,6.538,Comp0045,DC0001,6,55803,445,44,559,1005,168182
47657.29615974268,0.187,Comp0046,Mail0002,6,48828,587,13,10,443,246
47659.89818069623,6.997,Comp0031,Mail0002,6,7390,993,4,7,287,1078
47661.5421820728,16.19,Web0001,DB0004,6,65449,5432,7,240,1455,3462
47665.48310516547,13.168,Comp0038,FS0003,6,52380,445,11,226,3285,6746
47671.97586256833,10.223,Comp0022,FS0001,6,56521,445,4,183,921,7429
47673.052715436046,13.658,Comp0010,Web0004,6,49376,443,5,96,736,4471
47693.430103902916,0.2,Comp0045,DNS0001,17,56615,53,3,3,64,167
47694.01356976814,24.627,Comp0064,FS0002,6,42006,445,39,90,1187,303721
47701.807897848725,0.037,Comp0064,DNS0002,17,56563,53,2,2,51,211
47702.29699539463,0.052,Comp0018,DNS0002,17,39478,53,3,3,81,172
47708.78082288914,4.68,Comp0019,FS0003,6,16193,445,10,18,786,1344
47713.09586156959,5.46,Comp0060,Web0006,6,41922,443,4,81,1025,8617
47717.740689566126,0.247,Comp0030,Web0002,6,11454,443,11,45,499,14433
47718.09550261842,0.375,Comp0055,DNS0001,17,56502,53,3,2,43,133
47720.709226964114,0.304,Comp0017,DNS0002,17,9013,53,2,3,54,157
47725.15419452052,7.781,Comp0014,Web0001,6,12786,443,8,15,1785,17138
47727.68138506909,2.172,Comp0009,Web0001,6,44947,443,9,15,1353,3826
47729.14524387047,1.691,Comp0051,Web0003,6,31456,443,6,220,642,2103
47734.68014865745,4.548,Comp0053,Mail0001,6,13726,993,3,4,156,1901
47737.811050958604,11.116,Comp0040,Web0004,6,37618,80,10,9,519,3682
47740.25458265046,0.566,Comp0015,Proxy0002,6,19361,3128,9,27,882,14445
47743.47379566077,2.727,Comp0080,Web0001,6,26116,443,11,84,193,4963
47744.76373139314,1.649,Comp0076,Mail0001,6,38143,993,6,6,157,571
47748.61696827348,1.02,Comp0037,Web0001,6,57538,443,10,57,204,2125
47749.3652269817,1.261,Comp0022,Proxy0001,6,53810,3128,11,54,957,1155
47752.675853145134,7.095,Comp0026,DC0001,6,27008,389,5,5,351,385
47752.767190879116,0.037,Comp0078,DNS0001,17,33685,53,2,2,158,130
47757.3917740426,2.019,Comp0010,FS0001,6,57269,445,24,61,10157,77898
47760.95612764069,0.03,Comp0063,Mail0002,6,2038,993,4,12,410,2644
47778.91059391316,10.872,Comp0040,Web0001,6,23164,443,12,164,662,7364
47782.90633526577,6.784,Comp0063,FS0003,6,36039,445,20,148,2068,3577
47783.74006938628,2.1,Comp0028,Web0003,6,49789,443,11,29,3344,7710
47785.612321268534,1.662,Comp0080,Web0004,6,10122,443,11,19,1004,13648
47788.00055671914,0.217,Comp0032,DNS0002,17,48112,53,2,3,143,79
47808.91801411204,1.678,Comp0077,Mail0002,6,21334,993,5,3,535,605
47809.44055759757,2.209,Comp0051,DC0002,6,37726,389,2,8,970,665
47812.629449995584,0.003,Comp0005,DNS0001,17,22975,53,2,3,76,149
47819.550950334684,0.364,Comp0024,DC0001,6,35879,445,76,71,13381,10257
47828.734671865765,2.887,Comp0047,Proxy0001,6,49010,3128,12,111,192,4701
47828.79022867805,4.785,Comp0067,Web0004,6,30619,443,20,83,487,27319
47831.64342539709,1.703,Comp0078,Web0001,6,39779,443,7,46,1108,13311
47835.25537493677,3.116,Comp0023,Web0006,6,23966,80,6,6,933,8207
47835.856200908056,0.044,Comp0033,Web0005,6,7872,443,5,116,422,9645
47844.42883911291,4.147,Comp0071,Web0006,6,45664,443,4,40,1778,2160
47848.247857669136,10.392,Comp0032,FS0002,6,11838,445,20,595,1807,1807
47850.89242530989,0.282,Comp0054,DNS0001,17,35450,53,2,2,108,242
47855.01721556916,15.854,Comp0064,Proxy0002,6,49960,3128,22,14,235,4689
47861.74746394407,0.835,Comp0016,Web0006,6,9180,443,10,64,824,4790
47873.90666910452,3.928,Comp0071,Web0003,6,8151,443,10,20,3180,20702
47878.13708218143,2.432,Comp0038,Mail0002,6,18555,587,16,6,327,1651
47885.00070408016,0.097,Comp0013,DNS0002,17,15275,53,3,3,94,98
47887.43487897777,0.522,Comp0060,DNS0002,17,10250,53,3,2,61,85
47893.580319836066,0.176,Comp0064,DNS0001,17,38720,53,3,2,80,333
47894.221274232514,2.344,Comp0001,Web0005,6,53479,80,19,19,3999,11964
47895.030531475255,13.414,Comp0018,Web0001,6,36473,443,10,15,863,15222
47900.19488645998,1.079,Comp0071,Web0005,6,7830,443,22,63,672,5989
47904.464799144174,3.697,Comp0013,Mail0001,6,46915,993,8,6,392,343
47911.15427921361,1.295,Comp0020,Proxy0002,6,28965,3128,19,7,278,5867
47914.095566668286,1.333,Comp0063,Web0005,6,54588,443,5,74,712,4424
47922.41232833297,2.155,Comp0057,DC0001,6,49745,88,5,3,994,413
47923.56252044747,0.14,Comp0078,DNS0002,17,58550,53,3,2,83,196
47930.1125234893,6.026,Comp0042,Proxy0002,6,34793,3128,11,28,514,26682
47942.77502329425,0.219,Comp0043,DNS0001,17,63578,53,2,2,70,126
47943.75874998725,0.162,Comp0033,DNS0002,17,11645,53,3,2,99,65
47946.58138714032,0.764,Comp0057,Proxy0001,6,26861,3128,4,59,720,10694
47947.374822532736,0.245,Comp0064,Web0005,6,27937,443,7,151,188,2562
47951.16778631629,0.07,Comp0066,DNS0001,17,5260,53,3,3,94,240
47964.7391934978,0.187,Comp0026,DNS0001,17,62666,53,2,2,65,360
47965.5795743163,2.392,Comp0073,Web0005,6,21430,443,9,8,646,9902
47966.035730885196,0.566,Comp0006,DNS0002,17,54722,53,3,2,36,185
47979.2817116167,10.962,Comp0009,Proxy0002,6,6889,3128,13,17,218,7079
47985.341108229404,9.271,Comp0068,FS0002,6,24450,445,16,512,1961,5107
47987.70760360511,0.789,Comp0069,Mail0001,6,20371,587,3,5,269,666
47989.04070182075,1.258,Comp0017,Mail0001,6,36874,993,4,5,264,1208
47993.151134032334,5.082,Comp0049,DC0001,6,27137,88,9,3,1173,338
47993.67684008014,0.141,Comp0025,DNS0001,17,7096,53,2,2,53,122
48000.769208012076,0.061,Comp0034,DNS0002,17,52785,53,3,2,37,263
48005.73053498174,2.679,Web0002,DB0001,6,5381,3306,41,39,1968,9089
48008.37901983338,7.744,Comp0004,Web0003,6,52597,443,28,84,710,9436
48013.50586686064,0.835,Comp0010,DC0001,6,48660,88,7,6,136,1669
48013.63581366431,2.718,Comp0016,Web0004,6,32149,80,10,102,1779,2821
48015.12350302518,0.014,Comp0012,DNS0002,17,60443,53,2,3,77,216
48015.913611949945,16.457,Comp0056,FS0002,6,8869,445,14,515,4027,5846
48018.72601758148,10.876,Comp0068,Web0006,6,34054,80,21,19,331,5701
48023.06476531091,0.163,Comp0059,DNS0001,17,27692,53,2,3,72,154
48023.87017726824,0.62,Comp0017,DNS0001,17,62663,53,2,3,84,93
48033.613821936546,19.688,Comp0053,FS0001,6,36547,445,24,62,1459,33350
48039.50633353109,0.052,Comp0009,DNS0001,17,53410,53,2,3,74,142
48045.07210975398,0.35,Comp0073,Web0004,6,23576,443,13,12,1564,27700
48049.06502131565,1.346,Comp0040,Mail0002,6,33898,993,4,4,181,301
48050.0744115445,2.038,Comp0026,DC0001,6,17447,389,6,18,126,464
48053.190741242615,0.172,Comp0031,DNS0002,17,64317,53,2,2,123,110
48060.062310593756,0.148,Comp0009,DNS0002,17,27462,53,2,3,79,187
48063.163522206814,1.254,Comp0047,DC0001,6,32334,389,4,11,378,733
48070.48627777895,20.575,Comp0054,FS0003,6,39942,445,214,21,1539,53202
48072.199604502304,3.165,Comp0049,Web0001,6,19605,80,8,40,803,19631
48076.03079926348,0.148,Comp0046,DNS0002,17,44822,53,2,2,63,139
48076.12381041954,15.902,Comp0073,FS0001,6,50828,445,18,137,380,5371
48077.12912582507,7.054,Comp0012,Mail0002,6,9817,993,3,19,406,1607
48078.842285803286,2.073,Comp0014,Web0006,6,29771,443,9,319,2360,1915
48082.70046539593,5.641,Comp0053,Web0002,6,41326,80,18,61,538,1039
48084.961761758175,2.549,Comp0048,Proxy0002,6,10918,3128,12,18,654,1614
48085.39606262987,0.337,Comp0048,DNS0001,17,47508,53,3,2,57,165
48087.080021086986,1.208,Comp0035,Web0003,6,52384,443,15,179,455,2027
48088.58956670158,5.756,Comp0071,Proxy0002,6,54188,3128,8,19,1308,1381
48092.53515140518,5.874,Comp0054,Proxy0001,6,24374,3128,19,53,185,4779
48092.70160372739,10.096,Comp0065,Web0006,6,17732,443,10,8,1798,3148
48092.72903236884,14.77,Comp0063,Web0005,6,34656,443,9,33,1619,18594
48093.717181331616,1.273,Comp0049,Web0002,6,5969,443,8,31,689,10130
48099.21736346969,0.175,Comp0074,DNS0002,17,16248,53,2,3,55,102
48106.72203786504,5.902,Comp0020,Mail0001,6,19219,993,4,4,1368,3681
48106.77104513002,0.649,Comp0021,DNS0002,17,57236,53,3,2,83,136
48108.20581041538,4.573,Comp0003,Web0006,6,61469,443,9,43,1402,7700
48111.30554512201,0.273,Comp0061,DNS0001,17,32411,53,2,4,63,160
48120.01989208231,0.712,Comp0024,Proxy0002,6,40558,3128,20,50,1588,1662
48125.59010088468,13.34,Comp0062,Web0003,6,25533,80,25,41,2976,10394
48134.214738318435,0.57,Comp0042,Mail0001,6,38977,993,3,10,575,486
48138.809402663835,0.162,Comp0041,DNS0001,17,38253,53,4,2,82,155
48140.831476491396,1.712,Comp0079,Web0001,6,57307,443,6,27,333,5783
48141.22544861419,0.57,Comp0004,Web0005,6,64455,443,6,194,2127,6455
48150.36924898311,2.046,Comp0010,Proxy0001,6,53507,3128,10,48,3044,13519
48150.59200272831,29.486,Comp0005,FS0002,6,57534,445,19,182,326,14757
48150.61443506049,0.056,Comp0073,DNS0002,17,38439,53,3,2,58,104
48150.72818283458,0.127,Comp0061,FS0003,6,26865,445,6,233,5789,16440
48168.636064946375,9.837,Comp0076,Web0001,6,31448,443,16,51,353,19469
48168.827193757505,7.053,Comp0074,FS0003,6,23535,445,32,265,956,18602
48170.01717526024,28.327,Comp0058,Proxy0001,6,57250,3128,7,19,710,4657
48171.618160033584,0.953,Comp0068,Mail0001,6,61677,587,3,6,902,193
48173.74124867801,3.406,Comp0016,DC0002,6,14743,389,4,8,1178,1212
48174.81538757226,0.298,Comp0078,DNS0001,17,14412,53,2,3,67,251
48178.79960093487,14.824,Web0001,DB0001,6,43934,5432,7,100,4524,8971
48192.736189172974,0.12,Comp0007,DNS0002,17,13085,53,2,2,76,153
48193.29597611507,4.485,Comp0001,Web0001,6,18045,443,23,23,328,720
48193.47363515151,0.219,Comp0060,DNS0002,17,53921,53,3,3,78,175
48199.66300164454,3.511,Comp0050,Web0001,6,52414,443,30,29,1009,2702
48204.22760883463,0.634,Comp0044,DC0002,6,41943,88,7,15,320,472
48210.44622764896,77.843,Comp0006,DC0001,6,45217,445,35,129,2916,22023
48216.52077348689,0.015,Comp0023,DNS0001,17,52704,53,3,3,52,144
48216.55950395904,1.319,Comp0070,Web0002,6,5619,443,25,132,256,15196
48216.56815110174,2.204,Comp0047,DC0001,6,38106,88,11,6,2909,217
48216.99885057438,16.278,Comp0011,Proxy0001,6,55651,3128,7,33,3333,1736
48218.71233067274,1.039,Comp0066,DC0001,6,64007,88,4,6,274,668
48224.91436803827,2.919,Comp0037,Web0002,6,22198,443,2,98,202,6350
48225.50829127269,0.033,Comp0057,DNS0001,17,59270,53,3,2,61,167
48230.672107921826,0.309,Comp0073,DNS0001,17,59957,53,3,3,105,190
48232.24845189423,0.106,Comp0009,DNS0002,17,28903,53,2,3,67,155
48235.567130109186,0.001,Comp0035,DNS0001,17,47095,53,2,2,98,201
48236.58776217656,0.407,Comp0065,DC0002,6,49907,88,13,4,1053,1368
48238.618824530204,0.062,Comp0010,DNS0002,17,29969,53,2,2,84,119
48247.10510033185,0.068,Mail0001,DNS0002,17,4563,53,2,2,167,156
48247.67462648404,0.276,Comp0042,DNS0002,17,54341,53,3,2,39,121
48255.56180281619,0.234,Comp0055,DNS0002,17,34793,53,2,2,107,241
48256.966099343445,2.876,Comp0041,DC0002,6,61968,445,119,99,9182,1436
48258.96124386212,1.453,Mail0002,Ext0031,6,19623,25,6,10,830,761
48266.56991411593,2.116,Comp0028,Web0002,6,32565,80,6,36,262,9363
48270.45610378727,2.482,Comp0013,FS0002,6,49658,445,12,138,507,25395
48276.402957528546,0.091,Comp0073,DNS0002,17,11338,53,2,3,80,171
48279.365030892994,10.873,Comp0076,DC0002,6,62048,389,18,10,547,2811
48279.87591428387,0.224,Comp0033,DNS0001,17,57817,53,3,2,84,58
48280.639550044274,56.471,Web0004,DB0002,6,8850,3306,68,45,4854,55254
48283.49726237074,0.421,Comp0075,DNS0001,17,41786,53,2,3,59,193
48283.966416849784,0.177,Comp0041,DNS0001,17,6218,53,2,2,80,155
48286.70579668402,0.066,Comp0025,Web0004,6,60343,443,27,38,204,51469
48288.16539201266,0.341,Comp0007,DNS0001,17,35438,53,2,2,50,188
48289.497029839375,6.773,Comp0058,Mail0001,6,62429,993,4,4,568,614
48291.026946284204,32.173,Comp0058,FS0002,6,32788,445,30,31,392,101132
48293.022612919245,0.0,Comp0007,DNS0002,17,63462,53,2,2,79,202
48295.0612748511,7.528,Comp0049,DC0001,6,43490,88,4,3,224,3100
48298.95006238795,0.048,DB0003,DNS0001,17,35411,53,2,2,117,80
48307.70738277122,0.125,Comp0055,Web0003,6,48324,443,7,76,479,17022
48308.438935701335,1.072,Comp0063,Proxy0001,6,11865,3128,9,40,258,11040
48313.3460063462,6.004,Comp0065,Web0003,6,58182,80,15,21,1092,3443
48327.90934116028,1.25,Comp0041,Web0003,6,9461,80,8,16,574,12334
48329.86488730013,5.965,Comp0046,Proxy0001,6,44378,3128,13,36,1111,2046
48330.59214761957,0.014,Comp0071,DNS0002,17,57626,53,2,3,87,165
48334.104248260795,13.991,Comp0008,Web0002,6,61420,443,5,21,1238,29159
48336.34785251225,1.471,Comp0053,DC0002,6,20137,389,7,8,144,215
48340.40134710245,3.155,Comp0030,Mail0002,6,13835,993,7,8,459,1135
48345.71563622523,11.42,Comp0016,Proxy0001,6,47498,3128,8,21,1785,1613
48349.0685478969,0.333,Comp0075,DNS0002,17,11153,53,2,2,45,186
48350.5217876232,0.287,Comp0002,DNS0002,17,58514,53,3,3,124,180
48353.1557450748,13.974,Proxy0001,Ext0011,6,44725,443,5,47,293,13463
48354.06394705055,5.867,Comp0066,Web0001,6,46198,443,9,139,302,1181
48355.257162777554,0.105,Comp0065,Web0004,6,49311,80,8,51,443,64423
48355.79887478294,3.403,Comp0011,Web0001,6,11732,443,6,27,2427,4632
48356.041537154735,6.611,Comp0056,Proxy0001,6,50729,3128,12,20,2234,8606
48358.31061523999,0.867,Comp0021,DC0002,6,29773,88,6,5,392,1463
48358.68989290341,4.522,Comp0073,DC0002,6,13266,445,22,250,2072,8351
48376.48775284889,9.775,Comp0076,Web0006,6,47362,443,4,26,1450,18919
48381.07852520705,9.2,Comp0011,Web0003,6,16211,443,8,31,1123,7711
48381.582422659296,8.408,Comp0033,Proxy0002,6,44163,3128,11,64,1153,15275
48383.08425595491,0.104,Comp0036,DNS0001,17,61702,53,2,3,56,176
48388.59071185414,16.135,Comp0009,Web0001,6,8604,443,9,37,488,1827
48389.85144494769,3.045,Comp0033,Web0003,6,7536,443,9,59,485,34608
48391.96815625373,0.135,Comp0072,DNS0001,17,63160,53,2,3,62,204
48394.862501770884,0.068,Comp0079,DNS0002,17,37279,53,3,3,81,184
48403.38208490895,0.222,Comp0052,DNS0002,17,55668,53,2,3,84,241
48404.45402654624,14.508,Comp0070,FS0001,6,32428,445,24,74,2047,8414
48409.83423905273,10.626,Comp0066,Mail0002,6,1804,993,4,8,1611,702
48415.51076281106,0.104,Comp0004,DNS0002,17,8235,53,2,2,59,253
48416.21900458195,0.423,Comp0020,DNS0001,17,22402,53,2,3,86,212
48421.570206480115,0.275,Comp0044,DNS0002,17,32466,53,2,2,80,208
48440.80931977271,7.051,Comp0064,FS0001,6,46250,445,7,90,3353,7053
48449.51990157112,0.06,Comp0029,DNS0002,17,49147,53,3,3,30,116
48458.72063367587,0.054,Web0005,DB0003,6,32468,3306,9,41,2617,31531
48461.69647000483,13.157,Comp0071,Proxy0001,6,29294,3128,8,40,187,3933
48462.03880046783,1.419,Comp0002,Web0002,6,49063,443,10,45,437,5680
48466.99316846632,3.09,Comp0011,Mail0002,6,63017,993,4,8,90,213
48468.39585712896,1.796,Comp0043,Web0001,6,4532,443,3,26,197,9543
48472.20799570164,0.132,Comp0048,DNS0002,17,7941,53,2,2,116,181
48473.06962581453,6.327,Comp0031,Web0001,6,65145,443,8,31,761,1027
48474.15823986179,1.771,Comp0075,DC0001,6,24510,389,5,17,347,656
48479.371908683264,0.037,Comp0021,DNS0001,17,55148,53,2,4,80,91
48479.57180543627,0.591,Comp0023,DC0002,6,61895,88,4,11,382,948
48484.616619148605,4.065,Comp0024,Proxy0002,6,4965,3128,9,16,3117,22755
48484.64189109658,2.843,Comp0073,Proxy0002,6,4058,3128,18,23,829,12923
48484.97935690741,0.044,Comp0047,DNS0001,17,39144,53,3,2,66,217
48485.95372008978,0.052,Comp0018,DNS0001,17,18463,53,3,3,61,291
48495.318556083505,2.403,Comp0076,DC0002,6,14171,88,11,19,226,2309
48498.44436604448,19.911,Comp0067,FS0003,6,63155,445,56,63,2626,30910
48499.5285758033,0.256,Comp0009,DNS0001,17,38206,53,3,2,74,164
48503.70491714526,0.055,Comp0033,DNS0002,17,36690,53,2,3,72,18
48503.88349690808,4.272,Comp0067,Web0002,6,4367,443,4,65,1176,13851
48508.38437447627,17.252,Comp0008,Proxy0001,6,20587,3128,6,15,2099,7771
48517.01480973242,0.016,Comp0072,DNS0002,17,16384,53,3,2,32,301
48525.106481775205,10.127,Comp0030,FS0003,6,5358,445,14,202,4825,30387
48526.42943638047,7.486,Comp0071,Web0002,6,21698,80,11,30,273,4670
48533.64659925615,10.97,Comp0029,Proxy0001,6,64253,3128,5,30,307,4340
48541.24412173881,2.392,Comp0078,FS0001,6,45564,445,17,78,5942,9664
48541.931761556196,0.689,Comp0080,Mail0002,6,25580,993,6,5,333,536
48543.91196769444,10.712,Comp0019,Web0006,6,8953,443,9,28,292,3025
48547.98006774097,2.313,Comp0059,Web0002,6,6974,80,11,30,825,13615
48552.51171649284,0.115,Comp0078,DNS0002,17,17226,53,2,3,121,311
48554.44657962381,6.072,Comp0029,FS0001,6,5089,445,22,128,5239,17302
48557.96877138676,6.613,Comp0016,Web0003,6,25043,443,7,30,2377,2921
48562.17881636973,0.399,Comp0028,DNS0002,17,47126,53,2,3,69,99
48566.234706937554,4.205,Comp0014,Proxy0001,6,46503,3128,5,18,824,29177
48571.814512339646,0.925,Comp0011,Web0005,6,11540,443,10,23,2082,6301
48572.97044224627,7.642,Comp0037,Web0006,6,62766,443,4,20,988,20612
48577.35450737176,0.347,Comp0045,Mail0001,6,43663,587,9,3,264,503
48581.13062388758,0.155,Comp0016,DNS0002,17,21274,53,2,3,52,147
48586.479864302564,1.536,Comp0072,Proxy0001,6,8796,3128,17,92,332,32305
48587.53105701902,29.271,Comp0071,Web0005,6,3267,443,4,12,1441,18403
48589.37231162347,2.583,Comp0080,Web0005,6,8823,443,23,6,293,26973
48590.72587634273,3.858,Comp0026,Proxy0001,6,58970,3128,12,22,773,10817
48592.16252128106,0.079,Comp0054,DNS0002,17,62848,53,2,2,49,148
48593.95934426967,0.051,Comp0015,DNS0002,17,17286,53,2,3,43,111
48594.74333183397,0.553,Comp0006,DNS0002,17,34968,53,3,2,65,145
48596.524557796496,4.283,Comp0021,Proxy0001,6,42016,3128,21,30,680,6523
48617.23237586981,0.039,Comp0070,DNS0002,17,46236,53,2,2,64,85
48617.9052872941,0.082,Comp0052,DNS0002,17,39656,53,2,2,56,84
48618.06854570609,0.334,Comp0022,DNS0002,17,11822,53,3,2,104,224
48626.75382477685,3.358,Proxy0001,Ext0002,6,32220,443,12,59,276,14495
48628.2133678121,6.952,Comp0066,Proxy0001,6,38487,3128,10,107,579,10699
48631.915605620205,0.327,Comp0074,DNS0002,17,49835,53,2,2,104,252
48634.2668073576,11.189,Comp0010,Web0003,6,21370,443,5,315,773,3660
48635.94306810242,7.637,Comp0017,Mail0002,6,33020,993,7,4,660,2157
48642.65681124164,0.347,Web0005,DNS0002,17,15318,53,2,3,135,98
48651.03209316648,12.454,Comp0068,DC0001,6,12479,445,18,145,4223,31298
48654.121722536416,2.218,Comp0068,Mail0001,6,12507,993,4,3,273,5872
48655.533250341454,1.073,Comp0023,Web0002,6,45479,443,5,14,1668,7247
48656.37697422919,8.524,Comp0065,Web0004,6,12382,443,15,64,258,14134
48660.80622399894,11.397,Proxy0001,Ext0005,6,13250,443,4,193,557,8411
48664.799474150066,0.082,Comp0054,DNS0001,17,57920,53,2,3,98,173
48666.44243251887,5.571,Comp0047,Web0002,6,7701,80,22,24,481,15765
48668.08254610705,0.178,Comp0060,DC0001,6,16912,389,3,24,527,314
48669.97413037422,10.293,Comp0034,FS0003,6,61135,445,59,85,1134,16073
48670.4476525859,0.726,Comp0036,DNS0002,17,59700,53,3,4,158,342
48675.05259414231,7.199,Comp0052,Web0006,6,19997,443,5,65,873,13133
48675.715568398206,2.838,Comp0026,Mail0002,6,42392,993,5,10,243,1406
48681.39767605479,1.701,Comp0069,DC0002,6,44907,88,3,8,532,1740
48688.140473162166,0.379,Comp0029,DNS0002,17,33824,53,2,2,97,224
48688.63154979675,1.549,Comp0008,DNS0001,17,39291,53,2,2,62,175
48689.419449916124,2.907,Comp0007,Mail0001,6,18163,993,5,11,630,568
48689.68718942712,3.931,Comp0049,FS0002,6,37376,445,16,102,916,9389
48690.72150319382,1.082,Comp0041,Web0001,6,58178,80,16,17,1174,31829
48693.24222312306,0.049,Comp0040,DNS0001,17,13438,53,3,3,33,278
48695.0834325154,0.788,Comp0055,Mail0002,6,25566,993,11,7,1217,371
48695.7252420974,0.297,DB0001,DNS0001,17,6387,53,3,3,43,118
48697.345341392516,1.554,Comp0030,DC0001,6,54649,88,6,6,954,367
48699.69647096681,38.432,Comp0074,FS0003,6,63560,445,9,38,3429,7249
48699.714702903984,7.345,Comp0018,Web0001,6,28377,443,19,87,803,67479
48702.892177259324,0.326,Comp0036,DNS0002,17,17372,53,2,3,71,241
48709.14991566191,1.799,Comp0013,Proxy0001,6,59372,3128,5,21,699,7812
48709.79619401617,0.162,Comp0052,DNS0001,17,12784,53,2,3,81,94
48709.82846112958,3.36,Comp0023,Proxy0001,6,23713,3128,12,43,234,2434
48711.57623014567,0.775,Comp0028,Web0004,6,16292,443,4,50,788,2291
48713.55085507297,0.114,Comp0026,DNS0001,17,38214,53,2,2,70,100
48722.94210866268,0.028,Comp0074,DC0001,6,53105,88,4,6,487,456
48728.761174873915,0.961,Comp0061,DNS0002,17,56038,53,3,3,75,149
48731.476086237875,16.973,Comp0050,Web0002,6,39905,80,8,238,1256,3133
48732.1761419033,0.005,Comp0036,DNS0002,17,13916,53,3,3,94,137
48733.922763498354,7.165,Comp0035,Web0004,6,42443,80,13,45,1547,6247
48743.527545314544,0.336,Comp0067,DNS0002,17,40803,53,2,2,64,119
48743.54677480359,0.046,Comp0031,DNS0002,17,37764,53,2,2,92,195
48747.363520476225,0.053,Comp0020,Web0006,6,24793,443,16,107,335,7394
48748.7325287905,1.215,Comp0039,DC0002,6,65316,389,11,21,1009,396
48750.615520658226,0.175,Comp0012,DNS0002,17,54258,53,2,2,87,101
48752.38469736292,0.296,Proxy0002,Ext0009,6,55179,443,35,24,427,2307
48752.59955589233,0.154,Comp0069,DNS0001,17,20641,53,2,2,106,125
48759.61123956092,0.272,Comp0026,Mail0001,6,6135,993,10,6,175,2030
48763.97131761827,0.669,Comp0012,DNS0001,17,22124,53,3,2,58,215
48772.71776542899,2.266,Comp0029,DC0001,6,24248,389,6,7,534,392
48774.99520959521,0.065,Comp0072,DNS0002,17,21088,53,2,2,46,137
48782.56290409423,0.234,Comp0036,Mail0002,6,27782,587,34,3,268,2525
48794.65382215855,10.439,Comp0054,Proxy0001,6,23497,3128,7,22,1287,4704
48796.1739094095,8.118,Comp0015,Proxy0001,6,41116,3128,30,20,1405,18363
48799.460406573846,0.314,Comp0053,DC0002,6,44957,389,4,3,1113,961
48807.11448167361,24.214,Comp0011,FS0001,6,50041,445,34,65,603,175581
48809.930314361925,1.065,Comp0042,Web0003,6,51468,443,17,40,771,26360
48810.90259069769,9.668,Comp0015,Proxy0001,6,48979,3128,5,82,281,585
48813.489478111595,2.065,Comp0004,Web0005,6,43690,443,6,32,244,11786
48818.76595272562,2.338,Comp0046,Web0003,6,41926,443,6,73,1266,7086
48820.66525921373,6.852,Comp0067,FS0001,6,15215,445,7,126,1588,16128
48823.125130268934,4.544,Comp0025,Web0006,6,45089,443,6,19,242,3663
48823.22800358856,1.515,Comp0024,Web0004,6,29092,443,7,38,845,51564
48836.40460552397,0.037,Comp0020,DNS0002,17,32197,53,3,2,59,140
48836.91345874081,0.942,Comp0014,Web0003,6,33157,443,5,50,205,3115
48837.89876963978,0.036,Comp0062,DNS0002,17,31226,53,2,2,59,204
48840.54035666154,2.604,Comp0023,Web0003,6,28148,443,12,34,696,7887
48848.79553579434,0.263,Comp0075,DNS0002,17,53785,53,2,3,76,62
48850.153465449024,40.235,Comp0060,FS0001,6,57870,445,10,56,744,76577
48852.6224413948,0.173,Comp0057,DNS0001,17,17997,53,3,2,89,179
48859.949211443076,8.247,Comp0050,DC0002,6,58120,445,20,225,3548,37438
48864.803951312635,0.014,Comp0029,DNS0002,17,33761,53,3,3,73,500
48865.17730349448,0.458,Web0006,DB0004,6,27963,5432,7,51,888,61501
48865.78838242803,1.848,Comp0003,Mail0001,6,49049,993,6,4,134,532
48867.92561716072,0.652,Comp0044,DC0002,6,58998,88,4,7,95,1857
48868.729404366015,0.062,Comp0026,DNS0002,17,42516,53,2,2,74,114
48871.84715988989,11.045,Comp0040,Proxy0001,6,42669,3128,5,59,682,1639
48876.64378933691,0.121,Comp0079,DNS0002,17,7481,53,3,2,31,116
48877.07991307589,4.6,Comp0008,Web0001,6,3014,443,6,23,155,23189
48881.03950116012,0.021,Comp0004,DNS0002,17,31844,53,2,2,59,156
48882.21261616283,2.228,Comp0055,DC0001,6,52048,389,4,13,133,932
48886.52997056786,4.847,Comp0079,Proxy0002,6,15481,3128,5,24,426,11239
48899.983537842214,3.969,Comp0039,Web0002,6,22892,443,3,13,227,27874
48901.09762363704,0.009,Comp0059,DNS0002,17,51324,53,2,3,95,60
48901.90338796915,0.034,Comp0067,DNS0001,17,41824,53,2,4,82,142
48902.20522460803,1.995,Comp0080,DC0001,6,8193,88,5,7,1442,2864
48904.01051912065,56.496,Comp0033,DC0001,6,63519,445,48,54,1342,4332
48905.78015394589,12.929,Comp0046,DC0002,6,56330,445,20,140,466,19093
48906.00982786227,2.17,Comp0032,Web0004,6,38683,443,3,29,161,950
48907.69078232226,0.145,Comp0041,Mail0002,6,23313,587,6,4,164,241
48919.67489124825,12.833,Comp0054,FS0001,6,26961,445,41,22,3570,11118
48920.52335027013,1.519,Comp0005,Web0003,6,41174,443,5,57,537,1214
48921.47977077943,2.506,Comp0016,Web0006,6,10516,443,15,72,245,31998
48922.53942352408,5.402,Comp0009,Mail0001,6,2911,993,10,19,130,1728
48922.701564694034,2.627,Mail0001,Ext0010,6,56813,25,6,4,409,1835
48923.342714895574,0.156,Comp0009,Proxy0002,6,54771,3128,9,22,1807,5336
48924.431382969975,5.396,Comp0045,Web0006,6,47447,443,5,117,104,1112
48931.03640698934,28.925,Comp0041,FS0003,6,40352,445,9,57,1541,4053
48931.51833582829,4.726,Comp0019,FS0001,6,50051,445,47,76,2540,178152
48937.4719856753,4.423,Comp0054,FS0003,6,15910,445,26,63,2987,31226
48951.2686082865,1.6,Comp0068,DC0001,6,55208,88,3,5,246,1425
48951.92473846969,0.061,Comp0073,DNS0001,17,46909,53,2,3,90,132
48960.279938088795,3.155,Comp0025,Web0002,6,28600,80,9,9,188,1515
48969.58667085815,5.683,Comp0076,DC0002,6,10817,88,2,17,1105,500
48969.64151464136,0.006,Comp0074,Web0005,6,32294,80,5,30,2716,41404
48970.665436350595,0.119,Comp0051,DNS0002,17,10482,53,2,2,45,402
48985.089950663525,0.266,Comp0062,DNS0002,17,6236,53,2,3,47,242
48986.64114900322,0.272,Comp0052,Proxy0001,6,23426,3128,25,17,374,37975
48988.728378741645,0.827,Comp0027,Web0004,6,62855,80,5,19,1726,2365
48989.96555173388,5.776,Comp0018,DC0001,6,58263,389,6,3,332,99
48990.92221024306,10.193,Comp0010,Web0006,6,52817,443,4,33,1462,937
48991.15334530427,4.353,Comp0080,Web0002,6,27281,443,14,33,507,4619
48995.38376139983,0.06,Comp0023,DNS0001,17,57631,53,2,3,53,125
49010.392729109124,2.398,Comp0046,Web0004,6,19147,443,7,26,147,104646
49013.530257989914,1.584,Comp0002,Proxy0002,6,22182,3128,12,205,426,1255
49020.34063796818,0.182,Comp0037,DNS0002,17,27110,53,2,2,40,247
49021.166634694164,3.457,Comp0062,Proxy0001,6,19830,3128,7,78,459,2971
49025.614603443595,0.793,Comp0077,DC0002,6,27962,88,7,9,183,483
49028.6783914236,0.505,Comp0038,DNS0002,17,17589,53,2,3,78,244
49029.00644729455,8.513,Comp0035,Web0002,6,10788,443,9,28,1005,678
49031.205350386255,11.3,Comp0031,Proxy0002,6,7334,3128,35,44,5336,15639
49031.462560080385,10.573,Comp0043,Proxy0002,6,52404,3128,4,16,629,12531
49032.19801052457,2.217,Comp0023,FS0002,6,20324,445,30,89,1251,35644
49037.37734285269,0.968,Comp0016,Proxy0002,6,30258,3128,4,48,563,30664
49039.093004898474,0.127,Comp0051,DNS0001,17,39006,53,3,2,52,59
49046.2499078581,0.037,Comp0016,DNS0002,17,65531,53,3,2,74,66
49052.35746420079,0.169,Comp0042,DNS0002,17,62151,53,3,2,120,209
49053.08792926336,0.249,Comp0065,Web0003,6,27664,443,7,40,1324,12347
49056.3192308322,2.283,Comp0067,DC0001,6,4422,88,7,5,1109,156
49058.48271579111,2.485,Comp0007,Mail0002,6,42950,587,14,13,503,6320
49059.05577634467,4.472,Proxy0002,Ext0030,6,21909,80,9,38,181,44662
49065.91705648984,0.091,Comp0048,DNS0001,17,29771,53,2,2,34,130
49070.93588744503,22.529,Web0004,DB0001,6,5523,3306,9,330,2892,17392
49073.47463720684,2.28,Comp0058,Mail0002,6,16217,993,10,4,855,293
49073.643182262625,8.631,Comp0022,Web0001,6,25215,443,11,15,767,9652
49075.28425711898,9.013,Web0002,DB0001,6,31536,3306,17,36,1607,40620
49076.66715007085,0.003,Comp0043,Web0006,6,23521,80,11,41,488,7960
49079.16874124726,0.129,Comp0051,DNS0002,17,65180,53,2,2,83,90
49081.14874289611,4.122,Comp0030,Proxy0001,6,9300,3128,10,47,575,13090
49085.003925350815,7.766,Comp0031,Proxy0002,6,55593,3128,14,40,543,3011
49085.08549076485,13.334,Comp0071,Web0005,6,3600,443,15,123,1768,10222
49086.88002156839,6.385,Comp0072,DC0001,6,57511,389,15,4,374,506
49087.16224090499,0.794,Comp0038,Proxy0002,6,35915,3128,16,105,335,26217
49087.99278093099,0.048,Comp0023,DC0001,6,16044,389,7,14,185,412
49090.369849304836,0.059,Comp0017,DNS0002,17,51163,53,3,3,41,209
49090.9402290012,8.273,Comp0018,Proxy0002,6,14499,3128,6,258,838,2930
49091.68779898239,6.522,Comp0079,FS0003,6,51123,445,7,121,752,31773
49093.03354736108,0.025,Comp0080,DNS0001,17,47792,53,2,2,95,233
49093.95439547138,11.266,Comp0018,Web0002,6,64972,443,7,58,962,5707
49098.98713974625,1.069,Comp0004,DC0002,6,48400,389,12,4,882,1260
49105.449808821766,1.941,Comp0054,Web0005,6,29319,443,8,72,2011,4438
49108.394602531305,2.311,Comp0077,Web0003,6,13281,443,8,242,182,6972
49110.162974624465,0.033,Comp0003,DNS0001,17,51450,53,2,2,44,86
49110.45065107989,0.065,Comp0060,DNS0002,17,64247,53,3,3,43,69
49112.99195046883,0.285,Comp0045,DNS0002,17,62440,53,2,2,65,150
49114.05105650534,0.404,Comp0063,DC0002,6,46638,88,17,13,212,750
49114.65723398227,0.159,Comp0080,DNS0002,17,1886,53,2,2,76,120
49119.8660760681,1.495,Comp0079,DC0002,6,38018,88,3,6,223,775
49126.52103756757,3.772,Comp0032,Web0006,6,14826,443,20,33,4668,4417
49127.908843124926,4.121,Comp0059,DC0001,6,61905,88,4,9,635,423
49130.92097696154,13.079,Comp0016,Web0002,6,23165,443,12,86,1514,1502
49134.57730480739,4.853,Comp0035,Mail0001,6,35802,587,3,4,870,1064
49134.81742429925,0.373,Comp0033,DNS0002,17,7159,53,3,2,51,73
49146.67524224492,0.034,Comp0073,DNS0001,17,64816,53,2,3,61,42
49148.51730927506,7.352,Comp0012,Mail0001,6,43039,587,4,11,920,695
49149.946934119136,1.37,Comp0010,DC0001,6,46023,389,3,9,856,1137
49152.34968147425,6.966,Comp0016,Web0005,6,14958,443,8,25,1029,10457
49154.93859806659,0.105,Comp0069,DNS0002,17,6110,53,2,3,30,343
49158.37996839917,0.345,Comp0073,DNS0001,17,14790,53,2,3,62,94
49159.67363146484,8.887,Comp0012,DC0002,6,59226,88,4,12,274,3011
49163.06565413955,0.682,Comp0019,Web0004,6,23305,443,15,29,1585,11099
49165.23357206397,8.444,Comp0028,FS0003,6,12325,445,33,59,944,43778
49165.99685911167,3.035,Comp0007,Web0003,6,41870,443,21,142,379,5071
49167.25258526263,0.048,Comp0069,DNS0002,17,16257,53,2,2,58,136
49171.5832048097,0.299,Comp0060,Mail0002,6,59588,993,8,3,355,180
49172.11099075909,3.014,Comp0035,FS0003,6,55286,445,40,178,2243,1878
49173.14615539131,0.001,Comp0065,DNS0001,17,43010,53,3,2,38,115
49184.2797485492,2.962,Comp0035,Proxy0001,6,63597,3128,23,17,171,8360
49186.08498076653,3.404,Comp0002,DC0001,6,26971,389,7,7,957,2463
49188.70804920414,1.398,Comp0023,Proxy0001,6,63913,3128,18,47,1561,5191
49189.109144917304,2.721,Comp0001,Web0006,6,21307,443,3,77,306,24332
49202.95481836124,0.31,Comp0057,Mail0002,6,29478,993,3,8,491,807
49205.066417843955,0.213,Comp0063,DNS0002,17,59795,53,3,2,99,458
49205.45822478943,0.896,Comp0074,DNS0001,17,16135,53,2,2,67,71
49213.78280052155,0.823,Comp0045,Web0002,6,31537,443,14,7,907,5873
49215.9163754507,0.469,Comp0052,DC0001,6,2324,389,17,4,489,584
49218.44819799187,0.123,Comp0035,DNS0002,17,12790,53,2,3,142,104
49219.236023106365,4.286,Comp0065,Web0005,6,5623,443,23,14,185,11563
49222.73250108604,0.183,Comp0036,DNS0002,17,36105,53,2,3,74,136
49223.44724961115,9.82,Comp0051,Proxy0001,6,20612,3128,43,20,190,618
49224.52183138539,0.068,Comp0007,DNS0001,17,6048,53,3,2,53,162
49225.894007615,2.494,Comp0071,Web0003,6,60141,443,2,19,2237,10759
49227.14354675398,1.232,Comp0035,Proxy0002,6,20703,3128,11,29,182,3396
49229.6532819886,0.243,Comp0031,DNS0002,17,2428,53,2,3,140,121
49229.84930677232,0.154,Comp0071,DNS0001,17,18805,53,2,2,116,350
49230.02728062963,0.103,Comp0070,DNS0002,17,20019,53,2,4,62,76
49232.55459245224,1.67,Comp0049,Web0004,6,6816,443,8,26,923,3685
49232.973339731434,0.376,Comp0064,DNS0001,17,31679,53,2,3,53,142
49249.39354698436,1.112,Comp0042,Web0002,6,5993,443,7,9,2094,638
49251.298055384636,5.25,Comp0079,Mail0002,6,49958,993,4,4,217,433
49253.564424368305,3.636,Comp0076,Web0003,6,59230,443,23,20,954,9147
49256.092820798716,5.996,Comp0049,Web0001,6,47619,443,28,46,1180,20421
49257.16944673971,2.839,Comp0079,Web0002,6,23580,443,17,49,130,1632
49260.08591439174,0.04,Comp0070,Proxy0001,6,58594,3128,12,79,511,18981
49262.32508534116,0.494,Comp0003,DNS0002,17,32947,53,3,2,95,221
49273.557817591536,0.278,Comp0011,Proxy0001,6,37613,3128,5,70,2230,17575
49275.026918514064,7.188,Comp0008,Web0002,6,14154,80,5,41,949,5551
49276.29470888219,15.309,Comp0066,Web0004,6,34959,80,10,38,1185,2504
49276.65228346042,9.412,Comp0064,Proxy0002,6,61359,3128,8,56,456,1203
49285.521944372915,14.251,Comp0032,FS0003,6,7193,445,13,86,3880,7165
49291.45971149951,9.304,Comp0009,Proxy0002,6,51581,3128,6,19,598,5368
49296.47228317815,22.062,Comp0060,FS0001,6,47791,445,23,61,908,66366
49299.311413386895,0.296,Comp0057,DNS0001,17,21051,53,2,3,50,195
49301.720872325095,8.133,Comp0005,Web0005,6,14275,443,17,20,2596,895
49303.033742720436,0.097,Comp0079,Web0003,6,32388,443,6,42,639,3038
49306.031028612146,0.12,Comp0075,DNS0002,17,24711,53,3,3,113,385
49310.34814179637,9.453,Comp0048,Web0003,6,64666,80,3,19,395,6090
49310.980686919575,3.333,Comp0048,Web0002,6,8813,80,20,44,118,712
49315.365288758054,0.187,Comp0009,Mail0002,6,8238,587,10,5,364,633
49316.876532703915,0.212,Comp0023,DNS0001,17,52226,53,2,3,62,64
49316.96713998428,6.665,Comp0044,Web0003,6,4159,443,22,58,1159,38687
49321.849028494165,5.836,Comp0012,Mail0002,6,49396,993,7,17,320,325
49324.49870662847,0.108,Comp0022,Mail0002,6,55915,993,8,9,244,726
49334.64266717927,1.093,Comp0041,FS0002,6,9582,445,16,143,317,3653
49338.5302167819,5.739,Comp0074,FS0002,6,32637,445,42,97,1838,42166
49341.49057066265,0.685,Comp0044,DNS0001,17,32475,53,3,2,48,121
49344.92622682723,1.046,Comp0069,Web0002,6,30905,443,11,5,2206,7879
49355.24709653244,2.734,Comp0012,Proxy0002,6,13224,3128,8,37,575,2974
49356.657110558364,12.703,Comp0059,Web0006,6,29174,443,11,27,999,5093
49359.109301903554,0.074,Comp0067,DNS0001,17,14320,53,2,2,52,316
49362.24201970119,0.523,Comp0025,DNS0002,17,45979,53,2,3,80,79
49373.04812247229,1.465,Comp0030,Proxy0001,6,63713,3128,9,23,406,18856
49374.6131525616,5.547,Comp0021,Web0001,6,47101,80,9,19,377,1310
49376.368481611804,7.792,Comp0068,Web0005,6,45746,443,9,29,1203,11715
49380.32781851388,0.293,Comp0069,Mail0001,6,27644,587,5,7,236,742
49381.83487685806,17.978,Web0001,DB0002,6,23141,3306,19,148,2441,119455
49385.761120228584,1.06,Comp0018,Web0003,6,53217,80,11,66,3388,1154
49388.556116068605,10.45,Comp0067,FS0002,6,26357,445,37,57,2543,9395
49388.84834445828,0.828,Comp0014,Web0003,6,31997,443,14,10,312,2331
49389.025253795684,0.024,Comp0004,DNS0001,17,54974,53,2,3,67,140
49391.3180026433,2.481,Comp0062,Web0003,6,22547,443,10,116,256,46731
49401.67657621121,5.372,Comp0017,Web0003,6,48620,443,24,85,189,3214
49402.32505841549,4.335,Comp0070,Web0004,6,48054,80,8,45,550,2179
49413.619426671874,0.286,Comp0034,DNS0001,17,29797,53,3,2,84,142
49426.41327484564,4.211,Comp0029,FS0002,6,55748,445,18,30,1709,2703
49426.851054796025,16.089,Comp0027,Web0006,6,56783,443,9,24,70,14866
49431.06122507028,8.827,Comp0013,Web0005,6,23029,443,7,37,1502,17553
49435.827488180475,6.985,Comp0045,Web0002,6,30275,443,5,43,433,17933
49439.44754226261,0.015,Comp0008,DNS0001,17,54510,53,2,3,64,117
49446.14232350613,6.586,Comp0068,FS0003,6,23322,445,19,114,584,10971
49448.71518874425,0.906,Comp0004,Proxy0001,6,35167,3128,14,38,300,1777
49449.568735398374,20.449,Web0001,DB0002,6,53652,3306,24,49,3871,6742
49455.32663745376,5.315,Comp0028,Proxy0001,6,47241,3128,5,88,663,4794
49455.67081729581,10.434,Comp0016,Web0003,6,28935,443,8,24,724,3829
49455.87244037862,4.162,Comp0037,Proxy0001,6,50957,3128,3,26,1567,6695
49459.37774156245,2.666,Comp0059,Mail0001,6,12660,993,3,8,310,284
49471.43762763645,0.622,Comp0079,Web0005,6,42243,443,15,16,1297,8914
49474.79357844896,0.346,Comp0046,DNS0002,17,40471,53,2,3,115,93
49475.627950170245,8.341,Comp0080,DC0002,6,38632,445,45,62,1122,4498
49480.25153045173,17.559,Comp0065,DC0002,6,14175,445,30,445,1495,16569
49481.26558316821,10.671,Comp0061,DC0001,6,41893,389,4,8,404,418
49489.02490544669,4.039,Comp0020,FS0001,6,38010,445,29,71,987,3220
49494.56841246046,12.501,Comp0016,Proxy0001,6,45571,3128,41,22,691,3965
49494.98267747126,6.353,Comp0032,FS0003,6,40329,445,14,67,4333,25568
49498.34343402377,0.114,Comp0013,DNS0001,17,43549,53,2,2,71,144
49499.16391072451,8.294,Comp0043,DC0002,6,7768,445,19,146,7552,133056
49501.6419846471,2.253,Comp0011,Proxy0002,6,53745,3128,15,17,1233,5045
49503.3830866736,0.441,Comp0067,Web0006,6,14379,443,15,17,401,34741
49509.463572310415,0.046,FS0001,DC0001,6,10916,88,6,24,437,1477
49511.13781202749,14.47,Proxy0002,Ext0013,6,11739,443,11,22,971,1872
49514.273667854926,13.818,Comp0020,Proxy0001,6,55853,3128,16,60,969,20842
49514.78481225725,0.458,Comp0035,DNS0001,17,61317,53,3,2,80,141
49517.8391480416,1.317,Comp0032,Mail0002,6,14699,587,4,13,104,758
49521.62535728413,0.422,Proxy0001,Ext0002,6,18499,80,9,20,832,6283
49522.24322075285,2.559,Comp0029,Mail0001,6,32807,993,5,6,326,350
49522.77880229068,11.568,Comp0006,Proxy0002,6,51831,3128,9,25,626,7905
49525.50175408819,1.332,Comp0042,Web0002,6,61517,80,4,217,408,2239
49547.363619769974,2.985,Comp0058,Proxy0002,6,24887,3128,6,45,462,6863
49552.06866330673,0.076,Proxy0002,DNS0002,17,15555,53,2,2,55,197
49554.55698489677,3.043,Comp0070,DC0002,6,42599,445,52,63,7083,7656
49557.74775003358,2.957,Comp0002,Mail0002,6,62490,993,5,6,228,236
49559.94276086108,7.777,Comp0057,DC0001,6,42233,445,19,69,368,18557
49561.80380655984,8.816,Comp0025,Proxy0001,6,2589,3128,5,38,461,5649
49566.204457654996,11.717,Comp0074,DC0001,6,31231,445,46,233,941,781
49569.955966422,8.05,Comp0009,FS0003,6,19905,445,41,16,4662,13058
49572.598984592405,3.633,Comp0067,DC0002,6,12404,88,6,7,348,31
49577.77482154246,10.013,Comp0052,Web0003,6,15802,80,6,32,270,7695
49584.84372763182,0.118,Comp0060,DNS0002,17,43360,53,2,2,68,310
49589.99035666806,5.721,Comp0065,FS0002,6,2233,445,23,192,884,42985
49592.1762521672,0.603,Comp0055,Mail0002,6,63128,993,2,8,778,3463
49596.40986099439,9.861,Comp0018,Proxy0002,6,22596,3128,5,27,307,11974
49600.322183893164,3.017,Comp0070,Mail0002,6,35246,993,4,6,594,1026
49602.18008717279,0.153,Comp0031,DNS0002,17,29533,53,2,2,115,78
49604.9036231804,23.834,Comp0014,FS0003,6,15826,445,12,298,1740,38295
49606.256535998036,0.197,Comp0062,DNS0001,17,32993,53,2,2,57,186
49606.524709131736,3.656,Comp0071,DC0002,6,7998,445,33,21,4722,4559
49608.04521827901,7.728,Comp0022,Web0002,6,23915,443,6,82,1191,1117
49610.95198924417,0.936,Comp0022,Web0002,6,26993,443,15,46,2478,47273
49614.97095252729,3.741,Comp0055,Proxy0002,6,19448,3128,10,19,140,5641
49615.67829766864,4.604,Comp0076,DC0001,6,28407,88,8,13,651,340
49627.16520755362,6.235,Comp0011,DC0002,6,23740,88,3,4,117,1584
49632.59998445882,4.422,Comp0041,Proxy0001,6,9134,3128,5,36,3892,2706
49633.49745234189,1.529,Web0006,DB0002,6,19735,3306,13,43,1063,16102
49634.22550968627,1.117,Comp0019,DNS0001,17,10249,53,3,3,20,116
49634.89621436969,1.298,Comp0041,Web0002,6,16264,443,10,125,519,25063
49635.41107555776,0.274,Comp0073,Proxy0001,6,12678,3128,7,15,580,6710
49635.51607769169,18.441,Comp0007,DC0002,6,49926,445,35,57,1165,23022
49637.4211560537,2.215,Comp0048,Web0001,6,37776,80,2,40,3323,4490
49650.4198224269,5.42,Comp0029,Proxy0001,6,43732,3128,9,16,2537,49658
49654.00915517101,0.092,Comp0063,DNS0002,17,6458,53,2,2,66,121
49654.95615461309,0.013,Comp0080,DNS0001,17,41418,53,2,2,60,205
49657.395856973926,5.364,Proxy0002,Ext0015,6,33245,443,5,29,285,8579
49660.2907638729,27.344,Comp0038,DC0001,6,40121,445,18,73,2266,20844
49660.65573516546,9.759,Comp0018,Web0004,6,33608,80,8,12,112,18644
49661.77249184877,18.067,Comp0043,Web0002,6,40850,443,26,61,1871,10246
49663.08122142699,1.236,Comp0056,Web0001,6,22722,443,4,54,4227,7868
49665.605011651074,3.182,Comp0042,Proxy0002,6,42217,3128,8,12,382,4494
49669.534738207854,0.373,Comp0008,DC0001,6,34663,389,12,14,298,286
49671.06713681668,0.28,Comp0004,DNS0002,17,20153,53,2,3,27,378
49681.92693214873,0.942,Comp0041,Web0006,6,35893,443,16,44,1143,30014
49685.69396279568,0.071,Comp0042,DNS0002,17,18501,53,2,3,30,189
49695.11037778582,0.498,Comp0077,DNS0002,17,36275,53,3,3,100,143
49696.09087396601,1.421,Comp0072,Web0003,6,49546,443,12,47,1317,9266
49707.46226301319,0.012,Comp0006,DNS0002,17,30523,53,2,2,71,391
49710.28985265899,35.884,Comp0012,DC0002,6,64368,445,6,78,3224,15803
49710.7075500313,13.791,Comp0042,FS0003,6,2520,445,28,63,6506,4512
49716.74030212768,2.099,Comp0022,Web0003,6,55162,80,6,38,252,32207
49723.94293027505,0.017,Comp0002,DNS0001,17,44616,53,2,3,157,168
49725.219064155564,4.368,Comp0002,Web0001,6,5056,443,12,35,1408,2464
49728.436156129086,6.761,Comp0004,Proxy0002,6,13747,3128,9,35,642,4529
49730.59043289757,0.22,Comp0019,DNS0002,17,25111,53,3,2,30,179
49736.685712054335,0.182,Comp0045,DNS0002,17,54521,53,3,2,65,145
49741.29825272952,4.796,Comp0006,Web0001,6,19533,443,13,18,946,915
49741.472695657205,0.025,Comp0051,DNS0001,17,11971,53,3,3,116,76
49744.7609530015,14.647,Comp0065,Web0001,6,16902,443,4,34,380,6917
49748.05174286231,6.813,Comp0030,Web0002,6,21893,443,11,26,746,31589
49751.257817815276,14.781,Comp0054,FS0003,6,52275,445,11,95,1062,42891
49755.38677301706,9.924,Comp0023,Web0006,6,28726,80,9,23,649,4833
49758.71377119033,1.175,Comp0048,Web0005,6,62542,443,11,47,1030,1162
49767.08480711915,0.046,Comp0063,DNS0001,17,46011,53,2,3,52,90
49769.49585298846,3.612,Comp0057,Proxy0001,6,31118,3128,9,36,4879,1955
49787.303137339164,25.85,Comp0003,DC0002,6,7373,445,8,48,6203,79490
49790.96530837227,0.11,Proxy0002,Ext0011,6,58779,80,14,83,610,314
49797.18841001807,9.772,Comp0021,DC0001,6,19255,88,5,6,465,540
49800.85311419768,14.569,Comp0036,Web0004,6,5815,80,6,43,243,1526
49801.344611153094,0.531,Comp0013,DC0001,6,39824,389,5,18,1329,284
49802.372022981515,1.577,Comp0074,Proxy0001,6,41399,3128,8,44,1262,4978
49811.574232505984,0.203,Comp0046,DNS0001,17,58262,53,2,3,52,180
49812.46397078123,0.54,Comp0007,DNS0002,17,26033,53,2,3,39,102
49813.860919557184,2.738,Comp0068,Web0006,6,4740,443,3,59,221,10916
49821.04791239148,1.465,Comp0033,Mail0001,6,16383,993,5,3,255,98
49821.29703328218,7.25,Comp0045,Web0005,6,43278,443,17,60,1394,13332
49823.07388634141,0.56,Comp0064,Mail0002,6,17814,587,11,2,420,172
49824.38928011641,2.619,Comp0047,FS0001,6,55564,445,17,151,515,20517
49825.74565246808,4.61,Mail0001,Ext0031,6,11565,25,6,4,163,1740
49837.20773039593,5.545,Comp0027,DC0001,6,52462,88,7,6,277,188
49840.45794826379,9.235,Comp0058,Proxy0002,6,33753,3128,14,54,379,3543
49844.57484341127,11.1,Comp0028,FS0002,6,24247,445,29,50,2539,26213
49846.16983978039,1.214,Comp0046,Proxy0001,6,35509,3128,12,11,2704,52666
49849.1665404944,1.256,Comp0015,Proxy0001,6,60251,3128,8,14,1157,728
49853.01947760927,6.93,Comp0039,Web0005,6,13631,80,16,7,949,4462
49858.82724863052,3.744,Comp0047,Proxy0001,6,47543,3128,4,47,263,2785
49861.02764185739,0.14,Comp0013,DNS0001,17,21872,53,3,2,95,44
49862.104819547945,31.029,Comp0016,Web0004,6,10003,443,8,72,636,1297
49866.034936831355,4.288,Comp0063,Proxy0002,6,64607,3128,10,12,1124,5514
49868.710069963265,0.043,Comp0034,DNS0002,17,56821,53,2,4,91,106
49872.420036348194,0.049,Comp0065,DNS0002,17,38804,53,3,2,64,192
49873.11531579479,0.707,Comp0075,DNS0002,17,48672,53,3,2,92,170
49874.426248313495,0.577,Comp0009,Web0006,6,27146,80,7,99,450,12283
49879.752568264674,0.009,Comp0005,DNS0002,17,43880,53,2,3,58,170
49881.60991880618,0.016,Comp0038,DNS0002,17,1735,53,3,3,53,162
49891.56864497804,4.932,Comp0024,Web0006,6,54399,80,12,15,1079,5984
49901.766678078384,2.414,Comp0006,Mail0002,6,17772,993,10,17,304,1145
49903.28761408828,0.14,Comp0062,DC0002,6,42229,445,24,378,4497,3536
49906.40489434882,2.476,Comp0028,DC0002,6,39457,389,3,4,352,1100
49906.97563369462,0.101,Comp0041,DNS0001,17,57245,53,3,3,119,206
49922.56025041061,13.285,Web0003,DB0001,6,7436,3306,16,37,779,13217
49926.76100403356,5.673,Comp0047,Proxy0001,6,42937,3128,13,6,127,1774
49929.862379771876,1.733,Comp0021,DC0002,6,18032,88,3,3,214,505
49936.22379152218,1.111,Comp0021,DNS0001,17,54198,53,2,2,83,89
49937.63099708244,9.912,Comp0013,DC0002,6,16501,445,23,99,375,10454
49944.943487135046,7.462,Comp0029,DC0001,6,60545,445,21,247,1108,20247
49948.27219077717,11.066,Comp0079,FS0001,6,12581,445,25,45,604,3681
49949.424856146914,1.092,Comp0058,Web0004,6,55446,80,5,43,152,1386
49957.29179875861,3.381,Comp0065,FS0001,6,65030,445,29,82,1081,13379
49960.47898258514,8.402,Comp0052,Proxy0001,6,9696,3128,9,18,708,56213
49963.0259644791,11.051,Comp0068,Web0004,6,62003,443,16,26,489,2956
49971.541872977046,1.413,Comp0039,Proxy0002,6,51553,3128,13,46,1131,13531
49971.807365938526,0.306,Comp0069,DNS0001,17,60084,53,2,2,95,228
49990.081881976,1.22,Comp0047,DC0002,6,7982,88,14,25,333,334
49991.567832697074,9.927,Comp0071,DC0002,6,33173,88,6,6,116,669
49993.59081847748,1.551,Comp0047,Web0004,6,65321,80,8,82,313,6437
49994.32393133478,0.307,Comp0015,DNS0001,17,60931,53,2,4,30,186
50005.4268396936,0.446,Comp0034,DNS0002,17,29531,53,2,2,86,148
50006.634546237205,3.56,Comp0041,Proxy0002,6,46824,3128,13,48,1734,9820
50009.12631719152,20.687,Comp0063,Web0005,6,35786,443,23,36,188,28786
50009.61314772609,0.058,Comp0020,DNS0002,17,31096,53,3,2,85,131
50016.51025957234,0.038,Comp0065,DC0002,6,62757,389,4,9,341,2906
50020.91254540429,0.823,Comp0039,DNS0001,17,32374,53,3,2,35,188
50036.48815346207,0.409,Comp0070,DNS0002,17,16069,53,2,3,63,107
50047.84921807766,3.133,Comp0049,DC0001,6,6462,445,21,76,5802,10672
50047.964963257014,3.523,Comp0075,Proxy0002,6,62090,3128,21,25,869,5009
50053.47951177625,20.242,Comp0063,Web0004,6,53192,443,19,230,466,9655
50056.67924001403,1.139,Comp0043,Proxy0001,6,62108,3128,7,14,2709,4673
50060.527713582145,3.443,Comp0051,Proxy0002,6,63809,3128,7,57,356,16316
50072.85005941215,0.109,Comp0021,DNS0001,17,64394,53,2,3,109,147
50074.83796575181,0.278,Comp0043,Web0003,6,1457,80,4,31,58,6238
50079.98614694005,1.771,Comp0077,DC0001,6,57967,88,3,6,983,801
50088.84165549145,1.89,Comp0074,Mail0002,6,41394,993,5,5,263,510
50089.014209066525,5.704,Comp0015,Web0002,6,51949,80,4,11,128,3652
50091.38937423269,1.1,Comp0067,Web0004,6,18168,443,7,16,706,1053
50096.2594773963,9.005,Comp0022,FS0002,6,64365,445,9,41,887,10688
50100.68606575888,2.874,Comp0037,Mail0001,6,18909,993,5,7,242,986
50123.70693948889,3.255,Mail0001,Ext0026,6,24043,25,4,9,713,1156
50126.05298119479,0.2,Comp0047,DNS0002,17,59087,53,3,4,67,126
50126.35316830951,5.597,Comp0053,Proxy0001,6,45460,3128,26,16,1354,10569
50129.497706749666,7.365,Comp0028,Web0005,6,59058,443,6,43,139,9927
50133.11668716622,0.48,Comp0014,DNS0001,17,20054,53,2,3,44,124
50140.130654209235,12.291,Comp0016,Proxy0001,6,61445,3128,10,13,359,7803
50147.562739651075,1.773,Comp0008,Web0003,6,33051,80,6,45,213,4463
50162.17403729294,28.674,Comp0034,FS0001,6,37719,445,9,233,5157,4508
50164.19814987323,4.936,Comp0044,Mail0002,6,24932,587,4,4,572,577
50165.95221687536,6.774,Comp0066,Web0006,6,15110,443,8,28,549,4252
50170.36669691861,3.251,Comp0009,Web0004,6,33205,443,18,26,2501,4123
50172.02543450252,4.404,Comp0056,Web0005,6,62926,443,5,50,1117,7344
50177.22706477712,6.799,Comp0019,Web0001,6,45956,443,6,52,249,1865
50178.64925493594,2.134,Comp0016,DC0001,6,45302,88,5,11,723,2384
50181.46327441078,4.854,Comp0008,Proxy0002,6,5891,3128,5,77,293,5532
50185.27986988488,1.666,Comp0022,Web0006,6,54487,80,29,94,951,29726
50190.921461993916,2.843,Comp0022,Proxy0001,6,34295,3128,5,27,554,841
50192.75791618278,5.621,Comp0022,Web0002,6,38995,443,25,84,1251,19969
50193.81613364965,54.157,Comp0010,FS0003,6,7040,445,15,61,789,6041
50200.27984382458,1.468,Comp0063,FS0003,6,2072,445,22,163,1013,121014
50202.75145189325,5.937,Comp0060,Web0006,6,36840,443,13,152,436,992
50207.81806986462,0.484,Comp0079,DNS0002,17,54387,53,2,4,76,184
50207.99393727699,0.139,Comp0073,DNS0002,17,54446,53,2,2,78,361
50208.133727497145,1.918,Comp0011,Mail0001,6,40934,993,11,4,170,615
50208.16270297211,0.007,Comp0023,DNS0001,17,4458,53,2,3,80,436
50214.32897016938,0.257,Comp0075,Web0004,6,1760,443,4,67,2144,1597
50217.06466558625,6.895,Comp0051,FS0001,6,65478,445,31,25,5551,20540
50217.772465825175,0.139,Comp0024,Proxy0002,6,46638,3128,23,31,798,4407
50223.69170769122,0.122,Comp0065,DNS0001,17,26138,53,2,2,78,129
50225.91549381781,22.234,Comp0071,FS0001,6,33639,445,15,47,1944,8991
50226.51404960476,0.042,Comp0068,DNS0002,17,1745,53,3,2,47,72
50231.58494982057,37.762,Comp0077,FS0003,6,11197,445,44,147,1890,9784
50233.870760137994,1.487,Comp0030,Web0003,6,49910,80,11,28,1736,1993
50238.6351904998,0.229,Comp0018,DC0001,6,20118,389,17,6,301,589
50241.33288508982,1.195,Comp0035,DC0002,6,30497,389,4,4,392,1550
50245.02832523365,0.18,Comp0036,DNS0001,17,27327,53,3,3,29,107
50245.38658900473,1.815,Comp0069,DC0001,6,27808,88,3,4,203,1074
50245.497003117875,0.39,Comp0015,DNS0002,17,45617,53,2,2,57,214
50254.377138248135,4.589,Comp0076,Web0005,6,60065,80,11,14,993,11849
50255.67897449864,5.685,Comp0054,DC0002,6,23945,445,81,15,3231,6115
50255.75806617654,0.248,Comp0074,DNS0001,17,59433,53,2,2,51,72
50257.31400986318,0.006,Comp0049,DNS0001,17,55620,53,2,3,106,291
50259.37336168673,0.063,Comp0052,DNS0002,17,12688,53,3,3,63,141
50262.5158071888,0.608,Comp0007,Mail0001,6,50635,993,8,16,545,232
50266.266647562814,0.274,Comp0050,DNS0001,17,7919,53,3,2,61,106
50267.304050870094,7.799,Comp0010,Web0004,6,63520,443,10,33,201,18054
50268.58094613025,0.048,Comp0017,DNS0001,17,48210,53,2,2,36,56
50274.453901337925,6.357,Comp0050,Mail0002,6,47100,993,5,3,181,736
50277.06342356292,2.363,Comp0045,Web0001,6,38247,443,6,36,997,2480
50280.06817059067,4.947,Comp0037,Proxy0002,6,52843,3128,8,81,1875,4133
50280.32628478638,0.286,Comp0040,DNS0001,17,58112,53,2,2,80,147
50285.36347059925,0.108,Comp0076,DNS0001,17,12037,53,2,3,50,104
50285.58256628264,0.705,Comp0058,DC0001,6,29589,445,8,348,2309,85760
50292.40133869876,0.478,Comp0040,DNS0001,17,22798,53,2,2,57,109
50295.594579914236,5.274,Comp0007,Web0006,6,51666,443,10,28,988,5455
50304.03564679808,0.021,Comp0023,DNS0001,17,60112,53,2,2,59,121
50305.9115162996,0.447,Comp0052,Mail0002,6,43652,587,4,25,125,138
50317.31699177668,0.352,Comp0010,DC0002,6,22196,389,9,3,598,954
50317.62626414372,7.987,Comp0046,Proxy0001,6,20472,3128,11,56,1553,5407
50321.92909727619,0.137,DC0001,DNS0002,17,22448,53,2,2,100,62
50326.6772984521,16.413,Comp0036,FS0002,6,25948,445,20,87,902,20051
50331.40929865111,6.022,Comp0047,Proxy0001,6,59021,3128,11,42,453,23248
50344.79313495361,9.658,Comp0061,FS0001,6,18191,445,21,278,7861,10031
50345.1135005899,1.717,Comp0077,Web0004,6,7471,443,10,38,1452,4016
50352.82197166223,10.285,Comp0051,FS0003,6,59857,445,29,99,235,6820
50355.652475089344,2.372,Comp0076,Proxy0002,6,65230,3128,7,132,1048,3419
50361.06082867782,0.562,Comp0023,DC0002,6,34370,445,17,37,5875,17017
50368.89219903175,2.32,Web0003,DB0001,6,59634,5432,7,63,3981,32142
50369.02708925734,7.651,Comp0056,FS0002,6,21090,445,46,127,3649,11649
50372.54199564456,0.284,Comp0032,DNS0001,17,64294,53,3,2,46,207
50373.61358494166,0.514,Comp0044,DNS0002,17,32581,53,2,2,48,91
50376.793060583674,2.977,Comp0009,Mail0001,6,51286,587,5,2,588,2882
50384.639028481964,0.181,Comp0044,DNS0002,17,2396,53,3,3,74,156
50387.5523911268,4.599,Comp0055,Web0005,6,20423,80,3,29,1107,4691
50389.53328370253,0.757,Comp0008,DC0001,6,6092,389,9,3,247,540
50394.823608871,18.047,Comp0009,Web0006,6,8575,443,14,123,297,4129
50395.677490331815,2.728,Comp0009,Proxy0002,6,57782,3128,5,32,1694,86217
50396.72764211673,7.889,Comp0030,Mail0002,6,6992,587,6,9,1332,1334
50399.28365512024,7.311,Comp0009,FS0001,6,10919,445,20,97,1481,25878
50408.572031467,41.145,Comp0080,FS0002,6,35323,445,26,66,2588,50398
50409.77368763438,0.113,Comp0036,DNS0002,17,44633,53,2,2,75,259
50412.30424506615,5.184,Comp0079,Mail0001,6,44788,587,4,8,488,1391
50416.66452577504,4.17,Comp0019,DC0002,6,30607,389,8,2,480,1427
50418.28092176683,15.168,Comp0019,DC0001,6,28279,445,34,69,3577,17919
50431.678020212385,1.795,Comp0045,Proxy0002,6,48294,3128,7,75,1009,5917
50433.82637486097,1.349,Comp0002,DC0002,6,46639,389,8,7,314,351
50434.49146768863,8.982,Comp0023,DC0002,6,11371,88,6,7,888,229
50434.938720578684,0.344,Comp0006,Web0004,6,50278,443,8,22,466,3825
50437.2932900289,0.106,Comp0054,DNS0002,17,13552,53,2,2,76,163
50438.688585671975,1.721,Comp0041,Web0003,6,11838,443,16,11,4069,8573
50444.75099902651,14.281,Comp0006,Web0004,6,33461,443,7,31,467,3430
50459.23460570523,3.434,Comp0042,DC0002,6,32254,389,5,11,177,2374
50461.69183881511,0.031,Comp0043,DNS0002,17,23335,53,3,3,82,167
50465.27747953106,0.069,Comp0079,DNS0001,17,14955,53,2,2,82,272
50467.75233113915,0.437,Comp0037,DNS0002,17,33652,53,2,2,169,116
50470.43944048574,17.617,Comp0080,FS0001,6,48994,445,13,169,496,2523
50472.30813853982,9.645,Comp0064,Web0001,6,18470,80,49,13,163,3854
50473.289456600134,0.07,Comp0048,DNS0002,17,54269,53,2,4,61,215
50474.31784547033,2.395,Comp0053,Web0006,6,11002,80,4,42,124,1721
50475.54411510813,9.165,Comp0055,Proxy0002,6,32113,3128,6,17,596,5725
50476.77166638078,1.715,Comp0036,DC0002,6,48962,88,5,19,584,668
50485.34339141061,0.089,Comp0039,DNS0001,17,35291,53,2,2,91,201
50494.85701771176,1.858,Comp0069,Proxy0002,6,53531,3128,14,84,1430,2380
50514.63668922307,5.286,Comp0024,Web0003,6,14885,443,8,49,3928,36117
50520.056014146125,0.165,Comp0038,DNS0001,17,58681,53,2,2,32,213
50520.51257583834,8.014,Proxy0002,Ext0017,6,27405,80,6,65,276,5091
50522.547193394654,0.295,Comp0063,Proxy0001,6,54767,3128,12,10,781,2951
50523.86529557791,4.485,Comp0007,DC0002,6,34422,88,6,6,492,2171
50529.59628230682,23.274,Comp0023,FS0003,6,60256,445,13,106,4534,84932
50532.73280107766,21.054,Comp0041,FS0003,6,39946,445,18,37,4117,10662
50535.729736948815,2.813,Comp0028,DC0002,6,1505,445,24,347,833,1678
50539.68186269624,16.036,Web0006,DB0003,6,47964,3306,16,378,1729,17438
50540.326570607984,3.451,Comp0070,Mail0002,6,31229,993,6,19,10618,1314
50543.45244423751,0.171,Comp0055,DNS0001,17,60090,53,2,3,50,66
50545.651554744654,0.872,Comp0052,FS0003,6,28466,445,6,242,486,3253
50545.67506771186,0.016,Comp0059,DNS0001,17,35556,53,3,3,46,150
50546.356692259586,0.899,Proxy0001,Ext0038,6,58374,80,12,25,1231,60861
50552.57525833731,3.707,Comp0063,DC0002,6,45364,88,8,4,960,1863
50554.83114592824,16.062,Comp0001,Web0002,6,23829,443,8,27,195,1656
50555.52220771604,1.381,Comp0031,Proxy0001,6,37881,3128,8,40,227,9823
50557.82171945117,4.014,Comp0040,Web0006,6,32650,443,12,64,1131,21359
50560.47600138129,0.056,Comp0052,DNS0001,17,23582,53,2,3,113,131
50560.49604482729,0.121,Comp0077,DNS0001,17,29402,53,2,3,48,292
50564.465855080816,0.027,Comp0078,DNS0002,17,61358,53,3,2,77,104
50571.1944474489,1.271,Comp0074,Web0002,6,44340,80,7,26,2655,29144
50579.95114836577,0.194,Comp0001,DC0002,6,42116,88,16,4,375,1619
50581.80721921777,0.532,Comp0059,Mail0001,6,62077,993,5,9,762,208
50587.36139993255,12.8,Comp0051,Web0003,6,34813,443,10,29,536,4477
50589.30745720091,2.351,Comp0018,Web0005,6,33074,443,30,72,1687,4599
50590.1729157453,15.592,Comp0075,Web0001,6,28717,443,5,18,340,1749
50593.224658242856,0.145,Comp0080,DC0001,6,44238,88,3,18,404,416
50598.06585829985,11.759,Comp0037,Proxy0001,6,33434,3128,11,68,102,5985
50598.14090288699,4.769,Comp0061,Mail0001,6,14384,993,17,9,262,321
50600.42829106587,2.671,Proxy0001,Ext0020,6,19302,443,2,44,1222,549
50606.469348857245,0.394,Comp0048,Web0003,6,16215,80,21,22,825,30672
50607.84660995924,4.049,Comp0045,Web0002,6,55292,443,12,103,1169,79227
50616.6843842874,0.395,Comp0034,DC0002,6,11970,88,8,6,117,113
50623.58995069201,2.458,Comp0024,DC0001,6,54915,88,3,6,89,145
50623.93791024449,6.034,Comp0072,Web0003,6,48104,443,15,20,3373,1237
50625.35386747755,0.224,Comp0044,DC0001,6,30211,88,6,7,419,572
50626.16569094215,0.004,Comp0020,DNS0001,17,41492,53,3,3,95,214
50632.649206016475,0.073,Comp0071,DNS0001,17,13229,53,2,3,59,116
50639.26089998404,5.52,Comp0017,Web0005,6,11821,443,12,28,538,18269
50642.54072101761,9.46,Comp0078,Proxy0002,6,2243,3128,16,24,290,6291
50642.791329666754,0.967,Comp0008,Proxy0002,6,32094,3128,15,44,1346,34771
50644.16966113366,13.025,Comp0039,FS0001,6,65361,445,8,461,1918,4381
50647.551316840996,0.23,Comp0070,DNS0002,17,52647,53,2,2,52,188
50649.43302046996,3.083,Comp0006,DC0001,6,19956,88,9,10,646,208
50657.61352166673,0.296,Comp0080,DNS0001,17,21814,53,2,2,43,269
50659.4882227613,3.022,Comp0022,Web0002,6,45012,80,11,48,380,4676
50660.18986209857,8.945,Comp0041,DC0002,6,22371,88,7,27,686,834
50660.46348471175,17.443,Comp0036,Web0004,6,54176,443,16,17,334,18862
50675.661419909535,0.461,Comp0036,DNS0002,17,23239,53,2,3,56,379
50691.35267302715,0.015,Comp0015,DNS0002,17,11035,53,2,2,55,214
50695.330074701764,8.98,Comp0056,FS0003,6,18832,445,7,107,1017,26533
50699.736277490345,0.876,Comp0018,Web0001,6,26860,443,10,96,207,4603
50705.958145969766,0.027,Comp0072,DNS0001,17,11081,53,2,3,50,188
50707.27394461375,0.499,Comp0012,DNS0002,17,43003,53,2,2,67,110
50708.047663921105,6.107,Comp0060,Proxy0001,6,16355,3128,7,29,76,11813
50712.781961607456,3.651,Comp0065,Web0002,6,31297,443,4,58,834,5060
50715.7817087486,0.27,Comp0078,DNS0002,17,41745,53,2,2,80,193
50715.94828261563,23.736,Comp0005,DC0001,6,64878,445,8,110,1136,32106
50717.17971078897,2.425,Comp0032,DC0001,6,43398,88,4,4,359,278
50718.94509409565,0.173,Comp0044,Web0006,6,59445,443,7,126,513,4882
50721.268122712,2.173,Comp0039,Web0003,6,46208,80,8,32,938,3036
50724.139829489475,1.776,Comp0061,Web0005,6,40731,443,14,34,543,12699
50729.733569551885,0.006,Comp0032,DNS0002,17,16640,53,2,3,82,120
50735.56916812897,4.141,Comp0011,FS0001,6,57771,445,94,16,2374,2735
50743.34023764414,0.678,Web0002,DNS0002,17,15052,53,2,3,80,147
50756.834267063554,0.127,Comp0042,DNS0001,17,62198,53,2,3,35,530
50770.61960060024,0.757,Comp0014,Mail0002,6,11095,993,4,7,225,2361
50780.51040206737,5.374,Comp0042,Web0003,6,50278,80,13,51,74,6273
50783.3452795801,5.876,Comp0043,Proxy0001,6,17409,3128,8,48,784,5700
50787.41884355044,0.161,Comp0030,DNS0002,17,35177,53,2,2,61,165
50797.717972916,1.187,Comp0044,Web0004,6,51872,80,5,81,178,5474
50798.11934248681,0.596,Comp0073,DC0001,6,52188,88,6,5,241,3770
50799.076486499725,23.556,Comp0040,FS0001,6,51350,445,40,32,631,7422
50800.495247567604,6.748,Comp0021,DC0001,6,62373,445,12,48,628,45229
50801.057706296604,0.654,Comp0062,Web0005,6,50834,80,8,21,203,4862
50805.268277833304,1.428,Comp0016,Web0002,6,11530,443,4,24,1218,6494
50815.4422856107,0.336,Comp0033,DNS0001,17,44325,53,2,2,140,270
50816.79771903923,9.641,Comp0042,Proxy0001,6,56170,3128,21,84,481,10686
50820.49506822152,0.161,Comp0042,DNS0002,17,26003,53,2,3,88,133
50820.728603956515,1.648,Comp0053,DC0002,6,41129,389,9,9,648,1412
50822.96030940639,3.32,Comp0051,Web0004,6,15902,443,7,34,2222,15565
50830.57700400788,2.777,Comp0058,Web0006,6,36668,443,10,18,1793,6358
50834.667723007915,0.354,Comp0040,DNS0001,17,38856,53,2,3,36,235
50842.033420404296,10.021,Comp0011,Mail0001,6,62196,993,6,3,190,584
50843.92711598026,12.069,Comp0021,Proxy0002,6,45667,3128,4,24,2194,15369
50852.302556349336,2.346,Comp0015,FS0002,6,43894,445,6,56,2837,21439
50853.563928374395,16.69,Comp0040,DC0002,6,9276,445,53,43,4458,7476
50859.71418455038,0.076,Comp0032,DNS0001,17,52921,53,2,2,55,103
50860.177321092524,1.445,Comp0007,Web0005,6,50769,443,4,41,864,2223
50860.69891021095,2.374,Comp0014,Web0005,6,29665,443,28,39,4678,1036
50861.62855689054,4.22,Comp0016,Web0003,6,43143,443,4,4,498,22824
50862.12207109563,0.075,Comp0075,DNS0001,17,39781,53,2,2,77,176
50868.06910900201,0.574,Comp0031,Proxy0002,6,43519,3128,3,10,1208,1422
50871.18868578902,13.697,Comp0032,DC0002,6,24956,389,11,4,2920,557
50872.19625059593,0.7,Comp0080,DC0002,6,24384,88,4,3,183,446
50874.8181743355,2.451,Comp0059,Mail0001,6,45274,587,6,18,692,692
50875.44441357473,0.08,Comp0077,Web0006,6,59772,443,9,39,328,4336
50877.53829740639,5.496,Comp0046,FS0003,6,18359,445,28,204,894,24596
50878.501269856344,0.081,Comp0010,DNS0001,17,18273,53,3,2,103,291
50882.06262190856,1.895,Comp0023,Web0006,6,46548,443,14,26,1914,17422
50884.82012036882,0.515,Comp0072,DNS0002,17,44944,53,3,2,39,179
50893.40624386827,0.798,Comp0032,DNS0001,17,21701,53,3,2,61,147
50894.51741573481,3.43,Comp0068,Proxy0001,6,27879,3128,5,58,338,12024
50901.327503464956,2.168,Comp0030,Web0003,6,51384,443,15,27,2842,6369
50924.442766371765,0.27,Comp0023,Web0003,6,44281,443,2,33,356,4194
50930.29229380276,0.098,Comp0043,DNS0002,17,22935,53,2,3,70,152
50934.90395838986,2.927,Comp0067,Mail0002,6,5124,993,9,3,709,255
50934.93711804987,0.927,Comp0057,DNS0002,17,63686,53,4,2,46,74
50938.8275511696,10.4,Comp0016,FS0001,6,33750,445,39,12,900,10284
50942.58877902252,8.823,Comp0003,Web0001,6,45336,80,15,134,188,12396
50947.61511475106,1.698,Comp0012,Web0004,6,58618,80,7,11,2757,12296
50956.81350356652,8.167,Comp0080,DC0002,6,18792,445,17,286,921,35591
50967.87380408167,0.614,Comp0028,Proxy0002,6,62718,3128,4,39,520,54457
50969.97777822776,40.404,Comp0042,FS0001,6,13098,445,21,46,1297,2346
50971.2442883629,14.938,Comp0061,FS0002,6,13279,445,23,103,3466,42750
50971.58164898736,2.397,Comp0051,DC0002,6,17004,88,4,21,187,68
50975.04995537982,0.286,Comp0016,DNS0002,17,43605,53,2,3,113,206
50978.32486111883,0.094,Web0005,DNS0001,17,8722,53,2,3,30,547
50978.647438308304,0.347,Comp0038,DNS0002,17,15735,53,3,2,53,175
50992.61089794265,0.165,FS0001,DNS0002,17,27400,53,3,4,69,81
50994.36005469983,0.226,Comp0052,DNS0001,17,1069,53,3,3,44,126
50995.18188102961,0.6,Comp0079,Web0005,6,53629,443,7,22,311,1624
50998.35761910577,0.975,Comp0013,Web0003,6,10997,443,17,53,466,26755
51000.53578343353,0.177,Comp0030,DNS0002,17,44989,53,2,2,85,121
51001.36061063593,1.692,Comp0015,FS0001,6,1364,445,11,59,1182,8974
51005.62250054886,0.137,Comp0080,DNS0001,17,56879,53,3,3,135,77
51005.92507640908,6.143,Comp0047,Web0003,6,55435,443,8,37,2294,44765
51009.716011045224,8.193,Comp0014,FS0001,6,40696,445,10,71,1770,89208
51014.56993063422,9.208,Comp0052,Proxy0001,6,34674,3128,12,62,62,3098
51016.941015365315,3.926,Comp0080,Mail0001,6,11357,993,4,8,1546,1810
51019.9899374286,1.097,Comp0044,Web0003,6,58409,80,12,33,539,602
51020.11376892723,39.182,Comp0010,FS0001,6,40527,445,11,60,6496,18091
51022.81146962217,7.737,Comp0059,Web0001,6,11663,80,8,54,521,52218
51026.28860707461,4.743,Comp0008,FS0001,6,3376,445,15,46,3601,6694
51028.424781471964,10.205,Comp0047,Web0002,6,52312,443,11,167,522,2302
51029.67141861637,1.12,Comp0039,Web0005,6,13223,80,4,86,512,2782
51030.008921113396,0.783,Comp0061,Web0003,6,38056,80,6,40,1176,6837
51032.30747732995,45.466,Comp0037,DC0002,6,14686,445,22,260,1818,4616
51044.67383138997,1.093,Comp0054,Proxy0002,6,47430,3128,7,40,1150,2679
51046.36222013894,0.039,Comp0050,DNS0001,17,18275,53,3,3,40,132
51051.41202276382,0.055,Comp0020,DNS0001,17,24558,53,3,2,58,434
51055.691833454686,0.283,Comp0008,DNS0002,17,5540,53,2,2,60,159
51057.92314862816,0.057,Comp0009,Proxy0002,6,44599,3128,9,207,647,2338
51058.0820950214,0.088,Comp0027,FS0003,6,14656,445,89,52,6469,5220
51065.36983723333,0.446,Comp0078,Web0006,6,46725,443,4,24,3279,4444
51074.48726436721,0.597,Comp0064,Web0006,6,31380,443,6,44,565,2078
51075.83008373467,4.93,Comp0007,FS0002,6,17013,445,12,319,1476,2907
51077.05320253697,11.683,Comp0009,Web0003,6,30173,443,2,25,755,3604
51079.64125176696,0.23,Comp0042,DNS0001,17,11279,53,3,3,56,287
51080.819288314,16.366,Comp0028,FS0002,6,22388,445,93,86,596,6347
51082.84277468694,0.165,Comp0005,DNS0001,17,36824,53,2,3,104,132
51083.65624615638,10.924,Comp0022,Web0002,6,5657,443,26,39,262,24502
51101.83073595244,0.685,Comp0003,Web0006,6,3809,443,12,76,1491,4625
51102.731003144305,0.225,Comp0002,DNS0002,17,5513,53,2,2,55,78
51103.6422684799,27.371,Web0002,DB0002,6,2073,3306,16,82,1873,10575
51104.14978188205,0.519,Comp0017,Web0006,6,57734,443,7,37,435,13775
51104.719875912095,7.352,Comp0047,Web0001,6,39769,80,11,111,188,11952
51108.82780423402,2.111,Comp0039,Web0003,6,38889,443,5,170,525,5334
51109.008904578055,15.47,Comp0043,DC0001,6,43647,445,21,17,4244,13429
51110.573086307835,4.273,Comp0051,Proxy0001,6,6492,3128,4,44,880,1074
51119.1079208508,7.782,Comp0028,FS0003,6,61023,445,12,116,1110,2450
51120.27426195659,1.788,Comp0068,Web0006,6,34107,443,4,81,224,1885
51129.2440458706,0.291,Comp0041,DC0001,6,29285,88,11,9,309,240
51137.40637805122,0.011,Comp0041,DNS0002,17,42285,53,2,2,34,172
51141.099550752595,0.135,Comp0048,DNS0002,17,33804,53,2,2,110,286
51141.65010521744,2.181,Comp0072,DC0002,6,46647,389,4,6,348,421
51141.688868534206,4.695,Comp0073,Proxy0001,6,27748,3128,4,102,512,20591
51143.74852590219,0.017,Comp0010,DNS0002,17,9302,53,2,3,33,100
51144.65570431628,2.224,Comp0050,Web0001,6,16331,443,13,15,318,22343
51156.9590926771,11.253,Comp0033,Proxy0002,6,54457,3128,8,37,248,802
51158.122444883404,3.923,Comp0061,Web0006,6,65231,443,8,7,931,1613
51158.389175129974,6.491,Comp0048,DC0002,6,11701,389,4,40,562,316
51166.54414342554,0.212,Comp0004,DNS0001,17,59724,53,3,4,48,262
51168.52092084814,0.037,Comp0014,DNS0001,17,33270,53,3,3,102,409
51169.32659526798,0.03,Comp0078,Mail0002,6,50788,587,10,16,446,1066
51170.44832488436,9.146,Comp0014,DC0001,6,19658,389,13,24,834,3582
51183.990369561056,10.81,Comp0026,Mail0002,6,38818,587,4,12,262,454
51184.17333093897,0.014,Comp0015,DNS0002,17,28293,53,2,3,72,108
51184.64478948848,8.341,Comp0005,Web0005,6,19910,443,15,35,687,8723
51192.384631327506,3.47,Comp0077,Proxy0001,6,5437,3128,17,71,131,1399
51203.11052699017,0.303,Comp0068,DNS0002,17,60231,53,3,3,84,189
51203.89731079159,24.861,Comp0073,DC0001,6,27633,445,17,30,4001,23007
51209.48022340426,5.641,Comp0072,Web0006,6,20240,443,6,25,117,22308
51215.52684190191,0.191,Comp0066,DNS0001,17,35781,53,4,3,51,131
51216.49281713918,8.378,Comp0059,Web0003,6,35054,443,15,58,191,2629
51221.941320483376,4.18,Comp0075,Proxy0001,6,53296,3128,13,36,428,6671
51224.8442154153,0.893,Comp0026,Web0002,6,22199,443,4,24,621,2189
51226.81343758215,0.063,Comp0018,DNS0001,17,3793,53,2,2,180,75
51228.107977198204,0.042,Comp0001,DNS0001,17,4641,53,2,2,49,146
51231.5369886513,0.621,Comp0060,DNS0001,17,59770,53,3,3,71,131
51232.39636359288,1.356,Comp0004,DNS0001,17,8486,53,2,3,203,188
51233.04308307069,0.011,Comp0064,DNS0002,17,10648,53,2,2,204,78
51234.28194190895,2.252,Comp0049,Web0003,6,26360,443,5,39,697,1831
51247.83783868067,0.337,Comp0010,DNS0001,17,52117,53,3,3,110,100
51251.64143814744,0.042,Comp0037,DNS0002,17,41406,53,2,3,90,170
51253.23638871984,0.199,Comp0073,DNS0001,17,5919,53,2,3,71,214
51255.24090221078,0.347,Comp0075,Proxy0002,6,21840,3128,10,37,244,28978
51255.73233875185,3.631,Comp0030,Mail0002,6,42864,993,3,6,163,523
51255.840658099936,0.133,Comp0027,DNS0001,17,61120,53,3,3,47,480
51262.62643846153,7.487,Comp0071,Proxy0002,6,44405,3128,8,71,96,13172
51275.42254554395,10.921,Comp0075,Web0005,6,14572,443,10,16,2629,7160
51284.74024704772,1.365,Comp0014,DC0002,6,36546,389,8,7,127,572
51285.01679202224,18.802,Comp0001,Proxy0002,6,10340,3128,5,77,922,1575
51285.95706824515,0.012,Comp0012,DNS0002,17,40542,53,2,3,89,153
51292.70016136559,4.588,Comp0042,Proxy0001,6,64463,3128,11,52,460,365
51293.14826420648,6.221,Comp0045,DC0001,6,16777,389,6,15,621,1807
51295.99221000035,27.732,Comp0073,DC0001,6,22105,445,27,75,965,7322
51298.48817273352,1.091,Comp0074,Web0004,6,35456,443,5,38,1754,5615
51298.92724723408,3.527,Comp0060,Mail0002,6,7597,993,3,5,626,2045
51300.98898672049,0.951,Comp0015,DNS0001,17,10906,53,2,3,45,140
51307.95952939005,5.076,DNS0001,DC0001,6,62979,389,6,8,519,342
51316.841588476935,12.132,Comp0060,Mail0002,6,26404,993,2,20,420,626
51317.39924356884,0.144,Comp0061,Web0002,6,7051,443,9,45,876,7605
51320.77104272642,4.379,Comp0032,Web0001,6,19478,443,2,224,245,5677
51321.550070033954,2.29,Comp0076,Web0003,6,32300,80,20,196,3921,6652
51324.35905297379,7.366,Comp0036,Web0005,6,13650,443,4,74,1729,6043
51326.035377456195,0.223,Comp0004,DNS0001,17,13735,53,3,3,42,116
51332.411049975046,0.313,Comp0063,DNS0002,17,57676,53,3,3,53,152
51342.17424738058,3.825,Comp0041,FS0002,6,24621,445,25,163,558,42853
51355.27563217089,5.063,Comp0009,Proxy0001,6,49221,3128,10,15,611,24794
51355.50300526132,2.525,Comp0044,Web0001,6,18292,443,8,96,230,3533
51357.10403158725,5.36,Comp0056,Web0005,6,24785,443,7,72,635,2654
51360.314149923724,1.922,Comp0029,DC0001,6,26155,389,5,13,259,176
51373.1125254397,2.935,Comp0065,Web0005,6,22566,443,10,65,2980,11729
51376.27596498535,4.349,Comp0019,Mail0002,6,14773,587,8,9,288,521
51379.377321857246,0.524,Comp0053,DNS0001,17,10111,53,2,2,86,274
51379.61618252098,0.232,Comp0037,DC0001,6,61016,88,3,12,231,377
51382.579917560295,2.496,Comp0053,FS0003,6,24614,445,17,120,4191,87461
51385.38054788935,11.625,Comp0059,Mail0001,6,36973,587,6,4,61,460
51385.612649188115,0.618,Comp0074,Web0003,6,19899,443,19,30,1464,1730
51391.14300897939,4.201,Proxy0002,Ext0028,6,26059,443,6,101,466,23407
51391.79794155187,2.497,Comp0054,FS0002,6,64466,445,97,50,4231,38018
51391.947501840164,5.323,Comp0005,DC0002,6,15757,389,6,4,541,762
51393.354379033604,3.207,Comp0025,DC0001,6,39007,88,5,22,207,561
51395.250420997436,0.698,Comp0027,DC0002,6,59253,389,6,38,252,891
51399.33367139821,8.126,Comp0002,FS0001,6,39181,445,83,1011,1817,18440
51402.202624258774,4.488,Comp0049,Web0006,6,3223,443,5,16,1120,504
51409.51933605633,1.155,Comp0037,DC0002,6,14912,88,12,5,147,3535
51413.6558971254,3.445,Comp0018,Proxy0001,6,60323,3128,11,27,1486,2487
51413.849539100316,0.159,Comp0059,DNS0001,17,3245,53,3,3,80,73
51417.50107311206,1.43,Comp0064,Web0001,6,54792,80,6,18,490,23243
51417.76803524914,0.681,Comp0064,DC0001,6,20818,88,4,6,1206,277
51422.40261686409,0.352,Comp0052,DNS0001,17,54437,53,2,3,53,184
51426.61818468221,1.134,Comp0005,DC0002,6,14049,88,6,7,133,1586
51430.60857890345,0.097,Comp0060,DNS0002,17,11108,53,2,2,154,123
51444.27946199411,0.993,Comp0072,Proxy0002,6,41414,3128,8,69,112,6552
51445.376530700676,1.671,Comp0053,Web0006,6,19212,443,3,76,1263,40758
51448.45966463513,14.35,Web0003,DB0004,6,20461,3306,29,25,763,241793
51448.70110879197,8.389,Comp0047,DC0001,6,10075,445,16,145,963,19837
51450.40912881592,5.818,Comp0028,Proxy0002,6,43427,3128,32,20,468,4890
51454.51867362597,3.621,Comp0005,Web0002,6,30353,80,4,22,1019,1479
51454.993452874936,7.542,Comp0039,Web0006,6,59213,443,18,55,156,4483
51458.73027732212,9.279,Comp0062,DC0002,6,11772,88,9,13,238,380
51459.06115411273,4.284,Comp0070,Web0005,6,32568,443,4,25,213,11023
51459.1018892271,5.762,Comp0022,Proxy0001,6,3646,3128,8,74,402,51300
51461.920548431815,0.322,Comp0046,DNS0001,17,28091,53,2,3,51,154
51461.92595808566,6.651,Comp0002,Web0004,6,42465,443,22,151,176,2264
51462.156277182265,2.883,Comp0076,Mail0002,6,52098,993,4,11,466,695
51467.45036721232,1.823,Comp0069,Proxy0002,6,8034,3128,20,130,1064,18246
51467.57137568118,0.624,Comp0004,DNS0001,17,43947,53,3,3,130,180
51478.79673550877,11.307,Comp0080,Web0001,6,49739,443,12,4,744,11783
51481.029050214835,0.011,Comp0009,DNS0002,17,15199,53,2,3,41,56
51490.13262932692,0.198,Comp0027,DNS0001,17,5622,53,2,2,86,211
51491.4645883298,9.804,Comp0066,Proxy0002,6,19248,3128,8,184,100,377
51493.76569956021,0.039,Comp0040,DNS0002,17,36924,53,2,3,81,88
51494.47766761079,5.284,Comp0073,Web0004,6,58922,443,5,19,721,2670
51516.89308882361,0.249,Comp0056,Web0003,6,12885,80,9,45,1252,7191
51526.2055936222,10.123,Comp0028,Proxy0002,6,39459,3128,11,28,686,6925
51537.56457625173,5.818,Comp0047,Mail0002,6,40353,993,2,6,103,628
51539.41409800536,0.308,Comp0050,DC0002,6,26700,389,4,5,113,290
51541.204948977684,0.318,Comp0070,Web0004,6,40123,443,9,25,1728,10378
51544.14782792904,0.052,Comp0026,DC0001,6,17722,88,16,9,1295,2398
51545.837937352284,0.31,Comp0048,DNS0001,17,14683,53,3,3,59,82
51566.392993652,3.593,Comp0071,Proxy0001,6,11373,3128,12,22,1437,11618
51571.09502284856,5.731,Comp0016,Web0001,6,26989,443,11,150,744,8934
51571.531150210045,11.199,Comp0050,DC0001,6,64846,88,3,4,2081,421
51571.6158073375,41.893,Web0002,DB0001,6,57455,3306,61,38,8006,12534
51573.43840115757,0.235,Comp0008,DNS0001,17,27860,53,3,3,93,271
51585.88137233847,4.898,Comp0038,Proxy0001,6,65147,3128,13,51,592,8332
51588.763433684384,0.026,Comp0077,DNS0001,17,21523,53,3,3,83,352
51588.935223570676,0.84,Comp0036,Mail0001,6,25644,587,5,6,194,524
51592.69398742913,6.215,Comp0078,DC0001,6,10682,445,5,45,18633,68147
51593.65138670877,0.594,FS0001,DC0001,6,44770,88,13,10,177,325
51608.86124118931,3.048,Comp0045,Web0001,6,54288,443,16,70,134,4292
51608.94211657653,0.194,Comp0053,DNS0001,17,4297,53,3,3,38,249
51609.75989233788,15.84,Comp0004,Web0001,6,46212,443,22,37,912,7999
51618.598244705485,0.049,Comp0067,DNS0001,17,53951,53,2,2,59,224
51622.06435113007,5.876,Web0002,DB0001,6,20654,3306,15,47,1350,15069
51623.29087922089,6.514,Comp0009,Proxy0001,6,13231,3128,11,29,1452,5749
51631.74078194424,0.144,FS0003,DNS0001,17,36180,53,2,2,49,170
51633.04554624415,4.551,Comp0008,Web0003,6,24469,443,3,36,746,11898
51634.55270236115,28.649,Comp0053,FS0003,6,48520,445,14,27,661,8089
51641.2724543554,2.575,Comp0063,Web0006,6,21940,80,13,22,572,2618
51643.108337792706,14.93,Comp0071,Web0006,6,16189,80,8,43,406,6582
51646.2642457419,0.279,Comp0001,Web0002,6,13539,443,15,21,1169,2954
51648.768940817645,25.689,Comp0019,Web0006,6,20845,443,5,41,3134,20428
51655.28462773926,0.549,Comp0029,DNS0001,17,47483,53,2,3,68,101
51661.52129148695,3.557,Comp0032,FS0003,6,40007,445,33,35,2584,3107
51662.45327231112,0.074,Comp0051,DNS0002,17,8689,53,2,4,61,98
51664.15103675656,5.25,Comp0030,Web0001,6,10382,443,13,159,1393,14688
51667.77415509548,18.654,Comp0006,Proxy0001,6,56502,3128,29,12,2588,1539
51667.77857579589,0.616,Comp0012,Mail0002,6,45920,993,5,5,239,380
51670.06132515477,0.247,Comp0041,DNS0002,17,54112,53,3,2,33,337
51673.797897797755,3.617,Comp0053,Mail0001,6,41132,587,12,8,353,682
51674.4284208228,6.563,Comp0048,Proxy0002,6,21616,3128,13,88,417,11381
51674.681097826055,0.018,Comp0008,DNS0001,17,52302,53,2,3,74,87
51674.68246653225,3.442,Comp0061,DC0001,6,45766,88,5,3,193,253
51688.09998047423,2.427,Comp0018,Proxy0001,6,49346,3128,5,23,1572,6250
51688.761793699145,0.079,Comp0039,DNS0001,17,43698,53,2,3,71,135
51689.7461944509,0.367,Comp0057,Mail0002,6,14569,993,9,5,422,369
51694.258568793535,0.026,Comp0054,DNS0001,17,49308,53,2,3,121,53
51695.14689452755,2.85,Comp0016,Mail0001,6,5256,993,11,5,711,607
51700.38407590893,2.619,Proxy0002,Ext0001,6,47591,443,49,26,1137,1905
51716.899372029584,6.977,Comp0012,FS0002,6,2137,445,6,212,1941,4901
51719.38623863417,0.808,Proxy0001,Ext0031,6,58482,80,15,102,1296,1477
51720.79791998464,7.12,Comp0006,FS0001,6,15337,445,23,27,1216,3476
51722.72838904299,7.276,Comp0074,Web0006,6,10537,443,25,8,3165,11248
51727.97245746866,0.961,Comp0014,Proxy0001,6,52147,3128,9,15,1355,11933
51728.27968501051,0.754,Comp0074,Mail0002,6,63749,993,6,7,129,621
51730.27250932994,4.98,Comp0053,Web0003,6,15457,443,17,35,2615,21816
51733.19786562736,11.83,Comp0030,FS0003,6,42335,445,17,336,1008,2738
51736.850610442416,0.134,Comp0027,DNS0001,17,31969,53,3,3,34,275
51736.921290904334,0.316,Comp0054,Proxy0001,6,11466,3128,9,17,894,3833
51738.12884360909,16.246,Comp0068,FS0002,6,60594,445,10,136,5377,45372
51738.84777712856,6.566,Comp0033,DC0002,6,12131,445,64,45,750,14853
51742.91548197098,0.345,Comp0072,DNS0002,17,32564,53,2,3,35,122
51745.317576755355,0.117,Comp0043,DNS0001,17,40428,53,3,3,45,392
51753.99066371631,5.006,Comp0061,Proxy0002,6,51915,3128,5,51,258,1599
51754.089776167355,0.351,Comp0023,Mail0001,6,39739,587,4,10,226,510
51754.44735531863,9.99,Comp0054,FS0001,6,43741,445,77,113,949,94800
51755.22394011529,0.218,Comp0063,DNS0002,17,55435,53,2,3,85,174
51756.144740394775,11.068,Comp0067,DC0002,6,12247,389,6,4,528,501
51760.379717654534,9.277,Web0002,DB0002,6,36469,3306,17,19,4840,85930
51761.67767460534,0.865,Comp0059,Web0005,6,41086,80,12,62,1943,39456
51764.911266245465,9.185,Comp0050,Web0001,6,24356,443,10,74,552,2867
51767.525116932775,1.749,Proxy0002,Ext0012,6,63092,443,5,21,1502,17397
51776.54875576519,3.533,Comp0029,FS0002,6,30260,445,22,108,677,22103
51778.11458426414,2.298,Comp0039,Mail0002,6,1616,587,5,12,126,1003
51779.10862841596,20.959,Comp0009,FS0001,6,54947,445,35,78,575,3053
51785.13108565436,0.121,Comp0022,DNS0002,17,18274,53,2,3,80,204
51791.182855494844,1.657,Comp0023,Web0003,6,57811,443,15,45,797,8468
51791.867465809235,3.163,Comp0036,Web0001,6,34594,80,6,20,766,1880
51799.96322397713,5.408,Comp0040,Proxy0002,6,14483,3128,8,21,594,2725
51803.026370320054,4.635,Comp0030,Web0001,6,44430,443,13,15,3320,1517
51821.8777596917,6.043,Comp0076,Web0002,6,55099,80,11,30,643,998
51826.22302341123,4.319,Comp0041,Mail0002,6,25303,993,10,13,125,886
51826.4767689797,2.107,Comp0053,Mail0002,6,30823,587,6,16,277,610
51827.61831160087,2.559,Comp0007,Web0006,6,33029,443,6,43,493,8139
51831.38128610783,4.132,Comp0064,FS0003,6,27690,445,4,75,602,13710
51833.01130356295,2.865,Comp0011,DC0002,6,50646,88,3,4,777,5112
51835.162257697026,8.149,Comp0077,FS0003,6,37027,445,10,76,3423,1292
51842.54881599464,3.571,Comp0054,DC0001,6,55887,88,6,3,196,6263
51843.54721488222,0.011,Comp0014,DNS0001,17,59499,53,2,2,84,282
51843.67121516627,5.698,Comp0046,Web0004,6,20400,443,7,13,249,17150
51847.09819947961,0.151,Comp0068,DNS0001,17,26840,53,2,2,33,157
51848.1963861448,0.159,Comp0051,DNS0001,17,47201,53,2,2,77,140
51850.035339020586,6.422,Comp0039,DC0001,6,64551,88,13,5,398,950
51855.17597630037,2.905,Comp0071,Web0006,6,49307,443,4,55,463,3517
51856.56445419477,14.317,Comp0052,Web0005,6,14869,443,26,54,181,1957
51857.0936889261,3.141,Comp0033,Web0001,6,32824,443,20,17,982,6327
51859.055027105154,0.045,Comp0008,DNS0002,17,49506,53,3,2,139,134
51860.33075888383,0.654,Comp0067,Mail0001,6,16736,993,6,13,1499,901
51860.547251466975,3.463,Comp0036,DC0001,6,40577,88,4,10,202,1154
51863.28343884242,2.666,Comp0021,DC0001,6,61373,88,2,3,579,318
51864.4187867716,6.684,Comp0007,DC0001,6,18301,88,3,4,411,210
51870.44886317975,1.205,Comp0030,FS0002,6,48073,445,22,46,3842,116033
51870.862457521675,6.426,Comp0074,Mail0002,6,3853,587,5,7,521,1041
51872.489900618355,1.665,Comp0030,DC0002,6,38210,445,32,19,6789,3479
51872.99896642601,0.459,Web0003,DC0001,6,41201,389,4,10,584,1054
51883.00704180904,0.523,Comp0014,Web0002,6,40115,80,16,31,751,4133
51883.18278920833,2.241,Comp0017,Mail0002,6,58150,587,6,9,119,1718
51885.43185534969,3.784,Comp0071,DC0002,6,35330,88,5,15,1429,1330
51886.3787504768,1.762,Comp0032,Web0001,6,1384,80,4,102,570,1959
51888.51937847317,1.703,Comp0053,Proxy0001,6,30497,3128,9,73,1649,5453
51888.913124139886,0.07,Comp0036,DNS0001,17,61484,53,3,2,64,112
51889.33777349325,0.312,Comp0032,DNS0002,17,29819,53,2,3,43,192
51894.568197028464,0.517,Comp0010,DC0002,6,36664,389,8,5,552,1200
51899.51229280586,4.911,Comp0048,Proxy0001,6,33142,3128,7,13,286,2936
51901.07492656979,8.749,Comp0077,Mail0002,6,7096,587,3,16,2494,326
51902.152980027866,2.179,Comp0031,DC0001,6,17025,445,10,97,6380,7640
51906.9138880154,1.802,Comp0056,DC0001,6,23264,88,5,12,426,720
51909.014874004606,1.85,Comp0013,FS0002,6,34326,445,8,87,2832,50943
51917.23063039827,2.311,Comp0072,Mail0001,6,63562,587,6,6,297,201
51917.90279251358,8.227,Comp0019,Web0005,6,41469,443,5,239,850,15596
51920.835717930575,2.672,Comp0080,Web0001,6,53577,443,17,17,1148,12226
51922.00474601322,0.018,Comp0046,DNS0002,17,32270,53,3,2,99,125
51924.05831366215,10.335,Comp0041,FS0002,6,45162,445,6,14,6271,41498
51926.12768021059,7.375,Comp0067,FS0001,6,22520,445,14,209,1102,9963
51927.28819362244,1.987,Comp0019,Mail0002,6,35444,587,5,18,306,740
51931.90509603377,0.07,Comp0072,DNS0001,17,65293,53,3,2,36,281
51937.331153976156,0.151,Comp0004,DNS0001,17,33081,53,2,3,193,133
51939.772671056955,0.165,Comp0012,DNS0002,17,37329,53,2,3,51,320
51939.774344643476,1.315,Comp0057,Web0001,6,56260,443,15,35,4948,6842
51942.95128320797,0.818,Comp0048,DNS0002,17,51692,53,2,3,51,103
51959.07797247759,2.268,Comp0069,DC0001,6,65374,389,7,5,784,717
51959.91079345637,18.841,Comp0003,FS0002,6,25601,445,37,421,1864,28846
51960.18312403644,0.758,Comp0074,DNS0001,17,51937,53,2,3,66,115
51963.036622408545,0.886,Comp0029,Proxy0001,6,24409,3128,14,41,280,1110
51965.72412297508,23.41,Comp0013,Web0006,6,19771,443,4,78,954,7458
51966.45464932936,0.91,Comp0008,Web0002,6,9817,443,25,38,259,25349
51966.59163022466,20.373,Comp0027,Web0001,6,17268,443,5,46,1062,8469
51967.489485811486,10.811,Comp0050,FS0001,6,16708,445,57,89,1522,11836
51968.992043373684,3.355,Proxy0002,Ext0036,6,60240,80,8,56,406,4038
51972.78172103183,0.124,Comp0080,DNS0002,17,27186,53,3,3,74,68
51977.54115458869,0.189,Comp0080,DNS0001,17,39543,53,2,2,25,188
51978.3781774537,4.011,Comp0018,Web0003,6,56291,443,13,66,1718,4279
51978.76962714844,2.088,Comp0027,DC0002,6,42297,445,56,71,3802,123479
51988.9678025843,1.165,Comp0079,DC0002,6,33828,88,12,7,1582,2199
51988.998334507945,2.665,Comp0036,DC0002,6,15073,88,8,5,425,1236
51992.262412206954,0.386,Comp0013,Mail0002,6,51776,587,7,9,397,195
52011.63719752473,0.106,Comp0050,Mail0001,6,44410,587,4,18,1260,1227
52016.74418481577,0.285,Comp0018,DNS0001,17,4539,53,2,3,105,84
52021.96662058891,11.864,Comp0061,Web0006,6,22268,443,2,30,570,13958
52027.64092968845,0.522,Comp0047,DNS0002,17,1723,53,4,2,131,75
52033.97079923285,42.815,Comp0045,DC0002,6,27754,445,22,34,4365,5383
52034.47198701203,0.012,Comp0046,DNS0002,17,51046,53,3,3,59,256
52038.17857933275,0.023,Comp0022,DNS0001,17,22047,53,2,3,38,179
52039.62183584078,4.003,Comp0062,Web0006,6,51559,443,7,23,881,7659
52039.90295966251,0.09,Comp0002,DNS0002,17,42559,53,2,3,50,115
52055.84127571902,41.184,Comp0075,FS0001,6,24772,445,13,138,8622,4678
52066.345000991765,8.337,Comp0079,Web0005,6,45795,443,5,47,332,9595
52071.79290873307,0.96,Comp0028,DC0001,6,17888,88,4,4,264,1212
52072.401242699714,11.807,Comp0041,Proxy0001,6,22053,3128,26,25,160,8085
52076.732178462706,2.637,Comp0032,Web0001,6,56698,443,3,22,486,8889
52077.0453910158,2.187,Comp0010,Web0002,6,63045,80,16,39,641,762
52079.838389630306,1.395,Comp0068,Mail0002,6,46000,993,5,8,122,145
52083.813455552736,0.48,Comp0060,DNS0001,17,19661,53,2,3,77,160
52085.01839293636,1.364,Comp0056,DC0002,6,63441,445,9,68,5155,8241
52085.631089197304,0.667,Comp0052,DNS0001,17,3564,53,4,3,91,299
52089.34972807156,0.099,Comp0009,DNS0002,17,30312,53,2,3,46,97
52091.74021939102,22.451,Comp0062,FS0002,6,33975,445,13,88,605,5487
52096.403576220146,8.253,Comp0041,Web0006,6,44699,443,11,28,257,1595
52102.611111216094,1.212,Comp0055,Mail0002,6,42741,993,4,5,404,184
52106.41714725842,1.476,Comp0071,Web0006,6,31286,80,8,9,3698,8565
52108.81540962605,0.266,Comp0013,DNS0001,17,63410,53,2,3,77,97
52111.19301324021,0.75,Proxy0001,Ext0027,6,34776,443,11,11,304,29382
52114.00000956982,0.094,Comp0029,DNS0002,17,59146,53,3,2,82,59
52121.021067671165,5.513,Comp0013,FS0002,6,46801,445,15,111,450,131574
52128.640963681144,1.889,Comp0045,DC0002,6,62506,389,4,6,247,1053
52134.75251514878,0.591,Comp0040,DNS0001,17,32905,53,2,3,58,168
52148.50857864088,3.07,Comp0006,Web0006,6,18019,443,4,60,981,56235
52166.605166877605,5.314,Comp0025,Web0004,6,44328,443,19,36,3477,7187
52168.70408997909,0.222,Comp0036,Proxy0001,6,24752,3128,6,34,412,14346
52168.78766896253,0.139,Comp0024,DNS0002,17,48463,53,2,3,43,239
52170.7309666357,3.695,Comp0042,Web0001,6,41194,443,8,18,195,1428
52174.05182010954,17.436,Comp0042,FS0003,6,7913,445,8,57,5730,2785
52179.931547009364,0.277,Comp0044,Web0001,6,29744,443,5,61,298,63549
52180.30264541309,3.894,Comp0047,Web0003,6,16700,443,8,54,2972,13870
52180.548270328065,8.289,Comp0031,Proxy0001,6,48140,3128,7,9,755,5312
52181.11744707535,3.988,Comp0027,Web0006,6,48471,80,6,48,905,10861
52182.32841030837,0.284,Comp0039,DNS0002,17,2458,53,3,2,92,211
52187.31468352762,1.075,Comp0002,Mail0002,6,20284,993,3,17,322,5050
52188.63776980683,13.406,Comp0048,FS0003,6,25280,445,17,110,2371,9933
52199.847424967855,23.552,Comp0046,DC0002,6,30750,445,31,103,1184,2470
52202.807473646266,7.442,Comp0072,FS0003,6,57629,445,23,87,2502,19656
52211.020902963486,10.84,Comp0029,DC0001,6,43056,445,43,30,2174,50811
52212.25916433483,0.139,Comp0038,DNS0001,17,38463,53,2,2,67,210
52218.0705487122,6.074,Comp0012,DC0002,6,48583,445,10,248,5810,4498
52218.59353262613,3.507,Comp0039,Web0006,6,16063,443,4,40,383,3481
52219.022872933376,7.623,Comp0021,DC0002,6,36613,88,4,7,55,991
52223.387154476775,1.438,Comp0060,Mail0001,6,25655,993,5,8,829,296
52224.20360499957,17.38,Comp0060,Web0001,6,52914,443,17,53,483,9824
52228.05992224453,11.533,Comp0009,FS0003,6,35619,445,17,54,3433,2979
52230.4616363489,0.327,FS0002,DNS0001,17,27794,53,2,3,81,87
52233.236418022745,14.228,Comp0030,Proxy0001,6,59096,3128,9,22,328,7725
52239.846870083486,0.019,Comp0012,DNS0002,17,62573,53,3,2,33,122
52241.580373391436,1.8,Comp0021,Web0001,6,33687,443,17,10,3270,90977
52241.68614056081,1.712,Comp0045,Web0006,6,12127,443,22,111,499,2055
52248.35804956418,0.564,Comp0029,Web0005,6,43923,80,5,120,2312,605
52248.40163326022,3.684,Comp0039,Proxy0001,6,59464,3128,12,36,1178,1129
52256.32998064965,0.226,Comp0017,DNS0002,17,15922,53,2,3,113,99
52256.875139389165,6.82,Comp0024,Web0002,6,25197,443,12,51,1889,20482
52260.44524681722,2.88,Comp0032,FS0002,6,10603,445,54,98,304,13437
52264.19526310897,1.712,Comp0048,Mail0002,6,18509,587,7,3,334,2759
52266.316093955575,0.448,Comp0063,FS0002,6,1238,445,33,41,708,52427
52267.90402246691,0.021,Comp0059,DNS0001,17,7702,53,2,2,190,123
52268.66803238959,2.806,Comp0029,FS0001,6,33010,445,49,166,6843,7388
52270.602743416144,0.033,Comp0050,DNS0001,17,40568,53,3,2,102,109
52282.519432039524,0.156,Comp0002,DNS0001,17,20296,53,3,2,104,139
52282.99100291725,12.842,Comp0044,FS0002,6,29120,445,9,100,1136,609
52294.39283717258,0.013,Comp0029,DNS0002,17,9393,53,3,4,122,145
52296.35350811113,24.356,Comp0052,Web0005,6,37088,80,7,56,728,641
52297.09979242038,0.161,Comp0071,DNS0002,17,15786,53,2,3,59,80
52297.820165462,8.159,Comp0073,FS0002,6,4232,445,36,56,1912,73977
52298.214622505046,1.072,Comp0054,Proxy0002,6,52858,3128,8,35,555,3024
52300.03599192652,1.566,Comp0012,Web0002,6,28261,80,15,100,1119,31906
52300.44278381339,3.985,Comp0012,DC0001,6,12303,445,19,152,697,9141
52303.30800293353,0.402,Comp0047,DNS0002,17,57010,53,2,3,47,110
52305.67293163264,0.012,Comp0015,DNS0001,17,55253,53,2,3,75,324
52306.49127964238,3.622,Comp0031,Mail0002,6,21988,993,5,3,241,1199
52310.366334647086,0.572,Comp0038,DNS0002,17,22921,53,3,3,51,218
52310.40368877417,0.705,Comp0034,Mail0002,6,58971,993,8,4,1111,10184
52312.781208396234,1.309,Comp0076,Web0004,6,1337,443,25,23,276,1904
52313.351911361664,0.31,Comp0003,DNS0001,17,30169,53,3,3,59,160
52324.16088579125,0.44,Comp0054,DNS0002,17,49638,53,2,2,105,161
52324.72405714799,0.314,Comp0026,Web0003,6,25433,443,12,28,1008,4437
52329.29440244066,0.006,Comp0077,DNS0001,17,26043,53,3,3,73,135
52329.90698418435,3.809,Comp0061,FS0001,6,63748,445,37,49,2861,18771
52333.74737069526,1.195,Comp0019,Web0005,6,38925,443,12,51,700,2738
52335.840181868974,4.092,Comp0025,Web0005,6,4866,80,4,5,219,12452
52341.11141991372,3.515,Comp0050,Web0002,6,17129,443,22,23,158,2523
52342.68944366824,1.279,Comp0079,Proxy0002,6,26392,3128,19,31,1316,4008
52344.324599288215,30.824,Comp0049,FS0003,6,62753,445,10,143,185,3154
52346.651755076535,7.174,Comp0003,DC0001,6,31037,445,23,74,695,15126
52347.478622161274,0.259,Comp0051,Web0005,6,59202,80,16,27,63,22437
52348.16495208823,0.179,Comp0005,Mail0002,6,57831,993,12,10,261,117
52353.847518828625,0.089,Comp0068,DNS0002,17,7460,53,3,3,53,117
52354.46257986777,0.902,Comp0016,DNS0002,17,40171,53,2,2,148,97
52356.14853265999,0.209,Comp0018,DNS0001,17,29196,53,2,3,108,108
52357.34765793701,7.215,Comp0075,FS0003,6,64530,445,44,34,5391,1961
52361.08697294854,0.089,Comp0035,DNS0001,17,18926,53,2,2,64,248
52363.70535476043,0.297,Comp0051,Web0006,6,40190,80,9,20,223,4293
52383.2415784646,1.691,Comp0064,Web0004,6,8217,80,3,14,970,9006
52384.97355137437,5.839,Comp0025,Mail0001,6,10178,993,6,8,468,880
52385.49433334686,0.394,Comp0060,DNS0002,17,21044,53,3,2,60,269
52392.348938991156,2.37,Comp0034,Mail0002,6,62063,993,5,9,946,542
52393.258167380205,9.809,Comp0041,FS0001,6,63444,445,17,91,7641,19359
52393.95506717926,0.664,Comp0018,Web0005,6,38781,443,9,75,192,2278
52394.06679232785,0.761,Web0004,DB0002,6,45430,5432,44,113,4321,16260
52396.67619814722,6.137,Comp0015,DC0002,6,29603,88,3,8,632,1411
52397.499309917286,0.155,Comp0046,DNS0001,17,49693,53,2,2,33,60
52398.69542720281,4.898,Comp0040,Proxy0002,6,58196,3128,6,34,270,12007
52398.84394852685,0.135,Comp0039,DNS0002,17,29112,53,2,2,58,169
52406.89048053067,4.984,Comp0025,Web0001,6,1486,443,5,43,937,41848
52418.55729651172,2.42,Comp0028,Web0005,6,23168,443,11,53,228,8951
52424.1469004408,0.149,Comp0008,Web0004,6,32384,443,23,54,3392,5273
52426.87673632799,5.667,Comp0049,Web0005,6,57992,443,11,33,164,16240
52435.78597281847,1.22,Comp0056,Proxy0001,6,7778,3128,10,18,896,1860
52436.22341883149,2.037,Comp0065,Web0004,6,49191,443,4,93,453,6826
52437.682064812485,3.254,Comp0010,Proxy0002,6,30007,3128,4,24,266,10816
52438.58545000714,5.677,Comp0042,Web0003,6,58788,443,4,11,95,22068
52448.11811658115,8.861,Comp0034,Web0004,6,27789,443,48,56,155,16453
52457.432214543864,4.258,Comp0014,Proxy0002,6,29826,3128,9,162,653,27949
52459.01332364539,0.403,Comp0010,DNS0001,17,9018,53,2,2,41,198
52461.31983118163,2.207,Comp0053,DC0002,6,49842,88,7,8,160,195
52463.39173584481,6.341,Comp0025,FS0001,6,41205,445,9,15,3476,3311
52470.508436628,2.292,Comp0046,Proxy0001,6,11688,3128,7,68,331,17351
52472.18797276012,2.62,Comp0045,Web0002,6,63950,443,6,12,1414,873
52476.549491605765,1.335,Comp0014,Web0002,6,46366,80,8,63,1522,12848
52477.60256025462,7.774,Comp0080,Web0001,6,18109,443,12,19,3995,11001
52480.23223679542,0.052,Mail0002,DNS0002,17,18996,53,2,2,57,97
52491.49650713401,14.919,Comp0044,Web0003,6,38090,80,28,147,1061,10294
52495.72847685033,9.239,Proxy0002,Ext0030,6,11506,443,4,5,457,6357
52514.21705293824,0.268,Comp0039,DNS0001,17,36413,53,4,2,49,114
52522.21480369754,1.268,Comp0006,DC0002,6,4216,445,34,33,2072,51348
52524.32267344506,41.746,Comp0052,FS0001,6,46264,445,62,72,4183,86450
52524.47548002489,16.547,Comp0025,FS0003,6,20742,445,50,387,1445,4510
52524.60581503402,0.11,Comp0064,DNS0001,17,37793,53,2,3,47,134
52525.18254494925,0.148,Comp0038,DC0002,6,31649,88,4,9,446,1659
52528.633554947126,1.57,Comp0045,Mail0002,6,53842,993,5,14,733,651
52529.9186003937,0.441,Comp0043,DNS0001,17,31793,53,2,2,36,157
52533.54816593651,2.914,Proxy0001,Ext0023,6,30611,443,27,33,479,2752
52534.92746724992,0.338,Comp0007,DNS0001,17,5707,53,3,3,93,227
52535.819083996605,0.46,Comp0069,DNS0002,17,47303,53,2,3,96,218
52536.895334024615,0.281,Comp0053,DNS0002,17,2518,53,2,2,128,135
52539.19673445063,0.008,Comp0077,DNS0001,17,16024,53,3,2,95,301
52549.34473293496,3.812,Comp0015,Proxy0001,6,28214,3128,4,39,928,8737
52551.01332427593,51.522,Comp0022,FS0001,6,56899,445,57,55,2435,2556
52556.912993476646,3.861,Comp0035,DC0001,6,8544,88,3,10,467,280
52561.953327503805,0.164,Mail0001,Ext0025,6,2122,25,4,15,586,698
52564.216676914824,0.375,Comp0069,DNS0001,17,19786,53,3,2,78,84
52566.7248938727,2.044,Comp0051,Web0002,6,43924,443,4,80,442,5008
52569.047009349444,3.814,Comp0035,Web0002,6,25663,443,2,128,1382,19700
52571.29012443471,4.7,Comp0046,Web0003,6,2115,443,36,52,675,260
52578.65214022538,2.57,Comp0013,Web0005,6,49167,443,8,18,720,15285
52581.66719210176,0.419,Comp0054,DNS0001,17,13850,53,2,2,45,335
52584.97370600115,0.521,Comp0066,DC0001,6,43120,389,10,8,381,1181
52585.22642208589,2.034,Comp0020,Proxy0002,6,43571,3128,6,38,88,591
52588.79728920922,0.229,Comp0080,DNS0001,17,2983,53,2,2,76,181
52589.443892649666,0.188,Comp0077,Mail0002,6,24721,993,4,17,173,1203
52595.356746102436,0.089,Proxy0001,Ext0021,6,12441,80,11,21,475,6086
52602.2859727121,1.64,Comp0071,Web0001,6,4608,443,4,79,56,501
52604.83649846353,0.095,Comp0058,DNS0001,17,43027,53,3,3,63,125
52612.93676002949,3.33,Comp0025,Proxy0001,6,51141,3128,21,93,1593,11145
52617.347225478756,0.036,Comp0059,DNS0001,17,61514,53,2,3,83,110
52630.25383600974,8.004,Comp0028,DC0002,6,14460,88,6,7,241,1137
52641.30040639021,1.613,Comp0062,DC0001,6,8646,389,7,17,1371,1243
52643.07188790591,0.169,Comp0054,DNS0001,17,23344,53,4,3,40,76
52645.73312463119,10.55,Comp0026,Web0005,6,21632,443,2,14,2070,9079
52648.52923824082,9.078,Comp0071,Proxy0001,6,55511,3128,6,44,452,7420
52652.67600402561,0.171,Comp0028,DNS0001,17,11285,53,2,2,50,258
52656.760240394564,0.14,Comp0069,DNS0001,17,36500,53,2,3,41,75
52657.70137861061,0.113,Comp0049,DNS0001,17,38512,53,3,3,68,150
52658.48402490206,0.116,Comp0043,DNS0001,17,14650,53,2,2,58,153
52661.5944679134,4.641,Comp0023,Web0006,6,64952,443,13,221,245,7728
52674.584425083456,0.06,Comp0049,DNS0002,17,14059,53,2,2,80,148
52678.93670986461,0.262,Comp0017,DNS0002,17,13536,53,3,3,80,91
52691.56667033661,0.144,Comp0069,Proxy0001,6,50023,3128,5,49,2642,4050
52693.841715493756,5.787,Comp0016,Web0004,6,7325,80,6,16,1372,27742
52695.062581560895,1.897,Comp0072,DC0002,6,56630,88,4,24,748,1018
52699.295116097266,0.638,Comp0043,Web0002,6,15995,443,14,53,639,322
52699.634857868004,0.043,Comp0049,DNS0001,17,14965,53,2,3,83,231
52702.63399931081,0.368,Comp0062,Web0004,6,4713,443,11,48,2516,3655
52707.11909563007,1.786,Comp0035,Proxy0002,6,28870,3128,10,159,697,3562
52708.488476434366,3.973,Comp0011,DC0002,6,10417,88,5,5,728,602
52711.45531628297,0.057,Comp0002,DNS0002,17,54823,53,2,2,126,145
52711.55180142712,0.656,Comp0052,DNS0001,17,27753,53,2,4,70,229
52714.02543441343,0.068,Comp0012,DC0002,6,23694,88,5,27,410,1002
52715.23635937989,0.817,Comp0013,DNS0001,17,39279,53,2,3,44,203
52716.34723837159,16.07,Comp0064,Web0001,6,39937,80,5,103,118,10969
52722.06642961141,4.115,Comp0052,Web0003,6,59114,443,6,31,935,1003
52722.76618474401,2.684,Comp0006,Web0005,6,51863,80,6,39,2339,4139
52724.7085220297,6.876,Web0001,DB0004,6,52364,3306,13,140,1590,3982
52725.39676655526,5.416,Comp0023,Web0001,6,17129,443,9,29,2262,4848
52727.81154840153,9.311,Comp0054,FS0002,6,32726,445,23,127,14940,9865
52731.93841077834,0.342,Comp0030,Web0002,6,1674,443,15,22,1539,430
52734.12904440872,0.207,Comp0019,DNS0001,17,22337,53,3,2,86,102
52740.65305651448,4.632,Comp0026,FS0003,6,21406,445,72,84,24615,47730
52754.283339304806,0.294,Comp0045,DNS0001,17,29673,53,2,3,85,143
52775.3683476672,0.654,Comp0040,Proxy0002,6,28884,3128,12,65,2950,5142
52776.08521251557,0.149,Proxy0002,Ext0015,6,52136,80,23,34,321,879
52783.92563573148,4.605,Comp0080,Proxy0001,6,31429,3128,10,30,1741,18856
52794.606210801874,2.926,Comp0014,Mail0001,6,21860,993,3,5,507,1390
52796.940953422825,1.889,Comp0074,Web0002,6,38821,443,17,61,322,2847
52801.53417082564,14.051,Comp0027,Proxy0001,6,53552,3128,9,37,869,6652
52803.076538775975,0.038,Comp0006,DNS0002,17,64412,53,2,2,143,154
52808.47387831698,2.344,Comp0063,Web0006,6,51985,443,3,28,280,2701
52810.55293730884,9.63,Comp0020,FS0003,6,18556,445,19,218,959,80274
52824.20556085195,1.117,Comp0015,FS0001,6,6508,445,5,28,7497,6979
52831.33823451482,0.615,Comp0022,DNS0001,17,7223,53,2,2,86,217
52836.24846037317,0.384,Comp0072,DC0001,6,58387,389,6,19,327,404
52843.91699563532,0.2,Comp0016,DNS0001,17,25303,53,3,3,47,86
52852.558649965315,2.158,Comp0004,Web0003,6,5984,443,12,91,753,10283
52856.17033422008,2.71,Comp0053,DC0002,6,12106,88,5,6,255,647
52857.21229842133,2.862,Web0004,DB0002,6,2201,3306,7,100,1012,18907
52864.25016179599,4.242,Comp0059,Web0005,6,34060,443,17,18,425,939
52864.575001249876,0.245,Comp0017,DNS0002,17,1061,53,2,3,79,157
52873.208473625324,0.158,Comp0065,DNS0002,17,36245,53,2,3,89,173
52875.195838746076,0.854,Comp0079,Web0005,6,2840,443,9,55,5102,21036
52875.50764645641,8.7,Comp0007,Web0003,6,2055,443,7,42,2068,17593
52878.24198185793,0.265,Comp0080,DNS0002,17,46440,53,2,3,95,73
52878.309082540894,0.27,Comp0019,Web0005,6,22298,443,10,28,936,5974
52881.479515936815,0.002,Comp0071,DNS0001,17,9415,53,2,2,88,165
52882.35794631961,2.029,Comp0049,DC0001,6,61066,389,3,23,183,2617
52887.33804886019,40.594,Comp0045,FS0002,6,36405,445,14,115,893,40804
52888.91460443049,4.393,Comp0065,DC0002,6,60918,88,3,9,107,1244
52900.74185043005,1.341,Comp0024,Web0004,6,29246,443,4,26,541,18631
52912.40690648583,3.734,Comp0013,DC0002,6,14513,88,3,3,330,661
52918.62805036371,9.104,Comp0023,Web0006,6,42856,80,13,42,703,19351
52920.984049466926,0.024,Comp0032,DNS0001,17,54426,53,2,2,100,190
52934.41573763248,11.718,Web0006,DB0001,6,54849,3306,24,261,3427,11273
52941.04356931212,5.075,Proxy0001,Ext0034,6,50093,443,18,129,2149,5230
52942.13481528664,2.231,Comp0045,Web0002,6,29879,80,5,33,2689,11236
52956.82910722805,2.659,Comp0042,FS0002,6,24579,445,33,104,10060,6341
52958.89975503862,0.462,Comp0051,Mail0001,6,7940,993,4,9,163,92
52962.452556202734,1.777,Comp0026,Mail0001,6,6318,587,7,12,454,6355
52964.49248893182,0.249,Comp0032,DNS0001,17,40462,53,2,2,79,112
52976.87239977071,1.099,Comp0035,Mail0002,6,60959,587,4,7,384,634
52990.11970529525,0.135,Comp0022,DNS0002,17,60098,53,3,4,77,123
52993.87215881481,5.478,Comp0059,Proxy0001,6,58022,3128,11,47,561,7177
53001.76556495619,38.704,Comp0038,FS0001,6,9704,445,75,149,4078,7692
53005.09970164178,2.336,Comp0034,Proxy0002,6,53014,3128,7,39,275,5841
53010.36635685012,14.78,Comp0058,Proxy0001,6,39433,3128,6,18,1385,6421
53011.65279725739,0.188,Comp0019,DNS0001,17,53647,53,2,3,105,128
53016.98116020169,0.041,Comp0075,DNS0002,17,17538,53,2,2,55,212
53021.472099144325,0.089,Comp0077,DNS0001,17,9786,53,2,3,129,184
53023.26876754438,0.801,Comp0046,Mail0002,6,1863,993,3,16,334,609
53024.98634892693,4.354,Comp0076,Web0001,6,62913,443,27,47,1871,3759
53031.36240382623,19.315,Comp0022,FS0002,6,3027,445,29,150,4389,1521
53033.63121574905,8.727,Comp0045,Proxy0001,6,58065,3128,9,81,512,16613
53034.085498762644,0.045,Comp0075,DNS0002,17,14328,53,2,3,48,99
53039.208919342906,1.126,Comp0047,DC0002,6,45986,88,6,6,540,494
53056.443582062304,6.452,Comp0037,Proxy0002,6,6090,3128,9,162,388,2650
53056.78541942375,0.65,Comp0025,Web0001,6,44150,443,9,27,513,24378
53057.05762913595,1.21,Comp0074,Web0003,6,33607,443,5,15,131,23467
53057.20859205883,5.048,Comp0072,Web0004,6,30265,443,8,182,2201,42460
53061.67139928525,0.338,Comp0072,DNS0002,17,39320,53,2,2,76,189
53062.87564724493,1.176,Comp0011,Web0004,6,55531,443,7,19,367,1413
53075.3087873521,5.569,Proxy0002,Ext0018,6,45972,80,13,204,713,2155
53080.70419383977,0.814,Comp0062,Web0004,6,22075,443,8,255,1123,6601
53081.86242145631,1.681,Comp0017,Web0002,6,15842,80,10,59,768,5363
53086.657370909474,6.755,Comp0026,Web0001,6,44754,443,11,21,136,17530
53089.51033421796,13.864,Web0001,DB0001,6,51799,3306,15,50,8627,5791
53090.10029926743,2.279,Comp0073,Mail0002,6,18210,587,6,5,294,253
53100.85882858139,3.666,Comp0060,Proxy0001,6,21599,3128,25,19,462,63447
53102.09925676703,0.083,Comp0053,Web0006,6,16506,443,2,9,558,6604
53114.516067500605,22.201,Comp0058,Web0005,6,19526,443,10,68,243,5916
53116.91305511562,2.284,Comp0077,Web0003,6,49412,443,23,33,1666,5884
53125.325891838926,0.592,Comp0031,DC0001,6,50401,88,3,6,358,365
53127.62366067529,2.331,Comp0068,Web0001,6,23764,443,4,27,187,10767
53132.43862081644,0.151,Comp0078,DNS0001,17,22179,53,3,2,107,164
53140.423296120316,0.059,Comp0046,DNS0002,17,10337,53,3,2,34,214
53141.16968865586,0.388,Comp0054,DNS0001,17,57432,53,2,2,78,127
53146.01902690532,9.472,Comp0015,DC0002,6,40027,445,7,35,844,6410
53146.27954565591,0.094,Comp0006,DNS0002,17,51143,53,3,2,92,450
53146.81201180601,4.681,Comp0050,DC0001,6,45395,389,8,7,1072,1127
53158.80295783447,2.39,Comp0040,Proxy0001,6,56509,3128,6,14,615,7588
53159.98817649741,4.127,Comp0068,Web0006,6,49086,80,8,22,695,4652
53168.703454695176,2.836,Comp0063,Proxy0002,6,21614,3128,13,71,216,2019
53171.237169432825,0.095,Comp0076,DNS0002,17,4256,53,3,3,39,49
53174.05153946016,0.053,Comp0012,DNS0001,17,48651,53,2,5,95,103
53174.770639079514,0.45,Comp0058,DNS0001,17,19038,53,3,3,67,128
53200.69684289657,3.5,Comp0006,Web0003,6,59690,443,11,55,1594,28646
53208.28012304685,2.732,Comp0020,Web0006,6,21454,443,11,20,792,6167
53209.88454803625,0.487,Comp0046,DNS0002,17,62234,53,2,2,103,126
53210.90261430796,0.571,Comp0015,DC0002,6,48393,88,6,6,217,996
53217.47272630236,2.398,Comp0045,Web0006,6,30322,443,12,10,161,13105
53217.91272964416,20.307,Comp0010,FS0001,6,8291,445,8,23,2015,8519
53242.4193904466,4.313,Comp0021,Web0006,6,4226,443,6,45,377,1400
53242.72965024238,1.017,Comp0075,DC0002,6,6250,389,4,5,283,4125
53249.29919289445,0.792,Proxy0002,DNS0002,17,44722,53,2,2,65,184
53253.353686033886,0.307,Comp0057,DNS0002,17,4968,53,3,3,38,269
53255.10514947431,5.007,Comp0024,Web0003,6,39174,443,7,139,318,9640
53256.14252667193,19.118,Comp0074,FS0003,6,45268,445,13,198,19255,20510
53259.11415326663,0.001,Comp0051,DNS0001,17,39556,53,2,3,52,138
53260.213118104606,0.692,Comp0003,Mail0001,6,44549,993,4,6,188,1413
53264.7111524546,0.102,Comp0059,DNS0001,17,27071,53,2,3,91,219
53267.25782659124,0.231,Web0003,DNS0002,17,48857,53,2,3,49,275
53272.259690070765,21.35,Proxy0002,Ext0008,6,13901,80,5,111,638,15904
53273.32203485943,1.119,Comp0073,Proxy0002,6,29407,3128,8,26,268,5724
53280.40911660329,2.373,Comp0069,Web0004,6,39732,443,5,39,1033,13446
53283.578606092284,0.674,Comp0074,FS0003,6,52494,445,10,79,2937,1063
53283.79836594386,0.317,Comp0069,Web0002,6,33448,443,9,76,254,27498
53287.850886085704,0.216,Comp0030,DNS0001,17,6546,53,2,3,29,117
53290.02938764677,0.044,Web0001,DNS0002,17,10296,53,2,2,65,182
53290.903036230724,11.273,Comp0060,Web0001,6,55264,443,5,26,994,3451
53294.282600750405,0.218,Mail0001,DNS0001,17,31909,53,3,2,106,277
53296.142564351525,3.539,Comp0047,Web0006,6,58552,443,36,96,482,2588
53298.921658411185,0.007,Comp0053,DNS0001,17,33967,53,3,3,76,202
53298.97646736467,0.014,Comp0033,Web0005,6,49150,443,5,35,533,12130
53305.80790248611,0.027,Comp0037,DNS0001,17,59516,53,2,3,69,156
53306.716097388286,1.692,Comp0061,Proxy0002,6,25786,3128,7,48,1063,6366
53312.229952470705,0.225,DC0002,DNS0002,17,6598,53,3,3,20,140
53312.80821655177,0.394,Comp0037,DNS0001,17,3351,53,2,3,86,59
53323.35843983321,0.67,Comp0032,Proxy0001,6,32448,3128,6,7,290,11198
53324.69570814419,18.14,Comp0067,Proxy0002,6,55783,3128,4,12,751,2056
53327.0809857261,0.106,Comp0048,Mail0002,6,46555,993,10,16,1141,548
53327.52676638739,1.723,Comp0047,Proxy0001,6,44115,3128,7,51,544,22843
53327.54695886179,15.323,Comp0019,Proxy0002,6,59311,3128,8,104,2343,24459
53328.687474252314,16.007,Comp0037,Web0005,6,27507,443,6,113,948,3823
53336.598172879065,2.502,Comp0015,DC0002,6,41677,389,5,4,211,766
53339.134968225786,0.391,Comp0024,DNS0001,17,1569,53,2,3,53,240
53343.56508288044,0.525,Comp0074,Mail0001,6,29908,993,5,14,57,983
53344.111902766934,10.91,Comp0017,FS0001,6,7911,445,18,132,11787,44376
53345.4390713795,0.061,Comp0053,DNS0001,17,20715,53,2,3,52,513
53346.76646339451,0.006,Comp0011,DNS0001,17,13014,53,3,2,61,41
53350.56988863284,3.448,Comp0067,Web0004,6,23199,443,4,112,657,1839
53350.76997280507,1.581,Comp0003,Proxy0002,6,41367,3128,36,34,832,3582
53353.19398398813,20.212,Comp0031,Web0002,6,17722,443,12,31,286,6976
53362.51519028168,10.451,Comp0061,Mail0001,6,16045,587,4,4,736,790
53364.13534869067,0.117,Comp0023,DNS0002,17,31661,53,3,2,45,131
53366.47796819329,2.61,Comp0024,DC0002,6,44492,389,5,2,489,549
53373.30758047893,3.609,Web0005,DB0003,6,30122,5432,32,56,18731,41476
53382.44246875659,1.44,Comp0046,Proxy0002,6,33247,3128,4,50,849,50232
53384.70842347477,0.184,Comp0022,DNS0002,17,21767,53,2,2,64,140
53401.44510103062,4.558,Comp0048,Mail0002,6,31633,993,11,4,321,517
53403.073966688156,5.693,Comp0001,Proxy0001,6,3651,3128,14,65,521,15184
53407.00070400056,0.201,FS0002,DNS0002,17,54033,53,3,2,70,200
53407.17947747077,0.524,Comp0055,FS0001,6,48237,445,13,46,705,27970
53407.51200975166,3.912,Comp0042,Proxy0002,6,17363,3128,5,42,4356,5363
53417.345489875,0.013,Comp0080,Web0002,6,35076,443,3,85,696,4836
53421.43923609717,0.188,Comp0021,DNS0002,17,64331,53,2,2,72,120
53423.62938479051,1.222,Comp0018,Mail0002,6,8000,993,3,10,178,437
53432.716546769974,2.979,DB0001,DC0001,6,37747,389,5,6,706,460
53434.09637205045,0.782,Comp0050,DNS0002,17,28529,53,2,2,95,136
53438.86106454534,8.023,Comp0056,FS0002,6,3793,445,12,187,914,25353
53439.13369496712,1.145,Comp0074,Web0005,6,13130,443,5,84,5769,10653
53439.90049313228,2.557,Comp0053,Web0004,6,55275,443,6,89,1061,1549
53457.69105818998,9.803,Comp0080,FS0002,6,16495,445,9,55,852,26853
53458.89309611727,5.71,Comp0068,Web0002,6,22324,80,5,52,247,7269
53460.417545158234,6.843,Comp0017,DC0001,6,10222,389,7,5,139,965
53472.4317014596,0.989,Comp0019,DC0002,6,63128,88,4,3,729,1329
53473.73753789389,0.422,Comp0038,Mail0001,6,4437,993,14,19,955,5091
53473.89537901499,5.648,Comp0050,Proxy0002,6,56707,3128,30,50,1758,2558
53478.78629211292,0.603,Comp0055,DNS0001,17,16018,53,3,3,101,175
53480.30624291925,21.892,Web0006,DB0003,6,8881,5432,69,197,2055,11205
53481.713065461845,3.998,Comp0017,Web0006,6,31597,443,7,13,163,1920
53500.971048476604,3.248,Comp0056,Mail0002,6,25866,993,10,10,481,896
53503.83589704399,0.367,Comp0002,DNS0002,17,28250,53,3,2,100,159
53505.39486037609,6.186,Comp0005,Web0004,6,43369,443,5,39,618,8202
53511.59762589169,0.111,Comp0043,Proxy0001,6,46034,3128,13,114,2016,6023
53516.67604517087,4.576,Comp0042,Web0002,6,38719,80,16,21,428,2916
53517.71848438024,0.244,Comp0013,DNS0001,17,20707,53,2,3,81,59
53519.0524995841,7.305,Comp0022,Web0004,6,9913,443,10,16,550,858
53523.81911964322,0.494,Comp0025,DNS0002,17,56536,53,2,3,110,274
53527.152537840906,16.18,Comp0052,Web0002,6,42035,443,14,295,756,2857
53531.031552350105,2.187,Comp0033,Web0001,6,50923,443,18,102,1540,4119
53532.99552537274,1.309,Comp0038,Mail0001,6,19372,587,3,4,453,863
53541.6138768114,2.185,Comp0062,Proxy0001,6,36759,3128,17,42,217,6128
53546.43167250557,2.993,Comp0044,Mail0002,6,51294,993,7,5,706,142
53549.7167831119,0.112,Comp0027,DNS0001,17,4726,53,2,2,19,206
53551.820082837694,0.539,Comp0003,DNS0001,17,27601,53,2,3,83,190
53559.78998474737,0.197,Comp0047,DNS0001,17,62942,53,2,2,85,194
53560.35183846381,1.219,Comp0013,DC0002,6,31306,389,4,11,948,206
53563.54843075363,0.822,Comp0079,FS0002,6,65107,445,157,74,844,34163
53563.844645491,35.954,Comp0017,FS0003,6,23421,445,43,76,5760,55509
53568.56774169359,3.36,Comp0025,Web0004,6,36318,443,11,37,424,13896
53568.7152472825,3.99,Comp0052,Proxy0002,6,21177,3128,22,18,1844,39695
53571.06561920212,1.065,Comp0016,Mail0002,6,57096,993,2,26,481,241
53578.549804008435,7.12,Comp0041,Web0002,6,45844,443,8,39,1049,749
53578.74022241065,0.305,Comp0015,DNS0002,17,57324,53,3,3,96,269
53579.89236147448,0.012,Comp0044,DNS0002,17,41106,53,3,4,71,159
53581.897283972634,3.333,Comp0020,Web0003,6,58889,443,3,23,500,13706
53593.15918752834,11.008,Comp0068,FS0001,6,57853,445,26,146,2175,28468
53594.09049900339,7.309,FS0003,DC0002,6,33893,88,16,5,159,757
53595.070099884244,5.332,Comp0020,Proxy0001,6,34586,3128,3,28,565,10277
53598.950161341796,0.682,Comp0066,Web0004,6,21119,443,10,46,2617,6225
53600.51658356503,0.908,Proxy0002,Ext0004,6,25366,443,11,87,1568,13263
53605.458171740574,9.058,Comp0019,Web0003,6,6984,80,5,99,719,73457
53607.50363443423,18.665,Comp0063,DC0001,6,8621,445,59,48,7835,3105
53608.3391504699,0.846,Comp0027,Mail0001,6,57528,587,4,2,703,2374
53610.11486229794,8.933,Comp0034,Web0003,6,7749,443,6,23,356,45611
53610.908689311844,0.053,Comp0041,DNS0002,17,19083,53,2,3,45,190
53613.542423465384,0.65,Comp0061,DC0002,6,19871,445,79,49,1261,15776
53613.926928687855,7.468,Comp0038,Web0004,6,9464,80,7,209,551,1894
53614.40364796355,0.063,Comp0040,FS0003,6,49311,445,11,62,2145,15261
53615.30910782475,0.146,Comp0053,DNS0002,17,48960,53,2,2,43,90
53616.86638874731,0.743,Comp0079,Proxy0001,6,24291,3128,12,85,463,4759
53620.27468190737,0.249,Comp0034,Mail0002,6,37341,993,14,7,620,837
53623.20954752269,0.294,Comp0030,DNS0001,17,55459,53,2,2,35,83
53632.29876665799,34.742,Comp0029,FS0001,6,63528,445,21,41,2411,5676
53633.64268267419,0.345,Proxy0001,DNS0002,17,15298,53,2,2,98,80
53637.755502138374,0.02,Comp0044,DNS0002,17,46728,53,2,2,83,298
53647.272237152785,0.574,Comp0046,DNS0001,17,2327,53,2,2,89,158
53651.306474687204,35.671,Comp0011,FS0003,6,33740,445,6,142,989,5673
53654.32865008312,1.817,Comp0046,DC0002,6,2532,389,7,7,1172,211
53682.12571767484,1.388,Comp0073,DNS0001,17,11302,53,3,2,131,92
53687.462411105196,21.576,Comp0070,Proxy0001,6,28871,3128,9,11,363,12996
53695.891955134895,3.131,Comp0069,Web0006,6,24721,443,4,26,251,1160
53702.54297741574,0.307,Comp0059,DC0002,6,56218,389,9,4,370,3629
53709.17675803877,0.436,Web0001,DB0001,6,56040,3306,10,107,7222,4751
53714.147267152555,0.666,Comp0061,Web0003,6,2176,80,9,34,403,36470
53723.792354931174,0.641,Comp0030,FS0002,6,64993,445,7,94,359,27874
53731.53704385085,0.831,Comp0034,FS0001,6,35671,445,13,95,597,42757
53742.28160921307,0.091,Comp0008,DNS0002,17,7091,53,3,2,80,134
53743.18347625866,0.677,Comp0038,Web0003,6,31230,443,4,14,354,36263
53755.07437964722,0.07,Comp0042,Web0002,6,53753,443,6,52,450,12023
53758.47496290728,10.508,Comp0079,DC0001,6,18548,88,8,24,436,517
53758.50164900678,2.227,Comp0070,Web0006,6,28502,80,16,24,2376,2010
53758.53653044652,0.008,Comp0058,DC0001,6,52644,88,7,17,1057,2066
53762.50143105514,11.542,Comp0020,Web0005,6,55644,443,5,58,188,18860
53766.87070575989,10.306,Comp0080,Web0005,6,11687,80,30,42,799,2735
53773.989345157606,2.027,Comp0072,DC0001,6,31021,88,1,2,372,1208
53776.10542145469,4.239,Comp0037,DC0001,6,62000,389,4,6,1250,1876
53776.43121335123,4.676,Proxy0001,Ext0023,6,61252,443,8,24,299,1755
53780.03833238879,0.257,Comp0038,DNS0002,17,18266,53,2,2,45,133
53782.68290985814,2.688,Comp0010,FS0003,6,32615,445,40,45,4238,16504
53791.32112491894,3.691,Comp0016,DC0001,6,49038,88,5,9,323,663
53802.34604615651,0.066,Comp0006,DNS0001,17,54362,53,3,3,76,189
53803.80545477694,0.387,Comp0070,DNS0002,17,15771,53,2,2,50,99
53809.401650435335,0.166,Comp0003,Web0003,6,1179,443,12,18,926,10938
53817.77121530772,8.683,Comp0026,DC0001,6,64285,88,5,20,346,2440
53820.617875618205,3.61,Comp0013,Web0006,6,48164,80,6,13,1572,4353
53820.71923689825,0.239,Comp0038,FS0002,6,5591,445,24,289,361,3383
53820.870044067706,2.411,Comp0054,Proxy0002,6,51264,3128,29,45,279,2268
53821.60589362977,0.052,Comp0066,DNS0002,17,52360,53,2,2,100,101
53828.7630278925,17.584,Comp0068,Web0006,6,52263,80,2,7,559,33370
53829.813077435196,0.021,Comp0045,Web0004,6,31682,443,6,35,600,173212
53843.915979708305,0.369,Comp0036,Proxy0001,6,32878,3128,29,46,2213,8335
53847.65462622608,5.849,Comp0049,Web0004,6,60040,443,10,68,357,12722
53851.52473483126,0.648,Comp0013,Proxy0001,6,6129,3128,22,12,831,4986
53851.871655155315,2.145,Comp0055,DC0002,6,64519,445,13,136,9012,1069
53855.75509856378,0.121,Comp0002,DNS0002,17,55995,53,2,3,52,58
53860.93722842691,17.648,Comp0063,Web0005,6,57072,443,8,51,428,1387
53863.289421144626,0.289,Comp0022,DNS0002,17,20884,53,2,3,59,305
53867.71011904705,5.832,Comp0008,Proxy0002,6,11101,3128,8,60,1677,21097
53869.047165653064,0.249,Comp0037,DNS0002,17,14347,53,3,2,86,82
53873.6705964758,0.083,Comp0041,DNS0001,17,49112,53,3,2,85,135
53875.6925523104,0.132,Comp0060,DNS0002,17,4356,53,3,2,125,62
53877.58987122589,0.068,Comp0062,DNS0001,17,10367,53,2,2,60,443
53877.92372468239,4.549,Comp0024,Mail0002,6,37303,587,4,17,609,643
53880.31457283542,6.605,Comp0046,Proxy0001,6,15307,3128,6,150,469,11653
53880.58385512246,0.476,Comp0018,Web0003,6,44609,443,5,81,1669,4707
53885.75532724585,0.003,Comp0023,DNS0001,17,59154,53,2,2,70,100
53887.850238282204,1.731,Comp0008,Mail0001,6,32660,993,8,6,907,195
53891.30357586071,5.524,Comp0050,Web0004,6,57222,443,12,54,150,5315
53893.546865385455,0.047,Comp0059,DNS0001,17,59111,53,3,2,98,131
53894.38110495768,0.439,Comp0002,DNS0002,17,45364,53,2,2,99,224
53895.500577130195,0.025,Comp0078,DNS0002,17,33607,53,3,2,105,141
53895.818832397286,3.563,Comp0078,Web0002,6,47673,80,8,14,483,54647
53899.5816577787,0.77,Comp0045,Web0006,6,39591,443,9,65,339,2917
53902.13028394012,11.751,Comp0003,Web0002,6,45493,80,7,13,2562,3907
53916.90160628223,2.487,Comp0055,DC0002,6,27822,88,13,23,468,2502
53922.168127255696,19.435,Comp0070,FS0001,6,14131,445,26,124,4573,92939
53923.85780874404,10.939,Comp0010,FS0003,6,24773,445,26,217,2995,7364
53929.70469099166,0.125,Comp0059,DNS0002,17,19707,53,2,3,49,87
53930.03462026165,1.627,Comp0068,FS0002,6,20589,445,97,71,265,21648
53930.05056687697,4.852,Comp0023,DC0001,6,10051,88,3,6,322,379
53932.20230566354,1.537,Comp0080,Web0006,6,5660,443,23,113,987,1078
53938.96511702483,1.963,Comp0068,Web0003,6,45712,443,4,20,576,2349
53942.41048422144,3.335,Comp0039,Web0004,6,36091,443,12,21,1443,2228
53958.19640413426,1.106,Comp0069,DC0001,6,38280,88,2,5,690,177
53961.186604164715,3.036,Comp0008,Web0001,6,42473,443,14,11,751,56388
53985.1014728599,1.012,FS0001,DNS0001,17,52010,53,3,3,37,169
53995.52144397608,3.033,Comp0078,Proxy0002,6,16198,3128,6,47,3189,28797
53999.630941094234,60.988,Web0003,DB0002,6,3165,3306,57,92,2787,10491
54000.55982784052,0.682,Comp0046,DNS0002,17,26221,53,2,2,38,77
54010.40030100783,31.782,Comp0071,FS0003,6,40620,445,42,485,2414,6913
54012.964572871206,0.626,Comp0068,DNS0002,17,38716,53,2,2,45,115
54014.530993233704,0.446,Comp0025,DNS0001,17,4646,53,2,2,43,45
54017.82887313177,6.612,Comp0039,FS0001,6,6690,445,105,93,4955,19986
54021.18518194476,2.119,Comp0050,Web0005,6,13564,443,7,34,329,38556
54021.687064229554,0.258,Web0002,DNS0002,17,25705,53,3,3,38,115
54030.87245269547,0.043,Comp0043,DNS0001,17,24243,53,2,3,64,67
54034.67413620064,0.501,Comp0043,DNS0001,17,9319,53,3,3,68,258
54034.77281552201,0.706,Comp0056,Web0004,6,38413,80,6,30,366,1760
54036.05052185114,0.265,Comp0040,DNS0001,17,12570,53,2,4,131,137
54040.94669989316,7.244,Comp0043,DC0001,6,54962,445,23,36,2560,7980
54042.68749996751,0.385,Comp0056,DNS0002,17,64114,53,3,3,174,276
54043.54908257376,1.331,Comp0076,DC0002,6,57948,88,11,18,652,215
54045.58031732283,1.84,Comp0027,Mail0002,6,62227,993,13,6,343,932
54052.53599554893,2.239,Comp0018,Proxy0001,6,64065,3128,10,54,506,12554
54055.8928911147,0.213,Comp0046,Web0003,6,17760,443,4,17,2065,3044
54058.306433653444,0.381,Comp0021,DNS0002,17,63259,53,2,2,79,157
54076.78006142144,10.946,Comp0038,Web0004,6,29882,80,9,25,129,2383
54077.692954753045,16.287,Comp0046,FS0002,6,5438,445,13,102,4852,13016
54079.793226381895,1.919,Comp0043,Mail0001,6,57720,587,4,19,1677,427
54080.78673348605,1.656,Mail0001,Ext0028,6,5450,25,4,4,544,151
54088.636350312016,0.017,Comp0040,Mail0002,6,46626,993,6,8,781,969
54093.17077502636,4.256,Comp0008,Proxy0002,6,10503,3128,15,22,294,20095
54100.634934274865,0.379,Comp0062,DNS0001,17,58199,53,2,2,79,359
54100.76938875878,9.721,Comp0022,Web0005,6,34633,443,10,23,1327,2409
54101.306899237556,0.031,Comp0054,Web0003,6,26487,443,9,22,157,7325
54103.19782772725,2.497,Comp0052,Web0006,6,8418,443,7,48,1680,7521
54115.13647185272,0.306,Comp0043,DNS0002,17,20135,53,3,2,77,308
54119.071483379055,6.022,Comp0019,Web0002,6,18161,443,9,22,209,908
54120.32616261095,7.479,Comp0031,DC0002,6,30173,445,31,95,1201,41317
54122.16089910806,1.753,Mail0001,Ext0028,6,8588,25,6,11,264,852
54125.449259431014,0.375,Comp0029,DNS0001,17,14451,53,2,3,60,293
54129.14610373651,0.226,Comp0074,DNS0001,17,20992,53,2,3,49,189
54133.120730612856,4.047,Comp0063,DC0001,6,24014,88,4,12,299,947
54135.34615329023,7.727,Comp0003,FS0001,6,11341,445,18,57,463,20446
54136.21236450021,0.098,Comp0007,DNS0001,17,43356,53,2,2,98,111
54136.72972166999,1.989,Comp0046,Proxy0002,6,26096,3128,8,139,127,27464
54138.44517291123,2.215,Comp0040,Web0006,6,46350,443,7,17,2233,6709
54142.47875587716,0.01,Comp0048,DNS0002,17,7681,53,2,2,182,135
54143.35461742932,0.267,Comp0032,DNS0001,17,46401,53,2,2,70,86
54147.799054989635,0.478,Comp0048,DC0002,6,65344,445,29,385,3094,18645
54148.92700943899,10.523,Comp0062,DC0001,6,28620,445,28,82,28752,2565
54151.34531692652,1.242,Comp0078,Proxy0002,6,42428,3128,5,9,321,15854
54152.26650044378,19.227,Web0004,DB0001,6,61327,3306,34,368,4537,22172
54164.33473511821,0.13,Web0003,DNS0002,17,3131,53,2,2,141,200
54167.076019739034,2.591,Comp0045,Proxy0001,6,62278,3128,19,166,1817,1916
54169.074018227126,6.386,Comp0021,FS0003,6,30339,445,11,149,12816,17531
54173.72078047005,3.342,Comp0049,Web0003,6,63320,443,6,69,262,16228
54177.31991858922,6.319,Comp0009,FS0001,6,48525,445,44,62,2256,15739
54179.94254864051,4.63,Comp0059,Web0005,6,37514,80,9,57,614,15127
54181.33209718408,0.039,Comp0073,DNS0002,17,31068,53,2,3,100,81
54181.356749604645,0.687,Comp0016,DC0001,6,51148,88,7,6,471,188
54182.87232240941,9.578,Comp0057,FS0002,6,60804,445,64,136,3503,16134
54183.34517745748,0.214,Comp0021,DNS0001,17,37491,53,2,2,51,316
54183.694501093276,5.746,Comp0080,FS0002,6,1496,445,17,111,608,48438
54189.31409447425,3.605,Comp0001,DC0002,6,62398,88,4,14,1255,694
54212.842530506874,4.947,Comp0045,Web0004,6,3936,443,6,15,1252,53600
54215.65846937579,6.796,Comp0024,FS0001,6,6384,445,12,42,1120,2706
54227.312231674114,7.091,Comp0057,Proxy0002,6,23529,3128,27,55,947,8752
54235.19531055916,4.335,Comp0015,Proxy0002,6,52578,3128,18,10,840,33184
54240.09077827266,1.746,Comp0058,FS0003,6,43911,445,30,443,499,22259
54242.02190136984,0.09,Comp0048,DNS0002,17,12363,53,4,2,69,157
54254.927014719055,10.413,Comp0009,Proxy0001,6,60499,3128,6,30,136,3673
54259.97729745654,0.119,Comp0064,DNS0002,17,16660,53,2,2,116,157
54264.235075199635,1.06,Comp0041,FS0003,6,1861,445,24,17,101,22917
54267.88302516791,5.014,Comp0014,Web0001,6,37823,80,14,9,1400,2446
54268.35881836196,17.823,Comp0020,Web0004,6,61612,443,4,56,1536,9956
54269.9179233337,4.953,Comp0011,Web0004,6,54220,443,9,25,346,1059
54272.216919248254,28.349,Comp0007,Web0006,6,10379,443,2,60,271,12199
54281.108249636185,0.333,Comp0031,DC0002,6,32281,389,7,10,1666,3019
54283.54723865742,0.621,Comp0056,Web0006,6,14187,80,6,18,300,7214
54284.04896930716,0.457,Comp0063,Web0003,6,19730,443,9,42,1067,1563
54285.36362805841,1.354,Comp0006,Web0001,6,64498,443,5,52,512,7221
54285.457989091745,8.225,Comp0028,Web0005,6,27011,443,27,35,588,1964
54290.316618941215,0.083,Comp0015,DNS0002,17,37347,53,2,3,140,457
54293.540960084894,0.082,Comp0053,Proxy0002,6,19974,3128,18,81,1238,9107
54298.282032225936,19.755,Comp0013,FS0001,6,11896,445,51,93,4498,7489
54300.41188148661,0.046,Comp0069,DNS0002,17,41784,53,2,2,103,376
54309.41300025654,0.334,Comp0007,DNS0002,17,26745,53,2,3,53,258
54310.20831587202,0.153,Comp0066,DNS0002,17,27018,53,2,2,75,234
54313.83644975918,0.339,Comp0047,DNS0001,17,10194,53,3,3,74,232
54317.98812539871,0.492,Comp0055,DNS0002,17,43134,53,2,3,67,143
54319.39613706033,3.677,Comp0071,Mail0002,6,59451,587,9,8,248,828
54327.32486642671,2.258,Comp0002,Proxy0001,6,36981,3128,17,20,462,2162
54328.187854520605,2.632,Comp0059,Proxy0001,6,24465,3128,4,28,1986,5217
54334.64169149137,3.105,Comp0004,FS0003,6,33091,445,20,59,3666,37505
54336.654037352084,5.798,Comp0014,DC0002,6,8276,88,6,12,1371,205
54340.090061439594,0.064,Comp0058,DNS0002,17,36697,53,2,2,56,271
54348.04397070337,34.305,Comp0034,FS0003,6,46937,445,55,552,6423,17595
54350.92028423953,0.158,Mail0002,DNS0002,17,64201,53,2,2,77,150
54359.122216681906,12.605,Comp0008,FS0001,6,8040,445,16,68,571,2319
54363.41312192299,0.227,Comp0008,DNS0001,17,34864,53,2,4,49,168
54363.75218203071,0.06,Comp0080,DNS0001,17,47554,53,3,3,62,126
54365.372476927245,29.52,Comp0050,FS0001,6,43537,445,7,814,1972,3927
54370.504372540396,2.242,Comp0044,Mail0001,6,22653,993,4,9,315,2048
54380.10276579824,8.54,Comp0054,Mail0001,6,63278,993,8,4,513,3518
54382.90105686188,2.163,Comp0036,Web0001,6,16351,80,11,28,64,74787
54390.502138805,2.124,Comp0002,Web0004,6,23126,443,17,136,1879,10737
54398.11065284877,0.134,Comp0005,DNS0001,17,11003,53,2,2,69,125
54398.33844521262,3.23,Comp0075,Web0005,6,40506,443,9,150,511,1100
54402.80357536807,0.109,Comp0045,DNS0001,17,60285,53,2,3,48,484
54415.18886182863,20.291,Comp0023,Web0002,6,35169,443,6,48,2382,1014
54425.386086410115,1.17,Comp0053,Web0004,6,24202,80,23,79,1987,10356
54429.58196760767,0.716,Comp0069,DNS0002,17,5025,53,2,2,82,179
54438.38975023677,6.934,Comp0043,FS0001,6,46533,445,25,362,1960,30813
54440.564499272325,0.009,Comp0078,DNS0001,17,5902,53,2,2,69,154
54441.44626835612,0.418,Comp0028,DNS0002,17,16226,53,2,2,75,171
54443.41897886868,7.672,Proxy0001,Ext0014,6,43525,443,13,59,693,1763
54452.48085584403,7.146,Comp0044,Web0002,6,19435,443,20,30,802,39096
54452.6705660695,0.246,Comp0011,DNS0001,17,28667,53,2,2,28,108
54453.53533360497,18.313,Comp0056,Web0005,6,20237,80,10,38,371,1332
54455.62682103127,1.496,Comp0056,Web0004,6,36446,443,14,18,788,1997
54462.14150058861,0.15,Comp0060,DNS0001,17,40112,53,3,2,49,352
54467.055075978715,0.205,Comp0069,Mail0002,6,42170,993,5,5,278,925
54473.06282582981,2.768,Comp0008,Web0001,6,27046,80,16,176,1475,9464
54481.37273282514,1.194,Comp0074,DC0001,6,16112,389,6,4,2422,693
54485.291755477905,1.864,Comp0044,DC0002,6,50627,389,7,5,352,679
54494.10666561284,41.044,Web0003,DB0004,6,26012,3306,26,43,917,1746
54494.45558311853,14.932,Comp0003,Web0004,6,1396,80,5,45,552,8095
54495.723973221204,7.262,Comp0013,Proxy0001,6,20982,3128,6,29,940,15748
54497.53815196176,3.04,Comp0041,Proxy0001,6,55508,3128,7,13,357,2828
54497.54997837927,1.355,Comp0012,DC0002,6,20905,389,4,13,1020,2441
54502.08807666523,11.446,Comp0053,Web0006,6,33896,443,8,69,703,16824
54504.03858485419,0.129,Comp0032,DNS0002,17,3794,53,3,2,78,148
54509.22705900403,0.948,Comp0026,Proxy0002,6,15735,3128,7,24,457,6069
54510.197597104074,1.239,Comp0008,DC0001,6,48290,88,8,6,410,379
54520.06699712435,2.21,Comp0001,Web0001,6,44338,443,6,28,750,3331
54522.607995382925,0.916,Comp0040,Web0002,6,44434,80,10,19,252,22529
54522.737516836365,3.003,Comp0002,DC0002,6,15941,88,5,2,1433,471
54526.4426319503,6.419,Comp0055,Web0003,6,50750,80,6,41,192,6143
54526.90068110946,25.458,Comp0044,DC0002,6,64470,445,25,107,623,12574
54527.949235192355,2.064,Comp0071,Mail0002,6,21909,993,4,9,1481,972
54530.76102079462,3.158,Comp0067,FS0003,6,5365,445,20,79,888,1737
54532.34864586408,2.288,Comp0036,Mail0001,6,10447,993,4,5,347,1109
54537.49209408531,0.091,Comp0066,DNS0001,17,62518,53,3,3,103,281
54537.66234832065,0.009,Comp0067,DNS0002,17,15930,53,4,3,43,172
54541.72555322293,13.942,Comp0048,FS0002,6,40022,445,25,40,369,39722
54558.54130726997,24.027,Comp0040,FS0001,6,48418,445,54,87,382,9083
54563.21506479457,6.009,Comp0056,Web0001,6,54194,443,12,12,1130,13052
54564.79996811814,11.135,Comp0080,Web0006,6,46264,443,8,20,547,17410
54565.736335552116,49.797,Comp0058,FS0002,6,7470,445,64,30,7940,62875
54568.979239925444,4.076,Comp0005,FS0001,6,35091,445,25,101,2402,25221
54569.60294686947,0.935,Comp0011,Web0005,6,28933,443,4,32,307,4057
54572.04506493884,2.384,Comp0072,Mail0002,6,28778,993,5,5,560,1250
54578.088980217246,1.175,Comp0067,Web0006,6,15903,443,8,9,157,11015
54578.94241805446,0.628,Comp0001,DNS0002,17,13923,53,2,3,165,257
54579.807039964784,0.046,Comp0037,DNS0002,17,49125,53,3,4,73,64
54581.82760793713,2.001,Mail0002,Ext0025,6,29519,25,3,6,541,823
54582.59832896904,0.27,Proxy0002,Ext0039,6,34876,443,7,69,1086,583
54587.200231192524,0.287,Comp0044,DNS0002,17,25080,53,3,2,59,229
54591.60777460066,11.388,Comp0044,FS0003,6,31204,445,46,232,956,22692
54597.28917601495,0.067,Comp0002,DNS0002,17,52657,53,2,2,162,165
54604.29325050946,0.188,Comp0027,Mail0001,6,42050,993,6,9,900,746
54607.14006987933,10.856,Comp0032,Proxy0002,6,45454,3128,4,35,1322,3928
54607.96916254278,0.249,Comp0077,DNS0001,17,26865,53,3,2,103,226
54618.87094143571,0.469,Comp0071,Web0004,6,65435,80,9,55,3520,9037
54623.40013232658,0.043,Comp0077,DNS0001,17,30946,53,4,3,72,204
54625.79327661572,4.491,Comp0054,Web0004,6,37275,80,3,148,1625,7576
54629.15851579457,6.88,Comp0005,Web0003,6,33297,443,8,13,224,100742
54631.5372588541,3.896,Comp0065,FS0002,6,29262,445,24,38,3692,29793
54635.68772425941,3.409,Comp0067,Mail0002,6,45657,993,5,8,238,315
54637.50555952679,2.125,Comp0015,Proxy0001,6,41098,3128,8,70,101,4453
54641.70182522408,0.05,Comp0029,DNS0002,17,4052,53,2,2,58,141
54647.42923376246,0.119,Comp0049,DNS0002,17,20810,53,4,3,54,100
54650.603548579995,5.386,Comp0043,Web0003,6,31545,443,5,58,1458,39070
54651.75745307009,6.366,Comp0029,FS0002,6,33528,445,24,52,456,5357
54652.15488884513,0.016,Comp0041,DNS0002,17,37828,53,2,2,120,194
54659.876955453685,2.593,Comp0078,Web0003,6,31813,443,28,19,895,529
54667.85438372472,1.289,Comp0003,Web0006,6,40800,443,11,22,4018,5097
54672.97246299116,2.904,Comp0002,Proxy0001,6,37169,3128,10,89,1976,74820
54680.08634284537,0.213,Comp0027,DC0001,6,23745,88,5,3,492,394
54682.57211423289,3.664,Comp0009,DC0001,6,32456,389,7,43,314,703
54691.4082277527,0.369,Comp0032,Web0001,6,56281,80,4,20,1598,72035
54694.0162755463,0.105,Comp0072,DNS0002,17,5210,53,2,3,135,91
54703.57222956273,6.305,Comp0005,DC0001,6,58882,389,9,15,173,211
54704.43707555699,10.814,Comp0033,Web0005,6,46746,443,5,25,537,15534
54705.763309200745,16.802,Comp0014,Web0003,6,44971,443,9,68,325,22568
54712.33922997421,0.44,Comp0043,DNS0001,17,3406,53,3,3,78,97
54714.28393812305,1.054,Comp0059,Mail0002,6,23128,993,8,6,214,144
54715.73784363816,6.211,Comp0058,Proxy0002,6,46289,3128,19,45,3590,1860
54718.464270750075,5.037,Comp0036,DC0001,6,25960,88,5,6,479,999
54722.89662966145,0.229,Comp0015,DNS0001,17,1389,53,4,2,72,204
54731.571377609995,13.104,Comp0062,Web0002,6,33054,443,10,49,6998,22490
54740.15571746883,2.371,Comp0020,DC0001,6,58799,88,3,11,155,379
54746.59054930013,0.005,Comp0040,DNS0002,17,65231,53,2,2,78,182
54747.56138694715,3.981,Comp0062,DC0002,6,1715,445,31,227,2394,5166
54757.05208601103,24.699,Comp0049,DC0002,6,28694,445,54,59,2121,1601
54763.96153868009,4.356,Comp0043,Proxy0001,6,31991,3128,3,21,495,7292
54764.0337414528,2.05,Comp0052,Web0002,6,41794,80,10,17,1824,31963
54764.614195523536,0.044,Comp0014,DNS0002,17,6965,53,2,3,43,381
54768.11877996688,6.718,Comp0075,Web0004,6,14334,443,5,60,825,8992
54769.42303844329,0.069,Comp0037,DNS0001,17,16356,53,2,2,54,255
54771.28134948421,0.505,Comp0060,Proxy0001,6,28955,3128,9,55,244,989
54777.943609446535,0.876,Proxy0002,Ext0025,6,21591,443,2,16,1726,1435
54778.40237322092,1.152,Comp0052,DNS0002,17,8382,53,3,2,87,62
54786.10585902526,2.857,Comp0020,Web0006,6,28204,80,7,25,92,28536
54795.444614831766,0.592,Comp0044,DC0001,6,37719,445,26,53,493,15131
54795.72293408345,2.939,Comp0008,Web0001,6,39530,443,16,24,830,5571
54802.39921769546,0.518,Comp0045,DNS0001,17,51470,53,2,2,99,132
54812.91710938953,0.462,Comp0022,DNS0001,17,52722,53,2,2,44,158
54820.974462663726,37.317,Comp0059,FS0002,6,9964,445,21,194,2126,4109
54822.05364461532,1.191,Comp0022,Mail0001,6,64785,993,5,18,514,431
54822.86816284321,6.595,Comp0045,Web0004,6,55621,443,7,9,635,11152
54824.57189056902,1.522,Comp0017,Web0001,6,18156,443,10,33,3717,8655
54828.9856422486,0.133,Comp0018,DNS0001,17,57219,53,2,3,120,124
54839.662562891644,47.671,Web0004,DB0004,6,39201,3306,14,583,967,36219
54842.8034836262,0.146,Comp0035,DNS0002,17,49122,53,3,3,48,289
54863.177555447655,4.815,Comp0044,DC0001,6,41556,389,7,3,251,8645
54863.575529124304,0.766,Comp0033,Web0003,6,58452,443,16,118,1015,7280
54869.865427109515,0.419,Comp0046,DNS0001,17,35735,53,3,3,62,47
54870.191209325465,0.24,Comp0010,DNS0002,17,23728,53,3,2,168,116
54874.800640038586,13.362,Comp0080,Proxy0001,6,64099,3128,16,18,1013,993
54875.15246033791,0.313,Comp0006,DNS0002,17,55152,53,3,3,37,168
54875.66875011921,1.261,Comp0023,Proxy0001,6,31322,3128,9,16,506,19550
54879.10886666671,7.712,Comp0061,Web0002,6,6512,443,11,10,617,1374
54883.0766027035,12.274,Comp0077,Web0001,6,45166,443,6,24,361,4154
54890.58810500934,3.086,Comp0046,Web0004,6,18701,443,17,34,2595,24906
54891.31869201583,0.254,Comp0071,DNS0002,17,26077,53,3,2,70,177
54896.54261463124,10.781,Proxy0002,Ext0037,6,4054,80,17,21,2630,24008
54897.345019742446,4.914,Comp0067,Web0003,6,20626,443,33,42,1303,2282
54905.307979955884,0.437,Comp0074,Mail0002,6,54997,993,5,8,181,433
54909.07587132877,0.134,Web0006,DNS0001,17,4110,53,2,3,59,176
54911.873248119315,0.378,Comp0038,Mail0002,6,18162,993,4,6,191,247
54918.36549395846,0.731,Mail0001,Ext0032,6,44903,25,6,8,287,926
54925.28530410863,0.251,Comp0008,DNS0001,17,22177,53,2,2,91,89
54926.249125414484,1.384,Comp0042,Web0005,6,14348,80,8,60,1111,16571
54930.0207358366,6.526,Mail0002,Ext0034,6,37578,25,5,3,137,188
54949.374951211335,4.935,Comp0039,DC0001,6,12109,389,6,11,217,714
54954.373228473545,2.573,Comp0014,Web0005,6,10015,443,17,153,630,6608
54957.74711672749,0.235,Comp0016,DNS0002,17,60872,53,3,2,55,74
54968.69127686294,7.989,Comp0001,Web0006,6,29824,443,6,64,2030,5894
54995.40022782723,0.032,Comp0026,DNS0001,17,19844,53,3,3,54,141
55017.361737074636,7.876,Mail0002,Ext0038,6,49256,25,10,5,702,1105
55019.59993289065,5.365,Comp0039,Proxy0002,6,65197,3128,5,195,393,622
55023.93310544296,28.105,Comp0049,Web0005,6,47812,443,49,39,1947,45679
55029.06949486219,9.777,Comp0052,Web0001,6,34085,443,8,31,1282,6640
55032.415211579915,5.363,Comp0007,Proxy0002,6,24960,3128,9,180,325,11076
55033.100741383976,5.834,Comp0060,Proxy0002,6,43144,3128,8,37,6597,14316
55033.77544632872,2.463,Comp0020,Proxy0001,6,25735,3128,16,55,1566,4816
55035.07749582454,0.207,Comp0056,DNS0001,17,44879,53,3,3,50,152
55035.84986230518,4.099,Comp0015,Web0002,6,23908,443,3,8,191,1829
55040.66658857618,3.351,Comp0068,DC0002,6,53517,445,15,153,1251,12595
55041.423582917305,0.1,Comp0032,DNS0002,17,59006,53,2,2,97,259
55058.956475358355,2.871,Comp0026,Web0005,6,28084,443,9,65,353,25236
55060.246571211246,4.436,Comp0069,Web0001,6,56169,443,14,16,603,10598
55063.31496774215,1.465,Comp0056,DC0001,6,47920,389,2,8,286,367
55066.94726771368,0.253,Comp0058,DNS0001,17,33969,53,2,2,117,62
55067.77884122326,4.121,Comp0029,Proxy0001,6,57643,3128,6,25,3761,2721
55068.152768044456,6.279,Comp0070,Proxy0002,6,30507,3128,9,10,972,2712
55068.18414291076,0.549,Comp0074,Web0006,6,3656,443,5,61,2645,1673
55075.3582375085,4.393,Comp0045,DC0002,6,16065,445,20,152,791,4755
55076.45672226075,0.006,Comp0063,DNS0002,17,27143,53,3,3,34,132
55078.924157292895,25.363,Web0004,DB0002,6,42589,3306,7,36,2828,25948
55085.133006316326,2.922,Comp0062,Web0005,6,19569,443,4,4,290,5635
55085.33963467891,0.183,Comp0015,DNS0001,17,60727,53,2,3,67,165
55101.56930467054,11.35,Comp0046,Web0003,6,10575,80,8,165,262,8444
55106.98194646231,1.06,Comp0002,DC0002,6,3914,389,7,14,2901,445
55113.40688520351,1.692,Comp0028,Mail0001,6,10430,993,5,5,156,331
55130.45858991935,2.049,Comp0033,Mail0001,6,2511,587,3,7,311,1341
55132.00563425907,26.353,Comp0024,Proxy0002,6,5791,3128,8,93,1133,33026
55147.00600488555,6.212,Comp0008,DC0002,6,6864,88,6,13,112,523
55155.56277048708,1.28,Comp0023,DNS0002,17,23257,53,2,2,78,246
55172.682167935054,2.516,Comp0007,Web0001,6,13971,80,11,20,747,8709
55176.80112529318,1.802,Comp0022,Web0003,6,7280,443,9,15,610,2484
55177.45579859393,0.946,Comp0020,Proxy0001,6,19265,3128,11,31,951,7378
55184.75309980239,8.672,Comp0039,FS0003,6,33753,445,17,577,1505,33103
55187.82618247096,2.431,Comp0011,Web0003,6,46380,443,21,24,216,3184
55189.26187855943,0.995,Comp0079,DC0002,6,19793,389,7,23,692,1580
55194.92645399744,0.592,Web0005,DC0001,6,62809,389,4,8,268,610
55196.1233883492,7.732,Comp0050,DC0002,6,36909,445,29,74,3434,891
55199.21198412577,12.79,Comp0063,Mail0001,6,5482,587,7,6,234,488
55207.90308554549,0.103,Comp0009,DC0002,6,53918,88,3,5,564,739
55208.759434288484,1.427,Comp0016,Mail0002,6,10887,993,5,8,140,159
55211.2773455639,11.182,Comp0039,Proxy0001,6,45002,3128,3,126,991,9450
55213.67049391133,0.364,Comp0068,Web0005,6,55417,443,6,30,197,2816
55214.47775677929,6.101,Comp0001,Mail0001,6,47244,993,9,9,302,237
55223.814652454275,2.296,Comp0041,Web0004,6,57842,443,8,36,942,5285
55240.73278665744,0.055,Comp0047,DNS0002,17,61446,53,3,2,77,214
55243.32360975121,20.536,Comp0006,DC0002,6,30268,445,46,104,1785,13973
55246.94943457897,0.272,Comp0031,DNS0002,17,8856,53,3,3,43,274
55269.22599570426,3.367,Comp0061,Proxy0002,6,13805,3128,19,21,277,4376
55275.711560336626,9.074,Comp0079,FS0002,6,45605,445,38,185,182,9044
55286.70684716009,2.022,Comp0021,DC0001,6,15922,88,10,25,465,537
55287.69214985201,1.331,Comp0080,Web0005,6,36671,443,4,56,664,4163
55288.5307533459,7.763,Comp0062,Mail0002,6,28330,587,2,6,175,543
55296.674534700884,1.253,Proxy0001,Ext0009,6,38897,443,8,70,1010,1116
55301.5814068342,2.868,Comp0047,Web0003,6,40174,443,7,64,423,8606
55302.60442812631,6.003,Comp0029,Mail0001,6,4797,587,2,7,627,7419
55307.039175645405,5.848,Comp0039,FS0002,6,51540,445,26,56,893,5995
55318.0280362703,0.128,Comp0013,DNS0002,17,49225,53,2,2,47,137
55319.0656865867,0.246,Comp0021,DNS0001,17,6691,53,2,3,63,121
55324.40771400949,0.088,Comp0003,DNS0002,17,60326,53,2,2,41,414
55327.67270949563,10.477,Comp0061,Proxy0002,6,13721,3128,6,26,1099,11089
55328.33835748051,4.346,Comp0073,DC0001,6,52914,88,4,5,1365,2439
55333.84337374893,0.899,Comp0014,Proxy0001,6,41155,3128,7,44,373,11957
55335.3512877029,0.006,Comp0002,Mail0002,6,40546,993,5,8,367,2446
55339.724329473305,8.099,Comp0066,Web0004,6,48648,443,13,181,931,6203
55340.90538140276,9.748,Comp0008,Web0002,6,58536,443,5,46,372,8012
55351.58375550714,0.357,Comp0077,DNS0002,17,45181,53,2,2,61,88
55359.8281068548,0.117,Comp0079,DNS0002,17,2400,53,3,3,121,109
55369.9985935569,2.462,Comp0056,Proxy0002,6,61265,3128,4,29,343,35545
55370.167725334126,8.206,Comp0029,DC0001,6,61396,389,7,13,194,330
55376.67791090066,0.362,Comp0043,DNS0001,17,48713,53,3,2,206,213
55383.00031929181,0.035,Comp0025,DNS0001,17,7948,53,3,3,93,86
55385.43067347534,0.03,Comp0035,DC0001,6,62129,88,10,13,734,359
55405.18774191796,8.054,Comp0021,FS0002,6,30926,445,97,305,1705,9081
55409.899186893104,3.6,Comp0039,Web0002,6,33268,443,17,7,2221,1992
55410.169406687775,22.551,Comp0065,Web0002,6,10904,443,10,20,2767,34687
55413.722220758005,0.288,Comp0042,DNS0002,17,13269,53,3,2,65,131
55419.674224227936,0.196,Web0004,DNS0001,17,64547,53,2,2,82,135
55419.82002108471,0.821,Comp0006,DNS0002,17,41032,53,2,3,93,367
55423.1637319479,0.181,Comp0038,DNS0001,17,29084,53,2,3,74,161
55424.548577898364,8.325,Web0003,DB0002,6,41264,3306,23,86,562,8404
55424.86509415316,3.071,Comp0001,DC0001,6,65073,389,8,11,187,698
55429.69792505158,0.555,Comp0009,Web0001,6,47583,443,7,63,693,1200
55435.62350446256,2.077,Comp0069,Mail0002,6,62607,993,11,5,293,504
55436.62861039399,1.91,Comp0077,Mail0002,6,33634,993,5,4,1644,956
55444.33490079261,3.36,Comp0065,Web0003,6,56122,443,9,62,1076,7176
55446.90521666863,0.471,Comp0075,DC0001,6,29503,389,4,20,730,451
55448.91462102292,5.232,Comp0008,Proxy0002,6,52066,3128,10,51,1211,23583
55449.47399999353,6.626,Comp0018,Web0006,6,40875,80,3,20,966,19170
55454.91830033503,0.099,Comp0065,DNS0001,17,25023,53,2,2,62,133
55458.239614337275,0.342,Comp0042,DNS0001,17,58002,53,3,2,73,251
55469.4328406122,4.47,Comp0066,FS0001,6,48284,445,29,65,1769,2274
55471.973668656814,0.274,Comp0021,Web0001,6,51610,443,4,33,1663,18679
55472.76737682339,0.21,Comp0005,DC0002,6,1727,88,5,9,467,377
55472.85267090196,0.043,Comp0002,DNS0001,17,32840,53,2,3,34,165
55473.504367699155,2.023,Comp0002,Web0003,6,23477,443,35,49,435,4926
55487.72660807359,2.691,Comp0030,DC0001,6,39201,88,6,12,1629,2584
55488.35171358607,0.018,Comp0075,DNS0001,17,56910,53,3,3,153,211
55493.354708119456,0.299,Comp0006,DNS0001,17,18445,53,3,2,83,104
55495.14124760945,1.55,Comp0001,Web0006,6,57488,443,8,40,448,4573
55496.82509524696,9.676,Comp0023,Proxy0002,6,62874,3128,32,25,615,1996
55497.7874159121,0.092,Comp0045,DNS0001,17,42766,53,3,2,66,177
55502.00401202073,0.926,Comp0070,Web0006,6,6388,443,4,27,821,20231
55504.691751218306,6.61,Proxy0002,Ext0004,6,62777,443,10,78,470,3002
55506.87108357961,2.423,Web0001,DB0004,6,34085,5432,19,359,635,13934
55507.75076453032,1.661,Comp0016,Web0004,6,57731,443,8,36,224,3381
55514.950788961614,0.584,Comp0072,DNS0001,17,20294,53,2,3,51,87
55515.37137604535,4.758,Proxy0001,Ext0012,6,57588,443,7,33,80,2583
55527.43539205258,3.207,Comp0051,Web0006,6,42196,443,15,38,323,1474
55531.55002465397,1.614,Comp0057,FS0002,6,31825,445,37,23,1231,18918
55538.789995070096,3.25,Comp0002,Proxy0002,6,26954,3128,8,43,8306,42613
55540.721618675925,1.665,Comp0036,DC0002,6,55511,389,6,10,234,140
55551.16377679452,2.135,Comp0040,Proxy0002,6,1172,3128,5,24,1385,8350
55554.782491567355,4.702,Comp0069,Web0006,6,17104,443,9,22,5626,21063
55563.65136628183,0.07,Comp0047,DNS0001,17,14068,53,3,4,66,221
55568.68441914746,0.895,Comp0064,DNS0002,17,43829,53,2,2,72,83
55575.3644857967,2.444,Comp0065,DC0001,6,57252,88,7,13,515,369
55577.457556450325,11.692,Comp0044,Proxy0001,6,64041,3128,36,31,964,10853
55584.316184035706,3.635,Comp0050,DC0002,6,56943,88,5,4,1743,444
55593.834200709054,1.519,Comp0018,Proxy0002,6,28825,3128,5,36,796,2547
55595.4923036303,0.508,Comp0001,Mail0001,6,41561,993,11,6,256,374
55600.41052893485,0.192,Comp0057,DNS0001,17,2140,53,2,2,92,140
55605.62796106254,1.891,Comp0053,Mail0002,6,41530,993,9,6,1489,2573
55609.29760219493,3.146,Comp0005,Web0001,6,41569,80,18,41,495,2693
55616.91602432841,6.433,Comp0039,Web0006,6,26012,443,3,163,496,5733
55627.41807449549,0.904,Proxy0001,Ext0030,6,42119,443,10,15,1044,281
55644.04512173517,0.418,Comp0042,DC0002,6,11193,445,19,20,1132,22433
55646.18761389412,6.439,Comp0037,Web0005,6,60215,443,19,9,671,1451
55650.27097253877,0.112,Comp0023,DC0002,6,38601,88,4,7,188,143
55658.07184662114,4.278,Comp0016,FS0001,6,2076,445,64,169,669,23167
55663.49503262821,0.87,Comp0039,Web0005,6,1940,443,26,89,417,5880
55671.28559708806,4.318,Comp0079,Proxy0002,6,52206,3128,10,43,242,705
55672.016671400816,2.908,Comp0062,Web0006,6,30976,443,11,54,2415,1418
55672.236257750126,2.677,Comp0010,Web0004,6,57137,443,5,13,818,3299
55674.27694854022,11.644,Comp0075,FS0003,6,41577,445,8,28,1651,9148
55677.7923130736,0.134,Comp0012,DNS0001,17,56715,53,3,4,54,42
55682.09794244454,1.454,Comp0047,FS0003,6,35425,445,44,597,611,2203
55684.0161887842,0.089,Comp0077,DNS0002,17,52014,53,3,2,79,88
55689.86750844949,3.058,Comp0068,DC0001,6,35228,445,8,630,2342,80234
55704.667654838864,1.323,Comp0072,Mail0001,6,35070,993,5,6,217,190
55714.351875656306,0.007,Comp0056,DNS0001,17,41785,53,3,2,75,198
55715.11795995661,0.007,Comp0027,DNS0001,17,25005,53,2,2,80,44
55720.36819501987,1.252,Comp0055,Web0006,6,3755,80,15,36,202,3221
55722.42961454571,3.507,Comp0064,Web0004,6,30910,443,12,63,1016,11810
55727.19811304599,26.518,Web0001,DB0003,6,45227,3306,18,119,706,55198
55727.58901966502,0.093,Comp0070,DNS0002,17,7703,53,2,3,80,394
55729.897224166845,14.591,Comp0040,Web0004,6,54221,443,6,32,762,17065
55736.37979258475,0.368,Comp0006,DNS0001,17,53151,53,3,3,72,165
55740.72159022928,3.072,Comp0030,DC0001,6,49090,88,11,6,192,586
55743.629720587815,0.315,Web0001,DB0001,6,24337,5432,8,41,1574,5616
55753.15499112116,0.021,Comp0065,DNS0002,17,6553,53,2,2,33,96
55754.64385033327,6.093,Comp0043,Proxy0001,6,39846,3128,24,99,550,50793
55759.146205890844,6.883,Comp0009,Web0002,6,40167,443,11,59,2677,7515
55759.535627435405,8.158,Comp0036,DC0001,6,34714,88,6,7,1653,1181
55765.287641767216,22.559,Comp0051,Web0003,6,44843,443,6,146,315,5018
55771.069288273684,0.184,Comp0062,DNS0001,17,39239,53,2,3,52,103
55786.16935018772,2.54,Comp0074,Web0001,6,16106,443,4,8,852,22199
55787.204919575415,0.288,Comp0037,DNS0001,17,14712,53,2,2,58,530
55790.47529879982,12.682,Comp0033,FS0001,6,52214,445,132,98,2070,61413
55793.862394727315,1.033,Comp0024,Web0004,6,32253,443,17,14,1084,4103
55794.75229427961,0.136,Comp0080,DNS0002,17,15152,53,2,3,65,125
55799.28192279631,4.641,Comp0013,DC0001,6,53363,88,11,4,774,670
55800.56106981197,0.985,Comp0016,Proxy0001,6,60953,3128,6,15,1435,805
55803.89173184705,1.818,Comp0015,DC0002,6,62870,88,6,8,216,273
55805.75406061434,2.006,Comp0044,DC0001,6,62112,88,3,7,193,588
55810.138569965486,0.979,Comp0073,Mail0001,6,3514,993,5,7,873,430
55812.08978089397,0.525,Comp0011,DC0001,6,29579,88,8,10,792,1374
55813.59012614704,0.236,Comp0070,DNS0001,17,31963,53,2,2,156,105
55826.76785527824,0.265,Comp0044,DC0001,6,41745,88,3,5,844,248
55839.23047516905,1.692,Comp0061,Proxy0002,6,38230,3128,51,23,1109,9913
55848.98119866649,2.102,Comp0039,Web0002,6,61063,443,9,28,604,2273
55853.08647654817,0.028,Comp0074,DNS0002,17,34159,53,2,3,71,89
55853.227082499376,3.835,Proxy0002,Ext0037,6,41168,443,6,12,726,4396
55873.298422411644,2.069,Proxy0002,Ext0013,6,51992,80,22,20,631,13360
55878.29565292739,1.269,Comp0012,Web0005,6,57208,80,4,19,1537,10079
55879.200230093236,1.142,Comp0015,DC0002,6,22749,389,5,22,299,323
55894.01399379065,3.016,Comp0058,Proxy0001,6,13380,3128,5,14,1148,22494
55899.13186777611,0.517,Comp0075,Mail0002,6,12811,587,7,4,953,405
55900.687587081855,3.269,Comp0071,DC0001,6,53720,88,5,3,2160,2525
55905.14793330858,0.451,Comp0029,DC0002,6,49528,389,5,6,256,1847
55905.32896198596,5.53,Comp0002,FS0001,6,10814,445,25,44,28237,5678
55906.89438520386,0.302,Comp0015,DNS0001,17,46455,53,2,2,40,91
55908.11003958855,0.406,Comp0076,DNS0001,17,31489,53,2,3,63,89
55911.95218213632,0.176,Comp0075,DNS0001,17,13061,53,2,2,57,215
55916.98062468666,0.159,Comp0063,DNS0002,17,14722,53,2,2,76,140
55917.003180829844,3.094,Proxy0002,Ext0034,6,41403,80,7,68,3627,26523
55925.01476705906,0.111,Comp0019,DC0001,6,43278,389,4,5,392,2298
55927.53114929949,1.229,Comp0054,Web0006,6,35487,443,12,9,409,1794
55933.71821254669,6.22,Comp0046,Web0001,6,27518,443,20,20,1721,5170
55938.145843225146,2.218,Proxy0001,Ext0026,6,35369,443,6,89,1611,3703
55947.13413467623,0.108,Comp0039,Web0002,6,45754,80,8,19,1314,28906
55947.16939372163,5.828,Web0005,DB0003,6,54489,3306,8,215,234,25056
55961.41850350742,0.554,Comp0038,Proxy0001,6,27548,3128,7,14,293,14305
55962.779207291394,7.204,Comp0024,Mail0001,6,14639,993,5,3,382,976
55969.10470612417,0.21,Comp0039,DNS0001,17,14257,53,2,3,46,148
55971.620311742925,0.035,Comp0073,DNS0001,17,61202,53,2,4,106,176
55973.8230689929,6.147,Comp0043,Web0006,6,20345,443,7,24,786,3868
55976.778775766354,1.484,Comp0058,Proxy0002,6,48759,3128,11,200,582,15404
55980.47506695762,0.058,Comp0075,DNS0002,17,47411,53,3,2,60,68
55989.844656484456,19.039,Comp0035,Web0004,6,29142,443,5,14,262,5492
55991.65694674338,0.401,Comp0029,DC0001,6,45597,88,6,8,377,1320
55992.02669218925,0.074,Comp0031,DNS0002,17,24352,53,2,3,69,157
55997.29195408987,19.551,Web0002,DB0001,6,55204,3306,12,37,294,13413
55998.751311967586,10.537,Comp0010,DC0001,6,5152,445,4,292,1948,46748
56006.631623496876,3.048,Comp0063,Proxy0002,6,59398,3128,14,43,905,8122
56010.174300493185,4.083,Comp0055,Web0002,6,2210,80,7,30,3399,3951
56014.52083704243,0.047,Comp0049,DNS0001,17,32339,53,2,4,62,93
56032.29762694862,5.222,Comp0060,Web0006,6,63356,443,3,19,202,5099
56035.840607501304,15.513,Comp0032,Web0002,6,59384,443,8,59,368,41360
56044.78146182978,0.123,Comp0054,DNS0002,17,45801,53,3,3,61,581
56053.36177936582,3.226,Comp0055,Mail0002,6,36410,587,6,5,598,1046
56054.162066840036,13.491,Comp0025,Proxy0001,6,28278,3128,5,64,304,7523
56056.22330363463,0.587,Comp0005,DNS0001,17,48474,53,2,2,103,121
56057.090341259944,5.036,Comp0080,Web0001,6,12466,443,7,45,5205,3573
56058.94094858546,0.654,Comp0044,Web0003,6,2719,443,15,43,571,5706
56061.69619319326,5.149,Comp0038,DC0001,6,18113,445,11,59,1006,17421
56069.679142456116,0.26,Comp0071,DNS0001,17,12789,53,2,2,77,105
56074.05181425654,11.946,Comp0070,FS0002,6,19013,445,10,213,1709,1538
56081.62849414021,2.555,Comp0080,DC0002,6,60931,88,4,9,1069,1428
56086.017828583805,6.855,Comp0047,Proxy0001,6,53333,3128,41,38,544,8738
56093.38816661682,0.021,Comp0032,DNS0001,17,63043,53,2,3,101,98
56099.79146364318,0.109,Comp0006,DNS0001,17,20543,53,2,3,58,229
56100.20840570155,4.681,Comp0057,Proxy0002,6,43155,3128,8,14,443,24530
56102.81423315367,9.551,Comp0073,Proxy0001,6,40116,3128,4,15,949,3433
56108.86795354192,9.045,Comp0064,Proxy0001,6,57986,3128,4,55,3559,15771
56117.397584302664,0.129,Comp0023,DNS0002,17,22109,53,3,2,61,119
56127.01960481333,0.044,Comp0025,DNS0002,17,23871,53,3,3,70,134
56142.70760885153,0.147,Comp0043,DNS0001,17,16537,53,2,3,66,129
56143.66021314385,24.714,Comp0053,FS0003,6,31692,445,34,246,1244,6119
56146.44297574301,2.018,Comp0072,Web0004,6,4540,80,14,103,250,11569
56151.46416959131,0.221,Comp0058,DNS0001,17,46671,53,2,2,49,201
56152.110028341296,0.277,Comp0040,DNS0002,17,61763,53,3,3,31,100
56155.14805460059,10.967,Comp0006,FS0002,6,25141,445,28,48,748,12172
56155.641770075585,0.353,Comp0016,DNS0001,17,17219,53,2,2,137,321
56159.48009609025,13.95,Comp0008,FS0002,6,55745,445,31,96,1550,11465
56169.33573610011,3.244,Comp0035,Proxy0002,6,33674,3128,31,83,1372,2996
56171.52326467888,0.103,Comp0036,DNS0002,17,58939,53,2,2,84,93
56175.05277292302,3.808,Comp0055,Web0004,6,35031,80,4,83,364,3382
56181.89526689956,0.0,Comp0039,DNS0002,17,44576,53,2,3,96,57
56183.02291000221,0.043,Comp0049,DNS0001,17,60328,53,2,2,67,173
56192.68484257917,3.286,Comp0063,Proxy0001,6,54207,3128,16,11,835,847
56198.09293911798,4.22,Comp0017,Proxy0002,6,44748,3128,14,18,559,13989
56198.20273862898,3.13,Web0004,DB0002,6,62569,3306,8,96,896,63509
56210.581266604386,2.788,Comp0067,Mail0002,6,12897,993,8,4,151,2106
56214.87022787221,11.605,Web0002,DB0001,6,59597,5432,67,324,1342,5498
56225.038586505456,0.093,Comp0020,DNS0002,17,22874,53,3,3,115,91
56230.23825970381,4.447,Comp0017,Proxy0001,6,61950,3128,11,40,1050,12475
56231.66199097499,4.489,Comp0014,Proxy0002,6,64965,3128,7,55,374,5047
56243.78059709475,6.487,Web0003,DB0004,6,7322,3306,6,58,2045,50096
56251.011944519196,0.029,Comp0010,DNS0001,17,63827,53,2,3,75,166
56265.71961542756,6.367,Web0001,DB0003,6,61359,5432,16,454,4635,9449
56271.360713044385,0.024,Comp0045,DNS0001,17,32879,53,2,4,58,167
56271.6812551301,4.642,Comp0076,FS0002,6,24350,445,24,196,966,18451
56274.25112772422,0.056,Comp0025,DNS0002,17,27630,53,3,3,73,108
56275.03691232165,9.48,Comp0030,Web0006,6,39463,443,2,30,124,2394
56278.34930438287,0.21,Comp0049,Web0002,6,51828,443,11,15,3681,1454
56281.08994737072,0.663,Web0005,DC0002,6,47705,389,5,10,131,1549
56285.66038215473,8.253,Comp0040,Web0002,6,9094,443,6,109,1086,35991
56287.17536801984,3.716,Comp0007,Proxy0002,6,41387,3128,17,51,830,2519
56288.09723004144,0.05,Comp0075,DNS0001,17,43371,53,3,3,101,85
56296.96332769909,0.046,Comp0021,DNS0001,17,63538,53,3,3,164,156
56297.684006959695,2.392,Comp0033,Proxy0002,6,8332,3128,12,116,3726,1567
56307.176250125725,3.076,Comp0032,Web0003,6,33366,80,7,84,386,23691
56315.6611395349,18.409,Comp0078,DC0002,6,45652,445,21,43,14160,2443
56317.63234111824,0.131,Comp0067,DNS0001,17,3451,53,3,2,111,87
56323.64158937062,0.08,Comp0042,Web0002,6,1431,80,9,42,256,6466
56325.444749126444,3.371,Comp0012,Mail0001,6,36202,993,10,7,199,203
56332.5915793247,5.276,Comp0018,Web0001,6,21091,443,8,25,291,3962
56342.695349001486,46.825,Web0001,DB0003,6,2018,5432,73,66,2899,35867
56352.090472260854,11.517,Comp0075,Mail0002,6,30705,993,10,3,250,88
56352.30806727086,1.103,Comp0022,Web0005,6,38713,443,3,8,1339,933
56353.659277920335,2.274,Comp0047,DC0001,6,18763,389,18,5,1603,334
56371.5426143719,0.661,Comp0005,Proxy0001,6,12068,3128,8,18,273,2063
56372.128074107255,0.201,Comp0065,DNS0001,17,37473,53,2,2,75,310
56372.7734203889,2.324,Comp0026,Web0002,6,43096,443,6,20,967,5652
56379.97299176883,6.85,Comp0074,Web0002,6,48179,443,20,14,620,19137
56380.28276580132,9.402,Comp0075,FS0003,6,57849,445,17,68,17311,7865
56382.58937208643,0.237,Comp0061,DNS0002,17,47021,53,3,2,102,132
56388.729944204024,5.34,Web0004,DB0001,6,35601,3306,33,72,8676,8293
56388.97509490417,7.678,Comp0068,DC0002,6,15110,389,12,6,198,1003
56389.643310405896,0.509,Comp0016,DNS0001,17,47356,53,2,3,54,149
56401.20543908803,2.889,Comp0058,Proxy0002,6,50503,3128,8,34,180,31875
56402.57351519181,14.03,Comp0059,Web0005,6,38551,443,4,227,264,51842
56402.96989740762,7.859,Comp0029,Web0003,6,22020,443,10,30,513,666
56404.72203096322,11.865,Comp0031,Proxy0002,6,56489,3128,5,47,760,5214
56410.381293841245,3.989,Comp0002,Web0003,6,62842,443,5,14,956,12125
56425.90979457264,5.579,Comp0006,FS0001,6,13642,445,34,140,14115,7936
56432.297393112305,0.183,Comp0076,DNS0001,17,39370,53,2,2,48,112
56437.73042335035,0.136,Comp0011,Web0001,6,43039,443,8,79,272,12278
56449.70825057867,29.868,Comp0016,DC0002,6,29504,445,31,27,3844,69299
56449.76921911931,0.745,Comp0008,DNS0002,17,8601,53,3,2,117,81
56461.86882773575,3.934,Comp0011,Proxy0001,6,32464,3128,3,11,2647,13018
56462.43452366438,6.644,Comp0047,DC0001,6,44874,88,5,10,180,203
56463.97301185774,0.189,Comp0010,Web0004,6,34180,443,5,172,1382,8666
56475.594427787175,0.608,Comp0069,Web0003,6,53913,443,15,105,4530,2137
56480.34694932641,9.103,Comp0014,DC0002,6,62040,389,2,6,235,1628
56484.201820552196,26.397,Comp0057,DC0001,6,17179,445,6,61,3597,45189
56487.29432439564,3.332,Comp0045,Proxy0002,6,61148,3128,22,51,5114,5894
56490.46796760633,5.093,Comp0006,DC0001,6,24529,445,6,526,504,121418
56490.49027611834,2.985,Comp0008,FS0002,6,18703,445,8,249,5170,2766
56496.86238078313,6.825,Comp0054,Web0005,6,3681,443,6,14,569,2976
56497.56563720325,13.758,Mail0002,Ext0012,6,11136,25,8,4,1263,765
56514.94778359629,1.574,Comp0031,Proxy0002,6,13801,3128,10,61,397,1638
56524.01590593756,4.39,Comp0042,DC0002,6,6962,445,38,34,1049,5434
56529.27046439746,0.098,Web0004,DNS0002,17,40072,53,2,3,35,85
56533.3948181439,0.02,Comp0013,DNS0002,17,25410,53,2,2,86,91
56542.14011152743,3.641,Comp0040,Proxy0001,6,54272,3128,6,37,616,7586
56549.086974005964,5.232,Comp0061,DC0002,6,30785,88,17,6,2785,1083
56560.45012387229,0.223,Comp0064,DNS0002,17,7588,53,3,3,51,163
56562.25982386892,0.043,Comp0061,Mail0002,6,9241,587,3,23,314,3882
56582.61964710641,4.724,Comp0034,Web0006,6,37315,80,14,17,479,3682
56583.531745845,0.228,Comp0008,DNS0002,17,60765,53,3,2,81,119
56588.8002700476,9.433,Comp0061,Web0003,6,29895,443,17,72,501,3460
56596.288023481146,6.008,Comp0058,Web0005,6,1206,443,3,79,672,2638
56599.682366109315,4.54,Comp0009,Web0001,6,4673,80,4,46,333,15140
56604.42385732425,0.053,Mail0002,Ext0016,6,16190,25,3,5,468,501
56607.73352948801,5.109,Comp0026,Mail0001,6,30211,587,4,3,218,560
56609.36188989794,0.387,Comp0070,DNS0002,17,52328,53,2,2,40,139
56614.52819434842,0.087,Comp0022,DNS0002,17,10307,53,2,2,36,149
56616.878042286684,0.577,Comp0050,DNS0002,17,23238,53,2,2,83,64
56625.66427555777,0.675,Comp0048,DC0001,6,16313,389,10,6,184,205
56636.147007788575,6.234,Proxy0002,Ext0029,6,22450,443,6,37,597,4028
56640.09461184947,2.77,Comp0014,Web0006,6,52394,443,10,72,833,9078
56647.484171829565,0.976,Comp0041,FS0001,6,17490,445,5,327,1658,34072
56652.49944722069,3.91,Comp0039,DC0002,6,63945,88,16,10,427,258
56671.822430686334,0.344,Web0004,DNS0002,17,11903,53,2,2,60,89
56672.23072436156,6.008,Comp0018,Web0006,6,2821,443,10,39,342,9893
56673.53741694294,13.139,Comp0052,Proxy0001,6,9189,3128,8,151,563,497
56675.11647988962,0.522,Comp0066,Web0004,6,53055,443,11,49,1048,14114
56677.68542574765,0.36,Comp0053,DNS0001,17,46621,53,2,2,72,202
56678.37647136964,7.35,Comp0020,Mail0002,6,9878,993,4,22,516,661
56680.32398645197,0.146,Comp0019,DNS0001,17,51521,53,2,3,70,127
56681.670654827016,0.134,Comp0007,DNS0001,17,36069,53,2,3,80,108
56685.18680682045,3.73,Comp0034,Web0004,6,41218,80,14,64,376,6687
56687.104799576984,12.494,Comp0021,DC0001,6,32413,445,10,463,3211,10700
56689.21381081368,0.007,Comp0051,DNS0001,17,6426,53,2,2,49,178
56691.67657143328,2.076,Comp0055,Web0001,6,19958,80,11,9,354,2574
56695.26511733115,0.269,DB0002,DNS0001,17,63090,53,2,2,104,312
56707.69463075844,7.154,Comp0033,DC0002,6,13492,389,6,7,469,2487
56718.67984476309,7.465,Web0006,DB0002,6,44538,3306,44,205,392,8383
56727.418531096126,7.057,Comp0064,Web0003,6,19276,80,10,80,482,6641
56734.081106272395,0.063,Comp0055,DNS0002,17,12618,53,3,3,87,163
56735.61223526367,1.719,Comp0050,Mail0002,6,33496,587,4,7,468,2253
56742.543996535205,3.451,Comp0018,Proxy0001,6,33650,3128,26,40,947,77460
56749.64807200665,8.462,Comp0009,Web0003,6,34557,80,21,15,674,22178
56759.798162355495,0.123,Comp0027,DNS0001,17,31058,53,2,2,79,513
56765.75071937496,3.82,Web0004,DB0004,6,65002,3306,5,16,1556,16959
56781.48807998147,0.057,Comp0047,DNS0002,17,22659,53,3,2,81,99
56782.32130404788,0.24,Comp0032,DNS0002,17,58387,53,4,3,36,198
56782.328638698826,0.062,Comp0029,FS0003,6,6974,445,56,276,2546,7055
56787.77230260994,0.011,Comp0079,DNS0002,17,4943,53,3,3,43,208
56799.249417776715,0.022,Comp0070,DNS0001,17,26587,53,2,3,143,318
56799.30714240033,0.684,Comp0063,DNS0001,17,1469,53,2,3,84,121
56803.235650559254,0.96,Comp0049,Web0003,6,56102,80,16,13,668,5650
56816.69576661901,14.281,Comp0071,Proxy0002,6,11362,3128,6,45,475,1541
56818.51268337164,0.917,Comp0002,Mail0001,6,20958,993,6,10,256,105
56829.910246110776,14.285,Comp0025,Proxy0001,6,61093,3128,11,32,1103,10045
56830.14635765503,0.05,DC0001,DNS0001,17,27823,53,2,2,116,148
56831.35475865933,8.04,Comp0062,FS0003,6,25336,445,41,38,8005,76906
56845.27323574391,13.412,Comp0057,Proxy0001,6,47262,3128,8,20,613,22810
56852.801622955085,2.112,Comp0038,Web0006,6,42647,443,11,78,546,2336
56873.13715862417,9.312,Comp0075,FS0003,6,24839,445,16,90,5858,12390
56890.36754229561,9.576,Comp0039,Proxy0002,6,10227,3128,6,3,2043,11630
56899.51889441031,0.607,Comp0067,DNS0002,17,18682,53,3,2,76,183
56902.25073753367,16.183,Comp0008,Web0002,6,48875,80,6,13,973,4178
56907.798879070404,1.369,Comp0060,Web0003,6,48654,443,8,23,2142,16624
56911.34097444477,0.331,Comp0018,DNS0002,17,39168,53,3,2,47,59
56945.569802206715,6.23,Proxy0001,Ext0008,6,32140,443,6,23,330,44705
56948.49989032253,13.014,Comp0059,Web0003,6,38885,443,7,46,716,10170
56954.67887823817,41.306,Web0005,DB0001,6,35961,3306,18,58,2438,25011
56955.14602334102,1.358,Comp0071,Web0006,6,30499,80,12,75,168,8560
56955.708571544514,6.41,Comp0022,DC0001,6,4861,445,12,27,844,22048
56956.36895006286,4.458,Comp0035,FS0003,6,40794,445,9,434,5217,44307
56959.00890169259,0.243,Comp0078,Mail0002,6,64535,587,8,7,575,1194
56961.912707215495,2.634,Comp0042,Mail0001,6,4742,993,2,4,553,292
56967.56866008304,2.181,Comp0048,Web0003,6,10037,80,5,40,1489,25325
56970.45532458122,2.615,Comp0016,Mail0001,6,15696,993,8,7,562,528
56977.63224426972,0.39,Comp0003,DNS0001,17,26330,53,4,2,86,49
56980.19054525372,1.894,Comp0017,DC0002,6,11308,88,5,15,192,286
56981.43682735318,3.9,Comp0065,FS0001,6,41489,445,17,251,1640,56056
57008.534829320146,2.241,Comp0049,Proxy0002,6,43288,3128,7,122,324,18277
57009.16214836936,0.182,Comp0072,DC0002,6,15182,389,5,22,520,495
57020.73149798859,8.09,Comp0015,DC0002,6,24746,389,7,5,311,842
57022.018377074426,0.002,Comp0052,DNS0001,17,35424,53,3,3,82,124
57023.20428677775,0.86,Comp0013,Mail0001,6,58834,993,9,5,352,769
57023.55503301308,5.688,Comp0058,Mail0001,6,42491,993,5,3,939,7397
57030.528647195126,0.068,Comp0069,DNS0002,17,46300,53,3,3,39,120
57035.6752566509,0.161,Comp0044,DNS0002,17,53701,53,2,2,70,69
57044.04234801081,0.037,Comp0036,DC0001,6,58677,88,4,8,358,130
57045.01708621053,0.132,Comp0068,DNS0001,17,15169,53,2,2,95,209
57048.68181697086,10.867,Comp0001,Web0003,6,20342,443,18,78,915,1036
57055.0817164775,0.283,Comp0015,DNS0001,17,63481,53,4,2,65,162
57061.326256009044,9.074,Comp0044,Web0001,6,60076,443,9,10,1338,14002
57062.18432295536,0.442,Comp0041,DNS0002,17,1251,53,2,3,44,120
57064.56539264525,1.248,Comp0074,FS0001,6,62200,445,29,23,297,2955
57070.776208566334,3.283,Comp0027,FS0002,6,4604,445,25,21,714,10465
57080.074868381445,9.332,Comp0039,Web0003,6,21380,443,5,42,308,7798
57089.9527154986,0.061,Comp0070,DNS0001,17,54941,53,2,3,40,195
57098.612892309735,42.851,Comp0029,FS0003,6,8245,445,7,478,14833,30221
57099.42927863522,0.413,Comp0054,DNS0001,17,2311,53,2,3,83,187
57110.959834817615,4.522,Comp0047,Proxy0001,6,51315,3128,17,32,181,47830
57111.72096605953,0.003,Comp0029,DNS0001,17,40438,53,3,2,27,154
57112.75391991374,8.56,Comp0048,Proxy0002,6,17769,3128,10,148,192,80500
57112.93213162526,17.271,Comp0044,Web0005,6,14692,80,10,30,750,13062
57125.077735294595,3.804,Proxy0001,Ext0023,6,21105,80,8,19,558,3047
57131.48288657494,1.001,Comp0030,DNS0001,17,2272,53,2,3,61,336
57146.370859915965,0.014,Comp0072,DNS0001,17,49410,53,3,2,106,117
57150.35582314362,1.036,Comp0042,DC0001,6,19136,445,14,117,1072,34450
57151.20992291185,57.736,Comp0057,FS0002,6,22356,445,9,148,1828,46746
57151.39165202938,0.206,Comp0061,DNS0001,17,51620,53,2,2,70,274
57156.712980144715,4.597,Comp0070,Web0003,6,35741,80,18,190,2492,4965
57158.9601983436,1.659,Comp0075,Proxy0002,6,57205,3128,22,42,667,4026
57162.779939223765,0.404,Comp0034,DNS0001,17,33559,53,3,3,65,181
57178.59026880816,0.975,Comp0033,Proxy0001,6,28108,3128,15,29,5347,7479
57188.095985375876,0.882,Comp0018,Mail0002,6,38550,993,12,22,305,1191
57201.768520061094,3.698,Comp0070,Web0002,6,54626,443,5,5,259,1319
57204.73022938592,0.604,Comp0065,Proxy0002,6,17338,3128,7,25,1245,19129
57211.05876688468,3.082,Comp0066,Proxy0001,6,61717,3128,3,21,115,11479
57220.799169301674,0.118,Comp0043,DNS0002,17,44856,53,4,3,130,107
57242.02332308196,0.277,Comp0009,DC0002,6,61882,389,5,5,252,148
57252.38957532959,6.013,Comp0062,FS0001,6,40871,445,21,179,1993,32313
57252.69086901788,0.096,Comp0040,DNS0001,17,40479,53,2,3,111,62
57258.40716008871,1.014,Comp0016,FS0002,6,47598,445,30,153,1104,7889
57259.01915590777,24.609,Comp0076,DC0002,6,17067,445,7,62,4491,18602
57282.04690716549,2.861,Proxy0001,Ext0034,6,23971,80,11,29,588,2526
57283.841492194515,0.02,Comp0036,DNS0001,17,25104,53,2,3,117,67
57284.401559171,1.048,Mail0002,Ext0036,6,33926,25,3,8,762,1274
57301.32645355097,35.02,Comp0063,FS0001,6,55658,445,52,55,439,6063
57309.74796540178,9.188,Comp0047,Web0003,6,4730,443,5,14,466,4782
57323.80904004293,0.035,Comp0080,DC0002,6,32994,88,5,6,389,180
57324.9636798419,7.854,Comp0023,DC0001,6,31505,88,8,4,247,1102
57325.67181000135,0.23,Comp0080,DNS0001,17,42175,53,2,2,67,174
57336.537431382254,0.316,Comp0037,DNS0002,17,8566,53,2,3,94,376
57341.97236494783,0.037,Comp0026,DNS0002,17,58211,53,2,2,91,164
57358.382333973714,0.088,Comp0075,DNS0001,17,13221,53,2,2,30,215
57373.44489292334,0.182,Comp0043,DNS0002,17,59998,53,2,2,50,299
57377.13232115652,1.099,FS0003,DC0002,6,27064,88,4,10,143,1202
57380.92928284269,6.321,Comp0006,Proxy0002,6,9228,3128,4,31,376,7469
57384.536185817175,1.511,Comp0045,FS0002,6,1539,445,6,15,844,11805
57385.15591886146,0.197,Comp0071,DNS0001,17,60455,53,2,3,57,148
57386.24276013161,4.912,Comp0032,FS0003,6,22845,445,9,19,2123,1615
57388.13259421981,3.194,Comp0069,DC0001,6,3166,389,23,4,573,297
57390.15657122433,0.084,Comp0070,Web0002,6,59056,443,11,113,2279,4051
57391.971453831255,0.02,Comp0016,Web0005,6,6156,443,11,239,515,10260
57392.54173382555,4.481,Comp0077,Mail0002,6,19381,993,7,12,1029,538
57394.08059715222,0.06,Proxy0001,DNS0001,17,35147,53,2,2,44,49
57406.74864576439,0.095,Comp0015,DNS0001,17,43214,53,2,3,72,130
57413.86618890664,6.873,Proxy0002,Ext0004,6,63711,443,15,60,143,3206
57420.58154242437,0.782,Comp0042,DNS0002,17,40959,53,2,3,103,104
57426.600707192796,0.15,Comp0076,DNS0002,17,17995,53,2,2,124,72
57428.01538595951,3.587,Comp0021,Web0004,6,15690,443,5,22,3524,13196
57436.38162354553,0.612,Comp0004,DNS0001,17,7073,53,2,3,34,617
57448.98401682483,0.247,Comp0042,DNS0002,17,54705,53,4,2,97,151
57451.138075338495,13.216,Comp0056,DC0001,6,61195,389,9,3,595,808
57456.46784403297,1.115,Comp0034,DC0002,6,57459,88,5,6,1945,439
57469.78685990757,1.156,Comp0056,FS0003,6,7644,445,13,37,3477,7716
57470.49702164253,0.233,Comp0053,DNS0001,17,1801,53,3,2,89,144
57470.68718076269,0.033,Comp0024,DNS0002,17,41194,53,3,2,133,252
57480.5936834163,7.593,Comp0031,Web0004,6,56763,443,15,55,143,3166
57489.294412247604,0.385,Comp0068,DC0001,6,10213,88,7,8,1141,261
57497.46508218499,3.371,Comp0012,Proxy0002,6,14034,3128,6,37,174,6440
57507.94985943371,0.188,Comp0073,DNS0002,17,18881,53,4,2,42,120
57508.15356361136,6.537,Comp0001,Web0005,6,26344,80,18,24,945,7114
57513.085194371415,0.958,Comp0042,Web0005,6,33285,443,13,55,2420,7041
57520.26136481834,0.107,Comp0032,DNS0002,17,46187,53,3,2,74,294
57525.413093568866,6.393,Comp0067,Web0006,6,53727,80,4,94,1314,7268
57529.890461478484,4.335,Comp0071,Web0003,6,19236,443,9,50,739,8939
57541.821445958834,1.336,Comp0053,Proxy0001,6,32688,3128,18,22,1299,13642
57542.025381349034,1.353,Comp0001,Proxy0001,6,27308,3128,6,73,136,14448
57550.58554650616,4.025,Web0001,DB0001,6,21117,3306,26,25,3521,618
57557.60195904559,4.655,Comp0060,DC0002,6,10599,88,7,5,206,1371
57557.83554273795,0.355,DC0001,DNS0001,17,43061,53,3,2,45,664
57572.25013665485,0.175,Comp0076,DNS0001,17,17591,53,2,2,36,412
57575.97704554058,3.216,Proxy0001,Ext0012,6,18152,80,13,102,588,2931
57576.79064740459,0.954,Comp0070,Web0002,6,34965,443,7,21,886,12187
57588.16005632847,1.565,Comp0001,Proxy0002,6,36993,3128,5,61,1035,8876
57595.30101967931,0.356,Comp0065,DNS0001,17,13161,53,3,2,59,139
57595.76609578638,0.049,Comp0041,DNS0001,17,24219,53,2,2,73,222
57611.42236938607,0.079,Comp0071,DNS0001,17,41807,53,3,3,69,263
57615.021306246956,0.151,Comp0002,DNS0002,17,33590,53,2,3,69,201
57619.8349244038,0.572,Comp0014,DNS0002,17,4813,53,3,2,131,90
57624.3937045438,1.875,Comp0059,Proxy0002,6,37920,3128,22,242,1524,16121
57629.87245329308,6.835,Comp0077,Web0001,6,4301,443,7,66,753,17578
57632.6139891393,1.084,Comp0033,Mail0001,6,51251,993,5,11,485,1965
57637.41331453178,3.467,Comp0075,Web0004,6,5550,443,9,21,315,8113
57640.07301483958,6.683,Comp0039,DC0002,6,48819,389,6,2,649,386
57645.052939904,9.641,Comp0065,DC0002,6,36462,445,32,76,1321,25318
57657.123278733525,0.062,Comp0080,DC0001,6,16070,88,11,5,1124,474
57660.47885385412,13.361,Comp0059,FS0003,6,50280,445,21,101,1096,34515
57670.49906633968,3.287,Comp0062,DC0002,6,32441,88,12,4,379,1762
57670.6356501995,12.388,Comp0025,FS0002,6,52345,445,67,29,984,14903
57673.5800041445,0.085,Comp0050,DNS0002,17,44309,53,2,3,46,99
57675.10071341977,3.665,Comp0057,Web0005,6,27303,80,13,36,997,8076
57676.20549263517,4.571,Comp0028,Proxy0001,6,27577,3128,7,31,547,3121
57700.70652004397,0.212,Comp0040,FS0003,6,3073,445,15,202,2935,51627
57710.01798870729,0.436,Comp0026,Web0001,6,47273,80,8,15,1520,2199
57710.80823229884,1.954,Comp0026,DC0002,6,60524,88,12,5,61,218
57716.42434193722,0.512,Mail0001,Ext0028,6,13857,25,2,10,486,287
57719.66984168157,0.933,Comp0020,Mail0001,6,60345,993,2,5,339,465
57725.736230073,0.088,Comp0054,DNS0002,17,23401,53,3,3,54,187
57741.02971274713,12.584,Comp0049,Web0002,6,33999,443,11,30,660,3164
57742.2042224665,0.093,Comp0025,DNS0001,17,52832,53,2,2,103,108
57742.942781978505,5.138,Comp0051,Proxy0001,6,47557,3128,6,154,634,7416
57744.12974374267,0.241,Comp0066,DNS0001,17,14813,53,3,2,66,221
57749.66725553467,0.467,Comp0033,DNS0002,17,4591,53,3,2,73,164
57761.69209231363,2.212,Comp0037,DC0001,6,1109,445,20,24,2626,1460
57773.27408347524,4.407,Comp0004,Web0006,6,19402,443,12,47,485,3373
57779.433175238075,1.107,Comp0007,DNS0001,17,31017,53,2,2,42,149
57795.449525932396,0.51,Comp0023,DNS0001,17,24820,53,3,2,51,442
57807.22494308564,1.692,Comp0080,Web0006,6,57477,80,11,33,3215,6609
57812.24454486411,4.138,Comp0023,Web0006,6,58906,443,12,25,917,15082
57814.8324698828,2.025,Comp0052,Web0004,6,37667,443,13,47,411,24635
57814.84998599685,12.625,Comp0014,DC0002,6,6794,445,12,93,2981,15840
57817.85905454729,1.834,Comp0055,Web0004,6,50056,443,18,23,631,5646
57818.639872269465,8.488,Web0004,DB0003,6,13146,3306,21,22,170,61341
57827.56420637133,0.399,Comp0013,DNS0002,17,14268,53,2,2,104,109
57827.82468431213,0.024,Comp0069,DNS0001,17,15912,53,2,3,48,379
57832.083733159896,0.188,Comp0005,DNS0002,17,33205,53,4,3,107,131
57836.6763150151,87.139,Comp0038,FS0001,6,63510,445,6,15,3062,12732
57837.73162097332,0.058,Comp0074,Web0003,6,33700,443,11,38,607,1119
57837.899239035134,4.341,Comp0046,FS0001,6,61912,445,15,88,2233,231516
57842.109435036655,0.314,Comp0061,DNS0001,17,54078,53,2,2,91,131
57856.92356507701,5.105,Comp0009,Web0002,6,21799,80,7,27,331,1295
57863.15264505489,7.231,Comp0063,Web0001,6,53052,443,16,15,946,1960
57872.82741241497,1.266,Comp0010,Mail0002,6,63993,993,2,5,1128,80
57879.37959622909,0.087,Comp0078,DNS0002,17,54176,53,2,2,67,174
57880.09547376313,4.846,Comp0039,Mail0001,6,1962,587,3,11,307,824
57881.34143239536,10.554,Comp0048,Web0004,6,46916,443,7,19,666,9818
57881.65646417167,1.647,Comp0013,Mail0002,6,29869,587,4,7,268,2120
57885.863434353596,1.951,Comp0013,Web0004,6,48491,443,4,14,4434,2807
57888.97841995552,3.438,Comp0045,Web0002,6,56468,443,4,47,213,5870
57890.34701751569,0.576,Comp0056,Mail0001,6,59459,587,5,4,215,511
57891.73646142801,7.991,Comp0034,Web0001,6,34797,443,8,123,1458,895
57896.64837168339,10.438,Comp0053,Web0003,6,33229,80,5,57,562,12666
57945.4795289311,2.578,Comp0054,Proxy0001,6,34785,3128,23,43,291,2765
57948.40213328985,1.794,Comp0053,DC0001,6,64415,88,4,9,2320,358
57948.58522444904,0.177,Comp0002,DNS0002,17,38541,53,2,3,97,103
57949.75242137253,0.05,Comp0023,Proxy0002,6,42340,3128,6,93,347,6130
57953.60062351462,0.007,Comp0069,DNS0001,17,46846,53,3,3,79,121
57975.50541656024,0.156,Comp0004,DC0002,6,6397,389,3,28,402,1808
57976.065696787715,1.17,Comp0080,DC0002,6,7536,88,4,6,78,2745
57980.61076340914,23.21,Comp0001,Web0006,6,16893,80,4,28,233,4504
57984.345312807156,4.232,Comp0030,Web0006,6,54845,443,5,116,1816,21726
57988.49400250546,0.068,Comp0019,DNS0002,17,7846,53,3,2,166,294
57988.71968422028,2.748,Comp0042,Web0006,6,12158,443,7,28,575,11138
57989.22832456826,0.149,Comp0079,DNS0002,17,7228,53,2,2,53,81
57994.37034661751,7.077,Comp0067,Web0005,6,55787,443,6,37,3370,15758
58012.96924710844,4.521,Comp0056,Web0002,6,15280,443,4,32,190,6463
58019.04207694882,5.57,Comp0038,Web0001,6,50312,80,8,47,495,14660
58030.01730121945,0.882,Comp0012,Web0003,6,13715,80,11,29,1757,228
58036.06560598636,0.373,Comp0037,Web0003,6,58504,80,10,23,2768,3407
58039.26760946273,1.888,Comp0046,Web0004,6,55098,443,12,41,1372,7189
58048.00563331064,10.058,Proxy0002,Ext0017,6,50351,80,7,242,3479,20761
58055.33787550866,0.078,Comp0076,DNS0002,17,57212,53,2,2,130,142
58055.657174108994,0.145,Comp0025,DNS0001,17,11163,53,2,2,67,89
58065.1479050862,0.033,Comp0051,DNS0002,17,61681,53,4,3,65,251
58071.20346879382,12.277,Comp0002,Web0002,6,15244,443,7,27,667,5154
58080.39781529835,0.007,Comp0051,DNS0002,17,28488,53,2,3,72,194
58082.72904155554,4.339,Comp0050,Web0003,6,52843,80,25,22,274,2902
58088.436172858346,0.307,Comp0045,DNS0001,17,28403,53,2,4,118,245
58088.74840301114,7.156,Comp0032,Web0002,6,44701,443,8,38,1281,20438
58091.40069170228,1.927,Comp0059,Web0003,6,35058,80,3,34,904,41449
58113.39454248671,19.075,Web0004,DB0001,6,15269,3306,14,220,4478,12655
58114.64186416939,10.413,Proxy0001,Ext0014,6,42115,80,13,85,752,15220
58124.97880438605,0.001,Comp0073,DNS0002,17,31877,53,2,3,55,116
58125.7868549015,0.11,Web0006,DNS0001,17,43789,53,3,2,86,180
58128.947586585266,9.874,Comp0035,Proxy0001,6,45549,3128,7,10,533,16451
58130.48617270382,1.289,Comp0006,Mail0002,6,43495,587,7,10,818,2026
58137.94332892608,0.211,Comp0072,DNS0001,17,58206,53,2,3,81,222
58152.25961632576,21.736,Comp0052,FS0001,6,14527,445,16,92,282,31484
58158.17121164988,11.39,Comp0023,DC0001,6,31621,445,7,91,1754,132649
58164.219488810944,0.425,Comp0052,DC0001,6,27772,88,7,2,628,1236
58170.53642054586,0.098,Comp0045,DNS0002,17,59642,53,3,2,96,142
58177.913137603944,7.008,Comp0049,Web0002,6,18799,443,12,95,737,13216
58180.23029769714,27.445,Comp0057,FS0002,6,55969,445,6,45,404,2499
58180.90634880494,1.638,Comp0011,DC0001,6,11574,88,4,10,276,1130
58187.910386236385,2.047,Comp0075,Web0002,6,27854,443,10,49,163,34890
58191.40110935749,0.158,Comp0022,DNS0001,17,57733,53,3,3,89,207
58207.71760992406,8.189,Comp0076,Web0005,6,12841,443,6,27,416,2482
58207.98769090843,0.134,Comp0038,DNS0001,17,34815,53,3,3,53,113
58216.29811927889,0.002,Comp0074,DNS0002,17,59803,53,2,2,51,106
58218.40902744421,0.731,Web0001,DNS0002,17,28506,53,3,4,50,259
58226.3725249863,7.166,Comp0019,DC0001,6,23125,445,39,21,1052,4730
58244.72542462904,0.309,Comp0031,Proxy0001,6,11884,3128,7,36,1009,2593
58273.92556671436,0.741,Comp0020,DNS0002,17,40747,53,3,2,55,218
58284.080837387526,6.557,Comp0073,Proxy0001,6,25587,3128,6,9,773,24160
58291.93370588714,3.692,Comp0050,Proxy0001,6,11521,3128,17,27,1425,6295
58303.91034119826,4.091,Comp0073,FS0003,6,38683,445,52,115,1222,4529
58305.03081572297,38.201,Comp0039,FS0001,6,4349,445,16,103,5077,7788
58313.49241937981,0.084,Comp0080,Mail0002,6,44296,993,5,4,767,305
58315.46571079241,0.21,Comp0049,DNS0001,17,12627,53,2,2,70,230
58334.00228210786,0.35,Comp0038,Proxy0001,6,26352,3128,23,29,148,20658
58337.50085537999,1.912,Comp0072,DC0001,6,7823,389,7,3,490,1065
58351.58230779061,0.133,Comp0072,Web0002,6,31711,443,17,74,503,2632
58352.754921641616,0.288,Comp0025,DNS0002,17,25509,53,3,3,120,33
58367.31513042385,6.576,Comp0015,FS0003,6,48544,445,28,41,1889,39065
58369.146544828225,0.43,Comp0040,DNS0001,17,24311,53,2,3,26,225
58373.92938440084,0.445,Comp0040,DC0002,6,54872,389,5,21,203,1674
58377.01608714537,6.769,Comp0004,FS0001,6,36428,445,24,214,7597,9165
58388.50349997365,1.295,Comp0075,Proxy0002,6,1904,3128,7,67,1034,3006
58392.49063984574,0.18,Web0002,DNS0002,17,48123,53,2,3,80,89
58393.28751463565,1.221,Comp0061,Web0003,6,56634,80,6,61,1150,6813
58394.25548565433,16.518,Comp0026,DC0002,6,11227,445,22,31,6574,24537
58405.32878176329,10.01,Comp0071,FS0003,6,35138,445,8,26,2741,30330
58419.04340501422,12.977,Comp0003,Proxy0001,6,56267,3128,16,43,519,6295
58441.243932114885,3.766,Comp0026,Web0006,6,63555,80,12,30,1222,11820
58443.82597924403,0.123,Comp0052,DNS0002,17,50300,53,3,2,48,290
58444.104291918105,5.335,Comp0007,Proxy0001,6,60677,3128,11,28,827,4052
58459.19027443813,0.107,Comp0023,DNS0002,17,42946,53,3,3,48,224
58461.41195067511,0.025,Comp0073,DNS0002,17,38587,53,3,3,39,126
58465.395579535114,6.913,Comp0029,FS0003,6,15227,445,23,82,1097,28102
58465.97819166486,0.084,Web0005,DNS0001,17,18236,53,3,3,69,80
58468.21633391868,8.051,Proxy0001,Ext0000,6,31207,80,10,30,612,8266
58471.787800029335,5.911,Comp0064,Web0001,6,55829,443,12,21,266,12594
58474.35324599013,1.165,Comp0062,DC0002,6,58969,389,8,11,596,459
58488.2953318509,0.314,Comp0071,DNS0002,17,40915,53,2,4,57,85
58497.33234979731,0.096,Comp0079,DNS0001,17,64822,53,2,2,57,180
58516.25990647503,0.404,Comp0013,DNS0002,17,46650,53,3,2,33,98
58532.24014540595,0.177,Comp0070,DNS0001,17,39198,53,2,3,62,239
58534.72953315437,7.995,Comp0011,FS0002,6,19364,445,39,94,305,55003
58538.59308763883,0.055,Comp0077,DNS0002,17,40171,53,2,3,42,160
58544.09497626008,9.611,Comp0077,Web0005,6,36959,443,5,46,1810,46956
58545.24980456762,9.89,Comp0023,Proxy0002,6,64830,3128,9,15,1052,6471
58549.974666028895,5.105,Comp0019,Web0004,6,32379,80,4,35,175,8585
58551.143940248156,6.836,Comp0069,Web0004,6,53577,443,23,33,203,1911
58552.00419297664,5.362,Proxy0001,Ext0033,6,58519,80,6,62,323,14362
58552.93940656316,0.146,Comp0024,DNS0002,17,26265,53,2,3,55,247
58564.283681562,1.053,Comp0054,DC0001,6,50883,389,5,7,547,313
58571.39819647373,0.317,DC0002,DNS0001,17,14020,53,2,3,35,102
58577.074696370604,3.057,Comp0021,Proxy0002,6,47484,3128,7,25,956,2464
58582.99880700756,10.073,Comp0075,FS0002,6,63653,445,5,46,2002,2852
58583.9732450709,0.146,Comp0018,DNS0002,17,23278,53,2,4,116,379
58586.10000295018,27.452,Web0004,DB0004,6,8354,3306,13,38,3261,2934
58586.298259204006,0.237,Comp0068,DC0002,6,65062,389,7,6,1757,459
58589.56944831486,5.554,Comp0077,Web0005,6,62000,443,4,47,178,8127
58591.72967030445,0.784,Comp0058,DNS0001,17,17680,53,3,3,53,110
58598.42439707386,8.777,Comp0009,Web0004,6,31356,80,3,15,4554,3535
58598.89904919826,0.442,Web0006,DNS0002,17,15179,53,2,3,95,141
58602.27508421459,1.177,Comp0076,Web0004,6,41913,443,7,105,119,25605
58606.72617343505,1.023,Comp0037,Web0006,6,14640,80,11,32,1119,75490
58616.857122697096,0.644,Comp0032,Proxy0001,6,65381,3128,12,70,287,11725
58637.8485935726,0.394,Comp0035,Mail0002,6,48629,993,5,13,49,1100
58642.02655855651,0.089,Comp0076,DNS0002,17,33008,53,2,2,92,133
58650.90886456864,1.1,Comp0072,Web0002,6,15141,443,10,157,836,2067
58651.923132758566,3.163,Comp0058,DC0001,6,44100,389,6,12,82,185
58670.18612800188,4.172,Comp0071,Web0006,6,6267,443,14,95,668,13362
58677.97553913812,1.285,Mail0001,Ext0018,6,47474,25,7,2,319,6611
58690.316896644144,4.262,Comp0073,DC0001,6,39065,88,6,2,586,1376
58699.71480511265,11.562,Comp0028,Web0004,6,11409,443,6,62,257,2426
58706.76578530311,26.009,Comp0026,FS0003,6,40467,445,34,210,4452,80391
58706.78920911393,1.91,Comp0054,DC0002,6,57978,389,5,24,405,172
58708.80952646774,5.505,Comp0061,Web0001,6,48023,443,14,4,653,27617
58718.670341138466,0.508,Comp0045,Web0002,6,46957,443,2,91,467,681
58721.340428197334,2.193,Comp0065,Web0005,6,14470,443,11,19,472,3684
58743.601133118245,0.952,Comp0070,DNS0002,17,56198,53,2,2,64,107
58752.884591921196,2.04,Comp0008,DC0002,6,11210,389,3,5,487,177
58774.73982218696,1.018,Comp0033,Web0005,6,11803,443,5,25,340,15011
58781.09707774896,0.113,Comp0033,DNS0001,17,65333,53,2,2,47,241
58781.25880616042,0.009,Comp0033,DNS0002,17,7657,53,3,2,86,109
58781.4943889419,1.126,Proxy0002,Ext0031,6,52643,443,60,57,203,8022
58783.798294447166,2.641,Comp0040,FS0003,6,62171,445,18,47,1182,2029
58785.45877710909,0.046,Comp0038,DNS0002,17,31205,53,2,2,91,276
58799.77605945118,0.361,Comp0071,DNS0001,17,48807,53,2,3,32,86
58800.71670517134,5.251,Proxy0001,Ext0006,6,4670,443,10,15,296,1058
58814.24878270306,0.269,Comp0078,DNS0002,17,26485,53,3,3,38,94
58815.857492720956,0.649,Comp0032,Web0003,6,61397,443,8,19,1833,1659
58816.98127132916,0.515,Proxy0002,Ext0039,6,62436,443,10,42,133,1386
58823.45504438788,0.477,Comp0032,Web0003,6,11551,443,5,29,798,3944
58842.220842406015,0.08,Comp0023,DNS0002,17,63905,53,2,3,42,101
58842.50004777487,3.909,Comp0062,FS0002,6,1240,445,15,110,11883,25536
58855.1984388978,2.439,Comp0018,DC0002,6,19679,88,6,7,182,1967
58865.06336662621,13.645,Comp0041,Mail0002,6,60166,993,6,5,165,377
58868.93252161521,3.962,Comp0008,Mail0002,6,24535,993,7,5,1411,2432
58871.50221777599,0.812,Comp0039,DC0001,6,64732,88,7,5,164,878
58875.283564253135,0.557,Comp0023,DNS0002,17,52820,53,2,3,45,280
58880.47785646236,8.625,Comp0009,Web0006,6,58459,443,23,8,4592,23605
58881.07995208828,4.545,Comp0057,Web0004,6,30141,80,4,182,1104,3368
58882.406849182444,0.079,Comp0062,DNS0001,17,23311,53,3,2,65,439
58883.359036437025,0.669,Comp0029,Web0006,6,2824,443,5,43,381,7296
58898.58835268281,9.89,Comp0077,Web0005,6,10171,443,5,44,1934,6568
58899.3687312622,0.029,Comp0033,DNS0002,17,16661,53,2,3,86,173
58907.6014528912,3.836,Proxy0002,Ext0026,6,11572,80,6,56,379,1546
58914.36775996783,0.657,Comp0069,DC0001,6,39637,88,6,4,1128,454
58921.6767653839,3.699,Comp0024,DC0002,6,8255,445,17,598,1405,64354
58932.53379846272,1.622,Comp0044,DC0001,6,7211,88,12,7,275,547
58935.204510142736,0.074,Comp0031,Web0002,6,23792,443,4,11,1530,5041
58943.81028066641,1.428,Comp0029,DC0001,6,15684,389,4,14,278,828
58961.171256879905,0.12,Comp0055,Web0003,6,47259,80,14,25,204,34824
58987.48386648403,0.489,Comp0013,DNS0002,17,48204,53,2,2,52,55
58988.86157603925,2.847,Comp0006,Web0001,6,43276,80,17,24,387,29390
58994.77103102389,0.234,Comp0054,Mail0002,6,42160,993,6,4,824,1063
59000.33235952888,6.004,Comp0027,Web0005,6,49258,80,4,38,644,40553
59003.1961527163,0.176,DB0004,DNS0002,17,23083,53,2,3,84,319
59010.72624905187,1.864,Comp0008,Proxy0001,6,20262,3128,23,26,1224,4926
59014.39352438865,2.031,Comp0040,DC0002,6,62112,445,26,43,5909,104912
59016.22230322876,7.248,Comp0066,Proxy0001,6,36173,3128,12,52,1259,8445
59021.09714512954,0.064,Comp0080,DNS0002,17,30542,53,3,3,28,56
59028.28466245808,0.77,Comp0050,Web0003,6,18589,443,18,19,404,27240
59028.29927359163,0.227,Comp0001,DNS0002,17,46765,53,2,2,55,191
59029.01017011039,2.7,Proxy0002,Ext0026,6,31717,80,4,15,1752,15915
59037.6274336319,0.227,Comp0001,Web0004,6,62964,443,34,208,1142,6588
59046.19889659278,0.456,Comp0075,DNS0002,17,57982,53,3,2,56,118
59052.05032486948,5.062,Comp0013,Proxy0001,6,24192,3128,13,70,294,6411
59053.123013233584,3.465,Comp0058,Mail0002,6,31654,587,3,9,190,1374
59059.29353775457,7.929,Comp0031,Web0002,6,23874,443,3,34,826,1729
59070.80011658449,1.941,Comp0008,Web0005,6,1721,443,5,18,597,4573
59074.599652848534,0.172,Mail0001,Ext0023,6,42451,25,6,19,2127,429
59079.759630850036,0.441,Comp0054,DNS0001,17,42796,53,2,3,72,157
59080.59800840189,0.2,Comp0066,DNS0002,17,1529,53,2,3,67,145
59093.80058799288,0.177,Comp0011,DNS0002,17,55819,53,2,2,89,218
59094.58060712383,0.568,Comp0038,Proxy0001,6,54452,3128,8,83,165,2588
59095.36302795783,3.619,Comp0074,FS0003,6,14874,445,16,39,10906,21651
59096.31573040113,3.832,Comp0037,Web0004,6,6487,443,5,25,185,15904
59110.72735557655,1.108,Web0002,DB0004,6,37193,5432,26,59,488,7044
59125.483050023366,1.682,Comp0013,Web0006,6,51583,443,8,139,1472,8134
59141.72538513643,5.138,Comp0037,Web0003,6,55694,80,9,78,858,8025
59143.04594699825,13.616,Comp0056,Proxy0002,6,33292,3128,13,35,161,5908
59146.033781847036,4.631,Comp0056,Web0002,6,13500,443,6,60,933,15370
59148.18947401312,1.618,Comp0068,Proxy0001,6,40942,3128,2,75,440,6710
59153.36377904074,0.648,Comp0065,DC0001,6,45293,389,4,6,556,1887
59155.6250031341,0.247,Comp0025,DC0002,6,17475,88,4,11,405,506
59158.42181189966,0.597,Comp0022,Proxy0001,6,28439,3128,11,31,55,6474
59160.41237721808,0.198,Comp0049,DNS0001,17,23502,53,2,3,41,85
59161.032992941415,0.211,Comp0022,DNS0001,17,15342,53,2,3,38,103
59163.47023571448,1.722,Comp0003,DC0001,6,2185,88,6,7,917,513
59165.33617782241,6.752,Comp0014,Mail0002,6,39203,993,4,11,428,613
59166.531546862665,4.002,Comp0080,Web0006,6,54818,80,7,21,97,8199
59176.901941573655,0.245,Proxy0001,Ext0006,6,13932,443,16,123,526,2045
59182.48178778392,0.163,Comp0057,DNS0002,17,8965,53,2,2,53,49
59197.209010101986,0.249,Comp0061,DNS0001,17,46506,53,3,3,52,125
59197.775218792194,0.019,Web0001,DB0002,6,14696,3306,16,34,762,10015
59217.83750801535,5.478,Comp0005,Proxy0001,6,13230,3128,8,82,129,6292
59218.809679374084,0.154,Comp0036,DNS0001,17,22156,53,2,2,53,77
59233.157391676395,0.507,Comp0047,DNS0001,17,34562,53,3,3,43,131
59253.6242624386,13.777,Comp0025,Web0001,6,17670,443,7,30,607,3467
59254.66622407224,5.059,Comp0068,Web0002,6,22843,443,10,66,603,19800
59265.10655712265,0.125,Comp0074,DNS0002,17,30065,53,2,3,120,261
59269.081628111526,1.215,Comp0010,Web0005,6,8241,80,5,24,1354,6154
59274.70626646124,0.166,Comp0046,DNS0002,17,18747,53,3,2,50,121
59274.931869728265,0.046,Comp0036,DNS0002,17,15316,53,2,2,297,347
59306.591151343404,0.151,Comp0008,DNS0002,17,3564,53,2,3,87,160
59315.70361001931,0.775,Comp0003,Web0002,6,34319,443,7,37,681,2561
59318.95676788322,0.049,Comp0022,DNS0001,17,37786,53,2,2,73,176
59337.28445477418,0.197,Comp0056,DNS0001,17,46272,53,2,3,49,171
59339.051376397525,0.068,Comp0056,DNS0001,17,65319,53,2,2,76,164
59339.45449202173,27.983,Comp0044,FS0003,6,25915,445,12,66,2752,13393
59342.91185242416,3.046,Web0006,DB0002,6,17970,5432,28,117,561,10457
59366.102618479475,0.435,Comp0070,DNS0002,17,17184,53,2,3,158,101
59387.4783458979,10.727,Comp0022,Proxy0002,6,15132,3128,11,28,1106,5790
59395.34408193533,5.498,Comp0067,DC0001,6,8737,389,4,5,863,442
59417.38808633717,0.898,Comp0060,Proxy0002,6,62654,3128,4,29,116,8016
59420.91621428659,0.182,Comp0039,DNS0001,17,54788,53,2,3,73,77
59430.00710043281,0.679,Comp0008,Proxy0001,6,44425,3128,6,40,728,45067
59430.578142173574,1.117,Comp0064,Proxy0002,6,29124,3128,7,27,162,5406
59451.9968403836,7.196,Comp0028,DC0001,6,43006,389,3,4,1443,1923
59454.25520595023,12.994,Comp0003,DC0002,6,49959,88,6,12,245,367
59463.138620815786,6.19,Comp0059,Web0006,6,26646,443,7,13,1069,2297
59470.17330409497,0.016,Comp0059,DC0001,6,38716,389,7,11,823,1301
59478.26191391439,0.118,Comp0045,Proxy0002,6,23158,3128,8,21,1022,5609
59497.83499703449,4.503,Comp0034,DC0001,6,11313,389,7,14,408,312
59508.030212429454,0.28,Comp0039,DNS0001,17,8765,53,2,2,109,160
59509.5948512417,1.238,Comp0062,Web0003,6,13440,443,5,88,341,8948
59533.64601836336,3.674,Comp0016,Web0002,6,5113,80,7,36,947,3939
59536.50324258456,0.586,Comp0006,DNS0001,17,4433,53,2,3,58,188
59554.19899947448,1.103,Comp0075,DC0002,6,6963,389,4,2,594,518
59575.62076518309,0.786,Comp0016,DNS0001,17,44588,53,2,2,93,315
59576.42581893886,0.171,Comp0004,DNS0001,17,34029,53,3,3,118,210
59581.26483289939,4.3,Web0001,DB0002,6,10086,3306,26,39,475,21279
59584.12265375861,0.871,Comp0023,Proxy0001,6,50235,3128,8,26,2321,17235
59589.836590613806,1.834,Comp0052,Web0006,6,17095,443,15,35,750,20941
59595.88491295752,1.029,Comp0061,DC0001,6,5017,389,4,58,415,698
59602.03277398341,1.181,Comp0051,Mail0002,6,56257,587,3,5,493,438
59609.20868481579,0.781,Comp0024,Proxy0001,6,51922,3128,6,40,186,27561
59612.40445827023,7.795,Comp0003,Proxy0002,6,59715,3128,8,101,474,7943
59622.44429770623,29.866,Comp0005,FS0002,6,45600,445,22,153,6504,18875
59652.69737978802,1.533,Comp0059,Web0005,6,6899,80,4,55,733,9526
59659.3582681565,0.021,Comp0065,DNS0002,17,22355,53,2,3,38,141
59670.115672120315,9.267,Comp0005,Web0005,6,52362,443,9,34,462,15066
59676.5833849267,11.892,Comp0050,Proxy0001,6,40461,3128,7,89,2019,15974
59690.28631015013,2.041,Comp0050,Web0005,6,37459,443,22,31,275,13805
59696.20594043329,3.383,Comp0012,Proxy0002,6,45459,3128,8,11,279,6186
59741.158878439346,0.07,Comp0028,DNS0002,17,24922,53,2,2,77,145
59752.04998487041,3.896,Mail0001,DC0001,6,19038,389,5,13,101,657
59763.73361688026,6.541,Comp0001,DC0001,6,26958,88,2,4,330,1020
59765.13248710305,0.73,Proxy0001,Ext0010,6,25481,80,6,25,1278,429
59768.82852337531,1.649,Comp0019,Mail0001,6,34953,993,12,5,686,615
59770.60131988711,5.772,Comp0025,Web0001,6,58065,443,5,24,2981,30656
59779.742181091984,1.031,Comp0080,Web0001,6,50018,80,5,38,8272,2092
59791.6786181617,0.104,Comp0080,DNS0002,17,17188,53,2,2,60,171
59802.247709757634,1.01,Comp0026,Proxy0001,6,14964,3128,9,19,812,5676
59809.26699687553,1.03,Comp0035,DC0001,6,19929,88,3,6,342,242
59815.32231534636,4.438,Comp0001,Proxy0001,6,37620,3128,8,71,118,4346
59836.77472413907,13.03,Comp0027,DC0002,6,23467,445,34,47,741,27989
59837.69313228958,14.981,Comp0031,Proxy0001,6,20953,3128,8,80,1993,27391
59838.58048207045,3.042,Comp0057,FS0003,6,45725,445,26,237,3541,17724
59853.53161359587,3.967,Comp0031,Web0003,6,10606,443,33,31,205,769
59854.338232838425,0.575,Comp0071,DNS0001,17,32787,53,3,3,133,151
59869.303075394135,1.599,Proxy0002,Ext0018,6,31426,443,8,14,1485,37317
59873.54104817248,7.832,Comp0059,Proxy0002,6,10060,3128,5,31,291,7224
59874.33654063089,0.137,Comp0028,Web0001,6,59683,443,5,6,2412,6791
59894.3436841899,1.386,Comp0078,Mail0002,6,11133,993,3,14,100,891
59897.417059979685,8.725,Comp0043,FS0003,6,43155,445,62,65,1369,22787
59931.08267489618,5.148,Comp0004,DC0002,6,40013,88,5,9,138,393
59946.93778178563,2.694,Comp0069,Web0003,6,43537,443,5,23,1742,9311
59959.322100615565,2.748,Comp0002,Mail0002,6,37202,993,7,24,437,3067
59969.588267860614,0.27,Comp0007,DNS0002,17,30296,53,2,3,64,91
59974.31989981208,0.219,Comp0014,DNS0002,17,26202,53,3,2,43,99
59975.47739251475,2.759,Comp0063,Web0001,6,30125,443,28,65,221,5120
59999.01712361076,0.05,Comp0062,DC0002,6,23624,445,14,89,613,20185
59999.332548277634,32.46,Web0002,DB0002,6,27055,3306,23,19,2859,6997
59999.823547674394,3.943,Comp0011,Web0002,6,24152,80,9,35,265,2873
60000.27090339411,0.103,Comp0060,DNS0002,17,56138,53,3,2,60,117
60063.02627259627,4.642,Comp0013,FS0002,6,4565,445,7,50,707,5749
60073.149088800026,0.99,Comp0041,Web0001,6,59108,443,25,36,1574,5965
60082.51715717605,8.314,Comp0075,FS0001,6,50118,445,44,21,1193,25461
60086.14173017236,0.668,Web0002,DNS0001,17,9146,53,2,3,54,232
60093.266812119175,1.735,Comp0067,Mail0001,6,25503,993,4,17,3062,369
60093.605406033756,0.022,Comp0080,Proxy0002,6,35900,3128,10,34,1673,8063
60094.81724673261,0.728,Comp0055,FS0003,6,21322,445,39,50,543,2320
60095.514038186026,0.048,Comp0042,Mail0002,6,28415,993,5,5,793,279
60101.936534737506,15.912,Comp0017,Web0005,6,42833,443,11,64,717,9326
60112.26948772392,5.329,Comp0060,DC0002,6,29581,88,3,3,382,175
60118.62870791911,0.243,Comp0071,DNS0001,17,4478,53,2,2,58,394
60130.843661753075,1.674,Comp0019,DC0002,6,10764,88,7,5,185,440
60135.04646294572,7.276,Web0002,DB0004,6,36721,5432,9,531,1761,10309
60148.887197653006,0.172,Comp0039,DNS0002,17,6260,53,3,2,52,234
60153.34861352269,3.391,Comp0072,Proxy0002,6,12026,3128,12,30,568,4878
60153.73021023422,0.21,Comp0006,Proxy0002,6,22806,3128,13,10,655,2377
60167.38102596978,0.992,Comp0003,DNS0002,17,63404,53,2,2,65,213
60167.885191125904,0.031,Comp0063,DNS0002,17,65181,53,2,2,179,78
60184.07160182177,1.909,Comp0008,DC0002,6,52881,389,3,4,795,6609
60187.81873862963,5.194,Comp0019,DC0001,6,37174,445,29,20,1247,10830
60207.36072976929,0.19,Comp0007,DNS0001,17,36016,53,3,3,37,140
60216.92318522641,7.703,Comp0008,Web0003,6,20823,443,6,11,3664,2067
60238.855865582475,0.078,Comp0076,DNS0002,17,64721,53,2,2,65,195
60262.56319629407,7.348,Comp0039,FS0001,6,10072,445,19,484,1857,5916
60265.03416657058,0.025,Comp0018,DNS0001,17,38744,53,2,2,43,80
60280.401022028076,0.046,Comp0027,DNS0002,17,62110,53,3,3,39,113
60280.41971481567,13.428,Comp0053,DC0001,6,53260,445,12,23,1530,10481
60280.97292302286,2.015,Comp0060,Web0001,6,28897,443,9,26,1292,33178
60291.9358897637,8.648,Comp0039,DC0002,6,40270,389,11,13,552,1018
60313.23938792017,0.035,Comp0076,DNS0002,17,27661,53,3,4,50,96
60318.445365747364,0.845,Comp0072,DNS0002,17,21831,53,3,2,76,203
60319.218001476125,2.823,Mail0001,Ext0003,6,23616,25,4,6,203,990
60329.86214106247,6.651,Web0001,DB0003,6,31497,3306,26,60,3110,8955
60329.937718348454,8.121,Comp0046,DC0002,6,14188,88,3,33,152,942
60337.546997653466,0.013,Comp0010,DNS0002,17,65251,53,3,2,72,212
60342.786139451084,0.36,Comp0056,DC0002,6,12721,389,5,4,1571,665
60351.60211866965,0.16,Comp0025,DNS0002,17,56144,53,2,2,43,164
60363.771847055716,5.555,Comp0080,FS0003,6,23174,445,9,605,2224,11704
60375.874710545475,0.109,Comp0037,DNS0002,17,39073,53,4,2,60,271
60409.71411672108,9.721,Comp0043,DC0002,6,32724,445,6,533,3372,21654
60415.9898966149,6.759,Comp0039,Proxy0002,6,30069,3128,7,45,1052,22501
60424.948238429875,1.346,Comp0043,Mail0001,6,38544,993,10,9,847,198
60425.0436050412,0.061,Comp0014,DNS0002,17,10156,53,3,3,90,97
60426.24463547385,8.283,Comp0058,FS0003,6,58179,445,5,130,2318,6642
60426.975277464306,8.492,Comp0074,Web0006,6,38329,443,5,72,824,7783
60434.14661034597,0.922,Comp0043,Proxy0001,6,15325,3128,15,48,609,8594
60438.981661623955,14.156,Comp0019,FS0002,6,26096,445,20,21,1964,1939
60450.65475711257,8.684,Web0001,DB0001,6,28952,3306,29,204,3728,76233
60457.07108423991,0.376,Comp0021,DNS0002,17,10779,53,2,2,47,124
60468.47324732087,4.145,Comp0037,Proxy0001,6,57298,3128,5,45,1181,6989
60468.919805368474,2.063,Comp0079,Web0001,6,7144,80,10,42,1798,22850
60476.172627236745,0.296,Comp0019,DNS0002,17,15594,53,3,3,98,153
60485.10325972692,0.075,Comp0047,DNS0001,17,57061,53,3,3,70,91
60491.375592548655,0.777,Comp0042,Proxy0001,6,41325,3128,19,6,419,7325
60493.83833716809,18.539,Comp0032,Web0001,6,53714,443,16,84,518,8143
60495.437462267604,3.946,Comp0031,Web0002,6,33458,443,16,14,823,2038
60547.9766694889,7.914,Comp0005,Proxy0002,6,14174,3128,9,28,535,7554
60551.34872141172,1.694,Comp0050,Proxy0001,6,36902,3128,17,96,714,10514
60554.487513438435,0.029,Comp0014,DNS0001,17,13629,53,3,2,44,149
60571.09665736704,0.125,Comp0075,DNS0001,17,16580,53,2,2,87,293
60571.59439648554,0.132,Comp0078,DNS0002,17,32241,53,2,3,110,88
60575.226594125736,0.119,Comp0032,DNS0001,17,8723,53,2,3,44,282
60593.907799860826,1.805,Comp0031,DC0001,6,1087,389,3,6,965,2334
60611.769150693195,1.037,Comp0047,DNS0001,17,14313,53,2,3,52,87
60615.22989575936,11.518,Comp0058,Web0006,6,44107,443,20,35,2690,9889
60617.10463534777,8.781,Comp0072,DC0001,6,38225,445,257,20,1138,16039
60617.62933249951,8.551,Comp0025,Web0004,6,20269,443,3,48,1788,23029
60634.70070017032,0.038,Web0003,DNS0002,17,25369,53,2,2,39,73
60641.02293603069,0.149,Comp0013,DNS0002,17,11534,53,3,3,188,97
60654.66985718339,4.965,Comp0025,DC0002,6,17519,88,5,8,105,126
60657.37884790536,0.968,Comp0039,Mail0001,6,55014,993,11,10,190,285
60657.39289026776,11.211,Comp0002,Mail0001,6,40255,587,5,6,232,1767
60657.466726965,5.827,Comp0072,FS0002,6,8380,445,19,121,756,26362
60672.34886364847,0.196,Comp0056,DNS0001,17,9851,53,2,2,61,135
60677.72773498636,3.878,Comp0070,FS0002,6,23623,445,22,83,262,17634
60679.234180288935,5.991,Comp0011,FS0001,6,23814,445,14,10,405,12215
60684.533107807365,5.01,Comp0048,Web0003,6,11172,443,3,18,700,7508
60703.57103291531,2.207,Comp0020,Proxy0002,6,28815,3128,11,57,259,10409
60707.64593595134,1.577,Comp0017,Web0003,6,11625,443,6,27,482,4456
60711.06545336404,9.778,Comp0016,Web0003,6,40027,443,5,12,466,4605
60711.32064368146,0.027,Comp0067,DNS0001,17,13085,53,2,2,76,73
60723.29247683397,0.16,Comp0043,DNS0002,17,38170,53,2,2,109,113
60726.56329795796,3.372,Comp0056,Proxy0001,6,27849,3128,23,52,426,26323
60731.90505706508,0.291,Comp0039,DNS0001,17,8693,53,2,2,74,118
60738.330787091116,3.007,Comp0029,DC0001,6,52683,445,14,80,915,10766
60745.86120385403,0.086,Comp0033,DNS0002,17,34149,53,3,3,78,197
60747.94566579893,1.071,Comp0017,Web0003,6,11150,443,12,37,437,7158
60763.77430925966,0.348,Comp0061,FS0001,6,49849,445,36,41,747,5590
60770.84888317074,4.082,Comp0054,Web0004,6,3046,443,10,33,715,466
60781.01879501305,0.151,Comp0020,DNS0002,17,54250,53,3,3,43,208
60785.28597485982,0.549,Comp0077,DC0002,6,6399,88,10,2,1886,513
60785.42273482638,0.101,Comp0033,DNS0002,17,10123,53,2,3,58,168
60788.470275638116,9.772,Comp0014,Mail0001,6,17558,993,8,14,252,204
60789.050046016484,0.737,Comp0031,Web0001,6,21486,80,10,46,47,6836
60804.59881771494,1.518,Comp0062,FS0003,6,45442,445,8,108,3230,26064
60806.42551703305,5.792,Web0001,DB0003,6,44551,3306,57,180,1049,13510
60808.7728882868,0.064,Comp0001,DNS0002,17,39148,53,2,3,71,205
60828.17243587314,26.513,Comp0047,Web0003,6,10446,443,9,37,488,24847
60832.07488342049,2.337,Comp0019,Proxy0002,6,52457,3128,8,16,628,1952
60834.07220289193,0.936,Comp0068,Proxy0001,6,61294,3128,4,72,1794,4470
60856.733042569744,6.12,Comp0045,FS0001,6,1086,445,24,48,1418,246686
60862.02099643634,8.236,Comp0074,Web0004,6,18286,443,23,37,646,10947
60883.680139951604,0.086,Comp0046,DNS0001,17,44727,53,2,3,82,169
60887.29724630388,1.624,Comp0036,DC0001,6,6232,389,6,3,104,961
60890.63321017113,5.144,Comp0075,DC0002,6,29447,88,8,12,251,1607
60900.024298249635,0.211,Comp0024,DNS0001,17,16966,53,2,3,54,79
60923.244194900966,0.001,Comp0056,DNS0002,17,30442,53,2,3,30,297
60931.11736856954,6.983,Comp0065,Web0006,6,26932,443,6,38,480,3372
60937.47762712811,0.279,Comp0021,FS0002,6,44075,445,109,364,865,17676
60938.535840817414,0.065,FS0002,DNS0001,17,32508,53,2,3,138,208
60948.86110724399,4.285,Comp0013,DC0002,6,23375,445,5,56,600,32698
60951.87701978413,0.082,Comp0026,DNS0002,17,25713,53,3,2,56,122
60952.9493272229,0.163,DB0003,DNS0001,17,2118,53,3,2,74,162
60953.61406644955,2.515,Comp0001,FS0003,6,24379,445,55,510,4517,1639
60960.045304146406,7.684,Web0005,DB0002,6,20049,3306,58,56,3677,4833
60969.307367551475,10.062,Comp0055,Web0001,6,8653,443,10,25,2515,17618
60987.41716204227,5.094,Comp0060,Web0001,6,10585,443,7,42,673,10699
60988.60671197029,0.497,Comp0017,Web0004,6,6640,80,3,78,756,56262
60992.14921712215,0.378,Comp0017,DNS0001,17,19983,53,2,3,46,122
61005.8928628633,3.352,Comp0004,Proxy0001,6,35102,3128,7,26,1372,35530
61008.65312087798,0.27,Proxy0002,Ext0039,6,7014,443,8,63,1004,5129
61011.85467013228,0.716,Comp0034,DNS0001,17,13783,53,2,3,115,48
61020.250927145375,4.0,Proxy0001,Ext0014,6,44947,80,3,34,1227,1841
61024.5651154247,0.452,Comp0003,Proxy0002,6,6160,3128,8,41,219,5052
61040.7930525768,0.015,Comp0037,DNS0002,17,64773,53,2,2,27,73
61047.818093329144,6.626,Comp0062,DC0002,6,37500,389,10,4,205,419
61057.501078829126,0.477,Comp0036,DC0001,6,10488,389,4,6,684,747
61073.20455441424,2.45,Comp0041,DC0002,6,15088,389,4,15,207,1440
61083.34460071672,0.122,Comp0041,DNS0002,17,12824,53,2,3,59,286
61093.30260198079,0.221,Comp0041,DNS0002,17,47014,53,3,2,93,276
61098.13181976229,0.042,Comp0039,DNS0002,17,43218,53,2,2,71,91
61102.232324087294,0.068,Comp0078,Web0001,6,59724,443,13,26,1750,2855
61113.925930153724,5.076,Comp0032,DC0002,6,18706,389,15,21,233,570
61126.7320906385,0.173,Comp0074,DNS0002,17,15167,53,2,3,48,196
61139.691680809956,0.996,Comp0027,DC0002,6,31667,88,8,7,579,724
61141.63379629084,7.316,Comp0023,Web0002,6,60985,443,6,16,1347,9004
61148.712115412556,0.87,FS0001,DNS0001,17,37632,53,2,2,103,169
61153.34092083605,28.296,Web0001,DB0001,6,55564,3306,135,126,1910,15982
61156.49098093135,0.626,Comp0033,DNS0001,17,16671,53,2,3,40,428
61170.92732798669,0.028,Comp0027,DNS0001,17,57082,53,2,3,104,79
61172.33073003558,0.171,Comp0016,DNS0002,17,44560,53,2,2,57,90
61184.65853905122,8.431,Comp0053,Web0005,6,58656,443,12,11,1460,1447
61197.35258013839,0.632,Comp0020,DNS0002,17,64950,53,2,3,51,36
61210.657235351,0.183,Comp0039,DNS0002,17,14968,53,2,2,52,111
61218.06933812202,4.804,Proxy0002,Ext0014,6,3319,443,7,19,2596,3646
61221.51609538841,9.136,Comp0024,FS0003,6,20749,445,14,96,4927,159789
61224.08485295118,4.297,Comp0046,Web0005,6,46613,443,4,94,54,11896
61239.9724194169,0.074,Comp0027,DNS0001,17,29235,53,2,3,81,356
61240.34414403067,0.013,Comp0054,DNS0002,17,15390,53,3,3,131,256
61252.83638340153,0.888,Comp0001,Web0002,6,28714,443,5,30,807,11011
61263.449671350674,0.014,Comp0014,DNS0002,17,26522,53,3,2,137,89
61278.18410823364,0.108,Comp0017,DNS0002,17,55657,53,3,2,79,127
61280.7980665161,0.257,Comp0032,DNS0001,17,24036,53,3,3,75,145
61291.19863638126,4.844,Comp0046,DC0001,6,47321,389,4,5,662,1053
61293.34487481726,1.171,Comp0012,DC0001,6,42681,445,13,183,852,81589
61299.62398552261,1.342,Proxy0002,Ext0026,6,43331,443,15,33,268,6946
61302.43116029145,2.213,Comp0080,Web0003,6,50035,443,19,27,684,2424
61307.13294779028,25.111,Web0003,DB0001,6,9572,5432,29,46,495,720
61313.8915754143,0.623,Web0004,DB0003,6,39966,5432,46,130,336,69669
61321.322280631066,5.232,Comp0039,Proxy0001,6,44011,3128,11,31,604,4735
61326.053924659376,0.027,Comp0026,DNS0001,17,57048,53,3,2,52,215
61333.78782507809,3.338,Comp0018,Web0004,6,58164,80,8,41,1224,3540
61339.76626396419,0.848,Comp0065,Web0004,6,63419,443,5,42,506,32242
61340.80833163938,0.9,Comp0001,Web0005,6,64343,443,4,239,213,3206
61344.21221631341,7.234,Comp0056,Proxy0001,6,29810,3128,14,29,841,74019
61346.44320475707,0.327,Comp0024,DNS0001,17,28966,53,2,2,58,184
61362.93825610974,14.408,Comp0032,Proxy0002,6,32251,3128,24,226,569,34675
61364.67115453674,0.659,Comp0063,Proxy0001,6,4923,3128,16,23,191,2303
61365.305079763966,1.675,Comp0050,DC0001,6,11347,88,3,9,827,1080
61368.324884285095,0.255,Comp0010,DNS0002,17,24810,53,3,2,149,119
61405.16993651782,0.451,Comp0042,DNS0002,17,56007,53,3,2,44,146
61439.93650363667,31.367,Web0002,DB0004,6,14920,5432,32,241,1155,6619
61461.74539330471,13.754,Web0005,DB0002,6,18510,5432,41,36,1819,38040
61468.89265188262,10.792,Comp0045,Proxy0001,6,3800,3128,9,38,1429,3776
61493.430018870786,5.325,Comp0079,Mail0002,6,6180,993,4,8,392,171
61504.56741344079,0.002,Comp0002,DNS0001,17,59716,53,2,4,57,199
61504.925122943496,0.026,Comp0015,DNS0001,17,62830,53,4,2,98,241
61506.92783123995,2.934,Comp0076,Web0006,6,49232,80,9,86,361,2353
61519.1545430752,2.323,Comp0002,Web0003,6,48789,443,14,11,75,71255
61534.08883267188,3.927,Comp0055,Web0002,6,39524,443,3,54,530,1896
61541.1127577557,0.087,Comp0024,Proxy0001,6,57497,3128,17,50,223,2820
61543.50647786756,0.317,Comp0024,Mail0001,6,46819,993,5,4,303,1100
61560.82073098519,29.418,Web0001,DB0003,6,22456,5432,35,62,1624,3708
61562.54293666431,1.61,Comp0061,Mail0002,6,57226,993,4,6,1076,406
61563.59095205854,1.033,Proxy0002,Ext0029,6,28654,443,9,18,366,3343
61564.959938039145,2.435,Comp0047,FS0001,6,6776,445,30,292,1241,90660
61573.85449692111,0.056,Comp0051,DNS0002,17,3355,53,2,2,64,122
61579.32442182687,3.843,Comp0019,FS0001,6,25622,445,25,190,7407,4978
61589.18700714715,10.213,Comp0057,Web0005,6,20483,443,7,14,2278,10194
61603.74332307207,0.34,Comp0011,DNS0001,17,40155,53,3,3,53,149
61607.45766762141,1.557,Comp0058,FS0002,6,62346,445,8,50,905,11623
61614.81554624614,0.149,Comp0028,DNS0001,17,16745,53,2,3,53,229
61625.114292127015,0.004,Comp0058,Mail0002,6,19443,993,7,7,895,1991
61630.35466495627,0.42,Comp0010,FS0001,6,55458,445,38,58,1956,6933
61634.46687076245,4.698,Comp0053,DC0002,6,44894,389,4,7,181,1067
61634.47072658581,0.359,Comp0009,DNS0001,17,46014,53,3,3,76,81
61644.045261834915,3.315,Comp0006,Proxy0001,6,17780,3128,25,71,2109,2709
61644.725133645516,4.323,Comp0001,Web0002,6,7764,80,15,113,355,1251
61650.83270718638,0.041,Comp0064,Web0006,6,46753,443,10,21,246,8884
61651.575064377765,0.056,Comp0061,DNS0002,17,29207,53,2,3,74,130
61669.382036971096,0.105,Comp0039,DNS0002,17,10863,53,2,2,49,142
61680.66984570528,11.634,Comp0017,Proxy0002,6,65481,3128,6,22,367,8148
61692.12783243396,2.61,Comp0022,Proxy0001,6,57221,3128,5,77,1942,8929
61693.34658278807,0.08,Comp0030,Web0001,6,11674,443,6,60,970,11851
61707.974602400725,3.674,Comp0080,Web0005,6,3346,443,5,90,490,7447
61711.00454125487,1.191,Comp0031,Proxy0002,6,20650,3128,9,16,925,7424
61711.20083873231,1.77,Proxy0001,Ext0039,6,35187,443,4,42,1245,5111
61714.270966401426,1.229,Comp0034,Web0002,6,45155,443,14,58,226,3689
61717.439430479164,0.027,Comp0055,DNS0002,17,64628,53,2,2,50,150
61718.33648690302,4.113,Comp0080,Web0004,6,43908,80,18,18,378,12560
61737.09852400067,0.003,Comp0078,DNS0001,17,1633,53,2,3,33,176
61750.04965185181,10.879,Comp0049,FS0001,6,57541,445,3,145,1123,2892
61756.12015027745,6.297,Comp0010,Mail0002,6,26473,587,4,4,1021,365
61765.0232023227,0.996,Comp0039,Web0006,6,6910,443,9,21,144,15467
61772.559404416446,3.976,Comp0064,Web0003,6,48262,443,24,29,1924,3622
61774.056605534526,12.895,Comp0003,FS0001,6,56119,445,11,40,778,21155
61783.93745702135,0.087,Comp0012,DNS0001,17,4529,53,2,2,32,185
61784.55760018382,20.878,Comp0039,Web0003,6,18412,443,13,47,2332,1186
61785.1299958855,2.257,Comp0001,DC0002,6,36969,88,8,22,528,1113
61800.76121825397,0.285,Comp0046,DNS0002,17,30436,53,3,3,90,209
61820.45337034945,36.715,Comp0019,DC0001,6,10651,445,34,59,12005,25607
61828.37041982974,4.56,Comp0070,Mail0001,6,20473,993,9,6,1026,578
61829.64562202479,0.405,Comp0017,DNS0002,17,8845,53,2,3,33,238
61846.086538285024,6.505,Comp0023,Web0001,6,15947,80,5,143,2007,3724
61846.46244134183,0.418,Comp0038,DC0001,6,56239,389,4,22,289,852
61852.12701727251,10.148,Comp0032,FS0003,6,42767,445,4,72,892,22433
61852.47974622761,6.58,Comp0026,Web0002,6,61792,443,17,31,2537,3727
61859.657764619806,3.228,Web0006,DB0002,6,59815,5432,12,86,1050,15358
61872.57026542535,0.109,Comp0027,DNS0002,17,37808,53,3,2,106,187
61901.66075217905,1.222,Comp0029,FS0003,6,29357,445,90,432,435,135242
61903.614358191066,0.464,Comp0060,Proxy0002,6,10034,3128,18,25,1121,7949
61914.757875663374,2.969,Comp0079,DC0001,6,27528,389,12,6,762,5408
61926.950371804225,9.377,Comp0049,DC0002,6,25292,389,4,9,677,2663
61939.98901003141,2.134,Web0006,DB0003,6,38084,3306,19,182,752,13167
61941.320691785695,0.187,Comp0072,DNS0001,17,62457,53,2,2,66,170
61944.47204777134,0.09,Mail0002,Ext0005,6,15377,25,4,5,132,1561
61949.14627634322,0.324,Comp0078,DNS0002,17,38457,53,2,2,48,366
61963.152404060995,0.239,Comp0015,DNS0002,17,34371,53,2,2,144,598
61971.94611253084,1.411,Comp0061,Mail0002,6,57181,993,7,13,1168,531
61977.51239571461,0.021,Comp0047,DNS0002,17,42191,53,3,2,75,78
62001.51007255144,0.381,Comp0014,DNS0002,17,4926,53,2,3,45,119
62019.496485852775,3.825,Comp0034,Proxy0002,6,36250,3128,7,17,195,5286
62019.6534461372,0.109,Comp0053,DNS0001,17,13117,53,2,3,116,82
62031.5548779748,2.472,Comp0036,DC0001,6,42360,88,7,12,732,2129
62032.25658890008,0.183,Comp0051,DNS0001,17,39120,53,2,2,44,186
62033.224396507496,0.864,Comp0044,Mail0001,6,43311,993,8,10,350,615
62039.50658268965,25.925,Web0003,DB0004,6,59518,3306,23,63,3617,21261
62059.73476673731,3.988,Proxy0001,Ext0003,6,63677,443,7,169,436,14937
62085.71621394119,4.362,Comp0057,Web0001,6,59886,443,21,18,1196,2598
62099.01106969408,3.757,Comp0065,Web0001,6,54405,443,5,236,2517,89744
62101.55991383893,2.555,Mail0001,Ext0037,6,13763,25,6,8,539,819
62104.152598940986,1.103,Comp0080,Proxy0002,6,55582,3128,4,36,1490,22521
62109.485955801734,12.815,Comp0040,Web0002,6,33805,443,20,25,1015,23078
62122.83799386139,0.039,Comp0005,DNS0002,17,26641,53,2,3,69,142
62127.072825458294,0.091,Comp0063,DNS0002,17,28019,53,2,2,73,108
62135.60915709413,8.496,Comp0010,Web0001,6,16030,443,20,19,3341,34247
62146.83842606564,0.132,Comp0031,DNS0001,17,12209,53,2,3,36,119
62160.23488994531,7.276,Comp0050,Proxy0001,6,38434,3128,5,50,1256,7144
62161.90085904432,23.436,Comp0030,DC0001,6,6751,445,19,214,877,4335
62172.51007539473,0.105,Comp0017,DNS0002,17,45445,53,2,2,58,129
62175.292058079474,4.033,Comp0059,FS0002,6,48670,445,54,72,1486,10744
62177.47823751448,12.568,Comp0078,Web0002,6,24718,443,18,61,490,1054
62191.43134584202,0.072,Comp0032,Web0001,6,1372,443,7,71,1890,7498
62197.52321275313,2.921,Comp0072,Web0003,6,23160,443,10,37,751,3228
62220.14069968073,20.7,Comp0021,Web0006,6,8673,443,16,37,1008,10431
62226.79303799668,10.098,Web0001,DB0001,6,10980,5432,26,76,7584,30136
62240.33121725861,15.565,Comp0022,DC0001,6,31645,445,41,90,365,20732
62250.80055191389,0.36,Comp0045,DNS0002,17,10694,53,2,2,83,131
62274.74167425248,29.891,Comp0002,FS0003,6,55873,445,126,102,2888,17824
62279.378015106806,5.536,Comp0029,DC0001,6,26340,445,5,99,817,10723
62285.70958827069,0.349,Comp0048,DNS0001,17,16958,53,2,2,80,213
62316.20719586666,1.841,Proxy0001,Ext0025,6,28018,443,9,80,1612,16374
62319.3412249516,6.054,Web0001,DB0001,6,42644,5432,7,78,686,14327
62336.2702260934,5.892,Comp0005,Web0002,6,60786,80,6,44,603,32753
62340.042135836666,1.411,Comp0039,DC0002,6,37715,445,7,262,13182,3087
62375.940089101314,0.159,Comp0034,DNS0001,17,25146,53,2,2,123,99
62384.286959301,0.135,Comp0056,DNS0001,17,12880,53,2,3,69,250
62402.8523167714,0.209,Comp0080,Mail0002,6,41348,587,5,5,548,139
62416.29720526052,1.275,Comp0042,Mail0002,6,16207,587,10,4,204,521
62423.42746458527,2.03,Comp0033,DC0001,6,1081,389,7,4,392,773
62435.865499553984,4.421,Comp0003,DC0001,6,26523,88,8,7,245,660
62437.510715039134,0.072,Comp0002,DNS0002,17,37685,53,2,3,32,101
62439.76075626396,0.002,Comp0077,Mail0001,6,24010,993,6,7,579,909
62447.49803204457,3.772,Proxy0002,Ext0013,6,15569,443,31,21,440,1658
62452.504722994156,1.142,Web0002,DB0002,6,1997,5432,5,58,462,21263
62462.577150632875,3.076,Comp0014,Mail0002,6,35102,993,5,9,255,1264
62462.96477260037,0.037,Comp0004,DNS0002,17,64440,53,2,2,64,68
62484.40386788108,0.06,Comp0039,DNS0002,17,29366,53,3,3,52,87
62493.49756898212,2.957,Comp0026,Web0003,6,19616,80,5,28,1137,33801
62494.47498478003,3.448,Comp0013,DC0001,6,11540,88,15,8,494,1600
62497.22977091051,3.061,Comp0066,DC0001,6,35734,389,5,4,156,374
62500.45724659188,0.745,Comp0017,Mail0001,6,15123,993,6,8,539,424
62502.58107323652,0.15,DC0001,DNS0001,17,22166,53,3,2,64,143
62505.49985426114,0.083,Comp0078,DNS0001,17,54761,53,3,2,80,77
62506.7143108608,0.094,Proxy0001,DNS0001,17,57465,53,2,3,61,251
62520.9621287369,0.006,Comp0050,DNS0002,17,20258,53,3,2,71,71
62526.143064833974,0.034,Comp0056,DNS0002,17,45086,53,3,2,37,72
62534.13924826258,3.134,Comp0049,DC0002,6,45677,389,4,12,531,791
62544.14229721713,7.439,Comp0061,DC0001,6,11380,389,6,25,327,365
62546.52983088011,0.462,FS0003,DNS0001,17,46224,53,3,2,74,192
62548.20889267728,2.864,Comp0042,Web0004,6,4053,443,9,49,1773,17659
62562.82419061571,0.119,Comp0006,DNS0001,17,11639,53,3,2,58,494
62576.34254344604,0.129,Comp0027,Web0005,6,11658,443,13,37,3538,5028
62591.503805663,4.716,Comp0035,Web0002,6,46227,443,7,15,366,8348
62598.144940973994,9.224,Web0004,DB0004,6,16290,5432,6,40,5674,18604
62620.19344895589,2.1,Comp0040,DC0001,6,17524,88,10,2,130,9770
62623.54711350745,3.946,Comp0039,Proxy0002,6,62362,3128,8,35,601,9632
62637.61149652994,0.575,Comp0040,Web0003,6,32222,443,8,18,216,17531
62639.66156926376,9.087,Comp0003,Proxy0002,6,57994,3128,7,81,1313,655
62642.94681164289,0.037,Comp0021,DNS0001,17,56977,53,2,2,63,408
62662.2803004388,15.198,Proxy0002,Ext0017,6,33486,80,12,32,1188,25462
62682.83012908025,0.146,Comp0019,DNS0002,17,64612,53,2,3,80,169
62689.766119272885,3.343,Comp0007,Proxy0001,6,26026,3128,5,63,738,28452
62693.512846847276,6.29,Comp0064,Proxy0002,6,14745,3128,9,22,1128,21193
62714.23081768661,1.189,Comp0053,Web0002,6,17452,443,6,21,320,15925
62718.18987005485,0.093,Comp0022,DNS0001,17,58634,53,2,2,80,121
62719.27998691221,2.319,Comp0068,Web0004,6,52530,443,13,23,584,10554
62723.05169508356,0.519,Comp0039,Proxy0001,6,38452,3128,11,48,854,2246
62729.675804780905,18.185,Comp0015,FS0002,6,52318,445,90,59,1607,2467
62739.59106557137,1.204,Comp0002,Mail0002,6,39057,993,22,11,106,540
62743.11973511195,0.145,Comp0002,DNS0001,17,21251,53,2,2,160,88
62768.140459069284,0.097,Comp0059,DNS0001,17,41726,53,2,3,72,185
62775.6477322934,0.067,Comp0027,DNS0001,17,11705,53,2,3,46,86
62780.367700519215,4.318,Comp0073,FS0002,6,40756,445,19,19,1033,2282
62802.720788121056,0.246,Comp0027,DNS0001,17,31713,53,2,3,121,240
62804.89777910909,1.14,Proxy0001,Ext0031,6,4604,443,11,37,525,6103
62815.601116867954,1.124,Comp0070,Proxy0002,6,50524,3128,20,115,1113,2324
62835.07731889425,8.682,Web0004,DB0001,6,24994,5432,53,59,5593,77075
62839.973433094434,0.093,Comp0008,DNS0002,17,37520,53,2,2,75,62
62845.76578284141,8.808,Comp0031,Web0003,6,26100,80,17,63,1073,11848
62849.52856845126,14.32,Comp0053,Web0003,6,49283,443,7,25,401,4334
62862.951665295914,2.532,Comp0040,Web0005,6,42693,80,13,36,1297,1110
62892.75729929963,3.217,Comp0036,FS0003,6,12906,445,19,150,2723,2716
62902.27892512929,0.139,Comp0008,DNS0001,17,64107,53,3,3,84,152
62903.953339718355,0.125,Comp0031,DNS0001,17,31368,53,2,3,69,130
62941.73134093278,4.321,Comp0037,DC0001,6,48033,88,11,21,580,3458
62970.62937522493,40.478,Comp0057,FS0002,6,64716,445,25,81,905,6808
62970.883964092776,0.027,Comp0060,DNS0002,17,16560,53,2,3,63,236
62972.45276003637,2.433,Comp0072,Web0004,6,23393,443,8,26,1036,11840
63007.566979933334,0.184,Comp0010,DNS0002,17,16711,53,2,3,34,88
63022.849451286515,0.455,Comp0040,DC0002,6,49564,88,5,4,1496,226
63028.70317087545,0.765,Comp0077,DNS0001,17,15447,53,3,3,53,270
63037.06453187967,2.841,Comp0032,DC0001,6,30412,389,2,17,252,1178
63070.2124014188,2.424,Comp0046,DC0002,6,42796,88,8,15,462,303
63071.600631298956,0.171,Comp0003,DNS0001,17,22551,53,3,2,52,96
63097.720842041395,0.064,Proxy0001,DNS0001,17,35764,53,3,2,41,167
63109.31777536791,0.153,Comp0016,DNS0001,17,41861,53,3,2,53,106
63118.70276264506,29.83,Web0001,DB0004,6,46234,3306,30,181,2596,7654
63137.30786125225,1.367,Comp0062,Proxy0001,6,13193,3128,21,14,843,1505
63148.99520978873,1.871,Comp0003,Mail0002,6,20465,587,10,10,472,904
63149.086929370504,11.557,Comp0010,Web0006,6,50883,443,6,33,764,10839
63149.415670079914,3.156,Comp0042,DC0002,6,21216,389,6,5,1453,354
63154.80357705744,0.011,Proxy0002,DNS0001,17,29454,53,2,2,58,114
63175.50716741354,56.549,Web0002,DB0003,6,27229,3306,15,18,2382,14993
63224.32296904096,1.298,Web0006,DB0002,6,32167,3306,11,29,3387,3008
63237.204767517425,0.002,Comp0015,DNS0001,17,62676,53,2,2,97,74
63243.740069176456,11.886,Comp0011,Web0004,6,58270,443,13,106,167,26080
63288.73169981919,0.46,Comp0004,DNS0002,17,6488,53,3,2,45,213
63288.784160882664,4.421,Comp0017,Web0004,6,38690,80,18,13,1259,6311
63302.01780798256,0.178,Comp0007,Web0003,6,21596,80,16,19,2169,2507
63304.262455167904,0.469,Comp0070,DNS0001,17,37387,53,2,3,90,175
63308.4943887841,2.641,Comp0058,Web0001,6,1227,443,6,32,338,9839
63309.829255403696,11.616,Comp0039,Proxy0002,6,13919,3128,9,27,6653,15610
63313.317882191484,1.056,Comp0064,DNS0001,17,2692,53,2,3,85,154
63313.779718538186,0.197,Comp0064,DNS0002,17,10448,53,3,4,32,92
63320.14071063028,4.034,Comp0054,Web0006,6,55185,80,5,28,481,666
63326.79065752462,0.02,Comp0080,DNS0002,17,24126,53,2,2,78,77
63330.48246709772,0.021,Comp0044,Web0004,6,61585,80,6,52,444,1568
63331.81728276249,27.367,Comp0011,FS0003,6,41696,445,14,201,400,8997
63339.752035523175,1.977,Comp0058,Proxy0001,6,30145,3128,4,14,446,1355
63343.152174822346,2.251,Comp0064,Web0001,6,44320,443,18,78,473,7535
63352.25372293796,2.059,Proxy0001,Ext0007,6,21245,443,16,70,274,4315
63354.2316820616,8.824,Comp0009,Web0001,6,21235,443,12,602,647,11404
63381.85425445701,0.126,Comp0047,DNS0001,17,41140,53,3,2,160,144
63389.4181361964,4.954,Comp0056,FS0001,6,16213,445,47,169,474,8370
63407.320218131,2.514,Comp0005,Web0002,6,2477,80,10,82,1244,7878
63418.430538025386,0.054,Comp0009,DNS0002,17,37394,53,2,3,114,180
63418.44497339091,10.007,Web0003,DB0004,6,48033,3306,47,134,2576,28737
63425.49331877428,0.243,Comp0021,DC0002,6,6661,445,98,134,14040,13875
63433.845089486575,0.03,Web0002,DNS0002,17,4710,53,2,3,120,84
63440.83365117642,0.828,DB0004,DNS0001,17,62352,53,2,2,56,141
63456.69818113696,2.566,Comp0044,FS0003,6,15698,445,32,88,625,25942
63461.34635593314,0.129,Comp0061,DNS0001,17,22941,53,2,2,54,163
63485.24492898656,0.313,Proxy0001,Ext0013,6,61211,80,8,105,391,12444
63510.543048518164,0.239,Comp0007,DNS0001,17,10498,53,2,2,52,421
63515.11252906194,13.164,Comp0071,FS0001,6,33438,445,37,199,5072,28151
63524.89133253815,2.723,Comp0040,Web0005,6,38633,80,5,28,664,22182
63560.073654704225,2.689,Comp0049,Web0005,6,13891,443,5,329,321,7739
63561.847987791145,2.38,Comp0001,Proxy0002,6,27300,3128,3,23,2763,27012
63678.20342066927,2.056,Comp0071,Web0006,6,61154,443,15,18,386,4180
63696.846989141995,0.183,Comp0006,DNS0002,17,39379,53,2,2,74,258
63700.07556631661,0.024,Comp0043,DNS0001,17,57994,53,3,3,67,146
63701.14871219554,9.84,Comp0050,DC0001,6,13553,445,8,194,558,96389
63701.488798043756,6.602,Comp0036,DC0002,6,11199,445,2,70,672,27606
63711.50193787519,5.228,Comp0013,Mail0002,6,65056,587,5,14,323,728
63717.554812656475,0.15,Comp0058,DNS0002,17,18853,53,2,3,68,205
63739.62539826639,5.061,Comp0014,DC0001,6,17814,88,12,6,1416,551
63740.19172597874,4.741,Web0001,DB0003,6,31542,5432,31,68,1279,10164
63743.599141918065,0.027,Comp0049,DNS0002,17,35507,53,2,3,58,103
63757.64576349733,0.064,Comp0037,DNS0001,17,55444,53,3,3,55,163
63758.42654022818,9.468,Comp0019,DC0001,6,23310,445,17,142,5337,46853
63763.200239575446,4.517,Comp0067,Web0003,6,47582,443,6,30,435,6740
63770.24157937716,0.088,Comp0029,DNS0002,17,8693,53,2,3,33,77
63911.624896444475,0.252,Comp0021,Web0003,6,57669,443,13,12,871,1863
63923.55333129771,0.058,FS0002,DNS0001,17,62824,53,2,2,39,184
63938.107613852444,0.289,Comp0008,DC0002,6,13682,389,3,5,93,746
63953.8923774914,0.365,Comp0076,DNS0001,17,32211,53,3,3,40,52
63961.090461021035,0.126,DB0004,DNS0002,17,49644,53,3,3,47,113
63964.271440689634,10.834,Comp0075,FS0003,6,1055,445,122,36,3114,70253
64004.21781542325,2.512,Comp0019,DC0002,6,25359,389,5,8,440,354
64005.12787560669,4.314,Comp0053,DC0001,6,47500,88,5,23,1433,240
64005.18502260244,0.279,Comp0020,DNS0002,17,49774,53,3,2,56,197
64007.394240218215,11.547,Comp0001,DC0001,6,62568,88,5,21,152,306
64033.63655869914,10.187,Comp0036,FS0001,6,42494,445,13,226,9539,3285
64039.028902765946,0.045,Comp0045,DNS0002,17,29781,53,2,2,47,220
64047.903728457735,0.092,Comp0003,DNS0002,17,33432,53,2,2,65,76
64083.24150660198,0.914,Comp0064,Web0001,6,53696,443,7,57,317,3423
64086.11295022907,0.383,Comp0066,DNS0001,17,3940,53,4,3,72,216
64090.22313791257,3.153,Comp0050,DC0001,6,57158,88,8,5,124,283
64103.0898512409,0.259,Comp0036,DNS0002,17,11379,53,2,3,28,86
64122.31109042559,0.101,Comp0033,DNS0002,17,47213,53,2,3,85,150
64140.32355789439,1.381,Comp0009,Web0006,6,49517,443,13,31,167,19757
64143.75123953895,2.204,Comp0031,DC0002,6,42069,389,6,8,644,3778
64149.111691782586,12.759,Web0006,DB0002,6,33080,3306,22,130,6021,26879
64149.39092394794,4.124,Comp0078,Web0002,6,1097,443,12,142,1089,3476
64150.13788199539,2.559,Comp0038,Web0003,6,33709,443,3,17,710,4901
64153.4953263529,4.122,Comp0003,Mail0001,6,9112,587,9,17,196,2656
64154.446489419744,0.075,Comp0048,DNS0002,17,37916,53,2,3,75,109
64157.77776444338,0.631,Comp0001,DNS0001,17,33761,53,2,2,46,201
64182.419054931874,4.224,Comp0078,DC0002,6,40907,88,4,18,559,393
64185.07030575662,16.948,Comp0039,Proxy0001,6,61434,3128,14,22,209,18797
64188.33205570844,2.85,Comp0077,DC0002,6,35841,389,9,6,273,1132
64231.95165209324,1.94,Web0005,DB0002,6,57575,3306,19,594,5549,3880
64235.5049307523,5.186,Comp0053,Web0005,6,49750,443,12,49,395,62483
64237.32460927746,2.752,Comp0049,Web0003,6,50757,80,12,70,626,12786
64237.987076054844,6.908,Comp0030,Web0004,6,49713,80,14,27,1679,4533
64243.7217875981,2.949,Comp0058,Web0004,6,62701,80,10,12,919,2695
64278.905037366254,0.869,Comp0048,Proxy0002,6,1371,3128,7,29,314,5478
64290.577467314855,1.076,Comp0054,DC0001,6,16764,88,4,3,416,65
64332.253838482335,10.746,Proxy0002,Ext0010,6,11939,443,3,18,624,13030
64347.58245322161,0.008,Comp0041,DNS0002,17,32950,53,2,2,51,153
64393.07778952887,21.01,Comp0052,FS0002,6,54621,445,13,54,1457,7589
64437.51950801865,0.329,Comp0072,DC0002,6,9433,88,8,13,414,146
64437.600373926995,21.929,Comp0078,Web0001,6,30215,443,23,48,744,3492
64456.94882876879,8.011,Comp0023,DC0001,6,6373,445,19,215,7688,50556
64478.88882855782,0.034,Web0001,DNS0002,17,57493,53,2,2,68,308
64486.55753908155,0.424,Comp0069,DNS0001,17,6737,53,2,3,132,140
64515.16155332061,7.581,Comp0050,Proxy0002,6,20245,3128,12,34,2410,36497
64536.23647604894,6.097,Comp0051,Proxy0002,6,15074,3128,8,36,2258,10054
64549.89605216628,22.034,Comp0003,DC0001,6,64969,445,45,35,1947,6829
64558.705916147876,16.607,Comp0079,Web0006,6,30962,443,8,209,611,8402
64562.99060380502,0.041,Comp0040,DC0002,6,24546,88,7,10,414,524
64569.06898985455,1.071,Comp0023,Mail0002,6,58287,587,7,7,238,866
64592.24993875253,18.378,Comp0074,Proxy0001,6,57659,3128,11,100,281,1842
64632.35992376281,3.065,Comp0072,FS0003,6,42557,445,16,153,2665,10658
64633.02365395356,0.249,Comp0079,Web0001,6,43035,443,24,11,712,15142
64635.78289262719,0.305,Comp0062,DNS0001,17,56342,53,2,2,76,172
64642.71757773012,0.362,DC0002,DNS0001,17,1091,53,2,2,77,94
64654.669230068146,4.227,Proxy0002,Ext0028,6,35619,443,4,32,970,5692
64666.363738022024,13.96,Comp0035,FS0002,6,50021,445,12,63,1271,21512
64669.72242475772,1.535,Comp0026,Web0005,6,37618,443,6,26,443,16798
64690.921689038885,0.2,DC0001,DNS0001,17,27903,53,2,2,56,144
64694.31842480264,14.009,Web0001,DB0003,6,44690,3306,23,20,969,30008
64703.1228849431,0.088,Comp0010,DNS0002,17,51998,53,2,2,63,237
64704.19505115866,6.051,Comp0017,Proxy0001,6,24111,3128,9,30,202,19293
64730.62439947642,0.286,Comp0048,DNS0002,17,55804,53,2,3,160,206
64766.069325902514,0.654,Comp0014,DNS0002,17,45556,53,2,3,94,285
64773.1229397036,24.897,Comp0078,FS0002,6,16647,445,10,129,1964,2078
64778.408001680735,8.773,Comp0042,FS0002,6,25601,445,13,49,8517,19220
64784.96297609743,2.834,Comp0049,Web0003,6,59993,80,9,34,836,25500
64795.282790353296,6.623,Comp0036,Web0005,6,44240,443,5,135,1013,5920
64803.76132832211,3.549,Comp0041,Mail0001,6,39436,993,4,7,606,712
64811.750200108,0.003,Comp0061,DNS0001,17,44692,53,2,2,65,157
64815.58536447075,0.19,Comp0061,DC0001,6,10554,88,5,6,2739,738
64825.64933225925,0.588,Comp0066,Proxy0002,6,38378,3128,8,4,429,8232
64871.127524633856,4.051,Proxy0001,Ext0006,6,32204,443,18,159,1682,7289
64890.67676402783,0.826,Comp0032,Web0006,6,6958,80,5,21,4816,3014
64908.28123337064,1.869,Comp0068,Web0002,6,58146,443,3,75,1004,84798
64911.53759981758,0.349,Comp0052,DNS0002,17,52527,53,3,3,85,336
64917.83418005889,52.721,Comp0054,FS0002,6,65008,445,31,131,2794,8362
64926.97914313962,1.428,Comp0080,Web0005,6,46525,443,36,57,1948,5931
64945.624952911836,0.157,Comp0075,DNS0002,17,52194,53,2,3,71,200
64990.86783473138,6.154,Comp0023,Mail0002,6,45713,993,3,4,1963,782
65012.455986806235,0.33,Web0006,DNS0001,17,62008,53,2,2,54,172
65024.15130782544,4.376,Comp0004,Mail0001,6,8817,993,7,5,317,653
65046.42786146972,8.284,Comp0080,DC0002,6,60570,445,7,36,133,8137
65061.504440282384,0.239,Comp0047,DNS0002,17,4259,53,2,2,62,205
65072.85284340371,0.008,DC0001,DNS0001,17,53863,53,2,2,155,202
65082.45958877236,0.018,Comp0003,DC0001,6,32499,88,9,6,477,2532
65083.95735229518,0.556,Comp0013,Proxy0002,6,12145,3128,26,28,327,3356
65128.2784464832,0.27,Comp0021,DNS0002,17,40608,53,3,2,87,99
65151.97657983367,8.3,Comp0026,Web0001,6,2704,443,6,24,237,5121
65156.58723999132,0.096,Comp0007,Web0004,6,65361,80,10,39,165,2686
65159.88125022088,0.982,Comp0017,Mail0002,6,55394,993,15,12,179,1074
65160.512665335315,0.037,Comp0007,DC0001,6,2234,389,5,9,642,662
65168.161325434194,0.14,Comp0077,DNS0002,17,4974,53,2,3,193,134
65180.240826122725,2.504,Comp0042,Proxy0001,6,40106,3128,6,28,129,4559
65187.02419246091,13.226,Proxy0001,Ext0034,6,33024,80,4,14,441,691
65210.16274216953,1.872,Comp0069,Web0005,6,26936,443,19,88,1526,4226
65253.99679240677,3.693,Comp0045,Proxy0001,6,57166,3128,8,19,4452,6554
65272.6585046146,6.047,Comp0031,FS0002,6,42884,445,12,113,2314,3448
65303.50643425475,3.415,Comp0010,Web0001,6,1417,443,26,32,123,74810
65321.97220269164,9.241,Proxy0001,Ext0023,6,60644,80,13,11,183,22146
65330.30852888752,1.172,Comp0044,Proxy0002,6,46377,3128,23,67,533,1921
65366.01845078872,6.855,Comp0024,DC0002,6,52961,389,7,4,128,196
65369.87754526292,18.23,Comp0062,DC0002,6,19668,445,46,188,2698,20832
65371.707989892006,0.635,Comp0059,Proxy0002,6,30456,3128,7,11,2080,11728
65390.53410660837,0.137,DB0002,DNS0001,17,24369,53,2,2,36,154
65418.56221077278,1.89,Comp0063,DC0002,6,33070,389,5,30,316,379
65421.91546600033,0.024,Comp0046,DNS0001,17,49567,53,3,3,55,167
65525.61948800189,0.415,Comp0065,DNS0001,17,5683,53,2,2,61,249
65534.55309347557,6.073,Comp0079,DC0001,6,49705,389,7,10,343,1263
65543.27365700548,12.314,Comp0002,FS0001,6,52658,445,15,61,2864,140225
65572.1954103473,3.652,Comp0052,DC0002,6,43380,88,5,4,429,911
65587.8569876166,0.041,Web0005,DNS0002,17,62118,53,4,2,74,130
65610.97160344415,0.828,Proxy0001,Ext0009,6,59442,443,13,44,412,6623
65611.10113430563,0.475,Comp0017,DNS0001,17,48761,53,3,3,62,124
65622.83929274559,1.102,Comp0040,DC0001,6,38019,88,10,5,747,2631
65628.39246849864,4.199,Comp0039,FS0001,6,53992,445,41,25,4664,58645
65637.83838536266,21.18,Comp0038,Web0001,6,7982,443,20,42,635,77513
65669.830143071,7.092,Proxy0001,Ext0026,6,8098,443,23,60,941,1310
65671.4256281085,0.687,Comp0048,DC0002,6,36421,88,5,5,945,169
65678.48622165942,9.088,Comp0011,Web0004,6,40370,80,4,24,803,4805
65691.2839289784,0.146,Proxy0002,DNS0002,17,39410,53,2,2,140,261
65701.1678546392,0.256,Mail0001,DNS0002,17,4859,53,2,3,71,144
65734.06165049074,4.812,Comp0043,Web0006,6,25956,80,9,12,380,553
65744.39970982308,0.127,Web0002,DB0003,6,1287,5432,28,61,537,42081
65759.23317463911,0.064,Comp0028,DNS0002,17,11265,53,3,3,52,184
65760.03090945965,10.992,Web0003,DB0004,6,36731,3306,15,45,6095,76763
65801.80880161076,11.585,Web0001,DB0001,6,58634,5432,12,289,12809,24890
65828.62972298705,6.427,Comp0079,Web0006,6,13643,80,10,11,1368,6839
65837.85020149636,1.44,Comp0073,Web0003,6,37473,80,11,46,180,22356
65844.94582385493,3.329,Comp0028,DC0001,6,16582,445,27,147,2003,36081
65855.82665220647,2.024,Comp0028,Web0002,6,21439,443,10,53,886,9235
65858.21233153717,3.842,Web0005,DB0001,6,10245,3306,46,38,5656,22467
65922.77756486791,0.037,Comp0080,DNS0001,17,6181,53,3,3,57,49
65924.94197206729,0.376,Comp0018,DNS0002,17,22515,53,3,4,54,237
65960.05263800733,1.14,Proxy0002,Ext0030,6,6430,80,8,86,594,635
65961.54334498638,9.807,Comp0044,FS0003,6,28818,445,40,56,3258,18779
65969.14652754384,0.217,Comp0027,DNS0001,17,43103,53,2,2,120,309
65977.96998029486,0.17,DB0001,DNS0001,17,44902,53,2,3,61,362
65990.66239579402,0.162,DB0004,DNS0001,17,33804,53,3,2,108,72
66031.0796257219,0.038,Comp0018,DNS0001,17,15336,53,2,2,110,74
66071.28712832577,6.523,Comp0064,FS0002,6,29174,445,14,30,5987,54381
66094.28496092402,0.765,Proxy0001,DNS0001,17,47853,53,2,2,33,109
66110.92197350314,6.227,Proxy0001,Ext0019,6,30905,80,8,53,604,3490
66122.62205832331,10.983,Comp0029,FS0003,6,34836,445,25,90,4993,60765
66140.26111490348,4.601,Comp0018,Web0005,6,20027,80,13,41,726,4643
66141.17959677681,0.515,Comp0017,DNS0002,17,41827,53,2,2,67,89
66156.57264474046,2.057,Comp0008,Web0003,6,44518,443,12,18,363,12293
66164.65345758862,3.764,Comp0013,Web0005,6,60104,443,20,42,742,5583
66167.86649581179,6.268,Comp0047,DC0001,6,23227,88,6,3,171,1006
66170.04897672312,4.307,Comp0066,DC0001,6,16280,389,7,7,988,679
66174.68624498913,0.014,Comp0045,DNS0001,17,58562,53,3,3,90,122
66202.90170290101,1.663,Comp0063,Proxy0001,6,25400,3128,6,34,808,18748
66236.52809090218,24.903,Comp0007,FS0002,6,35927,445,70,88,1697,8172
66257.5183744769,0.089,Mail0001,DNS0002,17,25414,53,2,3,73,161
66270.42624540027,16.437,Comp0075,FS0002,6,13576,445,58,100,548,52356
66308.17914049402,2.137,Proxy0002,Ext0005,6,60651,443,5,11,2464,2411
66309.71437936263,7.475,Comp0016,Web0006,6,4603,443,15,126,166,10413
66344.04278125594,0.022,Proxy0002,DNS0001,17,45722,53,2,3,38,96
66350.77848308289,4.054,Comp0047,Web0003,6,4587,443,6,172,379,1698
66354.06495553137,20.694,Web0006,DB0004,6,46962,5432,190,206,527,14072
66362.85450022902,0.053,Proxy0001,DNS0002,17,22054,53,4,3,48,82
66406.22472859824,0.148,Web0004,DNS0002,17,39234,53,3,2,32,192
66430.70371709536,0.066,Comp0044,DNS0001,17,17963,53,2,3,73,143
66440.13966533955,4.101,Comp0003,DC0001,6,57051,445,14,221,767,3380
66443.80368404555,11.992,Comp0055,FS0003,6,32724,445,33,52,7762,10114
66533.58921086015,54.584,Comp0058,FS0002,6,54224,445,13,78,597,12753
66539.92882994008,3.136,Comp0038,Web0003,6,57558,443,7,21,239,3780
66540.75290233872,0.018,Comp0048,DNS0002,17,4116,53,2,3,69,200
66565.45595753627,1.841,Comp0045,Web0003,6,60794,443,11,44,531,37874
66567.84554766683,0.076,Comp0047,DNS0002,17,30601,53,5,3,64,77
66613.53987892806,5.231,Comp0045,Proxy0001,6,22829,3128,16,41,782,28753
66621.53813290624,6.36,Comp0076,DC0002,6,45360,389,9,3,300,1479
66635.22979047507,4.601,Comp0067,DC0002,6,31410,389,4,4,582,422
66688.79292427828,2.578,Comp0058,DC0001,6,54270,389,4,4,1212,1163
66689.76144322963,3.384,Comp0035,DC0001,6,5391,389,5,4,141,1226
66721.99846725848,0.112,Comp0025,DNS0001,17,57535,53,2,3,59,139
66729.19990512599,0.713,Comp0048,DNS0002,17,57398,53,3,3,112,73
66757.27066521693,0.001,Comp0063,DNS0001,17,17317,53,2,3,49,171
66759.29420601469,6.78,Web0003,DB0003,6,42996,3306,41,129,1631,128166
66766.10230088123,0.339,Comp0035,DNS0002,17,33788,53,3,2,41,154
66796.4531592832,0.071,Web0001,DNS0001,17,43020,53,3,3,29,319
66808.96513995068,0.743,Comp0042,DNS0002,17,19882,53,3,3,21,118
66821.65305731466,0.513,Web0002,DC0001,6,41292,389,3,6,1014,197
66844.22902243801,1.34,Comp0035,Mail0002,6,19258,993,5,3,773,498
66850.4149896751,20.063,Web0001,DB0002,6,38311,3306,15,191,12153,2810
66850.80440700515,0.146,Comp0017,DNS0002,17,49248,53,2,4,109,96
66852.96324736398,5.143,Proxy0002,Ext0019,6,63111,443,10,66,343,8299
66869.14774927747,3.102,Comp0028,Web0004,6,45007,443,9,70,173,2695
66869.36632010348,1.342,Comp0004,DC0001,6,53413,389,5,4,875,798
66872.9083081504,1.156,Comp0037,Mail0001,6,11481,993,6,13,433,2077
66881.80071616558,6.448,Comp0032,Web0001,6,12167,443,10,16,1475,3809
66892.70033128762,3.389,Comp0061,Proxy0002,6,43420,3128,10,163,300,6218
66940.67920095888,2.797,Web0003,DB0004,6,25803,5432,56,22,672,3644
66956.14060543307,0.366,Comp0004,Web0001,6,16167,443,8,12,207,1891
66956.71182438676,0.091,Comp0001,DNS0002,17,39340,53,2,2,66,258
67031.21663545952,0.568,Comp0032,DC0001,6,57639,445,30,95,1275,12060
67047.06964131219,0.109,Comp0031,DNS0001,17,64313,53,2,2,68,149
67055.87724239721,0.184,Comp0001,DNS0001,17,20661,53,2,2,69,40
67070.13521299718,1.401,Comp0019,Web0003,6,19722,443,14,319,526,17290
67087.55080284216,0.037,Comp0065,DNS0001,17,12044,53,2,3,99,213
67135.01639123443,2.657,Comp0005,Web0001,6,2102,80,5,41,608,21621
67139.51846578739,3.814,Comp0072,Proxy0001,6,35897,3128,16,37,1531,11245
67144.11668142524,0.346,Comp0026,DC0002,6,52203,445,15,44,1391,100345
67162.93562775356,1.035,Comp0023,DNS0002,17,57770,53,3,2,131,189
67173.83122614454,5.768,Comp0036,Web0004,6,3876,443,9,50,1445,4851
67238.5419867062,2.525,Mail0002,Ext0036,6,4215,25,4,8,1052,439
67253.25361671062,20.475,Comp0059,FS0002,6,16623,445,63,45,2818,7820
67258.20244180268,0.015,FS0002,DNS0001,17,9649,53,2,3,79,334
67276.5136609673,0.08,Comp0034,DNS0002,17,55456,53,2,2,48,113
67284.7317910022,0.395,Comp0075,Web0003,6,53938,443,15,19,1202,9877
67287.52582213852,5.666,Web0002,DB0001,6,11731,3306,44,119,13476,9054
67325.86370278928,5.824,Comp0029,DC0001,6,34761,88,3,9,267,454
67355.34256830724,21.124,Web0006,DB0001,6,2800,3306,36,191,1855,6899
67363.12874195473,0.853,Mail0002,Ext0020,6,10050,25,14,5,187,877
67396.83615792208,0.423,Comp0027,DNS0001,17,38748,53,2,2,57,274
67484.357807534,8.762,Comp0053,Web0006,6,5895,443,5,11,573,1308
67495.7330259038,0.007,Web0006,DB0003,6,23577,3306,19,163,2566,77167
67567.64538033812,5.014,Proxy0002,Ext0013,6,26573,80,4,42,422,4564
67588.13538895927,4.824,Comp0076,Web0005,6,30071,443,11,19,3950,3975
67639.04379187293,2.375,Comp0055,Web0001,6,63942,80,3,56,392,83706
67649.06092090315,9.953,Comp0036,Web0003,6,35997,443,8,27,233,13190
67653.22029961026,2.068,Comp0039,Web0002,6,32341,443,5,49,373,23432
67657.51714593446,12.429,Comp0030,Web0003,6,15656,80,7,67,723,425
67686.39921275446,0.901,Comp0033,DNS0002,17,30153,53,2,2,48,243
67698.0621641519,0.185,Proxy0001,DNS0002,17,13347,53,2,2,41,72
67710.47005967934,7.305,Comp0003,FS0002,6,29195,445,51,37,1416,13504
67742.72257783073,0.275,DNS0001,DC0002,6,17368,389,10,13,393,271
67792.37132351541,2.397,Comp0056,Web0002,6,37753,80,3,39,654,1061
67798.76646731506,0.631,Comp0003,DNS0002,17,42177,53,2,2,157,205
67801.60925937633,1.899,Proxy0002,Ext0001,6,45433,80,9,18,180,30043
67802.67030052467,3.189,Comp0053,Mail0001,6,13725,993,5,8,806,616
67814.3400436168,9.111,Comp0030,FS0001,6,17656,445,15,135,635,143740
67820.79718907364,3.053,Comp0013,Proxy0001,6,62134,3128,5,22,334,12130
67841.78255843108,0.188,Comp0070,DNS0002,17,60734,53,2,2,67,113
67878.76696930213,0.077,Comp0007,DNS0001,17,58631,53,2,4,51,156
67939.20642257878,0.239,Web0006,DNS0002,17,60649,53,3,3,81,151
67941.90105489864,9.9,Proxy0002,Ext0002,6,62961,443,23,92,316,2700
67946.2355913386,2.089,Comp0023,Mail0002,6,47258,587,4,4,842,455
67956.85327249247,0.259,Comp0002,DC0001,6,23759,88,3,4,587,890
67962.85808003218,2.188,DB0001,DC0001,6,42352,389,2,14,685,3072
67966.15215734942,1.878,Comp0048,Web0001,6,44558,80,8,25,1720,3673
67987.45303024266,0.046,Web0001,DNS0002,17,13357,53,2,2,88,138
67992.72116600351,4.522,Web0005,DB0002,6,56779,5432,18,45,2976,60790
68000.68416524929,0.15,Comp0068,Proxy0002,6,60737,3128,40,22,1377,14846
68056.71387835935,7.238,Proxy0002,Ext0001,6,32697,443,9,82,294,1586
68065.71578502943,8.483,Comp0056,Mail0002,6,4903,587,21,14,1660,129
68084.21565960583,8.711,Comp0052,Web0002,6,45289,443,6,85,255,12793
68097.6644596907,30.878,Comp0064,FS0003,6,19306,445,17,66,304,9027
68106.0226297162,3.143,Comp0011,Web0005,6,28430,443,7,25,728,5191
68110.93704946202,0.21,Comp0054,DNS0002,17,46593,53,2,2,41,129
68168.14573761934,20.556,Comp0002,DC0001,6,47904,445,37,64,335,14467
68173.19588198705,0.058,Comp0067,Web0006,6,1474,443,6,36,1056,6550
68181.12549854736,6.628,Comp0019,Web0002,6,16795,443,11,20,569,3320
68210.84537137547,0.067,Comp0048,Web0002,6,32059,443,19,33,1096,663
68299.74349775612,18.953,Comp0029,DC0001,6,62935,445,10,479,1256,69990
68312.35785115874,0.201,Web0003,DB0004,6,47095,3306,45,128,3139,10496
68314.87914817185,8.359,Comp0066,Web0004,6,52573,443,4,59,1927,43848
68352.7986624909,0.107,Comp0026,DNS0001,17,5066,53,2,3,36,90
68354.13583293477,0.068,Comp0009,DNS0001,17,23256,53,2,3,97,168
68365.09018349752,0.308,Comp0035,DNS0002,17,56032,53,2,2,75,259
68391.87167362322,0.405,Proxy0002,DNS0001,17,35229,53,2,3,84,295
68401.89272432063,2.613,Comp0067,Web0005,6,23522,443,3,25,1397,3302
68443.02645294661,10.838,Web0004,DB0003,6,24648,3306,5,93,764,46172
68453.7966815221,2.727,Comp0076,DC0002,6,58057,389,4,23,97,1157
68474.20968138111,6.088,Comp0025,Mail0002,6,27856,587,7,6,166,252
68496.22395424334,0.249,Comp0012,DNS0002,17,61599,53,2,2,60,96
68515.52282128936,2.604,Comp0001,Web0006,6,3343,443,5,65,201,4078
68518.10325043698,1.032,Proxy0001,Ext0026,6,8688,443,10,45,1024,4350
68530.43083238044,0.31,Proxy0001,Ext0015,6,14730,443,7,35,517,7322
68596.00479334056,0.612,Web0001,DB0001,6,18689,3306,31,67,7409,10793
68618.81266441909,6.015,Proxy0002,Ext0031,6,58029,443,9,136,224,24890
68641.82235147947,5.672,Comp0080,Web0002,6,30720,443,13,12,139,4117
68651.47407832513,2.005,Comp0061,DC0001,6,42593,389,4,12,710,658
68751.99092779009,0.097,Comp0066,DNS0002,17,45991,53,3,2,41,75
68763.11112410821,4.37,Comp0045,Proxy0002,6,37325,3128,6,52,1214,12042
68779.73797531547,4.197,Comp0029,DC0001,6,59924,88,9,11,877,1640
68834.32820734006,4.952,Proxy0002,Ext0019,6,45717,443,9,15,1182,21036
68857.10475919499,0.441,Comp0070,Web0001,6,39647,443,11,13,1406,6625
68887.30717026792,9.759,Comp0006,Web0004,6,41435,80,3,56,349,1398
68888.55577090925,1.419,Web0002,DB0002,6,3542,3306,43,273,2230,26040
68906.89731223363,0.374,Comp0061,DNS0001,17,59234,53,2,2,58,115
68919.67117074985,0.095,Comp0049,DNS0002,17,59652,53,2,2,53,255
68942.66298381091,4.178,Comp0077,Web0003,6,8145,443,16,24,453,25982
68956.71525825016,3.793,Comp0007,Web0002,6,12078,443,15,26,309,7769
69023.45575080783,0.126,Comp0037,DNS0002,17,32789,53,2,3,103,320
69035.30190551806,0.388,Comp0011,DNS0001,17,52071,53,2,2,91,82
69087.57696972307,6.483,Comp0059,DC0001,6,45194,88,10,11,382,3005
69087.60290577314,0.061,Proxy0001,DNS0001,17,33496,53,2,2,31,212
69095.74677398858,0.119,Comp0008,DNS0002,17,39755,53,3,2,76,92
69158.51863735828,0.002,Comp0039,Mail0002,6,40051,993,10,7,171,201
69200.89651591814,7.742,Proxy0001,Ext0039,6,23080,443,5,47,454,8156
69204.59766204818,2.356,Comp0076,DC0001,6,55061,88,5,10,141,1815
69208.88746053721,0.021,Comp0006,DNS0001,17,47976,53,3,3,101,297
69242.18154164907,5.587,Comp0027,Web0002,6,38645,80,7,55,833,8907
69304.42609712893,1.074,Comp0066,Web0001,6,32583,80,3,73,1059,18604
69313.16056123693,0.107,Proxy0002,DNS0001,17,62926,53,3,2,26,194
69319.53620102334,0.912,Comp0014,Proxy0002,6,50511,3128,3,125,187,13112
69394.57088249426,0.959,Comp0005,Mail0002,6,6130,993,7,8,174,2190
69450.65452822094,0.841,Comp0064,Mail0001,6,33868,993,5,7,362,188
69476.50021870933,0.192,Comp0061,DNS0002,17,42889,53,3,2,65,307
69494.1316250418,0.265,Proxy0001,Ext0021,6,55233,80,30,55,376,10031
69547.40355382979,19.615,Proxy0002,Ext0011,6,37181,80,7,20,355,4900
69568.45654340672,2.811,Web0001,DB0003,6,27011,3306,57,125,2135,33843
69747.52010990314,1.456,Comp0005,DC0002,6,23938,389,5,7,385,733
69804.15137638847,0.061,Proxy0002,DNS0001,17,12691,53,3,3,64,73
69847.59670391642,0.106,Comp0032,DNS0001,17,33510,53,3,3,249,196
69862.78169732571,1.334,Comp0038,DC0002,6,64606,88,6,5,257,751
69877.47695574541,12.248,Web0006,DB0002,6,20885,5432,31,44,2762,13518
69922.17872168051,0.397,Web0003,DB0002,6,52601,5432,15,59,3037,13683
69927.96554077638,8.445,Web0002,DB0004,6,19385,3306,10,32,4045,260537
69980.61382171756,0.179,Comp0034,DNS0001,17,57974,53,3,2,40,122
70178.3243089812,1.034,Web0006,DB0001,6,46953,3306,24,216,12359,5349
70187.92218143998,0.052,Comp0052,DNS0002,17,63507,53,2,3,80,71
70234.02391272681,3.046,Comp0008,Web0003,6,7670,443,5,254,2369,6981
70262.74325148853,0.046,Comp0060,DNS0001,17,56725,53,2,2,91,169
70350.58923566538,0.47,Proxy0002,Ext0014,6,43527,443,9,41,831,2626
70358.05634113113,2.557,Proxy0002,Ext0000,6,21104,443,7,42,1541,14590
70399.44131788737,28.484,Web0001,DB0004,6,36335,5432,24,44,2898,35461
70460.81872770395,1.077,Comp0070,Proxy0001,6,7333,3128,6,16,282,10472
70519.09844767854,5.362,Web0002,DB0003,6,10011,5432,29,50,4070,73420
70545.35357452046,2.577,Comp0001,Web0004,6,15243,443,6,12,936,2726
70587.42087796576,0.151,Comp0017,DNS0002,17,53840,53,2,2,89,149
70589.80514587354,0.069,Proxy0002,Ext0030,6,60264,80,24,11,3887,5966
70593.38099713963,1.699,Mail0001,Ext0014,6,65316,25,7,11,1062,314
70638.49425702763,0.006,DB0003,DNS0001,17,37198,53,3,3,44,182
70648.16843834038,2.413,Comp0042,DC0001,6,10842,389,4,3,132,500
70667.24090535186,0.057,Comp0063,DNS0001,17,54939,53,2,3,85,70
70688.74530834088,28.105,Web0005,DB0004,6,24975,5432,23,254,1555,114162
70706.47048299307,0.034,Proxy0001,Ext0027,6,5568,443,9,89,261,9334
70722.0414818338,4.701,Comp0032,Mail0001,6,41493,993,5,11,410,1173
70727.90119721123,19.481,Web0003,DB0004,6,12958,3306,39,233,1186,12135
70736.03402426644,0.165,Comp0057,DNS0001,17,9313,53,2,2,42,136
70741.1909144513,0.295,Comp0062,DNS0002,17,15919,53,2,3,118,73
70757.06830713591,5.938,Proxy0002,Ext0015,6,7838,443,5,28,779,7576
70797.55203572591,3.638,Comp0027,Proxy0001,6,5596,3128,30,21,116,2378
70862.76648834908,6.564,Comp0075,Web0006,6,56888,80,19,8,646,46245
70884.94580006864,15.651,Comp0021,DC0002,6,64045,445,57,20,972,34318
70907.55728175332,12.158,Comp0046,Web0002,6,37460,443,4,97,918,9255
70953.8831463716,1.477,Mail0001,Ext0017,6,2308,25,4,11,2404,200
70962.93648248063,10.351,Comp0052,DC0001,6,65449,445,39,74,1005,8005
71038.02959630293,3.893,Web0003,DB0001,6,55121,5432,35,69,4306,5079
71092.70595422425,18.966,Web0003,DB0001,6,24818,5432,37,84,582,63063
71137.62857310665,0.36,Comp0016,DNS0001,17,40071,53,2,3,104,323
71197.78332345381,27.249,Comp0060,DC0002,6,28407,445,17,16,829,49136
71218.27484292163,5.124,Comp0043,Proxy0002,6,64260,3128,5,58,956,1924
71240.54879167353,10.641,Web0005,DB0002,6,43374,3306,42,97,730,10999
71293.25914622225,2.442,Proxy0002,Ext0011,6,7883,443,8,21,343,1059
71405.37899057398,15.427,Proxy0001,Ext0016,6,62643,80,6,16,892,8245
71432.55089708259,0.01,Comp0073,DNS0001,17,52145,53,2,2,88,160
71443.59113774114,4.764,Comp0044,Web0004,6,2369,443,8,67,533,8159
71451.2624150576,0.057,Web0002,DB0002,6,5251,5432,21,214,1825,31032
71463.88288631763,0.662,Comp0001,DNS0001,17,36709,53,2,4,155,186
71466.9870018788,0.593,FS0001,DNS0002,17,7567,53,3,3,69,130
71473.8517562165,0.693,Comp0072,Proxy0001,6,47366,3128,13,106,645,14853
71500.82826692417,0.646,Comp0044,DNS0002,17,24171,53,3,2,72,114
71566.0814107899,0.977,Comp0075,Proxy0001,6,8717,3128,5,138,475,8927
71570.83484812499,8.531,Comp0022,DC0001,6,35248,389,9,7,63,1018
71574.00910635067,0.111,Proxy0002,Ext0019,6,65500,443,21,11,273,22468
71579.09554582452,1.665,Comp0019,Proxy0001,6,48183,3128,8,85,263,17033
71763.68549121691,31.051,DC0002,DC0001,6,9752,445,29,25,688,8961
71887.32757319849,10.598,Proxy0002,Ext0038,6,33082,443,5,41,715,5349
71925.57395134712,1.412,Mail0001,DC0002,6,19807,389,17,5,264,327
71938.78421773812,0.041,Comp0034,Web0005,6,30552,80,4,12,854,4177
71956.96233059597,0.091,Web0005,DNS0002,17,29497,53,2,2,89,123
71984.59721855071,4.214,Proxy0001,Ext0014,6,27940,80,7,26,949,16032
72027.20066714937,6.699,Proxy0001,Ext0014,6,16221,443,20,17,986,4118
72037.76118800686,20.44,Comp0064,Proxy0002,6,7008,3128,8,23,159,16832
72053.54459387843,0.099,Comp0047,DNS0001,17,5514,53,2,3,83,92
72217.24397562738,0.131,Comp0041,DNS0001,17,40251,53,4,3,73,59
72278.02566978836,54.722,Web0001,DB0001,6,62047,5432,5,114,1111,5247
72428.10543302645,5.304,Web0001,DB0004,6,17250,5432,18,62,4567,90181
72428.76334560187,0.217,Web0005,DNS0001,17,59425,53,3,2,51,95
72439.09085855224,0.226,Comp0076,DNS0001,17,62976,53,3,2,61,85
72474.55777522932,0.742,Comp0071,DNS0001,17,37283,53,2,2,54,103
72602.76402498432,4.533,Comp0063,DC0002,6,49926,389,9,2,236,1776
72615.4283861988,0.576,Proxy0002,Ext0038,6,34195,443,13,37,126,31505
72655.43630232918,4.352,Proxy0001,Ext0029,6,4104,443,13,15,585,3114
72742.62499753907,1.149,Comp0065,DC0002,6,64687,389,5,6,1049,1527
72876.78613869194,7.293,Comp0024,DC0002,6,8177,389,3,8,278,1159
72926.82624119992,0.886,Comp0047,DNS0001,17,57105,53,2,2,77,249
72965.56399772994,13.428,Comp0048,Mail0001,6,59436,587,5,13,648,357
72968.38557059786,4.953,Web0002,DB0001,6,3888,5432,39,49,701,14900
72991.70473080911,2.55,Comp0010,Proxy0001,6,6287,3128,3,14,266,8589
73059.98160600044,4.196,Mail0002,Ext0030,6,29231,25,5,25,283,414
73080.18925978587,4.153,Comp0041,DC0001,6,36996,445,33,46,1057,879
73222.0717712608,0.023,Mail0001,DNS0002,17,36222,53,3,2,55,330
73240.25656413141,0.068,DC0002,DNS0001,17,23047,53,3,3,80,78
73274.96788309194,9.422,Comp0043,DC0002,6,6505,445,9,27,3711,13601
73309.47701133577,0.479,Comp0021,DNS0002,17,64051,53,2,2,57,82
73636.26140429096,13.685,Mail0001,Ext0017,6,19881,25,4,8,864,269
73659.36418704585,0.181,FS0003,DNS0001,17,33434,53,2,2,47,107
73713.91286782266,0.001,Comp0064,Web0002,6,45528,443,7,28,460,66451
73790.74448708574,1.235,Comp0047,Web0006,6,44276,80,12,43,452,2788
73792.13543573249,0.322,FS0003,DC0001,6,41990,88,3,12,959,328
73888.99607257248,0.093,Web0003,DNS0002,17,40237,53,3,3,77,141
73990.98996940133,2.825,Web0003,DB0003,6,32755,3306,23,177,2175,26806
74039.88764664625,28.956,Comp0010,DC0001,6,20951,445,17,53,738,20030
74161.7174315362,0.492,FS0002,DC0002,6,5174,88,3,6,102,1004
74162.70621706978,0.106,Comp0065,DNS0001,17,25723,53,2,3,84,341
74205.02465940852,0.195,Web0004,DB0002,6,6592,3306,12,194,1336,28918
74216.77432701341,1.248,Proxy0002,Ext0033,6,41931,443,6,35,61,854
74295.900360063,9.059,Comp0049,Web0003,6,45020,443,10,26,1590,14037
74311.85075888154,25.197,Comp0064,Web0003,6,24587,80,15,49,304,10402
74437.8528156959,5.043,Web0003,DB0003,6,54470,3306,33,101,5748,8625
74468.39755207772,4.365,Web0003,DB0002,6,18219,3306,14,96,4764,897
74473.04577618337,2.512,Proxy0002,Ext0026,6,35580,443,9,124,400,25763
74590.49578005623,0.911,Proxy0001,Ext0010,6,21448,80,9,15,367,3978
74626.85718892573,2.786,Web0001,DC0001,6,3764,389,5,8,2102,269
74627.97103407132,1.493,DB0001,DC0001,6,12382,389,6,3,343,2313
74769.08767500278,16.251,Web0006,DB0002,6,7536,3306,9,325,2409,19181
74822.20763057075,2.059,Proxy0002,Ext0010,6,21471,443,3,32,14652,2072
74841.53116301993,9.401,Web0006,DB0002,6,40586,3306,4,62,2978,6253
74899.71416305941,2.186,Comp0040,Web0006,6,47576,443,5,12,955,993
74901.50962028663,2.833,Proxy0001,Ext0022,6,46390,80,9,13,684,10830
74973.87248360683,7.29,Web0003,DB0004,6,7973,3306,19,50,2355,23910
74993.92138243033,0.646,Comp0077,DNS0001,17,10618,53,3,3,38,105
75014.51423011198,2.437,Proxy0001,Ext0013,6,43202,443,5,33,1974,17256
75037.55589640103,3.111,Proxy0001,Ext0014,6,58877,443,9,43,2539,5038
75120.45521857163,0.745,Comp0057,DC0001,6,20871,389,18,5,824,400
75257.02350557283,2.806,Comp0005,DC0001,6,36754,88,3,7,126,682
75325.02443595485,1.386,Proxy0001,Ext0002,6,63765,443,12,42,693,13186
75460.19431411473,3.554,Comp0024,Web0001,6,55985,443,17,137,1169,2396
75544.83404955038,2.224,Mail0002,Ext0030,6,61283,25,4,12,1887,75
75556.22146719342,0.151,Proxy0002,DNS0001,17,59578,53,3,3,100,129
75693.80750731923,10.917,Web0004,DB0001,6,34044,5432,13,25,1156,21117
75753.79998918096,0.436,Web0003,DNS0002,17,44849,53,2,2,87,242
75822.73182604826,2.897,Web0001,DB0003,6,4898,3306,19,112,1747,3364
75833.47630847401,1.313,Proxy0002,Ext0000,6,5561,443,7,160,524,3812
75910.15795360079,0.065,Comp0056,DNS0002,17,41361,53,2,2,85,438
76016.97393146655,0.732,Comp0040,Web0005,6,54950,443,20,47,277,4762
76113.72594885259,11.846,Web0001,DB0002,6,13256,5432,16,59,6193,43540
76221.7385857196,50.957,Web0006,DB0002,6,22204,3306,8,346,6468,17502
76571.30210882459,3.09,Mail0001,DC0002,6,1737,389,6,8,467,2956
76595.16637324647,1.662,Comp0055,Web0005,6,17468,443,5,160,554,2861
76638.75325843952,0.333,Comp0014,Web0003,6,27327,443,4,56,510,2180
76786.72892890482,1.846,Web0001,DC0001,6,50304,389,4,7,1054,1835
76872.75735065904,8.593,Web0002,DB0003,6,57512,5432,19,96,1031,2659
76907.4486503153,18.186,Proxy0002,Ext0037,6,45555,443,14,14,396,40293
76994.69288630091,4.123,Comp0044,Web0001,6,15923,443,17,44,1285,26930
77007.21595975815,0.071,Proxy0002,Ext0037,6,43549,443,10,54,521,3970
77188.39523397338,24.81,Web0001,DB0004,6,54360,5432,142,19,1583,5924
77234.22446860888,2.806,Proxy0001,Ext0005,6,62381,443,6,138,340,2881
77279.7170424337,3.259,Comp0051,DC0002,6,36082,389,17,7,347,389
77324.19411060296,0.024,DB0003,DNS0001,17,26636,53,3,2,75,336
77339.76967303854,0.569,Web0003,DB0001,6,4871,3306,6,278,1895,20833
77366.80695593989,0.61,Proxy0001,Ext0006,6,13995,443,14,61,199,5692
77553.31071685217,13.179,Comp0044,Web0006,6,46243,443,19,12,706,8769
77558.01498150664,3.29,Proxy0002,Ext0009,6,24283,443,5,15,438,4439
77575.19987284308,0.16,Proxy0002,DNS0002,17,46140,53,3,3,50,120
77646.81849678585,12.984,Web0004,DB0004,6,36412,5432,24,25,2826,24433
77781.79095418566,6.276,Proxy0002,Ext0034,6,25027,80,15,49,469,6687
77807.91239051908,5.554,Web0005,DB0003,6,4510,3306,60,207,3430,32560
77822.11425707818,12.893,Web0003,DB0002,6,6300,5432,69,104,4123,27790
77991.8060116377,7.454,Web0003,DB0004,6,24019,5432,30,50,4468,300
78031.78722463889,0.035,Proxy0002,Ext0035,6,26595,443,7,17,336,2842
78067.00890174821,3.62,Comp0003,DC0002,6,57079,389,6,14,165,1022
78132.45644103352,0.204,Comp0039,Proxy0001,6,10036,3128,22,21,547,3350
78309.60785991194,2.58,Proxy0001,Ext0028,6,60296,443,14,62,226,5361
78389.70914746854,12.411,Web0004,DB0004,6,32045,3306,44,95,1583,20527
78459.82848393191,4.823,Web0006,DC0002,6,59888,389,4,10,434,876
78504.7135468008,20.237,Web0002,DB0001,6,46502,5432,8,134,1299,2212
78746.9716055656,6.293,Web0001,DB0004,6,16037,3306,25,24,1702,35063
78783.07917560708,1.323,DB0001,DC0002,6,49040,389,3,11,448,215
78846.84297199505,0.302,Proxy0001,DNS0002,17,33903,53,3,3,32,90
78901.86745514347,0.263,DC0001,DNS0001,17,19557,53,3,2,62,166
78951.28895811531,0.066,Mail0002,DNS0001,17,11009,53,2,3,54,150
78991.29720420734,6.816,Proxy0001,Ext0008,6,51163,443,14,102,411,10100
78991.94067276659,7.888,Proxy0001,Ext0016,6,23700,443,10,16,613,34173
79000.22393524818,7.858,Web0006,DB0001,6,57623,5432,38,65,1757,15186
79067.27081356413,1.268,Proxy0002,Ext0005,6,14254,443,16,20,496,88750
79138.26201227827,6.126,Comp0003,Web0002,6,16303,443,24,15,1345,41830
79155.63088508416,2.021,Proxy0001,Ext0010,6,18023,80,6,450,1032,6083
79271.34189887252,0.316,Comp0066,DNS0001,17,3436,53,2,3,63,98
79376.03173269058,0.688,Web0005,DNS0002,17,25939,53,4,3,74,194
79378.2967120861,4.721,Proxy0001,Ext0001,6,54231,80,8,61,955,8629
79474.97751385967,14.018,Web0003,DB0003,6,45478,5432,9,23,2522,7900
79547.37414790055,0.529,Mail0002,Ext0029,6,34180,25,4,11,295,377
79571.28116181542,0.338,Proxy0002,Ext0006,6,47064,443,8,19,2100,2834
79632.49758363354,0.281,Proxy0001,Ext0023,6,7752,80,4,30,56,6686
79712.15601409748,13.09,Web0001,DB0002,6,17758,5432,4,36,944,27256
79915.64140892118,0.896,Proxy0001,Ext0008,6,56310,443,21,117,1652,2740
80065.208017631,19.13,Web0003,DB0002,6,16361,5432,61,697,246,36767
80129.39632505845,1.889,Proxy0002,Ext0014,6,51358,80,11,7,831,13616
80205.5930293977,2.655,Mail0002,Ext0012,6,27570,25,6,21,348,1076
80210.91987418296,7.244,Web0005,DB0003,6,35691,5432,16,51,1407,8616
80215.9995508519,0.497,Proxy0001,Ext0030,6,65005,80,9,26,1221,2929
80293.44425763514,0.025,Proxy0001,DNS0001,17,18167,53,2,2,27,202
80293.73111031277,23.451,Web0006,DB0002,6,43993,5432,29,83,1037,56494
80398.58521046543,8.458,Web0005,DB0004,6,7296,5432,31,38,1504,21313
80426.67682872269,8.923,Proxy0001,Ext0006,6,15793,443,14,42,462,5222
80558.58077418926,0.628,Mail0002,Ext0034,6,33355,25,8,8,516,209
80592.64865582905,0.284,Web0004,DB0004,6,21717,3306,69,309,2386,7743
80658.86223772874,12.415,Proxy0002,Ext0003,6,45456,80,7,37,921,20413
80704.91932240801,0.056,Proxy0002,DNS0002,17,12196,53,3,2,92,250
80715.4849151928,4.266,Proxy0001,Ext0004,6,48902,80,13,32,268,13118
80801.64753982563,0.098,Web0006,DNS0002,17,50729,53,2,3,80,133
80846.69340887765,2.358,Web0004,DB0001,6,31497,3306,55,33,1867,40740
80928.69512307983,0.322,Web0003,DNS0001,17,52808,53,4,2,89,106
80974.8465255962,0.405,Web0006,DB0003,6,47294,3306,27,546,1456,5598
80988.58600188028,1.607,Web0004,DB0004,6,20457,3306,9,317,639,5221
80999.760370122,2.138,Web0003,DB0003,6,56249,3306,88,541,6355,7777
81079.24622785654,0.065,FS0002,DNS0002,17,22232,53,2,3,58,119
81089.37500546205,0.606,Web0001,DNS0002,17,43290,53,3,2,75,174
81243.12800319957,3.989,Mail0001,Ext0005,6,45933,25,4,5,160,836
81251.48891858185,7.684,Web0004,DB0003,6,46721,3306,13,28,4737,53936
81303.20607629433,0.026,DNS0002,DC0001,6,8652,389,5,3,1035,1482
81397.9525569257,2.56,Web0005,DB0004,6,5459,3306,35,98,492,5582
81559.79607914179,0.048,Web0002,DNS0001,17,13456,53,2,2,42,195
81572.29327690597,0.66,Web0006,DB0001,6,22580,3306,45,82,5107,37330
81748.82927123064,2.616,Proxy0001,Ext0034,6,37029,80,4,195,398,5565
81857.0103089283,1.191,FS0002,DC0002,6,12163,88,3,18,894,408
81963.86631758323,3.893,Mail0002,Ext0038,6,61005,25,5,3,1138,288
82001.41844239121,0.296,Proxy0002,DNS0002,17,45074,53,3,3,49,125
82074.86895090954,0.25,DC0002,DNS0002,17,14854,53,2,2,97,197
82109.36279635945,2.762,Web0002,DB0003,6,39470,3306,54,102,2196,3270
82283.80191741137,6.152,Web0003,DB0001,6,63466,3306,67,88,1376,11020
82343.84110950744,5.164,Mail0002,Ext0037,6,28589,25,12,6,589,774
82432.6494839835,5.071,Proxy0001,Ext0012,6,55649,443,6,33,1802,16399
82554.60086500997,3.796,Web0003,DB0001,6,18112,5432,20,211,712,10938
82675.53600377956,2.822,Web0002,DB0003,6,9244,3306,27,31,1442,12775
82719.41251903116,0.177,Mail0001,DNS0002,17,4659,53,3,2,69,225
82811.1521135554,8.004,Web0003,DB0001,6,7702,3306,16,53,2295,72460
82854.33145790135,0.718,Proxy0002,Ext0010,6,11952,443,15,62,285,6117
82889.92519632596,17.171,Proxy0001,Ext0007,6,23199,443,6,45,461,2740
82986.2025143956,10.975,Proxy0001,Ext0017,6,60279,443,7,8,412,9615
83101.49169313928,0.079,DC0002,DNS0002,17,3227,53,2,3,91,319
83191.27871557334,10.103,Proxy0001,Ext0013,6,21911,443,18,48,821,790
83284.36407607245,0.903,Proxy0001,Ext0004,6,45742,443,10,24,786,1385
83287.36776164296,22.574,Web0004,DB0004,6,24060,3306,33,80,872,3107
83349.39409669166,10.149,Web0003,DB0002,6,52272,5432,7,21,6588,7916
83376.77232898555,0.263,Proxy0001,Ext0006,6,31803,443,5,20,108,6317
83413.82782819423,0.046,Web0004,DNS0001,17,60794,53,2,2,72,189
83433.86699585903,5.291,Proxy0002,Ext0005,6,36248,80,3,125,2103,3171
83485.44714114208,22.204,Web0004,DB0002,6,41741,3306,10,27,6476,43153
83565.45138102538,0.47,Web0004,DC0002,6,61937,389,3,26,575,724
83628.03515583777,0.773,Web0006,DB0003,6,4647,3306,15,51,4446,3237
83648.2533049876,25.118,Web0003,DB0004,6,11765,3306,15,136,6162,11472
83901.7233633728,8.678,Mail0001,Ext0017,6,12735,25,4,9,896,2284
83912.23069709777,0.908,Web0003,DNS0002,17,6923,53,2,2,34,75
83953.99098111327,12.706,Proxy0002,Ext0004,6,31528,443,6,27,391,6308
84068.8023473413,1.081,Proxy0001,Ext0026,6,56383,80,12,10,482,5943
84165.4165600349,0.623,Proxy0001,Ext0033,6,18522,443,13,87,1055,2602
84172.30816472613,0.461,Web0002,DB0002,6,20043,5432,11,67,3269,54883
84194.09749260338,2.866,Web0006,DB0004,6,13138,3306,10,51,1003,10536
84249.75880757134,0.413,Web0005,DNS0002,17,52840,53,3,3,53,208
84368.61250926011,9.324,Proxy0002,Ext0023,6,1612,443,7,11,961,27640
84371.54409791717,3.784,Web0002,DB0003,6,50955,3306,19,155,851,29015
84489.73771771281,9.756,Web0003,DB0002,6,49918,3306,10,68,1744,140080
84583.55765225829,7.05,Web0004,DC0002,6,63306,389,4,2,311,171
85054.09605257664,0.073,Proxy0002,Ext0008,6,9558,443,15,159,265,16131
85073.13850822895,11.339,Web0004,DB0004,6,61008,5432,13,40,3703,13183
85146.37124680416,2.997,Web0006,DB0003,6,58695,3306,18,56,2363,2499
85194.83183073666,7.183,Proxy0002,Ext0022,6,54534,443,7,30,1763,6218
85539.44768505165,0.127,Web0004,DNS0002,17,8226,53,2,3,77,192
85613.14607177966,2.283,Proxy0001,Ext0031,6,8407,80,5,59,554,560
85651.31690029848,7.605,Web0006,DB0002,6,39228,3306,27,160,3529,47048
85682.09614594631,1.204,Proxy0001,Ext0033,6,17396,443,8,55,2346,7734
85780.51760796734,55.287,Web0002,DB0002,6,24559,5432,7,116,5806,14289
85911.28962679548,2.847,Proxy0002,Ext0039,6,28964,443,6,36,506,16273
86094.474801843,32.721,Web0006,DB0003,6,40696,5432,15,190,4765,20798
86300.6908231186,5.132,Proxy0001,Ext0008,6,50971,443,23,93,38,27006
86396.4,8.624,Comp0055,Web0003,6,7574,443,35,74,717,9077
86396.4,0.25,Comp0062,FS0001,6,27058,445,51,100,741,19828
